epoch,step,train/loss_epoch,train/loss_step,val/error_p,val/error_q,val/error_qq,val/error_u,val/error_v,val/error_xx,val/loss,val/loss_best
0,0,,,3.3822028636932373,3.181678295135498,2.2500052452087402,1.064813256263733,0.2883465588092804,0.5271323919296265,1.0742698907852173,1.0742698907852173
0,0,3.5444841384887695,,,,,,,,,
1,1,,,1.6409403085708618,1.3039498329162598,0.7334390878677368,0.9244260787963867,2.399531602859497,0.6668700575828552,0.6322422623634338,0.6322422623634338
1,1,1.7643400430679321,,,,,,,,,
2,2,,,0.9289025664329529,2.658778190612793,1.099420428276062,0.9309431910514832,2.7887282371520996,0.8688467741012573,0.8430273532867432,0.6322422623634338
2,2,1.2165560722351074,,,,,,,,,
3,3,,,0.9698644876480103,2.0352389812469482,0.9057762026786804,0.6234753727912903,1.8940327167510986,0.5134668350219727,0.4133915901184082,0.4133915901184082
3,3,1.4238872528076172,,,,,,,,,
4,4,,,0.9820024371147156,1.0071700811386108,0.8397121429443359,0.6237428784370422,0.6053369045257568,0.39734306931495667,0.205606609582901,0.205606609582901
4,4,0.7272754311561584,,,,,,,,,
5,5,,,1.3102387189865112,1.3009496927261353,0.730440080165863,0.7586765885353088,0.8001189231872559,0.5710707902908325,0.31635570526123047,0.205606609582901
5,5,0.24039439857006073,,,,,,,,,
6,6,,,1.446531891822815,1.410434603691101,0.7435125708580017,0.6835403442382812,1.6810636520385742,0.4873928725719452,0.38233649730682373,0.205606609582901
6,6,0.3068960905075073,,,,,,,,,
7,7,,,1.3128979206085205,0.9885727167129517,0.7372846603393555,0.7507761716842651,2.004450559616089,0.5529588460922241,0.43391939997673035,0.205606609582901
7,7,0.432778000831604,,,,,,,,,
8,8,,,1.0847138166427612,0.8035538196563721,0.8564912676811218,0.8636821508407593,1.7910491228103638,0.6388438940048218,0.443768709897995,0.205606609582901
8,8,0.49871355295181274,,,,,,,,,
9,9,,,0.9228902459144592,1.0447291135787964,0.7639814615249634,0.8501477241516113,1.284043312072754,0.6399468183517456,0.3662342429161072,0.205606609582901
9,9,0.4789038896560669,,,,,,,,,
10,10,,,0.8718026876449585,1.0861997604370117,0.7396351099014282,0.838813304901123,0.6933282613754272,0.6238875389099121,0.307949036359787,0.205606609582901
10,10,0.3715444803237915,,,,,,,,,
11,11,,,0.8718511462211609,0.8854248523712158,0.74537593126297,0.8450477719306946,0.14250077307224274,0.5949089527130127,0.27760133147239685,0.205606609582901
11,11,0.2726127505302429,,,,,,,,,
12,12,,,0.890306293964386,0.7762892842292786,0.7933242917060852,0.7819780111312866,0.3446882963180542,0.5288011431694031,0.24781844019889832,0.205606609582901
12,12,0.20486120879650116,,,,,,,,,
13,13,,,1.0333038568496704,0.8775980472564697,0.8459281921386719,0.6791655421257019,0.7046822309494019,0.45028048753738403,0.23424981534481049,0.205606609582901
13,13,0.14839701354503632,,,,,,,,,
14,14,,,1.3301918506622314,0.9307042956352234,0.7565096616744995,0.6186796426773071,0.9235903024673462,0.4050385653972626,0.24339288473129272,0.205606609582901
14,14,0.13480590283870697,,,,,,,,,
15,15,,,1.5870143175125122,0.8920131325721741,0.715869128704071,0.603417694568634,0.9778288006782532,0.37735962867736816,0.26032182574272156,0.205606609582901
15,15,0.17945082485675812,,,,,,,,,
16,16,,,1.6278420686721802,0.8754440546035767,0.711044192314148,0.6038298010826111,0.8789668679237366,0.34668025374412537,0.2516917884349823,0.205606609582901
16,16,0.2263725996017456,,,,,,,,,
17,17,,,1.4414374828338623,0.8937260508537292,0.7252594232559204,0.6279997825622559,0.67097407579422,0.3347705900669098,0.22474822402000427,0.205606609582901
17,17,0.2215193808078766,,,,,,,,,
18,18,,,1.1567959785461426,0.8994128108024597,0.8396928310394287,0.6667625308036804,0.41305437684059143,0.353374719619751,0.20987148582935333,0.205606609582901
18,18,0.18031617999076843,,,,,,,,,
19,19,,,0.9490869641304016,0.8922367095947266,0.9012946486473083,0.6808368563652039,0.18777050077915192,0.3803393542766571,0.20279920101165771,0.20279920101165771
19,19,0.1490180492401123,,,,,,,,,
20,20,,,0.8825159072875977,0.88821941614151,0.8011159300804138,0.6519984602928162,0.2064451426267624,0.39717617630958557,0.18624520301818848,0.18624520301818848
20,20,0.14329084753990173,,,,,,,,,
21,21,,,0.8783013820648193,0.8982841968536377,0.776716411113739,0.6048872470855713,0.360529363155365,0.40546682476997375,0.1784457564353943,0.1784457564353943
21,21,0.14492563903331757,,,,,,,,,
22,22,,,0.8988655805587769,0.930263102054596,0.7938544750213623,0.5789281129837036,0.4768601953983307,0.41418543457984924,0.18179239332675934,0.1784457564353943
22,22,0.13969653844833374,,,,,,,,,
23,23,,,0.9709034562110901,0.9550608992576599,0.8229494690895081,0.5834476351737976,0.5357303023338318,0.42552614212036133,0.1949053555727005,0.1784457564353943
23,23,0.13241508603096008,,,,,,,,,
24,24,,,1.0801535844802856,0.9267122149467468,0.8471176028251648,0.5996910333633423,0.5361655354499817,0.43543368577957153,0.20906704664230347,0.1784457564353943
24,24,0.1282694935798645,,,,,,,,,
25,25,,,1.1686331033706665,0.862089216709137,0.8472228646278381,0.6196779608726501,0.4805056154727936,0.44378530979156494,0.21778404712677002,0.1784457564353943
25,25,0.12286539375782013,,,,,,,,,
26,26,,,1.19894278049469,0.842414379119873,0.8148559927940369,0.6474599242210388,0.3742523193359375,0.4551626741886139,0.22213026881217957,0.1784457564353943
26,26,0.11490757018327713,,,,,,,,,
27,27,,,1.1754834651947021,0.8828177452087402,0.7975540161132812,0.6755663156509399,0.22906255722045898,0.4674394428730011,0.2258785367012024,0.1784457564353943
27,27,0.11033541709184647,,,,,,,,,
28,28,,,1.127835988998413,0.9000818729400635,0.8098536133766174,0.6886324286460876,0.06816665828227997,0.4720032513141632,0.22599780559539795,0.1784457564353943
28,28,0.10941080003976822,,,,,,,,,
29,29,,,1.0844571590423584,0.8645151853561401,0.853062093257904,0.6834682822227478,0.11040976643562317,0.46583589911460876,0.22303172945976257,0.1784457564353943
29,29,0.10492099076509476,,,,,,,,,
30,30,,,1.0571563243865967,0.8497426509857178,0.8971686363220215,0.6696430444717407,0.2485894411802292,0.453256756067276,0.22044137120246887,0.1784457564353943
30,30,0.0964612290263176,,,,,,,,,
31,31,,,1.0425111055374146,0.8988189101219177,0.8866837024688721,0.6558842658996582,0.3488191068172455,0.438370943069458,0.21591567993164062,0.1784457564353943
31,31,0.09259048104286194,,,,,,,,,
32,32,,,1.0323162078857422,0.9389077425003052,0.8603810667991638,0.6460210680961609,0.4002911448478699,0.4233134388923645,0.21037040650844574,0.1784457564353943
32,32,0.09587457031011581,,,,,,,,,
33,33,,,1.0240648984909058,0.9160932898521423,0.8781269788742065,0.6441627144813538,0.4010051488876343,0.41166946291923523,0.2080536186695099,0.1784457564353943
33,33,0.09838468581438065,,,,,,,,,
34,34,,,1.023857593536377,0.8711593151092529,0.9097894430160522,0.6524824500083923,0.35580259561538696,0.40665358304977417,0.20926152169704437,0.1784457564353943
34,34,0.09503818303346634,,,,,,,,,
35,35,,,1.041095495223999,0.859573245048523,0.9038962125778198,0.6650299429893494,0.27588534355163574,0.40663859248161316,0.21062882244586945,0.1784457564353943
35,35,0.08996567875146866,,,,,,,,,
36,36,,,1.0804067850112915,0.8651484251022339,0.8718069195747375,0.6717988848686218,0.1791049838066101,0.4070856273174286,0.21074286103248596,0.1784457564353943
36,36,0.08729766309261322,,,,,,,,,
37,37,,,1.1332489252090454,0.8534073233604431,0.8391388058662415,0.66851806640625,0.09693180024623871,0.4059866666793823,0.20965556800365448,0.1784457564353943
37,37,0.08567356318235397,,,,,,,,,
38,38,,,1.1755751371383667,0.8335921764373779,0.816626787185669,0.6594409942626953,0.09693173319101334,0.40499988198280334,0.20815081894397736,0.1784457564353943
38,38,0.08366677910089493,,,,,,,,,
39,39,,,1.1809654235839844,0.8248467445373535,0.813418984413147,0.6519913673400879,0.15139003098011017,0.406352698802948,0.20707151293754578,0.1784457564353943
39,39,0.08249587565660477,,,,,,,,,
40,40,,,1.1413826942443848,0.8217905163764954,0.8346532583236694,0.6508291363716125,0.195058673620224,0.4105552136898041,0.20673437416553497,0.1784457564353943
40,40,0.08203251659870148,,,,,,,,,
41,41,,,1.0752803087234497,0.8168972134590149,0.8717974424362183,0.6568084955215454,0.21550506353378296,0.41705581545829773,0.2078111469745636,0.1784457564353943
41,41,0.08037929981946945,,,,,,,,,
42,42,,,1.0139402151107788,0.814976155757904,0.8982508778572083,0.6682796478271484,0.21278509497642517,0.42515361309051514,0.21006160974502563,0.1784457564353943
42,42,0.07787937670946121,,,,,,,,,
43,43,,,0.9789125323295593,0.8195053935050964,0.8942781686782837,0.6808974742889404,0.18974654376506805,0.43314242362976074,0.2117813676595688,0.1784457564353943
43,43,0.07671516388654709,,,,,,,,,
44,44,,,0.9745038151741028,0.8311447501182556,0.8937892317771912,0.6885831356048584,0.14994941651821136,0.4379418194293976,0.2140936255455017,0.1784457564353943
44,44,0.07677914202213287,,,,,,,,,
45,45,,,0.9964701533317566,0.8510447144508362,0.903308629989624,0.6879025101661682,0.09773711860179901,0.4373765289783478,0.21613943576812744,0.1784457564353943
45,45,0.07584411650896072,,,,,,,,,
46,46,,,1.0354865789413452,0.8717266321182251,0.9065299034118652,0.681003749370575,0.04049118608236313,0.43228432536125183,0.2166207879781723,0.1784457564353943
46,46,0.07336682826280594,,,,,,,,,
47,47,,,1.0759673118591309,0.8819872140884399,0.8945144414901733,0.673025906085968,0.03597426414489746,0.42529410123825073,0.21536128222942352,0.1784457564353943
47,47,0.07093358039855957,,,,,,,,,
48,48,,,1.1029913425445557,0.8835983872413635,0.8805326223373413,0.6680673956871033,0.09028641134500504,0.4186023771762848,0.21393632888793945,0.1784457564353943
48,48,0.06948734819889069,,,,,,,,,
49,49,,0.06861335039138794,,,,,,,,
49,49,,,1.11106538772583,0.8844984173774719,0.8721055388450623,0.668411910533905,0.1381971389055252,0.41375023126602173,0.21344569325447083,0.1784457564353943
49,49,0.06861335039138794,,,,,,,,,
50,50,,,1.1043180227279663,0.8809782862663269,0.8711883425712585,0.6741232872009277,0.17220021784305573,0.41141360998153687,0.2141658067703247,0.1784457564353943
50,50,0.06794113665819168,,,,,,,,,
51,51,,,1.089992642402649,0.8673737049102783,0.8779168725013733,0.6814610362052917,0.1891840100288391,0.41011226177215576,0.21514928340911865,0.1784457564353943
51,51,0.0673748180270195,,,,,,,,,
52,52,,,1.0729706287384033,0.8517854809761047,0.8862333297729492,0.6851685047149658,0.1880297213792801,0.4073127508163452,0.21461188793182373,0.1784457564353943
52,52,0.0665825754404068,,,,,,,,,
53,53,,,1.055401086807251,0.8426500558853149,0.8908225893974304,0.6840416789054871,0.1693122535943985,0.4028376042842865,0.21214522421360016,0.1784457564353943
53,53,0.06541189551353455,,,,,,,,,
54,54,,,1.0395461320877075,0.8354299068450928,0.8936595916748047,0.6822893619537354,0.13544434309005737,0.39956843852996826,0.20964208245277405,0.1784457564353943
54,54,0.06418056041002274,,,,,,,,,
55,55,,,1.0295543670654297,0.8262935876846313,0.8962259292602539,0.6853046417236328,0.0916115865111351,0.40050965547561646,0.20946118235588074,0.1784457564353943
55,55,0.06307438015937805,,,,,,,,,
56,56,,,1.0300718545913696,0.8203073740005493,0.8955824375152588,0.6957173943519592,0.04990081489086151,0.4065127968788147,0.21278116106987,0.1784457564353943
56,56,0.061836127191782,,,,,,,,,
57,57,,,1.0429925918579102,0.8208128809928894,0.8894712328910828,0.7121710777282715,0.04415689408779144,0.4162527918815613,0.21919715404510498,0.1784457564353943
57,57,0.06036132946610451,,,,,,,,,
58,58,,,1.0644415616989136,0.8255957961082458,0.8794932961463928,0.7292208075523376,0.06891179829835892,0.4264829158782959,0.22654056549072266,0.1784457564353943
58,58,0.05914855748414993,,,,,,,,,
59,59,,,1.0844064950942993,0.832503080368042,0.8707576394081116,0.7401488423347473,0.08383741974830627,0.4332581162452698,0.23176418244838715,0.1784457564353943
59,59,0.05857059359550476,,,,,,,,,
60,60,,,1.0917980670928955,0.8402464985847473,0.8692059516906738,0.742582380771637,0.07922710478305817,0.43489527702331543,0.23333320021629333,0.1784457564353943
60,60,0.0581061914563179,,,,,,,,,
61,61,,,1.0824390649795532,0.8469691872596741,0.877209484577179,0.7404070496559143,0.05686379596590996,0.43314328789711,0.23246917128562927,0.1784457564353943
61,61,0.05711650475859642,,,,,,,,,
62,62,,,1.0622230768203735,0.8510110378265381,0.8910019993782043,0.7395889759063721,0.027512433007359505,0.4309646487236023,0.2315896451473236,0.1784457564353943
62,62,0.055736295878887177,,,,,,,,,
63,63,,,1.042284607887268,0.8518596887588501,0.9030046463012695,0.7434726357460022,0.03407858684659004,0.43028271198272705,0.2322179526090622,0.1784457564353943
63,63,0.05432143434882164,,,,,,,,,
64,64,,,1.0314838886260986,0.850413978099823,0.907893717288971,0.7510308623313904,0.0674026608467102,0.43112263083457947,0.23424406349658966,0.1784457564353943
64,64,0.05303432047367096,,,,,,,,,
65,65,,,1.0326496362686157,0.8476762175559998,0.9058312773704529,0.7576271891593933,0.09470321238040924,0.4314410388469696,0.23613643646240234,0.1784457564353943
65,65,0.05210553854703903,,,,,,,,,
66,66,,,1.043168544769287,0.844039261341095,0.8989785313606262,0.759122908115387,0.10893019288778305,0.4291103184223175,0.23624096810817719,0.1784457564353943
66,66,0.05147111788392067,,,,,,,,,
67,67,,,1.0572967529296875,0.8408612012863159,0.8893256187438965,0.7565526366233826,0.10777150094509125,0.42489394545555115,0.2347591519355774,0.1784457564353943
67,67,0.050699081271886826,,,,,,,,,
68,68,,,1.0687285661697388,0.8392161726951599,0.8804028034210205,0.7554783821105957,0.09216240048408508,0.42209339141845703,0.2337908297777176,0.1784457564353943
68,68,0.04974298179149628,,,,,,,,,
69,69,,,1.0726842880249023,0.8375983238220215,0.8764488101005554,0.7608128786087036,0.0663633644580841,0.42333319783210754,0.23524853587150574,0.1784457564353943
69,69,0.04876752197742462,,,,,,,,,
70,70,,,1.0672752857208252,0.8350121378898621,0.8791329264640808,0.7728413343429565,0.03821085765957832,0.4285218417644501,0.23929652571678162,0.1784457564353943
70,70,0.04761245474219322,,,,,,,,,
71,71,,,1.0544377565383911,0.83299320936203,0.8863425850868225,0.7870050072669983,0.022507812827825546,0.43498924374580383,0.2442442625761032,0.1784457564353943
71,71,0.04634861275553703,,,,,,,,,
72,72,,,1.0397950410842896,0.832526445388794,0.8939818143844604,0.7975757718086243,0.02877577394247055,0.4393589496612549,0.24783264100551605,0.1784457564353943
72,72,0.04536410793662071,,,,,,,,,
73,73,,,1.0303047895431519,0.8331122994422913,0.8984832763671875,0.802908718585968,0.03447344899177551,0.4403989017009735,0.24938100576400757,0.1784457564353943
73,73,0.04462946951389313,,,,,,,,,
74,74,,,1.030521273612976,0.8341325521469116,0.8982606530189514,0.8066601157188416,0.03181037679314613,0.43980008363723755,0.2503908574581146,0.1784457564353943
74,74,0.04385250434279442,,,,,,,,,
75,75,,,1.0398199558258057,0.8348576426506042,0.8934077620506287,0.8136441707611084,0.025477934628725052,0.4400428533554077,0.2527441680431366,0.1784457564353943
75,75,0.042908117175102234,,,,,,,,,
76,76,,,1.0521091222763062,0.8346810340881348,0.886297881603241,0.8252161145210266,0.029596908017992973,0.44218897819519043,0.25690317153930664,0.1784457564353943
76,76,0.04177641496062279,,,,,,,,,
77,77,,,1.059139609336853,0.8336854577064514,0.8813088536262512,0.8381173014640808,0.04750887304544449,0.4451141059398651,0.2615286409854889,0.1784457564353943
77,77,0.04065027832984924,,,,,,,,,
78,78,,,1.0564104318618774,0.8323268294334412,0.8811379075050354,0.8476398587226868,0.06812549382448196,0.44664570689201355,0.26464250683784485,0.1784457564353943
78,78,0.03975394368171692,,,,,,,,,
79,79,,,1.046400547027588,0.8306560516357422,0.8849207758903503,0.8526362776756287,0.08351173251867294,0.4462414085865021,0.2657996118068695,0.1784457564353943
79,79,0.03896592557430267,,,,,,,,,
80,80,,,1.0355838537216187,0.8287568688392639,0.8898108601570129,0.8567493557929993,0.08862723410129547,0.44588494300842285,0.2666822671890259,0.1784457564353943
80,80,0.03812175616621971,,,,,,,,,
81,81,,,1.0289047956466675,0.8276574015617371,0.893193244934082,0.8643284440040588,0.08200372010469437,0.4477975070476532,0.2692306935787201,0.1784457564353943
81,81,0.03723626956343651,,,,,,,,,
82,82,,,1.0273187160491943,0.8279769420623779,0.8940223455429077,0.8759558200836182,0.06695671379566193,0.45200154185295105,0.27369046211242676,0.1784457564353943
82,82,0.03630007058382034,,,,,,,,,
83,83,,,1.029172658920288,0.8293994665145874,0.8924384117126465,0.8880388140678406,0.051019880920648575,0.45621123909950256,0.27842557430267334,0.1784457564353943
83,83,0.03534397855401039,,,,,,,,,
84,84,,,1.032434344291687,0.8313871026039124,0.8891233205795288,0.8965460658073425,0.04181250184774399,0.4579616189002991,0.2815333306789398,0.1784457564353943
84,84,0.03448379039764404,,,,,,,,,
85,85,,,1.0352948904037476,0.8319054841995239,0.8859733939170837,0.9011095762252808,0.03955431282520294,0.4570229947566986,0.2827797532081604,0.1784457564353943
85,85,0.03372986242175102,,,,,,,,,
86,86,,,1.0356436967849731,0.8291166424751282,0.8849155306816101,0.9050715565681458,0.03986227884888649,0.45546382665634155,0.28363680839538574,0.1784457564353943
86,86,0.03298073634505272,,,,,,,,,
87,87,,,1.0318015813827515,0.8244186639785767,0.8858863711357117,0.9117547273635864,0.043470703065395355,0.4554838538169861,0.28558349609375,0.1784457564353943
87,87,0.032174427062273026,,,,,,,,,
88,88,,,1.0247801542282104,0.820345401763916,0.8871954679489136,0.9213507771492004,0.0526767261326313,0.45757874846458435,0.2888108789920807,0.1784457564353943
88,88,0.03135671094059944,,,,,,,,,
89,89,,,1.018884539604187,0.8183746933937073,0.8870930671691895,0.9314146041870117,0.06444066762924194,0.46057140827178955,0.29245156049728394,0.1784457564353943
89,89,0.030616464093327522,,,,,,,,,
90,90,,,1.0185096263885498,0.8186624646186829,0.8852742314338684,0.9400041103363037,0.07324002683162689,0.4632358253002167,0.2958354949951172,0.1784457564353943
90,90,0.029962338507175446,,,,,,,,,
91,91,,,1.0237364768981934,0.819846510887146,0.8826939463615417,0.9477939605712891,0.0754779577255249,0.4656432867050171,0.29922348260879517,0.1784457564353943
91,91,0.029320675879716873,,,,,,,,,
92,92,,,1.02922523021698,0.820724368095398,0.8807709813117981,0.9567975401878357,0.07088423520326614,0.46857380867004395,0.3032039999961853,0.1784457564353943
92,92,0.028679562732577324,,,,,,,,,
93,93,,,1.0285395383834839,0.821094810962677,0.8808721303939819,0.967578113079071,0.062168415635824203,0.4720021188259125,0.3076746165752411,0.1784457564353943
93,93,0.028087103739380836,,,,,,,,,
94,94,,,1.0205450057983398,0.8208476305007935,0.8826539516448975,0.9783645868301392,0.053392473608255386,0.47472307085990906,0.311678022146225,0.1784457564353943
94,94,0.027531547471880913,,,,,,,,,
95,95,,,1.0105904340744019,0.819606602191925,0.8842146992683411,0.9869285225868225,0.047629669308662415,0.47556057572364807,0.31435856223106384,0.1784457564353943
95,95,0.027006808668375015,,,,,,,,,
96,96,,,1.0049678087234497,0.8173518776893616,0.8846400380134583,0.993020236492157,0.04555853456258774,0.4748181104660034,0.3160117566585541,0.1784457564353943
96,96,0.02654341049492359,,,,,,,,,
97,97,,,1.0053470134735107,0.8151977062225342,0.8841072916984558,0.9986298084259033,0.04651207476854324,0.47428032755851746,0.31788158416748047,0.1784457564353943
97,97,0.02613093890249729,,,,,,,,,
98,98,,,1.0084346532821655,0.8144420981407166,0.8825686573982239,1.0058737993240356,0.05003751441836357,0.47568029165267944,0.3209232985973358,0.1784457564353943
98,98,0.025753730908036232,,,,,,,,,
99,99,,0.025401964783668518,,,,,,,,
99,99,,,1.009940505027771,0.8153425455093384,0.8805023431777954,1.0149234533309937,0.055688075721263885,0.4792325496673584,0.32502228021621704,0.1784457564353943
99,99,0.025401964783668518,,,,,,,,,
100,100,,,1.0084253549575806,0.8166835904121399,0.8791648149490356,1.0240678787231445,0.06220103055238724,0.4835685193538666,0.32924020290374756,0.1784457564353943
100,100,0.025078536942601204,,,,,,,,,
101,101,,,1.0052883625030518,0.8165184855461121,0.8794026374816895,1.0315909385681152,0.06757429987192154,0.4869813919067383,0.3326643705368042,0.1784457564353943
101,101,0.024808872491121292,,,,,,,,,
102,102,,,1.0020976066589355,0.8147317171096802,0.8805593848228455,1.0373469591140747,0.06995569169521332,0.48872625827789307,0.33509254455566406,0.1784457564353943
102,102,0.024585699662566185,,,,,,,,,
103,103,,,0.9992657899856567,0.8129914999008179,0.8811320662498474,1.0425045490264893,0.06866057217121124,0.4892258942127228,0.33698543906211853,0.1784457564353943
103,103,0.024394866079092026,,,,,,,,,
104,104,,,0.9970192909240723,0.812410295009613,0.8804933428764343,1.0480804443359375,0.06469138711690903,0.48933732509613037,0.33891457319259644,0.1784457564353943
104,104,0.024226170033216476,,,,,,,,,
105,105,,,0.9961020350456238,0.8128486275672913,0.8792503476142883,1.054013729095459,0.06026666238903999,0.48965150117874146,0.3411007523536682,0.1784457564353943
105,105,0.024073166772723198,,,,,,,,,
106,106,,,0.9966550469398499,0.8132431507110596,0.8785065412521362,1.0596356391906738,0.05743718892335892,0.490427702665329,0.34342995285987854,0.1784457564353943
106,106,0.0239608995616436,,,,,,,,,
107,107,,,0.9970866441726685,0.8130335211753845,0.8788250088691711,1.0647748708724976,0.056987207382917404,0.4919303357601166,0.3458220064640045,0.1784457564353943
107,107,0.023883789777755737,,,,,,,,,
108,108,,,0.9952889680862427,0.8129063248634338,0.8796661496162415,1.0700371265411377,0.05867994204163551,0.4944479763507843,0.34840646386146545,0.1784457564353943
108,108,0.02381109446287155,,,,,,,,,
109,109,,,0.9912709593772888,0.8134873509407043,0.880074143409729,1.075894832611084,0.06180379539728165,0.4978085160255432,0.35126793384552,0.1784457564353943
109,109,0.023743772879242897,,,,,,,,,
110,110,,,0.9876711368560791,0.8145413994789124,0.8799644112586975,1.0817925930023193,0.06515873223543167,0.5010901093482971,0.3541432321071625,0.1784457564353943
110,110,0.023693662136793137,,,,,,,,,
111,111,,,0.9870467185974121,0.8153792023658752,0.880065381526947,1.0865029096603394,0.06732793897390366,0.5031574964523315,0.35649165511131287,0.1784457564353943
111,111,0.023660996928811073,,,,,,,,,
112,112,,,0.9890618920326233,0.8156941533088684,0.8805265426635742,1.089443564414978,0.06738761067390442,0.5036789774894714,0.3579714596271515,0.1784457564353943
112,112,0.023631246760487556,,,,,,,,,
113,113,,,0.9907901287078857,0.8157972693443298,0.8808408975601196,1.0914058685302734,0.06535372883081436,0.5035321116447449,0.35886141657829285,0.1784457564353943
113,113,0.023600945249199867,,,,,,,,,
114,114,,,0.989841878414154,0.8160001039505005,0.8808119297027588,1.0937174558639526,0.06209908053278923,0.5039987564086914,0.3598206043243408,0.1784457564353943
114,114,0.023576347157359123,,,,,,,,,
115,115,,,0.9867927432060242,0.8162616491317749,0.8806846737861633,1.0967612266540527,0.05887001007795334,0.5055276155471802,0.36117255687713623,0.1784457564353943
115,115,0.023548468947410583,,,,,,,,,
116,116,,,0.9841817617416382,0.8165149092674255,0.8809065818786621,1.0996164083480835,0.05664897710084915,0.5074031949043274,0.3625968098640442,0.1784457564353943
116,116,0.023517189547419548,,,,,,,,,
117,117,,,0.9836756587028503,0.8170791268348694,0.8817095756530762,1.1012378931045532,0.055800698697566986,0.5086501240730286,0.36358642578125,0.1784457564353943
117,117,0.023489829152822495,,,,,,,,,
118,118,,,0.9847784638404846,0.8183090686798096,0.8827511072158813,1.1016998291015625,0.056208688765764236,0.5090970396995544,0.36407458782196045,0.1784457564353943
118,118,0.023459913209080696,,,,,,,,,
119,119,,,0.98592209815979,0.8200178146362305,0.8835844397544861,1.101986050605774,0.05750589072704315,0.5093898773193359,0.36445778608322144,0.1784457564353943
119,119,0.023421138525009155,,,,,,,,,
120,120,,,0.9861369132995605,0.8215597867965698,0.8842200040817261,1.1027138233184814,0.059125758707523346,0.5100970268249512,0.36503350734710693,0.1784457564353943
120,120,0.023377761244773865,,,,,,,,,
121,121,,,0.9855095148086548,0.8224744200706482,0.8849340677261353,1.1034882068634033,0.0604068897664547,0.5110982060432434,0.3656291961669922,0.1784457564353943
121,121,0.023335758596658707,,,,,,,,,
122,122,,,0.9845486283302307,0.8230350017547607,0.8857786059379578,1.1036397218704224,0.06082751601934433,0.5119307041168213,0.3659093976020813,0.1784457564353943
122,122,0.02329193986952305,,,,,,,,,
123,123,,,0.9836898446083069,0.823876142501831,0.886615514755249,1.1032142639160156,0.06022632122039795,0.5124608278274536,0.36589452624320984,0.1784457564353943
123,123,0.023241925984621048,,,,,,,,,
124,124,,,0.9833243489265442,0.8252423405647278,0.887416660785675,1.102829933166504,0.05890916287899017,0.512915313243866,0.3659192621707916,0.1784457564353943
124,124,0.023189570754766464,,,,,,,,,
125,125,,,0.9837444424629211,0.8268337845802307,0.8882872462272644,1.1026923656463623,0.057536352425813675,0.5133643746376038,0.36610734462738037,0.1784457564353943
125,125,0.023136984556913376,,,,,,,,,
126,126,,,0.9847633242607117,0.8281908631324768,0.8892706036567688,1.1022405624389648,0.05676858499646187,0.513540506362915,0.36615145206451416,0.1784457564353943
126,126,0.023083198815584183,,,,,,,,,
127,127,,,0.9856266379356384,0.8291494846343994,0.8902362585067749,1.100947380065918,0.0569416768848896,0.5133042335510254,0.3657410740852356,0.1784457564353943
127,127,0.02302960492670536,,,,,,,,,
128,128,,,0.9856563210487366,0.8299079537391663,0.891022264957428,1.0991454124450684,0.0579700842499733,0.5130526423454285,0.36504927277565,0.1784457564353943
128,128,0.02297622337937355,,,,,,,,,
129,129,,,0.9850051403045654,0.8307574987411499,0.8916571736335754,1.0976775884628296,0.05940224975347519,0.5133594870567322,0.364568293094635,0.1784457564353943
129,129,0.022922536358237267,,,,,,,,,
130,130,,,0.9845516085624695,0.8318823575973511,0.8923720717430115,1.096815824508667,0.06064194068312645,0.5142314434051514,0.364490270614624,0.1784457564353943
130,130,0.022869450971484184,,,,,,,,,
131,131,,,0.9849721789360046,0.8333126902580261,0.8933461904525757,1.095914602279663,0.061290524899959564,0.5149834156036377,0.36445561051368713,0.1784457564353943
131,131,0.02281837724149227,,,,,,,,,
132,132,,,0.9860380291938782,0.8349162340164185,0.8944830894470215,1.0942610502243042,0.06129832565784454,0.5149698853492737,0.36400002241134644,0.1784457564353943
132,132,0.0227695032954216,,,,,,,,,
133,133,,,0.9868881106376648,0.8364257216453552,0.8955250382423401,1.0919773578643799,0.060848306864500046,0.5142905116081238,0.36311087012290955,0.1784457564353943
133,133,0.022721439599990845,,,,,,,,,
134,134,,,0.9869218468666077,0.8375923037528992,0.8963218331336975,1.0898219347000122,0.06020330265164375,0.5136221647262573,0.3621918559074402,0.1784457564353943
134,134,0.02267472632229328,,,,,,,,,
135,135,,,0.9863483309745789,0.8384071588516235,0.896925687789917,1.0882411003112793,0.059639643877744675,0.5134507417678833,0.36155298352241516,0.1784457564353943
135,135,0.022630449384450912,,,,,,,,,
136,136,,,0.9858973622322083,0.8391440510749817,0.897511899471283,1.086951732635498,0.059387363493442535,0.5136675238609314,0.36112725734710693,0.1784457564353943
136,136,0.022588346153497696,,,,,,,,,
137,137,,,0.9861150979995728,0.8401160836219788,0.898228645324707,1.085496425628662,0.05953947827219963,0.5139068961143494,0.36070531606674194,0.1784457564353943
137,137,0.022548023611307144,,,,,,,,,
138,138,,,0.9869492650032043,0.8413896560668945,0.8990728855133057,1.0838887691497803,0.06001067906618118,0.5140408277511597,0.3602611720561981,0.1784457564353943
138,138,0.022508928552269936,,,,,,,,,
139,139,,,0.987885057926178,0.8427456021308899,0.8999199271202087,1.082485318183899,0.06060555949807167,0.5141915082931519,0.3599132299423218,0.1784457564353943
139,139,0.022471334785223007,,,,,,,,,
140,140,,,0.9883971810340881,0.8439056277275085,0.900651216506958,1.081390619277954,0.06114310026168823,0.5143983960151672,0.3596581518650055,0.1784457564353943
140,140,0.02243545465171337,,,,,,,,,
141,141,,,0.988322913646698,0.8447794914245605,0.9012275338172913,1.0803050994873047,0.06152239814400673,0.5145108103752136,0.35932403802871704,0.1784457564353943
141,141,0.022400908172130585,,,,,,,,,
142,142,,,0.9879136085510254,0.8455033302307129,0.901695191860199,1.0790016651153564,0.06169603765010834,0.5144509077072144,0.35882696509361267,0.1784457564353943
142,142,0.02236754819750786,,,,,,,,,
143,143,,,0.9875829815864563,0.8462827205657959,0.9021548628807068,1.0776937007904053,0.06165137514472008,0.5144003033638,0.3583357334136963,0.1784457564353943
143,143,0.022334909066557884,,,,,,,,,
144,144,,,0.9875875115394592,0.8472312688827515,0.9026827812194824,1.0767492055892944,0.06145785376429558,0.514587938785553,0.35807666182518005,0.1784457564353943
144,144,0.022302910685539246,,,,,,,,,
145,145,,,0.9878786206245422,0.848312497138977,0.9032670259475708,1.076171875,0.061292558908462524,0.5149701833724976,0.35803648829460144,0.1784457564353943
145,145,0.02227161079645157,,,,,,,,,
146,146,,,0.988202691078186,0.8493804335594177,0.9038286209106445,1.07559072971344,0.061353761702775955,0.5152730345726013,0.3579775094985962,0.1784457564353943
146,146,0.022240987047553062,,,,,,,,,
147,147,,,0.9883238673210144,0.8502785563468933,0.9042949676513672,1.074763536453247,0.06172223761677742,0.5153552889823914,0.35774514079093933,0.1784457564353943
147,147,0.022210799157619476,,,,,,,,,
148,148,,,0.9881854057312012,0.8509567975997925,0.9046511650085449,1.0738967657089233,0.06229502707719803,0.5154035687446594,0.35745739936828613,0.1784457564353943
148,148,0.022180646657943726,,,,,,,,,
149,149,,0.022150728851556778,,,,,,,,
149,149,,,0.987922728061676,0.8515264987945557,0.9049433469772339,1.0733600854873657,0.06284970790147781,0.5156955122947693,0.3573397397994995,0.1784457564353943
149,149,0.022150728851556778,,,,,,,,,
150,150,,,0.9877504706382751,0.8521801233291626,0.9052465558052063,1.0732144117355347,0.06319280713796616,0.5162535905838013,0.3574468493461609,0.1784457564353943
150,150,0.022121155634522438,,,,,,,,,
151,151,,,0.9877980351448059,0.8530236482620239,0.905611515045166,1.0731747150421143,0.06326659768819809,0.5168306827545166,0.3576244115829468,0.1784457564353943
151,151,0.022091709077358246,,,,,,,,,
152,152,,,0.9879873991012573,0.8539782762527466,0.9060213565826416,1.0730026960372925,0.06313266605138779,0.5172159075737,0.3577207922935486,0.1784457564353943
152,152,0.02206231839954853,,,,,,,,,
153,153,,,0.9880651831626892,0.8548567891120911,0.9064021110534668,1.072772741317749,0.06289568543434143,0.5174533128738403,0.35774746537208557,0.1784457564353943
153,153,0.02203298732638359,,,,,,,,,
154,154,,,0.9878164529800415,0.8555455207824707,0.9066838622093201,1.0726972818374634,0.06265904009342194,0.5177303552627563,0.35780856013298035,0.1784457564353943
154,154,0.022003773599863052,,,,,,,,,
155,155,,,0.9872951507568359,0.8561025261878967,0.906866192817688,1.0728185176849365,0.06251128762960434,0.5181421041488647,0.35794854164123535,0.1784457564353943
155,155,0.021974707022309303,,,,,,,,,
156,156,,,0.9868137240409851,0.8566810488700867,0.9070295691490173,1.072994351387024,0.06250298023223877,0.5186377763748169,0.358132004737854,0.1784457564353943
156,156,0.02194582112133503,,,,,,,,,
157,157,,,0.9866526126861572,0.8573779463768005,0.9072598218917847,1.0731327533721924,0.06261754781007767,0.5191521048545837,0.35833629965782166,0.1784457564353943
157,157,0.021917104721069336,,,,,,,,,
158,158,,,0.9867837429046631,0.8581621646881104,0.9075570106506348,1.0733011960983276,0.06278283149003983,0.5196874141693115,0.3585857152938843,0.1784457564353943
158,158,0.021888457238674164,,,,,,,,,
159,159,,,0.9869096279144287,0.8589242696762085,0.9078399538993835,1.0735747814178467,0.06292577087879181,0.5202454328536987,0.3588797450065613,0.1784457564353943
159,159,0.021860038861632347,,,,,,,,,
160,160,,,0.9867749214172363,0.8595793843269348,0.9080403447151184,1.073879599571228,0.06301909685134888,0.5207571387290955,0.3591475486755371,0.1784457564353943
160,160,0.021831931546330452,,,,,,,,,
161,161,,,0.9864001870155334,0.8601299524307251,0.9081704616546631,1.0740817785263062,0.06307081133127213,0.5211520791053772,0.3593222200870514,0.1784457564353943
161,161,0.02180403284728527,,,,,,,,,
162,162,,,0.9859994053840637,0.8606582283973694,0.9083002805709839,1.0741803646087646,0.06309232860803604,0.5214684009552002,0.359435111284256,0.1784457564353943
162,162,0.021776331588625908,,,,,,,,,
163,163,,,0.9857344031333923,0.8612639307975769,0.9084835648536682,1.0743191242218018,0.06309238076210022,0.521830677986145,0.3595905601978302,0.1784457564353943
163,163,0.021748898550868034,,,,,,,,,
164,164,,,0.9856001734733582,0.8619862198829651,0.9087167978286743,1.074591040611267,0.06310072541236877,0.5223039984703064,0.35984134674072266,0.1784457564353943
164,164,0.02172173745930195,,,,,,,,,
165,165,,,0.9855045080184937,0.8627682328224182,0.9089621305465698,1.0749109983444214,0.06317052990198135,0.5228157043457031,0.36012589931488037,0.1784457564353943
165,165,0.021694829687476158,,,,,,,,,
166,166,,,0.9853770136833191,0.8635016083717346,0.9091883301734924,1.0751283168792725,0.06333834677934647,0.5232507586479187,0.36034730076789856,0.1784457564353943
166,166,0.021668188273906708,,,,,,,,,
167,167,,,0.9851866960525513,0.8641254305839539,0.9093843698501587,1.0752146244049072,0.06358334422111511,0.5235907435417175,0.3604850172996521,0.1784457564353943
167,167,0.02164178527891636,,,,,,,,,
168,168,,,0.984934389591217,0.8646830320358276,0.9095560312271118,1.0752779245376587,0.06383121758699417,0.523919403553009,0.3606029152870178,0.1784457564353943
168,168,0.02161557413637638,,,,,,,,,
169,169,,,0.9846743941307068,0.8652755618095398,0.9097270369529724,1.0754026174545288,0.0640057772397995,0.5243014693260193,0.3607577979564667,0.1784457564353943
169,169,0.02158958464860916,,,,,,,,,
170,170,,,0.9845021963119507,0.8659587502479553,0.9099304676055908,1.0755422115325928,0.06408140808343887,0.5247016549110413,0.36093366146087646,0.1784457564353943
170,170,0.02156384475529194,,,,,,,,,
171,171,,,0.984453558921814,0.8666953444480896,0.9101763367652893,1.0755929946899414,0.06408753991127014,0.5250378251075745,0.3610725700855255,0.1784457564353943
171,171,0.02153823710978031,,,,,,,,,
172,172,,,0.984430193901062,0.8674048781394958,0.910433292388916,1.0755282640457153,0.06407471746206284,0.52528315782547,0.36114615201950073,0.1784457564353943
172,172,0.021512791514396667,,,,,,,,,
173,173,,,0.9842848777770996,0.8680484294891357,0.9106584191322327,1.075408697128296,0.06408388912677765,0.5254836082458496,0.3611748218536377,0.1784457564353943
173,173,0.02148750238120556,,,,,,,,,
174,174,,,0.983997106552124,0.8686602115631104,0.9108491539955139,1.075284481048584,0.06413795053958893,0.5256903767585754,0.36118990182876587,0.1784457564353943
174,174,0.021462349221110344,,,,,,,,,
175,175,,,0.9837122559547424,0.869305431842804,0.9110506176948547,1.075137972831726,0.06424161791801453,0.5259086489677429,0.36120131611824036,0.1784457564353943
175,175,0.021437300369143486,,,,,,,,,
176,176,,,0.9835793972015381,0.87001633644104,0.911302924156189,1.0749353170394897,0.06437887996435165,0.526118278503418,0.36120516061782837,0.1784457564353943
176,176,0.02141237072646618,,,,,,,,,
177,177,,,0.9835854768753052,0.8707651495933533,0.9115920066833496,1.0746886730194092,0.06451664119958878,0.5263127088546753,0.3612016439437866,0.1784457564353943
177,177,0.021387528628110886,,,,,,,,,
178,178,,,0.9835901856422424,0.8714916706085205,0.9118680953979492,1.074432373046875,0.06462480872869492,0.5264935493469238,0.36118918657302856,0.1784457564353943
178,178,0.021362746134400368,,,,,,,,,
179,179,,,0.9834930300712585,0.8721564412117004,0.9121040105819702,1.0741628408432007,0.06469405442476273,0.5266461372375488,0.3611524999141693,0.1784457564353943
179,179,0.021338077262043953,,,,,,,,,
180,180,,,0.9833213090896606,0.8727777004241943,0.9123185873031616,1.0738415718078613,0.06473592668771744,0.5267486572265625,0.36107534170150757,0.1784457564353943
180,180,0.021313438192009926,,,,,,,,,
181,181,,,0.9831600189208984,0.8734130263328552,0.9125462770462036,1.073460578918457,0.06476594507694244,0.5268104076385498,0.3609671890735626,0.1784457564353943
181,181,0.02128886803984642,,,,,,,,,
182,182,,,0.9830508828163147,0.8741044402122498,0.9127994775772095,1.0730668306350708,0.06479348242282867,0.5268759727478027,0.3608623147010803,0.1784457564353943
182,182,0.021264348179101944,,,,,,,,,
183,183,,,0.9829800128936768,0.8748367428779602,0.9130653142929077,1.0727049112319946,0.06482579559087753,0.5269774198532104,0.3607834279537201,0.1784457564353943
183,183,0.021239880472421646,,,,,,,,,
184,184,,,0.9829209446907043,0.8755561113357544,0.913326621055603,1.0723564624786377,0.06487283110618591,0.5270950198173523,0.3607138395309448,0.1784457564353943
184,184,0.021215442568063736,,,,,,,,,
185,185,,,0.9828506112098694,0.8762273788452148,0.9135736227035522,1.0719656944274902,0.0649387389421463,0.5271813273429871,0.3606169521808624,0.1784457564353943
185,185,0.021191056817770004,,,,,,,,,
186,186,,,0.982747495174408,0.8768659234046936,0.9138038158416748,1.0715161561965942,0.06500989943742752,0.5272204875946045,0.3604811429977417,0.1784457564353943
186,186,0.021166695281863213,,,,,,,,,
187,187,,,0.9826120138168335,0.8775116205215454,0.9140222072601318,1.0710511207580566,0.06505753099918365,0.5272430181503296,0.3603322207927704,0.1784457564353943
187,187,0.021142354235053062,,,,,,,,,
188,188,,,0.9824856519699097,0.8781832456588745,0.9142407178878784,1.0706144571304321,0.06506013870239258,0.5272819399833679,0.36019963026046753,0.1784457564353943
188,188,0.02111804485321045,,,,,,,,,
189,189,,,0.9824125170707703,0.8788639903068542,0.9144672155380249,1.0701957941055298,0.0650225579738617,0.5273309946060181,0.36008089780807495,0.1784457564353943
189,189,0.02109375409781933,,,,,,,,,
190,190,,,0.9823775887489319,0.8795259594917297,0.9146933555603027,1.0697543621063232,0.06496993452310562,0.5273595452308655,0.35995036363601685,0.1784457564353943
190,190,0.02106948383152485,,,,,,,,,
191,191,,,0.982315182685852,0.8801599740982056,0.9149022698402405,1.0692813396453857,0.06492603570222855,0.527359127998352,0.3597964346408844,0.1784457564353943
191,191,0.02104523405432701,,,,,,,,,
192,192,,,0.9821859002113342,0.8807794451713562,0.9150887131690979,1.068809986114502,0.0649002194404602,0.527353823184967,0.3596353530883789,0.1784457564353943
192,192,0.021020980551838875,,,,,,,,,
193,193,,,0.9820237755775452,0.8814066648483276,0.9152666330337524,1.068366289138794,0.06489056348800659,0.5273662805557251,0.35948675870895386,0.1784457564353943
193,193,0.020996756851673126,,,,,,,,,
194,194,,,0.9818921089172363,0.8820520639419556,0.9154507517814636,1.067939043045044,0.06489139795303345,0.5273922681808472,0.35935115814208984,0.1784457564353943
194,194,0.020972521975636482,,,,,,,,,
195,195,,,0.9818097949028015,0.882702648639679,0.91563880443573,1.0675065517425537,0.064894899725914,0.5274147987365723,0.3592164218425751,0.1784457564353943
195,195,0.020948313176631927,,,,,,,,,
196,196,,,0.981740415096283,0.8833319544792175,0.9158145785331726,1.067069172859192,0.06489142030477524,0.5274274945259094,0.35907673835754395,0.1784457564353943
196,196,0.020924095064401627,,,,,,,,,
197,197,,,0.9816434383392334,0.8839250802993774,0.9159679412841797,1.0666426420211792,0.06487561762332916,0.5274357199668884,0.35893532633781433,0.1784457564353943
197,197,0.02089991420507431,,,,,,,,,
198,198,,,0.9815124869346619,0.8844967484474182,0.9161036014556885,1.0662261247634888,0.06485188752412796,0.5274387001991272,0.358792245388031,0.1784457564353943
198,198,0.020875707268714905,,,,,,,,,
199,199,,0.020851507782936096,,,,,,,,
199,199,,,0.981368362903595,0.8850767612457275,0.9162327647209167,1.0658029317855835,0.0648316964507103,0.5274301171302795,0.3586426377296448,0.1784457564353943
199,199,0.020851507782936096,,,,,,,,,
200,200,,,0.9812337756156921,0.885676383972168,0.9163619875907898,1.065369963645935,0.06482341885566711,0.5274144411087036,0.35848885774612427,0.1784457564353943
200,200,0.020827310159802437,,,,,,,,,
201,201,,,0.9811162352561951,0.8862773180007935,0.9164892435073853,1.0649445056915283,0.06482844799757004,0.5274068117141724,0.3583410382270813,0.1784457564353943
201,201,0.020803097635507584,,,,,,,,,
202,202,,,0.9810073971748352,0.8868560791015625,0.9166090488433838,1.064536452293396,0.06484425067901611,0.527412474155426,0.35820263624191284,0.1784457564353943
202,202,0.020778929814696312,,,,,,,,,
203,203,,,0.980888843536377,0.8874136805534363,0.9167171120643616,1.0641311407089233,0.06486795097589493,0.5274167060852051,0.3580626845359802,0.1784457564353943
203,203,0.020754747092723846,,,,,,,,,
204,204,,,0.980748176574707,0.8879701495170593,0.9168131947517395,1.063709020614624,0.06489495187997818,0.5274028182029724,0.3579094409942627,0.1784457564353943
204,204,0.020730556920170784,,,,,,,,,
205,205,,,0.9805928468704224,0.8885363340377808,0.9169005155563354,1.063274621963501,0.06491675972938538,0.5273736715316772,0.35774630308151245,0.1784457564353943
205,205,0.02070637419819832,,,,,,,,,
206,206,,,0.980444610118866,0.8891013860702515,0.9169828295707703,1.0628479719161987,0.06492665410041809,0.5273457169532776,0.35758647322654724,0.1784457564353943
206,206,0.020682204514741898,,,,,,,,,
207,207,,,0.9803145527839661,0.8896501064300537,0.9170609712600708,1.0624351501464844,0.06492731720209122,0.5273255109786987,0.35743433237075806,0.1784457564353943
207,207,0.020658006891608238,,,,,,,,,
208,208,,,0.9801914095878601,0.890182614326477,0.9171324372291565,1.0620213747024536,0.06492920964956284,0.5273033976554871,0.3572807312011719,0.1784457564353943
208,208,0.020633850246667862,,,,,,,,,
209,209,,,0.9800558090209961,0.8907121419906616,0.9171953797340393,1.0615934133529663,0.06494259089231491,0.5272699594497681,0.3571174144744873,0.1784457564353943
209,209,0.0206096563488245,,,,,,,,,
210,210,,,0.9799013733863831,0.8912480473518372,0.917250394821167,1.0611590147018433,0.06496897339820862,0.5272301435470581,0.3569484353065491,0.1784457564353943
210,210,0.02058550715446472,,,,,,,,,
211,211,,,0.9797383546829224,0.8917882442474365,0.9172999262809753,1.0607316493988037,0.06500382721424103,0.5271943807601929,0.35678237676620483,0.1784457564353943
211,211,0.020561333745718002,,,,,,,,,
212,212,,,0.9795798063278198,0.8923253417015076,0.9173453450202942,1.0603100061416626,0.06504161655902863,0.5271621942520142,0.35661929845809937,0.1784457564353943
212,212,0.02053716965019703,,,,,,,,,
213,213,,,0.9794318675994873,0.8928534388542175,0.9173864722251892,1.0598812103271484,0.06507895886898041,0.5271244645118713,0.35645222663879395,0.1784457564353943
213,213,0.02051301673054695,,,,,,,,,
214,214,,,0.9792901873588562,0.89337158203125,0.9174217581748962,1.0594414472579956,0.06511367112398148,0.5270770788192749,0.3562782406806946,0.1784457564353943
214,214,0.02048884518444538,,,,,,,,,
215,215,,,0.9791432619094849,0.8938843011856079,0.9174493551254272,1.05899977684021,0.06514418870210648,0.5270248651504517,0.35610121488571167,0.1784457564353943
215,215,0.02046469785273075,,,,,,,,,
216,216,,,0.9789828062057495,0.8943983316421509,0.9174684286117554,1.0585612058639526,0.06517241895198822,0.5269713401794434,0.3559235632419586,0.1784457564353943
216,216,0.02044055238366127,,,,,,,,,
217,217,,,0.978813648223877,0.8949153423309326,0.9174807071685791,1.058120608329773,0.06520236283540726,0.5269149541854858,0.355743408203125,0.1784457564353943
217,217,0.020416412502527237,,,,,,,,,
218,218,,,0.9786500930786133,0.8954300880432129,0.9174897074699402,1.0576730966567993,0.0652366653084755,0.5268546342849731,0.355559766292572,0.1784457564353943
218,218,0.0203922800719738,,,,,,,,,
219,219,,,0.9784974455833435,0.8959370851516724,0.9174964427947998,1.057223916053772,0.06527373194694519,0.5267947316169739,0.3553759455680847,0.1784457564353943
219,219,0.02036815509200096,,,,,,,,,
220,220,,,0.9783452749252319,0.8964387774467468,0.9174982309341431,1.0567799806594849,0.0653097927570343,0.5267385244369507,0.3551945090293884,0.1784457564353943
220,220,0.02034403383731842,,,,,,,,,
221,221,,,0.9781805872917175,0.8969426155090332,0.9174922108650208,1.056339144706726,0.06534183025360107,0.5266823172569275,0.3550129532814026,0.1784457564353943
221,221,0.020319906994700432,,,,,,,,,
222,222,,,0.978005588054657,0.8974498510360718,0.9174782633781433,1.0558942556381226,0.06536845117807388,0.5266196131706238,0.35482698678970337,0.1784457564353943
222,222,0.02029581181704998,,,,,,,,,
223,223,,,0.9778318405151367,0.8979535698890686,0.9174585938453674,1.0554436445236206,0.06538964807987213,0.5265498757362366,0.35463660955429077,0.1784457564353943
223,223,0.02027170918881893,,,,,,,,,
224,224,,,0.9776647090911865,0.8984474539756775,0.9174343943595886,1.0549945831298828,0.06540633738040924,0.5264797806739807,0.3544465899467468,0.1784457564353943
224,224,0.02024763450026512,,,,,,,,,
225,225,,,0.9775000214576721,0.8989348411560059,0.9174056053161621,1.0545521974563599,0.06542135775089264,0.5264143943786621,0.3542599081993103,0.1784457564353943
225,225,0.020223550498485565,,,,,,,,,
226,226,,,0.9773332476615906,0.8994238972663879,0.9173718094825745,1.0541126728057861,0.06543871015310287,0.5263508558273315,0.3540743589401245,0.1784457564353943
226,226,0.0201994851231575,,,,,,,,,
227,227,,,0.9771621823310852,0.8999176025390625,0.9173322319984436,1.0536705255508423,0.06546091288328171,0.5262846946716309,0.35388657450675964,0.1784457564353943
227,227,0.02017543651163578,,,,,,,,,
228,228,,,0.9769856929779053,0.9004108905792236,0.9172859191894531,1.0532268285751343,0.06548682600259781,0.5262159109115601,0.35369664430618286,0.1784457564353943
228,228,0.020151397213339806,,,,,,,,,
229,229,,,0.976804792881012,0.9008976221084595,0.9172329306602478,1.0527865886688232,0.06551282852888107,0.5261479020118713,0.35350728034973145,0.1784457564353943
229,229,0.02012735977768898,,,,,,,,,
230,230,,,0.9766245484352112,0.9013775587081909,0.9171752333641052,1.0523515939712524,0.06553633511066437,0.5260820388793945,0.3533199429512024,0.1784457564353943
230,230,0.020103350281715393,,,,,,,,,
231,231,,,0.9764499068260193,0.9018558859825134,0.9171139001846313,1.0519176721572876,0.06555741280317307,0.5260158777236938,0.3531329929828644,0.1784457564353943
231,231,0.020079355686903,,,,,,,,,
232,232,,,0.9762754440307617,0.9023355841636658,0.9170475602149963,1.0514835119247437,0.06557716429233551,0.5259481072425842,0.3529452681541443,0.1784457564353943
232,232,0.020055359229445457,,,,,,,,,
233,233,,,0.9760939478874207,0.9028139114379883,0.9169739484786987,1.0510516166687012,0.06559672206640244,0.5258800983428955,0.3527572751045227,0.1784457564353943
233,233,0.020031388849020004,,,,,,,,,
234,234,,,0.975906252861023,0.9032860994338989,0.9168930649757385,1.0506240129470825,0.0656173899769783,0.5258134007453918,0.3525700867176056,0.1784457564353943
234,234,0.020007431507110596,,,,,,,,,
235,235,,,0.975720226764679,0.9037529230117798,0.9168079495429993,1.0501986742019653,0.06563965231180191,0.5257477760314941,0.35238367319107056,0.1784457564353943
235,235,0.019983481615781784,,,,,,,,,
236,236,,,0.9755395650863647,0.9042190313339233,0.9167203307151794,1.0497740507125854,0.06566325575113297,0.5256826877593994,0.3521978557109833,0.1784457564353943
236,236,0.01995956525206566,,,,,,,,,
237,237,,,0.9753584861755371,0.9046871662139893,0.9166285991668701,1.049351692199707,0.06568695604801178,0.525618851184845,0.3520129323005676,0.1784457564353943
237,237,0.01993566006422043,,,,,,,,,
238,238,,,0.9751711487770081,0.905153751373291,0.9165303707122803,1.0489332675933838,0.06570891290903091,0.5255564451217651,0.3518289029598236,0.1784457564353943
238,238,0.019911760464310646,,,,,,,,,
239,239,,,0.9749789237976074,0.90561443567276,0.916425347328186,1.0485167503356934,0.06572896987199783,0.5254931449890137,0.3516443073749542,0.1784457564353943
239,239,0.01988789439201355,,,,,,,,,
240,240,,,0.9747866988182068,0.9060696363449097,0.9163153171539307,1.0480989217758179,0.06574790179729462,0.5254272222518921,0.3514581322669983,0.1784457564353943
240,240,0.019864043220877647,,,,,,,,,
241,241,,,0.9745970964431763,0.9065227508544922,0.9162023067474365,1.0476813316345215,0.0657668486237526,0.5253605842590332,0.35127174854278564,0.1784457564353943
241,241,0.019840192049741745,,,,,,,,,
242,242,,,0.9744090437889099,0.9069753885269165,0.9160861372947693,1.0472676753997803,0.06578638404607773,0.5252968072891235,0.35108739137649536,0.1784457564353943
242,242,0.019816361367702484,,,,,,,,,
243,243,,,0.9742200970649719,0.9074254035949707,0.9159654974937439,1.0468586683273315,0.0658068060874939,0.5252363085746765,0.35090523958206177,0.1784457564353943
243,243,0.019792569801211357,,,,,,,,,
244,244,,,0.974027693271637,0.9078714847564697,0.915839433670044,1.0464507341384888,0.06582852452993393,0.5251756310462952,0.35072261095046997,0.1784457564353943
244,244,0.01976877637207508,,,,,,,,,
245,245,,,0.9738311767578125,0.9083136320114136,0.9157083034515381,1.0460416078567505,0.06585033982992172,0.5251126885414124,0.3505382537841797,0.1784457564353943
245,245,0.01974501833319664,,,,,,,,,
246,246,,,0.9736341238021851,0.9087532162666321,0.9155734777450562,1.0456336736679077,0.06587041169404984,0.5250491499900818,0.35035383701324463,0.1784457564353943
246,246,0.0197212602943182,,,,,,,,,
247,247,,,0.9734389781951904,0.9091907143592834,0.915435791015625,1.0452302694320679,0.06588704884052277,0.5249878764152527,0.3501715660095215,0.1784457564353943
247,247,0.019697532057762146,,,,,,,,,
248,248,,,0.9732444286346436,0.9096257090568542,0.9152947068214417,1.0448302030563354,0.065901018679142,0.5249282717704773,0.3499906659126282,0.1784457564353943
248,248,0.019673816859722137,,,,,,,,,
249,249,,0.01965014450252056,,,,,,,,
249,249,,,0.9730472564697266,0.9100573658943176,0.9151492714881897,1.0444304943084717,0.06591324508190155,0.5248679518699646,0.34980911016464233,0.1784457564353943
249,249,0.01965014450252056,,,,,,,,,
250,250,,,0.9728471636772156,0.9104843139648438,0.9149993062019348,1.0440311431884766,0.06592439860105515,0.5248066186904907,0.3496268391609192,0.1784457564353943
250,250,0.019626464694738388,,,,,,,,,
251,251,,,0.9726468920707703,0.9109072089195251,0.914845883846283,1.043634295463562,0.06593398749828339,0.5247460007667542,0.34944531321525574,0.1784457564353943
251,251,0.019602801650762558,,,,,,,,,
252,252,,,0.9724474549293518,0.9113283753395081,0.9146899580955505,1.0432416200637817,0.06594129651784897,0.5246872901916504,0.3492656350135803,0.1784457564353943
252,252,0.019579177722334862,,,,,,,,,
253,253,,,0.9722481369972229,0.911747932434082,0.914531409740448,1.0428513288497925,0.06594613939523697,0.524629533290863,0.3490868806838989,0.1784457564353943
253,253,0.01955556310713291,,,,,,,,,
254,254,,,0.9720469117164612,0.9121639728546143,0.9143693447113037,1.0424623489379883,0.06594802439212799,0.5245715975761414,0.34890812635421753,0.1784457564353943
254,254,0.019531970843672752,,,,,,,,,
255,255,,,0.9718429446220398,0.912574291229248,0.9142031073570251,1.0420756340026855,0.06594675779342651,0.5245134830474854,0.3487294316291809,0.1784457564353943
255,255,0.01950838603079319,,,,,,,,,
256,256,,,0.9716367721557617,0.9129800200462341,0.9140332341194153,1.0416923761367798,0.06594214588403702,0.5244560241699219,0.34855177998542786,0.1784457564353943
256,256,0.01948484033346176,,,,,,,,,
257,257,,,0.9714305400848389,0.9133834838867188,0.913861095905304,1.0413124561309814,0.06593482196331024,0.5243992209434509,0.3483752906322479,0.1784457564353943
257,257,0.019461296498775482,,,,,,,,,
258,258,,,0.9712264537811279,0.9137847423553467,0.9136872291564941,1.0409355163574219,0.0659254938364029,0.5243433117866516,0.34820008277893066,0.1784457564353943
258,258,0.019437775015830994,,,,,,,,,
259,259,,,0.9710220098495483,0.9141817688941956,0.9135107398033142,1.040562391281128,0.06591445952653885,0.524289071559906,0.34802642464637756,0.1784457564353943
259,259,0.019414275884628296,,,,,,,,,
260,260,,,0.9708146452903748,0.9145735502243042,0.9133307337760925,1.0401934385299683,0.06590146571397781,0.5242363214492798,0.3478541374206543,0.1784457564353943
260,260,0.019390800967812538,,,,,,,,,
261,261,,,0.9706044793128967,0.9149609208106995,0.9131475687026978,1.0398280620574951,0.06588604301214218,0.5241841077804565,0.3476828336715698,0.1784457564353943
261,261,0.01936732605099678,,,,,,,,,
262,262,,,0.9703946113586426,0.9153459668159485,0.9129622578620911,1.0394662618637085,0.06586776673793793,0.524132251739502,0.3475126624107361,0.1784457564353943
262,262,0.019343886524438858,,,,,,,,,
263,263,,,0.9701853394508362,0.9157283902168274,0.9127751588821411,1.039108157157898,0.0658462718129158,0.5240809917449951,0.3473440110683441,0.1784457564353943
263,263,0.019320454448461533,,,,,,,,,
264,264,,,0.9699748754501343,0.9161062240600586,0.9125858545303345,1.0387550592422485,0.06582199037075043,0.5240315198898315,0.3471772372722626,0.1784457564353943
264,264,0.01929703913629055,,,,,,,,,
265,265,,,0.9697623252868652,0.916478157043457,0.9123938083648682,1.038406491279602,0.06579556316137314,0.5239835977554321,0.34701210260391235,0.1784457564353943
265,265,0.01927364245057106,,,,,,,,,
266,266,,,0.9695490598678589,0.9168456196784973,0.9121993184089661,1.0380617380142212,0.06576743721961975,0.5239363312721252,0.34684818983078003,0.1784457564353943
266,266,0.019250264391303062,,,,,,,,,
267,267,,,0.9693356156349182,0.9172102808952332,0.9120030999183655,1.0377212762832642,0.06573758274316788,0.52388995885849,0.3466859459877014,0.1784457564353943
267,267,0.01922689378261566,,,,,,,,,
268,268,,,0.9691217541694641,0.9175716638565063,0.9118053317070007,1.0373859405517578,0.065705306828022,0.5238450765609741,0.34652578830718994,0.1784457564353943
268,268,0.019203543663024902,,,,,,,,,
269,269,,,0.9689072966575623,0.9179278612136841,0.9116057753562927,1.0370559692382812,0.06567060202360153,0.5238019227981567,0.3463677763938904,0.1784457564353943
269,269,0.019180208444595337,,,,,,,,,
270,270,,,0.9686916470527649,0.9182789325714111,0.9114041328430176,1.036730408668518,0.06563355773687363,0.5237597823143005,0.346211314201355,0.1784457564353943
270,270,0.01915689930319786,,,,,,,,,
271,271,,,0.9684740304946899,0.9186256527900696,0.911200225353241,1.0364093780517578,0.06559421122074127,0.5237184762954712,0.34605640172958374,0.1784457564353943
271,271,0.01913357526063919,,,,,,,,,
272,272,,,0.9682552218437195,0.9189687967300415,0.9109946489334106,1.0360932350158691,0.06555262953042984,0.5236781239509583,0.345903217792511,0.1784457564353943
272,272,0.019110292196273804,,,,,,,,,
273,273,,,0.9680374264717102,0.9193077683448792,0.9107879996299744,1.0357829332351685,0.06550899147987366,0.5236393809318542,0.345752477645874,0.1784457564353943
273,273,0.019087007269263268,,,,,,,,,
274,274,,,0.96781986951828,0.9196419715881348,0.9105802774429321,1.0354779958724976,0.0654636025428772,0.5236022472381592,0.3456040620803833,0.1784457564353943
274,274,0.019063737243413925,,,,,,,,,
275,275,,,0.9676005840301514,0.9199712872505188,0.9103708863258362,1.0351780652999878,0.06541674584150314,0.523566484451294,0.3454574644565582,0.1784457564353943
275,275,0.01904047280550003,,,,,,,,,
276,276,,,0.9673797488212585,0.9202957153320312,0.910159707069397,1.0348832607269287,0.06536795198917389,0.5235320329666138,0.34531277418136597,0.1784457564353943
276,276,0.01901722326874733,,,,,,,,,
277,277,,,0.9671586155891418,0.9206154942512512,0.9099470973014832,1.0345938205718994,0.06531668454408646,0.5234985947608948,0.34517014026641846,0.1784457564353943
277,277,0.01899397186934948,,,,,,,,,
278,278,,,0.9669374227523804,0.9209316968917847,0.9097335934638977,1.0343097448349,0.06526289135217667,0.5234662294387817,0.3450296223163605,0.1784457564353943
278,278,0.018970737233757973,,,,,,,,,
279,279,,,0.9667152166366577,0.9212429523468018,0.9095191359519958,1.0340310335159302,0.06520681828260422,0.5234349370002747,0.34489116072654724,0.1784457564353943
279,279,0.01894751749932766,,,,,,,,,
280,280,,,0.9664924144744873,0.9215488433837891,0.9093033075332642,1.0337578058242798,0.06514867395162582,0.5234051942825317,0.34475475549697876,0.1784457564353943
280,280,0.018924295902252197,,,,,,,,,
281,281,,,0.9662688374519348,0.9218491911888123,0.909086287021637,1.03348970413208,0.06508863717317581,0.5233766436576843,0.34462040662765503,0.1784457564353943
281,281,0.01890106499195099,,,,,,,,,
282,282,,,0.9660447239875793,0.9221452474594116,0.9088683128356934,1.0332273244857788,0.06502644717693329,0.5233492851257324,0.3444882333278656,0.1784457564353943
282,282,0.018877850845456123,,,,,,,,,
283,283,,,0.9658200740814209,0.9224367737770081,0.9086495041847229,1.032970905303955,0.06496182084083557,0.5233233571052551,0.3443584442138672,0.1784457564353943
283,283,0.018854662775993347,,,,,,,,,
284,284,,,0.9655956625938416,0.9227231740951538,0.9084300994873047,1.0327199697494507,0.06489475816488266,0.5232983827590942,0.3442308008670807,0.1784457564353943
284,284,0.018831457942724228,,,,,,,,,
285,285,,,0.9653703570365906,0.9230043888092041,0.9082096219062805,1.032474160194397,0.06482546031475067,0.523274302482605,0.344105064868927,0.1784457564353943
285,285,0.01880824752151966,,,,,,,,,
286,286,,,0.9651433825492859,0.923280656337738,0.9079879522323608,1.0322343111038208,0.06475402414798737,0.5232517719268799,0.34398162364959717,0.1784457564353943
286,286,0.018785038962960243,,,,,,,,,
287,287,,,0.9649158716201782,0.9235517382621765,0.9077655076980591,1.0320004224777222,0.06468039751052856,0.5232303738594055,0.343860387802124,0.1784457564353943
287,287,0.01876184344291687,,,,,,,,,
288,288,,,0.964688777923584,0.9238176345825195,0.9075426459312439,1.031772255897522,0.06460466235876083,0.5232101082801819,0.3437415361404419,0.1784457564353943
288,288,0.01873864233493805,,,,,,,,,
289,289,,,0.9644612669944763,0.924078643321991,0.9073192477226257,1.0315498113632202,0.06452717632055283,0.5231908559799194,0.34362486004829407,0.1784457564353943
289,289,0.018715428188443184,,,,,,,,,
290,290,,,0.9642329812049866,0.9243340492248535,0.9070951342582703,1.0313329696655273,0.06444786489009857,0.5231727361679077,0.34351032972335815,0.1784457564353943
290,290,0.018692223355174065,,,,,,,,,
291,291,,,0.9640039205551147,0.9245837926864624,0.9068701267242432,1.0311222076416016,0.06436678767204285,0.5231559872627258,0.34339818358421326,0.1784457564353943
291,291,0.018668998032808304,,,,,,,,,
292,292,,,0.9637741446495056,0.9248282313346863,0.9066444635391235,1.0309175252914429,0.06428384780883789,0.5231404900550842,0.3432883322238922,0.1784457564353943
292,292,0.018645774573087692,,,,,,,,,
293,293,,,0.9635441303253174,0.9250676035881042,0.90641850233078,1.0307188034057617,0.06419873982667923,0.5231257677078247,0.343180775642395,0.1784457564353943
293,293,0.01862252876162529,,,,,,,,,
294,294,,,0.9633137583732605,0.9253019094467163,0.9061920642852783,1.0305256843566895,0.06411182135343552,0.5231119394302368,0.34307536482810974,0.1784457564353943
294,294,0.018599290400743484,,,,,,,,,
295,295,,,0.9630827903747559,0.9255303740501404,0.9059650301933289,1.0303385257720947,0.06402336806058884,0.5230993032455444,0.3429722487926483,0.1784457564353943
295,295,0.018576037138700485,,,,,,,,,
296,296,,,0.9628509283065796,0.9257529973983765,0.9057372212409973,1.0301576852798462,0.06393339484930038,0.5230879187583923,0.3428715467453003,0.1784457564353943
296,296,0.018552782014012337,,,,,,,,,
297,297,,,0.9626184105873108,0.9259702563285828,0.9055091142654419,1.0299830436706543,0.06384184956550598,0.5230777859687805,0.34277328848838806,0.1784457564353943
297,297,0.01852949522435665,,,,,,,,,
298,298,,,0.9623862504959106,0.9261826276779175,0.9052808880805969,1.0298142433166504,0.0637488141655922,0.5230684876441956,0.3426772952079773,0.1784457564353943
298,298,0.01850619725883007,,,,,,,,,
299,299,,0.018482882529497147,,,,,,,,
299,299,,,0.9621537923812866,0.926389217376709,0.9050522446632385,1.0296512842178345,0.06365437805652618,0.5230599045753479,0.34258344769477844,0.1784457564353943
299,299,0.018482882529497147,,,,,,,,,
300,300,,,0.9619197845458984,0.926589846611023,0.9048227667808533,1.0294947624206543,0.06355844438076019,0.5230525732040405,0.3424920439720154,0.1784457564353943
300,300,0.018459565937519073,,,,,,,,,
301,301,,,0.9616847634315491,0.9267848134040833,0.904592752456665,1.0293444395065308,0.06346122920513153,0.5230463743209839,0.34240296483039856,0.1784457564353943
301,301,0.018436210229992867,,,,,,,,,
302,302,,,0.9614500999450684,0.9269744753837585,0.904362678527832,1.0291996002197266,0.06336294859647751,0.5230407118797302,0.3423159718513489,0.1784457564353943
302,302,0.01841285079717636,,,,,,,,,
303,303,,,0.9612152576446533,0.9271588325500488,0.9041325449943542,1.029061198234558,0.0632636547088623,0.5230361819267273,0.34223154187202454,0.1784457564353943
303,303,0.018389444798231125,,,,,,,,,
304,304,,,0.9609790444374084,0.9273369908332825,0.9039016962051392,1.0289294719696045,0.06316307187080383,0.5230328440666199,0.3421495258808136,0.1784457564353943
304,304,0.01836605742573738,,,,,,,,,
305,305,,,0.960742712020874,0.9275094270706177,0.9036704301834106,1.0288032293319702,0.06306170672178268,0.5230301022529602,0.3420695960521698,0.1784457564353943
305,305,0.018342606723308563,,,,,,,,,
306,306,,,0.9605059027671814,0.9276770353317261,0.9034389853477478,1.0286827087402344,0.06295937299728394,0.5230280160903931,0.3419917821884155,0.1784457564353943
306,306,0.018319139257073402,,,,,,,,,
307,307,,,0.9602679014205933,0.9278388619422913,0.9032071828842163,1.028568983078003,0.06285583972930908,0.5230271220207214,0.341916561126709,0.1784457564353943
307,307,0.018295645713806152,,,,,,,,,
308,308,,,0.9600300192832947,0.9279946088790894,0.9029751420021057,1.028461217880249,0.06275126338005066,0.5230270624160767,0.3418436050415039,0.1784457564353943
308,308,0.018272116780281067,,,,,,,,,
309,309,,,0.9597914218902588,0.9281448721885681,0.9027426838874817,1.0283591747283936,0.06264593452215195,0.5230274200439453,0.3417727053165436,0.1784457564353943
309,309,0.01824856922030449,,,,,,,,,
310,310,,,0.9595516324043274,0.9282900094985962,0.9025098085403442,1.0282628536224365,0.06253983825445175,0.5230283141136169,0.34170377254486084,0.1784457564353943
310,310,0.01822497695684433,,,,,,,,,
311,311,,,0.9593117833137512,0.928429365158081,0.9022766947746277,1.0281729698181152,0.06243298947811127,0.5230303406715393,0.34163743257522583,0.1784457564353943
311,311,0.018201353028416634,,,,,,,,,
312,312,,,0.9590715169906616,0.9285627007484436,0.9020434021949768,1.0280894041061401,0.062325261533260345,0.5230333209037781,0.34157344698905945,0.1784457564353943
312,312,0.018177680671215057,,,,,,,,,
313,313,,,0.9588304162025452,0.928691029548645,0.901809811592102,1.0280110836029053,0.06221700459718704,0.5230364203453064,0.3415113091468811,0.1784457564353943
313,313,0.01815398409962654,,,,,,,,,
314,314,,,0.9585887789726257,0.9288135766983032,0.9015758037567139,1.0279382467269897,0.062108129262924194,0.5230398178100586,0.3414510488510132,0.1784457564353943
314,314,0.018130235373973846,,,,,,,,,
315,315,,,0.9583460092544556,0.9289301633834839,0.9013412594795227,1.0278717279434204,0.06199890002608299,0.5230441689491272,0.3413931131362915,0.1784457564353943
315,315,0.018106451258063316,,,,,,,,,
316,316,,,0.9581024050712585,0.9290414452552795,0.9011062979698181,1.0278114080429077,0.061888959258794785,0.5230492949485779,0.34133750200271606,0.1784457564353943
316,316,0.018082641065120697,,,,,,,,,
317,317,,,0.9578588008880615,0.9291483163833618,0.9008712768554688,1.0277564525604248,0.06177889555692673,0.5230545401573181,0.34128376841545105,0.1784457564353943
317,317,0.018058763816952705,,,,,,,,,
318,318,,,0.9576147794723511,0.9292490482330322,0.9006360769271851,1.0277068614959717,0.061668578535318375,0.523060142993927,0.34123197197914124,0.1784457564353943
318,318,0.018034834414720535,,,,,,,,,
319,319,,,0.9573692679405212,0.9293431043624878,0.9004000425338745,1.0276635885238647,0.06155778840184212,0.523066520690918,0.3411823809146881,0.1784457564353943
319,319,0.018010864034295082,,,,,,,,,
320,320,,,0.9571227431297302,0.9294322729110718,0.9001635909080505,1.0276254415512085,0.06144692376255989,0.523073136806488,0.34113454818725586,0.1784457564353943
320,320,0.017986847087740898,,,,,,,,,
321,321,,,0.956876277923584,0.9295170903205872,0.899927020072937,1.0275928974151611,0.06133587285876274,0.5230799913406372,0.34108877182006836,0.1784457564353943
321,321,0.01796277053654194,,,,,,,,,
322,322,,,0.9566289186477661,0.929595947265625,0.8996899724006653,1.0275661945343018,0.06122454255819321,0.5230872631072998,0.3410450220108032,0.1784457564353943
322,322,0.017938634380698204,,,,,,,,,
323,323,,,0.9563803672790527,0.9296689629554749,0.8994523882865906,1.0275447368621826,0.06111318618059158,0.5230947732925415,0.34100306034088135,0.1784457564353943
323,323,0.01791445165872574,,,,,,,,,
324,324,,,0.9561306834220886,0.9297364354133606,0.8992141485214233,1.0275284051895142,0.06100206822156906,0.5231022238731384,0.340962678194046,0.1784457564353943
324,324,0.01789020374417305,,,,,,,,,
325,325,,,0.9558806419372559,0.9297989010810852,0.8989754915237427,1.027517557144165,0.06089102476835251,0.5231102108955383,0.34092438220977783,0.1784457564353943
325,325,0.01786590740084648,,,,,,,,,
326,326,,,0.9556297659873962,0.9298563003540039,0.8987365365028381,1.0275120735168457,0.06078002229332924,0.5231181979179382,0.3408878445625305,0.1784457564353943
326,326,0.0178415235131979,,,,,,,,,
327,327,,,0.9553778767585754,0.9299076199531555,0.8984970450401306,1.0275115966796875,0.060669343918561935,0.5231262445449829,0.3408529460430145,0.1784457564353943
327,327,0.017817096784710884,,,,,,,,,
328,328,,,0.9551248550415039,0.9299538135528564,0.8982566595077515,1.0275166034698486,0.06055903062224388,0.5231344699859619,0.3408198356628418,0.1784457564353943
328,328,0.017792584374547005,,,,,,,,,
329,329,,,0.9548707008361816,0.9299950003623962,0.8980156183242798,1.0275261402130127,0.060448966920375824,0.5231424570083618,0.3407881557941437,0.1784457564353943
329,329,0.017768017947673798,,,,,,,,,
330,330,,,0.9546156525611877,0.9300309419631958,0.8977740406990051,1.0275408029556274,0.06033925339579582,0.5231505036354065,0.34075820446014404,0.1784457564353943
330,330,0.017743373289704323,,,,,,,,,
331,331,,,0.9543598890304565,0.9300609827041626,0.8975319862365723,1.0275607109069824,0.06022980064153671,0.5231586694717407,0.3407299518585205,0.1784457564353943
331,331,0.017718657851219177,,,,,,,,,
332,332,,,0.9541031122207642,0.9300860166549683,0.8972891569137573,1.0275851488113403,0.06012097746133804,0.5231665372848511,0.3407030999660492,0.1784457564353943
332,332,0.01769387349486351,,,,,,,,,
333,333,,,0.9538445472717285,0.9301062822341919,0.8970454931259155,1.0276141166687012,0.06001250445842743,0.5231741666793823,0.3406776189804077,0.1784457564353943
333,333,0.017669007182121277,,,,,,,,,
334,334,,,0.9535852074623108,0.9301210641860962,0.8968008756637573,1.0276477336883545,0.05990464240312576,0.5231816172599792,0.34065356850624084,0.1784457564353943
334,334,0.017644071951508522,,,,,,,,,
335,335,,,0.9533244967460632,0.9301300644874573,0.8965556621551514,1.0276861190795898,0.059797123074531555,0.5231887698173523,0.3406309187412262,0.1784457564353943
335,335,0.017619038000702858,,,,,,,,,
336,336,,,0.9530624151229858,0.930134654045105,0.8963096737861633,1.0277286767959595,0.05969018116593361,0.5231955647468567,0.34060952067375183,0.1784457564353943
336,336,0.017593931406736374,,,,,,,,,
337,337,,,0.9527998566627502,0.9301344156265259,0.8960628509521484,1.0277751684188843,0.05958389863371849,0.5232017636299133,0.3405892252922058,0.1784457564353943
337,337,0.01756875216960907,,,,,,,,,
338,338,,,0.9525353908538818,0.9301283359527588,0.8958150148391724,1.027826189994812,0.059478264302015305,0.5232076644897461,0.3405701816082001,0.1784457564353943
338,338,0.017543451860547066,,,,,,,,,
339,339,,,0.9522690773010254,0.9301168918609619,0.8955663442611694,1.0278812646865845,0.05937320739030838,0.5232130289077759,0.34055227041244507,0.1784457564353943
339,339,0.017518075183033943,,,,,,,,,
340,340,,,0.9520024061203003,0.9301012754440308,0.8953167796134949,1.0279401540756226,0.05926895514130592,0.5232177376747131,0.34053534269332886,0.1784457564353943
340,340,0.01749262772500515,,,,,,,,,
341,341,,,0.9517341256141663,0.9300805330276489,0.8950664401054382,1.0280028581619263,0.059165433049201965,0.523222029209137,0.3405195474624634,0.1784457564353943
341,341,0.017467068508267403,,,,,,,,,
342,342,,,0.9514635801315308,0.9300540685653687,0.894814670085907,1.0280693769454956,0.05906260013580322,0.5232254862785339,0.3405044972896576,0.1784457564353943
342,342,0.017441418021917343,,,,,,,,,
343,343,,,0.9511919617652893,0.9300228357315063,0.8945618867874146,1.0281391143798828,0.05896053463220596,0.5232280492782593,0.3404902517795563,0.1784457564353943
343,343,0.017415648326277733,,,,,,,,,
344,344,,,0.9509187936782837,0.9299873113632202,0.8943080306053162,1.0282124280929565,0.05885904282331467,0.5232298970222473,0.3404768407344818,0.1784457564353943
344,344,0.01738981157541275,,,,,,,,,
345,345,,,0.9506443738937378,0.929947018623352,0.8940532803535461,1.0282889604568481,0.05875835195183754,0.523230791091919,0.34046417474746704,0.1784457564353943
345,345,0.01736385188996792,,,,,,,,,
346,346,,,0.9503681063652039,0.9299011826515198,0.8937972784042358,1.0283684730529785,0.05865858495235443,0.5232306718826294,0.3404519855976105,0.1784457564353943
346,346,0.017337797209620476,,,,,,,,,
347,347,,,0.950089693069458,0.9298503398895264,0.8935397863388062,1.0284510850906372,0.058559589087963104,0.5232295989990234,0.3404403626918793,0.1784457564353943
347,347,0.017311636358499527,,,,,,,,,
348,348,,,0.9498096108436584,0.9297950267791748,0.893281102180481,1.0285364389419556,0.05846117064356804,0.5232274532318115,0.3404291868209839,0.1784457564353943
348,348,0.017285365611314774,,,,,,,,,
349,349,,0.01725897192955017,,,,,,,,
349,349,,,0.9495278596878052,0.9297350645065308,0.893021285533905,1.0286245346069336,0.05836346000432968,0.5232241153717041,0.34041842818260193,0.1784457564353943
349,349,0.01725897192955017,,,,,,,,,
350,350,,,0.9492447972297668,0.9296699166297913,0.8927602171897888,1.028714895248413,0.05826682224869728,0.5232194066047668,0.3404079079627991,0.1784457564353943
350,350,0.017232468351721764,,,,,,,,,
351,351,,,0.9489591717720032,0.9296004772186279,0.8924975395202637,1.0288076400756836,0.05817093327641487,0.5232134461402893,0.34039759635925293,0.1784457564353943
351,351,0.017205851152539253,,,,,,,,,
352,352,,,0.9486714601516724,0.9295263290405273,0.8922333121299744,1.0289027690887451,0.05807575210928917,0.5232062339782715,0.3403874635696411,0.1784457564353943
352,352,0.017179107293486595,,,,,,,,,
353,353,,,0.9483821392059326,0.9294477105140686,0.8919676542282104,1.0289995670318604,0.05798135697841644,0.5231972336769104,0.34037721157073975,0.1784457564353943
353,353,0.017152251675724983,,,,,,,,,
354,354,,,0.9480910897254944,0.9293641448020935,0.8917006850242615,1.029098391532898,0.05788770690560341,0.5231868624687195,0.34036704897880554,0.1784457564353943
354,354,0.017125267535448074,,,,,,,,,
355,355,,,0.9477972388267517,0.9292761087417603,0.891431987285614,1.0291990041732788,0.057794783264398575,0.5231751799583435,0.34035682678222656,0.1784457564353943
355,355,0.017098160460591316,,,,,,,,,
356,356,,,0.947501540184021,0.9291835427284241,0.8911616802215576,1.0293008089065552,0.057702552527189255,0.5231614708900452,0.34034621715545654,0.1784457564353943
356,356,0.017070919275283813,,,,,,,,,
357,357,,,0.9472038149833679,0.9290861487388611,0.8908896446228027,1.0294034481048584,0.05761105939745903,0.5231456756591797,0.34033504128456116,0.1784457564353943
357,357,0.017043545842170715,,,,,,,,,
358,358,,,0.9469030499458313,0.9289847612380981,0.8906156420707703,1.0295076370239258,0.057520292699337006,0.5231283903121948,0.3403235673904419,0.1784457564353943
358,358,0.017016030848026276,,,,,,,,,
359,359,,,0.9466004371643066,0.9288791418075562,0.8903401494026184,1.0296125411987305,0.0574302077293396,0.5231090784072876,0.34031158685684204,0.1784457564353943
359,359,0.01698840595781803,,,,,,,,,
360,360,,,0.9462965130805969,0.9287687540054321,0.8900632262229919,1.0297175645828247,0.0573408305644989,0.5230875015258789,0.3402988016605377,0.1784457564353943
360,360,0.0169606264680624,,,,,,,,,
361,361,,,0.9459888935089111,0.9286535978317261,0.8897839784622192,1.0298234224319458,0.057251837104558945,0.5230638384819031,0.3402852714061737,0.1784457564353943
361,361,0.016932692378759384,,,,,,,,,
362,362,,,0.9456788897514343,0.9285345673561096,0.8895026445388794,1.029929280281067,0.05716332420706749,0.5230379700660706,0.3402707874774933,0.1784457564353943
362,362,0.01690462976694107,,,,,,,,,
363,363,,,0.945367157459259,0.9284114837646484,0.8892197012901306,1.030035138130188,0.057075321674346924,0.5230096578598022,0.34025537967681885,0.1784457564353943
363,363,0.01687641441822052,,,,,,,,,
364,364,,,0.9450520277023315,0.928284227848053,0.8889346718788147,1.0301408767700195,0.05698775872588158,0.5229790210723877,0.34023886919021606,0.1784457564353943
364,364,0.016848048195242882,,,,,,,,,
365,365,,,0.9447343349456787,0.928152322769165,0.8886474370956421,1.0302460193634033,0.056900810450315475,0.5229459404945374,0.340221107006073,0.1784457564353943
365,365,0.016819527372717857,,,,,,,,,
366,366,,,0.9444141387939453,0.9280164241790771,0.8883580565452576,1.0303503274917603,0.05681433528661728,0.5229099988937378,0.34020185470581055,0.1784457564353943
366,366,0.01679086685180664,,,,,,,,,
367,367,,,0.9440916180610657,0.9278770685195923,0.8880667090415955,1.030453085899353,0.05672834813594818,0.5228710174560547,0.3401809334754944,0.1784457564353943
367,367,0.01676201820373535,,,,,,,,,
368,368,,,0.9437661170959473,0.9277325868606567,0.8877732157707214,1.0305551290512085,0.0566423162817955,0.5228295922279358,0.3401586413383484,0.1784457564353943
368,368,0.01673303171992302,,,,,,,,,
369,369,,,0.9434382915496826,0.927584171295166,0.887477457523346,1.0306553840637207,0.05655660107731819,0.5227850079536438,0.34013456106185913,0.1784457564353943
369,369,0.016703877598047256,,,,,,,,,
370,370,,,0.9431069493293762,0.9274324774742126,0.8871793746948242,1.0307537317276,0.05647103860974312,0.5227372050285339,0.34010839462280273,0.1784457564353943
370,370,0.016674546524882317,,,,,,,,,
371,371,,,0.9427725076675415,0.9272761344909668,0.8868787288665771,1.0308500528335571,0.056385695934295654,0.5226863026618958,0.34008026123046875,0.1784457564353943
371,371,0.01664506085216999,,,,,,,,,
372,372,,,0.9424353837966919,0.9271159172058105,0.8865758180618286,1.0309439897537231,0.05630053952336311,0.5226320028305054,0.3400499224662781,0.1784457564353943
372,372,0.01661539636552334,,,,,,,,,
373,373,,,0.942095160484314,0.9269522428512573,0.8862704634666443,1.0310356616973877,0.056215234100818634,0.5225745439529419,0.34001752734184265,0.1784457564353943
373,373,0.01658555492758751,,,,,,,,,
374,374,,,0.9417529106140137,0.9267851114273071,0.885962963104248,1.0311238765716553,0.05612986907362938,0.522513210773468,0.3399824798107147,0.1784457564353943
374,374,0.016555527225136757,,,,,,,,,
375,375,,,0.9414071440696716,0.9266136884689331,0.8856527209281921,1.0312083959579468,0.0560445636510849,0.5224478244781494,0.33994460105895996,0.1784457564353943
375,375,0.016525330021977425,,,,,,,,,
376,376,,,0.9410573244094849,0.9264379739761353,0.8853395581245422,1.03128981590271,0.05595925822854042,0.5223789215087891,0.33990398049354553,0.1784457564353943
376,376,0.016494933515787125,,,,,,,,,
377,377,,,0.9407052397727966,0.9262592792510986,0.8850241303443909,1.031367540359497,0.055873628705739975,0.5223062634468079,0.3398607075214386,0.1784457564353943
377,377,0.0164643507450819,,,,,,,,,
378,378,,,0.9403505325317383,0.9260767102241516,0.8847062587738037,1.0314406156539917,0.05578800290822983,0.5222291350364685,0.3398141860961914,0.1784457564353943
378,378,0.016433581709861755,,,,,,,,,
379,379,,,0.9399911761283875,0.9258900880813599,0.884385347366333,1.0315090417861938,0.05570196360349655,0.5221475958824158,0.33976414799690247,0.1784457564353943
379,379,0.016402609646320343,,,,,,,,,
380,380,,,0.9396291971206665,0.9256997108459473,0.8840616345405579,1.031572937965393,0.05561547353863716,0.5220619440078735,0.33971095085144043,0.1784457564353943
380,380,0.016371475532650948,,,,,,,,,
381,381,,,0.9392648339271545,0.9255067110061646,0.8837354183197021,1.031631588935852,0.05552856996655464,0.5219718217849731,0.3396543264389038,0.1784457564353943
381,381,0.01634010300040245,,,,,,,,,
382,382,,,0.9388968348503113,0.9253101348876953,0.8834065198898315,1.0316846370697021,0.055441275238990784,0.521876871585846,0.3395938575267792,0.1784457564353943
382,382,0.01630852185189724,,,,,,,,,
383,383,,,0.938525378704071,0.9251091480255127,0.8830745816230774,1.0317318439483643,0.055353447794914246,0.5217770338058472,0.3395293951034546,0.1784457564353943
383,383,0.016276754438877106,,,,,,,,,
384,384,,,0.9381511211395264,0.9249058365821838,0.882739782333374,1.031772255897522,0.0552651546895504,0.5216719508171082,0.33946067094802856,0.1784457564353943
384,384,0.016244763508439064,,,,,,,,,
385,385,,,0.937772274017334,0.924698531627655,0.8824018239974976,1.0318068265914917,0.05517607554793358,0.5215623378753662,0.33938801288604736,0.1784457564353943
385,385,0.016212547197937965,,,,,,,,,
386,386,,,0.9373912215232849,0.9244873523712158,0.8820613026618958,1.0318340063095093,0.0550861619412899,0.5214468836784363,0.3393107056617737,0.1784457564353943
386,386,0.0161801315844059,,,,,,,,,
387,387,,,0.9370070099830627,0.9242731928825378,0.8817178606987,1.0318530797958374,0.05499541014432907,0.5213254690170288,0.33922842144966125,0.1784457564353943
387,387,0.01614748314023018,,,,,,,,,
388,388,,,0.9366193413734436,0.9240556359291077,0.881371259689331,1.0318652391433716,0.05490410327911377,0.5211991667747498,0.3391418159008026,0.1784457564353943
388,388,0.016114603728055954,,,,,,,,,
389,389,,,0.9362280368804932,0.9238349199295044,0.8810215592384338,1.0318692922592163,0.054811980575323105,0.5210670828819275,0.3390502631664276,0.1784457564353943
389,389,0.016081493347883224,,,,,,,,,
390,390,,,0.9358343482017517,0.9236112236976624,0.8806689381599426,1.031863808631897,0.0547192320227623,0.5209282636642456,0.3389529585838318,0.1784457564353943
390,390,0.016048157587647438,,,,,,,,,
391,391,,,0.9354365468025208,0.9233844876289368,0.8803132176399231,1.0318498611450195,0.05462530255317688,0.5207834839820862,0.3388504385948181,0.1784457564353943
391,391,0.01601457968354225,,,,,,,,,
392,392,,,0.9350351095199585,0.9231535196304321,0.8799540996551514,1.0318270921707153,0.05453023687005043,0.520632803440094,0.33874261379241943,0.1784457564353943
392,392,0.015980765223503113,,,,,,,,,
393,393,,,0.9346315264701843,0.9229199886322021,0.87959223985672,1.0317940711975098,0.054433997720479965,0.5204751491546631,0.3386288285255432,0.1784457564353943
393,393,0.015946701169013977,,,,,,,,,
394,394,,,0.9342244267463684,0.9226835370063782,0.8792271614074707,1.0317506790161133,0.054336708039045334,0.520310640335083,0.3385089039802551,0.1784457564353943
394,394,0.01591239497065544,,,,,,,,,
395,395,,,0.9338143467903137,0.9224432110786438,0.8788589835166931,1.0316969156265259,0.05423852801322937,0.5201392769813538,0.33838292956352234,0.1784457564353943
395,395,0.01587781496345997,,,,,,,,,
396,396,,,0.9334008693695068,0.9222002029418945,0.8784874677658081,1.0316321849822998,0.054139260202646255,0.5199611186981201,0.33825063705444336,0.1784457564353943
396,396,0.015842992812395096,,,,,,,,,
397,397,,,0.9329842925071716,0.9219548106193542,0.8781128525733948,1.0315552949905396,0.05403883010149002,0.5197749733924866,0.33811140060424805,0.1784457564353943
397,397,0.015807906165719032,,,,,,,,,
398,398,,,0.9325646162033081,0.921705424785614,0.877734899520874,1.0314667224884033,0.05393701419234276,0.5195814371109009,0.3379654288291931,0.1784457564353943
398,398,0.015772558748722076,,,,,,,,,
399,399,,0.015736933797597885,,,,,,,,
399,399,,,0.9321423172950745,0.9214525818824768,0.8773539662361145,1.0313661098480225,0.053833894431591034,0.5193803906440735,0.3378126621246338,0.1784457564353943
399,399,0.015736933797597885,,,,,,,,,
400,400,,,0.9317170977592468,0.9211974740028381,0.8769697546958923,1.0312527418136597,0.05372950807213783,0.5191714763641357,0.33765268325805664,0.1784457564353943
400,400,0.015701035037636757,,,,,,,,,
401,401,,,0.931288480758667,0.9209387898445129,0.8765822649002075,1.0311262607574463,0.05362384766340256,0.5189542770385742,0.33748528361320496,0.1784457564353943
401,401,0.01566486433148384,,,,,,,,,
402,402,,,0.9308583736419678,0.9206769466400146,0.8761918544769287,1.0309852361679077,0.05351705849170685,0.5187281370162964,0.3373098373413086,0.1784457564353943
402,402,0.015628397464752197,,,,,,,,,
403,403,,,0.9304245114326477,0.9204133749008179,0.8757978677749634,1.030830979347229,0.05340900644659996,0.5184943079948425,0.33712708950042725,0.1784457564353943
403,403,0.015591655857861042,,,,,,,,,
404,404,,,0.9299880862236023,0.9201458096504211,0.8754007816314697,1.030661940574646,0.05329946056008339,0.518251359462738,0.3369361162185669,0.1784457564353943
404,404,0.015554621815681458,,,,,,,,,
405,405,,,0.9295496940612793,0.9198750853538513,0.8750004172325134,1.0304772853851318,0.05318879336118698,0.5179988145828247,0.3367364704608917,0.1784457564353943
405,405,0.015517300926148891,,,,,,,,,
406,406,,,0.9291079640388489,0.919601321220398,0.874596893787384,1.0302778482437134,0.05307653173804283,0.517737627029419,0.3365287184715271,0.1784457564353943
406,406,0.015479660592973232,,,,,,,,,
407,407,,,0.9286649823188782,0.9193241596221924,0.8741904497146606,1.0300624370574951,0.05296310409903526,0.5174670219421387,0.3363124430179596,0.1784457564353943
407,407,0.015441738069057465,,,,,,,,,
408,408,,,0.9282200336456299,0.9190438389778137,0.8737808465957642,1.0298305749893188,0.052848272025585175,0.5171864628791809,0.33608707785606384,0.1784457564353943
408,408,0.015403497964143753,,,,,,,,,
409,409,,,0.9277716279029846,0.9187613725662231,0.8733677864074707,1.029581904411316,0.052732277661561966,0.5168960690498352,0.33585265278816223,0.1784457564353943
409,409,0.015364950522780418,,,,,,,,,
410,410,,,0.9273225665092468,0.9184752702713013,0.8729517459869385,1.0293159484863281,0.05261513218283653,0.5165955424308777,0.33560898900032043,0.1784457564353943
410,410,0.01532608550041914,,,,,,,,,
411,411,,,0.926871120929718,0.9181864261627197,0.8725326061248779,1.029032588005066,0.052496641874313354,0.5162848234176636,0.3353559374809265,0.1784457564353943
411,411,0.015286922454833984,,,,,,,,,
412,412,,,0.9264176487922668,0.9178942441940308,0.8721104264259338,1.028731107711792,0.05237694829702377,0.5159633755683899,0.3350931406021118,0.1784457564353943
412,412,0.015247421339154243,,,,,,,,,
413,413,,,0.9259636402130127,0.9175984263420105,0.8716853260993958,1.0284106731414795,0.052256084978580475,0.5156309008598328,0.33482035994529724,0.1784457564353943
413,413,0.015207603573799133,,,,,,,,,
414,414,,,0.9255074858665466,0.9172991514205933,0.8712571263313293,1.0280722379684448,0.05213404446840286,0.5152879953384399,0.33453792333602905,0.1784457564353943
414,414,0.015167448669672012,,,,,,,,,
415,415,,,0.9250509738922119,0.9169973731040955,0.8708263635635376,1.0277140140533447,0.05201110243797302,0.5149336457252502,0.3342451751232147,0.1784457564353943
415,415,0.015126975253224373,,,,,,,,,
416,416,,,0.9245932698249817,0.9166916012763977,0.8703924417495728,1.0273357629776,0.051887016743421555,0.514567494392395,0.333941787481308,0.1784457564353943
416,416,0.015086159110069275,,,,,,,,,
417,417,,,0.9241333603858948,0.9163830876350403,0.86995530128479,1.0269379615783691,0.051761921495199203,0.5141900777816772,0.3336280584335327,0.1784457564353943
417,417,0.015044992789626122,,,,,,,,,
418,418,,,0.9236741065979004,0.916071355342865,0.8695156574249268,1.0265192985534668,0.05163585767149925,0.5138005018234253,0.3333035409450531,0.1784457564353943
418,418,0.015003509819507599,,,,,,,,,
419,419,,,0.9232141971588135,0.9157559871673584,0.8690733909606934,1.0260802507400513,0.05150905251502991,0.513399064540863,0.3329683542251587,0.1784457564353943
419,419,0.014961677603423595,,,,,,,,,
420,420,,,0.9227536916732788,0.9154375195503235,0.8686282634735107,1.0256197452545166,0.05138152092695236,0.5129852890968323,0.3326219916343689,0.1784457564353943
420,420,0.014919502660632133,,,,,,,,,
421,421,,,0.9222936630249023,0.9151144623756409,0.8681807518005371,1.0251379013061523,0.051253367215394974,0.5125589966773987,0.33226463198661804,0.1784457564353943
421,421,0.014876999892294407,,,,,,,,,
422,422,,,0.9218333959579468,0.9147887825965881,0.8677306175231934,1.0246347188949585,0.0511244498193264,0.5121203660964966,0.33189618587493896,0.1784457564353943
422,422,0.014834131114184856,,,,,,,,,
423,423,,,0.921373724937439,0.9144594073295593,0.8672780394554138,1.0241087675094604,0.050995223224163055,0.5116683840751648,0.3315161168575287,0.1784457564353943
423,423,0.014790932647883892,,,,,,,,,
424,424,,,0.920913815498352,0.9141262769699097,0.8668228387832642,1.023560881614685,0.0508652999997139,0.5112037062644958,0.3311246633529663,0.1784457564353943
424,424,0.01474737748503685,,,,,,,,,
425,425,,,0.9204553365707397,0.9137900471687317,0.866365373134613,1.0229902267456055,0.050735052675008774,0.5107256770133972,0.3307216167449951,0.1784457564353943
425,425,0.01470347959548235,,,,,,,,,
426,426,,,0.9199976921081543,0.913450300693512,0.86590576171875,1.0223970413208008,0.05060460790991783,0.5102343559265137,0.3303070664405823,0.1784457564353943
426,426,0.014659232459962368,,,,,,,,,
427,427,,,0.9195420742034912,0.9131056070327759,0.8654442429542542,1.0217804908752441,0.05047406256198883,0.5097295045852661,0.32988080382347107,0.1784457564353943
427,427,0.014614643529057503,,,,,,,,,
428,428,,,0.9190869331359863,0.9127576947212219,0.8649803996086121,1.0211411714553833,0.05034351348876953,0.5092112421989441,0.3294428586959839,0.1784457564353943
428,428,0.014569718390703201,,,,,,,,,
429,429,,,0.9186340570449829,0.9124059677124023,0.8645147681236267,1.0204782485961914,0.05021291971206665,0.5086787939071655,0.328993022441864,0.1784457564353943
429,429,0.014524450525641441,,,,,,,,,
430,430,,,0.9181828498840332,0.9120512008666992,0.8640471696853638,1.0197924375534058,0.05008244141936302,0.5081329941749573,0.3285316824913025,0.1784457564353943
430,430,0.014478839002549648,,,,,,,,,
431,431,,,0.9177340269088745,0.9116925001144409,0.8635779023170471,1.0190829038619995,0.049952611327171326,0.507573127746582,0.3280584514141083,0.1784457564353943
431,431,0.014432894065976143,,,,,,,,,
432,432,,,0.9172878861427307,0.9113290905952454,0.8631070852279663,1.018349289894104,0.04982306435704231,0.506998598575592,0.32757315039634705,0.1784457564353943
432,432,0.014386630617082119,,,,,,,,,
433,433,,,0.9168441891670227,0.9109628200531006,0.8626346588134766,1.0175927877426147,0.0496937558054924,0.5064104795455933,0.3270764648914337,0.1784457564353943
433,433,0.014340025372803211,,,,,,,,,
434,434,,,0.9164042472839355,0.910591721534729,0.8621610999107361,1.0168133974075317,0.04956527799367905,0.5058086514472961,0.3265685439109802,0.1784457564353943
434,434,0.014293121173977852,,,,,,,,,
435,435,,,0.9159668684005737,0.9102168083190918,0.8616861701011658,1.0160096883773804,0.04943746700882912,0.50519198179245,0.32604852318763733,0.1784457564353943
435,435,0.01424589566886425,,,,,,,,,
436,436,,,0.9155325889587402,0.9098383784294128,0.8612099885940552,1.0151828527450562,0.049310535192489624,0.5045609474182129,0.325516939163208,0.1784457564353943
436,436,0.01419836189597845,,,,,,,,,
437,437,,,0.9151024222373962,0.9094561338424683,0.8607327342033386,1.0143333673477173,0.04918454959988594,0.503916323184967,0.32497438788414,0.1784457564353943
437,437,0.01415053941309452,,,,,,,,,
438,438,,,0.9146766066551208,0.9090702533721924,0.8602548837661743,1.0134609937667847,0.04905964434146881,0.5032575726509094,0.3244207799434662,0.1784457564353943
438,438,0.014102415181696415,,,,,,,,,
439,439,,,0.9142550826072693,0.9086801409721375,0.859776496887207,1.0125656127929688,0.04893599823117256,0.5025841593742371,0.32385581731796265,0.1784457564353943
439,439,0.01405402272939682,,,,,,,,,
440,440,,,0.9138380289077759,0.908286452293396,0.8592973947525024,1.011648178100586,0.04881366342306137,0.5018971562385559,0.3232802450656891,0.1784457564353943
440,440,0.014005356468260288,,,,,,,,,
441,441,,,0.9134257435798645,0.9078880548477173,0.8588179349899292,1.010709524154663,0.048692528158426285,0.5011966824531555,0.32269448041915894,0.1784457564353943
441,441,0.013956435956060886,,,,,,,,,
442,442,,,0.9130182862281799,0.9074873924255371,0.8583382964134216,1.009748935699463,0.048572808504104614,0.5004819631576538,0.322098046541214,0.1784457564353943
442,442,0.013907268643379211,,,,,,,,,
443,443,,,0.912615954875946,0.9070827960968018,0.857858419418335,1.008767008781433,0.048454832285642624,0.4997534453868866,0.32149145007133484,0.1784457564353943
443,443,0.013857867568731308,,,,,,,,,
444,444,,,0.9122185707092285,0.9066734313964844,0.8573785424232483,1.0077649354934692,0.048338573426008224,0.4990119934082031,0.32087528705596924,0.1784457564353943
444,444,0.01380824763327837,,,,,,,,,
445,445,,,0.9118284583091736,0.906262218952179,0.8568994402885437,1.0067429542541504,0.048223827034235,0.4982573688030243,0.32024991512298584,0.1784457564353943
445,445,0.013758424669504166,,,,,,,,,
446,446,,,0.9114433526992798,0.905846357345581,0.8564206957817078,1.0057024955749512,0.04811060056090355,0.4974898397922516,0.3196156620979309,0.1784457564353943
446,446,0.01370840985327959,,,,,,,,,
447,447,,,0.9110649228096008,0.9054281711578369,0.8559424877166748,1.0046429634094238,0.047999557107686996,0.4967096447944641,0.31897270679473877,0.1784457564353943
447,447,0.013658221811056137,,,,,,,,,
448,448,,,0.9106916785240173,0.9050055742263794,0.8554648160934448,1.003565788269043,0.04789039492607117,0.4959171712398529,0.31832143664360046,0.1784457564353943
448,448,0.013607884757220745,,,,,,,,,
449,449,,0.013557403348386288,,,,,,,,
449,449,,,0.9103246331214905,0.9045798182487488,0.8549880981445312,1.0024725198745728,0.04778295010328293,0.4951130449771881,0.31766268610954285,0.1784457564353943
449,449,0.013557403348386288,,,,,,,,,
450,450,,,0.909966766834259,0.9041535258293152,0.8545133471488953,1.0013623237609863,0.047677695751190186,0.49429696798324585,0.31699657440185547,0.1784457564353943
450,450,0.013506812043488026,,,,,,,,,
451,451,,,0.9096129536628723,0.9037208557128906,0.8540391325950623,1.0002384185791016,0.04757404699921608,0.49347034096717834,0.31632399559020996,0.1784457564353943
451,451,0.013456123881042004,,,,,,,,,
452,452,,,0.9092677235603333,0.9032889008522034,0.8535666465759277,0.9990994334220886,0.047472596168518066,0.49263253808021545,0.31564491987228394,0.1784457564353943
452,452,0.013405339792370796,,,,,,,,,
453,453,,,0.9089287519454956,0.9028505682945251,0.8530958890914917,0.9979484677314758,0.047372810542583466,0.4917846620082855,0.3149603605270386,0.1784457564353943
453,453,0.013354497030377388,,,,,,,,,
454,454,,,0.9085971117019653,0.9024142622947693,0.8526270985603333,0.9967861771583557,0.047275103628635406,0.4909277856349945,0.3142712116241455,0.1784457564353943
454,454,0.013303626328706741,,,,,,,,,
455,455,,,0.9082730412483215,0.9019712805747986,0.8521602749824524,0.9956130981445312,0.04717934504151344,0.4900612235069275,0.313577264547348,0.1784457564353943
455,455,0.013252735137939453,,,,,,,,,
456,456,,,0.9079557657241821,0.9015297889709473,0.8516955971717834,0.9944313168525696,0.04708542674779892,0.48918649554252625,0.31287986040115356,0.1784457564353943
456,456,0.013201847672462463,,,,,,,,,
457,457,,,0.9076463580131531,0.9010841846466064,0.8512335419654846,0.9932418465614319,0.0469931922852993,0.4883038103580475,0.3121793866157532,0.1784457564353943
457,457,0.013150987215340137,,,,,,,,,
458,458,,,0.9073449969291687,0.9006378650665283,0.8507741093635559,0.9920462369918823,0.0469028539955616,0.48741430044174194,0.31147679686546326,0.1784457564353943
458,458,0.01310016680508852,,,,,,,,,
459,459,,,0.9070495367050171,0.9001898765563965,0.850317120552063,0.9908458590507507,0.04681415110826492,0.486517995595932,0.3107723891735077,0.1784457564353943
459,459,0.01304942648857832,,,,,,,,,
460,460,,,0.9067628383636475,0.8997395038604736,0.8498631715774536,0.9896416664123535,0.04672716185450554,0.48561567068099976,0.31006699800491333,0.1784457564353943
460,460,0.01299878116697073,,,,,,,,,
461,461,,,0.9064829349517822,0.8992894887924194,0.8494125008583069,0.9884369373321533,0.04664184898138046,0.48470938205718994,0.30936211347579956,0.1784457564353943
461,461,0.012948250398039818,,,,,,,,,
462,462,,,0.9062104821205139,0.8988357782363892,0.8489649295806885,0.9872313141822815,0.046557821333408356,0.48379775881767273,0.30865734815597534,0.1784457564353943
462,462,0.01289785373955965,,,,,,,,,
463,463,,,0.9059465527534485,0.8983863592147827,0.8485207557678223,0.9860270619392395,0.04647550731897354,0.48288312554359436,0.3079542815685272,0.1784457564353943
463,463,0.012847624719142914,,,,,,,,,
464,464,,,0.9056870937347412,0.89792799949646,0.8480799198150635,0.9848275184631348,0.04639414697885513,0.4819662868976593,0.3072536885738373,0.1784457564353943
464,464,0.012797567062079906,,,,,,,,,
465,465,,,0.9054385423660278,0.8974807858467102,0.847643256187439,0.9836317300796509,0.04631423205137253,0.48104754090309143,0.3065563440322876,0.1784457564353943
465,465,0.012747722677886486,,,,,,,,,
466,466,,,0.9051933884620667,0.8970180749893188,0.8472099304199219,0.9824438691139221,0.04623491317033768,0.48012733459472656,0.30586251616477966,0.1784457564353943
466,466,0.012698112986981869,,,,,,,,,
467,467,,,0.9049588441848755,0.8965746760368347,0.8467809557914734,0.9812641143798828,0.04615733027458191,0.47920867800712585,0.30517449975013733,0.1784457564353943
467,467,0.012648740783333778,,,,,,,,,
468,468,,,0.9047264456748962,0.8961056470870972,0.8463554978370667,0.9800951480865479,0.04607987031340599,0.47828859090805054,0.3044906258583069,0.1784457564353943
468,468,0.012599621899425983,,,,,,,,,
469,469,,,0.9045072793960571,0.8956727385520935,0.8459351658821106,0.978938102722168,0.04600443318486214,0.4773733615875244,0.3038153052330017,0.1784457564353943
469,469,0.01255080010741949,,,,,,,,,
470,470,,,0.9042843580245972,0.8951875567436218,0.8455180525779724,0.9777970314025879,0.04592825099825859,0.47645753622055054,0.30314505100250244,0.1784457564353943
470,470,0.01250228937715292,,,,,,,,,
471,471,,,0.9040839672088623,0.8947814106941223,0.8451070189476013,0.9766690731048584,0.04585487022995949,0.47554999589920044,0.3024863302707672,0.1784457564353943
471,471,0.01245408970862627,,,,,,,,,
472,472,,,0.9038635492324829,0.8942559957504272,0.844697892665863,0.9755632281303406,0.045778919011354446,0.4746394455432892,0.30183133482933044,0.1784457564353943
472,472,0.012406237423419952,,,,,,,,,
473,473,,,0.9036906361579895,0.8939200043678284,0.8442975282669067,0.9744715690612793,0.04570876061916351,0.4737476408481598,0.30119526386260986,0.1784457564353943
473,473,0.012358730658888817,,,,,,,,,
474,474,,,0.9034549593925476,0.8932807445526123,0.8438960909843445,0.973410964012146,0.04563082382082939,0.47284069657325745,0.30055537819862366,0.1784457564353943
474,474,0.012311614118516445,,,,,,,,,
475,475,,,0.9033395051956177,0.8931484222412109,0.8435083031654358,0.9723590016365051,0.04556678608059883,0.4719776511192322,0.2999517321586609,0.1784457564353943
475,475,0.012264875695109367,,,,,,,,,
476,476,,,0.9030317068099976,0.8921551704406738,0.8431116938591003,0.9713574647903442,0.045481327921152115,0.47106048464775085,0.29931819438934326,0.1784457564353943
476,476,0.012218552641570568,,,,,,,,,
477,477,,,0.9030755758285522,0.8926674127578735,0.842741847038269,0.9703410267829895,0.045433200895786285,0.47026270627975464,0.29877230525016785,0.1784457564353943
477,477,0.012172692455351353,,,,,,,,,
478,478,,,0.9025038480758667,0.8905085921287537,0.8423420190811157,0.9694263935089111,0.04532218724489212,0.46927696466445923,0.2981070876121521,0.1784457564353943
478,478,0.012127451598644257,,,,,,,,,
479,479,,,0.9030740857124329,0.8932263255119324,0.8419970870018005,0.9684163331985474,0.045322950929403305,0.46866917610168457,0.2977023422718048,0.1784457564353943
479,479,0.012083256617188454,,,,,,,,,
480,480,,,0.9015312194824219,0.8869647979736328,0.8415595889091492,0.9676653146743774,0.0451258085668087,0.4673851430416107,0.2968543767929077,0.1784457564353943
480,480,0.012041832320392132,,,,,,,,,
481,481,,,0.9040705561637878,0.8979254364967346,0.8412137031555176,0.9665385484695435,0.04529229551553726,0.4674382507801056,0.2969048023223877,0.1784457564353943
481,481,0.012009209021925926,,,,,,,,,
482,482,,,0.8988280296325684,0.8766596913337708,0.8403404951095581,0.9662451148033142,0.04479342699050903,0.46496203541755676,0.29528215527534485,0.1784457564353943
482,482,0.01200913917273283,,,,,,,,,
483,483,,,0.9095821976661682,0.9219817519187927,0.8397115468978882,0.9645187854766846,0.04557407274842262,0.4676176607608795,0.2971402406692505,0.1784457564353943
483,483,0.01213502325117588,,,,,,,,,
484,484,,,0.8905396461486816,0.8513653874397278,0.8297714591026306,0.9663158655166626,0.04398154839873314,0.46076855063438416,0.2923531234264374,0.1784457564353943
484,484,0.012761720456182957,,,,,,,,,
485,485,,,0.9398375749588013,1.04827880859375,0.8389738202095032,0.9610282778739929,0.0475398525595665,0.47321200370788574,0.30291640758514404,0.1784457564353943
485,485,0.015353658236563206,,,,,,,,,
486,486,,,0.8761894702911377,0.8938863277435303,0.7998320460319519,0.9805092811584473,0.04194941744208336,0.4605800211429596,0.2953132688999176,0.1784457564353943
486,486,0.024526124820113182,,,,,,,,,
487,487,,,1.0376341342926025,1.306435465812683,0.8546853065490723,0.9378750324249268,0.05871737748384476,0.4779430031776428,0.313488245010376,0.1784457564353943
487,487,0.04896632209420204,,,,,,,,,
488,488,,,0.8295382261276245,0.8697757720947266,0.7609646916389465,1.0165361166000366,0.042891569435596466,0.48562556505203247,0.3075084984302521,0.1784457564353943
488,488,0.07383520901203156,,,,,,,,,
489,489,,,0.978661060333252,0.9723918437957764,0.8068609237670898,0.9047982692718506,0.058878425508737564,0.43967097997665405,0.27417436242103577,0.1784457564353943
489,489,0.061536118388175964,,,,,,,,,
490,490,,,0.9208093881607056,1.157051682472229,0.8522244095802307,0.9521846175193787,0.054663874208927155,0.4708932936191559,0.3031218349933624,0.1784457564353943
490,490,0.02209240198135376,,,,,,,,,
491,491,,,0.8301765322685242,0.8417301177978516,0.7773462533950806,1.0030505657196045,0.04117147624492645,0.48440131545066833,0.30273449420928955,0.1784457564353943
491,491,0.03283892199397087,,,,,,,,,
492,492,,,0.9424663186073303,0.9455329775810242,0.8287718892097473,0.9062445163726807,0.04726327210664749,0.43583619594573975,0.27246859669685364,0.1784457564353943
492,492,0.03733248636126518,,,,,,,,,
493,493,,,0.9359950423240662,1.1639792919158936,0.8607296943664551,0.9242728352546692,0.04832327738404274,0.4485684931278229,0.29077380895614624,0.1784457564353943
493,493,0.019860360771417618,,,,,,,,,
494,494,,,0.848278284072876,0.862272322177887,0.8162788152694702,1.0009905099868774,0.035325855016708374,0.4870026409626007,0.3071948289871216,0.1784457564353943
494,494,0.032403506338596344,,,,,,,,,
495,495,,,0.8917919993400574,0.9244638085365295,0.8323357105255127,0.9583187699317932,0.0378974974155426,0.4626252055168152,0.2922583222389221,0.1784457564353943
495,495,0.019363198429346085,,,,,,,,,
496,496,,,0.9417456388473511,1.0479700565338135,0.8521662950515747,0.9017438888549805,0.04670494422316551,0.4289567470550537,0.27483072876930237,0.1784457564353943
496,496,0.02439964935183525,,,,,,,,,
497,497,,,0.8987292647361755,0.990365743637085,0.8444778919219971,0.950512707233429,0.04536512494087219,0.45820218324661255,0.2920863926410675,0.1784457564353943
497,497,0.02246984839439392,,,,,,,,,
498,498,,,0.871554970741272,0.8751162886619568,0.8152246475219727,0.9987987875938416,0.04370151832699776,0.4912949502468109,0.30897605419158936,0.1784457564353943
498,498,0.016301890835165977,,,,,,,,,
499,499,,0.024519339203834534,,,,,,,,
499,499,,,0.9029982089996338,0.8689086437225342,0.8362076282501221,0.9412540793418884,0.048396941274404526,0.4446495771408081,0.2820584177970886,0.1784457564353943
499,499,0.024519339203834534,,,,,,,,,
500,500,,,0.9325042366981506,1.0533241033554077,0.8514790534973145,0.9206142425537109,0.05510758236050606,0.4357908368110657,0.2820669412612915,0.1784457564353943
500,500,0.012932738289237022,,,,,,,,,
501,501,,,0.9045379757881165,0.8760367631912231,0.8303117752075195,0.978717565536499,0.04670020937919617,0.47746342420578003,0.30189669132232666,0.1784457564353943
501,501,0.022417666390538216,,,,,,,,,
502,502,,,0.8764514327049255,0.8524641990661621,0.8175877332687378,1.0019903182983398,0.04123416543006897,0.48102036118507385,0.3077538311481476,0.1784457564353943
502,502,0.013157283887267113,,,,,,,,,
503,503,,,0.8919048309326172,0.9103116393089294,0.8321462869644165,0.9600449204444885,0.043428935110569,0.4483630359172821,0.28954583406448364,0.1784457564353943
503,503,0.019417300820350647,,,,,,,,,
504,504,,,0.9206647276878357,0.9528759717941284,0.83380126953125,0.9560533165931702,0.04658880457282066,0.45898863673210144,0.2934778928756714,0.1784457564353943
504,504,0.013604830950498581,,,,,,,,,
505,505,,,0.903475821018219,0.8741105794906616,0.8254926204681396,0.9876660108566284,0.04010816663503647,0.4719267189502716,0.3034214377403259,0.1784457564353943
505,505,0.017681440338492393,,,,,,,,,
506,506,,,0.8780383467674255,0.8476033210754395,0.8196467161178589,1.004411220550537,0.03933477774262428,0.47283777594566345,0.30702072381973267,0.1784457564353943
506,506,0.013229433447122574,,,,,,,,,
507,507,,,0.8821141123771667,0.8919464945793152,0.8232139945030212,0.9792211055755615,0.0462305061519146,0.46553611755371094,0.2980751097202301,0.1784457564353943
507,507,0.01667838543653488,,,,,,,,,
508,508,,,0.9067010283470154,0.9046002626419067,0.8253104090690613,0.962057888507843,0.04916079342365265,0.4608727991580963,0.2929958403110504,0.1784457564353943
508,508,0.012974843382835388,,,,,,,,,
509,509,,,0.9015809893608093,0.8972752690315247,0.8233343958854675,0.9757534861564636,0.043648019433021545,0.45518743991851807,0.2960115671157837,0.1784457564353943
509,509,0.015520419925451279,,,,,,,,,
510,510,,,0.8806176781654358,0.8647338151931763,0.8226491212844849,1.0060362815856934,0.04375556856393814,0.4772830307483673,0.3094547390937805,0.1784457564353943
510,510,0.013218660838901997,,,,,,,,,
511,511,,,0.8753770589828491,0.8783410787582397,0.8210322856903076,0.9900602102279663,0.04831584915518761,0.47805842757225037,0.3037014603614807,0.1784457564353943
511,511,0.014237913303077221,,,,,,,,,
512,512,,,0.8965784907341003,0.909835696220398,0.8265883326530457,0.9523380994796753,0.0470438152551651,0.4465733766555786,0.28629270195961,0.1784457564353943
512,512,0.013432406820356846,,,,,,,,,
513,513,,,0.9046491980552673,0.9158987402915955,0.8227258920669556,0.9671338200569153,0.042362771928310394,0.44927307963371277,0.29240182042121887,0.1784457564353943
513,513,0.013394467532634735,,,,,,,,,
514,514,,,0.8864943981170654,0.8768393993377686,0.8260148763656616,1.0056804418563843,0.04252832382917404,0.4853448271751404,0.3120238482952118,0.1784457564353943
514,514,0.01321673858910799,,,,,,,,,
515,515,,,0.8737837672233582,0.8846300840377808,0.8242873549461365,0.9829198718070984,0.04603534936904907,0.47304266691207886,0.30037832260131836,0.1784457564353943
515,515,0.013083788566291332,,,,,,,,,
516,516,,,0.8929799795150757,0.904274046421051,0.8287556767463684,0.9401946663856506,0.04698258638381958,0.43684282898902893,0.2799292802810669,0.1784457564353943
516,516,0.012788847088813782,,,,,,,,,
517,517,,,0.9116845726966858,0.9051823616027832,0.827633261680603,0.9587070941925049,0.04568567872047424,0.4513024687767029,0.2903518080711365,0.1784457564353943
517,517,0.012903778813779354,,,,,,,,,
518,518,,,0.89639812707901,0.8891525864601135,0.8296838998794556,0.9933398962020874,0.04658849537372589,0.4813529849052429,0.3078736662864685,0.1784457564353943
518,518,0.012517590075731277,,,,,,,,,
519,519,,,0.8765383362770081,0.8970702290534973,0.8264032006263733,0.9725341200828552,0.04912509769201279,0.46416181325912476,0.2954740524291992,0.1784457564353943
519,519,0.012582805007696152,,,,,,,,,
520,520,,,0.8905828595161438,0.8858282566070557,0.8277419209480286,0.9418917298316956,0.05084580183029175,0.44139066338539124,0.2806697189807892,0.1784457564353943
520,520,0.012440201826393604,,,,,,,,,
521,521,,,0.9124834537506104,0.8933570981025696,0.8324949145317078,0.9561695456504822,0.048702437430620193,0.45348119735717773,0.29001808166503906,0.1784457564353943
521,521,0.012232217937707901,,,,,,,,,
522,522,,,0.9003115892410278,0.9020913243293762,0.8306249976158142,0.9811738133430481,0.046851761639118195,0.47009995579719543,0.3017345070838928,0.1784457564353943
522,522,0.012329528108239174,,,,,,,,,
523,523,,,0.8801426291465759,0.8914099931716919,0.8239263296127319,0.973008930683136,0.046651363372802734,0.463819682598114,0.2954103648662567,0.1784457564353943
523,523,0.012031600810587406,,,,,,,,,
524,524,,,0.8902769088745117,0.8681499361991882,0.8262693285942078,0.9508583545684814,0.04891088977456093,0.44973626732826233,0.28481847047805786,0.1784457564353943
524,524,0.01212229486554861,,,,,,,,,
525,525,,,0.9105348587036133,0.8813575506210327,0.8360462784767151,0.9512906074523926,0.04847947508096695,0.4482901096343994,0.28708499670028687,0.1784457564353943
525,525,0.011919010430574417,,,,,,,,,
526,526,,,0.9000571966171265,0.897796630859375,0.8297573328018188,0.9712130427360535,0.04698267951607704,0.4617292582988739,0.2961907982826233,0.1784457564353943
526,526,0.011962685734033585,,,,,,,,,
527,527,,,0.886199414730072,0.8808007836341858,0.8214085698127747,0.9750126004219055,0.04744800552725792,0.4670632481575012,0.2966609001159668,0.1784457564353943
527,527,0.01175186038017273,,,,,,,,,
528,528,,,0.8944394588470459,0.8680000901222229,0.8286787867546082,0.955307126045227,0.050402719527482986,0.4516831934452057,0.2872246503829956,0.1784457564353943
528,528,0.01191030628979206,,,,,,,,,
529,529,,,0.9085548520088196,0.8773027062416077,0.8369896411895752,0.9487130045890808,0.05094831436872482,0.4445279538631439,0.28528162837028503,0.1784457564353943
529,529,0.01155772153288126,,,,,,,,,
530,530,,,0.8984031081199646,0.8858993649482727,0.82756507396698,0.9671475887298584,0.048636019229888916,0.4598452150821686,0.29373323917388916,0.1784457564353943
530,530,0.011844401247799397,,,,,,,,,
531,531,,,0.8903511762619019,0.8820073008537292,0.8230331540107727,0.9749306440353394,0.047762759029865265,0.46602678298950195,0.2968311011791229,0.1784457564353943
531,531,0.01145580131560564,,,,,,,,,
532,532,,,0.8977214694023132,0.8738090395927429,0.8324853181838989,0.9591835737228394,0.04961227625608444,0.45190927386283875,0.28931015729904175,0.1784457564353943
532,532,0.011692309752106667,,,,,,,,,
533,533,,,0.9048577547073364,0.868190586566925,0.8349714279174805,0.9509296417236328,0.050403665751218796,0.44659340381622314,0.28581860661506653,0.1784457564353943
533,533,0.011426528915762901,,,,,,,,,
534,534,,,0.8978214263916016,0.8775514364242554,0.8274299502372742,0.9620742797851562,0.04873697832226753,0.45587289333343506,0.2908311188220978,0.1784457564353943
534,534,0.011538336053490639,,,,,,,,,
535,535,,,0.8937680721282959,0.8870165348052979,0.8269258737564087,0.9706337451934814,0.04832306131720543,0.4607726037502289,0.2948680520057678,0.1784457564353943
535,535,0.01136573776602745,,,,,,,,,
536,536,,,0.8995269536972046,0.8742308020591736,0.8330544233322144,0.9624215364456177,0.05033944174647331,0.4548942744731903,0.2912348210811615,0.1784457564353943
536,536,0.011442616581916809,,,,,,,,,
537,537,,,0.9017588496208191,0.8675737380981445,0.8325768709182739,0.9512394666671753,0.05164988711476326,0.44729143381118774,0.28566795587539673,0.1784457564353943
537,537,0.01128381211310625,,,,,,,,,
538,538,,,0.8973646759986877,0.8818487524986267,0.8290064930915833,0.9560433626174927,0.05073969438672066,0.4496273398399353,0.2876632809638977,0.1784457564353943
538,538,0.011345252394676208,,,,,,,,,
539,539,,,0.8956469297409058,0.8864485025405884,0.8291010856628418,0.9687307476997375,0.050170108675956726,0.45939117670059204,0.2941863536834717,0.1784457564353943
539,539,0.011239489540457726,,,,,,,,,
540,540,,,0.8981795310974121,0.8754275441169739,0.8314070105552673,0.9643720984458923,0.0505080446600914,0.4563025236129761,0.29203158617019653,0.1784457564353943
540,540,0.011230546049773693,,,,,,,,,
541,541,,,0.898169219493866,0.8741984963417053,0.8312349915504456,0.9510746598243713,0.05074041709303856,0.44479185342788696,0.2849636971950531,0.1784457564353943
541,541,0.011196643114089966,,,,,,,,,
542,542,,,0.8964201211929321,0.8800860643386841,0.8301044702529907,0.9555018544197083,0.050290390849113464,0.44877660274505615,0.28728294372558594,0.1784457564353943
542,542,0.011150992475450039,,,,,,,,,
543,543,,,0.896153450012207,0.8788923025131226,0.8299086689949036,0.9669854044914246,0.049518950283527374,0.4580382704734802,0.29316526651382446,0.1784457564353943
543,543,0.011124243028461933,,,,,,,,,
544,544,,,0.8972985148429871,0.8779208064079285,0.8301323056221008,0.962296724319458,0.04926326870918274,0.4522438049316406,0.29037466645240784,0.1784457564353943
544,544,0.011087313294410706,,,,,,,,,
545,545,,,0.898161768913269,0.8755337595939636,0.8304420709609985,0.9534837603569031,0.05014580115675926,0.44591787457466125,0.2860032916069031,0.1784457564353943
545,545,0.011067640036344528,,,,,,,,,
546,546,,,0.8981223106384277,0.8740562796592712,0.8306845426559448,0.956397533416748,0.0507323183119297,0.4497961401939392,0.2877861559391022,0.1784457564353943
546,546,0.011003567837178707,,,,,,,,,
547,547,,,0.897400438785553,0.8758278489112854,0.830313503742218,0.9621315598487854,0.04990099370479584,0.4520411491394043,0.290239542722702,0.1784457564353943
547,547,0.011020961217582226,,,,,,,,,
548,548,,,0.8980788588523865,0.8757025003433228,0.8295878767967224,0.9620538353919983,0.049458954483270645,0.45092645287513733,0.2899620532989502,0.1784457564353943
548,548,0.010937478393316269,,,,,,,,,
549,549,,0.010949134826660156,,,,,,,,
549,549,,,0.8996354937553406,0.8724023699760437,0.8302105665206909,0.9581066966056824,0.05025782436132431,0.44952571392059326,0.2883385419845581,0.1784457564353943
549,549,0.010949134826660156,,,,,,,,,
550,550,,,0.8991434574127197,0.8718274235725403,0.830851674079895,0.956006646156311,0.05045148730278015,0.44703200459480286,0.2871042490005493,0.1784457564353943
550,550,0.010892649181187153,,,,,,,,,
551,551,,,0.8977605104446411,0.8690652251243591,0.8298640251159668,0.960166871547699,0.04950029030442238,0.44870442152023315,0.28866270184516907,0.1784457564353943
551,551,0.010880082845687866,,,,,,,,,
552,552,,,0.8983595967292786,0.8700200915336609,0.8292917609214783,0.9640212059020996,0.049076780676841736,0.45215660333633423,0.2907407581806183,0.1784457564353943
552,552,0.010838489979505539,,,,,,,,,
553,553,,,0.8996654152870178,0.8732954859733582,0.829891562461853,0.9600594639778137,0.04961064085364342,0.4489673376083374,0.28891417384147644,0.1784457564353943
553,553,0.010820833966135979,,,,,,,,,
554,554,,,0.89924156665802,0.8676226735115051,0.8297730088233948,0.956393301486969,0.05000516027212143,0.4454965591430664,0.28673046827316284,0.1784457564353943
554,554,0.010789478197693825,,,,,,,,,
555,555,,,0.897953450679779,0.8641915917396545,0.8291958570480347,0.9602649211883545,0.04981406033039093,0.4481421411037445,0.28840604424476624,0.1784457564353943
555,555,0.010756262578070164,,,,,,,,,
556,556,,,0.8978493809700012,0.8716393113136292,0.8290334343910217,0.9640129804611206,0.049561381340026855,0.45051309466362,0.29040029644966125,0.1784457564353943
556,556,0.010739866644144058,,,,,,,,,
557,557,,,0.8986846804618835,0.8720185160636902,0.8286547064781189,0.9614174365997314,0.04965508356690407,0.44855037331581116,0.28911396861076355,0.1784457564353943
557,557,0.010704897344112396,,,,,,,,,
558,558,,,0.8983010053634644,0.8647627830505371,0.8289031386375427,0.9582091569900513,0.04992460086941719,0.44566765427589417,0.287196546792984,0.1784457564353943
558,558,0.010679042898118496,,,,,,,,,
559,559,,,0.896783709526062,0.8660784959793091,0.8292217254638672,0.9608321189880371,0.04977475851774216,0.44669514894485474,0.28830036520957947,0.1784457564353943
559,559,0.01065633911639452,,,,,,,,,
560,560,,,0.8963707685470581,0.8703763484954834,0.828154444694519,0.964850127696991,0.04922449588775635,0.449949711561203,0.29038557410240173,0.1784457564353943
560,560,0.010626639239490032,,,,,,,,,
561,561,,,0.8970734477043152,0.8694369196891785,0.8279024362564087,0.9631171822547913,0.04903053864836693,0.44823282957077026,0.28941869735717773,0.1784457564353943
561,561,0.010602002963423729,,,,,,,,,
562,562,,,0.8968539834022522,0.8667094707489014,0.8291052579879761,0.9604330658912659,0.04944600909948349,0.4451186954975128,0.28785473108291626,0.1784457564353943
562,562,0.010574114508926868,,,,,,,,,
563,563,,,0.8957954049110413,0.8658972978591919,0.828687846660614,0.9629166722297668,0.0495465062558651,0.44726866483688354,0.28904467821121216,0.1784457564353943
563,563,0.010553574189543724,,,,,,,,,
564,564,,,0.8955649137496948,0.8688945770263672,0.8275110125541687,0.9655309319496155,0.049142081290483475,0.44885674118995667,0.2902640402317047,0.1784457564353943
564,564,0.010521503165364265,,,,,,,,,
565,565,,,0.896291196346283,0.8698917627334595,0.8282197713851929,0.9648333787918091,0.04921337589621544,0.44723445177078247,0.28982025384902954,0.1784457564353943
565,565,0.010501166805624962,,,,,,,,,
566,566,,,0.8963987231254578,0.8661031126976013,0.8289300799369812,0.9641143083572388,0.04966067522764206,0.44679349660873413,0.2894372344017029,0.1784457564353943
566,566,0.010473922826349735,,,,,,,,,
567,567,,,0.895301103591919,0.8661905527114868,0.8278919458389282,0.964973509311676,0.04957490786910057,0.4469667673110962,0.28962773084640503,0.1784457564353943
567,567,0.010450153611600399,,,,,,,,,
568,568,,,0.895058810710907,0.8679842948913574,0.82758629322052,0.9671313166618347,0.04923165589570999,0.4477136433124542,0.2905547618865967,0.1784457564353943
568,568,0.010424180887639523,,,,,,,,,
569,569,,,0.895891547203064,0.8669565320014954,0.8284401297569275,0.968390941619873,0.04923490062355995,0.44850367307662964,0.29125458002090454,0.1784457564353943
569,569,0.010398932732641697,,,,,,,,,
570,570,,,0.8957415223121643,0.8667126893997192,0.8281680941581726,0.9674409031867981,0.049343351274728775,0.4470946192741394,0.2905948758125305,0.1784457564353943
570,570,0.010378208942711353,,,,,,,,,
571,571,,,0.8949467539787292,0.8656956553459167,0.8274477124214172,0.9679169058799744,0.04938599094748497,0.44694948196411133,0.29060012102127075,0.1784457564353943
571,571,0.01034760382026434,,,,,,,,,
572,572,,,0.8949478268623352,0.864841878414154,0.8279048800468445,0.9703186750411987,0.04939492046833038,0.44850215315818787,0.2917836308479309,0.1784457564353943
572,572,0.010328579694032669,,,,,,,,,
573,573,,,0.8955356478691101,0.8670220375061035,0.8280754685401917,0.9711083769798279,0.04931037127971649,0.44824132323265076,0.2921236455440521,0.1784457564353943
573,573,0.010300850495696068,,,,,,,,,
574,574,,,0.8956980109214783,0.8661762475967407,0.8275138735771179,0.9708950519561768,0.049372997134923935,0.4478328227996826,0.29190534353256226,0.1784457564353943
574,574,0.010278916917741299,,,,,,,,,
575,575,,,0.8951278924942017,0.8638121485710144,0.8276883363723755,0.9715868830680847,0.04962317645549774,0.4480159878730774,0.29210495948791504,0.1784457564353943
575,575,0.010253223590552807,,,,,,,,,
576,576,,,0.8950322866439819,0.8643830418586731,0.8280138373374939,0.9729282855987549,0.04955855384469032,0.4481545686721802,0.29265013337135315,0.1784457564353943
576,576,0.010229545645415783,,,,,,,,,
577,577,,,0.8957619071006775,0.8653672337532043,0.8276509642601013,0.9741971492767334,0.049263015389442444,0.44889765977859497,0.2932952046394348,0.1784457564353943
577,577,0.010206514969468117,,,,,,,,,
578,578,,,0.8957078456878662,0.8650867938995361,0.8277000784873962,0.9746922254562378,0.04932177811861038,0.4488198459148407,0.2934504747390747,0.1784457564353943
578,578,0.01018198486417532,,,,,,,,,
579,579,,,0.8951328992843628,0.8628817796707153,0.8280718326568604,0.975044846534729,0.049525730311870575,0.4484083652496338,0.29342982172966003,0.1784457564353943
579,579,0.0101576903834939,,,,,,,,,
580,580,,,0.8954441547393799,0.8625760078430176,0.8279273509979248,0.976144015789032,0.04941039904952049,0.448911190032959,0.29392409324645996,0.1784457564353943
580,580,0.010135075077414513,,,,,,,,,
581,581,,,0.8958799839019775,0.8652340173721313,0.8278639912605286,0.9775477051734924,0.049305569380521774,0.4494340121746063,0.2946293354034424,0.1784457564353943
581,581,0.010110549628734589,,,,,,,,,
582,582,,,0.895628035068512,0.8636146783828735,0.8281905651092529,0.978400468826294,0.04948832467198372,0.44968029856681824,0.29495370388031006,0.1784457564353943
582,582,0.010088013485074043,,,,,,,,,
583,583,,,0.895382285118103,0.8614587783813477,0.8281851410865784,0.9785838723182678,0.04962800443172455,0.4492809772491455,0.2948647439479828,0.1784457564353943
583,583,0.010063054971396923,,,,,,,,,
584,584,,,0.8957269191741943,0.8632200956344604,0.8281219601631165,0.9795259833335876,0.0495835579931736,0.449451208114624,0.2953032851219177,0.1784457564353943
584,584,0.010040917433798313,,,,,,,,,
585,585,,,0.8959554433822632,0.8633415102958679,0.8283334374427795,0.9812148809432983,0.049547791481018066,0.4504874348640442,0.29615703225135803,0.1784457564353943
585,585,0.01001697313040495,,,,,,,,,
586,586,,,0.8955334424972534,0.862089991569519,0.8283825516700745,0.9819785356521606,0.04959745705127716,0.45028063654899597,0.2963355481624603,0.1784457564353943
586,586,0.009993936866521835,,,,,,,,,
587,587,,,0.8954854607582092,0.8615736365318298,0.8282909393310547,0.982495903968811,0.04967483878135681,0.4502026438713074,0.2964826226234436,0.1784457564353943
587,587,0.009970542974770069,,,,,,,,,
588,588,,,0.8958550095558167,0.8617186546325684,0.8284461498260498,0.9835999608039856,0.04968656226992607,0.45077821612358093,0.2970380485057831,0.1784457564353943
588,588,0.009947152808308601,,,,,,,,,
589,589,,,0.8957615494728088,0.8619434237480164,0.8285689949989319,0.9848678708076477,0.049654971808195114,0.4508858323097229,0.29753029346466064,0.1784457564353943
589,589,0.009924543090164661,,,,,,,,,
590,590,,,0.8955864906311035,0.8609680533409119,0.8285039067268372,0.9861645102500916,0.04972774162888527,0.45148298144340515,0.29807937145233154,0.1784457564353943
590,590,0.009901377372443676,,,,,,,,,
591,591,,,0.8956689238548279,0.8608146905899048,0.8285205364227295,0.9868767857551575,0.049866821616888046,0.4516105055809021,0.2983667850494385,0.1784457564353943
591,591,0.009878043085336685,,,,,,,,,
592,592,,,0.895901620388031,0.8604817986488342,0.8287128806114197,0.9875142574310303,0.04990047216415405,0.45139020681381226,0.29857492446899414,0.1784457564353943
592,592,0.00985552929341793,,,,,,,,,
593,593,,,0.8959928154945374,0.8599795699119568,0.8288041353225708,0.9890573024749756,0.049872804433107376,0.4521385133266449,0.2992875277996063,0.1784457564353943
593,593,0.009832292795181274,,,,,,,,,
594,594,,,0.8958477973937988,0.8603916168212891,0.8287116289138794,0.990483283996582,0.04990703612565994,0.45269644260406494,0.2999160587787628,0.1784457564353943
594,594,0.009809822775423527,,,,,,,,,
595,595,,,0.8959900140762329,0.8590227365493774,0.8288117051124573,0.991034746170044,0.04997140169143677,0.45261237025260925,0.3000795245170593,0.1784457564353943
595,595,0.009787064976990223,,,,,,,,,
596,596,,,0.8962516188621521,0.8585857152938843,0.8290438055992126,0.9917738437652588,0.04999779537320137,0.45257630944252014,0.300365149974823,0.1784457564353943
596,596,0.009764064103364944,,,,,,,,,
597,597,,,0.8963209390640259,0.8592332601547241,0.8290417790412903,0.9933940172195435,0.04997904598712921,0.4533468782901764,0.3011362552642822,0.1784457564353943
597,597,0.009741682559251785,,,,,,,,,
598,598,,,0.8962452411651611,0.8582296967506409,0.8290055990219116,0.9947226047515869,0.05000551417469978,0.45392289757728577,0.3017049729824066,0.1784457564353943
598,598,0.00971901509910822,,,,,,,,,
599,599,,0.00969656277447939,,,,,,,,
599,599,,,0.8963011503219604,0.8576624989509583,0.8291996717453003,0.9952754378318787,0.050113432109355927,0.45365551114082336,0.3018574118614197,0.1784457564353943
599,599,0.00969656277447939,,,,,,,,,
600,600,,,0.8967078328132629,0.857613205909729,0.8293564319610596,0.9961788058280945,0.05016043037176132,0.4540136456489563,0.30229806900024414,0.1784457564353943
600,600,0.009674152359366417,,,,,,,,,
601,601,,,0.8966996073722839,0.8576275706291199,0.8293124437332153,0.9975866675376892,0.050154898315668106,0.454550564289093,0.302920937538147,0.1784457564353943
601,601,0.009651631116867065,,,,,,,,,
602,602,,,0.8964674472808838,0.8568450212478638,0.8293968439102173,0.9988352060317993,0.05021944269537926,0.45493215322494507,0.3034296929836273,0.1784457564353943
602,602,0.009629270993173122,,,,,,,,,
603,603,,,0.8967892527580261,0.856436014175415,0.8295549750328064,0.999553918838501,0.05027835816144943,0.45511776208877563,0.30375367403030396,0.1784457564353943
603,603,0.009607074782252312,,,,,,,,,
604,604,,,0.8970914483070374,0.8566904664039612,0.8296074271202087,1.000319480895996,0.05028720945119858,0.4551246166229248,0.3040667772293091,0.1784457564353943
604,604,0.009584746323525906,,,,,,,,,
605,605,,,0.896904706954956,0.8557460904121399,0.8296945095062256,1.0017602443695068,0.050335679203271866,0.45578551292419434,0.30470335483551025,0.1784457564353943
605,605,0.009562723338603973,,,,,,,,,
606,606,,,0.8968322277069092,0.8556993007659912,0.8297344446182251,1.0030243396759033,0.050394900143146515,0.4562329351902008,0.30525973439216614,0.1784457564353943
606,606,0.009540477767586708,,,,,,,,,
607,607,,,0.8972523212432861,0.8554744720458984,0.8298187851905823,1.0037039518356323,0.05043196305632591,0.4563053846359253,0.3055521547794342,0.1784457564353943
607,607,0.009518425911664963,,,,,,,,,
608,608,,,0.8973227739334106,0.8548680543899536,0.8299838304519653,1.0046275854110718,0.05051505193114281,0.4565047323703766,0.3059362769126892,0.1784457564353943
608,608,0.00949642714112997,,,,,,,,,
609,609,,,0.8971708416938782,0.8546871542930603,0.8300012350082397,1.0060462951660156,0.05057302117347717,0.4570801556110382,0.30656731128692627,0.1784457564353943
609,609,0.009474444203078747,,,,,,,,,
610,610,,,0.8973660469055176,0.854354977607727,0.8300053477287292,1.0072122812271118,0.050589486956596375,0.4575693905353546,0.3071032464504242,0.1784457564353943
610,610,0.009452557191252708,,,,,,,,,
611,611,,,0.8975043892860413,0.8541057705879211,0.8301764726638794,1.0079727172851562,0.05066685751080513,0.4575718641281128,0.3074021339416504,0.1784457564353943
611,611,0.009430781938135624,,,,,,,,,
612,612,,,0.897607147693634,0.8533967733383179,0.8302775025367737,1.0089844465255737,0.050723761320114136,0.45793744921684265,0.3078484535217285,0.1784457564353943
612,612,0.009408917278051376,,,,,,,,,
613,613,,,0.8976224064826965,0.8534286618232727,0.8302226066589355,1.0102918148040771,0.050735119730234146,0.4584175646305084,0.30843088030815125,0.1784457564353943
613,613,0.009387213736772537,,,,,,,,,
614,614,,,0.8976525664329529,0.8528978228569031,0.8303402662277222,1.0114365816116333,0.050790634006261826,0.45884713530540466,0.30894291400909424,0.1784457564353943
614,614,0.009365522302687168,,,,,,,,,
615,615,,,0.8978275656700134,0.8525310158729553,0.8304622769355774,1.0122666358947754,0.05085611343383789,0.4589775800704956,0.3092901408672333,0.1784457564353943
615,615,0.009343856014311314,,,,,,,,,
616,616,,,0.8979758024215698,0.8523077964782715,0.8304627537727356,1.013289213180542,0.05089817941188812,0.4592917263507843,0.30973950028419495,0.1784457564353943
616,616,0.00932228285819292,,,,,,,,,
617,617,,,0.8978951573371887,0.8518068194389343,0.8305264711380005,1.0145814418792725,0.050957925617694855,0.459841251373291,0.3103225529193878,0.1784457564353943
617,617,0.009300789795815945,,,,,,,,,
618,618,,,0.8979820609092712,0.8516595959663391,0.8306134343147278,1.0156421661376953,0.051000069826841354,0.46012458205223083,0.3107863664627075,0.1784457564353943
618,618,0.009279300458729267,,,,,,,,,
619,619,,,0.8982523679733276,0.8512710332870483,0.8306782245635986,1.0165278911590576,0.051037732511758804,0.46040773391723633,0.3111876845359802,0.1784457564353943
619,619,0.009257908910512924,,,,,,,,,
620,620,,,0.8981866836547852,0.8510000705718994,0.8307306170463562,1.0175840854644775,0.05111246183514595,0.4606945514678955,0.3116360306739807,0.1784457564353943
620,620,0.009236561134457588,,,,,,,,,
621,621,,,0.8982588648796082,0.8504167199134827,0.8307993412017822,1.0187499523162842,0.0511455163359642,0.46117857098579407,0.312167763710022,0.1784457564353943
621,621,0.009215245023369789,,,,,,,,,
622,622,,,0.898435652256012,0.8505840301513672,0.8308548927307129,1.0197867155075073,0.051174428313970566,0.4614750146865845,0.312638521194458,0.1784457564353943
622,622,0.009193986654281616,,,,,,,,,
623,623,,,0.8985234498977661,0.8498770594596863,0.8309560418128967,1.020729660987854,0.05124743655323982,0.4618140757083893,0.31305792927742004,0.1784457564353943
623,623,0.009172799997031689,,,,,,,,,
624,624,,,0.8985524773597717,0.8496646881103516,0.830987274646759,1.021731972694397,0.05130844935774803,0.4620456397533417,0.3134818971157074,0.1784457564353943
624,624,0.009151634760200977,,,,,,,,,
625,625,,,0.8987360596656799,0.8493397831916809,0.831059992313385,1.0228607654571533,0.051341962069272995,0.46256351470947266,0.31402286887168884,0.1784457564353943
625,625,0.00913054309785366,,,,,,,,,
626,626,,,0.8987749218940735,0.849265456199646,0.8311397433280945,1.0239015817642212,0.05140124633908272,0.46284329891204834,0.31448063254356384,0.1784457564353943
626,626,0.009109489619731903,,,,,,,,,
627,627,,,0.8989222645759583,0.8485416173934937,0.8312039375305176,1.0248359441757202,0.0514533706009388,0.4631757140159607,0.3148970901966095,0.1784457564353943
627,627,0.009088496677577496,,,,,,,,,
628,628,,,0.8990054726600647,0.8486585021018982,0.831234335899353,1.0258543491363525,0.051502663642168045,0.46346232295036316,0.3153523802757263,0.1784457564353943
628,628,0.009067555889487267,,,,,,,,,
629,629,,,0.8991312384605408,0.8479973673820496,0.8313381671905518,1.0269299745559692,0.051540687680244446,0.4639383554458618,0.31585657596588135,0.1784457564353943
629,629,0.009046687744557858,,,,,,,,,
630,630,,,0.8991814851760864,0.8480967879295349,0.8313648104667664,1.0279496908187866,0.05158514156937599,0.4641594886779785,0.3162968158721924,0.1784457564353943
630,630,0.009025846607983112,,,,,,,,,
631,631,,,0.8993706107139587,0.8473036289215088,0.831433892250061,1.0289132595062256,0.051632948219776154,0.46463847160339355,0.316757470369339,0.1784457564353943
631,631,0.009005092084407806,,,,,,,,,
632,632,,,0.8993715047836304,0.8476054668426514,0.8314643502235413,1.0298874378204346,0.051687758415937424,0.4647533595561981,0.31716209650039673,0.1784457564353943
632,632,0.008984412997961044,,,,,,,,,
633,633,,,0.8996164202690125,0.8464721441268921,0.8315727114677429,1.0309319496154785,0.051712390035390854,0.46537235379219055,0.3176807761192322,0.1784457564353943
633,633,0.00896382424980402,,,,,,,,,
634,634,,,0.8995273113250732,0.8474640250205994,0.8315332531929016,1.0319828987121582,0.051771216094493866,0.4654480218887329,0.3181147277355194,0.1784457564353943
634,634,0.008943397551774979,,,,,,,,,
635,635,,,0.899864912033081,0.845352292060852,0.8316818475723267,1.0328840017318726,0.05180155858397484,0.466147780418396,0.3185790777206421,0.1784457564353943
635,635,0.008923222310841084,,,,,,,,,
636,636,,,0.8996753692626953,0.8475208878517151,0.8316011428833008,1.0338938236236572,0.05186065658926964,0.4658711552619934,0.3189469873905182,0.1784457564353943
636,636,0.008903530426323414,,,,,,,,,
637,637,,,0.9002503752708435,0.8439067602157593,0.8318344354629517,1.0348892211914062,0.051856718957424164,0.46715065836906433,0.31954991817474365,0.1784457564353943
637,637,0.008884809911251068,,,,,,,,,
638,638,,,0.8996055126190186,0.8485486507415771,0.8315527439117432,1.0359829664230347,0.05195091292262077,0.4662192761898041,0.3198367953300476,0.1784457564353943
638,638,0.008868196047842503,,,,,,,,,
639,639,,,0.9008114337921143,0.8409430980682373,0.8319944739341736,1.0367424488067627,0.05191236361861229,0.4683930277824402,0.32048505544662476,0.1784457564353943
639,639,0.008856359869241714,,,,,,,,,
640,640,,,0.8993659615516663,0.8521519899368286,0.8312674164772034,1.0379948616027832,0.052067216485738754,0.46596240997314453,0.32061296701431274,0.1784457564353943
640,640,0.008855558931827545,,,,,,,,,
641,641,,,0.9018805027008057,0.8349584937095642,0.8320227861404419,1.0385897159576416,0.05192970484495163,0.47060278058052063,0.32156261801719666,0.1784457564353943
641,641,0.008881495334208012,,,,,,,,,
642,642,,,0.8982625007629395,0.8626521229743958,0.8297896385192871,1.0404164791107178,0.052263714373111725,0.4645582437515259,0.32134920358657837,0.1784457564353943
642,642,0.008972429670393467,,,,,,,,,
643,643,,,0.9045138955116272,0.8228210806846619,0.8302344083786011,1.0402098894119263,0.05191294848918915,0.4752589166164398,0.32285913825035095,0.1784457564353943
643,643,0.009229796007275581,,,,,,,,,
644,644,,,0.8955410718917847,0.8958315253257751,0.8233850002288818,1.0439831018447876,0.05272182077169418,0.4603956639766693,0.3221057653427124,0.1784457564353943
644,644,0.009901538491249084,,,,,,,,,
645,645,,,0.911496639251709,0.8077894449234009,0.816250205039978,1.0423979759216309,0.05208494886755943,0.48733165860176086,0.3251924216747284,0.1784457564353943
645,645,0.01166905090212822,,,,,,,,,
646,646,,,0.8903821110725403,1.002695083618164,0.8095737099647522,1.0532904863357544,0.05383957549929619,0.4538748860359192,0.32620441913604736,0.1784457564353943
646,646,0.01595866121351719,,,,,,,,,
647,647,,,0.9287159442901611,0.8434229493141174,0.7983898520469666,1.04584801197052,0.0538688562810421,0.5127140879631042,0.33279892802238464,0.1784457564353943
647,647,0.026157286018133163,,,,,,,,,
648,648,,,0.887150228023529,1.1707061529159546,0.8106131553649902,1.0679612159729004,0.05356452241539955,0.45372897386550903,0.3376765251159668,0.1784457564353943
648,648,0.042417626827955246,,,,,,,,,
649,649,,0.059283383190631866,,,,,,,,
649,649,,,0.9335039258003235,0.8492977619171143,0.8013511896133423,1.0272704362869263,0.05535539239645004,0.5007345676422119,0.3236818313598633,0.1784457564353943
649,649,0.059283383190631866,,,,,,,,,
650,650,,,0.8905173540115356,0.9137040376663208,0.8185890913009644,1.0355035066604614,0.051744017750024796,0.4592196047306061,0.31843698024749756,0.1784457564353943
650,650,0.042234018445014954,,,,,,,,,
651,651,,,0.8959653377532959,0.9243013262748718,0.8170064091682434,1.0309416055679321,0.048874083906412125,0.45436277985572815,0.31620559096336365,0.1784457564353943
651,651,0.013265354558825493,,,,,,,,,
652,652,,,0.9287838935852051,0.8282569050788879,0.8054776191711426,1.017421841621399,0.04959970340132713,0.4912993013858795,0.3173138201236725,0.1784457564353943
652,652,0.014719157479703426,,,,,,,,,
653,653,,,0.891643226146698,0.9603926539421082,0.8168206214904785,1.0291163921356201,0.049144670367240906,0.45171627402305603,0.3157959282398224,0.1784457564353943
653,653,0.031022213399410248,,,,,,,,,
654,654,,,0.908602774143219,0.8674330115318298,0.8277301788330078,1.0173419713974,0.046903740614652634,0.45474332571029663,0.3111472725868225,0.1784457564353943
654,654,0.01954585500061512,,,,,,,,,
655,655,,,0.9270855784416199,0.8131359815597534,0.8104719519615173,1.0212526321411133,0.04741456359624863,0.4897155165672302,0.31829187273979187,0.1784457564353943
655,655,0.009803145192563534,,,,,,,,,
656,656,,,0.8968275785446167,0.9341578483581543,0.8216961622238159,1.036634922027588,0.04884468391537666,0.4624556303024292,0.32076767086982727,0.1784457564353943
656,656,0.02289491705596447,,,,,,,,,
657,657,,,0.9180342555046082,0.8741890788078308,0.8293265700340271,1.0176854133605957,0.04727243632078171,0.4548727869987488,0.3122045397758484,0.1784457564353943
657,657,0.01628170907497406,,,,,,,,,
658,658,,,0.9301220178604126,0.8081192374229431,0.8158267140388489,1.0180885791778564,0.04888804629445076,0.48404577374458313,0.3163624405860901,0.1784457564353943
658,658,0.010218360461294651,,,,,,,,,
659,659,,,0.8967304825782776,0.8926119208335876,0.8259710073471069,1.0396045446395874,0.049978096038103104,0.4702037274837494,0.32265162467956543,0.1784457564353943
659,659,0.019309964030981064,,,,,,,,,
660,660,,,0.9160148501396179,0.9016073346138,0.8262836933135986,1.0300647020339966,0.04596468806266785,0.4591738283634186,0.31816092133522034,0.1784457564353943
660,660,0.011715196073055267,,,,,,,,,
661,661,,,0.9307944774627686,0.8159806132316589,0.8305416107177734,1.0203485488891602,0.04541851207613945,0.47901129722595215,0.31756365299224854,0.1784457564353943
661,661,0.011936628259718418,,,,,,,,,
662,662,,,0.8939300179481506,0.8528107404708862,0.8263496160507202,1.0384441614151,0.0480322502553463,0.4752858579158783,0.32202136516571045,0.1784457564353943
662,662,0.015439547598361969,,,,,,,,,
663,663,,,0.9067432284355164,0.9183025360107422,0.8226577639579773,1.0382661819458008,0.04543454945087433,0.46049395203590393,0.32117998600006104,0.1784457564353943
663,663,0.009404433891177177,,,,,,,,,
664,664,,,0.9298046827316284,0.8416658639907837,0.8392239212989807,1.0267643928527832,0.04463045671582222,0.47286343574523926,0.3200131952762604,0.1784457564353943
664,664,0.013246623799204826,,,,,,,,,
665,665,,,0.8942993879318237,0.8297260403633118,0.8267951011657715,1.0459544658660889,0.04897809773683548,0.48631569743156433,0.32672178745269775,0.1784457564353943
665,665,0.011277925223112106,,,,,,,,,
666,666,,,0.8978824615478516,0.9078736901283264,0.8226850032806396,1.0455557107925415,0.045780207961797714,0.4661155641078949,0.32430607080459595,0.1784457564353943
666,666,0.010260218754410744,,,,,,,,,
667,667,,,0.9308187365531921,0.8705576658248901,0.833511233329773,1.0269339084625244,0.04370452091097832,0.4627547562122345,0.31833744049072266,0.1784457564353943
667,667,0.012231174856424332,,,,,,,,,
668,668,,,0.9031936526298523,0.8267912864685059,0.8341705203056335,1.045309066772461,0.04847859591245651,0.48844876885414124,0.3280065357685089,0.1784457564353943
668,668,0.009443582035601139,,,,,,,,,
669,669,,,0.8911153078079224,0.8742635250091553,0.8248462677001953,1.0531699657440186,0.04659552872180939,0.47751161456108093,0.3284708261489868,0.1784457564353943
669,669,0.011367106810212135,,,,,,,,,
670,670,,,0.9267758131027222,0.8863343596458435,0.829407811164856,1.0317507982254028,0.04348012059926987,0.4608411192893982,0.31962159276008606,0.1784457564353943
670,670,0.010048559866845608,,,,,,,,,
671,671,,,0.917698323726654,0.8343250751495361,0.8427287340164185,1.0347028970718384,0.048005666583776474,0.4791802763938904,0.3237324059009552,0.1784457564353943
671,671,0.009893489070236683,,,,,,,,,
672,672,,,0.8913716077804565,0.8408163189888,0.825311005115509,1.0494595766067505,0.048801444470882416,0.48313382267951965,0.32738304138183594,0.1784457564353943
672,672,0.010578066110610962,,,,,,,,,
673,673,,,0.9158154129981995,0.8794375061988831,0.8285484313964844,1.038869023323059,0.04572097212076187,0.46672314405441284,0.3226225972175598,0.1784457564353943
673,673,0.009198490530252457,,,,,,,,,
674,674,,,0.9263371229171753,0.8527781963348389,0.8444824814796448,1.0297725200653076,0.049015678465366364,0.4713120758533478,0.3213679790496826,0.1784457564353943
674,674,0.01017878856509924,,,,,,,,,
675,675,,,0.8986404538154602,0.8254096508026123,0.8293635249137878,1.041275978088379,0.05090869590640068,0.4824395775794983,0.32444655895233154,0.1784457564353943
675,675,0.009445096366107464,,,,,,,,,
676,676,,,0.9041075706481934,0.8586532473564148,0.8273167014122009,1.0396640300750732,0.04742530733346939,0.4712808430194855,0.32249221205711365,0.1784457564353943
676,676,0.00939159281551838,,,,,,,,,
677,677,,,0.9230905771255493,0.8658817410469055,0.8401510119438171,1.02778160572052,0.047726478427648544,0.4658890962600708,0.31926587224006653,0.1784457564353943
677,677,0.009652277454733849,,,,,,,,,
678,678,,,0.9080641269683838,0.8302354216575623,0.8383398652076721,1.0340754985809326,0.04997115582227707,0.47760167717933655,0.32209378480911255,0.1784457564353943
678,678,0.009115748107433319,,,,,,,,,
679,679,,,0.8960604071617126,0.8386412262916565,0.8242833614349365,1.0406312942504883,0.048915766179561615,0.47653403878211975,0.32270193099975586,0.1784457564353943
679,679,0.009318391792476177,,,,,,,,,
680,680,,,0.9104987978935242,0.8622625470161438,0.835536777973175,1.02936589717865,0.04909253865480423,0.46550387144088745,0.31852903962135315,0.1784457564353943
680,680,0.009233127348124981,,,,,,,,,
681,681,,,0.915518045425415,0.8429315090179443,0.8423585891723633,1.0254381895065308,0.05064120888710022,0.4684427082538605,0.31801077723503113,0.1784457564353943
681,681,0.00899382121860981,,,,,,,,,
682,682,,,0.8963913917541504,0.8278658390045166,0.8260005712509155,1.0383752584457397,0.05058497190475464,0.47755083441734314,0.3219337463378906,0.1784457564353943
682,682,0.009116515517234802,,,,,,,,,
683,683,,,0.897398054599762,0.8498814105987549,0.8307388424873352,1.0372333526611328,0.05053478106856346,0.4721149206161499,0.3213849663734436,0.1784457564353943
683,683,0.008999397046864033,,,,,,,,,
684,684,,,0.9164031744003296,0.851618230342865,0.8415981531143188,1.024574637413025,0.05065065249800682,0.46423450112342834,0.31703224778175354,0.1784457564353943
684,684,0.008840911090373993,,,,,,,,,
685,685,,,0.9041022062301636,0.8287537097930908,0.8326848149299622,1.032759189605713,0.05062560364603996,0.4725434482097626,0.3197660446166992,0.1784457564353943
685,685,0.008990627713501453,,,,,,,,,
686,686,,,0.8908641934394836,0.8383649587631226,0.8262736797332764,1.0426684617996216,0.05119753256440163,0.4769631624221802,0.3234283924102783,0.1784457564353943
686,686,0.008730273693799973,,,,,,,,,
687,687,,,0.9106778502464294,0.8503159880638123,0.8388861417770386,1.0311757326126099,0.0504721999168396,0.46654438972473145,0.31939980387687683,0.1784457564353943
687,687,0.00882821436971426,,,,,,,,,
688,688,,,0.9122718572616577,0.8383496403694153,0.8380401134490967,1.0312166213989258,0.050324562937021255,0.46858492493629456,0.31954455375671387,0.1784457564353943
688,688,0.008740479126572609,,,,,,,,,
689,689,,,0.8903743028640747,0.8327669501304626,0.8255542516708374,1.0449780225753784,0.05221262946724892,0.4783340394496918,0.3243756592273712,0.1784457564353943
689,689,0.008635788224637508,,,,,,,,,
690,690,,,0.9019935131072998,0.8430192470550537,0.8348096013069153,1.037506341934204,0.05156129598617554,0.4697795510292053,0.32142874598503113,0.1784457564353943
690,690,0.008752073161303997,,,,,,,,,
691,691,,,0.9164972901344299,0.847375750541687,0.8390873074531555,1.0305938720703125,0.05003948509693146,0.46505969762802124,0.319161057472229,0.1784457564353943
691,691,0.008506955578923225,,,,,,,,,
692,692,,,0.8944852352142334,0.833755612373352,0.8292691707611084,1.044528841972351,0.0514400377869606,0.4764934778213501,0.3243845999240875,0.1784457564353943
692,692,0.008664286695420742,,,,,,,,,
693,693,,,0.8946035504341125,0.8375692963600159,0.8302279114723206,1.043562889099121,0.05124352127313614,0.47356292605400085,0.3235766291618347,0.1784457564353943
693,693,0.008525140583515167,,,,,,,,,
694,694,,,0.9153684973716736,0.8493169546127319,0.8379083871841431,1.0316109657287598,0.049533311277627945,0.46365898847579956,0.31913888454437256,0.1784457564353943
694,694,0.008467487059533596,,,,,,,,,
695,695,,,0.9013052582740784,0.8385472893714905,0.833160400390625,1.0406056642532349,0.05079234391450882,0.47144171595573425,0.3226635754108429,0.1784457564353943
695,695,0.008576594293117523,,,,,,,,,
696,696,,,0.8922877907752991,0.8344374299049377,0.8276816606521606,1.0467585325241089,0.05131845921278,0.4751933217048645,0.32472115755081177,0.1784457564353943
696,696,0.008362394757568836,,,,,,,,,
697,697,,,0.9109359383583069,0.8452087640762329,0.8359655737876892,1.036378026008606,0.04978940635919571,0.4662044644355774,0.3209410309791565,0.1784457564353943
697,697,0.008480684831738472,,,,,,,,,
698,698,,,0.906893789768219,0.8431379199028015,0.835354745388031,1.038625955581665,0.05052727088332176,0.46817585825920105,0.32186222076416016,0.1784457564353943
698,698,0.008395171724259853,,,,,,,,,
699,699,,0.008335272781550884,,,,,,,,
699,699,,,0.894370436668396,0.8336477279663086,0.8277715444564819,1.046571969985962,0.05130402743816376,0.4739353358745575,0.32449275255203247,0.1784457564353943
699,699,0.008335272781550884,,,,,,,,,
700,700,,,0.9063304662704468,0.8390875458717346,0.8335192799568176,1.0405514240264893,0.050097160041332245,0.46874573826789856,0.32242149114608765,0.1784457564353943
700,700,0.00839769933372736,,,,,,,,,
701,701,,,0.909436047077179,0.8448222875595093,0.8359927535057068,1.0387378931045532,0.05006818473339081,0.46695876121520996,0.32190215587615967,0.1784457564353943
701,701,0.008271589875221252,,,,,,,,,
702,702,,,0.8980698585510254,0.8352702856063843,0.829472541809082,1.0457791090011597,0.05063221976161003,0.4720212519168854,0.32418522238731384,0.1784457564353943
702,702,0.008325275033712387,,,,,,,,,
703,703,,,0.9021907448768616,0.8354206085205078,0.8307144641876221,1.0438241958618164,0.05030914023518562,0.47066572308540344,0.3235008418560028,0.1784457564353943
703,703,0.00826684758067131,,,,,,,,,
704,704,,,0.908689022064209,0.8429607152938843,0.8352691531181335,1.0394010543823242,0.05026906728744507,0.4665656089782715,0.32191818952560425,0.1784457564353943
704,704,0.008229002356529236,,,,,,,,,
705,705,,,0.9019066095352173,0.8378404974937439,0.8311062455177307,1.0441292524337769,0.050486110150814056,0.46932047605514526,0.32341569662094116,0.1784457564353943
705,705,0.008258880116045475,,,,,,,,,
706,706,,,0.8993711471557617,0.8345900774002075,0.8287650942802429,1.0465571880340576,0.05055779218673706,0.4717582166194916,0.32443130016326904,0.1784457564353943
706,706,0.008174307644367218,,,,,,,,,
