epoch,step,train/loss_epoch,train/loss_step,val/error_qq,val/error_xx,val/loss,val/loss_best
0,0,,,0.9279137253761292,1.1770743131637573,0.4380660057067871,0.4380660057067871
0,0,0.7264088988304138,,,,,
1,1,,,1.9099798202514648,1.1007996797561646,0.4461559057235718,0.4380660057067871
1,1,0.45973798632621765,,,,,
2,2,,,1.5611774921417236,0.8947332501411438,0.2953447699546814,0.2953447699546814
2,2,0.5011122226715088,,,,,
3,3,,,0.9474956393241882,0.8372127413749695,0.23167841136455536,0.23167841136455536
3,3,0.2918049991130829,,,,,
4,4,,,1.1117961406707764,0.9294741153717041,0.28837504982948303,0.23167841136455536
4,4,0.16172555088996887,,,,,
5,5,,,1.2838703393936157,0.9531282782554626,0.31082677841186523,0.23167841136455536
5,5,0.18002307415008545,,,,,
6,6,,,1.1544156074523926,0.8269340991973877,0.23596999049186707,0.23167841136455536
6,6,0.19373595714569092,,,,,
7,7,,,1.1560018062591553,0.5952506065368652,0.13632792234420776,0.13632792234420776
7,7,0.13110001385211945,,,,,
8,8,,,1.4102004766464233,0.37774041295051575,0.0864778459072113,0.0864778459072113
8,8,0.062069982290267944,,,,,
9,9,,,1.5936330556869507,0.32227185368537903,0.08672177046537399,0.0864778459072113
9,9,0.05787690728902817,,,,,
10,10,,,1.557701587677002,0.3313855230808258,0.08605963736772537,0.08605963736772537
10,10,0.09918452799320221,,,,,
11,11,,,1.3369793891906738,0.3333323895931244,0.07254190742969513,0.07254190742969513
11,11,0.10810212790966034,,,,,
12,12,,,1.0556387901306152,0.43450015783309937,0.08139729499816895,0.07254190742969513
12,12,0.0715290755033493,,,,,
13,13,,,0.8777029514312744,0.5980708003044128,0.12502503395080566,0.07254190742969513
13,13,0.04428408667445183,,,,,
14,14,,,0.8418675065040588,0.6952553391456604,0.16172386705875397,0.07254190742969513
14,14,0.0589776337146759,,,,,
15,15,,,0.8568012714385986,0.6734676361083984,0.15325073897838593,0.07254190742969513
15,15,0.08282676339149475,,,,,
16,16,,,0.9526323676109314,0.5611586570739746,0.1150604635477066,0.07254190742969513
16,16,0.07612338662147522,,,,,
17,17,,,1.1563583612442017,0.4294934570789337,0.08493831008672714,0.07254190742969513
17,17,0.051849499344825745,,,,,
18,18,,,1.344001293182373,0.35045063495635986,0.07649429887533188,0.07254190742969513
18,18,0.04432437941431999,,,,,
19,19,,,1.4046337604522705,0.330289363861084,0.07596870511770248,0.07254190742969513
19,19,0.05749661475419998,,,,,
20,20,,,1.3370095491409302,0.34207937121391296,0.07433166354894638,0.07254190742969513
20,20,0.06549158692359924,,,,,
21,21,,,1.2051475048065186,0.40023332834243774,0.08009888231754303,0.07254190742969513
21,21,0.05486294627189636,,,,,
22,22,,,1.0755996704101562,0.4971171021461487,0.09997846186161041,0.07254190742969513
22,22,0.03952883929014206,,,,,
23,23,,,0.985247015953064,0.5795544981956482,0.12278731912374496,0.07254190742969513
23,23,0.036200426518917084,,,,,
24,24,,,0.9428260326385498,0.6052104234695435,0.13020610809326172,0.07254190742969513
24,24,0.04304736852645874,,,,,
25,25,,,0.9474958181381226,0.5707336664199829,0.11812807619571686,0.07254190742969513
25,25,0.04647357016801834,,,,,
26,26,,,1.005895733833313,0.5038346648216248,0.09885485470294952,0.07254190742969513
26,26,0.04112861678004265,,,,,
27,27,,,1.119948148727417,0.44079282879829407,0.08611013740301132,0.07254190742969513
27,27,0.03423818200826645,,,,,
28,28,,,1.249016284942627,0.4033207595348358,0.08319354057312012,0.07254190742969513
28,28,0.0337788462638855,,,,,
29,29,,,1.3199340105056763,0.39215555787086487,0.0844716802239418,0.07254190742969513
29,29,0.0389668233692646,,,,,
30,30,,,1.2915241718292236,0.40194180607795715,0.08520849049091339,0.07254190742969513
30,30,0.0426381379365921,,,,,
31,31,,,1.1923450231552124,0.4303550124168396,0.08700256049633026,0.07254190742969513
31,31,0.04071270301938057,,,,,
32,32,,,1.0902706384658813,0.47157153487205505,0.09318095445632935,0.07254190742969513
32,32,0.03662595897912979,,,,,
33,33,,,1.0283819437026978,0.5108838081359863,0.10201551765203476,0.07254190742969513
33,33,0.03565499931573868,,,,,
34,34,,,1.0057291984558105,0.529791533946991,0.10696754604578018,0.07254190742969513
34,34,0.037936605513095856,,,,,
35,35,,,1.010771632194519,0.5172025561332703,0.10319982469081879,0.07254190742969513
35,35,0.039289578795433044,,,,,
36,36,,,1.035422444343567,0.47801461815834045,0.09249444305896759,0.07254190742969513
36,36,0.03717963024973869,,,,,
37,37,,,1.0698710680007935,0.4313878118991852,0.0812402293086052,0.07254190742969513
37,37,0.03368712216615677,,,,,
38,38,,,1.1024508476257324,0.3976357579231262,0.0743124932050705,0.07254190742969513
38,38,0.03240905702114105,,,,,
39,39,,,1.118703007698059,0.38567590713500977,0.07226306200027466,0.07226306200027466
39,39,0.03362482786178589,,,,,
40,40,,,1.1039153337478638,0.39487338066101074,0.07372026890516281,0.07226306200027466
40,40,0.034378550946712494,,,,,
41,41,,,1.0568633079528809,0.4200924336910248,0.07772716879844666,0.07226306200027466
41,41,0.03305724263191223,,,,,
42,42,,,0.9994202852249146,0.45006805658340454,0.08304987847805023,0.07226306200027466
42,42,0.03140619397163391,,,,,
43,43,,,0.9618736505508423,0.4706515967845917,0.0871824249625206,0.07226306200027466
43,43,0.031569406390190125,,,,,
44,44,,,0.9600237011909485,0.47281214594841003,0.08772194385528564,0.07226306200027466
44,44,0.03296215087175369,,,,,
45,45,,,0.9941853284835815,0.45667770504951477,0.08463653177022934,0.07226306200027466
45,45,0.03336266428232193,,,,,
46,46,,,1.050582766532898,0.4304925501346588,0.08011630922555923,0.07226306200027466
46,46,0.03234195336699486,,,,,
47,47,,,1.1002726554870605,0.40632686018943787,0.07632274925708771,0.07226306200027466
47,47,0.03161577135324478,,,,,
48,48,,,1.1200772523880005,0.3941505551338196,0.0743301659822464,0.07226306200027466
48,48,0.0320969894528389,,,,,
49,49,,0.03266885504126549,,,,
49,49,,,1.1103253364562988,0.3982178568840027,0.07483203709125519,0.07226306200027466
49,49,0.03266885504126549,,,,,
50,50,,,1.0860366821289062,0.416708379983902,0.07823110371828079,0.07226306200027466
50,50,0.03222052380442619,,,,,
51,51,,,1.0606939792633057,0.44087958335876465,0.08332031965255737,0.07226306200027466
51,51,0.03135193884372711,,,,,
52,52,,,1.042344570159912,0.4577083885669708,0.08705691993236542,0.07226306200027466
52,52,0.031218262389302254,,,,,
53,53,,,1.0377424955368042,0.45876502990722656,0.08714160323143005,0.07226306200027466
53,53,0.03164762631058693,,,,,
54,54,,,1.0524317026138306,0.44602838158607483,0.08432227373123169,0.07226306200027466
54,54,0.0316467322409153,,,,,
55,55,,,1.0844894647598267,0.42857980728149414,0.08119501173496246,0.07226306200027466
55,55,0.03110116347670555,,,,,
56,56,,,1.118453860282898,0.41523313522338867,0.07941542565822601,0.07226306200027466
56,56,0.03077286295592785,,,,,
57,57,,,1.1319260597229004,0.41048771142959595,0.07888954877853394,0.07226306200027466
57,57,0.030981754884123802,,,,,
58,58,,,1.1156691312789917,0.41495653986930847,0.07921048998832703,0.07226306200027466
58,58,0.03118310123682022,,,,,
59,59,,,1.0827821493148804,0.42651814222335815,0.08058091253042221,0.07226306200027466
59,59,0.030966680496931076,,,,,
60,60,,,1.0542972087860107,0.4402618110179901,0.0828610360622406,0.07226306200027466
60,60,0.030693449079990387,,,,,
61,61,,,1.0414680242538452,0.4492672085762024,0.0847001001238823,0.07226306200027466
61,61,0.03076719492673874,,,,,
62,62,,,1.0433356761932373,0.44825708866119385,0.08451048284769058,0.07226306200027466
62,62,0.030980948358774185,,,,,
63,63,,,1.0540978908538818,0.4377754032611847,0.08219116181135178,0.07226306200027466
63,63,0.0309407077729702,,,,,
64,64,,,1.068764090538025,0.42414283752441406,0.07931278645992279,0.07226306200027466
64,64,0.03071058914065361,,,,,
65,65,,,1.0825345516204834,0.41466182470321655,0.07755082845687866,0.07226306200027466
65,65,0.03063654713332653,,,,,
66,66,,,1.088333010673523,0.41297420859336853,0.07740214467048645,0.07226306200027466
66,66,0.030725602060556412,,,,,
67,67,,,1.0804976224899292,0.4181169867515564,0.07832574844360352,0.07226306200027466
67,67,0.030697811394929886,,,,,
68,68,,,1.0625685453414917,0.4261608123779297,0.07954463362693787,0.07226306200027466
68,68,0.03051086887717247,,,,,
69,69,,,1.0470908880233765,0.432564377784729,0.08049800992012024,0.07226306200027466
69,69,0.0303988978266716,,,,,
70,70,,,1.0451207160949707,0.43410518765449524,0.08081243187189102,0.07226306200027466
70,70,0.03044798970222473,,,,,
71,71,,,1.0575100183486938,0.42990928888320923,0.08028234541416168,0.07226306200027466
71,71,0.03047291189432144,,,,,
72,72,,,1.07547926902771,0.42188259959220886,0.07904752343893051,0.07226306200027466
72,72,0.030381741002202034,,,,,
73,73,,,1.0886675119400024,0.4141587018966675,0.07771451771259308,0.07226306200027466
73,73,0.030316168442368507,,,,,
74,74,,,1.0929749011993408,0.4109216630458832,0.07711076736450195,0.07226306200027466
74,74,0.030355630442500114,,,,,
75,75,,,1.0901579856872559,0.41373854875564575,0.07767993956804276,0.07226306200027466
75,75,0.030383702367544174,,,,,
76,76,,,1.083004117012024,0.42042914032936096,0.0790305957198143,0.07226306200027466
76,76,0.03031732700765133,,,,,
77,77,,,1.0745149850845337,0.42647984623908997,0.0801827609539032,0.07226306200027466
77,77,0.03024987503886223,,,,,
78,78,,,1.0696879625320435,0.4282990097999573,0.08042804896831512,0.07226306200027466
78,78,0.03025352582335472,,,,,
79,79,,,1.0733418464660645,0.42551612854003906,0.07987940311431885,0.07226306200027466
79,79,0.03025500476360321,,,,,
80,80,,,1.0847374200820923,0.4203864336013794,0.07910152524709702,0.07226306200027466
80,80,0.03019765019416809,,,,,
81,81,,,1.0962225198745728,0.41575318574905396,0.07847436517477036,0.07226306200027466
81,81,0.03014232963323593,,,,,
82,82,,,1.0996699333190918,0.4137105643749237,0.07812638580799103,0.07226306200027466
82,82,0.030139420181512833,,,,,
83,83,,,1.0942999124526978,0.41508322954177856,0.07821421325206757,0.07226306200027466
83,83,0.030136631801724434,,,,,
84,84,,,1.086064338684082,0.4189893305301666,0.07880931347608566,0.07226306200027466
84,84,0.030094237998127937,,,,,
85,85,,,1.0805414915084839,0.42286041378974915,0.079535111784935,0.07226306200027466
85,85,0.030055414885282516,,,,,
86,86,,,1.0792511701583862,0.4238812327384949,0.07973605394363403,0.07226306200027466
86,86,0.03005089983344078,,,,,
87,87,,,1.0816781520843506,0.421215295791626,0.07916836440563202,0.07226306200027466
87,87,0.03004402294754982,,,,,
88,88,,,1.0871591567993164,0.4166814684867859,0.07827743142843246,0.07226306200027466
88,88,0.030010124668478966,,,,,
89,89,,,1.093497633934021,0.4130360782146454,0.07766292244195938,0.07226306200027466
89,89,0.029981598258018494,,,,,
90,90,,,1.0963435173034668,0.4118598401546478,0.07750494033098221,0.07226306200027466
90,90,0.029975082725286484,,,,,
91,91,,,1.0929735898971558,0.4129839241504669,0.07762493938207626,0.07226306200027466
91,91,0.029962457716464996,,,,,
92,92,,,1.0861181020736694,0.4151690900325775,0.077847421169281,0.07226306200027466
92,92,0.02993113175034523,,,,,
93,93,,,1.0815740823745728,0.416858434677124,0.07805837690830231,0.07226306200027466
93,93,0.02990547940135002,,,,,
94,94,,,1.0823249816894531,0.4167323112487793,0.07806193828582764,0.07226306200027466
94,94,0.029893454164266586,,,,,
95,95,,,1.0866225957870483,0.41444411873817444,0.07768924534320831,0.07226306200027466
95,95,0.02987442910671234,,,,,
96,96,,,1.0912022590637207,0.41113436222076416,0.0770794078707695,0.07226306200027466
96,96,0.029845673590898514,,,,,
97,97,,,1.094348430633545,0.4087560474872589,0.07663893699645996,0.07226306200027466
97,97,0.029825173318386078,,,,,
98,98,,,1.0954548120498657,0.40850549936294556,0.07662971317768097,0.07226306200027466
98,98,0.02981344610452652,,,,,
99,99,,0.029795126989483833,,,,
99,99,,,1.0940430164337158,0.40992167592048645,0.07691320776939392,0.07226306200027466
99,99,0.029795126989483833,,,,,
100,100,,,1.0910441875457764,0.41148415207862854,0.07715898752212524,0.07226306200027466
100,100,0.0297722015529871,,,,,
101,101,,,1.089501976966858,0.4119125306606293,0.0771925151348114,0.07226306200027466
101,101,0.029756110161542892,,,,,
102,102,,,1.0918477773666382,0.4108702540397644,0.07704437524080276,0.07226306200027466
102,102,0.029742494225502014,,,,,
103,103,,,1.0969207286834717,0.40883126854896545,0.0767802745103836,0.07226306200027466
103,103,0.029722213745117188,,,,,
104,104,,,1.1011371612548828,0.40673398971557617,0.07646435499191284,0.07226306200027466
104,104,0.029700716957449913,,,,,
105,105,,,1.1023876667022705,0.40559136867523193,0.07624343037605286,0.07226306200027466
105,105,0.0296845193952322,,,,,
106,106,,,1.101432204246521,0.4058482348918915,0.07626067101955414,0.07226306200027466
106,106,0.029668018221855164,,,,,
107,107,,,1.099830985069275,0.40689653158187866,0.07644179463386536,0.07226306200027466
107,107,0.029647523537278175,,,,,
108,108,,,1.098484992980957,0.40748539566993713,0.07652252167463303,0.07226306200027466
108,108,0.029628699645400047,,,,,
109,109,,,1.0982667207717896,0.40682005882263184,0.07634811103343964,0.07226306200027466
109,109,0.029613330960273743,,,,,
110,110,,,1.0999616384506226,0.40516382455825806,0.076022207736969,0.07226306200027466
110,110,0.029596099629998207,,,,,
111,111,,,1.102762222290039,0.4033792018890381,0.07571980357170105,0.07226306200027466
111,111,0.029576964676380157,,,,,
112,112,,,1.1043332815170288,0.402173787355423,0.07550141215324402,0.07226306200027466
112,112,0.029560117051005363,,,,,
113,113,,,1.103398084640503,0.4018022418022156,0.0753660649061203,0.07226306200027466
113,113,0.029544420540332794,,,,,
114,114,,,1.1012567281723022,0.402064710855484,0.07532712817192078,0.07226306200027466
114,114,0.029526660218834877,,,,,
115,115,,,1.0999773740768433,0.40234440565109253,0.07533391565084457,0.07226306200027466
115,115,0.029508765786886215,,,,,
116,116,,,1.1002229452133179,0.401930570602417,0.0752449482679367,0.07226306200027466
116,116,0.029492687433958054,,,,,
117,117,,,1.1015300750732422,0.4006338119506836,0.07499262690544128,0.07226306200027466
117,117,0.02947622910141945,,,,,
118,118,,,1.1034406423568726,0.39901086688041687,0.07469157129526138,0.07226306200027466
118,118,0.029458411037921906,,,,,
119,119,,,1.1053202152252197,0.3978172838687897,0.07449410855770111,0.07226306200027466
119,119,0.02944139949977398,,,,,
120,120,,,1.1061127185821533,0.3973362147808075,0.07441648840904236,0.07226306200027466
120,120,0.02942529320716858,,,,,
121,121,,,1.1055223941802979,0.39730098843574524,0.07437959313392639,0.07226306200027466
121,121,0.02940833941102028,,,,,
122,122,,,1.1048201322555542,0.3972504734992981,0.07433365285396576,0.07226306200027466
122,122,0.029391184449195862,,,,,
123,123,,,1.1054280996322632,0.3968059718608856,0.07425607740879059,0.07226306200027466
123,123,0.029375070706009865,,,,,
124,124,,,1.1072396039962769,0.3958210349082947,0.07410706579685211,0.07226306200027466
124,124,0.0293589998036623,,,,,
125,125,,,1.1091179847717285,0.3945262134075165,0.07388798892498016,0.07226306200027466
125,125,0.029342275112867355,,,,,
126,126,,,1.1103779077529907,0.39343544840812683,0.07368873804807663,0.07226306200027466
126,126,0.029325928539037704,,,,,
127,127,,,1.1109498739242554,0.39289483428001404,0.07358774542808533,0.07226306200027466
127,127,0.029310036450624466,,,,,
128,128,,,1.1108245849609375,0.39274752140045166,0.07354665547609329,0.07226306200027466
128,128,0.029293708503246307,,,,,
129,129,,,1.1103270053863525,0.3925383388996124,0.07347288727760315,0.07226306200027466
129,129,0.029277227818965912,,,,,
130,130,,,1.1103590726852417,0.39196139574050903,0.07333745062351227,0.07226306200027466
130,130,0.029261253774166107,,,,,
131,131,,,1.1114243268966675,0.39102521538734436,0.07316712290048599,0.07226306200027466
131,131,0.029245298355817795,,,,,
132,132,,,1.1128371953964233,0.38993707299232483,0.07297834753990173,0.07226306200027466
132,132,0.02922908216714859,,,,,
133,133,,,1.1136131286621094,0.38897889852523804,0.07279007881879807,0.07226306200027466
133,133,0.02921314537525177,,,,,
134,134,,,1.1136479377746582,0.38836219906806946,0.07264669239521027,0.07226306200027466
134,134,0.029197460040450096,,,,,
135,135,,,1.1134567260742188,0.3880275785923004,0.07255878299474716,0.07226306200027466
135,135,0.029181573539972305,,,,,
136,136,,,1.1133803129196167,0.3876502811908722,0.07246650755405426,0.07226306200027466
136,136,0.02916569635272026,,,,,
137,137,,,1.113633632659912,0.3869597315788269,0.07231689989566803,0.07226306200027466
137,137,0.029150085523724556,,,,,
138,138,,,1.11446213722229,0.38599658012390137,0.07213177531957626,0.07213177531957626
138,138,0.029134459793567657,,,,,
139,139,,,1.1156573295593262,0.38500356674194336,0.07195807993412018,0.07195807993412018
139,139,0.029118739068508148,,,,,
140,140,,,1.1165026426315308,0.38417869806289673,0.0718071460723877,0.0718071460723877
140,140,0.02910320647060871,,,,,
141,141,,,1.1166743040084839,0.38358187675476074,0.0716768130660057,0.0716768130660057
141,141,0.029087767004966736,,,,,
142,142,,,1.1166508197784424,0.3831346333026886,0.07157188653945923,0.07157188653945923
142,142,0.02907222881913185,,,,,
143,143,,,1.116961121559143,0.3826395869255066,0.07147224247455597,0.07147224247455597
143,143,0.029056783765554428,,,,,
144,144,,,1.1176332235336304,0.38192224502563477,0.071338951587677,0.071338951587677
144,144,0.029041480273008347,,,,,
145,145,,,1.1185182332992554,0.38101914525032043,0.07117350399494171,0.07117350399494171
145,145,0.029026154428720474,,,,,
146,146,,,1.119489073753357,0.38014182448387146,0.07101870328187943,0.07101870328187943
146,146,0.02901085838675499,,,,,
147,147,,,1.1202424764633179,0.3794436454772949,0.07089493423700333,0.07089493423700333
147,147,0.02899569645524025,,,,,
148,148,,,1.1205381155014038,0.3789006471633911,0.07078473269939423,0.07078473269939423
148,148,0.0289805606007576,,,,,
149,149,,0.028965424746274948,,,,
149,149,,,1.1206551790237427,0.3783927857875824,0.07067404687404633,0.07067404687404633
149,149,0.028965424746274948,,,,,
150,150,,,1.1210798025131226,0.37779951095581055,0.07055899500846863,0.07055899500846863
150,150,0.02895037643611431,,,,,
151,151,,,1.1218489408493042,0.37705573439598083,0.07042662799358368,0.07042662799358368
151,151,0.028935398906469345,,,,,
152,152,,,1.1226484775543213,0.37621477246284485,0.0702739730477333,0.0702739730477333
152,152,0.028920413926243782,,,,,
153,153,,,1.1232987642288208,0.3754286766052246,0.07012694329023361,0.07012694329023361
153,153,0.02890549972653389,,,,,
154,154,,,1.1237587928771973,0.3747938871383667,0.07000531256198883,0.07000531256198883
154,154,0.028890669345855713,,,,,
155,155,,,1.1239923238754272,0.3742520213127136,0.06989390403032303,0.06989390403032303
155,155,0.028875844553112984,,,,,
156,156,,,1.1241576671600342,0.3736780285835266,0.06977206468582153,0.06977206468582153
156,156,0.02886105701327324,,,,,
157,157,,,1.1245700120925903,0.37300634384155273,0.06964047253131866,0.06964047253131866
157,157,0.028846375644207,,,,,
158,158,,,1.1252548694610596,0.3722512423992157,0.06950369477272034,0.06950369477272034
158,158,0.028831718489527702,,,,,
159,159,,,1.1259074211120605,0.37147998809814453,0.06936207413673401,0.06936207413673401
159,159,0.02881709113717079,,,,,
160,160,,,1.1263573169708252,0.3707822263240814,0.06922738254070282,0.06922738254070282
160,160,0.028802528977394104,,,,,
161,161,,,1.1266926527023315,0.37019097805023193,0.06911124289035797,0.06911124289035797
161,161,0.028788018971681595,,,,,
162,162,,,1.1270085573196411,0.3696348965167999,0.06900222599506378,0.06900222599506378
162,162,0.028773538768291473,,,,,
163,163,,,1.1273858547210693,0.3690168559551239,0.06888258457183838,0.06888258457183838
163,163,0.028759118169546127,,,,,
164,164,,,1.1279520988464355,0.3683195114135742,0.06875477731227875,0.06875477731227875
164,164,0.02874474599957466,,,,,
165,165,,,1.1286730766296387,0.36759719252586365,0.06862930953502655,0.06862930953502655
165,165,0.02873041294515133,,,,,
166,166,,,1.1293081045150757,0.36690986156463623,0.06850774586200714,0.06850774586200714
166,166,0.028716128319501877,,,,,
167,167,,,1.1297475099563599,0.36629050970077515,0.06839190423488617,0.06839190423488617
167,167,0.028701893985271454,,,,,
168,168,,,1.130129337310791,0.36572501063346863,0.06828540563583374,0.06828540563583374
168,168,0.028687704354524612,,,,,
169,169,,,1.1305742263793945,0.365149587392807,0.06818002462387085,0.06818002462387085
169,169,0.028673555701971054,,,,,
170,170,,,1.1310901641845703,0.3645116090774536,0.06806454062461853,0.06806454062461853
170,170,0.028659462928771973,,,,,
171,171,,,1.1316794157028198,0.363831490278244,0.06794364750385284,0.06794364750385284
171,171,0.02864542230963707,,,,,
172,172,,,1.13228440284729,0.363170325756073,0.06782799959182739,0.06782799959182739
172,172,0.028631411492824554,,,,,
173,173,,,1.1327626705169678,0.36255979537963867,0.06771747767925262,0.06771747767925262
173,173,0.02861744351685047,,,,,
174,174,,,1.1330993175506592,0.3619895875453949,0.067609041929245,0.067609041929245
174,174,0.028603538870811462,,,,,
175,175,,,1.1334502696990967,0.36142680048942566,0.06750314682722092,0.06750314682722092
175,175,0.02858966588973999,,,,,
176,176,,,1.1339004039764404,0.36083194613456726,0.06739534437656403,0.06739534437656403
176,176,0.028575845062732697,,,,,
177,177,,,1.134398102760315,0.3601951599121094,0.06728094816207886,0.06728094816207886
177,177,0.028562061488628387,,,,,
178,178,,,1.1348986625671387,0.35955527424812317,0.0671662986278534,0.0671662986278534
178,178,0.028548330068588257,,,,,
179,179,,,1.135366678237915,0.35895442962646484,0.06705877184867859,0.06705877184867859
179,179,0.028534626588225365,,,,,
180,180,,,1.1357485055923462,0.3583911061286926,0.06695535033941269,0.06695535033941269
180,180,0.02852097526192665,,,,,
181,181,,,1.1360889673233032,0.35783565044403076,0.06685177981853485,0.06685177981853485
181,181,0.028507359325885773,,,,,
182,182,,,1.1365070343017578,0.3572636842727661,0.06674867868423462,0.06674867868423462
182,182,0.028493788093328476,,,,,
183,183,,,1.1370093822479248,0.3566662669181824,0.06664445996284485,0.06664445996284485
183,183,0.02848026528954506,,,,,
184,184,,,1.1375094652175903,0.35605961084365845,0.06653837114572525,0.06653837114572525
184,184,0.028466779738664627,,,,,
185,185,,,1.1379717588424683,0.35547685623168945,0.06643576920032501,0.06643576920032501
185,185,0.028453335165977478,,,,,
186,186,,,1.138396978378296,0.35492992401123047,0.06633924692869186,0.06633924692869186
186,186,0.028439931571483612,,,,,
187,187,,,1.1387850046157837,0.35439562797546387,0.06624379009008408,0.06624379009008408
187,187,0.02842656522989273,,,,,
188,188,,,1.1391900777816772,0.35384881496429443,0.06614666432142258,0.06614666432142258
188,188,0.028413234278559685,,,,,
189,189,,,1.1396658420562744,0.353285551071167,0.066049724817276,0.066049724817276
189,189,0.028399955481290817,,,,,
190,190,,,1.1401607990264893,0.3527167737483978,0.06595276296138763,0.06595276296138763
190,190,0.028386712074279785,,,,,
191,191,,,1.1406046152114868,0.3521612584590912,0.06585628539323807,0.06585628539323807
191,191,0.028373509645462036,,,,,
192,192,,,1.1410059928894043,0.3516315221786499,0.06576339155435562,0.06576339155435562
192,192,0.028360340744256973,,,,,
193,193,,,1.1413934230804443,0.3511163294315338,0.06567306071519852,0.06567306071519852
193,193,0.028347205370664597,,,,,
194,194,,,1.1417803764343262,0.35059231519699097,0.06558100879192352,0.06558100879192352
194,194,0.028334107249975204,,,,,
195,195,,,1.1421986818313599,0.3500538468360901,0.06548763811588287,0.06548763811588287
195,195,0.028321053832769394,,,,,
196,196,,,1.1426458358764648,0.3495134115219116,0.06539544463157654,0.06539544463157654
196,196,0.028308028355240822,,,,,
197,197,,,1.143059253692627,0.3489835560321808,0.06530401110649109,0.06530401110649109
197,197,0.02829502522945404,,,,,
198,198,,,1.1434247493743896,0.34847134351730347,0.06521408259868622,0.06521408259868622
198,198,0.028282074257731438,,,,,
199,199,,0.02826915681362152,,,,
199,199,,,1.1437853574752808,0.3479718267917633,0.06512674689292908,0.06512674689292908
199,199,0.02826915681362152,,,,,
200,200,,,1.1441571712493896,0.3474684953689575,0.06503933668136597,0.06503933668136597
200,200,0.028256267309188843,,,,,
201,201,,,1.1445457935333252,0.34695422649383545,0.0649506151676178,0.0649506151676178
201,201,0.028243426233530045,,,,,
202,202,,,1.1449564695358276,0.34643930196762085,0.06486302614212036,0.06486302614212036
202,202,0.02823059633374214,,,,,
203,203,,,1.1453557014465332,0.3459351360797882,0.06477728486061096,0.06477728486061096
203,203,0.028217799961566925,,,,,
204,204,,,1.1457170248031616,0.3454442322254181,0.06469258666038513,0.06469258666038513
204,204,0.02820504829287529,,,,,
205,205,,,1.1460715532302856,0.34496232867240906,0.0646095871925354,0.0646095871925354
205,205,0.028192315250635147,,,,,
206,206,,,1.1464464664459229,0.3444792926311493,0.0645274966955185,0.0645274966955185
206,206,0.02817961946129799,,,,,
207,207,,,1.146832823753357,0.3439888656139374,0.06444460153579712,0.06444460153579712
207,207,0.028166942298412323,,,,,
208,208,,,1.1472246646881104,0.3434982895851135,0.06436210125684738,0.06436210125684738
208,208,0.028154311701655388,,,,,
209,209,,,1.1476106643676758,0.34301790595054626,0.06428156793117523,0.06428156793117523
209,209,0.02814168855547905,,,,,
210,210,,,1.147966980934143,0.3425482511520386,0.06420193612575531,0.06420193612575531
210,210,0.028129102662205696,,,,,
211,211,,,1.148309588432312,0.3420843183994293,0.06412293016910553,0.06412293016910553
211,211,0.02811654657125473,,,,,
212,212,,,1.1486684083938599,0.3416198492050171,0.0640447661280632,0.0640447661280632
212,212,0.028104010969400406,,,,,
213,213,,,1.1490334272384644,0.3411509394645691,0.06396612524986267,0.06396612524986267
213,213,0.028091508895158768,,,,,
214,214,,,1.149394154548645,0.3406829535961151,0.06388761103153229,0.06388761103153229
214,214,0.028079017996788025,,,,,
215,215,,,1.1497464179992676,0.3402238190174103,0.06381062418222427,0.06381062418222427
215,215,0.028066575527191162,,,,,
216,216,,,1.1500784158706665,0.33977317810058594,0.0637345016002655,0.0637345016002655
216,216,0.028054118156433105,,,,,
217,217,,,1.1503989696502686,0.3393256664276123,0.06365858018398285,0.06365858018398285
217,217,0.02804170921444893,,,,,
218,218,,,1.150733470916748,0.3388773798942566,0.06358332186937332,0.06358332186937332
218,218,0.02802930772304535,,,,,
219,219,,,1.151076316833496,0.3384269177913666,0.06350816786289215,0.06350816786289215
219,219,0.028016939759254456,,,,,
220,220,,,1.151411533355713,0.33797821402549744,0.06343311071395874,0.06343311071395874
220,220,0.028004582971334457,,,,,
221,221,,,1.151740550994873,0.33753734827041626,0.06335947662591934,0.06335947662591934
221,221,0.0279922503978014,,,,,
222,222,,,1.1520591974258423,0.3371032476425171,0.06328682601451874,0.06328682601451874
222,222,0.027979936450719833,,,,,
223,223,,,1.152371883392334,0.33667075634002686,0.06321431696414948,0.06321431696414948
223,223,0.027967631816864014,,,,,
224,224,,,1.1526954174041748,0.3362376391887665,0.06314234435558319,0.06314234435558319
224,224,0.027955349534749985,,,,,
225,225,,,1.1530276536941528,0.33580464124679565,0.06307096034288406,0.06307096034288406
225,225,0.02794308215379715,,,,,
226,226,,,1.1533502340316772,0.33537450432777405,0.06299977004528046,0.06299977004528046
226,226,0.02793082594871521,,,,,
227,227,,,1.1536645889282227,0.33495092391967773,0.06292963027954102,0.06292963027954102
227,227,0.02791859582066536,,,,,
228,228,,,1.1539735794067383,0.3345324397087097,0.06286036223173141,0.06286036223173141
228,228,0.027906371280550957,,,,,
229,229,,,1.1542797088623047,0.3341147005558014,0.06279121339321136,0.06279121339321136
229,229,0.0278941560536623,,,,,
230,230,,,1.1545915603637695,0.33369630575180054,0.06272231787443161,0.06272231787443161
230,230,0.027881953865289688,,,,,
231,231,,,1.1549071073532104,0.33327916264533997,0.06265398114919662,0.06265398114919662
231,231,0.02786976844072342,,,,,
232,232,,,1.1552125215530396,0.3328654170036316,0.06258592009544373,0.06258592009544373
232,232,0.02785758674144745,,,,,
233,233,,,1.1555086374282837,0.3324566185474396,0.06251850724220276,0.06251850724220276
233,233,0.02784540131688118,,,,,
234,234,,,1.1558035612106323,0.33205127716064453,0.06245182827115059,0.06245182827115059
234,234,0.027833241969347,,,,,
235,235,,,1.1560957431793213,0.33164554834365845,0.062385037541389465,0.062385037541389465
235,235,0.027821090072393417,,,,,
236,236,,,1.1563923358917236,0.3312399089336395,0.0623185858130455,0.0623185858130455
236,236,0.02780892886221409,,,,,
237,237,,,1.1566905975341797,0.33083653450012207,0.062252774834632874,0.062252774834632874
237,237,0.027796782553195953,,,,,
238,238,,,1.1569772958755493,0.3304363489151001,0.06218712776899338,0.06218712776899338
238,238,0.027784645557403564,,,,,
239,239,,,1.157260537147522,0.33004024624824524,0.062122225761413574,0.062122225761413574
239,239,0.027772504836320877,,,,,
240,240,,,1.157544732093811,0.3296460509300232,0.06205783784389496,0.06205783784389496
240,240,0.027760354802012444,,,,,
241,241,,,1.1578289270401,0.3292517066001892,0.06199352815747261,0.06199352815747261
241,241,0.027748215943574905,,,,,
242,242,,,1.158115267753601,0.3288581371307373,0.061929576098918915,0.061929576098918915
242,242,0.02773606777191162,,,,,
243,243,,,1.1584028005599976,0.32846736907958984,0.061866339296102524,0.061866339296102524
243,243,0.027723921462893486,,,,,
244,244,,,1.1586805582046509,0.3280794620513916,0.061803270131349564,0.061803270131349564
244,244,0.027711782604455948,,,,,
245,245,,,1.1589579582214355,0.3276944160461426,0.061740852892398834,0.061740852892398834
245,245,0.02769964188337326,,,,,
246,246,,,1.1592379808425903,0.3273105025291443,0.061678871512413025,0.061678871512413025
246,246,0.027687478810548782,,,,,
247,247,,,1.1595160961151123,0.32692646980285645,0.06161687523126602,0.06161687523126602
247,247,0.027675315737724304,,,,,
248,248,,,1.1597963571548462,0.3265441358089447,0.0615554004907608,0.0615554004907608
248,248,0.027663156390190125,,,,,
249,249,,0.027650974690914154,,,,
249,249,,,1.160074234008789,0.32616451382637024,0.06149444729089737,0.06149444729089737
249,249,0.027650974690914154,,,,,
250,250,,,1.1603437662124634,0.3257870674133301,0.061433590948581696,0.061433590948581696
250,250,0.027638792991638184,,,,,
251,251,,,1.16061532497406,0.32541173696517944,0.06137334555387497,0.06137334555387497
251,251,0.027626588940620422,,,,,
252,252,,,1.1608874797821045,0.3250368535518646,0.06131329759955406,0.06131329759955406
252,252,0.027614375576376915,,,,,
253,253,,,1.1611586809158325,0.324662446975708,0.0612533837556839,0.0612533837556839
253,253,0.02760215476155281,,,,,
254,254,,,1.1614298820495605,0.3242899775505066,0.06119394302368164,0.06119394302368164
254,254,0.027589920908212662,,,,,
255,255,,,1.161698341369629,0.3239199221134186,0.06113492697477341,0.06113492697477341
255,255,0.027577664703130722,,,,,
256,256,,,1.1619614362716675,0.3235515356063843,0.06107604503631592,0.06107604503631592
256,256,0.027565382421016693,,,,,
257,257,,,1.1622281074523926,0.3231845200061798,0.06101769953966141,0.06101769953966141
257,257,0.027553100138902664,,,,,
258,258,,,1.162495493888855,0.3228178322315216,0.06095954030752182,0.06095954030752182
258,258,0.027540791779756546,,,,,
259,259,,,1.1627614498138428,0.3224520981311798,0.06090157479047775,0.06090157479047775
259,259,0.027528468519449234,,,,,
260,260,,,1.1630289554595947,0.3220888674259186,0.060844264924526215,0.060844264924526215
260,260,0.027516111731529236,,,,,
261,261,,,1.163291096687317,0.3217272162437439,0.060787077993154526,0.060787077993154526
261,261,0.027503732591867447,,,,,
262,262,,,1.1635547876358032,0.321367084980011,0.06073033809661865,0.06073033809661865
262,262,0.027491332963109016,,,,,
263,263,,,1.1638199090957642,0.32100769877433777,0.06067390739917755,0.06067390739917755
263,263,0.027478888630867004,,,,,
264,264,,,1.1640851497650146,0.32064902782440186,0.06061769276857376,0.06061769276857376
264,264,0.027466438710689545,,,,,
265,265,,,1.1643506288528442,0.3202921450138092,0.060561925172805786,0.060561925172805786
265,265,0.0274539515376091,,,,,
266,266,,,1.1646133661270142,0.3199371099472046,0.06050644814968109,0.06050644814968109
266,266,0.02744143083691597,,,,,
267,267,,,1.164874792098999,0.319583535194397,0.06045127660036087,0.06045127660036087
267,267,0.027428867295384407,,,,,
268,268,,,1.1651383638381958,0.3192308843135834,0.0603964701294899,0.0603964701294899
268,268,0.0274162907153368,,,,,
269,269,,,1.1654016971588135,0.3188788592815399,0.06034184247255325,0.06034184247255325
269,269,0.027403680607676506,,,,,
270,270,,,1.165665626525879,0.3185282349586487,0.06028759479522705,0.06028759479522705
270,270,0.02739100717008114,,,,,
271,271,,,1.1659282445907593,0.3181794583797455,0.060233719646930695,0.060233719646930695
271,271,0.02737831138074398,,,,,
272,272,,,1.1661872863769531,0.3178318738937378,0.06017996370792389,0.06017996370792389
272,272,0.02736557275056839,,,,,
273,273,,,1.1664514541625977,0.3174857795238495,0.06012682989239693,0.06012682989239693
273,273,0.027352791279554367,,,,,
274,274,,,1.1667128801345825,0.3171401619911194,0.06007372587919235,0.06007372587919235
274,274,0.02733997255563736,,,,,
275,275,,,1.1669747829437256,0.3167956471443176,0.06002093851566315,0.06002093851566315
275,275,0.02732708863914013,,,,,
276,276,,,1.1672406196594238,0.3164531886577606,0.05996881425380707,0.05996881425380707
276,276,0.027314186096191406,,,,,
277,277,,,1.1674984693527222,0.31611162424087524,0.059916526079177856,0.059916526079177856
277,277,0.02730122022330761,,,,,
278,278,,,1.1677638292312622,0.31577199697494507,0.059865064918994904,0.059865064918994904
278,278,0.027288198471069336,,,,,
279,279,,,1.1680265665054321,0.31543290615081787,0.05981364846229553,0.05981364846229553
279,279,0.027275128290057182,,,,,
280,280,,,1.1682898998260498,0.31509485840797424,0.059762537479400635,0.059762537479400635
280,280,0.027261994779109955,,,,,
281,281,,,1.1685569286346436,0.31475862860679626,0.05971202254295349,0.05971202254295349
281,281,0.027248820289969444,,,,,
282,282,,,1.1688189506530762,0.3144235908985138,0.059661559760570526,0.059661559760570526
282,282,0.02723557874560356,,,,,
283,283,,,1.1690839529037476,0.31409022212028503,0.05961163341999054,0.05961163341999054
283,283,0.027222272008657455,,,,,
284,284,,,1.1693487167358398,0.3137577772140503,0.059561945497989655,0.059561945497989655
284,284,0.02720891311764717,,,,,
285,285,,,1.1696149110794067,0.31342658400535583,0.059512630105018616,0.059512630105018616
285,285,0.02719549834728241,,,,,
286,286,,,1.1698819398880005,0.31309670209884644,0.059463679790496826,0.059463679790496826
286,286,0.02718200534582138,,,,,
287,287,,,1.1701472997665405,0.31276828050613403,0.05941499024629593,0.05941499024629593
287,287,0.027168449014425278,,,,,
288,288,,,1.1704152822494507,0.3124416172504425,0.05936683714389801,0.05936683714389801
288,288,0.027154821902513504,,,,,
289,289,,,1.170681118965149,0.31211596727371216,0.05931882932782173,0.05931882932782173
289,289,0.02714112401008606,,,,,
290,290,,,1.1709500551223755,0.31179168820381165,0.05927130579948425,0.05927130579948425
290,290,0.027127336710691452,,,,,
291,291,,,1.1712204217910767,0.3114688992500305,0.059224195778369904,0.059224195778369904
291,291,0.02711351215839386,,,,,
292,292,,,1.1714873313903809,0.31114718317985535,0.05917719379067421,0.05917719379067421
292,292,0.027099568396806717,,,,,
293,293,,,1.1717605590820312,0.3108276128768921,0.05913097411394119,0.05913097411394119
293,293,0.027085566893219948,,,,,
294,294,,,1.1720294952392578,0.3105090856552124,0.05908479541540146,0.05908479541540146
294,294,0.027071479707956314,,,,,
295,295,,,1.1723012924194336,0.3101921081542969,0.059039123356342316,0.059039123356342316
295,295,0.027057304978370667,,,,,
296,296,,,1.1725764274597168,0.30987662076950073,0.05899396538734436,0.05899396538734436
296,296,0.02704305201768875,,,,,
297,297,,,1.1728490591049194,0.3095623850822449,0.058948975056409836,0.058948975056409836
297,297,0.02702869102358818,,,,,
298,298,,,1.1731247901916504,0.309250146150589,0.05890457704663277,0.05890457704663277
298,298,0.027014251798391342,,,,,
299,299,,0.02699972689151764,,,,
299,299,,,1.1734005212783813,0.3089394271373749,0.05886053293943405,0.05886053293943405
299,299,0.02699972689151764,,,,,
300,300,,,1.1736773252487183,0.3086300194263458,0.05881684646010399,0.05881684646010399
300,300,0.026985090225934982,,,,,
301,301,,,1.1739565134048462,0.30832216143608093,0.05877362936735153,0.05877362936735153
301,301,0.02697036787867546,,,,,
302,302,,,1.174236536026001,0.3080160319805145,0.0587308406829834,0.0587308406829834
302,302,0.026955533772706985,,,,,
303,303,,,1.1745166778564453,0.3077116906642914,0.0586884543299675,0.0586884543299675
303,303,0.02694060653448105,,,,,
304,304,,,1.1747982501983643,0.3074088990688324,0.05864648520946503,0.05864648520946503
304,304,0.02692556381225586,,,,,
305,305,,,1.1750835180282593,0.30710771679878235,0.05860505998134613,0.05860505998134613
305,305,0.02691040188074112,,,,,
306,306,,,1.1753675937652588,0.30680787563323975,0.05856388434767723,0.05856388434767723
306,306,0.026895157992839813,,,,,
307,307,,,1.175655484199524,0.30651018023490906,0.05852336436510086,0.05852336436510086
307,307,0.026879772543907166,,,,,
308,308,,,1.1759421825408936,0.3062141537666321,0.058483146131038666,0.058483146131038666
308,308,0.02686428464949131,,,,,
309,309,,,1.1762325763702393,0.3059197962284088,0.05844348296523094,0.05844348296523094
309,309,0.026848671957850456,,,,,
310,310,,,1.1765257120132446,0.30562710762023926,0.05840431898832321,0.05840431898832321
310,310,0.026832932606339455,,,,,
311,311,,,1.1768181324005127,0.3053359091281891,0.058365460485219955,0.058365460485219955
311,311,0.026817068457603455,,,,,
312,312,,,1.1771153211593628,0.3050469756126404,0.0583273209631443,0.0583273209631443
312,312,0.026801083236932755,,,,,
313,313,,,1.1774121522903442,0.304759681224823,0.058289509266614914,0.058289509266614914
313,313,0.02678496018052101,,,,,
314,314,,,1.1777122020721436,0.3044741749763489,0.058252252638339996,0.058252252638339996
314,314,0.026768703013658524,,,,,
315,315,,,1.1780158281326294,0.30419033765792847,0.05821553245186806,0.05821553245186806
315,315,0.026752304285764694,,,,,
316,316,,,1.1783190965652466,0.303908109664917,0.05817915499210358,0.05817915499210358
316,316,0.02673577331006527,,,,,
317,317,,,1.1786298751831055,0.3036283552646637,0.05814366042613983,0.05814366042613983
317,317,0.026719089597463608,,,,,
318,318,,,1.1789346933364868,0.30334973335266113,0.058108121156692505,0.058108121156692505
318,318,0.02670227363705635,,,,,
319,319,,,1.1792529821395874,0.3030737340450287,0.05807381123304367,0.05807381123304367
319,319,0.026685278862714767,,,,,
320,320,,,1.1795637607574463,0.3027985095977783,0.05803930014371872,0.05803930014371872
320,320,0.02666814811527729,,,,,
321,321,,,1.1798865795135498,0.30252590775489807,0.05800594016909599,0.05800594016909599
321,321,0.02665085159242153,,,,,
322,322,,,1.1802064180374146,0.3022548258304596,0.057972755283117294,0.057972755283117294
322,322,0.026633407920598984,,,,,
323,323,,,1.180530309677124,0.3019857406616211,0.05794019252061844,0.05794019252061844
323,323,0.026615798473358154,,,,,
324,324,,,1.1808615922927856,0.30171865224838257,0.057908423244953156,0.057908423244953156
324,324,0.026598010212183,,,,,
325,325,,,1.1811891794204712,0.30145254731178284,0.057876694947481155,0.057876694947481155
325,325,0.026580043137073517,,,,,
326,326,,,1.1815317869186401,0.3011893928050995,0.0578463189303875,0.0578463189303875
326,326,0.0265619158744812,,,,,
327,327,,,1.181864619255066,0.300927072763443,0.057815637439489365,0.057815637439489365
327,327,0.02654358372092247,,,,,
328,328,,,1.1822130680084229,0.30066755414009094,0.05778632313013077,0.05778632313013077
328,328,0.02652508020401001,,,,,
329,329,,,1.1825579404830933,0.3004089593887329,0.05775703489780426,0.05775703489780426
329,329,0.026506397873163223,,,,,
330,330,,,1.1829111576080322,0.300152450799942,0.0577286034822464,0.0577286034822464
330,330,0.02648751623928547,,,,,
331,331,,,1.1832704544067383,0.29989784955978394,0.05770087242126465,0.05770087242126465
331,331,0.026468420401215553,,,,,
332,332,,,1.1836276054382324,0.29964450001716614,0.05767330527305603,0.05767330527305603
332,332,0.026449143886566162,,,,,
333,333,,,1.1839988231658936,0.2993936836719513,0.0576469711959362,0.0576469711959362
333,333,0.026429664343595505,,,,,
334,334,,,1.1843656301498413,0.29914355278015137,0.057620570063591,0.057620570063591
334,334,0.02640996128320694,,,,,
335,335,,,1.184747576713562,0.298895925283432,0.057595450431108475,0.057595450431108475
335,335,0.026390034705400467,,,,,
336,336,,,1.185125470161438,0.2986491620540619,0.05757031589746475,0.05757031589746475
336,336,0.026369892060756683,,,,,
337,337,,,1.1855182647705078,0.2984048128128052,0.05754643678665161,0.05754643678665161
337,337,0.02634952962398529,,,,,
338,338,,,1.1859081983566284,0.29816123843193054,0.057522594928741455,0.057522594928741455
338,338,0.026328925043344498,,,,,
339,339,,,1.1863124370574951,0.2979198098182678,0.05749991163611412,0.05749991163611412
339,339,0.0263080857694149,,,,,
340,340,,,1.186716079711914,0.2976793050765991,0.05747741460800171,0.05747741460800171
340,340,0.02628699317574501,,,,,
341,341,,,1.1871318817138672,0.2974405884742737,0.05745590478181839,0.05745590478181839
341,341,0.026265669614076614,,,,,
342,342,,,1.1875507831573486,0.2972029745578766,0.057434797286987305,0.057434797286987305
342,342,0.02624407969415188,,,,,
343,343,,,1.18797767162323,0.2969667911529541,0.057414401322603226,0.057414401322603226
343,343,0.026222221553325653,,,,,
344,344,,,1.1884149312973022,0.2967319190502167,0.05739482492208481,0.05739482492208481
344,344,0.026200108230113983,,,,,
345,345,,,1.188852310180664,0.2964975833892822,0.057375386357307434,0.057375386357307434
345,345,0.02617771551012993,,,,,
346,346,,,1.1893101930618286,0.29626551270484924,0.057357460260391235,0.057357460260391235
346,346,0.026155024766921997,,,,,
347,347,,,1.1897574663162231,0.29603293538093567,0.057338930666446686,0.057338930666446686
347,347,0.026132063940167427,,,,,
348,348,,,1.1902376413345337,0.29580333828926086,0.05732268467545509,0.05732268467545509
348,348,0.026108790189027786,,,,,
349,349,,0.02608521655201912,,,,
349,349,,,1.1906967163085938,0.29557204246520996,0.05730508640408516,0.05730508640408516
349,349,0.02608521655201912,,,,,
350,350,,,1.1912001371383667,0.29534441232681274,0.05729047954082489,0.05729047954082489
350,350,0.026061326265335083,,,,,
351,351,,,1.1916707754135132,0.2951139509677887,0.057273708283901215,0.057273708283901215
351,351,0.026037104427814484,,,,,
352,352,,,1.1922011375427246,0.294888436794281,0.057260967791080475,0.057260967791080475
352,352,0.026012569665908813,,,,,
353,353,,,1.1926774978637695,0.29465800523757935,0.05724458396434784,0.05724458396434784
353,353,0.025987673550844193,,,,,
354,354,,,1.1932464838027954,0.29443448781967163,0.05723428726196289,0.05723428726196289
354,354,0.02596243843436241,,,,,
355,355,,,1.1937174797058105,0.29420241713523865,0.057217419147491455,0.057217419147491455
355,355,0.025936821475625038,,,,,
356,356,,,1.1943439245224,0.29398226737976074,0.05721079185605049,0.05721079185605049
356,356,0.025910846889019012,,,,,
357,357,,,1.1947822570800781,0.2937459945678711,0.05719156563282013,0.05719156563282013
357,357,0.025884490460157394,,,,,
358,358,,,1.1955078840255737,0.29353177547454834,0.05719125270843506,0.05719125270843506
358,358,0.02585773542523384,,,,,
359,359,,,1.1958566904067993,0.2932857871055603,0.05716572701931,0.05716572701931
359,359,0.025830555707216263,,,,,
360,360,,,1.1967695951461792,0.2930837869644165,0.05717742443084717,0.05716572701931
360,360,0.025802966207265854,,,,,
361,361,,,1.1968975067138672,0.2928171455860138,0.057136811316013336,0.057136811316013336
361,361,0.02577492967247963,,,,,
362,362,,,1.1982001066207886,0.292642742395401,0.057173825800418854,0.057136811316013336
362,362,0.025746464729309082,,,,,
363,363,,,1.1977972984313965,0.2923299968242645,0.05709744989871979,0.05709744989871979
363,363,0.02571752667427063,,,,,
364,364,,,1.1999762058258057,0.2922203540802002,0.05719178915023804,0.05709744989871979
364,364,0.025688108056783676,,,,,
365,365,,,1.1982834339141846,0.2918008863925934,0.05702926963567734,0.05702926963567734
365,365,0.02565823122859001,,,,,
366,366,,,1.2025413513183594,0.2918502986431122,0.05726053565740585,0.05702926963567734
366,366,0.02562786266207695,,,,,
367,367,,,1.1976401805877686,0.29117292165756226,0.05688491463661194,0.05688491463661194
367,367,0.0255971010774374,,,,,
368,368,,,1.2070789337158203,0.29162296652793884,0.05745843052864075,0.05688491463661194
368,368,0.025566063821315765,,,,,
369,369,,,1.193953037261963,0.29029545187950134,0.05653852969408035,0.05653852969408035
369,369,0.02553521655499935,,,,,
370,370,,,1.2168482542037964,0.29179370403289795,0.058004096150398254,0.05653852969408035
370,370,0.02550569921731949,,,,,
371,371,,,1.181965708732605,0.28876978158950806,0.05565112084150314,0.05565112084150314
371,371,0.025480670854449272,,,,,
372,372,,,1.2411876916885376,0.29311320185661316,0.059540122747421265,0.05565112084150314
372,372,0.025468595325946808,,,,,
373,373,,,1.147417426109314,0.2855694890022278,0.053342852741479874,0.053342852741479874
373,373,0.025492940098047256,,,,,
374,374,,,1.3074631690979004,0.29791247844696045,0.06407584995031357,0.053342852741479874
374,374,0.025618121027946472,,,,,
375,375,,,1.0578941106796265,0.27875056862831116,0.04788023233413696,0.04788023233413696
375,375,0.026019655168056488,,,,,
376,376,,,1.4812259674072266,0.31260767579078674,0.07734029740095139,0.04788023233413696
376,376,0.027142003178596497,,,,,
377,377,,,0.9133181571960449,0.2702022194862366,0.04025574028491974,0.04025574028491974
377,377,0.02987704798579216,,,,,
378,378,,,1.690298318862915,0.33208101987838745,0.09557512402534485,0.04025574028491974
378,378,0.0347900390625,,,,,
379,379,,,0.9264845252037048,0.2714031934738159,0.04097994789481163,0.04025574028491974
379,379,0.03844969719648361,,,,,
380,380,,,1.3088760375976562,0.2970737814903259,0.0640052855014801,0.04025574028491974
380,380,0.03370478004217148,,,,,
381,381,,,1.408987283706665,0.3047257661819458,0.07132238894701004,0.04025574028491974
381,381,0.025776332244277,,,,,
382,382,,,0.943119466304779,0.27127790451049805,0.04163644090294838,0.04025574028491974
382,382,0.027584321796894073,,,,,
383,383,,,1.4347600936889648,0.3052254319190979,0.07301019132137299,0.04025574028491974
383,383,0.03228849172592163,,,,,
384,384,,,1.252848744392395,0.2893946170806885,0.059517696499824524,0.04025574028491974
384,384,0.028224442154169083,,,,,
385,385,,,0.996324360370636,0.27143123745918274,0.04390804097056389,0.04025574028491974
385,385,0.025106947869062424,,,,,
386,386,,,1.4357423782348633,0.3018837869167328,0.07245757430791855,0.04025574028491974
386,386,0.029008381068706512,,,,,
387,387,,,1.2022634744644165,0.2831938564777374,0.055739447474479675,0.04025574028491974
387,387,0.0281602144241333,,,,,
388,388,,,1.0385922193527222,0.27232179045677185,0.045927077531814575,0.04025574028491974
388,388,0.024845760315656662,,,,,
389,389,,,1.4062203168869019,0.29791146516799927,0.0699099600315094,0.04025574028491974
389,389,0.027285484597086906,,,,,
390,390,,,1.2023967504501343,0.28197965025901794,0.05553874373435974,0.04025574028491974
390,390,0.027228733524680138,,,,,
391,391,,,1.0642300844192505,0.27293938398361206,0.047202661633491516,0.04025574028491974
391,391,0.024719804525375366,,,,,
392,392,,,1.3710963726043701,0.29408931732177734,0.06710147112607956,0.04025574028491974
392,392,0.026467200368642807,,,,,
393,393,,,1.2207976579666138,0.2824440896511078,0.0565887875854969,0.04025574028491974
393,393,0.02625986561179161,,,,,
394,394,,,1.079720377922058,0.27283570170402527,0.04790853336453438,0.04025574028491974
394,394,0.024580014869570732,,,,,
395,395,,,1.3355772495269775,0.28971999883651733,0.06423650681972504,0.04025574028491974
395,395,0.0259845033288002,,,,,
396,396,,,1.2450379133224487,0.2824637293815613,0.05789339542388916,0.04025574028491974
396,396,0.02543799765408039,,,,,
397,397,,,1.0935055017471313,0.27191033959388733,0.04840816557407379,0.04025574028491974
397,397,0.02448258548974991,,,,,
398,398,,,1.3006008863449097,0.28502795100212097,0.06141304597258568,0.04025574028491974
398,398,0.025559376925230026,,,,,
399,399,,0.024788442999124527,,,,
399,399,,,1.2662862539291382,0.28174468874931335,0.05893230438232422,0.04025574028491974
399,399,0.024788442999124527,,,,,
400,400,,,1.1090083122253418,0.27064505219459534,0.04894375056028366,0.04025574028491974
400,400,0.024422775954008102,,,,,
401,401,,,1.268999695777893,0.28064608573913574,0.05889508128166199,0.04025574028491974
401,401,0.02511712722480297,,,,,
402,402,,,1.2811919450759888,0.2810688316822052,0.059643834829330444,0.04025574028491974
402,402,0.02431611716747284,,,,,
403,403,,,1.1278642416000366,0.2703002393245697,0.049805521965026855,0.04025574028491974
403,403,0.024342384189367294,,,,,
404,404,,,1.243833303451538,0.27746209502220154,0.05698055028915405,0.04025574028491974
404,404,0.024657350033521652,,,,,
405,405,,,1.2911105155944824,0.2803662121295929,0.06007988750934601,0.04025574028491974
405,405,0.023984484374523163,,,,,
406,406,,,1.1497666835784912,0.2701449394226074,0.05086613819003105,0.04025574028491974
406,406,0.024203438311815262,,,,,
407,407,,,1.2242889404296875,0.2743072509765625,0.05540357157588005,0.04025574028491974
407,407,0.02421535924077034,,,,,
408,408,,,1.2932206392288208,0.2783128321170807,0.05985141173005104,0.04025574028491974
408,408,0.023743901401758194,,,,,
409,409,,,1.1698027849197388,0.26883435249328613,0.05166412144899368,0.04025574028491974
409,409,0.023992452770471573,,,,,
410,410,,,1.2096679210662842,0.27050039172172546,0.05400113761425018,0.04025574028491974
410,410,0.023816049098968506,,,,,
411,411,,,1.288832664489746,0.27517181634902954,0.05907859653234482,0.04025574028491974
411,411,0.023536838591098785,,,,,
412,412,,,1.187231421470642,0.26726290583610535,0.05230346694588661,0.04025574028491974
412,412,0.023720119148492813,,,,,
413,413,,,1.201520562171936,0.2673571705818176,0.05306181311607361,0.04025574028491974
413,413,0.02346722222864628,,,,,
414,414,,,1.2825441360473633,0.27217358350753784,0.058229900896549225,0.04025574028491974
414,414,0.02332250215113163,,,,,
415,415,,,1.2025203704833984,0.2657638490200043,0.05285705626010895,0.04025574028491974
415,415,0.023410046473145485,,,,,
416,416,,,1.1979892253875732,0.26453933119773865,0.05242372676730156,0.04025574028491974
416,416,0.023150738328695297,,,,,
417,417,,,1.274588704109192,0.2688109874725342,0.057236477732658386,0.04025574028491974
417,417,0.02307993173599243,,,,,
418,418,,,1.2136149406433105,0.2634085714817047,0.053063422441482544,0.04025574028491974
418,418,0.023082472383975983,,,,,
419,419,,,1.1974622011184692,0.261112242937088,0.05185103788971901,0.04025574028491974
419,419,0.022847987711429596,,,,,
420,420,,,1.2671351432800293,0.2646786868572235,0.05615684390068054,0.04025574028491974
420,420,0.022803563624620438,,,,,
421,421,,,1.221720814704895,0.2602323293685913,0.05298980325460434,0.04025574028491974
421,421,0.022745370864868164,,,,,
422,422,,,1.1996362209320068,0.2574177086353302,0.05138470232486725,0.04025574028491974
422,422,0.022541623562574387,,,,,
423,423,,,1.2609412670135498,0.2602991759777069,0.05512012168765068,0.04025574028491974
423,423,0.022495457902550697,,,,,
424,424,,,1.2263596057891846,0.25657927989959717,0.052665647119283676,0.04025574028491974
424,424,0.022400762885808945,,,,,
425,425,,,1.2018020153045654,0.25359001755714417,0.050905950367450714,0.04025574028491974
425,425,0.022221064195036888,,,,,
426,426,,,1.2547011375427246,0.25584352016448975,0.05408235639333725,0.04025574028491974
426,426,0.02216031402349472,,,,,
427,427,,,1.2277592420578003,0.25254026055336,0.052118074148893356,0.04025574028491974
427,427,0.022045684978365898,,,,,
428,428,,,1.2042039632797241,0.24945858120918274,0.05040276050567627,0.04025574028491974
428,428,0.021881118416786194,,,,,
429,429,,,1.2497872114181519,0.25104203820228577,0.05307784676551819,0.04025574028491974
429,429,0.02180296555161476,,,,,
430,430,,,1.2271229028701782,0.2478635311126709,0.05137579143047333,0.04025574028491974
430,430,0.021678291261196136,,,,,
431,431,,,1.205776572227478,0.24474704265594482,0.04978056252002716,0.04025574028491974
431,431,0.021521147340536118,,,,,
432,432,,,1.244544267654419,0.2457268387079239,0.051994018256664276,0.04025574028491974
432,432,0.021426524966955185,,,,,
433,433,,,1.223635196685791,0.2426324188709259,0.050413161516189575,0.04025574028491974
433,433,0.021297454833984375,,,,,
434,434,,,1.2060316801071167,0.2398078888654709,0.04906962811946869,0.04025574028491974
434,434,0.021143123507499695,,,,,
435,435,,,1.2391277551651,0.2404560148715973,0.05092558264732361,0.04025574028491974
435,435,0.02103421650826931,,,,,
436,436,,,1.2185829877853394,0.23738504946231842,0.049382224678993225,0.04025574028491974
436,436,0.020903438329696655,,,,,
437,437,,,1.2052987813949585,0.2348029613494873,0.048312246799468994,0.04025574028491974
437,437,0.020749885588884354,,,,,
438,438,,,1.2325164079666138,0.2349897027015686,0.04978327825665474,0.04025574028491974
438,438,0.02062891609966755,,,,,
439,439,,,1.2109909057617188,0.2317608892917633,0.048182111233472824,0.04025574028491974
439,439,0.020497674122452736,,,,,
440,440,,,1.2025847434997559,0.22942796349525452,0.04741479456424713,0.04025574028491974
440,440,0.02034473605453968,,,,,
441,441,,,1.2243871688842773,0.22921442985534668,0.04853709787130356,0.04025574028491974
441,441,0.020213456824421883,,,,,
442,442,,,1.2021212577819824,0.22593781352043152,0.046909529715776443,0.04025574028491974
442,442,0.02008167654275894,,,,,
443,443,,,1.1988145112991333,0.22401466965675354,0.04647480323910713,0.04025574028491974
443,443,0.019930332899093628,,,,,
444,444,,,1.2142703533172607,0.2234383225440979,0.047208696603775024,0.04025574028491974
444,444,0.019790392369031906,,,,,
445,445,,,1.191524863243103,0.2201380580663681,0.045574355870485306,0.04025574028491974
445,445,0.019656918942928314,,,,,
446,446,,,1.193246841430664,0.21858850121498108,0.04545800760388374,0.04025574028491974
446,446,0.019508320838212967,,,,,
447,447,,,1.2020776271820068,0.2175668627023697,0.045783646404743195,0.04025574028491974
447,447,0.01936183124780655,,,,,
448,448,,,1.1804945468902588,0.2143063098192215,0.044237978756427765,0.04025574028491974
448,448,0.01922483742237091,,,,,
449,449,,0.019079405814409256,,,,
449,449,,,1.1863083839416504,0.21304728090763092,0.044374704360961914,0.04025574028491974
449,449,0.019079405814409256,,,,,
450,450,,,1.1875613927841187,0.21148239076137543,0.044238392263650894,0.04025574028491974
450,450,0.01892928034067154,,,,,
451,451,,,1.1687175035476685,0.20843175053596497,0.04288407042622566,0.04025574028491974
451,451,0.01878712698817253,,,,,
452,452,,,1.1769791841506958,0.20747868716716766,0.043185994029045105,0.04025574028491974
452,452,0.018643826246261597,,,,,
453,453,,,1.1710587739944458,0.20546889305114746,0.04263217747211456,0.04025574028491974
453,453,0.018493477255105972,,,,,
454,454,,,1.1570948362350464,0.20283366739749908,0.041598789393901825,0.04025574028491974
454,454,0.018346022814512253,,,,,
455,455,,,1.1649328470230103,0.2019544094800949,0.04188729077577591,0.04025574028491974
455,455,0.01820218190550804,,,,,
456,456,,,1.152956485748291,0.19950103759765625,0.0409848690032959,0.04025574028491974
456,456,0.018053807318210602,,,,,
457,457,,,1.1452195644378662,0.19741328060626984,0.040346987545490265,0.04025574028491974
457,457,0.017903190106153488,,,,,
458,458,,,1.149836778640747,0.19641456007957458,0.04045863822102547,0.04025574028491974
458,458,0.01775604858994484,,,,,
459,459,,,1.1348788738250732,0.19379949569702148,0.03940582275390625,0.03940582275390625
459,459,0.017608921974897385,,,,,
460,460,,,1.1329337358474731,0.1923675686120987,0.039142437279224396,0.039142437279224396
460,460,0.0174581166356802,,,,,
461,461,,,1.1315828561782837,0.19106587767601013,0.03892478346824646,0.03892478346824646
461,461,0.017307117581367493,,,,,
462,462,,,1.1175938844680786,0.18866977095603943,0.037964437156915665,0.037964437156915665
462,462,0.017158105969429016,,,,,
463,463,,,1.1192376613616943,0.1877785176038742,0.03794294595718384,0.03794294595718384
463,463,0.017007866874337196,,,,,
464,464,,,1.111486554145813,0.18607300519943237,0.03737355023622513,0.03737355023622513
464,464,0.016854997724294662,,,,,
465,465,,,1.1017183065414429,0.18422582745552063,0.03669588267803192,0.03669588267803192
465,465,0.016702191904187202,,,,,
466,466,,,1.1028028726577759,0.18354184925556183,0.03667180612683296,0.03667180612683296
466,466,0.01655026525259018,,,,,
467,467,,,1.0911208391189575,0.1816633641719818,0.035906221717596054,0.035906221717596054
467,467,0.016397137194871902,,,,,
468,468,,,1.0868587493896484,0.18063943088054657,0.03559185937047005,0.03559185937047005
468,468,0.01624225452542305,,,,,
469,469,,,1.0837076902389526,0.17983262240886688,0.035354942083358765,0.035354942083358765
469,469,0.01608743518590927,,,,,
470,470,,,1.0723772048950195,0.17821025848388672,0.03464730829000473,0.03464730829000473
470,470,0.015933454036712646,,,,,
471,471,,,1.071520447731018,0.1778465062379837,0.034568119794130325,0.034568119794130325
471,471,0.015779219567775726,,,,,
472,472,,,1.0635566711425781,0.17677649855613708,0.03408312052488327,0.03408312052488327
472,472,0.01562444493174553,,,,,
473,473,,,1.0563939809799194,0.17588070034980774,0.03365693986415863,0.03365693986415863
473,473,0.015470347367227077,,,,,
474,474,,,1.0546633005142212,0.1757400631904602,0.03356242924928665,0.03356242924928665
474,474,0.015317843295633793,,,,,
475,475,,,1.0449481010437012,0.17472106218338013,0.03301028162240982,0.03301028162240982
475,475,0.015166664496064186,,,,,
476,476,,,1.0424035787582397,0.17470906674861908,0.032893382012844086,0.032893382012844086
476,476,0.015016559511423111,,,,,
477,477,,,1.036983847618103,0.1744210571050644,0.032617609947919846,0.032617609947919846
477,477,0.01486809179186821,,,,,
478,478,,,1.029964566230774,0.17398637533187866,0.03225591778755188,0.03225591778755188
478,478,0.0147221889346838,,,,,
479,479,,,1.028611183166504,0.17441143095493317,0.032240089029073715,0.032240089029073715
479,479,0.014579112641513348,,,,,
480,480,,,1.021006464958191,0.17406387627124786,0.03186410665512085,0.03186410665512085
480,480,0.014438685029745102,,,,,
481,481,,,1.0184407234191895,0.17450787127017975,0.031797029078006744,0.031797029078006744
481,481,0.014301029033958912,,,,,
482,482,,,1.0146393775939941,0.17484763264656067,0.03166470304131508,0.03166470304131508
482,482,0.014166644774377346,,,,,
483,483,,,1.0092413425445557,0.17502079904079437,0.031445201486349106,0.031445201486349106
483,483,0.01403603795915842,,,,,
484,484,,,1.0083321332931519,0.17595182359218597,0.03150416165590286,0.031445201486349106
484,484,0.013909224420785904,,,,,
485,485,,,1.0027974843978882,0.17622847855091095,0.031291328370571136,0.031291328370571136
485,485,0.013786106370389462,,,,,
486,486,,,1.001587152481079,0.17723213136196136,0.03134588152170181,0.031291328370571136
486,486,0.013666655868291855,,,,,
487,487,,,0.9988141059875488,0.1780540943145752,0.03131350129842758,0.031291328370571136
487,487,0.01355099119246006,,,,,
488,488,,,0.9957692623138428,0.17889492213726044,0.03127212077379227,0.03127212077379227
488,488,0.013439218513667583,,,,,
489,489,,,0.9957460761070251,0.18028485774993896,0.031422208994627,0.03127212077379227
489,489,0.013331251218914986,,,,,
490,490,,,0.9923994541168213,0.18116571009159088,0.03137371689081192,0.03127212077379227
490,490,0.013226870447397232,,,,,
491,491,,,0.9930996298789978,0.18276290595531464,0.03157990053296089,0.03127212077379227
491,491,0.013125883415341377,,,,,
492,492,,,0.991464376449585,0.18400272727012634,0.03164687380194664,0.03127212077379227
492,492,0.01302812248468399,,,,,
493,493,,,0.9915673136711121,0.18557044863700867,0.031826671212911606,0.03127212077379227
493,493,0.012933547608554363,,,,,
494,494,,,0.9923243522644043,0.18727746605873108,0.03205198794603348,0.03127212077379227
494,494,0.012842072173953056,,,,,
495,495,,,0.9918460845947266,0.1887931525707245,0.03220384195446968,0.03127212077379227
495,495,0.012753602117300034,,,,,
496,496,,,0.9943535923957825,0.19084566831588745,0.03254809230566025,0.03127212077379227
496,496,0.012668064795434475,,,,,
497,497,,,0.9941919445991516,0.1924559772014618,0.03272790089249611,0.03127212077379227
497,497,0.01258541364222765,,,,,
498,498,,,0.9971556663513184,0.19461025297641754,0.033108748495578766,0.03127212077379227
498,498,0.012505716644227505,,,,,
499,499,,0.012429063208401203,,,,
499,499,,,0.9981505870819092,0.1964268684387207,0.03336695581674576,0.03127212077379227
499,499,0.012429063208401203,,,,,
500,500,,,1.0007081031799316,0.19852273166179657,0.03372877091169357,0.03127212077379227
500,500,0.012355580925941467,,,,,
501,501,,,1.002890706062317,0.20055244863033295,0.03406912088394165,0.03127212077379227
501,501,0.01228537317365408,,,,,
502,502,,,1.0048178434371948,0.2025274783372879,0.0343942865729332,0.03127212077379227
502,502,0.012218470685184002,,,,,
503,503,,,1.0077911615371704,0.20466434955596924,0.03478790074586868,0.03127212077379227
503,503,0.01215487439185381,,,,,
504,504,,,1.0090672969818115,0.20648795366287231,0.03507085517048836,0.03127212077379227
504,504,0.012094470672309399,,,,,
505,505,,,1.012377381324768,0.20863142609596252,0.03548581898212433,0.03127212077379227
505,505,0.012037161737680435,,,,,
506,506,,,1.0130900144577026,0.21029917895793915,0.03572869300842285,0.03127212077379227
506,506,0.011982709169387817,,,,,
507,507,,,1.016352653503418,0.21236033737659454,0.03613650053739548,0.03127212077379227
507,507,0.011930901557207108,,,,,
508,508,,,1.0165889263153076,0.21386787295341492,0.03634142130613327,0.03127212077379227
508,508,0.011881488375365734,,,,,
509,509,,,1.0196771621704102,0.21581673622131348,0.03673176467418671,0.03127212077379227
509,509,0.011834237724542618,,,,,
510,510,,,1.0193020105361938,0.21712523698806763,0.036886561661958694,0.03127212077379227
510,510,0.011788958683609962,,,,,
511,511,,,1.0224723815917969,0.2189856469631195,0.037273041903972626,0.03127212077379227
511,511,0.011745466850697994,,,,,
512,512,,,1.021114706993103,0.2200297862291336,0.03735136613249779,0.03127212077379227
512,512,0.011703680269420147,,,,,
513,513,,,1.0249366760253906,0.22190436720848083,0.03777233883738518,0.03127212077379227
513,513,0.011663518846035004,,,,,
514,514,,,1.0219322443008423,0.22256958484649658,0.03772794455289841,0.03127212077379227
514,514,0.011624973267316818,,,,,
515,515,,,1.027543544769287,0.22464655339717865,0.03825942054390907,0.03127212077379227
515,515,0.011588109657168388,,,,,
516,516,,,1.0214037895202637,0.2246703952550888,0.03798879310488701,0.03127212077379227
516,516,0.01155315525829792,,,,,
517,517,,,1.0314072370529175,0.22739814221858978,0.03880905359983444,0.03127212077379227
517,517,0.011520644649863243,,,,,
518,518,,,1.018470048904419,0.22614416480064392,0.03805958852171898,0.03127212077379227
518,518,0.011491906829178333,,,,,
519,519,,,1.0391228199005127,0.23058339953422546,0.039598338305950165,0.03127212077379227
519,519,0.011470306664705276,,,,,
520,520,,,1.0102512836456299,0.2264363169670105,0.037736617028713226,0.03127212077379227
520,520,0.011464149691164494,,,,,
521,521,,,1.057175874710083,0.23522113263607025,0.04107602685689926,0.03127212077379227
521,521,0.011494191363453865,,,,,
522,522,,,0.9901849627494812,0.2241469770669937,0.03655054047703743,0.03127212077379227
522,522,0.01160894799977541,,,,,
523,523,,,1.1004273891448975,0.24343809485435486,0.0442979633808136,0.03127212077379227
523,523,0.011912873014807701,,,,,
524,524,,,0.9513747692108154,0.2173740267753601,0.034005071967840195,0.03127212077379227
524,524,0.012555863708257675,,,,,
525,525,,,1.1742995977401733,0.25567370653152466,0.0498044528067112,0.03127212077379227
525,525,0.013640498742461205,,,,,
526,526,,,0.910473108291626,0.21071207523345947,0.03148409351706505,0.03127212077379227
526,526,0.014742025174200535,,,,,
527,527,,,1.1881831884384155,0.2581639587879181,0.050905779004096985,0.03127212077379227
527,527,0.01511113066226244,,,,,
528,528,,,0.9468596577644348,0.221060648560524,0.03430766984820366,0.03127212077379227
528,528,0.013983793556690216,,,,,
529,529,,,1.0510234832763672,0.2368854582309723,0.04103146120905876,0.03127212077379227
529,529,0.01220867782831192,,,,,
530,530,,,1.100059151649475,0.2463977038860321,0.04471908137202263,0.03127212077379227
530,530,0.011253300122916698,,,,,
531,531,,,0.9290023446083069,0.2182261049747467,0.033201564103364944,0.03127212077379227
531,531,0.011806502006947994,,,,,
532,532,,,1.1645634174346924,0.25588279962539673,0.04934109002351761,0.03127212077379227
532,532,0.012874158099293709,,,,,
533,533,,,0.9658381938934326,0.22615262866020203,0.03578712046146393,0.03127212077379227
533,533,0.012870938517153263,,,,,
534,534,,,1.0351122617721558,0.23856385052204132,0.0405503585934639,0.03127212077379227
534,534,0.011767394840717316,,,,,
535,535,,,1.1012367010116577,0.24772344529628754,0.044973768293857574,0.03127212077379227
535,535,0.011065177619457245,,,,,
536,536,,,0.9506699442863464,0.22395864129066467,0.03485538437962532,0.03127212077379227
536,536,0.011485164985060692,,,,,
537,537,,,1.1154735088348389,0.25123682618141174,0.04619136452674866,0.03127212077379227
537,537,0.012065351009368896,,,,,
538,538,,,1.0073297023773193,0.23392951488494873,0.038652315735816956,0.03127212077379227
538,538,0.011908790096640587,,,,,
539,539,,,1.0174965858459473,0.23810309171676636,0.039696719497442245,0.03127212077379227
539,539,0.011327182874083519,,,,,
540,540,,,1.0861479043960571,0.24719765782356262,0.04417648911476135,0.03127212077379227
540,540,0.011030379682779312,,,,,
541,541,,,0.9851959943771362,0.22958792746067047,0.037083156406879425,0.03127212077379227
541,541,0.011232707649469376,,,,,
542,542,,,1.0730609893798828,0.24622656404972076,0.043416306376457214,0.03127212077379227
542,542,0.01152708102017641,,,,,
543,543,,,1.0256409645080566,0.2366325408220291,0.039847686886787415,0.03127212077379227
543,543,0.01142402645200491,,,,,
544,544,,,1.0217589139938354,0.23696012794971466,0.03972160816192627,0.03127212077379227
544,544,0.011027300730347633,,,,,
545,545,,,1.0636229515075684,0.24366427958011627,0.042597390711307526,0.03127212077379227
545,545,0.01086978055536747,,,,,
546,546,,,1.0060548782348633,0.2316816747188568,0.03827967867255211,0.03127212077379227
546,546,0.011092297732830048,,,,,
547,547,,,1.058245301246643,0.2424073964357376,0.04216407984495163,0.03127212077379227
547,547,0.011244209483265877,,,,,
548,548,,,1.0232539176940918,0.23522964119911194,0.03954087197780609,0.03127212077379227
548,548,0.011044075712561607,,,,,
549,549,,0.010796597227454185,,,,
549,549,,,1.0273524522781372,0.2349729686975479,0.03968731313943863,0.03127212077379227
549,549,0.010796597227454185,,,,,
550,550,,,1.0548125505447388,0.24095948040485382,0.04179435223340988,0.03127212077379227
550,550,0.010816643945872784,,,,,
551,551,,,1.0064842700958252,0.23116938769817352,0.03822673112154007,0.03127212077379227
551,551,0.010969741269946098,,,,,
552,552,,,1.0561943054199219,0.23994195461273193,0.04170975834131241,0.03127212077379227
552,552,0.010973472148180008,,,,,
553,553,,,1.0226366519927979,0.23410454392433167,0.039353564381599426,0.03127212077379227
553,553,0.010815571062266827,,,,,
554,554,,,1.023534893989563,0.23345620930194855,0.039301835000514984,0.03127212077379227
554,554,0.010700850747525692,,,,,
555,555,,,1.0557657480239868,0.2399887591600418,0.04169684648513794,0.03127212077379227
555,555,0.010731393471360207,,,,,
556,556,,,1.0057473182678223,0.2308530956506729,0.03815022483468056,0.03127212077379227
556,556,0.010810738429427147,,,,,
557,557,,,1.0511749982833862,0.2384915053844452,0.0412694588303566,0.03127212077379227
557,557,0.010799005627632141,,,,,
558,558,,,1.0284887552261353,0.2346370369195938,0.039690420031547546,0.03127212077379227
558,558,0.010691754519939423,,,,,
559,559,,,1.0188524723052979,0.23293736577033997,0.03902040049433708,0.03127212077379227
559,559,0.010612346231937408,,,,,
560,560,,,1.0535377264022827,0.23879733681678772,0.04142189770936966,0.03127212077379227
560,560,0.010628921911120415,,,,,
561,561,,,1.01226007938385,0.23123271763324738,0.03848943114280701,0.03127212077379227
561,561,0.010676375590264797,,,,,
562,562,,,1.0426908731460571,0.2368614375591278,0.040648214519023895,0.03127212077379227
562,562,0.010667793452739716,,,,,
563,563,,,1.0327328443527222,0.2343716323375702,0.03984319418668747,0.03127212077379227
563,563,0.010604003444314003,,,,,
564,564,,,1.0212708711624146,0.23269391059875488,0.0390935055911541,0.03127212077379227
564,564,0.010548384860157967,,,,,
565,565,,,1.0440129041671753,0.2360827624797821,0.04059681296348572,0.03127212077379227
565,565,0.01053516287356615,,,,,
566,566,,,1.0215096473693848,0.23159319162368774,0.038949452340602875,0.03127212077379227
566,566,0.010547462850809097,,,,,
567,567,,,1.0363306999206543,0.23510314524173737,0.040109194815158844,0.03127212077379227
567,567,0.010555101558566093,,,,,
568,568,,,1.0307999849319458,0.23279444873332977,0.03953336924314499,0.03127212077379227
568,568,0.010539736598730087,,,,,
569,569,,,1.029790997505188,0.23316173255443573,0.03953989967703819,0.03127212077379227
569,569,0.010502106510102749,,,,,
570,570,,,1.0323538780212402,0.23321007192134857,0.03966177999973297,0.03127212077379227
570,570,0.010462836362421513,,,,,
571,571,,,1.030151605606079,0.23235894739627838,0.03944297134876251,0.03127212077379227
571,571,0.010444913059473038,,,,,
572,572,,,1.033413052558899,0.2337706983089447,0.03978864848613739,0.03127212077379227
572,572,0.010448302142322063,,,,,
573,573,,,1.0276211500167847,0.23163408041000366,0.039227817207574844,0.03127212077379227
573,573,0.010453655384480953,,,,,
574,574,,,1.0380128622055054,0.23412995040416718,0.04004695266485214,0.03127212077379227
574,574,0.010445539839565754,,,,,
575,575,,,1.0245112180709839,0.23139095306396484,0.039054811000823975,0.03127212077379227
575,575,0.010424108244478703,,,,,
576,576,,,1.0369322299957275,0.233529731631279,0.03991318494081497,0.03127212077379227
576,576,0.010398412123322487,,,,,
577,577,,,1.0302976369857788,0.2324306070804596,0.039459601044654846,0.03127212077379227
577,577,0.010375394485890865,,,,,
578,578,,,1.0291110277175903,0.2319987714290619,0.03934570029377937,0.03127212077379227
578,578,0.01035960204899311,,,,,
579,579,,,1.0383358001708984,0.23379160463809967,0.0400136336684227,0.03127212077379227
579,579,0.010352740064263344,,,,,
580,580,,,1.0248966217041016,0.23113761842250824,0.039036549627780914,0.03127212077379227
580,580,0.010350696742534637,,,,,
581,581,,,1.0382227897644043,0.23368686437606812,0.03999370336532593,0.03127212077379227
581,581,0.010347053408622742,,,,,
582,582,,,1.0285001993179321,0.23141153156757355,0.039235979318618774,0.03127212077379227
582,582,0.010338937863707542,,,,,
583,583,,,1.03397536277771,0.23309829831123352,0.03971894830465317,0.03127212077379227
583,583,0.010327479802072048,,,,,
584,584,,,1.0317171812057495,0.23198914527893066,0.039461277425289154,0.03127212077379227
584,584,0.0103140352293849,,,,,
585,585,,,1.0335912704467773,0.2328476756811142,0.0396663174033165,0.03127212077379227
585,585,0.010299064218997955,,,,,
586,586,,,1.0303122997283936,0.23188549280166626,0.0393836535513401,0.03127212077379227
586,586,0.010283546522259712,,,,,
587,587,,,1.035383939743042,0.2329617142677307,0.03976313769817352,0.03127212077379227
587,587,0.010269472375512123,,,,,
588,588,,,1.0300453901290894,0.23211871087551117,0.039404433220624924,0.03127212077379227
588,588,0.01025746762752533,,,,,
589,589,,,1.034079670906067,0.232738196849823,0.03967287391424179,0.03127212077379227
589,589,0.010246703401207924,,,,,
590,590,,,1.0335134267807007,0.23276391625404358,0.03965101018548012,0.03127212077379227
590,590,0.010236740112304688,,,,,
591,591,,,1.0307419300079346,0.2322988063097,0.03946099802851677,0.03127212077379227
591,591,0.010227827355265617,,,,,
592,592,,,1.036048173904419,0.2333061546087265,0.039841700345277786,0.03127212077379227
592,592,0.010220060124993324,,,,,
593,593,,,1.030282735824585,0.23220564424991608,0.039427295327186584,0.03127212077379227
593,593,0.010212953202426434,,,,,
594,594,,,1.0356236696243286,0.23346452414989471,0.039844922721385956,0.03127212077379227
594,594,0.01020635012537241,,,,,
595,595,,,1.0316447019577026,0.2323920726776123,0.03951464965939522,0.03127212077379227
595,595,0.010200999677181244,,,,,
596,596,,,1.0355782508850098,0.2337639480829239,0.03988522291183472,0.03127212077379227
596,596,0.010197973810136318,,,,,
597,597,,,1.0303314924240112,0.23204399645328522,0.03940676897764206,0.03127212077379227
597,597,0.010198463685810566,,,,,
598,598,,,1.039241075515747,0.23462264239788055,0.04017239063978195,0.03127212077379227
598,598,0.010205166414380074,,,,,
599,599,,0.010223525576293468,,,,
599,599,,,1.026004433631897,0.2311624437570572,0.03908947855234146,0.03127212077379227
599,599,0.010223525576293468,,,,,
600,600,,,1.045960783958435,0.23623283207416534,0.04070689156651497,0.03127212077379227
600,600,0.010264645330607891,,,,,
601,601,,,1.020806908607483,0.22962500154972076,0.03864347189664841,0.03127212077379227
601,601,0.010348048992455006,,,,,
602,602,,,1.0565649271011353,0.2387177050113678,0.041549455374479294,0.03127212077379227
602,602,0.010513916611671448,,,,,
603,603,,,1.0146777629852295,0.22690433263778687,0.03799596428871155,0.03127212077379227
603,603,0.010824432596564293,,,,,
604,604,,,1.0783109664916992,0.24320167303085327,0.04321412742137909,0.03127212077379227
604,604,0.011387811973690987,,,,,
605,605,,,1.0055363178253174,0.2226937711238861,0.03702098876237869,0.03127212077379227
605,605,0.012235059402883053,,,,,
606,606,,,1.1058446168899536,0.2484482228755951,0.045304007828235626,0.03127212077379227
606,606,0.013258801773190498,,,,,
607,607,,,0.9891550540924072,0.22097556293010712,0.03607892245054245,0.03127212077379227
607,607,0.013678097166121006,,,,,
608,608,,,1.0906096696853638,0.24530600011348724,0.04410596191883087,0.03127212077379227
608,608,0.01294372882694006,,,,,
609,609,,,1.0054264068603516,0.22970522940158844,0.03797617554664612,0.03127212077379227
609,609,0.011244738474488258,,,,,
610,610,,,1.0284569263458252,0.23027148842811584,0.039074745029211044,0.03127212077379227
610,610,0.010189713910222054,,,,,
611,611,,,1.0816255807876587,0.24424342811107635,0.043523672968149185,0.03127212077379227
611,611,0.010540028102695942,,,,,
612,612,,,0.9800669550895691,0.2219923585653305,0.03582562878727913,0.03127212077379227
612,612,0.011478815227746964,,,,,
613,613,,,1.0973378419876099,0.2458549439907074,0.04450803995132446,0.03127212077379227
613,613,0.011732630431652069,,,,,
614,614,,,1.0043410062789917,0.22974860668182373,0.03793471306562424,0.03127212077379227
614,614,0.010944846086204052,,,,,
615,615,,,1.0230342149734497,0.2307402640581131,0.03889796510338783,0.03127212077379227
615,615,0.010181521996855736,,,,,
616,616,,,1.084326982498169,0.2443227469921112,0.04366277903318405,0.03127212077379227
616,616,0.010313659906387329,,,,,
617,617,,,0.9788098931312561,0.2235380858182907,0.03598044812679291,0.03127212077379227
617,617,0.010910917073488235,,,,,
618,618,,,1.0852923393249512,0.2433611899614334,0.04356645792722702,0.03127212077379227
618,618,0.011020033620297909,,,,,
619,619,,,1.0240232944488525,0.23340003192424774,0.03931566700339317,0.03127212077379227
619,619,0.010477619245648384,,,,,
620,620,,,1.009964942932129,0.22962284088134766,0.03816384822130203,0.03127212077379227
620,620,0.010071317665278912,,,,,
621,621,,,1.0877234935760498,0.24421142041683197,0.04380692541599274,0.03127212077379227
621,621,0.010284917429089546,,,,,
622,622,,,0.989109992980957,0.22598008811473846,0.03675394505262375,0.03127212077379227
622,622,0.010650016367435455,,,,,
623,623,,,1.0628769397735596,0.23984269797801971,0.04200362414121628,0.03127212077379227
623,623,0.010565429925918579,,,,,
624,624,,,1.0441468954086304,0.2366182804107666,0.04067951813340187,0.03127212077379227
624,624,0.010174194350838661,,,,,
625,625,,,1.0036576986312866,0.22885315120220184,0.037780556827783585,0.03127212077379227
625,625,0.010042215697467327,,,,,
626,626,,,1.0795400142669678,0.24228526651859283,0.043137215077877045,0.03127212077379227
626,626,0.010263584554195404,,,,,
627,627,,,1.0073199272155762,0.22878426313400269,0.037931349128484726,0.03127212077379227
627,627,0.010418616235256195,,,,,
628,628,,,1.0429067611694336,0.2364332377910614,0.04059667885303497,0.03127212077379227
628,628,0.01026633009314537,,,,,
629,629,,,1.0544415712356567,0.23769712448120117,0.04130471497774124,0.03127212077379227
629,629,0.010047094896435738,,,,,
630,630,,,1.0077406167984009,0.22938024997711182,0.03803244233131409,0.03127212077379227
630,630,0.010046429932117462,,,,,
631,631,,,1.0644174814224243,0.24000287055969238,0.042098239064216614,0.03127212077379227
631,631,0.010186925530433655,,,,,
632,632,,,1.0236690044403076,0.23158472776412964,0.03904440999031067,0.03127212077379227
632,632,0.010227691382169724,,,,,
633,633,,,1.0330864191055298,0.2350190132856369,0.03995106369256973,0.03127212077379227
633,633,0.01011710986495018,,,,,
634,634,,,1.0542434453964233,0.23784980177879333,0.041317589581012726,0.03127212077379227
634,634,0.01000868808478117,,,,,
635,635,,,1.018423318862915,0.23155014216899872,0.038806356489658356,0.03127212077379227
635,635,0.010020023211836815,,,,,
636,636,,,1.0516902208328247,0.23872514069080353,0.04132679104804993,0.03127212077379227
636,636,0.010092138312757015,,,,,
637,637,,,1.0331677198410034,0.23371031880378723,0.039769068360328674,0.03127212077379227
637,637,0.010110447183251381,,,,,
638,638,,,1.0321580171585083,0.23535555601119995,0.039957232773303986,0.03127212077379227
638,638,0.010050828568637371,,,,,
639,639,,,1.0475417375564575,0.23745745420455933,0.04095451161265373,0.03127212077379227
639,639,0.009983159601688385,,,,,
640,640,,,1.028205394744873,0.2336844950914383,0.039542727172374725,0.03127212077379227
640,640,0.0099773108959198,,,,,
641,641,,,1.043908715248108,0.2378578782081604,0.04084669426083565,0.03127212077379227
641,641,0.010018721222877502,,,,,
642,642,,,1.0359500646591187,0.23451925814151764,0.0400090329349041,0.03127212077379227
642,642,0.010040555149316788,,,,,
643,643,,,1.0360159873962402,0.2361331731081009,0.040241897106170654,0.03127212077379227
643,643,0.01001036912202835,,,,,
644,644,,,1.040546178817749,0.2365381270647049,0.04050461947917938,0.03127212077379227
644,644,0.009960312396287918,,,,,
645,645,,,1.0352717638015747,0.2350197732448578,0.04004957526922226,0.03127212077379227
645,645,0.00994320958852768,,,,,
646,646,,,1.0408300161361694,0.23727893829345703,0.04062371701002121,0.03127212077379227
646,646,0.00996527262032032,,,,,
647,647,,,1.0357922315597534,0.23477207124233246,0.04003782197833061,0.03127212077379227
647,647,0.009986604563891888,,,,,
648,648,,,1.041199803352356,0.23700711131095886,0.0406014621257782,0.03127212077379227
648,648,0.009976673871278763,,,,,
649,649,,0.009945042431354523,,,,
649,649,,,1.0363787412643433,0.2357582300901413,0.04020471125841141,0.03127212077379227
649,649,0.009945042431354523,,,,,
650,650,,,1.040454387664795,0.23610620200634003,0.040438681840896606,0.03127212077379227
650,650,0.009923147037625313,,,,,
651,651,,,1.0405259132385254,0.23709583282470703,0.04058365523815155,0.03127212077379227
651,651,0.00992521271109581,,,,,
652,652,,,1.03591787815094,0.23518256843090057,0.040101874619722366,0.03127212077379227
652,652,0.009938033297657967,,,,,
653,653,,,1.0450166463851929,0.23771697282791138,0.04087679833173752,0.03127212077379227
653,653,0.009942255914211273,,,,,
654,654,,,1.0345032215118408,0.2353917509317398,0.04006790369749069,0.03127212077379227
654,654,0.009931319393217564,,,,,
655,655,,,1.0436710119247437,0.2370774894952774,0.04072372242808342,0.03127212077379227
655,655,0.009913656860589981,,,,,
656,656,,,1.0401123762130737,0.23681879043579102,0.04052518308162689,0.03127212077379227
656,656,0.009901399724185467,,,,,
657,657,,,1.0372464656829834,0.23577255010604858,0.04024593159556389,0.03127212077379227
657,657,0.009899703785777092,,,,,
658,658,,,1.0461392402648926,0.23788133263587952,0.04095156118273735,0.03127212077379227
658,658,0.009904555976390839,,,,,
659,659,,,1.0348351001739502,0.23548881709575653,0.04009668529033661,0.03127212077379227
659,659,0.009907369501888752,,,,,
660,660,,,1.045518159866333,0.23781752586364746,0.04091409593820572,0.03127212077379227
660,660,0.009902523830533028,,,,,
661,661,,,1.0395509004592896,0.23655131459236145,0.04046144336462021,0.03127212077379227
661,661,0.009891741909086704,,,,,
662,662,,,1.0401242971420288,0.23680956661701202,0.040524400770664215,0.03127212077379227
662,662,0.009881333447992802,,,,,
663,663,,,1.044985294342041,0.23772472143173218,0.04087648540735245,0.03127212077379227
663,663,0.009876069612801075,,,,,
664,664,,,1.037677526473999,0.2363557517528534,0.04034873843193054,0.03127212077379227
664,664,0.009875810705125332,,,,,
665,665,,,1.0457381010055542,0.23820748925209045,0.04098028689622879,0.03127212077379227
665,665,0.00987680908292532,,,,,
666,666,,,1.0402146577835083,0.23683170974254608,0.040531668812036514,0.03127212077379227
666,666,0.009875765070319176,,,,,
667,667,,,1.0430569648742676,0.23799583315849304,0.04082786291837692,0.03127212077379227
667,667,0.009871731512248516,,,,,
668,668,,,1.043123483657837,0.2375951111316681,0.04077320545911789,0.03127212077379227
668,668,0.00986558385193348,,,,,
669,669,,,1.0417838096618652,0.23778921365737915,0.040740326046943665,0.03127212077379227
669,669,0.00985910277813673,,,,,
670,670,,,1.0438801050186157,0.2381610870361328,0.04088907688856125,0.03127212077379227
670,670,0.009853780269622803,,,,,
671,671,,,1.0427895784378052,0.23791801929473877,0.04080451652407646,0.03127212077379227
671,671,0.00985046662390232,,,,,
672,672,,,1.0436526536941528,0.23854871094226837,0.04093465954065323,0.03127212077379227
672,672,0.00984888430684805,,,,,
673,673,,,1.0432085990905762,0.23805101215839386,0.040842704474925995,0.03127212077379227
673,673,0.009847825393080711,,,,,
674,674,,,1.0445661544799805,0.23890428245067596,0.04102757200598717,0.03127212077379227
674,674,0.0098460977897048,,,,,
675,675,,,1.0425771474838257,0.2382301241159439,0.040839847177267075,0.03127212077379227
675,675,0.00984315387904644,,,,,
676,676,,,1.04608952999115,0.23926131427288055,0.04114857316017151,0.03127212077379227
676,676,0.009839250706136227,,,,,
677,677,,,1.042588233947754,0.23853830993175507,0.04088481515645981,0.03127212077379227
677,677,0.009834948927164078,,,,,
678,678,,,1.0460641384124756,0.23929205536842346,0.041151873767375946,0.03127212077379227
678,678,0.009830682538449764,,,,,
679,679,,,1.0442404747009277,0.2390560656785965,0.041034720838069916,0.03127212077379227
679,679,0.00982675887644291,,,,,
680,680,,,1.0447486639022827,0.23918841779232025,0.041076987981796265,0.03127212077379227
680,680,0.009823368862271309,,,,,
681,681,,,1.0464633703231812,0.23962688446044922,0.0412185937166214,0.03127212077379227
681,681,0.009820569306612015,,,,,
682,682,,,1.0439424514770508,0.23915475606918335,0.041035450994968414,0.03127212077379227
682,682,0.00981822144240141,,,,,
683,683,,,1.0473616123199463,0.2399655282497406,0.0413086898624897,0.03127212077379227
683,683,0.009816053323447704,,,,,
684,684,,,1.0445291996002197,0.23931291699409485,0.04108503833413124,0.03127212077379227
684,684,0.009813847951591015,,,,,
685,685,,,1.0471559762954712,0.24011273682117462,0.04132070392370224,0.03127212077379227
685,685,0.00981154479086399,,,,,
686,686,,,1.0457626581192017,0.23958878219127655,0.04118115082383156,0.03127212077379227
686,686,0.009809136390686035,,,,,
687,687,,,1.0471171140670776,0.2402743399143219,0.04134242236614227,0.03127212077379227
687,687,0.009806651622056961,,,,,
688,688,,,1.0462286472320557,0.23978179693222046,0.041230376809835434,0.03127212077379227
688,688,0.00980406254529953,,,,,
689,689,,,1.047898530960083,0.24050354957580566,0.04141141474246979,0.03127212077379227
689,689,0.009801407344639301,,,,,
690,690,,,1.0460501909255981,0.23989619314670563,0.04123885929584503,0.03127212077379227
690,690,0.009798739105463028,,,,,
691,691,,,1.0490859746932983,0.24081234633922577,0.041510604321956635,0.03127212077379227
691,691,0.009796135127544403,,,,,
692,692,,,1.046071171760559,0.24003152549266815,0.04125946760177612,0.03127212077379227
692,692,0.00979364663362503,,,,,
693,693,,,1.0497469902038574,0.24104726314544678,0.04157506674528122,0.03127212077379227
693,693,0.009791294112801552,,,,,
694,694,,,1.046597957611084,0.24019375443458557,0.04130703955888748,0.03127212077379227
694,694,0.0097891204059124,,,,,
695,695,,,1.0499826669692993,0.24127161502838135,0.04161858558654785,0.03127212077379227
695,695,0.00978722982108593,,,,,
696,696,,,1.0472623109817505,0.24034900963306427,0.041359905153512955,0.03127212077379227
696,696,0.009785749018192291,,,,,
697,697,,,1.0505784749984741,0.24157866835594177,0.041690707206726074,0.03127212077379227
697,697,0.009784916415810585,,,,,
698,698,,,1.047267198562622,0.24035069346427917,0.04136037081480026,0.03127212077379227
698,698,0.009785033762454987,,,,,
699,699,,0.00978667289018631,,,,
699,699,,,1.0520249605178833,0.24206171929836273,0.04182762652635574,0.03127212077379227
699,699,0.00978667289018631,,,,,
700,700,,,1.0464155673980713,0.24014292657375336,0.04129134491086006,0.03127212077379227
700,700,0.009790753945708275,,,,,
701,701,,,1.0544908046722412,0.24280165135860443,0.042049285024404526,0.03127212077379227
701,701,0.009798978455364704,,,,,
702,702,,,1.0448859930038452,0.23967283964157104,0.0411534421145916,0.03127212077379227
702,702,0.009814036078751087,,,,,
703,703,,,1.0580841302871704,0.2438964694738388,0.04237581789493561,0.03127212077379227
703,703,0.009841041639447212,,,,,
704,704,,,1.0426089763641357,0.23874273896217346,0.04091528803110123,0.03127212077379227
704,704,0.009888116270303726,,,,,
705,705,,,1.0640789270401,0.24563702940940857,0.04291064664721489,0.03127212077379227
705,705,0.00997109618037939,,,,,
706,706,,,1.0392346382141113,0.2370237410068512,0.04051484167575836,0.03127212077379227
706,706,0.01011343952268362,,,,,
707,707,,,1.075480580329895,0.24857266247272491,0.04388081282377243,0.03127212077379227
707,707,0.010360302403569221,,,,,
708,708,,,1.03457510471344,0.23407195508480072,0.03988362103700638,0.03127212077379227
708,708,0.010760515928268433,,,,,
709,709,,,1.0957508087158203,0.2530876100063324,0.04552443325519562,0.03127212077379227
709,709,0.011393439024686813,,,,,
710,710,,,1.0281633138656616,0.23034615814685822,0.03907201066613197,0.03127212077379227
710,710,0.012211405672132969,,,,,
711,711,,,1.116744041442871,0.25740909576416016,0.04720328003168106,0.03127212077379227
711,711,0.013083324767649174,,,,,
712,712,,,1.015141487121582,0.22930283844470978,0.038347624242305756,0.03127212077379227
712,712,0.013362884521484375,,,,,
713,713,,,1.1072214841842651,0.2545728087425232,0.04630274698138237,0.03127212077379227
713,713,0.012705259025096893,,,,,
714,714,,,1.0175354480743408,0.23615682125091553,0.039419084787368774,0.03127212077379227
714,714,0.011179650202393532,,,,,
715,715,,,1.066860318183899,0.24212351441383362,0.04252101480960846,0.03127212077379227
715,715,0.009988454170525074,,,,,
716,716,,,1.070241093635559,0.24863144755363464,0.04364490509033203,0.03127212077379227
716,716,0.009930478408932686,,,,,
717,717,,,1.0229244232177734,0.2325926274061203,0.039152827113866806,0.03127212077379227
717,717,0.010677007026970387,,,,,
718,718,,,1.1120918989181519,0.25458765029907227,0.04654034227132797,0.03127212077379227
718,718,0.01122759748250246,,,,,
719,719,,,1.0034561157226562,0.2335648536682129,0.03843115642666817,0.03127212077379227
719,719,0.01092962920665741,,,,,
720,720,,,1.0899409055709839,0.24661418795585632,0.04426897317171097,0.03127212077379227
720,720,0.010220326483249664,,,,,
721,721,,,1.0489789247512817,0.2444637268781662,0.04204198718070984,0.03127212077379227
721,721,0.009884343482553959,,,,,
722,722,,,1.0343626737594604,0.23568060994148254,0.0401027537882328,0.03127212077379227
722,722,0.010108919814229012,,,,,
723,723,,,1.1078773736953735,0.2525908350944519,0.046030156314373016,0.03127212077379227
723,723,0.010414810851216316,,,,,
724,724,,,1.0036702156066895,0.23437590897083282,0.03855537623167038,0.03127212077379227
724,724,0.010381286032497883,,,,,
725,725,,,1.1001945734024048,0.24783045053482056,0.04493987560272217,0.03127212077379227
725,725,0.010112199001014233,,,,,
726,726,,,1.0409764051437378,0.24252638220787048,0.04139234870672226,0.03127212077379227
726,726,0.009928376413881779,,,,,
727,727,,,1.04146409034729,0.23805436491966248,0.040764015167951584,0.03127212077379227
727,727,0.009942436590790749,,,,,
728,728,,,1.1007956266403198,0.25059086084365845,0.04538507014513016,0.03127212077379227
728,728,0.010023240931332111,,,,,
729,729,,,1.0076723098754883,0.23536477982997894,0.038871198892593384,0.03127212077379227
729,729,0.010048946365714073,,,,,
730,730,,,1.1017216444015503,0.24752306938171387,0.04496699571609497,0.03127212077379227
730,730,0.01000309269875288,,,,,
731,731,,,1.0387176275253296,0.24128246307373047,0.04110793024301529,0.03127212077379227
731,731,0.009916850365698338,,,,,
732,732,,,1.0472551584243774,0.2396041303873062,0.04125138372182846,0.03127212077379227
732,732,0.009841835126280785,,,,,
733,733,,,1.0934042930603027,0.2484898567199707,0.044714655727148056,0.03127212077379227
733,733,0.009826363995671272,,,,,
734,734,,,1.0139820575714111,0.23662428557872772,0.039328813552856445,0.03127212077379227
734,734,0.009875916875898838,,,,,
735,735,,,1.09860360622406,0.24763458967208862,0.04483434557914734,0.03127212077379227
735,735,0.009915521368384361,,,,,
736,736,,,1.0385602712631226,0.24119314551353455,0.04108778387308121,0.03127212077379227
736,736,0.009870261885225773,,,,,
737,737,,,1.0532863140106201,0.24154609441757202,0.041809968650341034,0.03127212077379227
737,737,0.009776284918189049,,,,,
738,738,,,1.086318016052246,0.2474898248910904,0.04422827810049057,0.03127212077379227
738,738,0.009734800085425377,,,,,
739,739,,,1.0223093032836914,0.23872199654579163,0.03999975323677063,0.03127212077379227
739,739,0.009781560860574245,,,,,
740,740,,,1.0942476987838745,0.24813464283943176,0.044701434671878815,0.03127212077379227
740,740,0.009838109835982323,,,,,
741,741,,,1.0388123989105225,0.24160857498645782,0.04115988314151764,0.03127212077379227
741,741,0.009817654266953468,,,,,
742,742,,,1.0585271120071411,0.2435486763715744,0.042344920337200165,0.03127212077379227
742,742,0.009740978479385376,,,,,
743,743,,,1.0780372619628906,0.24680644273757935,0.043735869228839874,0.03127212077379227
743,743,0.009696817956864834,,,,,
744,744,,,1.0309640169143677,0.24052180349826813,0.04064766317605972,0.03127212077379227
744,744,0.009724446572363377,,,,,
745,745,,,1.0895659923553467,0.2480352520942688,0.04446392506361008,0.03127212077379227
745,745,0.009771710261702538,,,,,
746,746,,,1.0402957201004028,0.24189947545528412,0.04126960039138794,0.03127212077379227
746,746,0.009770173579454422,,,,,
747,747,,,1.0642468929290771,0.24500030279159546,0.04282388091087341,0.03127212077379227
747,747,0.009721771813929081,,,,,
748,748,,,1.0707765817642212,0.24592556059360504,0.043264854699373245,0.03127212077379227
748,748,0.00968326535075903,,,,,
749,749,,0.009690121747553349,,,,
749,749,,,1.0402024984359741,0.2420888990163803,0.04129312187433243,0.03127212077379227
749,749,0.009690121747553349,,,,,
750,750,,,1.084733009338379,0.24775338172912598,0.04419286549091339,0.03127212077379227
750,750,0.00972001627087593,,,,,
751,751,,,1.0430961847305298,0.24242495000362396,0.0414736345410347,0.03127212077379227
751,751,0.009728898294270039,,,,,
752,752,,,1.0696731805801392,0.24605832993984222,0.04323320835828781,0.03127212077379227
752,752,0.009706005454063416,,,,,
753,753,,,1.0652410984039307,0.24523453414440155,0.042904727160930634,0.03127212077379227
753,753,0.0096782511100173,,,,,
754,754,,,1.0496370792388916,0.24372084438800812,0.04196229949593544,0.03127212077379227
754,754,0.009671990759670734,,,,,
755,755,,,1.0795392990112305,0.2473318874835968,0.0438850000500679,0.03127212077379227
755,755,0.009684731252491474,,,,,
756,756,,,1.0469081401824951,0.24319325387477875,0.041759997606277466,0.03127212077379227
756,756,0.009694227948784828,,,,,
757,757,,,1.0728169679641724,0.24674032628536224,0.043481554836034775,0.03127212077379227
757,757,0.00968746468424797,,,,,
758,758,,,1.0610631704330444,0.2448694109916687,0.042657166719436646,0.03127212077379227
758,758,0.009672129526734352,,,,,
759,759,,,1.0580017566680908,0.245122492313385,0.04255346953868866,0.03127212077379227
759,759,0.009662941098213196,,,,,
760,760,,,1.0742621421813965,0.2467266023159027,0.04354706034064293,0.03127212077379227
760,760,0.009664490818977356,,,,,
761,761,,,1.0521273612976074,0.24428586661815643,0.04215969890356064,0.03127212077379227
761,761,0.009668940678238869,,,,,
762,762,,,1.0736604928970337,0.24713191390037537,0.043579503893852234,0.03127212077379227
762,762,0.009667753241956234,,,,,
763,763,,,1.0593692064285278,0.24511033296585083,0.04261470213532448,0.03127212077379227
763,763,0.009660881012678146,,,,,
764,764,,,1.0644689798355103,0.24640163779258728,0.043042585253715515,0.03127212077379227
764,764,0.009654373861849308,,,,,
765,765,,,1.0698418617248535,0.24655723571777344,0.04331544414162636,0.03127212077379227
765,765,0.009652458131313324,,,,,
766,766,,,1.0580928325653076,0.24576729536056519,0.042653463780879974,0.03127212077379227
766,766,0.009653288871049881,,,,,
767,767,,,1.0727323293685913,0.2473849207162857,0.04357399791479111,0.03127212077379227
767,767,0.00965246744453907,,,,,
768,768,,,1.0603429079055786,0.24604716897010803,0.04279889166355133,0.03127212077379227
768,768,0.00964840967208147,,,,,
769,769,,,1.068184733390808,0.2474490851163864,0.04337165504693985,0.03127212077379227
769,769,0.009643448516726494,,,,,
770,770,,,1.067158818244934,0.24700963497161865,0.043258197605609894,0.03127212077379227
770,770,0.00964073184877634,,,,,
771,771,,,1.063056230545044,0.2472057342529297,0.043097272515296936,0.03127212077379227
771,771,0.00964062474668026,,,,,
772,772,,,1.0710653066635132,0.24777089059352875,0.04355403780937195,0.03127212077379227
772,772,0.009640766307711601,,,,,
773,773,,,1.0628633499145508,0.24737493693828583,0.04311367869377136,0.03127212077379227
773,773,0.009638853371143341,,,,,
774,774,,,1.069692611694336,0.2481713593006134,0.043550170958042145,0.03127212077379227
774,774,0.009634828194975853,,,,,
775,775,,,1.0668407678604126,0.24796611070632935,0.043386705219745636,0.03127212077379227
775,775,0.009630667045712471,,,,,
776,776,,,1.0662392377853394,0.24826614558696747,0.043403834104537964,0.03127212077379227
776,776,0.009628251194953918,,,,,
777,777,,,1.070413589477539,0.2485465705394745,0.043640173971652985,0.03127212077379227
777,777,0.009627706371247768,,,,,
778,778,,,1.0652214288711548,0.24851147830486298,0.043393492698669434,0.03127212077379227
778,778,0.009627608582377434,,,,,
779,779,,,1.0707032680511475,0.24886640906333923,0.04370182380080223,0.03127212077379227
779,779,0.009626416489481926,,,,,
780,780,,,1.0675389766693115,0.24899159371852875,0.04357338696718216,0.03127212077379227
780,780,0.00962380412966013,,,,,
781,781,,,1.068305492401123,0.24896760284900665,0.043605413287878036,0.03127212077379227
781,781,0.009620598517358303,,,,,
782,782,,,1.0707110166549683,0.249477818608284,0.04379440099000931,0.03127212077379227
782,782,0.009617887437343597,,,,,
783,783,,,1.066550374031067,0.24913078546524048,0.04354843869805336,0.03127212077379227
783,783,0.009616121649742126,,,,,
784,784,,,1.0721635818481445,0.24977988004684448,0.043907806277275085,0.03127212077379227
784,784,0.009614952839910984,,,,,
785,785,,,1.0674183368682861,0.24955132603645325,0.043652236461639404,0.03127212077379227
785,785,0.009613738395273685,,,,,
786,786,,,1.0709810256958008,0.249803826212883,0.04385624825954437,0.03127212077379227
786,786,0.009612083435058594,,,,,
787,787,,,1.070212960243225,0.25009864568710327,0.04386504739522934,0.03127212077379227
787,787,0.009610082022845745,,,,,
788,788,,,1.0688130855560303,0.24979612231254578,0.04375409334897995,0.03127212077379227
788,788,0.009608069434762001,,,,,
789,789,,,1.0729390382766724,0.25062185525894165,0.04407153278589249,0.03127212077379227
789,789,0.009606276638805866,,,,,
790,790,,,1.0678073167800903,0.24994401633739471,0.04372968152165413,0.03127212077379227
790,790,0.009604702703654766,,,,,
791,791,,,1.0738226175308228,0.25087764859199524,0.04415165260434151,0.03127212077379227
791,791,0.009603100828826427,,,,,
792,792,,,1.0688207149505615,0.25032272934913635,0.04383415728807449,0.03127212077379227
792,792,0.009601322002708912,,,,,
793,793,,,1.0728331804275513,0.2509281635284424,0.044113077223300934,0.03127212077379227
793,793,0.009599360637366772,,,,,
794,794,,,1.0712321996688843,0.2508581280708313,0.044027723371982574,0.03127212077379227
794,794,0.009597379714250565,,,,,
795,795,,,1.071131706237793,0.2509087324142456,0.04403071105480194,0.03127212077379227
795,795,0.009595544077455997,,,,,
796,796,,,1.0734944343566895,0.25136205554008484,0.04420993849635124,0.03127212077379227
796,796,0.009593922644853592,,,,,
797,797,,,1.0701185464859009,0.2509670555591583,0.04399234056472778,0.03127212077379227
797,797,0.009592459537088871,,,,,
798,798,,,1.074668049812317,0.2517213523387909,0.044319525361061096,0.03127212077379227
798,798,0.009591016918420792,,,,,
799,799,,0.009589488618075848,,,,
799,799,,,1.070497751235962,0.2512025535106659,0.04404580965638161,0.03127212077379227
799,799,0.009589488618075848,,,,,
800,800,,,1.074567198753357,0.25193217396736145,0.044346947222948074,0.03127212077379227
800,800,0.009587835520505905,,,,,
801,801,,,1.0718404054641724,0.25154346227645874,0.044160302728414536,0.03127212077379227
801,801,0.009586116299033165,,,,,
802,802,,,1.073811650276184,0.2520555257797241,0.0443304218351841,0.03127212077379227
802,802,0.009584419429302216,,,,,
803,803,,,1.0733989477157593,0.2519212067127228,0.04429064691066742,0.03127212077379227
803,803,0.009582778438925743,,,,,
804,804,,,1.0732927322387695,0.2522052824497223,0.044329024851322174,0.03127212077379227
804,804,0.009581208229064941,,,,,
805,805,,,1.0744428634643555,0.25222325325012207,0.04438553750514984,0.03127212077379227
805,805,0.009579680860042572,,,,,
806,806,,,1.073447585105896,0.25241613388061523,0.04436846449971199,0.03127212077379227
806,806,0.009578153491020203,,,,,
807,807,,,1.074691653251648,0.25242963433265686,0.04442870616912842,0.03127212077379227
807,807,0.00957659911364317,,,,,
808,808,,,1.0743271112442017,0.25271767377853394,0.04445568472146988,0.03127212077379227
808,808,0.009575016796588898,,,,,
809,809,,,1.074372410774231,0.2525607943534851,0.04443381726741791,0.03127212077379227
809,809,0.009573444724082947,,,,,
810,810,,,1.075585961341858,0.25306618213653564,0.04456795006990433,0.03127212077379227
810,810,0.009571915492415428,,,,,
811,811,,,1.0738506317138672,0.25264447927474976,0.0444222018122673,0.03127212077379227
811,811,0.009570468217134476,,,,,
812,812,,,1.0768688917160034,0.25342369079589844,0.04468286782503128,0.03127212077379227
812,812,0.009569132700562477,,,,,
813,813,,,1.0734899044036865,0.25272029638290405,0.04441693797707558,0.03127212077379227
813,813,0.009567929431796074,,,,,
814,814,,,1.0779688358306885,0.25379255414009094,0.044791094958782196,0.03127212077379227
814,814,0.009566900320351124,,,,,
815,815,,,1.0733214616775513,0.25277671217918396,0.04441769793629646,0.03127212077379227
815,815,0.00956614688038826,,,,,
816,816,,,1.078918695449829,0.2541813552379608,0.0448954701423645,0.03127212077379227
816,816,0.009565819054841995,,,,,
817,817,,,1.0731841325759888,0.2527671456336975,0.04440981522202492,0.03127212077379227
817,817,0.009566177614033222,,,,,
818,818,,,1.0800807476043701,0.2546772062778473,0.04502645134925842,0.03127212077379227
818,818,0.009567700326442719,,,,,
819,819,,,1.0726877450942993,0.2525993287563324,0.04436095803976059,0.03127212077379227
819,819,0.00957114715129137,,,,,
820,820,,,1.0819810628890991,0.2553923726081848,0.04522629827260971,0.03127212077379227
820,820,0.00957789272069931,,,,,
821,821,,,1.0712445974349976,0.2521153688430786,0.04421967640519142,0.03127212077379227
821,821,0.00959022343158722,,,,,
822,822,,,1.0855287313461304,0.2565532624721527,0.04557357355952263,0.03127212077379227
822,822,0.00961237121373415,,,,,
823,823,,,1.0681743621826172,0.25106024742126465,0.0439160019159317,0.03127212077379227
823,823,0.009651388972997665,,,,,
824,824,,,1.0923335552215576,0.2585275173187256,0.046203963458538055,0.03127212077379227
824,824,0.009720832109451294,,,,,
825,825,,,1.0626577138900757,0.2489963322877884,0.043347738683223724,0.03127212077379227
825,825,0.009842274710536003,,,,,
826,826,,,1.1055036783218384,0.26195311546325684,0.047373730689287186,0.03127212077379227
826,826,0.010057767853140831,,,,,
827,827,,,1.0543646812438965,0.24533045291900635,0.04241707921028137,0.03127212077379227
827,827,0.010424069128930569,,,,,
828,828,,,1.1300780773162842,0.26764100790023804,0.049481406807899475,0.03127212077379227
828,828,0.011044795624911785,,,,,
829,829,,,1.0440282821655273,0.23996137082576752,0.04115632176399231,0.03127212077379227
829,829,0.011971225030720234,,,,,
830,830,,,1.164454460144043,0.2749110162258148,0.05239234119653702,0.03127212077379227
830,830,0.01323622278869152,,,,,
831,831,,,1.0276799201965332,0.23579193651676178,0.039818644523620605,0.03127212077379227
831,831,0.014325739815831184,,,,,
832,832,,,1.1749576330184937,0.27653858065605164,0.05319888889789581,0.03127212077379227
832,832,0.014623546972870827,,,,,
833,833,,,1.0090997219085693,0.2401321679353714,0.03961993753910065,0.03127212077379227
833,833,0.013238698244094849,,,,,
834,834,,,1.140419602394104,0.2633194327354431,0.04929812252521515,0.03127212077379227
834,834,0.011112107895314693,,,,,
835,835,,,1.0445804595947266,0.25502362847328186,0.04343785345554352,0.03127212077379227
835,835,0.009896567091345787,,,,,
836,836,,,1.0970184803009033,0.248687744140625,0.044916778802871704,0.03127212077379227
836,836,0.01036976557224989,,,,,
837,837,,,1.1044167280197144,0.26607805490493774,0.04798063635826111,0.03127212077379227
837,837,0.011381091549992561,,,,,
838,838,,,1.0422261953353882,0.24656447768211365,0.04204675555229187,0.03127212077379227
838,838,0.01133459247648716,,,,,
839,839,,,1.1330889463424683,0.26254794001579285,0.04881250858306885,0.03127212077379227
839,839,0.010323487222194672,,,,,
840,840,,,1.028894305229187,0.25259169936180115,0.04235616326332092,0.03127212077379227
840,840,0.009809272363781929,,,,,
841,841,,,1.132563591003418,0.25529083609580994,0.047649234533309937,0.03127212077379227
841,841,0.01035716850310564,,,,,
842,842,,,1.063886284828186,0.25864437222480774,0.044886909425258636,0.03127212077379227
842,842,0.010804625228047371,,,,,
843,843,,,1.0793980360031128,0.2544665038585663,0.04496188461780548,0.03127212077379227
843,843,0.010282974690198898,,,,,
844,844,,,1.1114637851715088,0.25656285881996155,0.046815499663352966,0.03127212077379227
844,844,0.009604299440979958,,,,,
845,845,,,1.0431373119354248,0.2542629539966583,0.043255019932985306,0.03127212077379227
845,845,0.009779823943972588,,,,,
846,846,,,1.1313787698745728,0.25642886757850647,0.04776708781719208,0.03127212077379227
846,846,0.010320012457668781,,,,,
847,847,,,1.0509307384490967,0.25234538316726685,0.04331629350781441,0.03127212077379227
847,847,0.010237712413072586,,,,,
848,848,,,1.0996137857437134,0.25781241059303284,0.046439625322818756,0.03127212077379227
848,848,0.009728465229272842,,,,,
849,849,,0.009628098458051682,,,,
849,849,,,1.086559534072876,0.2497217059135437,0.04457555711269379,0.03127212077379227
849,849,0.009628098458051682,,,,,
850,850,,,1.0666286945343018,0.2547069489955902,0.04440236836671829,0.03127212077379227
850,850,0.009930227883160114,,,,,
851,851,,,1.1062047481536865,0.2540019452571869,0.04616588354110718,0.03127212077379227
851,851,0.009963336400687695,,,,,
852,852,,,1.0590962171554565,0.2493591159582138,0.043237946927547455,0.03127212077379227
852,852,0.009678452275693417,,,,,
853,853,,,1.1021567583084106,0.2588996887207031,0.04673154652118683,0.03127212077379227
853,853,0.00960368663072586,,,,,
854,854,,,1.0694719552993774,0.24788427352905273,0.04349679872393608,0.03127212077379227
854,854,0.009803654626011848,,,,,
855,855,,,1.0895644426345825,0.25638043880462646,0.04573783278465271,0.03127212077379227
855,855,0.009853550232946873,,,,,
856,856,,,1.080653429031372,0.25407716631889343,0.044961001724004745,0.03127212077379227
856,856,0.009640270844101906,,,,,
857,857,,,1.0800832509994507,0.2521257996559143,0.04463522881269455,0.03127212077379227
857,857,0.009522834792733192,,,,,
858,858,,,1.0927414894104004,0.2589403986930847,0.046288035809993744,0.03127212077379227
858,858,0.009644183330237865,,,,,
859,859,,,1.0684503316879272,0.2511783242225647,0.04394678771495819,0.03127212077379227
859,859,0.009730412624776363,,,,,
860,860,,,1.099279522895813,0.2577710747718811,0.04641716927289963,0.03127212077379227
860,860,0.009636290371418,,,,,
861,861,,,1.0661505460739136,0.2549450993537903,0.044416896998882294,0.03127212077379227
861,861,0.009543096646666527,,,,,
862,862,,,1.0964500904083252,0.2553721070289612,0.04590935260057449,0.03127212077379227
862,862,0.009588759392499924,,,,,
863,863,,,1.0775505304336548,0.2569514811038971,0.045259758830070496,0.03127212077379227
863,863,0.009645575657486916,,,,,
864,864,,,1.079353928565979,0.2550090551376343,0.0450434684753418,0.03127212077379227
864,864,0.009588949382305145,,,,,
865,865,,,1.0926307439804077,0.2563420832157135,0.04587756097316742,0.03127212077379227
865,865,0.009514383040368557,,,,,
866,866,,,1.0685755014419556,0.2559162676334381,0.04467974975705147,0.03127212077379227
866,866,0.009535010904073715,,,,,
867,867,,,1.098944067955017,0.2567688524723053,0.04624504595994949,0.03127212077379227
867,867,0.00959402322769165,,,,,
868,868,,,1.0706051588058472,0.25538572669029236,0.04469217360019684,0.03127212077379227
868,868,0.009585394524037838,,,,,
869,869,,,1.0911064147949219,0.25766897201538086,0.046011507511138916,0.03127212077379227
869,869,0.00952732004225254,,,,,
870,870,,,1.0810221433639526,0.2546805143356323,0.04507124796509743,0.03127212077379227
870,870,0.009510383941233158,,,,,
871,871,,,1.0822043418884277,0.2577037513256073,0.045595746487379074,0.03127212077379227
871,871,0.00953954178839922,,,,,
872,872,,,1.0896854400634766,0.25640010833740234,0.04574663192033768,0.03127212077379227
872,872,0.009548267349600792,,,,,
873,873,,,1.077521800994873,0.2557465732097626,0.045071445405483246,0.03127212077379227
873,873,0.009518441744148731,,,,,
874,874,,,1.0916353464126587,0.2582947313785553,0.04613436013460159,0.03127212077379227
874,874,0.009497236460447311,,,,,
875,875,,,1.0775853395462036,0.2545488774776459,0.044889457523822784,0.03127212077379227
875,875,0.009512578137218952,,,,,
876,876,,,1.091537594795227,0.2586625814437866,0.04618726670742035,0.03127212077379227
876,876,0.00953109934926033,,,,,
877,877,,,1.0797828435897827,0.2557750344276428,0.04518204927444458,0.03127212077379227
877,877,0.009520009160041809,,,,,
878,878,,,1.0893151760101318,0.25728562474250793,0.04586673527956009,0.03127212077379227
878,878,0.009495185688138008,,,,,
879,879,,,1.082948088645935,0.2575492560863495,0.04560671001672745,0.03127212077379227
879,879,0.009488161653280258,,,,,
880,880,,,1.0853029489517212,0.256267786026001,0.04551859200000763,0.03127212077379227
880,880,0.009499511681497097,,,,,
881,881,,,1.0885488986968994,0.25852805376052856,0.04602436721324921,0.03127212077379227
881,881,0.0095040462911129,,,,,
882,882,,,1.0809823274612427,0.2568901479244232,0.04541148617863655,0.03127212077379227
882,882,0.009493007324635983,,,,,
883,883,,,1.0927501916885376,0.2583077847957611,0.04618941247463226,0.03127212077379227
883,883,0.009482196532189846,,,,,
884,884,,,1.0791242122650146,0.25769129395484924,0.04544887691736221,0.03127212077379227
884,884,0.009484090842306614,,,,,
885,885,,,1.0928280353546143,0.25833776593208313,0.0461978018283844,0.03127212077379227
885,885,0.009491195902228355,,,,,
886,886,,,1.0821259021759033,0.25833219289779663,0.045690201222896576,0.03127212077379227
886,886,0.0094893928617239,,,,,
887,887,,,1.0893478393554688,0.2590009570121765,0.04613631218671799,0.03127212077379227
887,887,0.009479142725467682,,,,,
888,888,,,1.086982011795044,0.2585502862930298,0.04595363140106201,0.03127212077379227
888,888,0.009471744298934937,,,,,
889,889,,,1.0853238105773926,0.25943976640701294,0.046014659106731415,0.03127212077379227
889,889,0.009472746402025223,,,,,
890,890,,,1.0906256437301636,0.2592630386352539,0.04623806104063988,0.03127212077379227
890,890,0.009476250037550926,,,,,
891,891,,,1.0840882062911987,0.25954219698905945,0.04597238451242447,0.03127212077379227
891,891,0.009474573656916618,,,,,
892,892,,,1.0915446281433105,0.26042547821998596,0.046464551240205765,0.03127212077379227
892,892,0.009468745440244675,,,,,
893,893,,,1.0845763683319092,0.25943177938461304,0.04597809538245201,0.03127212077379227
893,893,0.009464796632528305,,,,,
894,894,,,1.0908139944076538,0.2611416280269623,0.04654289036989212,0.03127212077379227
894,894,0.009465277194976807,,,,,
895,895,,,1.0858768224716187,0.25983670353889465,0.04610317572951317,0.03127212077379227
895,895,0.00946663785725832,,,,,
896,896,,,1.0903971195220947,0.261354923248291,0.04655682295560837,0.03127212077379227
896,896,0.009464722126722336,,,,,
897,897,,,1.086937665939331,0.2607091963291168,0.046290814876556396,0.03127212077379227
897,897,0.00946013629436493,,,,,
898,898,,,1.0896445512771606,0.26105907559394836,0.04647432640194893,0.03127212077379227
898,898,0.009456361643970013,,,,,
899,899,,0.009455392137169838,,,,
899,899,,,1.088023066520691,0.26149797439575195,0.04646686464548111,0.03127212077379227
899,899,0.009455392137169838,,,,,
900,900,,,1.0886344909667969,0.26106926798820496,0.04642803966999054,0.03127212077379227
900,900,0.009455674327909946,,,,,
901,901,,,1.0899300575256348,0.2619880437850952,0.04663493111729622,0.03127212077379227
901,901,0.009454670362174511,,,,,
902,902,,,1.0873143672943115,0.2614007890224457,0.046417929232120514,0.03127212077379227
902,902,0.009451966732740402,,,,,
903,903,,,1.0915265083312988,0.26209157705307007,0.04672717675566673,0.03127212077379227
903,903,0.009449122473597527,,,,,
904,904,,,1.086471438407898,0.2618333697319031,0.0464465394616127,0.03127212077379227
904,904,0.009447640739381313,,,,,
905,905,,,1.0923800468444824,0.26227474212646484,0.04679681360721588,0.03127212077379227
905,905,0.009447185322642326,,,,,
906,906,,,1.0868951082229614,0.26220738887786865,0.046525903046131134,0.03127212077379227
906,906,0.009446392767131329,,,,,
907,907,,,1.0919175148010254,0.26258382201194763,0.04682391509413719,0.03127212077379227
907,907,0.00944449007511139,,,,,
908,908,,,1.088003158569336,0.2623322010040283,0.04659818485379219,0.03127212077379227
908,908,0.00944194383919239,,,,,
909,909,,,1.0909096002578735,0.26291418075561523,0.04682856798171997,0.03127212077379227
909,909,0.009439799934625626,,,,,
910,910,,,1.0894267559051514,0.26256969571113586,0.04670339077711105,0.03127212077379227
910,910,0.009438442066311836,,,,,
911,911,,,1.0902025699615479,0.26317161321640015,0.04683597385883331,0.03127212077379227
911,911,0.009437454864382744,,,,,
912,912,,,1.0902637243270874,0.26290303468704224,0.04679612070322037,0.03127212077379227
912,912,0.00943615473806858,,,,,
913,913,,,1.0898358821868896,0.2632352411746979,0.04682871699333191,0.03127212077379227
913,913,0.009434311650693417,,,,,
914,914,,,1.0906988382339478,0.26336655020713806,0.04689060151576996,0.03127212077379227
914,914,0.009432302787899971,,,,,
915,915,,,1.0899523496627808,0.26331812143325806,0.046847447752952576,0.03127212077379227
915,915,0.009430569596588612,,,,,
916,916,,,1.0911086797714233,0.2638002038002014,0.04697926342487335,0.03127212077379227
916,916,0.009429247118532658,,,,,
917,917,,,1.0898830890655518,0.2634584307670593,0.0468665286898613,0.03127212077379227
917,917,0.009428085759282112,,,,,
918,918,,,1.0915526151657104,0.26407715678215027,0.04704459756612778,0.03127212077379227
918,918,0.009426752105355263,,,,,
919,919,,,1.0896689891815186,0.2637302279472351,0.04689973592758179,0.03127212077379227
919,919,0.009425151161849499,,,,,
920,920,,,1.092207670211792,0.2642950713634491,0.04711059480905533,0.03127212077379227
920,920,0.009423390030860901,,,,,
921,921,,,1.0894091129302979,0.264046311378479,0.04693790152668953,0.03127212077379227
921,921,0.009421737864613533,,,,,
922,922,,,1.0926913022994995,0.26444533467292786,0.047157637774944305,0.03127212077379227
922,922,0.009420279413461685,,,,,
923,923,,,1.0892772674560547,0.26430171728134155,0.04697248339653015,0.03127212077379227
923,923,0.009418943896889687,,,,,
924,924,,,1.0930306911468506,0.2646849751472473,0.04721216857433319,0.03127212077379227
924,924,0.009417574852705002,,,,,
925,925,,,1.089434266090393,0.26451432704925537,0.047013960778713226,0.03127212077379227
925,925,0.009416074492037296,,,,,
926,926,,,1.0931814908981323,0.2649654746055603,0.047264307737350464,0.03127212077379227
926,926,0.009414467960596085,,,,,
927,927,,,1.0896226167678833,0.2646476626396179,0.04704425111413002,0.03127212077379227
927,927,0.009412846527993679,,,,,
928,928,,,1.0933620929718018,0.265262246131897,0.04732052609324455,0.03127212077379227
928,928,0.00941130705177784,,,,,
929,929,,,1.0897990465164185,0.2647894620895386,0.047075338661670685,0.03127212077379227
929,929,0.00940985418856144,,,,,
930,930,,,1.0937731266021729,0.26554784178733826,0.04738598316907883,0.03127212077379227
930,930,0.009408463723957539,,,,,
931,931,,,1.0896538496017456,0.264930784702301,0.047091104090213776,0.03127212077379227
931,931,0.009407058358192444,,,,,
932,932,,,1.0944072008132935,0.26578202843666077,0.04745384305715561,0.03127212077379227
932,932,0.009405630640685558,,,,,
933,933,,,1.0892045497894287,0.26507750153541565,0.04709332436323166,0.03127212077379227
933,933,0.009404171258211136,,,,,
934,934,,,1.0954266786575317,0.2660380005836487,0.04754364490509033,0.03127212077379227
934,934,0.009402738884091377,,,,,
935,935,,,1.0884308815002441,0.26519864797592163,0.04707609489560127,0.03127212077379227
935,935,0.009401388466358185,,,,,
936,936,,,1.0967587232589722,0.2663184404373169,0.04765240103006363,0.03127212077379227
936,936,0.00940016470849514,,,,,
937,937,,,1.0872163772583008,0.2652413249015808,0.047025419771671295,0.03127212077379227
937,937,0.00939908530563116,,,,,
938,938,,,1.0986074209213257,0.26671046018600464,0.04780399054288864,0.03127212077379227
938,938,0.00939820148050785,,,,,
939,939,,,1.0854288339614868,0.26518645882606506,0.04693206399679184,0.03127212077379227
939,939,0.00939757190644741,,,,,
940,940,,,1.1012598276138306,0.26723527908325195,0.04801583290100098,0.03127212077379227
940,940,0.009397328831255436,,,,,
941,941,,,1.08258056640625,0.2649553120136261,0.046760544180870056,0.03127212077379227
941,941,0.009397693909704685,,,,,
942,942,,,1.1052937507629395,0.2679561674594879,0.04832637682557106,0.03127212077379227
942,942,0.009399017319083214,,,,,
943,943,,,1.0780251026153564,0.2644925117492676,0.04647211730480194,0.03127212077379227
943,943,0.009401854127645493,,,,,
944,944,,,1.111697793006897,0.2689899802207947,0.04880346357822418,0.03127212077379227
944,944,0.00940707791596651,,,,,
945,945,,,1.0705461502075195,0.2636447548866272,0.045986779034137726,0.03127212077379227
945,945,0.009416038170456886,,,,,
946,946,,,1.1220568418502808,0.2705085277557373,0.049555160105228424,0.03127212077379227
946,946,0.009431014768779278,,,,,
947,947,,,1.058349370956421,0.26217779517173767,0.0451880544424057,0.03127212077379227
947,947,0.009455586783587933,,,,,
948,948,,,1.139164686203003,0.27287518978118896,0.050786539912223816,0.03127212077379227
948,948,0.009495771490037441,,,,,
949,949,,0.009561039507389069,,,,
949,949,,,1.0386539697647095,0.2597014307975769,0.04389778524637222,0.03127212077379227
949,949,0.009561039507389069,,,,,
950,950,,,1.1673511266708374,0.27661776542663574,0.05282427370548248,0.03127212077379227
950,950,0.0096671087667346,,,,,
951,951,,,1.0079916715621948,0.25567036867141724,0.04190285503864288,0.03127212077379227
951,951,0.009837520308792591,,,,,
952,952,,,1.2123900651931763,0.28246748447418213,0.05614743381738663,0.03127212077379227
952,952,0.010109023191034794,,,,,
953,953,,,0.9651598930358887,0.24973031878471375,0.03915439546108246,0.03127212077379227
953,953,0.010526707395911217,,,,,
954,954,,,1.2750523090362549,0.29059842228889465,0.060950927436351776,0.03127212077379227
954,954,0.011142730712890625,,,,,
955,955,,,0.9206185936927795,0.24313879013061523,0.03634257614612579,0.03127212077379227
955,955,0.011959502473473549,,,,,
956,956,,,1.326903223991394,0.29796260595321655,0.06519978493452072,0.03127212077379227
956,956,0.012884225696325302,,,,,
957,957,,,0.9083197116851807,0.24163633584976196,0.03563244640827179,0.03127212077379227
957,957,0.013567288406193256,,,,,
958,958,,,1.2882510423660278,0.2952178716659546,0.06250646710395813,0.03127212077379227
958,958,0.01354171335697174,,,,,
959,959,,,0.9790436625480652,0.25318267941474915,0.04026750475168228,0.03127212077379227
959,959,0.012462984770536423,,,,,
960,960,,,1.1326239109039307,0.2770023047924042,0.051149882376194,0.03127212077379227
960,960,0.010800628922879696,,,,,
961,961,,,1.1344493627548218,0.2746671736240387,0.05085010081529617,0.03127212077379227
961,961,0.009586898609995842,,,,,
962,962,,,0.9934467077255249,0.2584984600543976,0.04170919954776764,0.03127212077379227
962,962,0.009545810520648956,,,,,
963,963,,,1.2350314855575562,0.2888764441013336,0.058461993932724,0.03127212077379227
963,963,0.010346001014113426,,,,,
964,964,,,0.9786907434463501,0.25674763321876526,0.040802642703056335,0.03127212077379227
964,964,0.010964380577206612,,,,,
965,965,,,1.167733073234558,0.2828112542629242,0.053892314434051514,0.03127212077379227
965,965,0.010703369975090027,,,,,
966,966,,,1.0885814428329468,0.270004540681839,0.04786168411374092,0.03127212077379227
966,966,0.009875637479126453,,,,,
967,967,,,1.0395861864089966,0.26624685525894165,0.04498185217380524,0.03127212077379227
967,967,0.009414894506335258,,,,,
968,968,,,1.1941428184509277,0.2823142111301422,0.05516525357961655,0.03127212077379227
968,968,0.009694528765976429,,,,,
969,969,,,1.005881667137146,0.2612834572792053,0.04268854856491089,0.03127212077379227
969,969,0.01016248855739832,,,,,
970,970,,,1.1524754762649536,0.2786882519721985,0.052420977503061295,0.03127212077379227
970,970,0.010136135853827,,,,,
971,971,,,1.0850884914398193,0.27025797963142395,0.04773782938718796,0.03127212077379227
971,971,0.009657222777605057,,,,,
972,972,,,1.047824740409851,0.2661823332309723,0.04534583538770676,0.03127212077379227
972,972,0.009356759488582611,,,,,
973,973,,,1.1677840948104858,0.2781992554664612,0.053111836314201355,0.03127212077379227
973,973,0.00953681580722332,,,,,
974,974,,,1.0264495611190796,0.26308366656303406,0.043884243816137314,0.03127212077379227
974,974,0.009834052063524723,,,,,
975,975,,,1.1321629285812378,0.2739192545413971,0.050613101571798325,0.03127212077379227
975,975,0.00980192981660366,,,,,
976,976,,,1.0938433408737183,0.27155688405036926,0.04836611822247505,0.03127212077379227
976,976,0.009508234448730946,,,,,
977,977,,,1.0516620874404907,0.2648341655731201,0.0453045628964901,0.03127212077379227
977,977,0.009362850338220596,,,,,
978,978,,,1.1511497497558594,0.27779048681259155,0.05220329761505127,0.03127212077379227
978,978,0.009493237361311913,,,,,
979,979,,,1.0448588132858276,0.26441389322280884,0.04492673650383949,0.03127212077379227
979,979,0.009630972519516945,,,,,
980,980,,,1.1151243448257446,0.2727104127407074,0.049579523503780365,0.03127212077379227
980,980,0.00955231487751007,,,,,
981,981,,,1.1024950742721558,0.27222442626953125,0.048889659345149994,0.03127212077379227
981,981,0.009378492832183838,,,,,
982,982,,,1.0546423196792603,0.26565447449684143,0.0455729216337204,0.03127212077379227
982,982,0.009347734972834587,,,,,
983,983,,,1.1361290216445923,0.27710387110710144,0.05134003609418869,0.03127212077379227
983,983,0.009459255263209343,,,,,
984,984,,,1.0572569370269775,0.26612651348114014,0.0457691065967083,0.03127212077379227
984,984,0.00951943825930357,,,,,
985,985,,,1.1004924774169922,0.27263107895851135,0.04886066913604736,0.03127212077379227
985,985,0.009440731257200241,,,,,
986,986,,,1.1063084602355957,0.27192312479019165,0.04902340844273567,0.03127212077379227
986,986,0.009344089776277542,,,,,
987,987,,,1.059364676475525,0.2674160897731781,0.04607446491718292,0.03127212077379227
987,987,0.009351085871458054,,,,,
988,988,,,1.1258574724197388,0.27483946084976196,0.0504559725522995,0.03127212077379227
988,988,0.009416859596967697,,,,,
989,989,,,1.067955493927002,0.2684445083141327,0.046639107167720795,0.03127212077379227
989,989,0.009425834752619267,,,,,
990,990,,,1.093043565750122,0.27108481526374817,0.04825051128864288,0.03127212077379227
990,990,0.009362492710351944,,,,,
991,991,,,1.1066291332244873,0.27255016565322876,0.04914218559861183,0.03127212077379227
991,991,0.009315411560237408,,,,,
992,992,,,1.0648362636566162,0.26770004630088806,0.046373479068279266,0.03127212077379227
992,992,0.009335406124591827,,,,,
993,993,,,1.1171361207962036,0.2735242247581482,0.04981182515621185,0.03127212077379227
993,993,0.00937499850988388,,,,,
994,994,,,1.0754624605178833,0.2692401707172394,0.04711887985467911,0.03127212077379227
994,994,0.009370342828333378,,,,,
995,995,,,1.0894198417663574,0.27014949917793274,0.047925133258104324,0.03127212077379227
995,995,0.009330466389656067,,,,,
996,996,,,1.104727864265442,0.27287545800209045,0.04910435155034065,0.03127212077379227
996,996,0.00931040570139885,,,,,
997,997,,,1.0702121257781982,0.2676295042037964,0.04661192372441292,0.03127212077379227
997,997,0.009327861480414867,,,,,
998,998,,,1.1104339361190796,0.2733035087585449,0.04945027828216553,0.03127212077379227
998,998,0.009348075836896896,,,,,
999,999,,0.009338753297924995,,,,
999,999,,,1.081333041191101,0.2687869668006897,0.04732073098421097,0.03127212077379227
999,999,0.009338753297924995,,,,,
1000,1000,,,1.081333041191101,0.2687869668006897,0.04732073098421097,0.03127212077379227
