epoch,step,train/loss_epoch,train/loss_step,val/error_p,val/error_q,val/error_qq,val/error_u,val/error_v,val/error_xx,val/loss,val/loss_best
0,0,,,1.2216668128967285,1.227439284324646,1.0285139083862305,0.9882348775863647,1.8611141443252563,0.5342310667037964,0.5096030235290527,0.5096030235290527
0,0,1.6246730089187622,,,,,,,,,
1,1,,,1.1007167100906372,1.391135573387146,1.0161263942718506,0.9959686994552612,1.3819524049758911,0.49463558197021484,0.43732523918151855,0.43732523918151855
1,1,1.154049038887024,,,,,,,,,
2,2,,,1.0928148031234741,1.2680555582046509,0.907682478427887,0.8489251732826233,0.4019343852996826,0.5449375510215759,0.31290584802627563,0.31290584802627563
2,2,0.8343654870986938,,,,,,,,,
3,3,,,1.1470974683761597,0.8869118094444275,0.8770924210548401,0.6585172414779663,0.6537185311317444,0.3711344301700592,0.22309565544128418,0.22309565544128418
3,3,0.4529035687446594,,,,,,,,,
4,4,,,1.1724048852920532,1.1846891641616821,0.8353850841522217,0.6315580606460571,0.7611573338508606,0.35882681608200073,0.22910527884960175,0.22309565544128418
4,4,0.2608177661895752,,,,,,,,,
5,5,,,1.1718335151672363,1.5265508890151978,0.8009160161018372,0.6969029307365417,0.48263582587242126,0.4143563508987427,0.2529422640800476,0.22309565544128418
5,5,0.22949323058128357,,,,,,,,,
6,6,,,1.1222635507583618,1.3166145086288452,0.7566009163856506,0.7274557948112488,0.18380384147167206,0.46088677644729614,0.24525979161262512,0.22309565544128418
6,6,0.228019580245018,,,,,,,,,
7,7,,,1.0381669998168945,0.8511790633201599,0.8374518752098083,0.774724006652832,0.1747925877571106,0.5148292183876038,0.2540736198425293,0.22309565544128418
7,7,0.17055514454841614,,,,,,,,,
8,8,,,0.9706587195396423,1.0425001382827759,0.8054879903793335,0.8529190421104431,0.22931039333343506,0.5753418207168579,0.2918580174446106,0.22309565544128418
8,8,0.12854744493961334,,,,,,,,,
9,9,,,0.959361732006073,1.4890657663345337,0.7428505420684814,0.8916393518447876,0.21876753866672516,0.6014246344566345,0.3236398994922638,0.22309565544128418
9,9,0.17520341277122498,,,,,,,,,
10,10,,,0.9964996576309204,1.508269190788269,0.7549222707748413,0.8643721342086792,0.19179624319076538,0.5788612365722656,0.31267181038856506,0.22309565544128418
10,10,0.24122408032417297,,,,,,,,,
11,11,,,1.0576157569885254,1.2432441711425781,0.8314060568809509,0.8025189638137817,0.1699417680501938,0.5316936373710632,0.2801310420036316,0.22309565544128418
11,11,0.22962549328804016,,,,,,,,,
12,12,,,1.106544017791748,1.1803936958312988,0.8988506197929382,0.7445616126060486,0.17979790270328522,0.4873063564300537,0.2605193555355072,0.22309565544128418
12,12,0.17211467027664185,,,,,,,,,
13,13,,,1.1159312725067139,1.4128457307815552,0.7997496724128723,0.7063698768615723,0.25075578689575195,0.45597514510154724,0.246934711933136,0.22309565544128418
13,13,0.14331543445587158,,,,,,,,,
14,14,,,1.099738597869873,1.5340416431427002,0.7667665481567383,0.679895281791687,0.3475581705570221,0.43134233355522156,0.2395588904619217,0.22309565544128418
14,14,0.1533033400774002,,,,,,,,,
15,15,,,1.0863275527954102,1.4267953634262085,0.7741214632987976,0.6564599275588989,0.39880067110061646,0.4052649736404419,0.22489094734191895,0.22309565544128418
15,15,0.15829874575138092,,,,,,,,,
16,16,,,1.0818718671798706,1.2327988147735596,0.8322238922119141,0.643500030040741,0.3562071621417999,0.38239786028862,0.212473064661026,0.212473064661026
16,16,0.13721024990081787,,,,,,,,,
17,17,,,1.0697367191314697,1.1146655082702637,0.9022465944290161,0.6517942547798157,0.22354353964328766,0.37813693284988403,0.2113485336303711,0.2113485336303711
17,17,0.1091003492474556,,,,,,,,,
18,18,,,1.033234715461731,1.0799250602722168,0.9261617064476013,0.6733943819999695,0.13003471493721008,0.39648255705833435,0.21685239672660828,0.2113485336303711
18,18,0.09672250598669052,,,,,,,,,
19,19,,,0.9835792183876038,1.044564127922058,0.9042922854423523,0.6873392462730408,0.24248242378234863,0.41929659247398376,0.21962782740592957,0.2113485336303711
19,19,0.10192986577749252,,,,,,,,,
20,20,,,0.9521623849868774,0.9853830933570862,0.9117984771728516,0.6834558248519897,0.31535813212394714,0.42776092886924744,0.21857887506484985,0.2113485336303711
20,20,0.11107800155878067,,,,,,,,,
21,21,,,0.9575969576835632,0.9380892515182495,0.902712345123291,0.6684697866439819,0.26681721210479736,0.4178968071937561,0.20990929007530212,0.20990929007530212
21,21,0.11115370690822601,,,,,,,,,
22,22,,,1.0021567344665527,0.9341004490852356,0.8794746994972229,0.6540169715881348,0.12156086415052414,0.39732658863067627,0.20112799108028412,0.20112799108028412
22,22,0.10051419585943222,,,,,,,,,
23,23,,,1.0676822662353516,0.9681122899055481,0.8536801338195801,0.6459420323371887,0.09386004507541656,0.3794735074043274,0.19922605156898499,0.19922605156898499
23,23,0.0901271253824234,,,,,,,,,
24,24,,,1.109183669090271,1.0088022947311401,0.8334510326385498,0.6437471508979797,0.22492355108261108,0.3730112314224243,0.20192213356494904,0.19922605156898499
24,24,0.09085209667682648,,,,,,,,,
25,25,,,1.0970876216888428,1.022159457206726,0.8285097479820251,0.6450058817863464,0.26680657267570496,0.37515494227409363,0.2025347352027893,0.19922605156898499
25,25,0.09919613599777222,,,,,,,,,
26,26,,,1.0506550073623657,0.987483024597168,0.835467517375946,0.6484147310256958,0.21418017148971558,0.3820335566997528,0.19960132241249084,0.19922605156898499
26,26,0.10324797034263611,,,,,,,,,
27,27,,,1.0101549625396729,0.9086167812347412,0.847116231918335,0.6546752452850342,0.13943253457546234,0.3944915533065796,0.1979762315750122,0.1979762315750122
27,27,0.09910967946052551,,,,,,,,,
28,28,,,0.9958894848823547,0.8227033615112305,0.8631495237350464,0.665001630783081,0.15800760686397552,0.4106596112251282,0.20163439214229584,0.1979762315750122
28,28,0.09247738122940063,,,,,,,,,
29,29,,,1.0007468461990356,0.7836304306983948,0.875146210193634,0.6775305271148682,0.20010580122470856,0.4237879812717438,0.20814700424671173,0.1979762315750122
29,29,0.08928656578063965,,,,,,,,,
30,30,,,1.005313515663147,0.798511266708374,0.8706560134887695,0.6869060397148132,0.19103889167308807,0.42865675687789917,0.21159034967422485,0.1979762315750122
30,30,0.09017767757177353,,,,,,,,,
31,31,,,1.0001215934753418,0.8140662908554077,0.8686169981956482,0.6892118453979492,0.14812889695167542,0.42533689737319946,0.2108340859413147,0.1979762315750122
31,31,0.09118230640888214,,,,,,,,,
32,32,,,0.9955576658248901,0.8015278577804565,0.8793687224388123,0.6853518486022949,0.11627398431301117,0.41773080825805664,0.20838379859924316,0.1979762315750122
32,32,0.08850257843732834,,,,,,,,,
33,33,,,1.0068755149841309,0.7984158396720886,0.892234206199646,0.6790441870689392,0.10435309261083603,0.4099283218383789,0.2070607990026474,0.1979762315750122
33,33,0.08250582218170166,,,,,,,,,
34,34,,,1.0360537767410278,0.8429204821586609,0.8719101548194885,0.6736621260643005,0.08953472226858139,0.4042244255542755,0.2059609293937683,0.1979762315750122
34,34,0.07704512774944305,,,,,,,,,
35,35,,,1.0663961172103882,0.9045904278755188,0.8433147072792053,0.6712285876274109,0.0712147206068039,0.4012206494808197,0.20613892376422882,0.1979762315750122
35,35,0.07555866986513138,,,,,,,,,
36,36,,,1.0758506059646606,0.9378119707107544,0.8401879072189331,0.6726942658424377,0.06388484686613083,0.4005184471607208,0.20774096250534058,0.1979762315750122
36,36,0.07710134983062744,,,,,,,,,
37,37,,,1.0599584579467773,0.9418625235557556,0.8664687275886536,0.678773820400238,0.07029139250516891,0.4020776152610779,0.21078163385391235,0.1979762315750122
37,37,0.07763674855232239,,,,,,,,,
38,38,,,1.0342355966567993,0.9420072436332703,0.9077737331390381,0.6904304027557373,0.07324574142694473,0.4069460332393646,0.2164601981639862,0.1979762315750122
38,38,0.07580173015594482,,,,,,,,,
39,39,,,1.0151880979537964,0.95070880651474,0.9417334794998169,0.7057569622993469,0.06808170676231384,0.41503623127937317,0.22394147515296936,0.1979762315750122
39,39,0.07411470264196396,,,,,,,,,
40,40,,,1.0071322917938232,0.9620970487594604,0.9539988040924072,0.717324435710907,0.08463897556066513,0.4227268099784851,0.22947993874549866,0.1979762315750122
40,40,0.07466283440589905,,,,,,,,,
41,41,,,1.0057214498519897,0.9679484367370605,0.9571688771247864,0.7187792658805847,0.12022243440151215,0.42585107684135437,0.2311387062072754,0.1979762315750122
41,41,0.07637747377157211,,,,,,,,,
42,42,,,1.0074689388275146,0.9674332141876221,0.956267774105072,0.7124890685081482,0.13457390666007996,0.4240070581436157,0.2292911261320114,0.1979762315750122
42,42,0.07694761455059052,,,,,,,,,
43,43,,,1.0130259990692139,0.9681971669197083,0.9308209419250488,0.7055649757385254,0.11204086244106293,0.4195416569709778,0.22442767024040222,0.1979762315750122
43,43,0.07573772966861725,,,,,,,,,
44,44,,,1.0223549604415894,0.9778228402137756,0.8925307989120483,0.7016854882240295,0.07946673035621643,0.414904922246933,0.2197718471288681,0.1979762315750122
44,44,0.07380795478820801,,,,,,,,,
45,45,,,1.0307090282440186,0.9892095923423767,0.8630779385566711,0.6998214721679688,0.09106861799955368,0.4116436541080475,0.21713054180145264,0.1979762315750122
45,45,0.07256517559289932,,,,,,,,,
46,46,,,1.0327037572860718,0.9848218560218811,0.8547201752662659,0.6974701285362244,0.11118151992559433,0.4096550941467285,0.2156064510345459,0.1979762315750122
46,46,0.0724368616938591,,,,,,,,,
47,47,,,1.029251217842102,0.9599719047546387,0.8666239380836487,0.6939659118652344,0.09403128176927567,0.40852677822113037,0.2143619805574417,0.1979762315750122
47,47,0.07215192914009094,,,,,,,,,
48,48,,,1.0261058807373047,0.9280509352684021,0.8874139189720154,0.6911707520484924,0.044515617191791534,0.40914374589920044,0.21411365270614624,0.1979762315750122
48,48,0.0707678496837616,,,,,,,,,
49,49,,0.06925475597381592,,,,,,,,
49,49,,,1.0257632732391357,0.9023268818855286,0.9034584760665894,0.6910287737846375,0.03306828439235687,0.41178810596466064,0.21517658233642578,0.1979762315750122
49,49,0.06925475597381592,,,,,,,,,
50,50,,,1.024966835975647,0.8853620886802673,0.9110581874847412,0.6930925846099854,0.06182975694537163,0.4143883287906647,0.21643668413162231,0.1979762315750122
50,50,0.06874572485685349,,,,,,,,,
51,51,,,1.0216777324676514,0.8746232986450195,0.9138376712799072,0.6943639516830444,0.060322679579257965,0.4142628014087677,0.21645261347293854,0.1979762315750122
51,51,0.06896959990262985,,,,,,,,,
52,52,,,1.0209232568740845,0.8683600425720215,0.9115915894508362,0.6924349069595337,0.05096295475959778,0.4108872711658478,0.21486181020736694,0.1979762315750122
52,52,0.0689607486128807,,,,,,,,,
53,53,,,1.0292634963989258,0.8671315908432007,0.9014157652854919,0.6882591247558594,0.06368054449558258,0.4062614142894745,0.21263331174850464,0.1979762315750122
53,53,0.06842667609453201,,,,,,,,,
54,54,,,1.0444869995117188,0.8731503486633301,0.8840095400810242,0.6845220327377319,0.07415010780096054,0.4026698172092438,0.21077904105186462,0.1979762315750122
54,54,0.06780104339122772,,,,,,,,,
55,55,,,1.054702877998352,0.8846380114555359,0.868675708770752,0.6828919053077698,0.06965495645999908,0.4009597599506378,0.20974397659301758,0.1979762315750122
55,55,0.06751532107591629,,,,,,,,,
56,56,,,1.0512224435806274,0.8920310139656067,0.8657008409500122,0.6838088035583496,0.05859630927443504,0.40079352259635925,0.2095964103937149,0.1979762315750122
56,56,0.06754420697689056,,,,,,,,,
57,57,,,1.039433479309082,0.8883139491081238,0.8760929703712463,0.6874330639839172,0.04877905175089836,0.4017075300216675,0.21059909462928772,0.1979762315750122
57,57,0.06736104935407639,,,,,,,,,
58,58,,,1.0308761596679688,0.878847062587738,0.8921689987182617,0.6935963034629822,0.040672581642866135,0.40364745259284973,0.21303752064704895,0.1979762315750122
58,58,0.06669468432664871,,,,,,,,,
59,59,,,1.028751015663147,0.8731549382209778,0.9049078226089478,0.7008493542671204,0.032604482024908066,0.40636885166168213,0.21620288491249084,0.1979762315750122
59,59,0.06595007330179214,,,,,,,,,
60,60,,,1.0268824100494385,0.8736909627914429,0.9118812084197998,0.706599235534668,0.02960379607975483,0.4088786542415619,0.21866151690483093,0.1979762315750122
60,60,0.06555523723363876,,,,,,,,,
61,61,,,1.021329641342163,0.8783137202262878,0.9147948026657104,0.7093571424484253,0.03745868802070618,0.4102371037006378,0.21966415643692017,0.1979762315750122
61,61,0.06532064080238342,,,,,,,,,
62,62,,,1.0172090530395508,0.8863341808319092,0.9110496640205383,0.7101707458496094,0.04254878684878349,0.4103940427303314,0.21952718496322632,0.1979762315750122
62,62,0.06487137079238892,,,,,,,,,
63,63,,,1.020721197128296,0.8968611359596252,0.9003517031669617,0.7109271287918091,0.03603162616491318,0.40984585881233215,0.21918293833732605,0.1979762315750122
63,63,0.06427448242902756,,,,,,,,,
64,64,,,1.029344916343689,0.9059725403785706,0.8892651796340942,0.7123175263404846,0.031271953135728836,0.40921103954315186,0.21929045021533966,0.1979762315750122
64,64,0.06376469135284424,,,,,,,,,
65,65,,,1.0344051122665405,0.9102169871330261,0.885154664516449,0.7140828967094421,0.04062899574637413,0.409135103225708,0.21988007426261902,0.1979762315750122
65,65,0.06345866620540619,,,,,,,,,
66,66,,,1.0324339866638184,0.9102432727813721,0.8888188600540161,0.7162443995475769,0.04251198098063469,0.4101334810256958,0.22082650661468506,0.1979762315750122
66,66,0.06323951482772827,,,,,,,,,
67,67,,,1.0286779403686523,0.9084969162940979,0.8953989744186401,0.7190907597541809,0.03149883821606636,0.41230809688568115,0.22222018241882324,0.1979762315750122
67,67,0.06287790089845657,,,,,,,,,
68,68,,,1.028342366218567,0.9062360525131226,0.9011355042457581,0.722133457660675,0.031072836369276047,0.4149009883403778,0.22393158078193665,0.1979762315750122
68,68,0.06240622326731682,,,,,,,,,
69,69,,,1.0304131507873535,0.9040666818618774,0.9056223034858704,0.7240796685218811,0.04015162214636803,0.41645726561546326,0.2252497375011444,0.1979762315750122
69,69,0.06204682216048241,,,,,,,,,
70,70,,,1.0318084955215454,0.9029590487480164,0.9084036946296692,0.7243202924728394,0.036796823143959045,0.4161683917045593,0.22556528449058533,0.1979762315750122
70,70,0.06180135905742645,,,,,,,,,
71,71,,,1.0329525470733643,0.9036753177642822,0.9069237112998962,0.7235914468765259,0.026166489347815514,0.41464486718177795,0.22502686083316803,0.1979762315750122
71,71,0.06147678196430206,,,,,,,,,
72,72,,,1.0357749462127686,0.9067122936248779,0.899455189704895,0.7226247787475586,0.025047823786735535,0.41287094354629517,0.22405162453651428,0.1979762315750122
72,72,0.06103510409593582,,,,,,,,,
73,73,,,1.039209246635437,0.9113079905509949,0.8895826935768127,0.7212674617767334,0.028034958988428116,0.41115695238113403,0.22287574410438538,0.1979762315750122
73,73,0.06058335676789284,,,,,,,,,
74,74,,,1.0406126976013184,0.9140666723251343,0.8838381767272949,0.7196455597877502,0.026953408494591713,0.4095534384250641,0.22182008624076843,0.1979762315750122
74,74,0.06020166352391243,,,,,,,,,
75,75,,,1.039865493774414,0.9126230478286743,0.8845376968383789,0.7191332578659058,0.02459767833352089,0.40847447514533997,0.22144824266433716,0.1979762315750122
75,75,0.05984720587730408,,,,,,,,,
76,76,,,1.0384330749511719,0.9084989428520203,0.8890141844749451,0.721034049987793,0.023340322077274323,0.4083392918109894,0.22209936380386353,0.1979762315750122
76,76,0.05944198742508888,,,,,,,,,
77,77,,,1.0361294746398926,0.9042994379997253,0.8942557573318481,0.724739134311676,0.02286473847925663,0.4089563488960266,0.22338026762008667,0.1979762315750122
77,77,0.05899931117892265,,,,,,,,,
78,78,,,1.0326646566390991,0.901364266872406,0.8984829783439636,0.7280710339546204,0.022971922531723976,0.4095478951931,0.22443148493766785,0.1979762315750122
78,78,0.058616768568754196,,,,,,,,,
79,79,,,1.03067147731781,0.9002013802528381,0.8993133306503296,0.7297337055206299,0.02414315566420555,0.4095991551876068,0.22479188442230225,0.1979762315750122
79,79,0.05830038711428642,,,,,,,,,
80,80,,,1.0328373908996582,0.9010853171348572,0.8951166868209839,0.7304767966270447,0.025287047028541565,0.40931814908981323,0.22474388778209686,0.1979762315750122
80,80,0.05795799568295479,,,,,,,,,
81,81,,,1.037068247795105,0.9036198854446411,0.8881850838661194,0.7315086126327515,0.02427486516535282,0.40903133153915405,0.22472058236598969,0.1979762315750122
81,81,0.05757142975926399,,,,,,,,,
82,82,,,1.038765549659729,0.906123697757721,0.8833864331245422,0.7331370711326599,0.023614762350916862,0.40885499119758606,0.22489504516124725,0.1979762315750122
82,82,0.05718918517231941,,,,,,,,,
83,83,,,1.037609577178955,0.906774640083313,0.8828426003456116,0.7352144718170166,0.026082592085003853,0.4089752435684204,0.22537454962730408,0.1979762315750122
83,83,0.056828003376722336,,,,,,,,,
84,84,,,1.0373420715332031,0.9054380059242249,0.8847779035568237,0.7376980781555176,0.02661118470132351,0.409625381231308,0.22628158330917358,0.1979762315750122
84,84,0.056461311876773834,,,,,,,,,
85,85,,,1.0389618873596191,0.9033454656600952,0.8873308300971985,0.7403598427772522,0.02523685246706009,0.410693496465683,0.22747746109962463,0.1979762315750122
85,85,0.05605914816260338,,,,,,,,,
86,86,,,1.039467692375183,0.9017757177352905,0.890483021736145,0.7427626252174377,0.02791799232363701,0.4116906225681305,0.22859224677085876,0.1979762315750122
86,86,0.055641938000917435,,,,,,,,,
87,87,,,1.0378811359405518,0.9015244841575623,0.8936005234718323,0.7448501586914062,0.030789680778980255,0.41223132610321045,0.22942963242530823,0.1979762315750122
87,87,0.055254947394132614,,,,,,,,,
88,88,,,1.0372759103775024,0.902782142162323,0.8942990303039551,0.7468574643135071,0.029212437570095062,0.41230350732803345,0.2300472855567932,0.1979762315750122
88,88,0.05488347262144089,,,,,,,,,
89,89,,,1.0393928289413452,0.9051472544670105,0.8918286561965942,0.7485807538032532,0.026141980662941933,0.4120105504989624,0.23045843839645386,0.1979762315750122
89,89,0.05449552834033966,,,,,,,,,
90,90,,,1.0419374704360962,0.9078792333602905,0.8884124159812927,0.7496851682662964,0.024771397933363914,0.41146743297576904,0.23061567544937134,0.1979762315750122
90,90,0.05409996584057808,,,,,,,,,
91,91,,,1.04269540309906,0.9102855920791626,0.886178731918335,0.7507480978965759,0.024193035438656807,0.41104286909103394,0.23075652122497559,0.1979762315750122
91,91,0.05371836945414543,,,,,,,,,
92,92,,,1.0423824787139893,0.9117876887321472,0.8854607939720154,0.7528766989707947,0.024248724803328514,0.41115233302116394,0.23132538795471191,0.1979762315750122
92,92,0.05334624648094177,,,,,,,,,
93,93,,,1.0420420169830322,0.911841630935669,0.8864673376083374,0.7562064528465271,0.02517305128276348,0.4117252230644226,0.232425257563591,0.1979762315750122
93,93,0.052964724600315094,,,,,,,,,
94,94,,,1.041369915008545,0.9106213450431824,0.8892365097999573,0.7597415447235107,0.025984080508351326,0.4122999608516693,0.2336822897195816,0.1979762315750122
94,94,0.05256928503513336,,,,,,,,,
95,95,,,1.0406354665756226,0.9094018340110779,0.891791045665741,0.7627189755439758,0.02661527693271637,0.4126283824443817,0.23471879959106445,0.1979762315750122
95,95,0.05217789113521576,,,,,,,,,
96,96,,,1.0408928394317627,0.9093796610832214,0.8915431499481201,0.7651697993278503,0.0275327917188406,0.41279345750808716,0.23543673753738403,0.1979762315750122
96,96,0.05179673805832863,,,,,,,,,
97,97,,,1.0418592691421509,0.910614550113678,0.8886730670928955,0.7671470642089844,0.028108887374401093,0.41277605295181274,0.23584279417991638,0.1979762315750122
97,97,0.051409222185611725,,,,,,,,,
98,98,,,1.0424669981002808,0.9120922088623047,0.885661244392395,0.7685843706130981,0.027108218520879745,0.4124549627304077,0.23600804805755615,0.1979762315750122
98,98,0.051012542098760605,,,,,,,,,
99,99,,0.05061997100710869,,,,,,,,
99,99,,,1.0430482625961304,0.9127758145332336,0.883907675743103,0.7699263691902161,0.025256894528865814,0.4120204448699951,0.23621076345443726,0.1979762315750122
99,99,0.05061997100710869,,,,,,,,,
100,100,,,1.0441869497299194,0.9125504493713379,0.8831797242164612,0.7718011736869812,0.02451631985604763,0.4118514657020569,0.2367200404405594,0.1979762315750122
100,100,0.050234146416187286,,,,,,,,,
101,101,,,1.0447697639465332,0.9117814898490906,0.8835285902023315,0.774138867855072,0.02519478090107441,0.4120120704174042,0.2374660074710846,0.1979762315750122
101,101,0.04984818771481514,,,,,,,,,
102,102,,,1.044031023979187,0.9107770919799805,0.8849853277206421,0.7764584422111511,0.02730618230998516,0.4122706651687622,0.23822778463363647,0.1979762315750122
102,102,0.04945823922753334,,,,,,,,,
103,103,,,1.0435792207717896,0.9098951816558838,0.8862202167510986,0.7787202596664429,0.02991427108645439,0.4124864637851715,0.23897303640842438,0.1979762315750122
103,103,0.04907054081559181,,,,,,,,,
104,104,,,1.0446869134902954,0.9094999432563782,0.8860176205635071,0.7811176776885986,0.030701259151101112,0.4126252233982086,0.2397380769252777,0.1979762315750122
104,104,0.048689551651477814,,,,,,,,,
105,105,,,1.0460454225540161,0.9097551703453064,0.884884238243103,0.7835121750831604,0.029346177354454994,0.41261908411979675,0.24042725563049316,0.1979762315750122
105,105,0.04830677807331085,,,,,,,,,
106,106,,,1.046441674232483,0.9106223583221436,0.8836055397987366,0.785797119140625,0.02775687351822853,0.4125136137008667,0.24100562930107117,0.1979762315750122
106,106,0.04791921004652977,,,,,,,,,
107,107,,,1.046793818473816,0.9118121862411499,0.8821296691894531,0.7882609963417053,0.02719574235379696,0.41251468658447266,0.24164927005767822,0.1979762315750122
107,107,0.0475325845181942,,,,,,,,,
108,108,,,1.0476951599121094,0.9127097725868225,0.8810375928878784,0.7911130785942078,0.02771688625216484,0.41270560026168823,0.2425098717212677,0.1979762315750122
108,108,0.047149211168289185,,,,,,,,,
109,109,,,1.0480629205703735,0.9128975868225098,0.8815154433250427,0.7942686080932617,0.02874206006526947,0.41298943758010864,0.24355994164943695,0.1979762315750122
109,109,0.046766046434640884,,,,,,,,,
110,110,,,1.0474797487258911,0.9127678871154785,0.8832077980041504,0.7977156043052673,0.029561810195446014,0.4133389890193939,0.24474143981933594,0.1979762315750122
110,110,0.04638206586241722,,,,,,,,,
111,111,,,1.046975016593933,0.9129933714866638,0.8844143152236938,0.8013551235198975,0.03023204207420349,0.4137536883354187,0.2459694743156433,0.1979762315750122
111,111,0.04600082337856293,,,,,,,,,
112,112,,,1.0470417737960815,0.9137070178985596,0.8844374418258667,0.8046665787696838,0.031022556126117706,0.4140525758266449,0.24703457951545715,0.1979762315750122
112,112,0.045624274760484695,,,,,,,,,
113,113,,,1.0473467111587524,0.9146260619163513,0.8837594389915466,0.8073558211326599,0.03164421021938324,0.41410747170448303,0.24783405661582947,0.1979762315750122
113,113,0.04524889215826988,,,,,,,,,
114,114,,,1.047845721244812,0.9154984951019287,0.88273686170578,0.8099343776702881,0.03162292391061783,0.41411566734313965,0.24857497215270996,0.1979762315750122
114,114,0.04487338662147522,,,,,,,,,
115,115,,,1.0483559370040894,0.9160540103912354,0.8818618655204773,0.8129358887672424,0.03112863190472126,0.4142993986606598,0.2494809776544571,0.1979762315750122
115,115,0.044500768184661865,,,,,,,,,
116,116,,,1.0483307838439941,0.9159491658210754,0.8819372057914734,0.8161992430686951,0.030999021604657173,0.4146062731742859,0.2505190670490265,0.1979762315750122
116,116,0.04413101077079773,,,,,,,,,
117,117,,,1.0480822324752808,0.915199339389801,0.8827785849571228,0.819433331489563,0.03194907307624817,0.4149259626865387,0.2515898644924164,0.1979762315750122
117,117,0.04376254975795746,,,,,,,,,
118,118,,,1.0483648777008057,0.9142582416534424,0.8833428621292114,0.8226884007453918,0.03386102244257927,0.41526293754577637,0.2526843845844269,0.1979762315750122
118,118,0.04339541494846344,,,,,,,,,
119,119,,,1.0487987995147705,0.9134970903396606,0.8833888173103333,0.8259615898132324,0.0355355478823185,0.4155655801296234,0.25375205278396606,0.1979762315750122
119,119,0.04303174093365669,,,,,,,,,
120,120,,,1.0487756729125977,0.9130101203918457,0.8832603693008423,0.8291032314300537,0.0358075276017189,0.41573333740234375,0.2547149360179901,0.1979762315750122
120,120,0.04267210513353348,,,,,,,,,
121,121,,,1.048899531364441,0.9128069877624512,0.882718563079834,0.8321543335914612,0.035048771649599075,0.41580435633659363,0.2556152045726776,0.1979762315750122
121,121,0.042314834892749786,,,,,,,,,
122,122,,,1.0495924949645996,0.9128217101097107,0.8817234635353088,0.8352240324020386,0.03454260155558586,0.4158719480037689,0.2565315365791321,0.1979762315750122
122,122,0.04196052625775337,,,,,,,,,
123,123,,,1.0500147342681885,0.9128690958023071,0.8811138272285461,0.8383376598358154,0.034952931106090546,0.41596952080726624,0.25748878717422485,0.1979762315750122
123,123,0.04161049798130989,,,,,,,,,
124,124,,,1.0497326850891113,0.9128338098526001,0.8813494443893433,0.8416820168495178,0.03600741922855377,0.41617825627326965,0.2585657238960266,0.1979762315750122
124,124,0.04126415029168129,,,,,,,,,
125,125,,,1.0493884086608887,0.9127458930015564,0.8820067048072815,0.8454247117042542,0.03703389689326286,0.41657039523124695,0.25983622670173645,0.1979762315750122
125,125,0.0409206748008728,,,,,,,,,
126,126,,,1.0492442846298218,0.9126877784729004,0.8827371001243591,0.8493010401725769,0.03767646849155426,0.4170340299606323,0.26118752360343933,0.1979762315750122
126,126,0.04058065637946129,,,,,,,,,
127,127,,,1.0490504503250122,0.9128268957138062,0.883304238319397,0.8529868125915527,0.03813808038830757,0.41743218898773193,0.26245978474617004,0.1979762315750122
127,127,0.04024503007531166,,,,,,,,,
128,128,,,1.048922061920166,0.913305938243866,0.8832924365997314,0.8565713763237,0.038653939962387085,0.4178048372268677,0.2636643350124359,0.1979762315750122
128,128,0.03991365432739258,,,,,,,,,
129,129,,,1.0489293336868286,0.9139313697814941,0.8828731775283813,0.8602091670036316,0.03903435170650482,0.4182058572769165,0.26487356424331665,0.1979762315750122
129,129,0.03958627209067345,,,,,,,,,
130,130,,,1.0488122701644897,0.9142760038375854,0.8827927112579346,0.8638706803321838,0.039073895663022995,0.41860315203666687,0.2661062479019165,0.1979762315750122
130,130,0.03926382213830948,,,,,,,,,
131,131,,,1.0486220121383667,0.9141826033592224,0.8831995129585266,0.8676332235336304,0.039142362773418427,0.41903039813041687,0.26740673184394836,0.1979762315750122
131,131,0.0389464907348156,,,,,,,,,
132,132,,,1.048470139503479,0.9138116240501404,0.8837310075759888,0.8715802431106567,0.03980816900730133,0.4195355474948883,0.26879385113716125,0.1979762315750122
132,132,0.03863382712006569,,,,,,,,,
133,133,,,1.0481152534484863,0.9132871627807617,0.8843173980712891,0.8755309581756592,0.04103019833564758,0.4200391173362732,0.270175576210022,0.1979762315750122
133,133,0.03832586482167244,,,,,,,,,
134,134,,,1.0476782321929932,0.9126615524291992,0.8848438262939453,0.8793545961380005,0.04210986942052841,0.42048174142837524,0.27149611711502075,0.1979762315750122
134,134,0.038023147732019424,,,,,,,,,
135,135,,,1.04756498336792,0.9120252132415771,0.8850152492523193,0.8831599950790405,0.04247606173157692,0.42092081904411316,0.27280452847480774,0.1979762315750122
135,135,0.03772580996155739,,,,,,,,,
136,136,,,1.047512412071228,0.9114312529563904,0.8850069642066956,0.8869783878326416,0.04233774542808533,0.4213777482509613,0.2741139531135559,0.1979762315750122
136,136,0.03743366897106171,,,,,,,,,
137,137,,,1.047114372253418,0.9108663201332092,0.8851816058158875,0.8907729387283325,0.042413778603076935,0.42183709144592285,0.2754148244857788,0.1979762315750122
137,137,0.037147119641304016,,,,,,,,,
138,138,,,1.0466392040252686,0.91029953956604,0.8855193257331848,0.8946503400802612,0.04312135651707649,0.42235034704208374,0.27676963806152344,0.1979762315750122
138,138,0.03686652332544327,,,,,,,,,
139,139,,,1.0462501049041748,0.9096847176551819,0.8860568404197693,0.8986698389053345,0.044188082218170166,0.4229452908039093,0.2782163619995117,0.1979762315750122
139,139,0.03659173846244812,,,,,,,,,
140,140,,,1.0456491708755493,0.9090492725372314,0.8869346976280212,0.9027601480484009,0.045091986656188965,0.42358869314193726,0.27971598505973816,0.1979762315750122
140,140,0.0363226942718029,,,,,,,,,
141,141,,,1.044891595840454,0.9085442423820496,0.8878339529037476,0.9069046974182129,0.045704133808612823,0.4242801368236542,0.2812430262565613,0.1979762315750122
141,141,0.03605962172150612,,,,,,,,,
142,142,,,1.0442713499069214,0.9082382321357727,0.8883911967277527,0.9110488295555115,0.04622673988342285,0.42499828338623047,0.2827666401863098,0.1979762315750122
142,142,0.035802699625492096,,,,,,,,,
143,143,,,1.0437222719192505,0.908012866973877,0.8887690901756287,0.915073812007904,0.04673023149371147,0.42568039894104004,0.284241259098053,0.1979762315750122
143,143,0.03555179387331009,,,,,,,,,
144,144,,,1.0431264638900757,0.9077376127243042,0.8892135620117188,0.919076681137085,0.04711474850773811,0.426367849111557,0.28571632504463196,0.1979762315750122
144,144,0.03530705347657204,,,,,,,,,
145,145,,,1.0424816608428955,0.9073473215103149,0.8898105621337891,0.9232321381568909,0.04739784449338913,0.4271434247493744,0.28727269172668457,0.1979762315750122
145,145,0.03506870195269585,,,,,,,,,
146,146,,,1.0416978597640991,0.9067906141281128,0.8906698822975159,0.9274497628211975,0.04779062792658806,0.42795827984809875,0.2888736128807068,0.1979762315750122
146,146,0.03483667969703674,,,,,,,,,
147,147,,,1.0408611297607422,0.9060982465744019,0.891665518283844,0.9315855503082275,0.048450764268636703,0.42874130606651306,0.2904527187347412,0.1979762315750122
147,147,0.03461096063256264,,,,,,,,,
148,148,,,1.040147304534912,0.9053813219070435,0.892504096031189,0.9356639385223389,0.04920360818505287,0.42951494455337524,0.2920113503932953,0.1979762315750122
148,148,0.034391626715660095,,,,,,,,,
149,149,,0.03417874500155449,,,,,,,,
149,149,,,1.039395809173584,0.9046822786331177,0.8932210803031921,0.9396948218345642,0.04966048151254654,0.4302959442138672,0.2935473918914795,0.1979762315750122
149,149,0.03417874500155449,,,,,,,,,
150,150,,,1.0385057926177979,0.903968095779419,0.8939557671546936,0.9436620473861694,0.04973161220550537,0.43108296394348145,0.2950587868690491,0.1979762315750122
150,150,0.033972203731536865,,,,,,,,,
151,151,,,1.0376800298690796,0.9032175540924072,0.8946545720100403,0.9476279616355896,0.049786973744630814,0.4319082200527191,0.29658350348472595,0.1979762315750122
151,151,0.03377201780676842,,,,,,,,,
152,152,,,1.0368577241897583,0.9024159908294678,0.8954094052314758,0.95162034034729,0.05017741024494171,0.4327796399593353,0.29813772439956665,0.1979762315750122
152,152,0.033578235656023026,,,,,,,,,
153,153,,,1.0358164310455322,0.9015597701072693,0.8963882923126221,0.9556376934051514,0.050845954567193985,0.43369200825691223,0.29971933364868164,0.1979762315750122
153,153,0.03339077904820442,,,,,,,,,
154,154,,,1.0346965789794922,0.9006856679916382,0.8974742293357849,0.9597195982933044,0.05148862674832344,0.43466976284980774,0.3013465404510498,0.1979762315750122
154,154,0.03320954740047455,,,,,,,,,
155,155,,,1.0336514711380005,0.899832546710968,0.8985190391540527,0.9638022184371948,0.051927272230386734,0.4356807470321655,0.30298855900764465,0.1979762315750122
155,155,0.03303459286689758,,,,,,,,,
156,156,,,1.032589077949524,0.8990325331687927,0.8995083570480347,0.9677735567092896,0.05223881080746651,0.43665972352027893,0.30458635091781616,0.1979762315750122
156,156,0.03286578133702278,,,,,,,,,
157,157,,,1.0315003395080566,0.89830482006073,0.9004033207893372,0.9716687202453613,0.05255836620926857,0.43762123584747314,0.3061516582965851,0.1979762315750122
157,157,0.03270304203033447,,,,,,,,,
158,158,,,1.0304162502288818,0.897590696811676,0.9012830853462219,0.9755479097366333,0.052875179797410965,0.4385989010334015,0.30771997570991516,0.1979762315750122
158,158,0.0325462743639946,,,,,,,,,
159,159,,,1.0292764902114868,0.8967970609664917,0.9023285508155823,0.9793911576271057,0.053137440234422684,0.43958553671836853,0.3092917203903198,0.1979762315750122
159,159,0.03239540755748749,,,,,,,,,
160,160,,,1.0281070470809937,0.8959232568740845,0.9034961462020874,0.9832177758216858,0.05342971161007881,0.44059687852859497,0.3108751177787781,0.1979762315750122
160,160,0.032250355929136276,,,,,,,,,
161,161,,,1.0269235372543335,0.8950228095054626,0.9046463370323181,0.9870280623435974,0.05384043976664543,0.4416385591030121,0.3124619722366333,0.1979762315750122
161,161,0.03211095929145813,,,,,,,,,
162,162,,,1.0256820917129517,0.8941083550453186,0.905755877494812,0.9907442331314087,0.054258789867162704,0.4426726996898651,0.3140110373497009,0.1979762315750122
162,162,0.03197711333632469,,,,,,,,,
163,163,,,1.0244697332382202,0.8931768536567688,0.9067880511283875,0.9943632483482361,0.05449347943067551,0.4437015950679779,0.3155229687690735,0.1979762315750122
163,163,0.03184870630502701,,,,,,,,,
164,164,,,1.0233134031295776,0.8922326564788818,0.9077435731887817,0.9979344010353088,0.05453380569815636,0.44474872946739197,0.3170222342014313,0.1979762315750122
164,164,0.031725574284791946,,,,,,,,,
165,165,,,1.0220760107040405,0.8912713527679443,0.9087260961532593,1.0014467239379883,0.05457419529557228,0.4457945227622986,0.3185012638568878,0.1979762315750122
165,165,0.03160756453871727,,,,,,,,,
166,166,,,1.0207821130752563,0.8902908563613892,0.9097465872764587,1.004900336265564,0.05477955564856529,0.44682973623275757,0.31996139883995056,0.1979762315750122
166,166,0.03149456903338432,,,,,,,,,
167,167,,,1.019536018371582,0.8892980217933655,0.9107588529586792,1.008316993713379,0.05508413910865784,0.4478694200515747,0.3214164972305298,0.1979762315750122
167,167,0.03138641268014908,,,,,,,,,
168,168,,,1.018266201019287,0.8883074522018433,0.9117807745933533,1.0116733312606812,0.05529429763555527,0.44890859723091125,0.3228529691696167,0.1979762315750122
168,168,0.0312829315662384,,,,,,,,,
169,169,,,1.0169565677642822,0.8873509764671326,0.912760853767395,1.0149590969085693,0.05535351485013962,0.449947327375412,0.3242615759372711,0.1979762315750122
169,169,0.031183963641524315,,,,,,,,,
170,170,,,1.0156939029693604,0.8864434957504272,0.9136298894882202,1.0181676149368286,0.05536528676748276,0.4509808123111725,0.3256390690803528,0.1979762315750122
170,170,0.03108934313058853,,,,,,,,,
171,171,,,1.0144453048706055,0.885562002658844,0.9144446849822998,1.0212700366973877,0.05539823696017265,0.45198822021484375,0.3269728124141693,0.1979762315750122
171,171,0.030998924747109413,,,,,,,,,
172,172,,,1.0131638050079346,0.8846856355667114,0.9152590036392212,1.0243005752563477,0.055431872606277466,0.45298779010772705,0.3282797932624817,0.1979762315750122
172,172,0.030912499874830246,,,,,,,,,
173,173,,,1.0118732452392578,0.8838053941726685,0.9160593748092651,1.0272985696792603,0.05544783174991608,0.45400315523147583,0.3295796513557434,0.1979762315750122
173,173,0.03082994371652603,,,,,,,,,
174,174,,,1.0105788707733154,0.8829113245010376,0.9168233275413513,1.0302152633666992,0.055472735315561295,0.4550042152404785,0.33084577322006226,0.1979762315750122
174,174,0.030751056969165802,,,,,,,,,
175,175,,,1.0093104839324951,0.8820083737373352,0.9174959063529968,1.0330201387405396,0.055513519793748856,0.4559730291366577,0.332059770822525,0.1979762315750122
175,175,0.030675701797008514,,,,,,,,,
176,176,,,1.0080903768539429,0.8811055421829224,0.9180402755737305,1.0357410907745361,0.055499013513326645,0.45692846179008484,0.3332337439060211,0.1979762315750122
176,176,0.030603699386119843,,,,,,,,,
177,177,,,1.0068689584732056,0.8801912665367126,0.9184946417808533,1.0383756160736084,0.055364664644002914,0.4578682780265808,0.3343656361103058,0.1979762315750122
177,177,0.03053487464785576,,,,,,,,,
178,178,,,1.0056629180908203,0.8792581558227539,0.9188833236694336,1.0409241914749146,0.055172547698020935,0.45878687500953674,0.33545756340026855,0.1979762315750122
178,178,0.030469080433249474,,,,,,,,,
179,179,,,1.0044983625411987,0.8783200979232788,0.9192032814025879,1.0434054136276245,0.055040810257196426,0.4596889019012451,0.33651962876319885,0.1979762315750122
179,179,0.030406154692173004,,,,,,,,,
180,180,,,1.0033117532730103,0.877392590045929,0.9194653034210205,1.045810580253601,0.054973408579826355,0.460568904876709,0.33754444122314453,0.1979762315750122
180,180,0.03034595213830471,,,,,,,,,
181,181,,,1.0021169185638428,0.8764879703521729,0.9196634292602539,1.0481376647949219,0.05487091839313507,0.46143192052841187,0.33853229880332947,0.1979762315750122
181,181,0.030288301408290863,,,,,,,,,
182,182,,,1.0009803771972656,0.875616729259491,0.9197837710380554,1.0503900051116943,0.05467178300023079,0.4622855484485626,0.33948904275894165,0.1979762315750122
182,182,0.030233092606067657,,,,,,,,,
183,183,,,0.9998645782470703,0.8747819662094116,0.9198275804519653,1.0525486469268799,0.05441591516137123,0.4631156325340271,0.3404020071029663,0.1979762315750122
183,183,0.030180156230926514,,,,,,,,,
184,184,,,0.9987505078315735,0.8739805817604065,0.9198017120361328,1.0546214580535889,0.054173585027456284,0.46392130851745605,0.3412734568119049,0.1979762315750122
184,184,0.030129360035061836,,,,,,,,,
185,185,,,0.9976767301559448,0.8731982707977295,0.9197317361831665,1.0566282272338867,0.053952623158693314,0.4647105932235718,0.3421170115470886,0.1979762315750122
185,185,0.030080584809184074,,,,,,,,,
186,186,,,0.9966273307800293,0.8724192380905151,0.9196346998214722,1.0585575103759766,0.05371622368693352,0.46547484397888184,0.3429262042045593,0.1979762315750122
186,186,0.030033716931939125,,,,,,,,,
187,187,,,0.9955952763557434,0.871644914150238,0.9194998741149902,1.0604084730148315,0.053459107875823975,0.4662129282951355,0.34369874000549316,0.1979762315750122
187,187,0.0299886092543602,,,,,,,,,
188,188,,,0.9946041107177734,0.8708813786506653,0.9193152785301208,1.0621811151504517,0.053194381296634674,0.46692588925361633,0.3444354236125946,0.1979762315750122
188,188,0.029945166781544685,,,,,,,,,
189,189,,,0.9936458468437195,0.870124101638794,0.9190881252288818,1.063856601715088,0.0528981052339077,0.46760377287864685,0.34512653946876526,0.1979762315750122
189,189,0.029903274029493332,,,,,,,,,
190,190,,,0.9927251935005188,0.8693723678588867,0.918832004070282,1.0654529333114624,0.052545707672834396,0.46825915575027466,0.34578293561935425,0.1979762315750122
190,190,0.029862845316529274,,,,,,,,,
191,191,,,0.9918361902236938,0.8686317801475525,0.9185569882392883,1.0669951438903809,0.052167996764183044,0.46890532970428467,0.3464178740978241,0.1979762315750122
191,191,0.02982376329600811,,,,,,,,,
192,192,,,0.9909536838531494,0.8679070472717285,0.918269157409668,1.0684705972671509,0.05181899666786194,0.46952933073043823,0.3470228910446167,0.1979762315750122
192,192,0.029785942286252975,,,,,,,,,
193,193,,,0.990105926990509,0.8672048449516296,0.9179738759994507,1.0698775053024292,0.05150341987609863,0.47012802958488464,0.34759899973869324,0.1979762315750122
193,193,0.029749305918812752,,,,,,,,,
194,194,,,0.989300549030304,0.8665313720703125,0.9176710844039917,1.0712226629257202,0.051163751631975174,0.47070735692977905,0.34815049171447754,0.1979762315750122
194,194,0.029713772237300873,,,,,,,,,
195,195,,,0.9885101914405823,0.8658862113952637,0.9173570871353149,1.0724990367889404,0.05075985938310623,0.47126322984695435,0.34867119789123535,0.1979762315750122
195,195,0.029679253697395325,,,,,,,,,
196,196,,,0.9877591133117676,0.8652654886245728,0.9170360565185547,1.0737106800079346,0.050325267016887665,0.47179609537124634,0.3491647243499756,0.1979762315750122
196,196,0.02964569814503193,,,,,,,,,
197,197,,,0.9870515465736389,0.8646620512008667,0.9167122840881348,1.0748625993728638,0.04990614578127861,0.4723060727119446,0.34963375329971313,0.1979762315750122
197,197,0.029613027349114418,,,,,,,,,
198,198,,,0.9863534569740295,0.8640699982643127,0.9163841009140015,1.0759600400924683,0.04950202628970146,0.4727955758571625,0.3500780463218689,0.1979762315750122
198,198,0.029581183567643166,,,,,,,,,
199,199,,0.029550112783908844,,,,,,,,
199,199,,,0.9856835603713989,0.8634881973266602,0.9160555005073547,1.0770153999328613,0.04909360036253929,0.47327399253845215,0.350506067276001,0.1979762315750122
199,199,0.029550112783908844,,,,,,,,,
200,200,,,0.9850527048110962,0.8629177808761597,0.9157276749610901,1.0780175924301147,0.04867800325155258,0.4737343490123749,0.3509126305580139,0.1979762315750122
200,200,0.029519757255911827,,,,,,,,,
201,201,,,0.9844499826431274,0.8623617887496948,0.9153971672058105,1.0789551734924316,0.04826151952147484,0.47416844964027405,0.35129040479660034,0.1979762315750122
201,201,0.029490096494555473,,,,,,,,,
202,202,,,0.9838830232620239,0.8618232011795044,0.9150670170783997,1.0798413753509521,0.04783763363957405,0.47458434104919434,0.3516472280025482,0.1979762315750122
202,202,0.029461054131388664,,,,,,,,,
203,203,,,0.9833469390869141,0.8612992167472839,0.9147417545318604,1.0806807279586792,0.047397710382938385,0.47498345375061035,0.3519850969314575,0.1979762315750122
203,203,0.029432596638798714,,,,,,,,,
204,204,,,0.982835054397583,0.8607882857322693,0.9144236445426941,1.0814745426177979,0.04695795476436615,0.47536420822143555,0.3523038625717163,0.1979762315750122
204,204,0.02940468117594719,,,,,,,,,
205,205,,,0.9823528528213501,0.8602932095527649,0.9141131043434143,1.0822336673736572,0.0465417318046093,0.4757315218448639,0.35260945558547974,0.1979762315750122
205,205,0.029377292841672897,,,,,,,,,
206,206,,,0.9818887710571289,0.8598155975341797,0.9138074517250061,1.0829540491104126,0.046134207397699356,0.47608330845832825,0.3528987765312195,0.1979762315750122
206,206,0.029350383207201958,,,,,,,,,
207,207,,,0.9814509749412537,0.8593557476997375,0.9135093688964844,1.0836330652236938,0.045704249292612076,0.47641897201538086,0.3531711995601654,0.1979762315750122
207,207,0.029323942959308624,,,,,,,,,
208,208,,,0.9810492992401123,0.8589150905609131,0.9132220149040222,1.084277868270874,0.045249734073877335,0.476743221282959,0.3534316420555115,0.1979762315750122
208,208,0.02929791249334812,,,,,,,,,
209,209,,,0.980663537979126,0.8584930896759033,0.9129413962364197,1.0848876237869263,0.04479829594492912,0.4770529866218567,0.35367730259895325,0.1979762315750122
209,209,0.02927228808403015,,,,,,,,,
210,210,,,0.980298638343811,0.8580869436264038,0.9126697778701782,1.0854665040969849,0.0443703792989254,0.47734951972961426,0.35391080379486084,0.1979762315750122
210,210,0.02924705110490322,,,,,,,,,
211,211,,,0.9799638986587524,0.8576930165290833,0.912409782409668,1.0860198736190796,0.04395550116896629,0.4776363670825958,0.3541356325149536,0.1979762315750122
211,211,0.0292221512645483,,,,,,,,,
212,212,,,0.9796440601348877,0.8573094606399536,0.9121561646461487,1.0865464210510254,0.04353924095630646,0.47791334986686707,0.35434964299201965,0.1979762315750122
212,212,0.02919761836528778,,,,,,,,,
213,213,,,0.9793462753295898,0.8569359183311462,0.9119091033935547,1.0870462656021118,0.043124496936798096,0.478179931640625,0.3545531928539276,0.1979762315750122
213,213,0.029173381626605988,,,,,,,,,
214,214,,,0.9790757298469543,0.8565720915794373,0.9116702675819397,1.0875169038772583,0.04271487891674042,0.47843363881111145,0.3547452688217163,0.1979762315750122
214,214,0.029149459674954414,,,,,,,,,
215,215,,,0.9788210988044739,0.8562185168266296,0.9114387035369873,1.0879608392715454,0.04230482131242752,0.47867536544799805,0.354926198720932,0.1979762315750122
215,215,0.02912582829594612,,,,,,,,,
216,216,,,0.9785841107368469,0.8558771014213562,0.9112165570259094,1.0883879661560059,0.04189842566847801,0.47891053557395935,0.35510146617889404,0.1979762315750122
216,216,0.029102476313710213,,,,,,,,,
217,217,,,0.9783635139465332,0.855549156665802,0.9110045433044434,1.0887975692749023,0.04150766879320145,0.4791377782821655,0.35527050495147705,0.1979762315750122
217,217,0.02907937951385975,,,,,,,,,
218,218,,,0.9781585335731506,0.85523521900177,0.9108021259307861,1.0891865491867065,0.04113512486219406,0.47935497760772705,0.35543158650398254,0.1979762315750122
218,218,0.02905653417110443,,,,,,,,,
219,219,,,0.9779718518257141,0.8549356460571289,0.9106094241142273,1.0895600318908691,0.040767207741737366,0.4795664846897125,0.35558781027793884,0.1979762315750122
219,219,0.02903391793370247,,,,,,,,,
220,220,,,0.9777995347976685,0.8546485900878906,0.9104251265525818,1.0899187326431274,0.04039309546351433,0.4797728359699249,0.35573911666870117,0.1979762315750122
220,220,0.02901153266429901,,,,,,,,,
221,221,,,0.977641224861145,0.8543713092803955,0.9102486371994019,1.090261697769165,0.0400240458548069,0.4799721837043762,0.3558845520019531,0.1979762315750122
221,221,0.02898937091231346,,,,,,,,,
222,222,,,0.9774981141090393,0.8541021943092346,0.910079836845398,1.0905941724777222,0.0396747961640358,0.4801662564277649,0.3560267686843872,0.1979762315750122
222,222,0.028967401012778282,,,,,,,,,
223,223,,,0.9773597717285156,0.8538397550582886,0.9099158048629761,1.0909162759780884,0.039341311901807785,0.48035508394241333,0.35616472363471985,0.1979762315750122
223,223,0.028945643454790115,,,,,,,,,
224,224,,,0.9772334694862366,0.8535834550857544,0.9097582101821899,1.0912288427352905,0.03901279717683792,0.480539470911026,0.3562994599342346,0.1979762315750122
224,224,0.028924070298671722,,,,,,,,,
225,225,,,0.9771231412887573,0.8533343076705933,0.9096078872680664,1.0915318727493286,0.038688790053129196,0.48072004318237305,0.3564315438270569,0.1979762315750122
225,225,0.028902672231197357,,,,,,,,,
226,226,,,0.9770182967185974,0.8530939817428589,0.909462571144104,1.0918234586715698,0.038373913615942,0.480895072221756,0.35655900835990906,0.1979762315750122
226,226,0.028881452977657318,,,,,,,,,
227,227,,,0.9769245982170105,0.8528633117675781,0.9093244671821594,1.092106819152832,0.03806975856423378,0.48106619715690613,0.35668399930000305,0.1979762315750122
227,227,0.02886040508747101,,,,,,,,,
228,228,,,0.976841390132904,0.8526423573493958,0.90919429063797,1.0923842191696167,0.037775833159685135,0.4812345504760742,0.3568078279495239,0.1979762315750122
228,228,0.028839504346251488,,,,,,,,,
229,229,,,0.9767606854438782,0.8524308204650879,0.9090694189071655,1.0926556587219238,0.0374939888715744,0.4813997447490692,0.3569295406341553,0.1979762315750122
229,229,0.028818752616643906,,,,,,,,,
230,230,,,0.9766886234283447,0.8522276878356934,0.9089508652687073,1.0929226875305176,0.03722700476646423,0.48156246542930603,0.357050359249115,0.1979762315750122
230,230,0.028798164799809456,,,,,,,,,
231,231,,,0.9766231775283813,0.852031409740448,0.9088371992111206,1.0931824445724487,0.03696809709072113,0.4817213714122772,0.35716861486434937,0.1979762315750122
231,231,0.028777694329619408,,,,,,,,,
232,232,,,0.9765641093254089,0.8518409729003906,0.9087280035018921,1.0934377908706665,0.03671235218644142,0.4818783104419708,0.35728561878204346,0.1979762315750122
232,232,0.028757372871041298,,,,,,,,,
233,233,,,0.9765100479125977,0.8516560196876526,0.9086227416992188,1.093690276145935,0.03646411374211311,0.4820338785648346,0.35740214586257935,0.1979762315750122
233,233,0.02873716875910759,,,,,,,,,
234,234,,,0.976459264755249,0.8514763116836548,0.9085211753845215,1.0939388275146484,0.03623226284980774,0.48218661546707153,0.3575173020362854,0.1979762315750122
234,234,0.028717106208205223,,,,,,,,,
235,235,,,0.9764134287834167,0.8513023257255554,0.908423900604248,1.0941855907440186,0.036016274243593216,0.48233792185783386,0.3576323091983795,0.1979762315750122
235,235,0.028697151690721512,,,,,,,,,
236,236,,,0.9763680100440979,0.8511343598365784,0.908329427242279,1.0944302082061768,0.035808686167001724,0.48248809576034546,0.3577466905117035,0.1979762315750122
236,236,0.02867729775607586,,,,,,,,,
237,237,,,0.9763274788856506,0.8509721755981445,0.9082390069961548,1.0946729183197021,0.035607047379016876,0.4826377034187317,0.35786116123199463,0.1979762315750122
237,237,0.028657561168074608,,,,,,,,,
238,238,,,0.9762897491455078,0.8508156538009644,0.9081518054008484,1.0949122905731201,0.0354149229824543,0.4827852249145508,0.35797443985939026,0.1979762315750122
238,238,0.028637919574975967,,,,,,,,,
239,239,,,0.9762519598007202,0.8506647348403931,0.9080670475959778,1.095150351524353,0.03523285686969757,0.48293185234069824,0.3580875098705292,0.1979762315750122
239,239,0.02861839532852173,,,,,,,,,
240,240,,,0.9762170910835266,0.8505188226699829,0.9079855680465698,1.095388412475586,0.03506084904074669,0.4830779433250427,0.35820111632347107,0.1979762315750122
240,240,0.02859894558787346,,,,,,,,,
241,241,,,0.9761823415756226,0.8503776788711548,0.9079064726829529,1.0956248044967651,0.03489844873547554,0.48322248458862305,0.3583141565322876,0.1979762315750122
241,241,0.0285795908421278,,,,,,,,,
242,242,,,0.9761486053466797,0.8502412438392639,0.9078297019004822,1.0958603620529175,0.03474760428071022,0.48336610198020935,0.3584270775318146,0.1979762315750122
242,242,0.028560329228639603,,,,,,,,,
243,243,,,0.9761166572570801,0.8501088619232178,0.9077550172805786,1.0960941314697266,0.034605469554662704,0.48350855708122253,0.35853955149650574,0.1979762315750122
243,243,0.028541147708892822,,,,,,,,,
244,244,,,0.9760837554931641,0.8499802947044373,0.9076817035675049,1.0963258743286133,0.0344688706099987,0.4836498498916626,0.35865113139152527,0.1979762315750122
244,244,0.028522036969661713,,,,,,,,,
245,245,,,0.9760528206825256,0.8498553037643433,0.9076103568077087,1.0965588092803955,0.03434217348694801,0.48379188776016235,0.35876378417015076,0.1979762315750122
245,245,0.02850300446152687,,,,,,,,,
246,246,,,0.9760186076164246,0.8497337102890015,0.9075396060943604,1.0967904329299927,0.03422854468226433,0.48393264412879944,0.35887566208839417,0.1979762315750122
246,246,0.028484059497714043,,,,,,,,,
247,247,,,0.9759843945503235,0.8496154546737671,0.9074702858924866,1.0970221757888794,0.0341254360973835,0.48407307267189026,0.35898780822753906,0.1979762315750122
247,247,0.02846515364944935,,,,,,,,,
248,248,,,0.975950300693512,0.8495008945465088,0.9074023365974426,1.0972535610198975,0.034028198570013046,0.48421308398246765,0.3591000735759735,0.1979762315750122
248,248,0.028446324169635773,,,,,,,,,
249,249,,0.02842756360769272,,,,,,,,
249,249,,,0.9759131669998169,0.8493901491165161,0.9073349237442017,1.0974831581115723,0.033936258405447006,0.48435160517692566,0.35921114683151245,0.1979762315750122
249,249,0.02842756360769272,,,,,,,,,
250,250,,,0.9758778810501099,0.8492833971977234,0.9072694182395935,1.0977129936218262,0.033852964639663696,0.48449012637138367,0.35932281613349915,0.1979762315750122
250,250,0.02840886451303959,,,,,,,,,
251,251,,,0.9758384227752686,0.8491802215576172,0.9072040319442749,1.097941279411316,0.03377750888466835,0.4846274256706238,0.35943350195884705,0.1979762315750122
251,251,0.028390221297740936,,,,,,,,,
252,252,,,0.9757992625236511,0.8490804433822632,0.9071400761604309,1.0981703996658325,0.03371091187000275,0.48476502299308777,0.35954493284225464,0.1979762315750122
252,252,0.028371626511216164,,,,,,,,,
253,253,,,0.9757573008537292,0.8489834666252136,0.9070762991905212,1.0983984470367432,0.03365189582109451,0.4849018156528473,0.35965561866760254,0.1979762315750122
253,253,0.028353074565529823,,,,,,,,,
254,254,,,0.9757133722305298,0.8488891124725342,0.9070127010345459,1.0986260175704956,0.033600613474845886,0.4850383698940277,0.3597661256790161,0.1979762315750122
254,254,0.02833457477390766,,,,,,,,,
255,255,,,0.9756686687469482,0.8487967848777771,0.9069494605064392,1.0988517999649048,0.03355530649423599,0.48517370223999023,0.35987570881843567,0.1979762315750122
255,255,0.028316132724285126,,,,,,,,,
256,256,,,0.9756224155426025,0.8487063646316528,0.9068861603736877,1.0990761518478394,0.03351481258869171,0.48530811071395874,0.35998451709747314,0.1979762315750122
256,256,0.028297726064920425,,,,,,,,,
257,257,,,0.9755741357803345,0.8486182689666748,0.906822919845581,1.099300742149353,0.03348230570554733,0.48544231057167053,0.36009329557418823,0.1979762315750122
257,257,0.028279349207878113,,,,,,,,,
258,258,,,0.9755222797393799,0.8485323786735535,0.9067594408988953,1.0995237827301025,0.03345770761370659,0.485575407743454,0.3602011203765869,0.1979762315750122
258,258,0.028261035680770874,,,,,,,,,
259,259,,,0.9754706025123596,0.8484489917755127,0.9066965579986572,1.0997462272644043,0.03343966603279114,0.48570817708969116,0.36030882596969604,0.1979762315750122
259,259,0.028242748230695724,,,,,,,,,
260,260,,,0.9754155278205872,0.8483685255050659,0.9066334962844849,1.099967122077942,0.03342611342668533,0.4858400523662567,0.360415518283844,0.1979762315750122
260,260,0.028224481269717216,,,,,,,,,
261,261,,,0.9753584265708923,0.8482906222343445,0.9065704941749573,1.1001867055892944,0.0334174819290638,0.4859713017940521,0.3605216145515442,0.1979762315750122
261,261,0.028206266462802887,,,,,,,,,
262,262,,,0.9753000736236572,0.8482149243354797,0.906507670879364,1.1004050970077515,0.033415090292692184,0.48610177636146545,0.3606269657611847,0.1979762315750122
262,262,0.028188059106469154,,,,,,,,,
263,263,,,0.9752386212348938,0.8481411337852478,0.906444251537323,1.100622296333313,0.033418696373701096,0.48623159527778625,0.36073166131973267,0.1979762315750122
263,263,0.028169892728328705,,,,,,,,,
264,264,,,0.9751750230789185,0.84806889295578,0.9063805937767029,1.1008381843566895,0.033427536487579346,0.4863605201244354,0.3608354926109314,0.1979762315750122
264,264,0.028151748701930046,,,,,,,,,
265,265,,,0.9751108288764954,0.8479980230331421,0.9063169360160828,1.1010525226593018,0.033441562205553055,0.48648861050605774,0.36093854904174805,0.1979762315750122
265,265,0.028133627027273178,,,,,,,,,
266,266,,,0.9750425815582275,0.8479285836219788,0.9062520265579224,1.101264476776123,0.033459946513175964,0.486615389585495,0.3610400855541229,0.1979762315750122
266,266,0.0281155277043581,,,,,,,,,
267,267,,,0.9749743938446045,0.8478607535362244,0.9061874747276306,1.1014752388000488,0.03348195180296898,0.48674169182777405,0.36114105582237244,0.1979762315750122
267,267,0.028097452595829964,,,,,,,,,
268,268,,,0.9749038219451904,0.8477944731712341,0.9061224460601807,1.1016833782196045,0.033508624881505966,0.4868665635585785,0.3612406253814697,0.1979762315750122
268,268,0.02807939611375332,,,,,,,,,
269,269,,,0.974830150604248,0.8477301001548767,0.906056821346283,1.101890206336975,0.03354042023420334,0.4869908094406128,0.3613393008708954,0.1979762315750122
269,269,0.02806135267019272,,,,,,,,,
270,270,,,0.9747557640075684,0.847667396068573,0.90599125623703,1.1020958423614502,0.03357640653848648,0.48711466789245605,0.36143749952316284,0.1979762315750122
270,270,0.028043322265148163,,,,,,,,,
271,271,,,0.9746789932250977,0.8476060628890991,0.9059252142906189,1.1022979021072388,0.033616043627262115,0.4872363209724426,0.36153358221054077,0.1979762315750122
271,271,0.028025304898619652,,,,,,,,,
272,272,,,0.9746013879776001,0.847546398639679,0.9058589935302734,1.1024991273880005,0.03365875035524368,0.48735788464546204,0.36162933707237244,0.1979762315750122
272,272,0.028007298707962036,,,,,,,,,
273,273,,,0.9745204448699951,0.8474881649017334,0.9057919383049011,1.1026978492736816,0.03370405361056328,0.487478107213974,0.36172351241111755,0.1979762315750122
273,273,0.027989298105239868,,,,,,,,,
274,274,,,0.9744397401809692,0.8474308848381042,0.9057250022888184,1.1028937101364136,0.03375369682908058,0.4875967502593994,0.36181628704071045,0.1979762315750122
274,274,0.027971303090453148,,,,,,,,,
275,275,,,0.9743567109107971,0.8473749160766602,0.9056573510169983,1.103088140487671,0.03380740061402321,0.4877149164676666,0.3619082570075989,0.1979762315750122
275,275,0.027953311800956726,,,,,,,,,
276,276,,,0.9742699861526489,0.8473200798034668,0.9055887460708618,1.1032805442810059,0.03386359661817551,0.4878321886062622,0.36199891567230225,0.1979762315750122
276,276,0.0279353316873312,,,,,,,,,
277,277,,,0.974185585975647,0.8472663760185242,0.9055207371711731,1.1034704446792603,0.033923231065273285,0.48794832825660706,0.3620886206626892,0.1979762315750122
277,277,0.027917345985770226,,,,,,,,,
278,278,,,0.9740965366363525,0.8472137451171875,0.9054514169692993,1.1036566495895386,0.03398512303829193,0.48806241154670715,0.36217594146728516,0.1979762315750122
278,278,0.02789936028420925,,,,,,,,,
279,279,,,0.9740080237388611,0.8471626043319702,0.9053823947906494,1.1038427352905273,0.03404978662729263,0.48817694187164307,0.3622635304927826,0.1979762315750122
279,279,0.027881387621164322,,,,,,,,,
280,280,,,0.9739167094230652,0.8471122980117798,0.9053124785423279,1.1040246486663818,0.03411706164479256,0.4882890582084656,0.36234861612319946,0.1979762315750122
280,280,0.02786339819431305,,,,,,,,,
281,281,,,0.9738256335258484,0.8470630049705505,0.9052426815032959,1.1042042970657349,0.034186773002147675,0.4884002208709717,0.36243265867233276,0.1979762315750122
281,281,0.02784540504217148,,,,,,,,,
282,282,,,0.973732590675354,0.8470149040222168,0.9051722884178162,1.104382872581482,0.03425925225019455,0.4885110855102539,0.36251604557037354,0.1979762315750122
282,282,0.027827395126223564,,,,,,,,,
283,283,,,0.9736366271972656,0.8469676971435547,0.9051010012626648,1.1045572757720947,0.03433340787887573,0.48861974477767944,0.3625970184803009,0.1979762315750122
283,283,0.027809390798211098,,,,,,,,,
284,284,,,0.9735437035560608,0.8469213843345642,0.9050306081771851,1.1047301292419434,0.03440934792160988,0.4887278378009796,0.36267760396003723,0.1979762315750122
284,284,0.027791369706392288,,,,,,,,,
285,285,,,0.9734459519386292,0.8468760848045349,0.9049586057662964,1.1049004793167114,0.03448745608329773,0.488834947347641,0.36275652050971985,0.1979762315750122
285,285,0.027773328125476837,,,,,,,,,
286,286,,,0.9733473062515259,0.8468316197395325,0.9048863649368286,1.1050678491592407,0.034568902105093,0.48894044756889343,0.3628338873386383,0.1979762315750122
286,286,0.027755288407206535,,,,,,,,,
287,287,,,0.9732515215873718,0.8467878699302673,0.9048149585723877,1.1052334308624268,0.034651774913072586,0.48904532194137573,0.3629106283187866,0.1979762315750122
287,287,0.027737222611904144,,,,,,,,,
288,288,,,0.9731481671333313,0.8467450737953186,0.9047412276268005,1.1053951978683472,0.034734807908535004,0.4891482889652252,0.362984836101532,0.1979762315750122
288,288,0.027719145640730858,,,,,,,,,
289,289,,,0.9730509519577026,0.8467034697532654,0.9046692848205566,1.1055569648742676,0.03482133522629738,0.4892517328262329,0.3630596399307251,0.1979762315750122
289,289,0.027701042592525482,,,,,,,,,
290,290,,,0.9729469418525696,0.8466624617576599,0.9045953154563904,1.105712652206421,0.03490864485502243,0.4893516004085541,0.36313068866729736,0.1979762315750122
290,290,0.027682926505804062,,,,,,,,,
291,291,,,0.9728463888168335,0.8466227054595947,0.9045224785804749,1.1058688163757324,0.03499753028154373,0.4894524812698364,0.3632025122642517,0.1979762315750122
291,291,0.0276647862046957,,,,,,,,,
292,292,,,0.9727421998977661,0.8465838432312012,0.9044484496116638,1.106021761894226,0.03508821129798889,0.4895516633987427,0.3632723093032837,0.1979762315750122
292,292,0.02764662355184555,,,,,,,,,
293,293,,,0.9726374745368958,0.8465454578399658,0.9043742418289185,1.1061711311340332,0.035180363804101944,0.4896490275859833,0.36334025859832764,0.1979762315750122
293,293,0.027628429234027863,,,,,,,,,
294,294,,,0.9725354909896851,0.8465080857276917,0.9043006896972656,1.106319785118103,0.03527478501200676,0.4897465109825134,0.36340823769569397,0.1979762315750122
294,294,0.02761022001504898,,,,,,,,,
295,295,,,0.972426176071167,0.8464714288711548,0.9042248725891113,1.10646390914917,0.0353686660528183,0.4898414611816406,0.363473117351532,0.1979762315750122
295,295,0.027591977268457413,,,,,,,,,
296,296,,,0.9723232388496399,0.8464356064796448,0.9041510224342346,1.1066076755523682,0.03546454757452011,0.48993685841560364,0.3635386824607849,0.1979762315750122
296,296,0.027573708444833755,,,,,,,,,
297,297,,,0.97221440076828,0.8464003801345825,0.9040753245353699,1.106747031211853,0.03556219860911369,0.4900296628475189,0.3636012375354767,0.1979762315750122
297,297,0.027555396780371666,,,,,,,,,
298,298,,,0.9721072912216187,0.8463664054870605,0.9040001034736633,1.1068860292434692,0.0356617197394371,0.49012279510498047,0.3636639714241028,0.1979762315750122
298,298,0.027537060901522636,,,,,,,,,
299,299,,0.02751869149506092,,,,,,,,
299,299,,,0.9719991087913513,0.8463330268859863,0.9039245843887329,1.1070215702056885,0.035761334002017975,0.49021434783935547,0.363724946975708,0.1979762315750122
299,299,0.02751869149506092,,,,,,,,,
300,300,,,0.971889078617096,0.8463006019592285,0.9038484692573547,1.1071544885635376,0.03586195409297943,0.490304559469223,0.3637843728065491,0.1979762315750122
300,300,0.027500281110405922,,,,,,,,,
301,301,,,0.9717811942100525,0.8462691903114319,0.9037728905677795,1.1072863340377808,0.03596464544534683,0.49039462208747864,0.36384356021881104,0.1979762315750122
301,301,0.027481835335493088,,,,,,,,,
302,302,,,0.971668541431427,0.846238374710083,0.9036960005760193,1.1074140071868896,0.03606761246919632,0.4904823899269104,0.3639000952243805,0.1979762315750122
302,302,0.027463339269161224,,,,,,,,,
303,303,,,0.9715601801872253,0.8462085127830505,0.9036203026771545,1.1075414419174194,0.03617243096232414,0.490570604801178,0.36395713686943054,0.1979762315750122
303,303,0.02744481898844242,,,,,,,,,
304,304,,,0.9714463353157043,0.8461794257164001,0.9035428762435913,1.107664942741394,0.036278024315834045,0.49065670371055603,0.36401158571243286,0.1979762315750122
304,304,0.027426254004240036,,,,,,,,,
305,305,,,0.9713360071182251,0.8461511731147766,0.9034664630889893,1.1077871322631836,0.03638511523604393,0.4907425045967102,0.36406585574150085,0.1979762315750122
305,305,0.027407635003328323,,,,,,,,,
306,306,,,0.971222460269928,0.8461236953735352,0.903389036655426,1.107906699180603,0.03649289160966873,0.4908270537853241,0.36411845684051514,0.1979762315750122
306,306,0.02738897316157818,,,,,,,,,
307,307,,,0.9711081981658936,0.8460971117019653,0.9033114314079285,1.1080241203308105,0.03660153970122337,0.49091073870658875,0.36417001485824585,0.1979762315750122
307,307,0.02737027406692505,,,,,,,,,
308,308,,,0.9709962606430054,0.8460715413093567,0.9032344818115234,1.1081398725509644,0.03671169653534889,0.49099382758140564,0.3642209768295288,0.1979762315750122
308,308,0.027351515367627144,,,,,,,,,
309,309,,,0.9708788394927979,0.8460468649864197,0.9031559228897095,1.1082522869110107,0.03682291507720947,0.4910750985145569,0.3642697334289551,0.1979762315750122
309,309,0.027332700788974762,,,,,,,,,
310,310,,,0.970767080783844,0.8460233807563782,0.9030790328979492,1.1083647012710571,0.03693544492125511,0.4911569654941559,0.3643191456794739,0.1979762315750122
310,310,0.027313847094774246,,,,,,,,,
311,311,,,0.970648467540741,0.8460003733634949,0.9030001163482666,1.108472228050232,0.03704756498336792,0.4912360608577728,0.3643653094768524,0.1979762315750122
311,311,0.027294928207993507,,,,,,,,,
312,312,,,0.9705350995063782,0.8459787368774414,0.9029226899147034,1.1085807085037231,0.03716248646378517,0.4913163483142853,0.36441272497177124,0.1979762315750122
312,312,0.027275962755084038,,,,,,,,,
313,313,,,0.9704153537750244,0.8459576964378357,0.9028434157371521,1.1086845397949219,0.037277717143297195,0.4913940131664276,0.3644571304321289,0.1979762315750122
313,313,0.027256939560174942,,,,,,,,,
314,314,,,0.9703003764152527,0.8459377884864807,0.9027655124664307,1.1087881326675415,0.037394601851701736,0.4914720952510834,0.3645019829273224,0.1979762315750122
314,314,0.02723786234855652,,,,,,,,,
315,315,,,0.9701807498931885,0.8459188938140869,0.9026861786842346,1.108888864517212,0.03751196712255478,0.49154871702194214,0.36454492807388306,0.1979762315750122
315,315,0.027218719944357872,,,,,,,,,
316,316,,,0.9700619578361511,0.84590083360672,0.9026070833206177,1.1089873313903809,0.037630293518304825,0.49162429571151733,0.36458680033683777,0.1979762315750122
316,316,0.027199503034353256,,,,,,,,,
317,317,,,0.9699456691741943,0.8458839654922485,0.9025287628173828,1.1090850830078125,0.03775019943714142,0.4916999936103821,0.36462870240211487,0.1979762315750122
317,317,0.027180248871445656,,,,,,,,,
318,318,,,0.9698209166526794,0.8458680510520935,0.9024479389190674,1.1091786623001099,0.03787114471197128,0.49177318811416626,0.3646676540374756,0.1979762315750122
318,318,0.02716091461479664,,,,,,,,,
319,319,,,0.9697069525718689,0.8458533883094788,0.9023703932762146,1.109273910522461,0.03799429163336754,0.4918482005596161,0.36470869183540344,0.1979762315750122
319,319,0.027141528204083443,,,,,,,,,
320,320,,,0.9695788621902466,0.8458393812179565,0.9022884964942932,1.109362244606018,0.038115568459033966,0.49191901087760925,0.36474472284317017,0.1979762315750122
320,320,0.02712205797433853,,,,,,,,,
321,321,,,0.969465434551239,0.8458271026611328,0.9022110104560852,1.109454870223999,0.03824121132493019,0.4919933080673218,0.3647846579551697,0.1979762315750122
321,321,0.02710251696407795,,,,,,,,,
322,322,,,0.9693347811698914,0.8458153009414673,0.9021283388137817,1.1095386743545532,0.03836589306592941,0.4920620024204254,0.3648182451725006,0.1979762315750122
322,322,0.02708292379975319,,,,,,,,,
323,323,,,0.9692217111587524,0.8458052277565002,0.9020511507987976,1.1096277236938477,0.03849349915981293,0.4921349287033081,0.3648565709590912,0.1979762315750122
323,323,0.027063241228461266,,,,,,,,,
324,324,,,0.9690884351730347,0.8457958102226257,0.9019677639007568,1.1097081899642944,0.03862013295292854,0.4922023117542267,0.3648883104324341,0.1979762315750122
324,324,0.027043476700782776,,,,,,,,,
325,325,,,0.9689748287200928,0.8457880020141602,0.9018903374671936,1.1097933053970337,0.03875148668885231,0.4922734498977661,0.3649246096611023,0.1979762315750122
325,325,0.027023669332265854,,,,,,,,,
326,326,,,0.9688413739204407,0.8457808494567871,0.9018067717552185,1.109870195388794,0.038880009204149246,0.492339551448822,0.36495471000671387,0.1979762315750122
326,326,0.027003752067685127,,,,,,,,,
327,327,,,0.9687245488166809,0.8457754850387573,0.9017284512519836,1.1099516153335571,0.039012361317873,0.4924093186855316,0.3649890124797821,0.1979762315750122
327,327,0.026983775198459625,,,,,,,,,
328,328,,,0.96859210729599,0.8457708954811096,0.901645302772522,1.1100249290466309,0.03914500027894974,0.492473840713501,0.36501744389533997,0.1979762315750122
328,328,0.02696370705962181,,,,,,,,,
329,329,,,0.9684720039367676,0.8457680940628052,0.9015659689903259,1.1101020574569702,0.03928032144904137,0.492541640996933,0.3650493621826172,0.1979762315750122
329,329,0.026943568140268326,,,,,,,,,
330,330,,,0.968340277671814,0.845766007900238,0.9014830589294434,1.1101727485656738,0.0394144169986248,0.492605596780777,0.36507678031921387,0.1979762315750122
330,330,0.02692333422601223,,,,,,,,,
331,331,,,0.9682178497314453,0.8457655906677246,0.9014030694961548,1.1102458238601685,0.039552148431539536,0.49267157912254333,0.3651065230369568,0.1979762315750122
331,331,0.026903027668595314,,,,,,,,,
332,332,,,0.9680861234664917,0.8457661867141724,0.9013201594352722,1.1103136539459229,0.03969047591090202,0.49273452162742615,0.3651326298713684,0.1979762315750122
332,332,0.02688262052834034,,,,,,,,,
333,333,,,0.9679611921310425,0.8457683324813843,0.9012393951416016,1.110382318496704,0.03983025625348091,0.4927985668182373,0.3651599884033203,0.1979762315750122
333,333,0.026862144470214844,,,,,,,,,
334,334,,,0.9678301811218262,0.8457717895507812,0.9011568427085876,1.1104472875595093,0.039970606565475464,0.4928605854511261,0.3651849329471588,0.1979762315750122
334,334,0.026841552928090096,,,,,,,,,
335,335,,,0.9677026867866516,0.8457767367362976,0.9010752439498901,1.1105118989944458,0.04011353850364685,0.4929227828979492,0.36521002650260925,0.1979762315750122
335,335,0.026820894330739975,,,,,,,,,
336,336,,,0.967571496963501,0.8457830548286438,0.9009925723075867,1.1105740070343018,0.040257737040519714,0.4929838180541992,0.3652336895465851,0.1979762315750122
336,336,0.02680012956261635,,,,,,,,,
337,337,,,0.9674416780471802,0.8457906246185303,0.9009103775024414,1.1106345653533936,0.040402792394161224,0.49304431676864624,0.365256667137146,0.1979762315750122
337,337,0.02677927538752556,,,,,,,,,
338,338,,,0.9673113822937012,0.84579998254776,0.9008280038833618,1.1106942892074585,0.04055003449320793,0.4931047558784485,0.3652793765068054,0.1979762315750122
338,338,0.02675831876695156,,,,,,,,,
339,339,,,0.9671778678894043,0.8458104133605957,0.900744616985321,1.1107501983642578,0.040697939693927765,0.493163138628006,0.3652997314929962,0.1979762315750122
339,339,0.02673727460205555,,,,,,,,,
340,340,,,0.9670495390892029,0.8458226919174194,0.900662899017334,1.1108067035675049,0.040848761796951294,0.49322232604026794,0.3653211295604706,0.1979762315750122
340,340,0.026716120541095734,,,,,,,,,
341,341,,,0.966911792755127,0.8458361625671387,0.9005782008171082,1.1108587980270386,0.040999382734298706,0.4932790994644165,0.36533933877944946,0.1979762315750122
341,341,0.02669486775994301,,,,,,,,,
342,342,,,0.9667854905128479,0.845851480960846,0.9004970788955688,1.1109129190444946,0.04115310311317444,0.49333781003952026,0.36535993218421936,0.1979762315750122
342,342,0.026673510670661926,,,,,,,,,
343,343,,,0.9666442275047302,0.8458678126335144,0.9004113078117371,1.1109601259231567,0.041306931525468826,0.4933921694755554,0.3653753995895386,0.1979762315750122
343,343,0.02665204368531704,,,,,,,,,
344,344,,,0.9665199518203735,0.8458864688873291,0.9003308415412903,1.1110122203826904,0.04146519675850868,0.49345043301582336,0.36539530754089355,0.1979762315750122
344,344,0.02663048915565014,,,,,,,,,
345,345,,,0.9663735032081604,0.8459057211875916,0.90024334192276,1.1110541820526123,0.04162087291479111,0.4935021996498108,0.3654076159000397,0.1979762315750122
345,345,0.026608804240822792,,,,,,,,,
346,346,,,0.9662539958953857,0.8459278345108032,0.9001643657684326,1.11110520362854,0.04178183898329735,0.49356088042259216,0.36542779207229614,0.1979762315750122
346,346,0.026587022468447685,,,,,,,,,
347,347,,,0.9660988450050354,0.8459501266479492,0.9000740051269531,1.1111410856246948,0.041941165924072266,0.4936094880104065,0.36543622612953186,0.1979762315750122
347,347,0.02656513638794422,,,,,,,,,
348,348,,,0.9659880995750427,0.845975935459137,0.899997889995575,1.1111915111541748,0.042108211666345596,0.4936688542366028,0.36545729637145996,0.1979762315750122
348,348,0.026543118059635162,,,,,,,,,
349,349,,0.026521004736423492,,,,,,,,
349,349,,,0.9658203721046448,0.846001148223877,0.8999034762382507,1.111219882965088,0.04226738587021828,0.49371328949928284,0.3654606342315674,0.1979762315750122
349,349,0.026521004736423492,,,,,,,,,
350,350,,,0.9657233953475952,0.8460310697555542,0.8998317122459412,1.1112725734710693,0.042439963668584824,0.4937751591205597,0.3654845654964447,0.1979762315750122
350,350,0.026498764753341675,,,,,,,,,
351,351,,,0.9655357003211975,0.8460586071014404,0.8997308015823364,1.1112892627716064,0.042601458728313446,0.4938124418258667,0.3654797375202179,0.1979762315750122
351,351,0.02647641859948635,,,,,,,,,
352,352,,,0.9654635787010193,0.8460932374000549,0.8996669054031372,1.1113492250442505,0.042780689895153046,0.49388059973716736,0.365510493516922,0.1979762315750122
352,352,0.026453940197825432,,,,,,,,,
353,353,,,0.9652385115623474,0.8461225628852844,0.8995537757873535,1.1113486289978027,0.04293959587812424,0.49390700459480286,0.36549270153045654,0.1979762315750122
353,353,0.026431335136294365,,,,,,,,,
354,354,,,0.9652177095413208,0.8461629748344421,0.8995064496994019,1.1114232540130615,0.04313172399997711,0.4939863681793213,0.36553698778152466,0.1979762315750122
354,354,0.026408618316054344,,,,,,,,,
355,355,,,0.9649196863174438,0.8461928367614746,0.8993694186210632,1.1113932132720947,0.04328346997499466,0.4939931631088257,0.3654959499835968,0.1979762315750122
355,355,0.026385772973299026,,,,,,,,,
356,356,,,0.9649971723556519,0.8462411761283875,0.8993539810180664,1.1115009784698486,0.0434921458363533,0.49409690499305725,0.36556875705718994,0.1979762315750122
356,356,0.026362815871834755,,,,,,,,,
357,357,,,0.9645616412162781,0.8462684154510498,0.8991718888282776,1.111415982246399,0.04362978786230087,0.4940662086009979,0.365483820438385,0.1979762315750122
357,357,0.026339711621403694,,,,,,,,,
358,358,,,0.9648285508155823,0.8463295102119446,0.8992179036140442,1.1115912199020386,0.04387007653713226,0.4942184388637543,0.36561328172683716,0.1979762315750122
358,358,0.026316480711102486,,,,,,,,,
359,359,,,0.9641249775886536,0.8463478088378906,0.8989480137825012,1.1114035844802856,0.04397108778357506,0.49411699175834656,0.36544495820999146,0.1979762315750122
359,359,0.026293128728866577,,,,,,,,,
360,360,,,0.9647694230079651,0.8464305400848389,0.8991169929504395,1.1117148399353027,0.04427124559879303,0.49436551332473755,0.3656878173351288,0.1979762315750122
360,360,0.026269670575857162,,,,,,,,,
361,361,,,0.9635279774665833,0.8464277386665344,0.8986700773239136,1.1113251447677612,0.044299811124801636,0.4941234886646271,0.365354061126709,0.1979762315750122
361,361,0.026246095076203346,,,,,,,,,
362,362,,,0.9649395942687988,0.8465505838394165,0.8990893959999084,1.1119153499603271,0.044713523238897324,0.4945686161518097,0.3658284842967987,0.1979762315750122
362,362,0.026222392916679382,,,,,,,,,
363,363,,,0.9625958800315857,0.8464992642402649,0.8982776999473572,1.1111165285110474,0.04458653926849365,0.4940411448478699,0.3651579022407532,0.1979762315750122
363,363,0.02619866281747818,,,,,,,,,
364,364,,,0.9656014442443848,0.8467034697532654,0.899215579032898,1.1122887134552002,0.045236263424158096,0.4948950707912445,0.36611422896385193,0.1979762315750122
364,364,0.026174956932663918,,,,,,,,,
365,365,,,0.9609464406967163,0.8465455770492554,0.8976326584815979,1.1106358766555786,0.0447799414396286,0.4937703609466553,0.3647386431694031,0.1979762315750122
365,365,0.026151493191719055,,,,,,,,,
366,366,,,0.9673401713371277,0.8469221591949463,0.8996639847755432,1.1130450963974,0.04592204838991165,0.49549293518066406,0.3667188882827759,0.1979762315750122
366,366,0.026128651574254036,,,,,,,,,
367,367,,,0.957737147808075,0.8465322852134705,0.8964036703109741,1.109570026397705,0.044757988303899765,0.4930928647518158,0.3638354241847992,0.1979762315750122
367,367,0.02610734850168228,,,,,,,,,
368,368,,,0.971490740776062,0.8472908139228821,0.9007498025894165,1.114656686782837,0.046965453773736954,0.4966945946216583,0.36802977323532104,0.1979762315750122
368,368,0.026089515537023544,,,,,,,,,
369,369,,,0.951116144657135,0.8463995456695557,0.89373779296875,1.1072131395339966,0.04426026716828346,0.4915173649787903,0.36185675859451294,0.1979762315750122
369,369,0.026079414412379265,,,,,,,,,
370,370,,,0.9811879992485046,0.8480480909347534,0.9028380513191223,1.1181974411010742,0.04881572723388672,0.4992615282535553,0.370912104845047,0.1979762315750122
370,370,0.026086492463946342,,,,,,,,,
371,371,,,0.937161386013031,0.8461164832115173,0.8872793912887573,1.1019887924194336,0.042750284075737,0.4879589378833771,0.3574765920639038,0.1979762315750122
371,371,0.02613176964223385,,,,,,,,,
372,372,,,1.0038745403289795,0.8499564528465271,0.9042133092880249,1.126041054725647,0.052527930587530136,0.5048980712890625,0.3771311938762665,0.1979762315750122
372,372,0.02626185491681099,,,,,,,,,
373,373,,,0.9090656638145447,0.8461155295372009,0.8707055449485779,1.0906827449798584,0.03943859785795212,0.48026135563850403,0.34803149104118347,0.1979762315750122
373,373,0.026577677577733994,,,,,,,,,
374,374,,,1.0551183223724365,0.8553697466850281,0.8837932348251343,1.1424623727798462,0.06009376794099808,0.5167607069015503,0.3886299729347229,0.1979762315750122
374,374,0.02728858031332493,,,,,,,,,
375,375,,,0.8648016452789307,0.8487078547477722,0.8340203166007996,1.0697942972183228,0.03510270640254021,0.4663187563419342,0.33106088638305664,0.1979762315750122
375,375,0.028764229267835617,,,,,,,,,
376,376,,,1.140130877494812,0.8664531111717224,0.8317864537239075,1.1666914224624634,0.07079503685235977,0.5345266461372375,0.40533214807510376,0.1979762315750122
376,376,0.03144960477948189,,,,,,,,,
377,377,,,0.8363417387008667,0.8528336882591248,0.7998282313346863,1.0523221492767334,0.03426255285739899,0.4550035297870636,0.31759339570999146,0.1979762315750122
377,377,0.03507990017533302,,,,,,,,,
378,378,,,1.136954426765442,0.8633599281311035,0.8348112106323242,1.162644624710083,0.06716347485780716,0.5316869020462036,0.40281739830970764,0.1979762315750122
378,378,0.03730246052145958,,,,,,,,,
379,379,,,0.8890324831008911,0.8467420339584351,0.8552459478378296,1.0840128660202026,0.04033413156867027,0.47595760226249695,0.34191638231277466,0.1979762315750122
379,379,0.03448253124952316,,,,,,,,,
380,380,,,0.9486496448516846,0.8461698889732361,0.892217755317688,1.1040772199630737,0.04509996250271797,0.49029237031936646,0.36001330614089966,0.1979762315750122
380,380,0.02823168970644474,,,,,,,,,
381,381,,,1.0643670558929443,0.8551133275032043,0.8787840008735657,1.1444804668426514,0.059390757232904434,0.5192418694496155,0.3902667462825775,0.1979762315750122
381,381,0.025832809507846832,,,,,,,,,
382,382,,,0.8609546422958374,0.8482103943824768,0.8296344876289368,1.0710477828979492,0.038193460553884506,0.4677903354167938,0.3312727212905884,0.1979762315750122
382,382,0.029097523540258408,,,,,,,,,
383,383,,,1.056434988975525,0.8538801670074463,0.8842394948005676,1.1369872093200684,0.05765477195382118,0.5134789943695068,0.3856523633003235,0.1979762315750122
383,383,0.031302258372306824,,,,,,,,,
384,384,,,0.9552803635597229,0.849338948726654,0.8950492143630981,1.1098949909210205,0.04679282382130623,0.49420833587646484,0.3640204966068268,0.1979762315750122
384,384,0.028345312923192978,,,,,,,,,
385,385,,,0.8980529308319092,0.8470199704170227,0.8622621893882751,1.0872761011123657,0.041216738522052765,0.47902485728263855,0.34503114223480225,0.1979762315750122
385,385,0.02564157173037529,,,,,,,,,
386,386,,,1.0685993432998657,0.8541724681854248,0.8769416809082031,1.1420783996582031,0.060353588312864304,0.5179582238197327,0.389077752828598,0.1979762315750122
386,386,0.02746802195906639,,,,,,,,,
387,387,,,0.9056441187858582,0.8474770784378052,0.867676317691803,1.0927101373672485,0.04397163540124893,0.48289182782173157,0.34899666905403137,0.1979762315750122
387,387,0.02897242084145546,,,,,,,,,
388,388,,,0.9480451345443726,0.8482871055603027,0.8922436833381653,1.104575514793396,0.04617265611886978,0.4911630153656006,0.36043307185173035,0.1979762315750122
388,388,0.026800716295838356,,,,,,,,,
389,389,,,1.035361886024475,0.8532078862190247,0.8950297236442566,1.1315486431121826,0.05560140311717987,0.5103892683982849,0.38211360573768616,0.1979762315750122
389,389,0.025586280971765518,,,,,,,,,
390,390,,,0.8956936001777649,0.847710907459259,0.8601229786872864,1.0872819423675537,0.04345684498548508,0.47940340638160706,0.34481561183929443,0.1979762315750122
390,390,0.027233131229877472,,,,,,,,,
391,391,,,0.9865079522132874,0.8492828011512756,0.9030529260635376,1.1170668601989746,0.05122635141015053,0.500440776348114,0.371125727891922,0.1979762315750122
391,391,0.027344295755028725,,,,,,,,,
392,392,,,0.9979150891304016,0.8508070111274719,0.9036678671836853,1.1220694780349731,0.05307907611131668,0.5039983987808228,0.3748575448989868,0.1979762315750122
392,392,0.02564227022230625,,,,,,,,,
393,393,,,0.901875376701355,0.8485996723175049,0.865272045135498,1.0896764993667603,0.044924791902303696,0.4812045991420746,0.347009539604187,0.1979762315750122
393,393,0.025880474597215652,,,,,,,,,
394,394,,,1.0057704448699951,0.8520057201385498,0.9034600853919983,1.1219767332077026,0.05354183167219162,0.503981351852417,0.3753611445426941,0.1979762315750122
394,394,0.026864098384976387,,,,,,,,,
395,395,,,0.970062792301178,0.8508495688438416,0.8995535969734192,1.1130672693252563,0.050056520849466324,0.4977632761001587,0.36752450466156006,0.1979762315750122
395,395,0.025979019701480865,,,,,,,,,
396,396,,,0.915562093257904,0.8488416075706482,0.8742721676826477,1.0947134494781494,0.04632106050848961,0.4849918782711029,0.35148507356643677,0.1979762315750122
396,396,0.02534838207066059,,,,,,,,,
397,397,,,1.0105448961257935,0.8520772457122803,0.9023595452308655,1.1240592002868652,0.055964913219213486,0.5056954622268677,0.3768487572669983,0.1979762315750122
397,397,0.02613707259297371,,,,,,,,,
398,398,,,0.9509084820747375,0.8504718542098999,0.8929076194763184,1.1072404384613037,0.050190508365631104,0.4937595725059509,0.3624098300933838,0.1979762315750122
398,398,0.026037462055683136,,,,,,,,,
399,399,,0.02525407075881958,,,,,,,,
399,399,,,0.930046796798706,0.8499554991722107,0.8830558061599731,1.0989598035812378,0.04737696796655655,0.48812609910964966,0.35558733344078064,0.1979762315750122
399,399,0.02525407075881958,,,,,,,,,
400,400,,,1.0073001384735107,0.853050947189331,0.9024553298950195,1.1224709749221802,0.054979484528303146,0.5048324465751648,0.37580639123916626,0.1979762315750122
400,400,0.025565218180418015,,,,,,,,,
401,401,,,0.9408115744590759,0.8505310416221619,0.8881422877311707,1.1036574840545654,0.05051293224096298,0.491452157497406,0.3593784272670746,0.1979762315750122
401,401,0.02585139125585556,,,,,,,,,
402,402,,,0.9439634084701538,0.8502077460289001,0.8898136615753174,1.1037240028381348,0.050434570759534836,0.49156108498573303,0.3597680628299713,0.1979762315750122
402,402,0.025275463238358498,,,,,,,,,
403,403,,,0.9993703961372375,0.8529677987098694,0.9026485681533813,1.1208624839782715,0.05561517924070358,0.50370854139328,0.3743697702884674,0.1979762315750122
403,403,0.02521447278559208,,,,,,,,,
404,404,,,0.9355680346488953,0.8512558937072754,0.8856472969055176,1.1016606092453003,0.050855789333581924,0.49010905623435974,0.35774141550064087,0.1979762315750122
404,404,0.02556605637073517,,,,,,,,,
405,405,,,0.9555765986442566,0.8516009449958801,0.8945019245147705,1.1066274642944336,0.0517917200922966,0.4937737286090851,0.3626416325569153,0.1979762315750122
405,405,0.025269359350204468,,,,,,,,,
406,406,,,0.9902603626251221,0.8533964157104492,0.902035117149353,1.1184191703796387,0.05527064576745033,0.5021728277206421,0.3723604381084442,0.1979762315750122
406,406,0.025024808943271637,,,,,,,,,
407,407,,,0.9340334534645081,0.8513755798339844,0.8846696019172668,1.1014212369918823,0.052236903458833694,0.4900432229042053,0.3574560284614563,0.1979762315750122
407,407,0.02528023160994053,,,,,,,,,
408,408,,,0.9637884497642517,0.8520732522010803,0.8970375657081604,1.1091762781143188,0.0546441376209259,0.49555015563964844,0.36485782265663147,0.1979762315750122
408,408,0.025201208889484406,,,,,,,,,
409,409,,,0.9803927540779114,0.8537182211875916,0.9005184173583984,1.115548849105835,0.055419523268938065,0.5001781582832336,0.36994972825050354,0.1979762315750122
409,409,0.024922380223870277,,,,,,,,,
410,410,,,0.93511563539505,0.8520663976669312,0.8850434422492981,1.10108482837677,0.052034977823495865,0.49004513025283813,0.3574390113353729,0.1979762315750122
410,410,0.025038080289959908,,,,,,,,,
411,411,,,0.9697648286819458,0.8528841137886047,0.8983103632926941,1.1105949878692627,0.055715836584568024,0.49678000807762146,0.36624133586883545,0.1979762315750122
411,411,0.025081288069486618,,,,,,,,,
412,412,,,0.9715636968612671,0.8537417650222778,0.898391604423523,1.1132899522781372,0.056683026254177094,0.4986398220062256,0.36791351437568665,0.1979762315750122
412,412,0.02485254406929016,,,,,,,,,
413,413,,,0.9376927614212036,0.8522862792015076,0.8862343430519104,1.1018491983413696,0.053864333778619766,0.490603506565094,0.35815322399139404,0.1979762315750122
413,413,0.024849457666277885,,,,,,,,,
414,414,,,0.9729306101799011,0.8536154627799988,0.898702085018158,1.1114771366119385,0.05688951909542084,0.4974696934223175,0.36702361702919006,0.1979762315750122
414,414,0.024932052940130234,,,,,,,,,
415,415,,,0.9639854431152344,0.8543862700462341,0.8959552049636841,1.110783338546753,0.05673522874712944,0.49700602889060974,0.36582839488983154,0.1979762315750122
415,415,0.024782992899417877,,,,,,,,,
416,416,,,0.9414616823196411,0.8529279232025146,0.8877383470535278,1.1024457216262817,0.054806556552648544,0.4912331700325012,0.3589268922805786,0.1979762315750122
416,416,0.024706197902560234,,,,,,,,,
417,417,,,0.9736413955688477,0.854132890701294,0.8984281420707703,1.1120500564575195,0.05826675519347191,0.4980103373527527,0.3674216866493225,0.1979762315750122
417,417,0.024774137884378433,,,,,,,,,
418,418,,,0.9573622941970825,0.854461133480072,0.893565833568573,1.109027624130249,0.0581832118332386,0.4958052635192871,0.36421072483062744,0.1979762315750122
418,418,0.024698713794350624,,,,,,,,,
419,419,,,0.9454925060272217,0.8533730506896973,0.8892452716827393,1.1031169891357422,0.056481316685676575,0.491800457239151,0.359733521938324,0.1979762315750122
419,419,0.024593425914645195,,,,,,,,,
420,420,,,0.972664475440979,0.8548794388771057,0.8976460695266724,1.1117029190063477,0.05862635001540184,0.49795809388160706,0.36715614795684814,0.1979762315750122
420,420,0.024622011929750443,,,,,,,,,
421,421,,,0.9526051878929138,0.8547987341880798,0.8914565443992615,1.1072441339492798,0.058339014649391174,0.4947657585144043,0.3627684712409973,0.1979762315750122
421,421,0.024596381932497025,,,,,,,,,
422,422,,,0.9495915174484253,0.8537476062774658,0.8906161785125732,1.1039668321609497,0.05824831500649452,0.4925461709499359,0.36064499616622925,0.1979762315750122
422,422,0.02449580654501915,,,,,,,,,
423,423,,,0.9700804948806763,0.8552879691123962,0.8965959548950195,1.1114038228988647,0.0601971261203289,0.49783241748809814,0.3667616546154022,0.1979762315750122
423,423,0.024483077228069305,,,,,,,,,
424,424,,,0.9494091272354126,0.8550424575805664,0.8899414539337158,1.1059091091156006,0.0591324158012867,0.493973046541214,0.36171984672546387,0.1979762315750122
424,424,0.024479582905769348,,,,,,,,,
425,425,,,0.9535189867019653,0.854438066482544,0.8916729092597961,1.1045347452163696,0.05927377939224243,0.4931437075138092,0.36137717962265015,0.1979762315750122
425,425,0.024400947615504265,,,,,,,,,
426,426,,,0.9666469097137451,0.85602205991745,0.8951312899589539,1.110499382019043,0.0608808733522892,0.4973738193511963,0.36595818400382996,0.1979762315750122
426,426,0.024358278140425682,,,,,,,,,
427,427,,,0.9474844932556152,0.855275571346283,0.8888559937477112,1.1048521995544434,0.060038939118385315,0.4934152364730835,0.36095768213272095,0.1979762315750122
427,427,0.02435498684644699,,,,,,,,,
428,428,,,0.9563712477684021,0.8549617528915405,0.8922434449195862,1.1052942276000977,0.060935165733098984,0.4938323199748993,0.3620951175689697,0.1979762315750122
428,428,0.02430095709860325,,,,,,,,,
429,429,,,0.9626950025558472,0.8566182851791382,0.8935136198997498,1.1094738245010376,0.06202579289674759,0.4967989921569824,0.3650321364402771,0.1979762315750122
429,429,0.024244137108325958,,,,,,,,,
430,430,,,0.9471114277839661,0.855698823928833,0.8883315920829773,1.1038146018981934,0.060712650418281555,0.4929105341434479,0.360368549823761,0.1979762315750122
430,430,0.024228939786553383,,,,,,,,,
431,431,,,0.9583919644355774,0.8557331562042236,0.8923418521881104,1.1056861877441406,0.06180368736386299,0.49431952834129333,0.3625272512435913,0.1979762315750122
431,431,0.02419276162981987,,,,,,,,,
432,432,,,0.9586828947067261,0.8570922613143921,0.8917651772499084,1.108314871788025,0.06296699494123459,0.4961470067501068,0.36401641368865967,0.1979762315750122
432,432,0.024135099723935127,,,,,,,,,
433,433,,,0.9476783275604248,0.855945348739624,0.8881977796554565,1.1032382249832153,0.06201424449682236,0.4926939308643341,0.36012372374534607,0.1979762315750122
433,433,0.024105431511998177,,,,,,,,,
434,434,,,0.9593726992607117,0.8565186262130737,0.892060399055481,1.1060435771942139,0.0630049929022789,0.4947589337825775,0.3628363013267517,0.1979762315750122
434,434,0.024077119305729866,,,,,,,,,
435,435,,,0.9552839398384094,0.8576914072036743,0.8901504278182983,1.1069386005401611,0.06360620260238647,0.49537429213523865,0.36294054985046387,0.1979762315750122
435,435,0.02402583509683609,,,,,,,,,
436,436,,,0.9489399790763855,0.8564708828926086,0.8882455825805664,1.1026887893676758,0.06296660006046295,0.4925161898136139,0.35996514558792114,0.1979762315750122
436,436,0.023985425010323524,,,,,,,,,
437,437,,,0.9590319395065308,0.8573692440986633,0.8912764191627502,1.1061651706695557,0.06412966549396515,0.49502381682395935,0.3628823161125183,0.1979762315750122
437,437,0.02395673841238022,,,,,,,,,
438,438,,,0.9524312019348145,0.8580814003944397,0.8886793255805969,1.1056691408157349,0.06451146304607391,0.49468258023262024,0.36197155714035034,0.1979762315750122
438,438,0.023912938311696053,,,,,,,,,
439,439,,,0.9505174160003662,0.8570811152458191,0.888337254524231,1.1024278402328491,0.06417819112539291,0.4925413429737091,0.3599965572357178,0.1979762315750122
439,439,0.023867512121796608,,,,,,,,,
440,440,,,0.9579070806503296,0.8584157824516296,0.8902411460876465,1.1059186458587646,0.06514520198106766,0.49502867460250854,0.3626527488231659,0.1979762315750122
440,440,0.023834215477108955,,,,,,,,,
441,441,,,0.9504930973052979,0.8585787415504456,0.88751620054245,1.1042693853378296,0.06515730172395706,0.49390843510627747,0.36102014780044556,0.1979762315750122
441,441,0.023795291781425476,,,,,,,,,
442,442,,,0.9518897533416748,0.8577861189842224,0.8882224559783936,1.102357268333435,0.06527630984783173,0.49269700050354004,0.36010512709617615,0.1979762315750122
442,442,0.023749347776174545,,,,,,,,,
443,443,,,0.9561464190483093,0.8593195676803589,0.8889483213424683,1.1055314540863037,0.06625533103942871,0.49494022130966187,0.36227840185165405,0.1979762315750122
443,443,0.023710913956165314,,,,,,,,,
444,444,,,0.9495223164558411,0.8590649962425232,0.8866987228393555,1.1030097007751465,0.0659930482506752,0.4932383596897125,0.3602431118488312,0.1979762315750122
444,444,0.023673437535762787,,,,,,,,,
445,445,,,0.952865481376648,0.8587795495986938,0.8879157304763794,1.1023107767105103,0.06631479412317276,0.4928520917892456,0.36018887162208557,0.1979762315750122
445,445,0.023628991097211838,,,,,,,,,
446,446,,,0.9540607333183289,0.8602707982063293,0.8875535130500793,1.104775071144104,0.0671633705496788,0.4945896863937378,0.36166638135910034,0.1979762315750122
446,446,0.023586837574839592,,,,,,,,,
447,447,,,0.9491453170776367,0.8595650792121887,0.8860026001930237,1.1019327640533447,0.06684283167123795,0.49270719289779663,0.35962095856666565,0.1979762315750122
447,447,0.02354835532605648,,,,,,,,,
448,448,,,0.9531341791152954,0.8598306179046631,0.8872196674346924,1.1023826599121094,0.0674058347940445,0.49309661984443665,0.3602628707885742,0.1979762315750122
448,448,0.02350546605885029,,,,,,,,,
449,449,,0.023461274802684784,,,,,,,,
449,449,,,0.9520903825759888,0.8611551523208618,0.8862205743789673,1.10379159450531,0.06809353083372116,0.49408140778541565,0.3609389662742615,0.1979762315750122
449,449,0.023461274802684784,,,,,,,,,
450,450,,,0.9492429494857788,0.8602938652038574,0.8854724168777466,1.1009982824325562,0.06777799129486084,0.49224981665611267,0.3591253161430359,0.1979762315750122
450,450,0.02342064119875431,,,,,,,,,
451,451,,,0.9527216553688049,0.8610345125198364,0.8862352967262268,1.1023502349853516,0.06842470914125443,0.49325546622276306,0.3602104187011719,0.1979762315750122
451,451,0.023378534242510796,,,,,,,,,
452,452,,,0.950447142124176,0.8618788719177246,0.8849531412124634,1.1026955842971802,0.0689094066619873,0.49351996183395386,0.3601767122745514,0.1979762315750122
452,452,0.02333356998860836,,,,,,,,,
453,453,,,0.9494807720184326,0.8611112236976624,0.8848551511764526,1.1003650426864624,0.06876140087842941,0.49200379848480225,0.35880303382873535,0.1979762315750122
453,453,0.023290565237402916,,,,,,,,,
454,454,,,0.9518008828163147,0.8622997403144836,0.8850611448287964,1.1021217107772827,0.06944521516561508,0.49325647950172424,0.3599960505962372,0.1979762315750122
454,454,0.02324824221432209,,,,,,,,,
455,455,,,0.9492455720901489,0.8626117706298828,0.8838878273963928,1.101462483406067,0.0696939080953598,0.49285075068473816,0.3593820035457611,0.1979762315750122
455,455,0.023203203454613686,,,,,,,,,
456,456,,,0.9495244026184082,0.8621204495429993,0.8840524554252625,1.0999641418457031,0.06973407417535782,0.4919147193431854,0.3585864007472992,0.1979762315750122
456,456,0.023158127442002296,,,,,,,,,
457,457,,,0.9505367279052734,0.8634737133979797,0.8836967349052429,1.1017112731933594,0.07037800550460815,0.493146151304245,0.35964182019233704,0.1979762315750122
457,457,0.023114649578928947,,,,,,,,,
458,458,,,0.9484100937843323,0.8633366823196411,0.8828957676887512,1.1002817153930664,0.07045062631368637,0.4922168254852295,0.3586467504501343,0.1979762315750122
458,458,0.023069731891155243,,,,,,,,,
459,459,,,0.9492443203926086,0.8633539080619812,0.8830574750900269,1.0996832847595215,0.07070602476596832,0.4918768107891083,0.3583984971046448,0.1979762315750122
459,459,0.023023316636681557,,,,,,,,,
460,460,,,0.9492515921592712,0.8645893931388855,0.8823580741882324,1.1010277271270752,0.07126176357269287,0.49283450841903687,0.35913175344467163,0.1979762315750122
460,460,0.02297802083194256,,,,,,,,,
461,461,,,0.9478241801261902,0.86412113904953,0.8819078803062439,1.099290132522583,0.07122349739074707,0.49171507358551025,0.35803624987602234,0.1979762315750122
461,461,0.022932790219783783,,,,,,,,,
462,462,,,0.9486079216003418,0.8646600246429443,0.8818138837814331,1.0995022058486938,0.07162235677242279,0.49190428853034973,0.35822296142578125,0.1979762315750122
462,462,0.022885818034410477,,,,,,,,,
463,463,,,0.9480920433998108,0.8655838370323181,0.8810731172561646,1.1001077890396118,0.07203567773103714,0.4923498332500458,0.35849693417549133,0.1979762315750122
463,463,0.022838681936264038,,,,,,,,,
464,464,,,0.9472941756248474,0.8650818467140198,0.8808556795120239,1.0984684228897095,0.0719960480928421,0.4913041591644287,0.3575180172920227,0.1979762315750122
464,464,0.022792335599660873,,,,,,,,,
465,465,,,0.9477402567863464,0.8659940958023071,0.880435049533844,1.0992604494094849,0.0724899172782898,0.49187904596328735,0.35798537731170654,0.1979762315750122
465,465,0.02274509333074093,,,,,,,,,
466,466,,,0.9470774531364441,0.8664498329162598,0.8798235654830933,1.0991029739379883,0.07275082916021347,0.49180954694747925,0.3578246235847473,0.1979762315750122
466,466,0.022696735337376595,,,,,,,,,
467,467,,,0.9466097354888916,0.8662000894546509,0.8796112537384033,1.0978857278823853,0.07275146245956421,0.4910393953323364,0.3571067750453949,0.1979762315750122
467,467,0.022648753598332405,,,,,,,,,
468,468,,,0.9467833042144775,0.8673023581504822,0.878998875617981,1.0988324880599976,0.07322525978088379,0.49170777201652527,0.3576282858848572,0.1979762315750122
468,468,0.02260083705186844,,,,,,,,,
469,469,,,0.9462051391601562,0.8673375844955444,0.8785918951034546,1.098078727722168,0.07337891310453415,0.49124014377593994,0.35714954137802124,0.1979762315750122
469,469,0.022551845759153366,,,,,,,,,
470,470,,,0.9457889199256897,0.8674672842025757,0.8782016634941101,1.097504734992981,0.07350734621286392,0.49089315533638,0.3567846715450287,0.1979762315750122
470,470,0.02250238135457039,,,,,,,,,
471,471,,,0.9458391666412354,0.8684728145599365,0.8775697946548462,1.0982414484024048,0.0738864317536354,0.49141472578048706,0.3571760654449463,0.1979762315750122
471,471,0.0224531851708889,,,,,,,,,
472,472,,,0.9453142285346985,0.8683050870895386,0.8772686123847961,1.0971624851226807,0.0739283561706543,0.4907265305519104,0.3565238416194916,0.1979762315750122
472,472,0.02240358293056488,,,,,,,,,
473,473,,,0.9449107050895691,0.8688462376594543,0.8766747117042542,1.097164273262024,0.07415132969617844,0.49075376987457275,0.3564695119857788,0.1979762315750122
473,473,0.02235313504934311,,,,,,,,,
474,474,,,0.9449619054794312,0.8695363402366638,0.8761689066886902,1.0974681377410889,0.07442891597747803,0.4909832775592804,0.3566230535507202,0.1979762315750122
474,474,0.022302523255348206,,,,,,,,,
475,475,,,0.9443022608757019,0.869387686252594,0.875792920589447,1.096443772315979,0.07445799559354782,0.49032604694366455,0.3559856116771698,0.1979762315750122
475,475,0.022251907736063004,,,,,,,,,
476,476,,,0.9440176486968994,0.8702067732810974,0.875095009803772,1.0968037843704224,0.07471288740634918,0.4905835688114166,0.3561333417892456,0.1979762315750122
476,476,0.022200707346200943,,,,,,,,,
477,477,,,0.9440628290176392,0.8705636858940125,0.8747342228889465,1.0966017246246338,0.07483727484941483,0.4904717803001404,0.356009304523468,0.1979762315750122
477,477,0.022148966789245605,,,,,,,,,
478,478,,,0.9432355761528015,0.8706446290016174,0.8741710186004639,1.0958913564682007,0.07488860934972763,0.490012526512146,0.35552239418029785,0.1979762315750122
478,478,0.022097095847129822,,,,,,,,,
479,479,,,0.9431913495063782,0.8714929819107056,0.873528778553009,1.0963371992111206,0.07515094429254532,0.4903199076652527,0.35573676228523254,0.1979762315750122
479,479,0.02204499952495098,,,,,,,,,
480,480,,,0.9430228471755981,0.8716101050376892,0.8731907606124878,1.095787763595581,0.07517562806606293,0.4899725317955017,0.35540181398391724,0.1979762315750122
480,480,0.021992387250065804,,,,,,,,,
481,481,,,0.942193329334259,0.8720042109489441,0.8724640607833862,1.0954716205596924,0.07523949444293976,0.4897659420967102,0.35512450337409973,0.1979762315750122
481,481,0.02193937636911869,,,,,,,,,
482,482,,,0.942396342754364,0.8727037906646729,0.8719740509986877,1.0957286357879639,0.07542254775762558,0.48994043469429016,0.35525768995285034,0.1979762315750122
482,482,0.02188619039952755,,,,,,,,,
483,483,,,0.9418312311172485,0.8727646470069885,0.8714936375617981,1.0950688123703003,0.07539953291416168,0.48950913548469543,0.3548206686973572,0.1979762315750122
483,483,0.02183268778026104,,,,,,,,,
484,484,,,0.9412505030632019,0.8733761310577393,0.87073814868927,1.095089316368103,0.07548373937606812,0.4895206093788147,0.35474693775177,0.1979762315750122
484,484,0.02177874930202961,,,,,,,,,
485,485,,,0.9414745569229126,0.8738535046577454,0.8703587651252747,1.0950515270233154,0.07556179910898209,0.48949432373046875,0.3547211289405823,0.1979762315750122
485,485,0.021724503487348557,,,,,,,,,
486,486,,,0.9405813813209534,0.8740456104278564,0.8696777820587158,1.0944904088974,0.0755113884806633,0.4891135096549988,0.3543007969856262,0.1979762315750122
486,486,0.021670037880539894,,,,,,,,,
487,487,,,0.9404249787330627,0.874722421169281,0.8690403699874878,1.094657063484192,0.07557257264852524,0.489213764667511,0.35434436798095703,0.1979762315750122
487,487,0.021615222096443176,,,,,,,,,
488,488,,,0.9403363466262817,0.8750261664390564,0.8686102628707886,1.0943776369094849,0.07555152475833893,0.48902079463005066,0.3541549742221832,0.1979762315750122
488,488,0.021560044959187508,,,,,,,,,
489,489,,,0.9394201040267944,0.8754051327705383,0.8678179383277893,1.0940438508987427,0.0754987820982933,0.48877984285354614,0.3538514971733093,0.1979762315750122
489,489,0.021504603326320648,,,,,,,,,
490,490,,,0.9395878314971924,0.8760156035423279,0.8673397898674011,1.0941674709320068,0.0755036324262619,0.4888424873352051,0.3539016544818878,0.1979762315750122
490,490,0.021448936313390732,,,,,,,,,
491,491,,,0.939020574092865,0.8762720823287964,0.8667314052581787,1.0937674045562744,0.0754019170999527,0.4885568618774414,0.3535960912704468,0.1979762315750122
491,491,0.02139292284846306,,,,,,,,,
492,492,,,0.938433825969696,0.8767845034599304,0.8659894466400146,1.0936552286148071,0.07533659040927887,0.4884548485279083,0.3534415364265442,0.1979762315750122
492,492,0.021336618810892105,,,,,,,,,
493,493,,,0.9385635256767273,0.8772791624069214,0.8655500411987305,1.0936400890350342,0.0752607062458992,0.4884180724620819,0.3534112274646759,0.1979762315750122
493,493,0.021280087530612946,,,,,,,,,
494,494,,,0.9376856684684753,0.8775900602340698,0.8647876381874084,1.0932602882385254,0.07510484009981155,0.4881322383880615,0.3530823886394501,0.1979762315750122
494,494,0.02122330479323864,,,,,,,,,
495,495,,,0.9375501275062561,0.8781471252441406,0.8642033338546753,1.0932763814926147,0.07501108944416046,0.48810502886772156,0.3530392646789551,0.1979762315750122
495,495,0.021166251972317696,,,,,,,,,
496,496,,,0.9372996091842651,0.8785571455955505,0.8636428117752075,1.093119502067566,0.07485266029834747,0.48796337842941284,0.3528917133808136,0.1979762315750122
496,496,0.02110893279314041,,,,,,,,,
497,497,,,0.9365077018737793,0.8789512515068054,0.8628715872764587,1.0928571224212646,0.07464995235204697,0.4877451956272125,0.352632075548172,0.1979762315750122
497,497,0.02105140872299671,,,,,,,,,
498,498,,,0.9365817308425903,0.8794968128204346,0.8623841404914856,1.0928937196731567,0.0744958370923996,0.4877215027809143,0.3526189923286438,0.1979762315750122
498,498,0.02099367044866085,,,,,,,,,
499,499,,0.02093570865690708,,,,,,,,
499,499,,,0.9359160661697388,0.8798748254776001,0.861665666103363,1.0926496982574463,0.0742688849568367,0.48750853538513184,0.3523799479007721,0.1979762315750122
499,499,0.02093570865690708,,,,,,,,,
500,500,,,0.9355074763298035,0.880325973033905,0.8610222339630127,1.0925281047821045,0.07403348386287689,0.4873729944229126,0.35223183035850525,0.1979762315750122
500,500,0.020877525210380554,,,,,,,,,
501,501,,,0.9353876709938049,0.8808410167694092,0.860471248626709,1.0925114154815674,0.07380072772502899,0.48730310797691345,0.35216832160949707,0.1979762315750122
501,501,0.020819175988435745,,,,,,,,,
502,502,,,0.9346148371696472,0.8812175393104553,0.8597102761268616,1.092256784439087,0.07350523769855499,0.4870723485946655,0.35191065073013306,0.1979762315750122
502,502,0.020760662853717804,,,,,,,,,
503,503,,,0.9345173239707947,0.8817155361175537,0.8591777086257935,1.0922424793243408,0.07322908192873001,0.48699599504470825,0.3518490195274353,0.1979762315750122
503,503,0.020701967179775238,,,,,,,,,
504,504,,,0.9340227842330933,0.8821867108345032,0.8584920167922974,1.0921419858932495,0.07292178273200989,0.4868578612804413,0.3517003059387207,0.1979762315750122
504,504,0.020643094554543495,,,,,,,,,
505,505,,,0.9334937334060669,0.8825773000717163,0.8578298091888428,1.091956615447998,0.07257678359746933,0.4866618514060974,0.3515022099018097,0.1979762315750122
505,505,0.020584091544151306,,,,,,,,,
506,506,,,0.9333581924438477,0.8831180930137634,0.8572696447372437,1.0919843912124634,0.07223912328481674,0.4866013526916504,0.35145729780197144,0.1979762315750122
506,506,0.02052496373653412,,,,,,,,,
507,507,,,0.932685136795044,0.8835323452949524,0.856537401676178,1.0918149948120117,0.07185231149196625,0.48640677332878113,0.3512515425682068,0.1979762315750122
507,507,0.020465722307562828,,,,,,,,,
508,508,,,0.9324415326118469,0.8839759826660156,0.855977475643158,1.0917423963546753,0.0714682787656784,0.48627203702926636,0.3511403799057007,0.1979762315750122
508,508,0.020406369119882584,,,,,,,,,
509,509,,,0.9320292472839355,0.8845118284225464,0.855310320854187,1.0917364358901978,0.07106442004442215,0.48617643117904663,0.3510473966598511,0.1979762315750122
509,509,0.02034691534936428,,,,,,,,,
510,510,,,0.9314971566200256,0.8848839998245239,0.8546621203422546,1.0915656089782715,0.07061025500297546,0.48597192764282227,0.3508536219596863,0.1979762315750122
510,510,0.020287401974201202,,,,,,,,,
511,511,,,0.9312755465507507,0.8854138255119324,0.8540842533111572,1.0915865898132324,0.07017630338668823,0.4858849048614502,0.3507927656173706,0.1979762315750122
511,511,0.020227815955877304,,,,,,,,,
512,512,,,0.9307010769844055,0.8858758211135864,0.8533855080604553,1.0915019512176514,0.06970001757144928,0.48572635650634766,0.35063931345939636,0.1979762315750122
512,512,0.02016817405819893,,,,,,,,,
513,513,,,0.9303815960884094,0.8862835764884949,0.8528221845626831,1.0914130210876465,0.06919901818037033,0.4855637550354004,0.3505091369152069,0.1979762315750122
513,513,0.020108483731746674,,,,,,,,,
514,514,,,0.9299771785736084,0.8868491649627686,0.8521642684936523,1.0914512872695923,0.06870371848344803,0.4854758679866791,0.3504377007484436,0.1979762315750122
514,514,0.020048776641488075,,,,,,,,,
515,515,,,0.9294938445091248,0.8872303366661072,0.8515459895133972,1.0913236141204834,0.06816203892230988,0.4852794408798218,0.3502688407897949,0.1979762315750122
515,515,0.01998906210064888,,,,,,,,,
516,516,,,0.9291887283325195,0.8877463340759277,0.8509576320648193,1.0913442373275757,0.06761963665485382,0.48517364263534546,0.3501970171928406,0.1979762315750122
516,516,0.019929349422454834,,,,,,,,,
517,517,,,0.9286912679672241,0.8882378935813904,0.8503000140190125,1.0913183689117432,0.06705290824174881,0.4850344657897949,0.35008054971694946,0.1979762315750122
517,517,0.01986965537071228,,,,,,,,,
518,518,,,0.9283358454704285,0.8886417150497437,0.8497403264045715,1.0912449359893799,0.06646261364221573,0.48486220836639404,0.34995242953300476,0.1979762315750122
518,518,0.01980997994542122,,,,,,,,,
519,519,,,0.9279171824455261,0.8892104029655457,0.8490976691246033,1.091306447982788,0.06587179005146027,0.4847698509693146,0.34988975524902344,0.1979762315750122
519,519,0.019750352948904037,,,,,,,,,
520,520,,,0.9274939894676208,0.8896053433418274,0.8485190272331238,1.0912272930145264,0.06524306535720825,0.4845871329307556,0.34975093603134155,0.1979762315750122
520,520,0.019690783694386482,,,,,,,,,
521,521,,,0.9271215796470642,0.8901235461235046,0.8479251265525818,1.091257929801941,0.06461327522993088,0.4844689667224884,0.34967583417892456,0.1979762315750122
521,521,0.01963128335773945,,,,,,,,,
522,522,,,0.9266865253448486,0.8906171917915344,0.8473173379898071,1.0912681818008423,0.06396111100912094,0.484334796667099,0.349583238363266,0.1979762315750122
522,522,0.01957186870276928,,,,,,,,,
523,523,,,0.926310658454895,0.8910345435142517,0.8467653393745422,1.0912314653396606,0.06328927725553513,0.4841679632663727,0.3494707942008972,0.1979762315750122
523,523,0.019512536004185677,,,,,,,,,
524,524,,,0.9258942008018494,0.8915995359420776,0.8461527228355408,1.0913063287734985,0.06261907517910004,0.4840661585330963,0.34941408038139343,0.1979762315750122
524,524,0.01945331133902073,,,,,,,,,
525,525,,,0.9255121946334839,0.8920066952705383,0.8456124663352966,1.091269850730896,0.06191296502947807,0.4838937520980835,0.34930089116096497,0.1979762315750122
525,525,0.019394222646951675,,,,,,,,,
526,526,,,0.9251016974449158,0.8925336003303528,0.8450266718864441,1.091326355934143,0.061206649988889694,0.4837745130062103,0.34923455119132996,0.1979762315750122
526,526,0.019335255026817322,,,,,,,,,
527,527,,,0.9247267246246338,0.8930166959762573,0.8444752097129822,1.0913583040237427,0.060487184673547745,0.4836370050907135,0.34915828704833984,0.1979762315750122
527,527,0.019276432693004608,,,,,,,,,
528,528,,,0.9243245720863342,0.8934643864631653,0.8439293503761292,1.0913647413253784,0.05974838510155678,0.48348096013069153,0.34906548261642456,0.1979762315750122
528,528,0.01921776309609413,,,,,,,,,
529,529,,,0.9239428043365479,0.8940104842185974,0.8433693051338196,1.0914520025253296,0.05900626629590988,0.483371376991272,0.34901824593544006,0.1979762315750122
529,529,0.01915925182402134,,,,,,,,,
530,530,,,0.9235692024230957,0.8944341540336609,0.8428540229797363,1.091455340385437,0.05824478343129158,0.48320794105529785,0.3489263355731964,0.1979762315750122
530,530,0.019100915640592575,,,,,,,,,
531,531,,,0.9231671690940857,0.8949699997901917,0.8423004150390625,1.0915396213531494,0.05748310312628746,0.4830901026725769,0.3488752841949463,0.1979762315750122
531,531,0.01904277503490448,,,,,,,,,
532,532,,,0.9228277802467346,0.8954359292984009,0.8418008089065552,1.0915882587432861,0.0567048117518425,0.48294857144355774,0.3488111197948456,0.1979762315750122
532,532,0.018984820693731308,,,,,,,,,
533,533,,,0.922414243221283,0.8959177136421204,0.8412705659866333,1.0916420221328735,0.05591991916298866,0.4828071594238281,0.34874236583709717,0.1979762315750122
533,533,0.018927060067653656,,,,,,,,,
534,534,,,0.9220892190933228,0.8964383602142334,0.8407748937606812,1.0917390584945679,0.05513361468911171,0.4826889634132385,0.3487057089805603,0.1979762315750122
534,534,0.01886952668428421,,,,,,,,,
535,535,,,0.9216926693916321,0.8968856930732727,0.8402742743492126,1.0917819738388062,0.054330337792634964,0.48253607749938965,0.3486328125,0.1979762315750122
535,535,0.01881220191717148,,,,,,,,,
536,536,,,0.9213557243347168,0.8974178433418274,0.8397846817970276,1.091893196105957,0.05353163555264473,0.4824211597442627,0.3486028015613556,0.1979762315750122
536,536,0.018755115568637848,,,,,,,,,
537,537,,,0.9209980368614197,0.8978791236877441,0.8393102884292603,1.0919603109359741,0.052722685039043427,0.48227784037590027,0.3485468626022339,0.1979762315750122
537,537,0.018698250874876976,,,,,,,,,
538,538,,,0.9206373691558838,0.8983820080757141,0.83883136510849,1.09205961227417,0.0519120879471302,0.4821511507034302,0.34850823879241943,0.1979762315750122
538,538,0.018641622737050056,,,,,,,,,
539,539,,,0.9203216433525085,0.8988791108131409,0.8383805751800537,1.0921642780303955,0.05109977722167969,0.4820253551006317,0.3484770655632019,0.1979762315750122
539,539,0.018585259094834328,,,,,,,,,
540,540,,,0.9199461340904236,0.8993509411811829,0.8379166126251221,1.0922496318817139,0.050283823162317276,0.48188623785972595,0.34842976927757263,0.1979762315750122
540,540,0.018529137596488,,,,,,,,,
541,541,,,0.9196587800979614,0.8998693823814392,0.8374871611595154,1.0923823118209839,0.04947204515337944,0.48177242279052734,0.3484167456626892,0.1979762315750122
541,541,0.018473254516720772,,,,,,,,,
542,542,,,0.9192835092544556,0.9003323316574097,0.8370394110679626,1.0924736261367798,0.04865506291389465,0.4816329777240753,0.34837308526039124,0.1979762315750122
542,542,0.01841764897108078,,,,,,,,,
543,543,,,0.9190132021903992,0.9008449912071228,0.8366333246231079,1.0926120281219482,0.047846511006355286,0.4815182089805603,0.34836524724960327,0.1979762315750122
543,543,0.018362313508987427,,,,,,,,,
544,544,,,0.918648362159729,0.9013250470161438,0.8362005949020386,1.0927252769470215,0.04703633114695549,0.481387734413147,0.348334938287735,0.1979762315750122
544,544,0.018307233229279518,,,,,,,,,
545,545,,,0.9183878302574158,0.901811957359314,0.8358185291290283,1.0928609371185303,0.046232689172029495,0.48126816749572754,0.34832701086997986,0.1979762315750122
545,545,0.018252423033118248,,,,,,,,,
546,546,,,0.9180388450622559,0.9023166298866272,0.8354021906852722,1.093000888824463,0.045434869825839996,0.4811495542526245,0.3483133316040039,0.1979762315750122
546,546,0.01819787546992302,,,,,,,,,
547,547,,,0.9177882671356201,0.9027779698371887,0.8350441455841064,1.0931317806243896,0.04464330896735191,0.4810236394405365,0.34830421209335327,0.1979762315750122
547,547,0.01814361661672592,,,,,,,,,
548,548,,,0.9174514412879944,0.9032995104789734,0.8346442580223083,1.0932952165603638,0.0438600592315197,0.48091575503349304,0.3483051657676697,0.1979762315750122
548,548,0.018089620396494865,,,,,,,,,
549,549,,0.018035907298326492,,,,,,,,
549,549,,,0.9172191023826599,0.9037455320358276,0.8343112468719482,1.093430757522583,0.04308512806892395,0.48078998923301697,0.3483009338378906,0.1979762315750122
549,549,0.018035907298326492,,,,,,,,,
550,550,,,0.9168851375579834,0.9042714834213257,0.8339271545410156,1.0936063528060913,0.04232398793101311,0.48068568110466003,0.3483094573020935,0.1979762315750122
550,550,0.017982468008995056,,,,,,,,,
551,551,,,0.9166820645332336,0.9047113656997681,0.8336216807365417,1.093754768371582,0.0415717288851738,0.480564683675766,0.34831559658050537,0.1979762315750122
551,551,0.017929300665855408,,,,,,,,,
552,552,,,0.9163388609886169,0.9052323698997498,0.8332494497299194,1.0939383506774902,0.04083521291613579,0.4804632365703583,0.3483284115791321,0.1979762315750122
552,552,0.01787639781832695,,,,,,,,,
553,553,,,0.9161818027496338,0.9056734442710876,0.8329775929450989,1.0941028594970703,0.04011274874210358,0.4803486764431,0.3483484089374542,0.1979762315750122
553,553,0.017823772504925728,,,,,,,,,
554,554,,,0.9158051013946533,0.9061847925186157,0.8326081037521362,1.0942903757095337,0.0394059419631958,0.4802480638027191,0.34836116433143616,0.1979762315750122
554,554,0.01777142472565174,,,,,,,,,
555,555,,,0.9157323837280273,0.9066236615180969,0.8323857188224792,1.0944759845733643,0.03871995210647583,0.4801427125930786,0.34840109944343567,0.1979762315750122
555,555,0.017719333991408348,,,,,,,,,
556,556,,,0.915266215801239,0.9071317315101624,0.8319944739341736,1.0946639776229858,0.038048721849918365,0.48004207015037537,0.3484068512916565,0.1979762315750122
556,556,0.017667511478066444,,,,,,,,,
557,557,,,0.9153600931167603,0.9075570106506348,0.8318573236465454,1.0948728322982788,0.03740314021706581,0.4799468517303467,0.3484755754470825,0.1979762315750122
557,557,0.017615940421819687,,,,,,,,,
558,558,,,0.9146812558174133,0.908075749874115,0.8313911557197571,1.0950578451156616,0.03677310422062874,0.4798462986946106,0.34846147894859314,0.1979762315750122
558,558,0.017564648762345314,,,,,,,,,
559,559,,,0.9151341319084167,0.9084658622741699,0.8314204812049866,1.09529709815979,0.036177944391965866,0.47976234555244446,0.3485799729824066,0.1979762315750122
559,559,0.01751362346112728,,,,,,,,,
560,560,,,0.9139389395713806,0.9090234041213989,0.8307508826255798,1.0954655408859253,0.03559194877743721,0.47965967655181885,0.34851160645484924,0.1979762315750122
560,560,0.01746288314461708,,,,,,,,,
561,561,,,0.9152368307113647,0.9093342423439026,0.8311476707458496,1.0957608222961426,0.03505299240350723,0.47959476709365845,0.34873712062835693,0.1979762315750122
561,561,0.01741243340075016,,,,,,,,,
562,562,,,0.9127461910247803,0.9099953770637512,0.8299465775489807,1.09586763381958,0.034517839550971985,0.47947654128074646,0.3485202491283417,0.1979762315750122
562,562,0.017362374812364578,,,,,,,,,
563,563,,,0.9161689281463623,0.9101329445838928,0.8312246799468994,1.0962947607040405,0.03404198959469795,0.47945308685302734,0.34900668263435364,0.1979762315750122
563,563,0.017312953248620033,,,,,,,,,
564,564,,,0.9102826118469238,0.911033034324646,0.8286051750183105,1.0962096452713013,0.03356228768825531,0.4792829751968384,0.3483828604221344,0.1979762315750122
564,564,0.01726473867893219,,,,,,,,,
565,565,,,0.9194117188453674,0.9107924699783325,0.832115113735199,1.0969979763031006,0.03315267339348793,0.47936779260635376,0.34956350922584534,0.1979762315750122
565,565,0.0172194242477417,,,,,,,,,
566,566,,,0.9042038917541504,0.9122395515441895,0.8254891633987427,1.0963081121444702,0.03275459632277489,0.4790223240852356,0.3477723002433777,0.1979762315750122
566,566,0.017181701958179474,,,,,,,,,
567,567,,,0.9296717643737793,0.9111685752868652,0.8346047401428223,1.0981894731521606,0.03237305209040642,0.47943636775016785,0.350913941860199,0.1979762315750122
567,567,0.017165139317512512,,,,,,,,,
568,568,,,0.8881036639213562,0.913847029209137,0.8158571124076843,1.0955476760864258,0.032198451459407806,0.47848817706108093,0.34563887119293213,0.1979762315750122
568,568,0.017209695652127266,,,,,,,,,
569,569,,,0.963068962097168,0.9109646081924438,0.8351433277130127,1.1009182929992676,0.031685784459114075,0.4800325036048889,0.35431191325187683,0.1979762315750122
569,569,0.017431801185011864,,,,,,,,,
570,570,,,0.8505279421806335,0.9166123270988464,0.7822942733764648,1.0918060541152954,0.0322636216878891,0.4766538441181183,0.33895307779312134,0.1979762315750122
570,570,0.018163273110985756,,,,,,,,,
571,571,,,1.0650389194488525,0.9088295102119446,0.802903413772583,1.1077896356582642,0.03140748664736748,0.4828544557094574,0.36198610067367554,0.1979762315750122
571,571,0.02017390727996826,,,,,,,,,
572,572,,,0.8084571361541748,0.9249723553657532,0.7210920453071594,1.0811326503753662,0.03190796077251434,0.4692479074001312,0.3264298141002655,0.1979762315750122
572,572,0.024755258113145828,,,,,,,,,
573,573,,,1.2006580829620361,0.8982222080230713,0.7599648237228394,1.1127303838729858,0.03217564523220062,0.4874814450740814,0.3717086911201477,0.1979762315750122
573,573,0.031400952488183975,,,,,,,,,
574,574,,,0.7989777326583862,0.9455668330192566,0.7161886692047119,1.0811703205108643,0.02997778169810772,0.4648997187614441,0.325285941362381,0.1979762315750122
574,574,0.035762302577495575,,,,,,,,,
575,575,,,1.0082436800003052,0.888990581035614,0.8277236223220825,1.0885988473892212,0.03362837806344032,0.4761098325252533,0.35025161504745483,0.1979762315750122
575,575,0.02983037196099758,,,,,,,,,
576,576,,,0.9723047018051147,0.9535425901412964,0.826129138469696,1.1181631088256836,0.03156416863203049,0.4930060803890228,0.36532849073410034,0.1979762315750122
576,576,0.01958766207098961,,,,,,,,,
577,577,,,0.809836745262146,0.9060553312301636,0.7437621355056763,1.0612515211105347,0.029509441927075386,0.4552035629749298,0.31683340668678284,0.1979762315750122
577,577,0.01886082999408245,,,,,,,,,
578,578,,,1.082934856414795,0.9233806133270264,0.7946789860725403,1.108088731765747,0.03274056687951088,0.48642057180404663,0.3639558255672455,0.1979762315750122
578,578,0.025181695818901062,,,,,,,,,
579,579,,,0.8755303621292114,0.944284975528717,0.8012865781784058,1.0943156480789185,0.03298552334308624,0.47789207100868225,0.34400811791419983,0.1979762315750122
579,579,0.02408803440630436,,,,,,,,,
580,580,,,0.8558287620544434,0.9023919105529785,0.7949328422546387,1.0672494173049927,0.030576875433325768,0.46068090200424194,0.32670119404792786,0.1979762315750122
580,580,0.017617614939808846,,,,,,,,,
581,581,,,1.0498498678207397,0.951835036277771,0.800778329372406,1.1186754703521729,0.031236540526151657,0.49293267726898193,0.36869481205940247,0.1979762315750122
581,581,0.01902281679213047,,,,,,,,,
582,582,,,0.8569846749305725,0.9127898812294006,0.7907775640487671,1.0740571022033691,0.033886395394802094,0.4655227065086365,0.3304441571235657,0.1979762315750122
582,582,0.022923188284039497,,,,,,,,,
583,583,,,0.8989049196243286,0.917898952960968,0.8218309283256531,1.0850226879119873,0.03166627883911133,0.4709329903125763,0.34105557203292847,0.1979762315750122
583,583,0.019087249413132668,,,,,,,,,
584,584,,,1.0143697261810303,0.9387069344520569,0.8152740001678467,1.1110129356384277,0.032048676162958145,0.4876929521560669,0.36269786953926086,0.1979762315750122
584,584,0.016619820147752762,,,,,,,,,
585,585,,,0.8542755842208862,0.9033516645431519,0.7900581359863281,1.0704827308654785,0.036277756094932556,0.4636947810649872,0.32816898822784424,0.1979762315750122
585,585,0.02007020264863968,,,,,,,,,
586,586,,,0.9229956269264221,0.9337272047996521,0.8292932510375977,1.0991038084030151,0.03188227489590645,0.47954803705215454,0.35112103819847107,0.1979762315750122
586,586,0.01935013197362423,,,,,,,,,
587,587,,,0.9951452612876892,0.9148834943771362,0.8269221186637878,1.0991090536117554,0.031000901013612747,0.4793168306350708,0.3549717366695404,0.1979762315750122
587,587,0.016508370637893677,,,,,,,,,
588,588,,,0.8541369438171387,0.9141894578933716,0.7904248833656311,1.0795496702194214,0.03543205186724663,0.4681990146636963,0.33303800225257874,0.1979762315750122
588,588,0.01821332424879074,,,,,,,,,
589,589,,,0.9342817068099976,0.9326793551445007,0.8320612907409668,1.1008179187774658,0.03492299094796181,0.48115718364715576,0.35307326912879944,0.1979762315750122
589,589,0.018579769879579544,,,,,,,,,
590,590,,,0.9808786511421204,0.9100709557533264,0.8319119215011597,1.0935295820236206,0.032016605138778687,0.4757748246192932,0.3512831926345825,0.1979762315750122
590,590,0.016426969319581985,,,,,,,,,
591,591,,,0.858555257320404,0.930406928062439,0.792715847492218,1.0880800485610962,0.032887060195207596,0.4720901548862457,0.33817532658576965,0.1979762315750122
591,591,0.017370549961924553,,,,,,,,,
592,592,,,0.9397490620613098,0.9202899932861328,0.8336902856826782,1.0955820083618164,0.03637631982564926,0.4779893755912781,0.3503871560096741,0.1979762315750122
592,592,0.01797853596508503,,,,,,,,,
593,593,,,0.9639914035797119,0.920161783695221,0.8335996270179749,1.0976098775863647,0.03536267578601837,0.47880950570106506,0.3529212772846222,0.1979762315750122
593,593,0.016276197507977486,,,,,,,,,
594,594,,,0.8672751188278198,0.9340934157371521,0.7984525561332703,1.0886542797088623,0.034692246466875076,0.4718860387802124,0.33943837881088257,0.1979762315750122
594,594,0.016704950481653214,,,,,,,,,
595,595,,,0.9407235383987427,0.9180037379264832,0.8337029218673706,1.0907076597213745,0.03732224553823471,0.47412875294685364,0.34759703278541565,0.1979762315750122
595,595,0.01739337667822838,,,,,,,,,
596,596,,,0.9491017460823059,0.9341133832931519,0.833082377910614,1.1034504175186157,0.038640353828668594,0.48277387022972107,0.3555697798728943,0.1979762315750122
596,596,0.01622963696718216,,,,,,,,,
597,597,,,0.8764488101005554,0.9253333806991577,0.8064107298851013,1.0874269008636475,0.03674226254224777,0.47153204679489136,0.3397885859012604,0.1979762315750122
597,597,0.016379661858081818,,,,,,,,,
598,598,,,0.9374433755874634,0.9261389970779419,0.8330792784690857,1.0930161476135254,0.037005823105573654,0.47395065426826477,0.3484695553779602,0.1979762315750122
598,598,0.016868332400918007,,,,,,,,,
599,599,,0.016037117689847946,,,,,,,,
599,599,,,0.9415374398231506,0.9374963045120239,0.8326547145843506,1.1022884845733643,0.04136669635772705,0.481400728225708,0.3543946146965027,0.1979762315750122
599,599,0.016037117689847946,,,,,,,,,
600,600,,,0.8834539651870728,0.9215189814567566,0.8122708201408386,1.0885281562805176,0.04046555608510971,0.4729640781879425,0.3413182497024536,0.1979762315750122
600,600,0.016123086214065552,,,,,,,,,
601,601,,,0.933570384979248,0.9342710375785828,0.8322333693504333,1.0993167161941528,0.036679595708847046,0.4769437313079834,0.35158175230026245,0.1979762315750122
601,601,0.016536029055714607,,,,,,,,,
602,602,,,0.9392613768577576,0.9270098209381104,0.8341144919395447,1.0975146293640137,0.040427569299936295,0.4770294725894928,0.35117918252944946,0.1979762315750122
602,602,0.015916895121335983,,,,,,,,,
603,603,,,0.8878797888755798,0.9254674315452576,0.8152576684951782,1.093336582183838,0.04402045160531998,0.4757000207901001,0.34446853399276733,0.1979762315750122
603,603,0.01587497815489769,,,,,,,,,
604,604,,,0.9328173398971558,0.9331033825874329,0.8326384425163269,1.101452112197876,0.039948683232069016,0.47848162055015564,0.3527384400367737,0.1979762315750122
604,604,0.016195928677916527,,,,,,,,,
605,605,,,0.9363644123077393,0.9214040040969849,0.8345064520835876,1.095482349395752,0.040975067764520645,0.4748467803001404,0.3495767116546631,0.1979762315750122
605,605,0.015779685229063034,,,,,,,,,
606,606,,,0.8917636871337891,0.9305199384689331,0.8174098134040833,1.098149299621582,0.045036688446998596,0.4776364266872406,0.3473879098892212,0.1979762315750122
606,606,0.01571880839765072,,,,,,,,,
607,607,,,0.9346982836723328,0.9237808585166931,0.8341227173805237,1.1003391742706299,0.04302575811743736,0.4780133068561554,0.35215920209884644,0.1979762315750122
607,607,0.015955384820699692,,,,,,,,,
608,608,,,0.9304292798042297,0.926602840423584,0.8334134817123413,1.0991146564483643,0.04319287836551666,0.4767497479915619,0.3511503040790558,0.1979762315750122
608,608,0.01563396491110325,,,,,,,,,
609,609,,,0.8970416784286499,0.92970871925354,0.8207976818084717,1.09795081615448,0.04705416411161423,0.4767795205116272,0.34770113229751587,0.1979762315750122
609,609,0.015527256764471531,,,,,,,,,
610,610,,,0.9361258149147034,0.920971155166626,0.8347125053405762,1.100288987159729,0.045886676758527756,0.47774162888526917,0.352146178483963,0.1979762315750122
610,610,0.015723492950201035,,,,,,,,,
611,611,,,0.9250674247741699,0.9307233095169067,0.8320798277854919,1.1033320426940918,0.04481583833694458,0.47920820116996765,0.3530725836753845,0.1979762315750122
611,611,0.015519692562520504,,,,,,,,,
612,612,,,0.9022087454795837,0.9235090613365173,0.8243852257728577,1.0965039730072021,0.0481845922768116,0.4755540192127228,0.3472800850868225,0.1979762315750122
612,612,0.015393843874335289,,,,,,,,,
613,613,,,0.9355560541152954,0.926379382610321,0.8344901204109192,1.1030009984970093,0.04878229275345802,0.47889742255210876,0.3536127209663391,0.1979762315750122
613,613,0.015522086061537266,,,,,,,,,
614,614,,,0.9230461120605469,0.9267137050628662,0.8319797515869141,1.1024736166000366,0.048102375119924545,0.47864967584609985,0.3523619771003723,0.1979762315750122
614,614,0.015384026803076267,,,,,,,,,
615,615,,,0.9051019549369812,0.9233106970787048,0.8259854912757874,1.0987663269042969,0.049470480531454086,0.4766465425491333,0.3487350046634674,0.1979762315750122
615,615,0.01524627860635519,,,,,,,,,
616,616,,,0.9347578883171082,0.9277908205986023,0.8344668745994568,1.1051543951034546,0.050348613411188126,0.4797872006893158,0.35467633605003357,0.1979762315750122
616,616,0.015337693504989147,,,,,,,,,
617,617,,,0.9216474890708923,0.9216340184211731,0.8321381211280823,1.1012489795684814,0.05113079398870468,0.4777204692363739,0.3514525890350342,0.1979762315750122
617,617,0.015270483680069447,,,,,,,,,
618,618,,,0.9072050452232361,0.9284802079200745,0.8267723917961121,1.1030863523483276,0.0517401248216629,0.4789060354232788,0.35132819414138794,0.1979762315750122
618,618,0.015132184140384197,,,,,,,,,
619,619,,,0.9348761439323425,0.9230711460113525,0.8349855542182922,1.1043686866760254,0.05313026160001755,0.47919395565986633,0.3541502356529236,0.1979762315750122
619,619,0.015169495716691017,,,,,,,,,
620,620,,,0.9182255864143372,0.9237588047981262,0.8313787579536438,1.1039519309997559,0.05380402132868767,0.4790554642677307,0.35263705253601074,0.1979762315750122
620,620,0.015136834233999252,,,,,,,,,
621,621,,,0.9113694429397583,0.9266138076782227,0.8289496302604675,1.1045688390731812,0.053645677864551544,0.479412317276001,0.3524264693260193,0.1979762315750122
621,621,0.01501103863120079,,,,,,,,,
622,622,,,0.9336669445037842,0.9221737384796143,0.8352001309394836,1.1053426265716553,0.05562746524810791,0.4796619415283203,0.35457345843315125,0.1979762315750122
622,622,0.015009324066340923,,,,,,,,,
623,623,,,0.9149757027626038,0.9261787533760071,0.8305111527442932,1.106446385383606,0.05735411122441292,0.4805035889148712,0.3537802994251251,0.1979762315750122
623,623,0.015009846538305283,,,,,,,,,
624,624,,,0.9163573980331421,0.9218605756759644,0.8313485383987427,1.104390263557434,0.05648776516318321,0.479031503200531,0.3526478409767151,0.1979762315750122
624,624,0.014911146834492683,,,,,,,,,
625,625,,,0.9307971596717834,0.926097571849823,0.8348999619483948,1.1085399389266968,0.057296834886074066,0.4812931418418884,0.3561486005783081,0.1979762315750122
625,625,0.014869948849081993,,,,,,,,,
626,626,,,0.9138094782829285,0.9222412705421448,0.8306902050971985,1.1061111688613892,0.06010634824633598,0.4804166257381439,0.35346370935440063,0.1979762315750122
626,626,0.014873738400638103,,,,,,,,,
627,627,,,0.9193924069404602,0.9242266416549683,0.8324988484382629,1.107406735420227,0.05950228124856949,0.4806848168373108,0.35460007190704346,0.1979762315750122
627,627,0.014803826808929443,,,,,,,,,
628,628,,,0.9287990927696228,0.9247065186500549,0.8349187970161438,1.1086746454238892,0.05966165289282799,0.48122647404670715,0.35603538155555725,0.1979762315750122
628,628,0.014738466590642929,,,,,,,,,
629,629,,,0.9129703044891357,0.9224260449409485,0.8306636810302734,1.1073687076568604,0.062341004610061646,0.4811258316040039,0.35409221053123474,0.1979762315750122
629,629,0.014733019284904003,,,,,,,,,
630,630,,,0.9222506284713745,0.9252291321754456,0.8335478901863098,1.109840750694275,0.06227840483188629,0.4821680784225464,0.3562222123146057,0.1979762315750122
630,630,0.014695793390274048,,,,,,,,,
631,631,,,0.9264389276504517,0.9222878813743591,0.8348366022109985,1.1084973812103271,0.06203170493245125,0.48119357228279114,0.35574138164520264,0.1979762315750122
631,631,0.014628218486905098,,,,,,,,,
632,632,,,0.9130637645721436,0.9256319403648376,0.8307585120201111,1.1098960638046265,0.06421837955713272,0.48247602581977844,0.3555350601673126,0.1979762315750122
632,632,0.014601947739720345,,,,,,,,,
633,633,,,0.9256467223167419,0.9213685989379883,0.8348680138587952,1.1096564531326294,0.06537699699401855,0.48218655586242676,0.3563726544380188,0.1979762315750122
633,633,0.014581150375306606,,,,,,,,,
634,634,,,0.9224728345870972,0.9253188967704773,0.8339756727218628,1.1111265420913696,0.06467453390359879,0.4829396903514862,0.3569795489311218,0.1979762315750122
634,634,0.014524712227284908,,,,,,,,,
635,635,,,0.9159447550773621,0.9222209453582764,0.8322609066963196,1.1097264289855957,0.06600756198167801,0.48236575722694397,0.35565122961997986,0.1979762315750122
635,635,0.01447753794491291,,,,,,,,,
636,636,,,0.9266867637634277,0.9232766628265381,0.8353127837181091,1.1121798753738403,0.06759084761142731,0.48370087146759033,0.35790395736694336,0.1979762315750122
636,636,0.01445583812892437,,,,,,,,,
637,637,,,0.9200431704521179,0.9226711392402649,0.8337494134902954,1.1113847494125366,0.06762700527906418,0.48343485593795776,0.35696008801460266,0.1979762315750122
637,637,0.014417966827750206,,,,,,,,,
638,638,,,0.9187549948692322,0.9228942394256592,0.8334518671035767,1.1117805242538452,0.06815566122531891,0.4836180806159973,0.3570670485496521,0.1979762315750122
638,638,0.01436548586934805,,,,,,,,,
639,639,,,0.9269335865974426,0.9221996068954468,0.8357529640197754,1.113141655921936,0.06964802742004395,0.4843807816505432,0.35847723484039307,0.1979762315750122
639,639,0.014332096092402935,,,,,,,,,
640,640,,,0.9183120131492615,0.9215885400772095,0.8335896134376526,1.1125917434692383,0.07002288848161697,0.48444119095802307,0.3575338125228882,0.1979762315750122
640,640,0.014305495657026768,,,,,,,,,
641,641,,,0.9218513369560242,0.9228523969650269,0.8346860408782959,1.1138302087783813,0.07029778510332108,0.4849737584590912,0.3585068881511688,0.1979762315750122
641,641,0.014262502081692219,,,,,,,,,
642,642,,,0.925787091255188,0.9202764630317688,0.8359054923057556,1.1135199069976807,0.07178489118814468,0.4848397374153137,0.35862842202186584,0.1979762315750122
642,642,0.014219065196812153,,,,,,,,,
643,643,,,0.9177928566932678,0.9227783679962158,0.8336616158485413,1.114607572555542,0.0723952203989029,0.48584628105163574,0.35868963599205017,0.1979762315750122
643,643,0.014189482666552067,,,,,,,,,
644,644,,,0.925032913684845,0.91976398229599,0.8359611630439758,1.114212989807129,0.07268910855054855,0.4854809641838074,0.35900017619132996,0.1979762315750122
644,644,0.014157993718981743,,,,,,,,,
645,645,,,0.9227679371833801,0.9225835204124451,0.8353475332260132,1.1158788204193115,0.07358241826295853,0.4865264594554901,0.35980960726737976,0.1979762315750122
645,645,0.01411622017621994,,,,,,,,,
646,646,,,0.9199832081794739,0.9189795255661011,0.8348077535629272,1.1142338514328003,0.07473696768283844,0.4858969748020172,0.358678936958313,0.1979762315750122
646,646,0.014078130945563316,,,,,,,,,
647,647,,,0.9255300760269165,0.9231489300727844,0.8362289667129517,1.1171525716781616,0.07514450699090958,0.48746639490127563,0.360810250043869,0.1979762315750122
647,647,0.014048612676560879,,,,,,,,,
648,648,,,0.9214445948600769,0.9180495142936707,0.8354702591896057,1.1148080825805664,0.07598590850830078,0.4864078760147095,0.35915178060531616,0.1979762315750122
648,648,0.01401595864444971,,,,,,,,,
649,649,,0.013977853581309319,,,,,,,,
649,649,,,0.9215379953384399,0.9237216114997864,0.8353113532066345,1.1179907321929932,0.07667791843414307,0.48827964067459106,0.3610353171825409,0.1979762315750122
649,649,0.013977853581309319,,,,,,,,,
650,650,,,0.9263181686401367,0.9164668321609497,0.8369583487510681,1.1152374744415283,0.07765229791402817,0.48682457208633423,0.3598094880580902,0.1979762315750122
650,650,0.013944348320364952,,,,,,,,,
651,651,,,0.9191760420799255,0.9254030585289001,0.8346813321113586,1.1194802522659302,0.07802426815032959,0.48947542905807495,0.3617713451385498,0.1979762315750122
651,651,0.013917406089603901,,,,,,,,,
652,652,,,0.9259766936302185,0.9138792753219604,0.8370952010154724,1.1147804260253906,0.07938510179519653,0.4869178831577301,0.3595668077468872,0.1979762315750122
652,652,0.013890793547034264,,,,,,,,,
653,653,,,0.9223403930664062,0.9278980493545532,0.8355823159217834,1.1218595504760742,0.07939721643924713,0.49099403619766235,0.36344194412231445,0.1979762315750122
653,653,0.013865474611520767,,,,,,,,,
654,654,,,0.9233254790306091,0.9095384478569031,0.8366068005561829,1.1133975982666016,0.0806228443980217,0.4866064786911011,0.3586059808731079,0.1979762315750122
654,654,0.01385179441422224,,,,,,,,,
655,655,,,0.9233854413032532,0.933667004108429,0.8355379104614258,1.1255983114242554,0.08072905987501144,0.49341773986816406,0.3657679557800293,0.1979762315750122
655,655,0.013858618214726448,,,,,,,,,
656,656,,,0.9259499311447144,0.9015499949455261,0.8371576070785522,1.110214114189148,0.08259664475917816,0.4852535128593445,0.3569958209991455,0.1979762315750122
656,656,0.013896776363253593,,,,,,,,,
657,657,,,0.9190876483917236,0.9459090232849121,0.8331144452095032,1.1317428350448608,0.08141150325536728,0.4973113536834717,0.3690960705280304,0.1979762315750122
657,657,0.013992278836667538,,,,,,,,,
658,658,,,0.9320642352104187,0.8883165121078491,0.8369835615158081,1.1039166450500488,0.08463224768638611,0.48233774304389954,0.3537939488887787,0.1979762315750122
658,658,0.014204688370227814,,,,,,,,,
659,659,,,0.9140273928642273,0.9707350134849548,0.8280818462371826,1.142930269241333,0.08213301002979279,0.5044307112693787,0.37542724609375,0.1979762315750122
659,659,0.014623652212321758,,,,,,,,,
660,660,,,0.9371792078018188,0.8704953789710999,0.8311139345169067,1.0920662879943848,0.08768067508935928,0.4767138361930847,0.3471403419971466,0.1979762315750122
660,660,0.015406070277094841,,,,,,,,,
661,661,,,0.9110399484634399,1.0114092826843262,0.8201681971549988,1.160144567489624,0.08185221999883652,0.5157121419906616,0.38577714562416077,0.1979762315750122
661,661,0.01666545867919922,,,,,,,,,
662,662,,,0.9394428730010986,0.8581060171127319,0.8196821808815002,1.0785189867019653,0.09218715131282806,0.47025102376937866,0.33924126625061035,0.1979762315750122
662,662,0.018440255895256996,,,,,,,,,
663,663,,,0.9114205837249756,1.0292916297912598,0.8170270323753357,1.1688761711120605,0.08156589418649673,0.5223100781440735,0.3914133906364441,0.1979762315750122
663,663,0.01992233842611313,,,,,,,,,
664,664,,,0.9359990358352661,0.8642013669013977,0.8260771036148071,1.0828003883361816,0.0941544771194458,0.4714667499065399,0.3416929841041565,0.1979762315750122
664,664,0.02004912868142128,,,,,,,,,
665,665,,,0.9180371165275574,0.9595003128051758,0.8313035368919373,1.140790343284607,0.08504866808652878,0.5050761699676514,0.37485644221305847,0.1979762315750122
665,665,0.017723945900797844,,,,,,,,,
666,666,,,0.9256909489631653,0.9180366396903992,0.8372150659561157,1.120897889137268,0.08904271572828293,0.4930160343647003,0.36360692977905273,0.1979762315750122
666,666,0.014660674147307873,,,,,,,,,
667,667,,,0.9294008016586304,0.8833217620849609,0.8353286981582642,1.0986429452896118,0.09337615221738815,0.48033198714256287,0.3508358895778656,0.1979762315750122
667,667,0.013403111137449741,,,,,,,,,
668,668,,,0.9165254831314087,0.9860232472419739,0.8272407054901123,1.1520744562149048,0.0864039957523346,0.5125704407691956,0.3817456364631653,0.1979762315750122
668,668,0.01460582111030817,,,,,,,,,
669,669,,,0.9364283680915833,0.871350884437561,0.8318222761154175,1.0904790163040161,0.09756570309400558,0.47696980834007263,0.3466652035713196,0.1979762315750122
669,669,0.016263596713542938,,,,,,,,,
670,670,,,0.9171385169029236,0.954810380935669,0.8319080471992493,1.1398227214813232,0.09044841676950455,0.5054436922073364,0.3744209408760071,0.1979762315750122
670,670,0.01611350104212761,,,,,,,,,
671,671,,,0.9288858771324158,0.9103695750236511,0.8383642435073853,1.1181856393814087,0.09379666298627853,0.49236470460891724,0.36244818568229675,0.1979762315750122
671,671,0.01440930925309658,,,,,,,,,
672,672,,,0.9302946925163269,0.8895580172538757,0.8374464511871338,1.1066895723342896,0.09647534042596817,0.48642241954803467,0.3558599054813385,0.1979762315750122
672,672,0.013271797448396683,,,,,,,,,
673,673,,,0.9179684519767761,0.9619881510734558,0.8313363790512085,1.1460003852844238,0.0920441597700119,0.5101279616355896,0.3783269226551056,0.1979762315750122
673,673,0.013854049146175385,,,,,,,,,
674,674,,,0.9357473850250244,0.8769212961196899,0.8356197476387024,1.0988764762878418,0.09998683631420135,0.48238569498062134,0.3516661524772644,0.1979762315750122
674,674,0.014882508665323257,,,,,,,,,
675,675,,,0.9213474988937378,0.9354947805404663,0.83515465259552,1.1344503164291382,0.09359125047922134,0.5032106041908264,0.37162941694259644,0.1979762315750122
675,675,0.014702940359711647,,,,,,,,,
676,676,,,0.926807701587677,0.9137038588523865,0.8379377126693726,1.1243374347686768,0.09605859965085983,0.4975445568561554,0.36608991026878357,0.1979762315750122
676,676,0.01361979078501463,,,,,,,,,
677,677,,,0.9313910007476807,0.8879691362380981,0.8378410935401917,1.1085017919540405,0.09905155748128891,0.48862141370773315,0.3571566939353943,0.1979762315750122
677,677,0.01313359010964632,,,,,,,,,
678,678,,,0.9197104573249817,0.949806809425354,0.8331018090248108,1.1418918371200562,0.09355401247739792,0.5083622932434082,0.37608176469802856,0.1979762315750122
678,678,0.013673237524926662,,,,,,,,,
679,679,,,0.9333387017250061,0.886520504951477,0.838314414024353,1.107345461845398,0.10019704699516296,0.48835670948028564,0.35675594210624695,0.1979762315750122
679,679,0.01415159273892641,,,,,,,,,
680,680,,,0.9242236614227295,0.9226612448692322,0.8369112014770508,1.128679871559143,0.09723732620477676,0.501078724861145,0.3687116205692291,0.1979762315750122
680,680,0.013761639595031738,,,,,,,,,
681,681,,,0.9245241284370422,0.9225837588310242,0.837014377117157,1.128570318222046,0.09734761714935303,0.5011249780654907,0.3687022626399994,0.1979762315750122
681,681,0.01311539113521576,,,,,,,,,
682,682,,,0.9328523874282837,0.8904751539230347,0.8389344811439514,1.1097404956817627,0.101181261241436,0.4903738498687744,0.35831940174102783,0.1979762315750122
682,682,0.01308443397283554,,,,,,,,,
683,683,,,0.9216708540916443,0.9413449168205261,0.834606945514679,1.1380575895309448,0.09771852940320969,0.5073642134666443,0.37426427006721497,0.1979762315750122
683,683,0.01349637471139431,,,,,,,,,
684,684,,,0.9303086996078491,0.8964072465896606,0.8389428853988647,1.1139425039291382,0.10286540538072586,0.4935653507709503,0.3607710003852844,0.1979762315750122
684,684,0.013576019555330276,,,,,,,,,
685,685,,,0.9283667802810669,0.9126325845718384,0.8385910391807556,1.124245047569275,0.10106293857097626,0.4995288848876953,0.3666551113128662,0.1979762315750122
685,685,0.013176679611206055,,,,,,,,,
686,686,,,0.9243624806404114,0.9251623153686523,0.8367804288864136,1.1314159631729126,0.09980442374944687,0.504036009311676,0.3706100583076477,0.1979762315750122
686,686,0.012890011072158813,,,,,,,,,
687,687,,,0.9325476288795471,0.8913849592208862,0.8391451239585876,1.1126214265823364,0.10428959131240845,0.4935561418533325,0.3602514863014221,0.1979762315750122
687,687,0.01303214393556118,,,,,,,,,
688,688,,,0.924872636795044,0.9295539259910583,0.8365064263343811,1.1350630521774292,0.10082358121871948,0.5067566633224487,0.3728981614112854,0.1979762315750122
688,688,0.013240300118923187,,,,,,,,,
689,689,,,0.9291599988937378,0.9009826183319092,0.8389554619789124,1.1197487115859985,0.1028948426246643,0.49800577759742737,0.36421000957489014,0.1979762315750122
689,689,0.013132711872458458,,,,,,,,,
690,690,,,0.9309682846069336,0.9043645858764648,0.8392578363418579,1.1227807998657227,0.10287678986787796,0.4999215602874756,0.36612820625305176,0.1979762315750122
690,690,0.012856011278927326,,,,,,,,,
691,691,,,0.9248197078704834,0.9218584299087524,0.8369001746177673,1.1329964399337769,0.101333849132061,0.50626540184021,0.3717270791530609,0.1979762315750122
691,691,0.01277734525501728,,,,,,,,,
692,692,,,0.932521641254425,0.8921117186546326,0.8393300175666809,1.1160831451416016,0.10460976511240005,0.4966984987258911,0.36240825057029724,0.1979762315750122
692,692,0.012910769321024418,,,,,,,,,
693,693,,,0.9280718564987183,0.9195766448974609,0.8378326892852783,1.1323591470718384,0.10246547311544418,0.5061690807342529,0.3716612458229065,0.1979762315750122
693,693,0.01296913344413042,,,,,,,,,
694,694,,,0.9278102517127991,0.9028672575950623,0.8383830785751343,1.123319149017334,0.10438761115074158,0.501351535320282,0.36637061834335327,0.1979762315750122
694,694,0.01283162273466587,,,,,,,,,
695,695,,,0.9326202273368835,0.9002931714057922,0.8394632935523987,1.122504711151123,0.10525365173816681,0.5010488033294678,0.366289347410202,0.1979762315750122
695,695,0.012675156816840172,,,,,,,,,
696,696,,,0.9264196753501892,0.918008029460907,0.8372995257377625,1.1322439908981323,0.10384123027324677,0.5069052577018738,0.3715978264808655,0.1979762315750122
696,696,0.01267088484019041,,,,,,,,,
697,697,,,0.9315439462661743,0.8937884569168091,0.8389849066734314,1.1183403730392456,0.10744987428188324,0.4991995692253113,0.3638783395290375,0.1979762315750122
697,697,0.012747172266244888,,,,,,,,,
698,698,,,0.930002748966217,0.9134900569915771,0.8383538722991943,1.1305584907531738,0.10611246526241302,0.5064208507537842,0.3709825873374939,0.1979762315750122
698,698,0.012738285586237907,,,,,,,,,
699,699,,0.012629659846425056,,,,,,,,
699,699,,,0.9276531934738159,0.9039629101753235,0.838092029094696,1.1250449419021606,0.10680156201124191,0.5035941004753113,0.3676091432571411,0.1979762315750122
699,699,0.012629659846425056,,,,,,,,,
700,700,,,0.93316650390625,0.899115264415741,0.8392727375030518,1.122720718383789,0.10833842307329178,0.5023109912872314,0.3666733205318451,0.1979762315750122
700,700,0.012543462216854095,,,,,,,,,
701,701,,,0.9272600412368774,0.9140586256980896,0.8373876214027405,1.1314479112625122,0.10697226226329803,0.5077010989189148,0.3714165687561035,0.1979762315750122
701,701,0.012548338621854782,,,,,,,,,
702,702,,,0.931267499923706,0.8950483798980713,0.8387889266014099,1.1208232641220093,0.10929394513368607,0.5019522309303284,0.36553943157196045,0.1979762315750122
702,702,0.012580113485455513,,,,,,,,,
703,703,,,0.931269645690918,0.9091073870658875,0.8384595513343811,1.1297798156738281,0.10839133709669113,0.5071064233779907,0.37079328298568726,0.1979762315750122
703,703,0.01255425438284874,,,,,,,,,
704,704,,,0.9276255965232849,0.9024507403373718,0.8377069234848022,1.1259269714355469,0.10872173309326172,0.5053142309188843,0.36830294132232666,0.1979762315750122
704,704,0.012479224242269993,,,,,,,,,
705,705,,,0.9338198304176331,0.8980486989021301,0.8391216397285461,1.1243287324905396,0.11007475107908249,0.5045778751373291,0.3678637444972992,0.1979762315750122
705,705,0.012424102053046227,,,,,,,,,
706,706,,,0.9280139803886414,0.9092455506324768,0.8374224901199341,1.130968689918518,0.10895621031522751,0.5087009072303772,0.3713705539703369,0.1979762315750122
706,706,0.012418834492564201,,,,,,,,,
707,707,,,0.9314711689949036,0.894647479057312,0.8384767174720764,1.1226190328598022,0.11101926863193512,0.5041986703872681,0.36677899956703186,0.1979762315750122
707,707,0.012425928376615047,,,,,,,,,
708,708,,,0.9320507645606995,0.9057894349098206,0.8383634686470032,1.129961371421814,0.11041644215583801,0.5085443258285522,0.37115809321403503,0.1979762315750122
708,708,0.01240183413028717,,,,,,,,,
709,709,,,0.92805415391922,0.9000959992408752,0.8375327587127686,1.1265820264816284,0.11078125238418579,0.5070938467979431,0.3689408600330353,0.1979762315750122
709,709,0.012351050041615963,,,,,,,,,
710,710,,,0.9343027472496033,0.8978118300437927,0.8388767838478088,1.125840663909912,0.11217737197875977,0.5067402124404907,0.3690028190612793,0.1979762315750122
710,710,0.0123088164255023,,,,,,,,,
711,711,,,0.9283238053321838,0.9056037664413452,0.8372800946235657,1.1302356719970703,0.11121001839637756,0.5096080899238586,0.3711932599544525,0.1979762315750122
711,711,0.012292626313865185,,,,,,,,,
712,712,,,0.9323171973228455,0.8949269652366638,0.8384101390838623,1.1242446899414062,0.11300789564847946,0.5064988136291504,0.3680468201637268,0.1979762315750122
712,712,0.012286251410841942,,,,,,,,,
713,713,,,0.9319084286689758,0.904151201248169,0.8380230069160461,1.1300793886184692,0.11242611706256866,0.50998854637146,0.3714699447154999,0.1979762315750122
713,713,0.012266609817743301,,,,,,,,,
714,714,,,0.928861677646637,0.8982239961624146,0.837419331073761,1.126358985900879,0.11276662349700928,0.508258581161499,0.3691180944442749,0.1979762315750122
714,714,0.012231571599841118,,,,,,,,,
715,715,,,0.9347483515739441,0.8983880281448364,0.8386631608009338,1.127137541770935,0.11377603560686111,0.5087797045707703,0.370047003030777,0.1979762315750122
715,715,0.01219678483903408,,,,,,,,,
716,716,,,0.9282748103141785,0.9025155305862427,0.8370153307914734,1.1292811632156372,0.11297272145748138,0.5104508399963379,0.37088942527770996,0.1979762315750122
716,716,0.01217405404895544,,,,,,,,,
717,717,,,0.9336326718330383,0.8950722813606262,0.8383192420005798,1.12529718875885,0.11459986865520477,0.5083537101745605,0.3689989149570465,0.1979762315750122
717,717,0.012159351259469986,,,,,,,,,
718,718,,,0.931254506111145,0.9023180603981018,0.8375594615936279,1.129835844039917,0.11366517841815948,0.5111499428749084,0.37151283025741577,0.1979762315750122
718,718,0.012141340412199497,,,,,,,,,
719,719,,,0.930454432964325,0.8962526321411133,0.8374757170677185,1.1262611150741577,0.11434939503669739,0.509512722492218,0.36942553520202637,0.1979762315750122
719,719,0.012115387246012688,,,,,,,,,
720,720,,,0.9344993829727173,0.8984769582748413,0.8381941914558411,1.128195881843567,0.11515160650014877,0.5107163786888123,0.3708899915218353,0.1979762315750122
720,720,0.012086614966392517,,,,,,,,,
721,721,,,0.9287083148956299,0.8992002606391907,0.8368152976036072,1.1283305883407593,0.11447940766811371,0.511214554309845,0.3705969750881195,0.1979762315750122
721,721,0.012062110006809235,,,,,,,,,
722,722,,,0.93519127368927,0.8951631188392639,0.8382444381713867,1.126566767692566,0.11587344110012054,0.5103227496147156,0.37008169293403625,0.1979762315750122
722,722,0.012042919173836708,,,,,,,,,
723,723,,,0.9300727248191833,0.9000489711761475,0.8369134068489075,1.1294734477996826,0.11504257470369339,0.5123409032821655,0.3714542090892792,0.1979762315750122
723,723,0.012024503201246262,,,,,,,,,
724,724,,,0.9328818917274475,0.8947257399559021,0.8376065492630005,1.1265146732330322,0.11617006361484528,0.5109057426452637,0.3699854016304016,0.1979762315750122
724,724,0.01200268417596817,,,,,,,,,
725,725,,,0.9333710074424744,0.8981369137763977,0.8375429511070251,1.1288173198699951,0.11612312495708466,0.5123776793479919,0.3714035451412201,0.1979762315750122
725,725,0.011977843008935452,,,,,,,,,
726,726,,,0.9302265644073486,0.896330714225769,0.8367953896522522,1.1276400089263916,0.11613766849040985,0.5121045112609863,0.3705397844314575,0.1979762315750122
726,726,0.011953562498092651,,,,,,,,,
727,727,,,0.9355029463768005,0.8953595161437988,0.8378262519836426,1.1276274919509888,0.11717861145734787,0.5121949315071106,0.3709542155265808,0.1979762315750122
727,727,0.011932393535971642,,,,,,,,,
728,728,,,0.929621696472168,0.897641122341156,0.836422860622406,1.1286721229553223,0.11625827848911285,0.5131742358207703,0.37118497490882874,0.1979762315750122
728,728,0.011913609690964222,,,,,,,,,
729,729,,,0.935203492641449,0.8940617442131042,0.8376153707504272,1.1269502639770508,0.11773977428674698,0.5123165249824524,0.37063220143318176,0.1979762315750122
729,729,0.011894432827830315,,,,,,,,,
730,730,,,0.9311923980712891,0.8972019553184509,0.836602509021759,1.1287524700164795,0.11710017919540405,0.513677716255188,0.3714427947998047,0.1979762315750122
730,730,0.011872955597937107,,,,,,,,,
731,731,,,0.9331256747245789,0.8944831490516663,0.8370137214660645,1.127290964126587,0.11777526140213013,0.5130683779716492,0.37077832221984863,0.1979762315750122
731,731,0.011849690228700638,,,,,,,,,
732,732,,,0.9337350130081177,0.8955422043800354,0.8370039463043213,1.1280790567398071,0.11798501014709473,0.5137016773223877,0.3713216483592987,0.1979762315750122
732,732,0.011826710775494576,,,,,,,,,
733,733,,,0.9310522675514221,0.895537257194519,0.8363296389579773,1.1279479265213013,0.11787650734186172,0.5139780640602112,0.37110528349876404,0.1979762315750122
733,733,0.0118057020008564,,,,,,,,,
734,734,,,0.9354118704795837,0.8940370082855225,0.8371854424476624,1.1274292469024658,0.11892871558666229,0.513812243938446,0.3711632788181305,0.1979762315750122
734,734,0.011786640621721745,,,,,,,,,
735,735,,,0.9304230213165283,0.8959029316902161,0.8359866738319397,1.1282861232757568,0.11815329641103745,0.5146581530570984,0.37134796380996704,0.1979762315750122
735,735,0.01176818273961544,,,,,,,,,
736,736,,,0.935459315776825,0.8935134410858154,0.8369965553283691,1.12722909450531,0.11939820647239685,0.5141793489456177,0.37114137411117554,0.1979762315750122
736,736,0.011748826131224632,,,,,,,,,
737,737,,,0.9312863945960999,0.8951947093009949,0.8360013961791992,1.1280834674835205,0.11878480762243271,0.5150224566459656,0.37138867378234863,0.1979762315750122
737,737,0.01172805204987526,,,,,,,,,
738,738,,,0.9342886805534363,0.8938661813735962,0.8365790247917175,1.1275209188461304,0.11957723647356033,0.5148593783378601,0.37132298946380615,0.1979762315750122
738,738,0.01170643512159586,,,,,,,,,
739,739,,,0.9329140186309814,0.893936038017273,0.8361936807632446,1.1275008916854858,0.11954894661903381,0.5151258707046509,0.3712595999240875,0.1979762315750122
739,739,0.011685004457831383,,,,,,,,,
740,740,,,0.9328439235687256,0.8943901062011719,0.8360647559165955,1.1278715133666992,0.1196749284863472,0.5155694484710693,0.37151527404785156,0.1979762315750122
740,740,0.011664536781609058,,,,,,,,,
741,741,,,0.9343379139900208,0.8929274678230286,0.8363167643547058,1.1270899772644043,0.12019778788089752,0.5153452157974243,0.3712165057659149,0.1979762315750122
741,741,0.01164509728550911,,,,,,,,,
742,742,,,0.9319385290145874,0.8944740295410156,0.8356705904006958,1.127918004989624,0.1198347732424736,0.5160835981369019,0.37156790494918823,0.1979762315750122
742,742,0.011626234278082848,,,,,,,,,
743,743,,,0.9350246787071228,0.8925616145133972,0.836262583732605,1.1269409656524658,0.12073929607868195,0.5156987905502319,0.37126970291137695,0.1979762315750122
743,743,0.011607353575527668,,,,,,,,,
744,744,,,0.9317893981933594,0.8939523696899414,0.8354693651199341,1.1276073455810547,0.1202021986246109,0.5163920521736145,0.37147268652915955,0.1979762315750122
744,744,0.01158810406923294,,,,,,,,,
745,745,,,0.9350133538246155,0.8928042054176331,0.836055338382721,1.1271042823791504,0.12103040516376495,0.5162405371665955,0.37145480513572693,0.1979762315750122
745,745,0.01156848855316639,,,,,,,,,
746,746,,,0.9321597814559937,0.8930338621139526,0.835380494594574,1.1270219087600708,0.12069284915924072,0.5165106058120728,0.37125101685523987,0.1979762315750122
746,746,0.011548771522939205,,,,,,,,,
747,747,,,0.9346612691879272,0.8932576179504395,0.8357843160629272,1.1273372173309326,0.12127245962619781,0.5168205499649048,0.371656596660614,0.1979762315750122
747,747,0.011529228650033474,,,,,,,,,
748,748,,,0.9326743483543396,0.8921719193458557,0.8353301286697388,1.1264504194259644,0.1212395578622818,0.516642689704895,0.37105298042297363,0.1979762315750122
748,748,0.011510029435157776,,,,,,,,,
749,749,,0.011491160839796066,,,,,,,,
749,749,,,0.9343077540397644,0.8935428857803345,0.8355010747909546,1.127437710762024,0.12154554575681686,0.5173144936561584,0.3717780113220215,0.1979762315750122
749,749,0.011491160839796066,,,,,,,,,
750,750,,,0.9330379962921143,0.8915847539901733,0.8352317810058594,1.1260404586791992,0.12165239453315735,0.5168445706367493,0.3709314167499542,0.1979762315750122
750,750,0.011472467333078384,,,,,,,,,
751,751,,,0.9342076182365417,0.8934869766235352,0.8352903723716736,1.127353310585022,0.12186131626367569,0.5177047848701477,0.3718111515045166,0.1979762315750122
751,751,0.011453800834715366,,,,,,,,,
752,752,,,0.9330624938011169,0.891348123550415,0.8350502848625183,1.1258254051208496,0.1220528706908226,0.5171558856964111,0.37089788913726807,0.1979762315750122
752,752,0.011435095220804214,,,,,,,,,
753,753,,,0.9344231486320496,0.8931137323379517,0.8351511359214783,1.1270593404769897,0.12223877012729645,0.5179548263549805,0.3717420697212219,0.1979762315750122
753,753,0.011416302993893623,,,,,,,,,
754,754,,,0.9328059554100037,0.8913410305976868,0.8348081111907959,1.1257661581039429,0.12227766960859299,0.5175468325614929,0.3709298372268677,0.1979762315750122
754,754,0.011397498659789562,,,,,,,,,
755,755,,,0.9348569512367249,0.8925703763961792,0.8350542783737183,1.126692533493042,0.12268604338169098,0.5181599259376526,0.37164542078971863,0.1979762315750122
755,755,0.011378790251910686,,,,,,,,,
756,756,,,0.9323229789733887,0.8914135694503784,0.8345159888267517,1.1256986856460571,0.12248871475458145,0.5179274678230286,0.37093985080718994,0.1979762315750122
756,756,0.011360296979546547,,,,,,,,,
757,757,,,0.9355127811431885,0.8920649290084839,0.8350043296813965,1.126327395439148,0.12315815687179565,0.5183407068252563,0.3715630769729614,0.1979762315750122
757,757,0.011342049576342106,,,,,,,,,
758,758,,,0.9315977096557617,0.8913957476615906,0.8341728448867798,1.1255611181259155,0.12265520542860031,0.5182783603668213,0.3708914518356323,0.1979762315750122
758,758,0.011324147693812847,,,,,,,,,
759,759,,,0.9364120364189148,0.8917287588119507,0.8349785208702087,1.1260753870010376,0.1236642450094223,0.5185652375221252,0.3715605139732361,0.1979762315750122
759,759,0.01130666583776474,,,,,,,,,
760,760,,,0.9305557012557983,0.8912038207054138,0.8337739706039429,1.1252336502075195,0.12277418375015259,0.5185232758522034,0.3707098066806793,0.1979762315750122
760,760,0.011289732530713081,,,,,,,,,
761,761,,,0.9377636313438416,0.8916674852371216,0.8350083827972412,1.1260020732879639,0.12426530569791794,0.5188591480255127,0.37169039249420166,0.1979762315750122
761,761,0.011273612268269062,,,,,,,,,
762,762,,,0.9288584589958191,0.8907325863838196,0.8332268595695496,1.124670386314392,0.122823067009449,0.5186697840690613,0.3703458607196808,0.1979762315750122
762,762,0.011258834041655064,,,,,,,,,
763,763,,,0.9400704503059387,0.8919534683227539,0.835136890411377,1.1262041330337524,0.12497833371162415,0.5192443132400513,0.3720356822013855,0.1979762315750122
763,763,0.011246250942349434,,,,,,,,,
764,764,,,0.9259070158004761,0.8898890018463135,0.8323517441749573,1.123732566833496,0.12266426533460617,0.5186595916748047,0.3696725070476532,0.1979762315750122
764,764,0.01123766042292118,,,,,,,,,
765,765,,,0.9442920088768005,0.8927336931228638,0.8353835344314575,1.1268543004989624,0.12609821557998657,0.5197919607162476,0.3727550506591797,0.1979762315750122
765,765,0.011236080899834633,,,,,,,,,
766,766,,,0.9205377101898193,0.8884341716766357,0.8306857347488403,1.1221814155578613,0.12214194238185883,0.518420398235321,0.36845675110816956,0.1979762315750122
766,766,0.011247534304857254,,,,,,,,,
767,767,,,0.9524856209754944,0.8943801522254944,0.8355818390846252,1.1282926797866821,0.1279737949371338,0.5205988883972168,0.37414684891700745,0.1979762315750122
767,767,0.011282567866146564,,,,,,,,,
768,768,,,0.9106988310813904,0.8859140872955322,0.82692950963974,1.1195156574249268,0.12111995369195938,0.5177919268608093,0.3662116527557373,0.1979762315750122
768,768,0.011362624354660511,,,,,,,,,
769,769,,,0.9687370657920837,0.897687554359436,0.834489643573761,1.1312203407287598,0.1316009759902954,0.5219390392303467,0.3767719864845276,0.1979762315750122
769,769,0.011524035595357418,,,,,,,,,
770,770,,,0.8937580585479736,0.8815486431121826,0.8174909353256226,1.1147880554199219,0.11976967751979828,0.516400158405304,0.3620046079158783,0.1979762315750122
770,770,0.011840347200632095,,,,,,,,,
771,771,,,0.9996991157531738,0.9041222333908081,0.8268302083015442,1.1366406679153442,0.13834431767463684,0.5242882966995239,0.3812654912471771,0.1979762315750122
771,771,0.012413247488439083,,,,,,,,,
772,772,,,0.870155930519104,0.8746839165687561,0.7960349321365356,1.1070302724838257,0.11939840763807297,0.5136337280273438,0.35486888885498047,0.1979762315750122
772,772,0.013421367853879929,,,,,,,,,
773,773,,,1.043824553489685,0.9144966006278992,0.8121806979179382,1.144095540046692,0.14540298283100128,0.5279451012611389,0.3874848783016205,0.1979762315750122
773,773,0.01488442812114954,,,,,,,,,
774,774,,,0.8525462746620178,0.8676981329917908,0.7761101722717285,1.098371982574463,0.11978264898061752,0.50924152135849,0.34757158160209656,0.1979762315750122
774,774,0.016676481813192368,,,,,,,,,
775,775,,,1.049159049987793,0.920357346534729,0.8109610080718994,1.1454216241836548,0.1378253698348999,0.5300511717796326,0.3889084458351135,0.1979762315750122
775,775,0.017560668289661407,,,,,,,,,
776,776,,,0.8715421557426453,0.8694526553153992,0.7994089126586914,1.1001416444778442,0.12186095863580704,0.5082533955574036,0.351060152053833,0.1979762315750122
776,776,0.016693271696567535,,,,,,,,,
777,777,,,0.9586834907531738,0.9049899578094482,0.8346306681632996,1.1293103694915771,0.12108473479747772,0.5236663818359375,0.37584683299064636,0.1979762315750122
777,777,0.013836495578289032,,,,,,,,,
778,778,,,0.9628885388374329,0.8869438171386719,0.8344770073890686,1.1179198026657104,0.13044145703315735,0.5169141292572021,0.369387149810791,0.1979762315750122
778,778,0.01143855880945921,,,,,,,,,
779,779,,,0.8735065460205078,0.8835209608078003,0.8031969666481018,1.1081236600875854,0.1191871166229248,0.5128480195999146,0.35614868998527527,0.1979762315750122
779,779,0.01133942510932684,,,,,,,,,
780,780,,,1.0281658172607422,0.9054620265960693,0.8185282349586487,1.1291404962539673,0.1297883689403534,0.5228086709976196,0.3789967894554138,0.1979762315750122
780,780,0.01296117901802063,,,,,,,,,
781,781,,,0.8746454119682312,0.8783475756645203,0.8027483820915222,1.1052446365356445,0.1227286234498024,0.5121913552284241,0.35474228858947754,0.1979762315750122
781,781,0.014015350490808487,,,,,,,,,
782,782,,,0.9659478664398193,0.8992570042610168,0.8335755467414856,1.1225959062576294,0.12578997015953064,0.5200334787368774,0.37247321009635925,0.1979762315750122
782,782,0.013091770000755787,,,,,,,,,
783,783,,,0.9484876990318298,0.8901088833808899,0.8341113924980164,1.1160496473312378,0.12402256578207016,0.5174960494041443,0.36782100796699524,0.1979762315750122
783,783,0.011417889967560768,,,,,,,,,
784,784,,,0.8898022174835205,0.8838791847229004,0.8146194219589233,1.1119017601013184,0.12382258474826813,0.5161075592041016,0.36038780212402344,0.1979762315750122
784,784,0.010961459018290043,,,,,,,,,
785,785,,,1.0039533376693726,0.8974278569221497,0.8255420327186584,1.123327612876892,0.13047102093696594,0.520465612411499,0.3747280538082123,0.1979762315750122
785,785,0.011902693659067154,,,,,,,,,
786,786,,,0.8868283033370972,0.8844446539878845,0.812712550163269,1.1102986335754395,0.12113616615533829,0.5155820250511169,0.35926738381385803,0.1979762315750122
786,786,0.012625526636838913,,,,,,,,,
787,787,,,0.958576500415802,0.8882162570953369,0.8344444632530212,1.118741750717163,0.13047002255916595,0.5192548036575317,0.37002497911453247,0.1979762315750122
787,787,0.0120606180280447,,,,,,,,,
788,788,,,0.9461509585380554,0.8950212001800537,0.8332615494728088,1.1203454732894897,0.12367142736911774,0.5202390551567078,0.37014785408973694,0.1979762315750122
788,788,0.01106102392077446,,,,,,,,,
789,789,,,0.8981149792671204,0.8818539977073669,0.8194636106491089,1.1084123849868774,0.1222682073712349,0.5146751999855042,0.3594501316547394,0.1979762315750122
789,789,0.010911007411777973,,,,,,,,,
790,790,,,0.9840579032897949,0.8980953097343445,0.8315261006355286,1.1249843835830688,0.13231106102466583,0.5224490761756897,0.37507933378219604,0.1979762315750122
790,790,0.011528681963682175,,,,,,,,,
791,791,,,0.9017658233642578,0.8869231939315796,0.8215047121047974,1.110970139503479,0.12157082557678223,0.5164037346839905,0.36142104864120483,0.1979762315750122
791,791,0.011809714138507843,,,,,,,,,
792,792,,,0.943166196346283,0.8903517723083496,0.8333247900009155,1.1154494285583496,0.12648749351501465,0.5180361866950989,0.3673273026943207,0.1979762315750122
792,792,0.011309603229165077,,,,,,,,,
793,793,,,0.9501927495002747,0.897330105304718,0.8338004350662231,1.1218079328536987,0.12826839089393616,0.5216681957244873,0.37150153517723083,0.1979762315750122
793,793,0.010793223977088928,,,,,,,,,
794,794,,,0.9045218825340271,0.8831536769866943,0.8227396607398987,1.1071231365203857,0.12335782498121262,0.5148857831954956,0.3596763014793396,0.1979762315750122
794,794,0.010907567106187344,,,,,,,,,
795,795,,,0.9667050838470459,0.9007866382598877,0.8330444097518921,1.123309850692749,0.12988455593585968,0.5222088098526001,0.3733685612678528,0.1979762315750122
795,795,0.011293236166238785,,,,,,,,,
796,796,,,0.9160497784614563,0.8848299980163574,0.8273801803588867,1.1105406284332275,0.12622256577014923,0.5167164206504822,0.3626597225666046,0.1979762315750122
796,796,0.011285470798611641,,,,,,,,,
797,797,,,0.9324237108230591,0.8917608261108398,0.8315262198448181,1.1155813932418823,0.12485364824533463,0.5192554593086243,0.36686232686042786,0.1979762315750122
797,797,0.010890664532780647,,,,,,,,,
798,798,,,0.9529971480369568,0.8933852314949036,0.833494246006012,1.1180678606033325,0.12890677154064178,0.5200271606445312,0.36962154507637024,0.1979762315750122
798,798,0.010677735321223736,,,,,,,,,
799,799,,0.010848356410861015,,,,,,,,
799,799,,,0.9074040055274963,0.8836089968681335,0.8239910006523132,1.1089683771133423,0.1245347410440445,0.5163344144821167,0.36106765270233154,0.1979762315750122
799,799,0.010848356410861015,,,,,,,,,
800,800,,,0.958335816860199,0.8957386016845703,0.8336420059204102,1.1193794012069702,0.12653040885925293,0.5210676789283752,0.3708043098449707,0.1979762315750122
800,800,0.01103000994771719,,,,,,,,,
801,801,,,0.9233329892158508,0.885298490524292,0.829430341720581,1.1107769012451172,0.12541785836219788,0.5169939994812012,0.3634457588195801,0.1979762315750122
801,801,0.010915163904428482,,,,,,,,,
802,802,,,0.9261239767074585,0.8894826769828796,0.8300580382347107,1.113450050354004,0.12408022582530975,0.5185618996620178,0.36523714661598206,0.1979762315750122
802,802,0.010670258663594723,,,,,,,,,
803,803,,,0.9545936584472656,0.8911977410316467,0.833798348903656,1.1152503490447998,0.12660518288612366,0.5191687345504761,0.36830341815948486,0.1979762315750122
803,803,0.010620124638080597,,,,,,,,,
804,804,,,0.9102240204811096,0.8856067657470703,0.8251585960388184,1.1096761226654053,0.12430062144994736,0.5168741941452026,0.36180487275123596,0.1979762315750122
804,804,0.01075634267181158,,,,,,,,,
805,805,,,0.9514932036399841,0.8909668922424316,0.8334226608276367,1.1141247749328613,0.12680859863758087,0.5186883807182312,0.3674946129322052,0.1979762315750122
805,805,0.010812794789671898,,,,,,,,,
806,806,,,0.9283435344696045,0.8888222575187683,0.8306283950805664,1.1121457815170288,0.12532174587249756,0.5182052850723267,0.3647984266281128,0.1979762315750122
806,806,0.010687368921935558,,,,,,,,,
807,807,,,0.9256764650344849,0.8858472108840942,0.8299888372421265,1.1096314191818237,0.12667137384414673,0.5168487429618835,0.3631635904312134,0.1979762315750122
807,807,0.010548214428126812,,,,,,,,,
808,808,,,0.9491783380508423,0.8924679160118103,0.8330764770507812,1.1145182847976685,0.1275591105222702,0.5191184878349304,0.3676303029060364,0.1979762315750122
808,808,0.010551209561526775,,,,,,,,,
809,809,,,0.917134702205658,0.8846506476402283,0.8276523351669312,1.108242154121399,0.1260891556739807,0.5165719389915466,0.3617693781852722,0.1979762315750122
809,809,0.010630263946950436,,,,,,,,,
810,810,,,0.9443188905715942,0.889819860458374,0.8328250050544739,1.112920880317688,0.1287185400724411,0.5183993577957153,0.36641284823417664,0.1979762315750122
810,810,0.010631078854203224,,,,,,,,,
811,811,,,0.9305972456932068,0.8885510563850403,0.8308972716331482,1.110945701599121,0.12632706761360168,0.5177924036979675,0.3643765151500702,0.1979762315750122
811,811,0.010536999441683292,,,,,,,,,
812,812,,,0.9263884425163269,0.8849751949310303,0.8302189707756042,1.108876347541809,0.1274591088294983,0.5168523788452148,0.36290228366851807,0.1979762315750122
812,812,0.010460801422595978,,,,,,,,,
813,813,,,0.9446166157722473,0.8912370800971985,0.8326796889305115,1.1139259338378906,0.12845094501972198,0.5191033482551575,0.36703377962112427,0.1979762315750122
813,813,0.010471110232174397,,,,,,,,,
814,814,,,0.9210081100463867,0.8838045597076416,0.8286952376365662,1.1071357727050781,0.12607663869857788,0.5162169933319092,0.3615368604660034,0.1979762315750122
814,814,0.010511664673686028,,,,,,,,,
815,815,,,0.9396416544914246,0.8895416259765625,0.8321987986564636,1.1130832433700562,0.1287437230348587,0.5188874006271362,0.36623692512512207,0.1979762315750122
815,815,0.010498575866222382,,,,,,,,,
816,816,,,0.9323992133140564,0.8856059312820435,0.8313049674034119,1.1093602180480957,0.12763963639736176,0.5172809362411499,0.3636849820613861,0.1979762315750122
816,816,0.010433516465127468,,,,,,,,,
817,817,,,0.9255907535552979,0.8864511847496033,0.8297321200370789,1.1097618341445923,0.12722469866275787,0.5176340341567993,0.3633953928947449,0.1979762315750122
817,817,0.010383357293903828,,,,,,,,,
818,818,,,0.9426633715629578,0.8873538374900818,0.8325178027153015,1.1114583015441895,0.13000868260860443,0.5182334184646606,0.3655869960784912,0.1979762315750122
818,818,0.010384066961705685,,,,,,,,,
819,819,,,0.9217615127563477,0.8850510120391846,0.8288508653640747,1.1086539030075073,0.1271442323923111,0.5173892378807068,0.36253422498703003,0.1979762315750122
819,819,0.010401677340269089,,,,,,,,,
820,820,,,0.938981294631958,0.8868634104728699,0.8320280909538269,1.1104966402053833,0.12966851890087128,0.5179325342178345,0.36483216285705566,0.1979762315750122
820,820,0.010388646274805069,,,,,,,,,
821,821,,,0.9294094443321228,0.8861781358718872,0.8305981755256653,1.1098624467849731,0.12901617586612701,0.5179161429405212,0.3638225197792053,0.1979762315750122
821,821,0.010344428941607475,,,,,,,,,
822,822,,,0.9286545515060425,0.8847710490226746,0.8305354118347168,1.108273983001709,0.12845943868160248,0.5172573328018188,0.36292213201522827,0.1979762315750122
822,822,0.010305785574018955,,,,,,,,,
823,823,,,0.9377967715263367,0.8877615332603455,0.8317989110946655,1.110931634902954,0.1299321949481964,0.5183348655700684,0.36503830552101135,0.1979762315750122
823,823,0.010296013206243515,,,,,,,,,
824,824,,,0.9237640500068665,0.8836243748664856,0.8294384479522705,1.1071702241897583,0.12850286066532135,0.5168740749359131,0.36195507645606995,0.1979762315750122
824,824,0.010300411842763424,,,,,,,,,
825,825,,,0.9372615218162537,0.88730388879776,0.8318290114402771,1.1101882457733154,0.12952597439289093,0.5181664228439331,0.36464637517929077,0.1979762315750122
825,825,0.010291291400790215,,,,,,,,,
826,826,,,0.9284602999687195,0.8845493197441101,0.8304467797279358,1.107926845550537,0.12935197353363037,0.5172060132026672,0.36275193095207214,0.1979762315750122
826,826,0.01026230026036501,,,,,,,,,
827,827,,,0.9294339418411255,0.8850428462028503,0.8306203484535217,1.1081410646438599,0.12904240190982819,0.5173904299736023,0.36296823620796204,0.1979762315750122
827,827,0.010230353102087975,,,,,,,,,
828,828,,,0.9357302784919739,0.8860331773757935,0.8316415548324585,1.109148383140564,0.12987643480300903,0.5178322792053223,0.3639988303184509,0.1979762315750122
828,828,0.010212636552751064,,,,,,,,,
829,829,,,0.9247003793716431,0.8833664059638977,0.8296483159065247,1.1068402528762817,0.12936459481716156,0.5169364809989929,0.3619120121002197,0.1979762315750122
829,829,0.010207630693912506,,,,,,,,,
830,830,,,0.9362848997116089,0.8860282301902771,0.8316262364387512,1.1089693307876587,0.1302298903465271,0.5178139805793762,0.3639586269855499,0.1979762315750122
830,830,0.010200589895248413,,,,,,,,,
831,831,,,0.9273724555969238,0.8835524916648865,0.8302624821662903,1.107086420059204,0.12978927791118622,0.5171616673469543,0.3622916340827942,0.1979762315750122
831,831,0.010182133875787258,,,,,,,,,
832,832,,,0.9309890866279602,0.8844197988510132,0.8308559060096741,1.1077868938446045,0.1304190307855606,0.5174303650856018,0.3629463016986847,0.1979762315750122
832,832,0.010156621225178242,,,,,,,,,
833,833,,,0.9326764345169067,0.884617030620575,0.8311188220977783,1.1077539920806885,0.13042262196540833,0.5174469351768494,0.3630698323249817,0.1979762315750122
833,833,0.010134872049093246,,,,,,,,,
834,834,,,0.9263602495193481,0.8830470442771912,0.8300215005874634,1.1066527366638184,0.13035163283348083,0.5170955657958984,0.3620077669620514,0.1979762315750122
834,834,0.010121769271790981,,,,,,,,,
835,835,,,0.9349709153175354,0.884688138961792,0.8314060568809509,1.1079353094100952,0.13123981654644012,0.5175493359565735,0.3633461594581604,0.1979762315750122
835,835,0.01011271309107542,,,,,,,,,
836,836,,,0.9261021018028259,0.8829932808876038,0.8298946619033813,1.1063114404678345,0.13028620183467865,0.5170038938522339,0.3618186116218567,0.1979762315750122
836,836,0.010100298561155796,,,,,,,,,
837,837,,,0.9325718879699707,0.8835893869400024,0.8310850858688354,1.1071208715438843,0.13155463337898254,0.5172702670097351,0.3627437353134155,0.1979762315750122
837,837,0.010081876069307327,,,,,,,,,
838,838,,,0.9293654561042786,0.8836379647254944,0.830488383769989,1.1068625450134277,0.1310327649116516,0.5172774791717529,0.36238569021224976,0.1979762315750122
838,838,0.010060991160571575,,,,,,,,,
839,839,,,0.9285364151000977,0.8822709918022156,0.8303716778755188,1.1057689189910889,0.13137641549110413,0.516768753528595,0.3617251515388489,0.1979762315750122
839,839,0.010042759589850903,,,,,,,,,
840,840,,,0.9319872856140137,0.8841552734375,0.8308700323104858,1.1074258089065552,0.13195689022541046,0.5175322890281677,0.36289483308792114,0.1979762315750122
840,840,0.010028958320617676,,,,,,,,,
841,841,,,0.9269473552703857,0.8813607692718506,0.8300732374191284,1.104904055595398,0.13154974579811096,0.5165053009986877,0.3611638844013214,0.1979762315750122
841,841,0.010017185471951962,,,,,,,,,
842,842,,,0.9313294887542725,0.8842033743858337,0.8306856155395508,1.1073347330093384,0.13238750398159027,0.517542839050293,0.36280956864356995,0.1979762315750122
842,842,0.01000387966632843,,,,,,,,,
843,843,,,0.9284215569496155,0.8809071183204651,0.8303757309913635,1.1045653820037842,0.13234081864356995,0.5163681507110596,0.3611067831516266,0.1979762315750122
843,843,0.009987764991819859,,,,,,,,,
844,844,,,0.9283317923545837,0.8839602470397949,0.8301519751548767,1.106965184211731,0.1322985291481018,0.5175448656082153,0.3624197244644165,0.1979762315750122
844,844,0.009970404207706451,,,,,,,,,
845,845,,,0.9314203262329102,0.8804611563682556,0.8308698534965515,1.1042076349258423,0.1333218514919281,0.5161550641059875,0.36113810539245605,0.1979762315750122
845,845,0.009954634122550488,,,,,,,,,
846,846,,,0.9247406721115112,0.884070873260498,0.8293947577476501,1.10690176486969,0.132163405418396,0.5176668167114258,0.36213749647140503,0.1979762315750122
846,846,0.009942295029759407,,,,,,,,,
847,847,,,0.9344027638435364,0.879231870174408,0.8313477039337158,1.1031546592712402,0.13416990637779236,0.5156656503677368,0.36079761385917664,0.1979762315750122
847,847,0.009933814406394958,,,,,,,,,
848,848,,,0.9218389391899109,0.8854378461837769,0.8285803198814392,1.1078877449035645,0.132196843624115,0.518239438533783,0.36246469616889954,0.1979762315750122
848,848,0.00992948655039072,,,,,,,,,
849,849,,0.009931833483278751,,,,,,,,
849,849,,,0.9365953803062439,0.8764519095420837,0.8316683173179626,1.1006953716278076,0.13488800823688507,0.514519989490509,0.359627902507782,0.1979762315750122
849,849,0.009931833483278751,,,,,,,,,
850,850,,,0.9192678332328796,0.8891464471817017,0.827562153339386,1.1106330156326294,0.13206137716770172,0.5196825861930847,0.3637842535972595,0.1979762315750122
850,850,0.009947581216692924,,,,,,,,,
851,851,,,0.9397779107093811,0.8714290857315063,0.8318504691123962,1.0961743593215942,0.13626916706562042,0.512407124042511,0.35740089416503906,0.1979762315750122
851,851,0.009990934282541275,,,,,,,,,
852,852,,,0.9141032099723816,0.8970757722854614,0.8250588178634644,1.116041660308838,0.13125917315483093,0.522506594657898,0.36635854840278625,0.1979762315750122
852,852,0.010087095201015472,,,,,,,,,
853,853,,,0.9480828642845154,0.8635680079460144,0.831125020980835,1.0884093046188354,0.1389305293560028,0.508812665939331,0.3537292182445526,0.1979762315750122
853,853,0.010284997522830963,,,,,,,,,
854,854,,,0.9026586413383484,0.9131082892417908,0.8183819055557251,1.1261993646621704,0.12966474890708923,0.5279991030693054,0.37105444073677063,0.1979762315750122
854,854,0.01066732220351696,,,,,,,,,
855,855,,,0.9664233326911926,0.8535071015357971,0.8237001299858093,1.0752615928649902,0.14412279427051544,0.5028713941574097,0.3474904000759125,0.1979762315750122
855,855,0.011394575238227844,,,,,,,,,
856,856,,,0.8833295702934265,0.943412184715271,0.803717851638794,1.1435110569000244,0.12756429612636566,0.5379428863525391,0.379210889339447,0.1979762315750122
856,856,0.01266825757920742,,,,,,,,,
857,857,,,0.9953127503395081,0.8470033407211304,0.7997933030128479,1.0569815635681152,0.15337103605270386,0.4948568046092987,0.33842310309410095,0.1979762315750122
857,857,0.014774994924664497,,,,,,,,,
858,858,,,0.8653069734573364,0.9774101972579956,0.7875089645385742,1.1609128713607788,0.12622182071208954,0.548972487449646,0.38798272609710693,0.1979762315750122
858,858,0.01744609698653221,,,,,,,,,
859,859,,,1.0049140453338623,0.8472769856452942,0.7912428975105286,1.0475786924362183,0.15993134677410126,0.48962387442588806,0.33368057012557983,0.1979762315750122
859,859,0.0198235884308815,,,,,,,,,
860,860,,,0.8785145282745361,0.9481401443481445,0.8006930947303772,1.14499831199646,0.1259767711162567,0.5404811501502991,0.3800528943538666,0.1979762315750122
860,860,0.019293416291475296,,,,,,,,,
861,861,,,0.9495002627372742,0.8579472303390503,0.8281294703483582,1.0769597291946411,0.14556092023849487,0.502451479434967,0.3474810719490051,0.1979762315750122
861,861,0.01544179581105709,,,,,,,,,
862,862,,,0.9419879913330078,0.8704312443733215,0.8308494091033936,1.0895800590515137,0.1385556310415268,0.5089397430419922,0.3540050685405731,0.1979762315750122
862,862,0.010883748531341553,,,,,,,,,
863,863,,,0.8875067830085754,0.9206458330154419,0.8100512027740479,1.127047061920166,0.1288755238056183,0.5306330323219299,0.3706585168838501,0.1979762315750122
863,863,0.009890083223581314,,,,,,,,,
864,864,,,0.9820067882537842,0.8515726327896118,0.8098628520965576,1.0585836172103882,0.15702304244041443,0.4942311942577362,0.3390001654624939,0.1979762315750122
864,864,0.012395370751619339,,,,,,,,,
865,865,,,0.8904338479042053,0.9295233488082886,0.8098952174186707,1.1292414665222168,0.12978975474834442,0.5314537882804871,0.3722027540206909,0.1979762315750122
865,865,0.014301996678113937,,,,,,,,,
866,866,,,0.9384844899177551,0.8644108772277832,0.8292341232299805,1.0819674730300903,0.14385531842708588,0.5064150094985962,0.34992074966430664,0.1979762315750122
866,866,0.012930680066347122,,,,,,,,,
867,867,,,0.9452142119407654,0.8697706460952759,0.8302809596061707,1.0885250568389893,0.14482428133487701,0.5096308588981628,0.3539499342441559,0.1979762315750122
867,867,0.010219905525445938,,,,,,,,,
868,868,,,0.891637921333313,0.9118475914001465,0.8132540583610535,1.120363473892212,0.132080078125,0.5269036293029785,0.3672860860824585,0.1979762315750122
868,868,0.009902085177600384,,,,,,,,,
869,869,,,0.9667035341262817,0.8528181314468384,0.8222097158432007,1.067821741104126,0.15383894741535187,0.4990510940551758,0.3436870872974396,0.1979762315750122
869,869,0.011653844267129898,,,,,,,,,
870,870,,,0.9051862359046936,0.9007338285446167,0.8204220533370972,1.1154550313949585,0.1377723217010498,0.5249913334846497,0.3659515976905823,0.1979762315750122
870,870,0.0121533228084445,,,,,,,,,
871,871,,,0.9215573668479919,0.8735009431838989,0.8282857537269592,1.0945698022842407,0.13938041031360626,0.5127268433570862,0.3554835915565491,0.1979762315750122
871,871,0.010615595616400242,,,,,,,,,
872,872,,,0.9531847834587097,0.860335648059845,0.8297228813171387,1.0803537368774414,0.14652597904205322,0.5049133896827698,0.34983110427856445,0.1979762315750122
872,872,0.009574498981237411,,,,,,,,,
873,873,,,0.8932554125785828,0.9070889949798584,0.814724326133728,1.1187835931777954,0.13631197810173035,0.5271005034446716,0.3668030798435211,0.1979762315750122
873,873,0.010396006517112255,,,,,,,,,
874,874,,,0.9500360488891602,0.8597564101219177,0.830455482006073,1.0788496732711792,0.14891812205314636,0.5043970942497253,0.3489868938922882,0.1979762315750122
874,874,0.011190670542418957,,,,,,,,,
875,875,,,0.9222527146339417,0.8819279670715332,0.828396201133728,1.0983976125717163,0.1386687457561493,0.5147046446800232,0.3577685058116913,0.1979762315750122
875,875,0.010447201319038868,,,,,,,,,
876,876,,,0.9074277281761169,0.890919029712677,0.8233775496482849,1.106462001800537,0.1382150948047638,0.5198630094528198,0.3611682057380676,0.1979762315750122
876,876,0.009538812562823296,,,,,,,,,
877,877,,,0.9534050822257996,0.8611319065093994,0.8306465744972229,1.078363060951233,0.15023720264434814,0.5042734742164612,0.34905099868774414,0.1979762315750122
877,877,0.009876876138150692,,,,,,,,,
878,878,,,0.9029207825660706,0.8976751565933228,0.8208063244819641,1.1080141067504883,0.1376943290233612,0.5203723907470703,0.3616243302822113,0.1979762315750122
878,878,0.01050544809550047,,,,,,,,,
879,879,,,0.9311102032661438,0.8728854656219482,0.8307161927223206,1.0910872220993042,0.14539533853530884,0.5109864473342896,0.3545287847518921,0.1979762315750122
879,879,0.010165144689381123,,,,,,,,,
880,880,,,0.9350149035453796,0.8681731820106506,0.8311428427696228,1.086866021156311,0.14516177773475647,0.5090951919555664,0.35254770517349243,0.1979762315750122
880,880,0.009502919390797615,,,,,,,,,
881,881,,,0.9046021699905396,0.895116925239563,0.8215709924697876,1.1072280406951904,0.13784754276275635,0.519804060459137,0.3612634539604187,0.1979762315750122
881,881,0.009627927094697952,,,,,,,,,
882,882,,,0.9430734515190125,0.862899661064148,0.8312588334083557,1.0816137790679932,0.14919114112854004,0.5056886076927185,0.35009315609931946,0.1979762315750122
882,882,0.010068358853459358,,,,,,,,,
883,883,,,0.9165880084037781,0.879092276096344,0.8274640440940857,1.0966100692749023,0.14108817279338837,0.5144780278205872,0.3565126061439514,0.1979762315750122
883,883,0.00989355705678463,,,,,,,,,
884,884,,,0.9184242486953735,0.882462203502655,0.8274217844009399,1.099016785621643,0.1396571397781372,0.5148854851722717,0.35776978731155396,0.1979762315750122
884,884,0.009446104988455772,,,,,,,,,
885,885,,,0.937776505947113,0.8624319434165955,0.830866277217865,1.0808477401733398,0.14607569575309753,0.5052955746650696,0.349281370639801,0.1979762315750122
885,885,0.0094860028475523,,,,,,,,,
886,886,,,0.911040186882019,0.888030469417572,0.8248229026794434,1.1022000312805176,0.13940614461898804,0.5171728730201721,0.3590781092643738,0.1979762315750122
886,886,0.009772072546184063,,,,,,,,,
887,887,,,0.9294925332069397,0.8705107569694519,0.8306146264076233,1.088587760925293,0.14431221783161163,0.5091627240180969,0.352918803691864,0.1979762315750122
887,887,0.009679285809397697,,,,,,,,,
888,888,,,0.9269765615463257,0.8690544366836548,0.8301096558570862,1.0862376689910889,0.14363202452659607,0.5081669092178345,0.35150235891342163,0.1979762315750122
888,888,0.009376950562000275,,,,,,,,,
889,889,,,0.9150097370147705,0.886809766292572,0.8260627388954163,1.1005878448486328,0.14090654253959656,0.5157684683799744,0.3584260642528534,0.1979762315750122
889,889,0.009380899369716644,,,,,,,,,
890,890,,,0.9319795966148376,0.8641299605369568,0.8307942152023315,1.0822322368621826,0.14773903787136078,0.5059425830841064,0.3496759831905365,0.1979762315750122
890,890,0.009568685665726662,,,,,,,,,
891,891,,,0.9201008677482605,0.8780401349067688,0.8284121155738831,1.0932224988937378,0.1441756933927536,0.5117672085762024,0.3548225164413452,0.1979762315750122
891,891,0.009516951628029346,,,,,,,,,
892,892,,,0.9203832149505615,0.8771288990974426,0.8285897374153137,1.093377709388733,0.14508205652236938,0.5115793943405151,0.3548588156700134,0.1979762315750122
892,892,0.009309319779276848,,,,,,,,,
893,893,,,0.9301255345344543,0.8645945191383362,0.8305873870849609,1.082864761352539,0.14810919761657715,0.5062116384506226,0.349873423576355,0.1979762315750122
893,893,0.009290113113820553,,,,,,,,,
894,894,,,0.9168521761894226,0.8825446963310242,0.8270561099052429,1.0971111059188843,0.1443144828081131,0.5136867165565491,0.3566502034664154,0.1979762315750122
894,894,0.009411151520907879,,,,,,,,,
895,895,,,0.9249653816223145,0.8680515885353088,0.8300720453262329,1.086487054824829,0.14818046987056732,0.5077735781669617,0.3514091670513153,0.1979762315750122
895,895,0.009390274994075298,,,,,,,,,
896,896,,,0.9263041615486145,0.8702767491340637,0.8301994204521179,1.0880705118179321,0.1470024287700653,0.5087333917617798,0.35240471363067627,0.1979762315750122
896,896,0.009248074144124985,,,,,,,,,
897,897,,,0.9160173535346985,0.8792564272880554,0.8272915482521057,1.0956236124038696,0.1449233740568161,0.512801468372345,0.35572707653045654,0.1979762315750122
897,897,0.009213789366185665,,,,,,,,,
898,898,,,0.9288873076438904,0.8646489977836609,0.8306191563606262,1.084169626235962,0.14917150139808655,0.5063884258270264,0.3503739833831787,0.1979762315750122
898,898,0.009286513552069664,,,,,,,,,
899,899,,0.009281998500227928,,,,,,,,
899,899,,,0.9202374815940857,0.8758189082145691,0.8287146091461182,1.0929803848266602,0.145988330245018,0.5112838745117188,0.3546058237552643,0.1979762315750122
899,899,0.009281998500227928,,,,,,,,,
900,900,,,0.9195756912231445,0.872033417224884,0.8288382291793823,1.0909897089004517,0.1478176862001419,0.5102094411849976,0.3534427881240845,0.1979762315750122
900,900,0.009186315350234509,,,,,,,,,
901,901,,,0.9283311367034912,0.86613529920578,0.8305783271789551,1.0859555006027222,0.14948061108589172,0.5073074102401733,0.35130393505096436,0.1979762315750122
901,901,0.009145061485469341,,,,,,,,,
902,902,,,0.916135311126709,0.8768096566200256,0.8275960683822632,1.0944037437438965,0.14627601206302643,0.5120417475700378,0.355039119720459,0.1979762315750122
902,902,0.009184243157505989,,,,,,,,,
903,903,,,0.9253349304199219,0.8665121793746948,0.8301418423652649,1.0871191024780273,0.15069708228111267,0.5079519152641296,0.35171884298324585,0.1979762315750122
903,903,0.009189456701278687,,,,,,,,,
904,904,,,0.9225040078163147,0.8700447082519531,0.8296116590499878,1.0893068313598633,0.14912645518779755,0.5092605352401733,0.3527548611164093,0.1979762315750122
904,904,0.009125803597271442,,,,,,,,,
905,905,,,0.9182881712913513,0.8737868070602417,0.8284438252449036,1.0923669338226318,0.14819271862506866,0.5107413530349731,0.35406023263931274,0.1979762315750122
905,905,0.009081047959625721,,,,,,,,,
906,906,,,0.9264434576034546,0.8650120496749878,0.8303685784339905,1.0858460664749146,0.15114642679691315,0.5072122812271118,0.351092129945755,0.1979762315750122
906,906,0.009095155633985996,,,,,,,,,
907,907,,,0.9182696342468262,0.8734983205795288,0.828575611114502,1.0920300483703613,0.14835649728775024,0.5107445120811462,0.35392889380455017,0.1979762315750122
907,907,0.009103767573833466,,,,,,,,,
908,908,,,0.9227700233459473,0.8690442442893982,0.8298095464706421,1.088773250579834,0.15049666166305542,0.5085917115211487,0.3524092733860016,0.1979762315750122
908,908,0.00906480010598898,,,,,,,,,
909,909,,,0.9229090213775635,0.8669577836990356,0.8298854231834412,1.0871038436889648,0.15045054256916046,0.5079540014266968,0.3515506088733673,0.1979762315750122
909,909,0.009022394195199013,,,,,,,,,
910,910,,,0.9190669655799866,0.8734386563301086,0.8287795186042786,1.0922828912734985,0.14896103739738464,0.510684609413147,0.35408857464790344,0.1979762315750122
910,910,0.009017929434776306,,,,,,,,,
911,911,,,0.9239051938056946,0.8652369976043701,0.8301143050193787,1.086140513420105,0.1517949104309082,0.5072083473205566,0.3510441780090332,0.1979762315750122
911,911,0.009023748338222504,,,,,,,,,
912,912,,,0.9205554723739624,0.870212197303772,0.8293290138244629,1.0896332263946533,0.15043094754219055,0.5092585682868958,0.3527615964412689,0.1979762315750122
912,912,0.009001187980175018,,,,,,,,,
913,913,,,0.9208588004112244,0.8694751858711243,0.8294406533241272,1.0897647142410278,0.15134769678115845,0.5092297792434692,0.3528262674808502,0.1979762315750122
913,913,0.008964717388153076,,,,,,,,,
914,914,,,0.9231531620025635,0.8649534583091736,0.8299435377120972,1.0862520933151245,0.152398481965065,0.5073360800743103,0.3510564863681793,0.1979762315750122
914,914,0.008948247879743576,,,,,,,,,
915,915,,,0.9198322892189026,0.8713481426239014,0.8290324211120605,1.0908678770065308,0.15105588734149933,0.5098020434379578,0.35335198044776917,0.1979762315750122
915,915,0.008948034606873989,,,,,,,,,
916,916,,,0.9220275282859802,0.8654019236564636,0.8297710418701172,1.0869847536087036,0.1535220742225647,0.5077219605445862,0.3513798415660858,0.1979762315750122
916,916,0.008935980498790741,,,,,,,,,
917,917,,,0.9220670461654663,0.8675472140312195,0.8296950459480286,1.0882339477539062,0.15276211500167847,0.5083674192428589,0.3520743250846863,0.1979762315750122
917,917,0.00890784990042448,,,,,,,,,
918,918,,,0.9195196628570557,0.8689959049224854,0.8290899395942688,1.0895075798034668,0.1524314433336258,0.5089995265007019,0.35255828499794006,0.1979762315750122
918,918,0.008884962648153305,,,,,,,,,
919,919,,,0.9232828617095947,0.8644011616706848,0.8299630880355835,1.0863077640533447,0.1544128954410553,0.5072423815727234,0.3510764539241791,0.1979762315750122
919,919,0.008876597508788109,,,,,,,,,
920,920,,,0.9197332262992859,0.8691986203193665,0.8291115164756775,1.0895099639892578,0.15304388105869293,0.5090507864952087,0.3525990843772888,0.1979762315750122
920,920,0.008868332952260971,,,,,,,,,
921,921,,,0.9213188886642456,0.8657044172286987,0.8295637965202332,1.0872877836227417,0.1546185314655304,0.5076723098754883,0.3514508605003357,0.1979762315750122
921,921,0.008848575875163078,,,,,,,,,
922,922,,,0.9219868183135986,0.865684449672699,0.8296747803688049,1.0872262716293335,0.15462863445281982,0.5077031254768372,0.3514833450317383,0.1979762315750122
922,922,0.008825154975056648,,,,,,,,,
923,923,,,0.919312059879303,0.8680862784385681,0.8290098309516907,1.0890265703201294,0.1542404592037201,0.5086988210678101,0.3522738814353943,0.1979762315750122
923,923,0.008809901773929596,,,,,,,,,
924,924,,,0.9225329756736755,0.8639429807662964,0.8297598361968994,1.0861308574676514,0.15623649954795837,0.5069733262062073,0.35089102387428284,0.1979762315750122
924,924,0.008800477720797062,,,,,,,,,
925,925,,,0.9197696447372437,0.8671517968177795,0.8291459679603577,1.08826744556427,0.15515361726284027,0.5082738399505615,0.35189715027809143,0.1979762315750122
925,925,0.008786613121628761,,,,,,,,,
926,926,,,0.9210563898086548,0.8654792308807373,0.8294278979301453,1.0874296426773071,0.15637941658496857,0.5076742768287659,0.35149630904197693,0.1979762315750122
926,926,0.008766508661210537,,,,,,,,,
927,927,,,0.9210730195045471,0.8643633723258972,0.8294355869293213,1.0864723920822144,0.15661202371120453,0.5072106719017029,0.35098081827163696,0.1979762315750122
927,927,0.00874759629368782,,,,,,,,,
928,928,,,0.9200524687767029,0.8670671582221985,0.8291664719581604,1.0883525609970093,0.15627427399158478,0.5081690549850464,0.35193824768066406,0.1979762315750122
928,928,0.008734174072742462,,,,,,,,,
929,929,,,0.9211517572402954,0.8634130358695984,0.829463005065918,1.0860401391983032,0.15785840153694153,0.5068976879119873,0.3507329821586609,0.1979762315750122
929,929,0.008722043596208096,,,,,,,,,
930,930,,,0.9204095005989075,0.8658942580223083,0.8292735815048218,1.087546944618225,0.15701612830162048,0.5077250003814697,0.3515215516090393,0.1979762315750122
930,930,0.008706051856279373,,,,,,,,,
931,931,,,0.9203119874000549,0.8648123145103455,0.8292723298072815,1.0870232582092285,0.1577603667974472,0.5073465704917908,0.35119864344596863,0.1979762315750122
931,931,0.008687379769980907,,,,,,,,,
932,932,,,0.9211084842681885,0.8635656833648682,0.8294408917427063,1.0861471891403198,0.15839464962482452,0.50688636302948,0.35077977180480957,0.1979762315750122
932,932,0.00867063831537962,,,,,,,,,
933,933,,,0.9198397994041443,0.8657522201538086,0.8291530609130859,1.0875970125198364,0.15797355771064758,0.5076631903648376,0.35149040818214417,0.1979762315750122
933,933,0.008656958118081093,,,,,,,,,
934,934,,,0.9209473133087158,0.8628954291343689,0.8294135928153992,1.0858087539672852,0.15937680006027222,0.5065954327583313,0.3505597710609436,0.1979762315750122
934,934,0.008643189445137978,,,,,,,,,
935,935,,,0.9204146265983582,0.8646429181098938,0.829266369342804,1.0868359804153442,0.15884315967559814,0.507186770439148,0.35110217332839966,0.1979762315750122
935,935,0.008626946248114109,,,,,,,,,
936,936,,,0.9200599193572998,0.8639025688171387,0.8292168974876404,1.0865389108657837,0.15955044329166412,0.5069679617881775,0.35089582204818726,0.1979762315750122
936,936,0.008609551936388016,,,,,,,,,
937,937,,,0.9211188554763794,0.8628830313682556,0.8294312357902527,1.085736870765686,0.1603280007839203,0.5064751505851746,0.35052767395973206,0.1979762315750122
937,937,0.008593554608523846,,,,,,,,,
938,938,,,0.9196255207061768,0.8645693063735962,0.8290896415710449,1.086771845817566,0.1599394977092743,0.5070652961730957,0.35099729895591736,0.1979762315750122
938,938,0.008579210378229618,,,,,,,,,
939,939,,,0.9210196733474731,0.8624345660209656,0.8293929696083069,1.0855730772018433,0.16123129427433014,0.5062921643257141,0.3504103720188141,0.1979762315750122
939,939,0.008564656600356102,,,,,,,,,
940,940,,,0.9199399352073669,0.8636229634284973,0.8291470408439636,1.0861504077911377,0.16079647839069366,0.5066657662391663,0.35066652297973633,0.1979762315750122
940,940,0.008548661135137081,,,,,,,,,
941,941,,,0.9204894304275513,0.8631819486618042,0.8292538523674011,1.0859761238098145,0.16163448989391327,0.506426990032196,0.3505839407444,0.1979762315750122
941,941,0.008532014675438404,,,,,,,,,
942,942,,,0.920225203037262,0.8621578812599182,0.829196572303772,1.0853017568588257,0.16210760176181793,0.5061097145080566,0.3501986563205719,0.1979762315750122
942,942,0.008516139350831509,,,,,,,,,
943,943,,,0.9203140139579773,0.8635862469673157,0.8291686177253723,1.0861982107162476,0.16201567649841309,0.5065053105354309,0.3506889045238495,0.1979762315750122
943,943,0.008501243777573109,,,,,,,,,
944,944,,,0.9200108051300049,0.861522376537323,0.8290982842445374,1.0850054025650024,0.16296903789043427,0.5058197379112244,0.3499865233898163,0.1979762315750122
944,944,0.008486343547701836,,,,,,,,,
945,945,,,0.9206171035766602,0.8628455996513367,0.8292044401168823,1.085732102394104,0.16291062533855438,0.506172239780426,0.3504394590854645,0.1979762315750122
945,945,0.008470647037029266,,,,,,,,,
946,946,,,0.9194753766059875,0.8618617057800293,0.8289565443992615,1.0852397680282593,0.1635613590478897,0.5058953762054443,0.3500697612762451,0.1979762315750122
946,946,0.008454462513327599,,,,,,,,,
947,947,,,0.9210220575332642,0.8616352081298828,0.8292439579963684,1.085033893585205,0.16410060226917267,0.5056453347206116,0.3500508964061737,0.1979762315750122
947,947,0.008438598364591599,,,,,,,,,
948,948,,,0.9190472960472107,0.8621298670768738,0.8288243412971497,1.0853383541107178,0.16389977931976318,0.5059040784835815,0.35008561611175537,0.1979762315750122
948,948,0.008423373103141785,,,,,,,,,
949,949,,0.00840835552662611,,,,,,,,
949,949,,,0.9212551116943359,0.8610687255859375,0.829249382019043,1.0847710371017456,0.1652328222990036,0.5053713917732239,0.3498978614807129,0.1979762315750122
949,949,0.00840835552662611,,,,,,,,,
950,950,,,0.9187508821487427,0.8615935444831848,0.8287273049354553,1.0848939418792725,0.16468457877635956,0.505603551864624,0.34980884194374084,0.1979762315750122
950,950,0.008393066003918648,,,,,,,,,
951,951,,,0.9215173125267029,0.8613252639770508,0.8292665481567383,1.0848969221115112,0.16590632498264313,0.5052964091300964,0.3499648869037628,0.1979762315750122
951,951,0.00837752129882574,,,,,,,,,
952,952,,,0.9182549715042114,0.8604772686958313,0.8285633325576782,1.084263563156128,0.16566969454288483,0.5052064061164856,0.3494047224521637,0.1979762315750122
952,952,0.008362198248505592,,,,,,,,,
953,953,,,0.9222435355186462,0.8617880344390869,0.8293431401252747,1.0850672721862793,0.1665147989988327,0.5052375197410583,0.35009196400642395,0.1979762315750122
953,953,0.008347569033503532,,,,,,,,,
954,954,,,0.9171133041381836,0.8595002889633179,0.8282371759414673,1.0836894512176514,0.16653461754322052,0.5048481225967407,0.3489812910556793,0.1979762315750122
954,954,0.008333839476108551,,,,,,,,,
955,955,,,0.9238907098770142,0.8618513941764832,0.8295456171035767,1.0850735902786255,0.16750752925872803,0.5050381422042847,0.350183367729187,0.1979762315750122
955,955,0.008321232162415981,,,,,,,,,
956,956,,,0.9148944020271301,0.8588907122612,0.8275773525238037,1.0833104848861694,0.1669149547815323,0.5046964883804321,0.34859269857406616,0.1979762315750122
956,956,0.008310507982969284,,,,,,,,,
957,957,,,0.9270324110984802,0.8617259860038757,0.8298590779304504,1.0850163698196411,0.16893650591373444,0.5046427845954895,0.35030823945999146,0.1979762315750122
957,957,0.008303480222821236,,,,,,,,,
958,958,,,0.9109468460083008,0.8581470251083374,0.8262266516685486,1.0827738046646118,0.16696952283382416,0.5046476721763611,0.34799402952194214,0.1979762315750122
958,958,0.008303675800561905,,,,,,,,,
959,959,,,0.9328797459602356,0.8621763586997986,0.8300443291664124,1.0853651762008667,0.17099368572235107,0.5042476058006287,0.35078004002571106,0.1979762315750122
959,959,0.008317328058183193,,,,,,,,,
960,960,,,0.903871476650238,0.856453537940979,0.8229910731315613,1.0815675258636475,0.16659364104270935,0.5045182704925537,0.3467343747615814,0.1979762315750122
960,960,0.008356591686606407,,,,,,,,,
961,961,,,0.9444839358329773,0.864173173904419,0.8288018703460693,1.0865963697433472,0.17396201193332672,0.503932535648346,0.3519284725189209,0.1979762315750122
961,961,0.00844397023320198,,,,,,,,,
962,962,,,0.8911386132240295,0.8529654741287231,0.8142800331115723,1.0791864395141602,0.16586722433567047,0.5043242573738098,0.3441582918167114,0.1979762315750122
962,962,0.008625471033155918,,,,,,,,,
963,963,,,0.9684601426124573,0.8688706159591675,0.820780873298645,1.0891491174697876,0.17904281616210938,0.503587007522583,0.353961706161499,0.1979762315750122
963,963,0.008982207626104355,,,,,,,,,
964,964,,,0.8707062602043152,0.847064197063446,0.7929938435554504,1.0748926401138306,0.16512303054332733,0.5040664672851562,0.3393111228942871,0.1979762315750122
964,964,0.009675023145973682,,,,,,,,,
965,965,,,1.0150468349456787,0.8775296211242676,0.8006794452667236,1.0933243036270142,0.18795952200889587,0.5031248927116394,0.3573986291885376,0.1979762315750122
965,965,0.010917737148702145,,,,,,,,,
966,966,,,0.847959041595459,0.8395368456840515,0.7609592080116272,1.0682528018951416,0.16653640568256378,0.5032256841659546,0.3325216472148895,0.1979762315750122
966,966,0.0130257373675704,,,,,,,,,
967,967,,,1.0718785524368286,0.8868688344955444,0.7803888320922852,1.0960217714309692,0.1950281858444214,0.5023206472396851,0.36107391119003296,0.1979762315750122
967,967,0.01576732099056244,,,,,,,,,
968,968,,,0.8366425037384033,0.8367614150047302,0.7468391060829163,1.0634015798568726,0.1689848005771637,0.5003779530525208,0.32823264598846436,0.1979762315750122
968,968,0.018240435048937798,,,,,,,,,
969,969,,,1.0402971506118774,0.8781296610832214,0.7935839891433716,1.086928367614746,0.1782417893409729,0.5006491541862488,0.3553299009799957,0.1979762315750122
969,969,0.017636245116591454,,,,,,,,,
970,970,,,0.8749164938926697,0.8502596020698547,0.8025951981544495,1.0716453790664673,0.1730750948190689,0.4990130066871643,0.33809423446655273,0.1979762315750122
970,970,0.013579250313341618,,,,,,,,,
971,971,,,0.9074549078941345,0.8523485064506531,0.8225768208503723,1.067331075668335,0.16188998520374298,0.4978639483451843,0.3396111726760864,0.1979762315750122
971,971,0.009092253632843494,,,,,,,,,
972,972,,,1.0016683340072632,0.8753177523612976,0.8078176975250244,1.083283543586731,0.17931777238845825,0.4995003938674927,0.35203054547309875,0.1979762315750122
972,972,0.008474940434098244,,,,,,,,,
973,973,,,0.8449487090110779,0.8435885310173035,0.7656702995300293,1.0596678256988525,0.17083534598350525,0.49621865153312683,0.32793906331062317,0.1979762315750122
973,973,0.011185120791196823,,,,,,,,,
974,974,,,1.0141879320144653,0.8741616010665894,0.8051856160163879,1.0758875608444214,0.16701751947402954,0.49646371603012085,0.3488447666168213,0.1979762315750122
974,974,0.012821248732507229,,,,,,,,,
975,975,,,0.8901679515838623,0.8565294742584229,0.8141354918479919,1.073628306388855,0.17604297399520874,0.49968305230140686,0.34107574820518494,0.1979762315750122
975,975,0.011086761951446533,,,,,,,,,
976,976,,,0.8980030417442322,0.8514038324356079,0.8158887028694153,1.0629135370254517,0.1674795299768448,0.49595025181770325,0.3363790512084961,0.1979762315750122
976,976,0.008486784063279629,,,,,,,,,
977,977,,,0.9945082664489746,0.8755327463150024,0.8123962879180908,1.0815998315811157,0.1720489263534546,0.4991772770881653,0.35107851028442383,0.1979762315750122
977,977,0.008529321290552616,,,,,,,,,
978,978,,,0.8617415428161621,0.8453714847564697,0.785269021987915,1.0668649673461914,0.17794907093048096,0.49875426292419434,0.33394914865493774,0.1979762315750122
978,978,0.010296687483787537,,,,,,,,,
979,979,,,0.9694210290908813,0.8626221418380737,0.8212839365005493,1.071864128112793,0.16992723941802979,0.49686965346336365,0.34537404775619507,0.1979762315750122
979,979,0.010496661998331547,,,,,,,,,
980,980,,,0.9219827055931091,0.8639141321182251,0.8284590244293213,1.081415057182312,0.17409257590770721,0.5017776489257812,0.3479258120059967,0.1979762315750122
980,980,0.00890421587973833,,,,,,,,,
981,981,,,0.8875170946121216,0.845154345035553,0.8074086904525757,1.065386414527893,0.17632171511650085,0.49763599038124084,0.3363606035709381,0.1979762315750122
981,981,0.0080963633954525,,,,,,,,,
982,982,,,0.9805243015289307,0.8724310398101807,0.8163198232650757,1.0806773900985718,0.17286773025989532,0.4996517300605774,0.3501298725605011,0.1979762315750122
982,982,0.008942647837102413,,,,,,,,,
983,983,,,0.8845256567001343,0.852948009967804,0.8096906542778015,1.074299931526184,0.1764170080423355,0.5002030730247498,0.34066900610923767,0.1979762315750122
983,983,0.00954578910022974,,,,,,,,,
984,984,,,0.9336976408958435,0.8539369106292725,0.8288843631744385,1.0685186386108398,0.1763593554496765,0.4970422089099884,0.34227851033210754,0.1979762315750122
984,984,0.00879419781267643,,,,,,,,,
985,985,,,0.9420066475868225,0.8733019232749939,0.8273200392723083,1.083993673324585,0.17434608936309814,0.5021630525588989,0.3504696190357208,0.1979762315750122
985,985,0.008062194101512432,,,,,,,,,
986,986,,,0.8876212239265442,0.8470694422721863,0.8089361786842346,1.0664602518081665,0.17673492431640625,0.49688082933425903,0.33680105209350586,0.1979762315750122
986,986,0.00839783251285553,,,,,,,,,
987,987,,,0.9586238861083984,0.8652552962303162,0.8246875405311584,1.0752530097961426,0.1787392944097519,0.49844083189964294,0.34683990478515625,0.1979762315750122
987,987,0.008839888498187065,,,,,,,,,
988,988,,,0.9063006043434143,0.8627719879150391,0.8240387439727783,1.0784302949905396,0.17677105963230133,0.5008420348167419,0.3452053368091583,0.1979762315750122
988,988,0.00848869513720274,,,,,,,,,
989,989,,,0.9125223755836487,0.8471118807792664,0.8227990865707397,1.0638808012008667,0.17635120451450348,0.4947984516620636,0.33795467019081116,0.1979762315750122
989,989,0.00800094660371542,,,,,,,,,
990,990,,,0.9488134980201721,0.8710519671440125,0.8258473873138428,1.0808372497558594,0.17888270318508148,0.500680148601532,0.3491898775100708,0.1979762315750122
990,990,0.008145644329488277,,,,,,,,,
991,991,,,0.8960076570510864,0.85006183385849,0.8167113065719604,1.0682048797607422,0.1770455539226532,0.4965280592441559,0.3386269211769104,0.1979762315750122
991,991,0.008427413180470467,,,,,,,,,
992,992,,,0.9357737302780151,0.85428786277771,0.8293367624282837,1.067672848701477,0.17679473757743835,0.4950348138809204,0.3416827321052551,0.1979762315750122
992,992,0.008207292295992374,,,,,,,,,
993,993,,,0.9261741638183594,0.8668408393859863,0.8277672529220581,1.0789978504180908,0.17823426425457,0.5001192688941956,0.3469344973564148,0.1979762315750122
993,993,0.007889575324952602,,,,,,,,,
994,994,,,0.9050567746162415,0.8448883891105652,0.8188567757606506,1.0615239143371582,0.1756049394607544,0.49297991394996643,0.33577924966812134,0.1979762315750122
994,994,0.007985084317624569,,,,,,,,,
995,995,,,0.9417010545730591,0.8646241426467896,0.8281877040863037,1.0742629766464233,0.17761798202991486,0.49708324670791626,0.3453168272972107,0.1979762315750122
995,995,0.008167495019733906,,,,,,,,,
996,996,,,0.9121782183647156,0.8560275435447693,0.825128972530365,1.0705769062042236,0.17961391806602478,0.496433824300766,0.34141257405281067,0.1979762315750122
996,996,0.008012229576706886,,,,,,,,,
997,997,,,0.9196703433990479,0.8483859896659851,0.8258633017539978,1.062821388244629,0.17685481905937195,0.492544949054718,0.337774395942688,0.1979762315750122
997,997,0.007776649668812752,,,,,,,,,
998,998,,,0.9341389536857605,0.8676193356513977,0.8280394077301025,1.0772005319595337,0.17924313247203827,0.4982495605945587,0.3463589549064636,0.1979762315750122
998,998,0.007838690653443336,,,,,,,,,
999,999,,0.007987032644450665,,,,,,,,
999,999,,,0.9107065796852112,0.8470461964607239,0.8220210671424866,1.0632061958312988,0.18162930011749268,0.49296820163726807,0.33718356490135193,0.1979762315750122
999,999,0.007987032644450665,,,,,,,,,
1000,1000,,,0.9288764595985413,0.8569691777229309,0.828811526298523,1.0696548223495483,0.17992588877677917,0.4947022795677185,0.34203189611434937,0.1979762315750122
1000,1000,0.007884275168180466,,,,,,,,,
1001,1001,,,0.9248560070991516,0.8600448369979858,0.8281958103179932,1.0732715129852295,0.18151606619358063,0.49648940563201904,0.3436637818813324,0.1979762315750122
1001,1001,0.00769167160615325,,,,,,,,,
1002,1002,,,0.9154370427131653,0.8455153703689575,0.8231383562088013,1.0625461339950562,0.18259790539741516,0.4920954406261444,0.3370867073535919,0.1979762315750122
1002,1002,0.007705829571932554,,,,,,,,,
1003,1003,,,0.9307602643966675,0.8632811307907104,0.8282712697982788,1.0750643014907837,0.18131937086582184,0.49659204483032227,0.3448580801486969,0.1979762315750122
1003,1003,0.007825398817658424,,,,,,,,,
1004,1004,,,0.9193276762962341,0.8502951264381409,0.8262194991111755,1.0667448043823242,0.183261901140213,0.49349161982536316,0.3396758437156677,0.1979762315750122
1004,1004,0.007787173148244619,,,,,,,,,
1005,1005,,,0.9205183982849121,0.851090669631958,0.8264973163604736,1.0675824880599976,0.18357469141483307,0.4935567378997803,0.3401426672935486,0.1979762315750122
1005,1005,0.007637087721377611,,,,,,,,,
1006,1006,,,0.9288273453712463,0.8608829379081726,0.8282310366630554,1.0741522312164307,0.18179695308208466,0.495885968208313,0.34415581822395325,0.1979762315750122
1006,1006,0.0076040662825107574,,,,,,,,,
1007,1007,,,0.9167616963386536,0.8461390137672424,0.8238499164581299,1.064117193222046,0.1843736469745636,0.4921075105667114,0.33788806200027466,0.1979762315750122
1007,1007,0.007682619150727987,,,,,,,,,
1008,1008,,,0.9249247908592224,0.857718825340271,0.8277798891067505,1.0726829767227173,0.18510101735591888,0.49521806836128235,0.34310656785964966,0.1979762315750122
1008,1008,0.007686955854296684,,,,,,,,,
1009,1009,,,0.9249750375747681,0.8531415462493896,0.8276614546775818,1.0689847469329834,0.1835099458694458,0.4935021996498108,0.3411105275154114,0.1979762315750122
1009,1009,0.007591217756271362,,,,,,,,,
1010,1010,,,0.9166901111602783,0.8485257029533386,0.8244484066963196,1.0666491985321045,0.1857292354106903,0.4927923083305359,0.33916324377059937,0.1979762315750122
1010,1010,0.0075350538827478886,,,,,,,,,
1011,1011,,,0.928553581237793,0.8585001230239868,0.8278744220733643,1.0730290412902832,0.18591514229774475,0.49491435289382935,0.34344369173049927,0.1979762315750122
1011,1011,0.007566211279481649,,,,,,,,,
1012,1012,,,0.9197716116905212,0.8480302095413208,0.8254144191741943,1.0653711557388306,0.18522188067436218,0.4918568730354309,0.3387032747268677,0.1979762315750122
1012,1012,0.007584684528410435,,,,,,,,,
1013,1013,,,0.9205362796783447,0.8536486029624939,0.8264577984809875,1.0701707601547241,0.18724559247493744,0.4937385618686676,0.34132492542266846,0.1979762315750122
1013,1013,0.00753389485180378,,,,,,,,,
1014,1014,,,0.9284628033638,0.8541327118873596,0.8277298212051392,1.069365382194519,0.18613921105861664,0.4930161237716675,0.34144219756126404,0.1979762315750122
1014,1014,0.007480483036488295,,,,,,,,,
1015,1015,,,0.9163920879364014,0.8484770655632019,0.8243218660354614,1.0659126043319702,0.18600207567214966,0.4917837679386139,0.33862510323524475,0.1979762315750122
1015,1015,0.00748006347566843,,,,,,,,,
1016,1016,,,0.9268505573272705,0.8559197187423706,0.8274702429771423,1.0708250999450684,0.18810957670211792,0.493413507938385,0.34206241369247437,0.1979762315750122
1016,1016,0.007492281496524811,,,,,,,,,
1017,1017,,,0.9233332276344299,0.8500812649726868,0.826391875743866,1.0662930011749268,0.1869787722826004,0.4916011691093445,0.33939236402511597,0.1979762315750122
1017,1017,0.007466468494385481,,,,,,,,,
1018,1018,,,0.9188137054443359,0.851608157157898,0.8255730867385864,1.0682446956634521,0.18744124472141266,0.49226152896881104,0.34000706672668457,0.1979762315750122
1018,1018,0.007423761300742626,,,,,,,,,
1019,1019,,,0.9294421672821045,0.8539505004882812,0.8274064660072327,1.0690280199050903,0.18873204290866852,0.4923139214515686,0.3412225544452667,0.1979762315750122
1019,1019,0.007408683653920889,,,,,,,,,
1020,1020,,,0.9182885885238647,0.8490346670150757,0.8246979117393494,1.0662552118301392,0.18854109942913055,0.4914310574531555,0.3388831317424774,0.1979762315750122
1020,1020,0.0074132769368588924,,,,,,,,,
1021,1021,,,0.9255404472351074,0.8534374833106995,0.826885461807251,1.0692496299743652,0.18965494632720947,0.4921507239341736,0.34098732471466064,0.1979762315750122
1021,1021,0.007400081492960453,,,,,,,,,
1022,1022,,,0.9251367449760437,0.8510589599609375,0.8263407349586487,1.0673844814300537,0.1898871809244156,0.49158185720443726,0.339995801448822,0.1979762315750122
1022,1022,0.007366436533629894,,,,,,,,,
1023,1023,,,0.9194194078445435,0.8501126766204834,0.824988603591919,1.0676281452178955,0.19031071662902832,0.4915415942668915,0.3395974040031433,0.1979762315750122
1023,1023,0.007342125289142132,,,,,,,,,
1024,1024,,,0.9289317727088928,0.8531042337417603,0.8268867135047913,1.068715214729309,0.19100622832775116,0.4916102886199951,0.3408806622028351,0.1979762315750122
1024,1024,0.0073382374830543995,,,,,,,,,
1025,1025,,,0.9198070168495178,0.8495745658874512,0.8246501088142395,1.0669755935668945,0.19150269031524658,0.49123504757881165,0.3392728567123413,0.1979762315750122
1025,1025,0.007333545014262199,,,,,,,,,
1026,1026,,,0.9252966642379761,0.8515443205833435,0.8261638879776001,1.0683270692825317,0.19199495017528534,0.4912300705909729,0.3403301537036896,0.1979762315750122
1026,1026,0.007311650086194277,,,,,,,,,
1027,1027,,,0.9252719283103943,0.8517449498176575,0.8259663581848145,1.0679267644882202,0.19174323976039886,0.4911831319332123,0.34014612436294556,0.1979762315750122
1027,1027,0.007284124381840229,,,,,,,,,
1028,1028,,,0.9203614592552185,0.8494231700897217,0.8244866132736206,1.0671594142913818,0.19322991371154785,0.49077174067497253,0.3392864465713501,0.1979762315750122
1028,1028,0.0072685834020376205,,,,,,,,,
1029,1029,,,0.9281185865402222,0.8523789644241333,0.8262812495231628,1.068334937095642,0.19320157170295715,0.4908859431743622,0.3404845595359802,0.1979762315750122
1029,1029,0.007262634113430977,,,,,,,,,
1030,1030,,,0.9207824468612671,0.8500112891197205,0.824471116065979,1.067192554473877,0.19338497519493103,0.49063506722450256,0.33931273221969604,0.1979762315750122
1030,1030,0.007251361384987831,,,,,,,,,
1031,1031,,,0.9251074194908142,0.8503910303115845,0.8253517746925354,1.067492127418518,0.1947409212589264,0.4903163015842438,0.3397327661514282,0.1979762315750122
1031,1031,0.007230367511510849,,,,,,,,,
1032,1032,,,0.9251348376274109,0.8518956303596497,0.8255005478858948,1.0679599046707153,0.19411444664001465,0.4905813932418823,0.3400205671787262,0.1979762315750122
1032,1032,0.007209431380033493,,,,,,,,,
1033,1033,,,0.9215478897094727,0.8489726781845093,0.8241600394248962,1.0665918588638306,0.19554899632930756,0.48983895778656006,0.3389287292957306,0.1979762315750122
1033,1033,0.0071960026398301125,,,,,,,,,
1034,1034,,,0.9270458817481995,0.8518704771995544,0.8255244493484497,1.0678781270980835,0.19560854136943817,0.49014368653297424,0.3400357663631439,0.1979762315750122
1034,1034,0.007185867987573147,,,,,,,,,
1035,1035,,,0.9222617745399475,0.8499985337257385,0.8243471384048462,1.0669291019439697,0.19551223516464233,0.4897863268852234,0.3391367793083191,0.1979762315750122
1035,1035,0.007171538658440113,,,,,,,,,
1036,1036,,,0.9250749349594116,0.84995436668396,0.8247674703598022,1.0668023824691772,0.19675761461257935,0.4893912374973297,0.33922797441482544,0.1979762315750122
1036,1036,0.007153000682592392,,,,,,,,,
1037,1037,,,0.9250615835189819,0.8517202138900757,0.8249683380126953,1.0675690174102783,0.19637146592140198,0.4897431433200836,0.33966466784477234,0.1979762315750122
1037,1037,0.007135959807783365,,,,,,,,,
1038,1038,,,0.923318088054657,0.8487668037414551,0.8240649104118347,1.06605863571167,0.19728362560272217,0.4888504445552826,0.3386259377002716,0.1979762315750122
1038,1038,0.007122931070625782,,,,,,,,,
1039,1039,,,0.9261954426765442,0.8516852855682373,0.8248974680900574,1.0674448013305664,0.19725947082042694,0.4893304705619812,0.339603066444397,0.1979762315750122
1039,1039,0.007110562175512314,,,,,,,,,
1040,1040,,,0.9238492846488953,0.8496084213256836,0.8241393566131592,1.0663666725158691,0.19779159128665924,0.4887542128562927,0.3387960195541382,0.1979762315750122
1040,1040,0.007095252629369497,,,,,,,,,
1041,1041,,,0.9254599213600159,0.8499741554260254,0.8244161009788513,1.0664502382278442,0.1983838677406311,0.48856955766677856,0.3389306962490082,0.1979762315750122
1041,1041,0.007077924441546202,,,,,,,,,
1042,1042,,,0.925349235534668,0.8511766791343689,0.8244357705116272,1.067029595375061,0.19850464165210724,0.4887758791446686,0.33923327922821045,0.1979762315750122
1042,1042,0.007062086835503578,,,,,,,,,
1043,1043,,,0.9246944785118103,0.8487458229064941,0.8238188624382019,1.0657309293746948,0.19934475421905518,0.4879700243473053,0.3384018540382385,0.1979762315750122
1043,1043,0.007048875093460083,,,,,,,,,
1044,1044,,,0.9261634349822998,0.8514612317085266,0.8243967294692993,1.0670405626296997,0.1991928070783615,0.48846104741096497,0.3392348289489746,0.1979762315750122
1044,1044,0.007036035880446434,,,,,,,,,
1045,1045,,,0.9249939918518066,0.8491963744163513,0.8237245082855225,1.0658385753631592,0.20027834177017212,0.48775166273117065,0.33843451738357544,0.1979762315750122
1045,1045,0.00702125346288085,,,,,,,,,
1046,1046,,,0.9257498979568481,0.8502811789512634,0.8239567875862122,1.0662758350372314,0.20025600492954254,0.4878081977367401,0.338714063167572,0.1979762315750122
1046,1046,0.007004901301115751,,,,,,,,,
1047,1047,,,0.926137387752533,0.8504677414894104,0.823905348777771,1.0663719177246094,0.20071463286876678,0.4876795709133148,0.33875611424446106,0.1979762315750122
1047,1047,0.006989077664911747,,,,,,,,,
1048,1048,,,0.9251183867454529,0.8490998148918152,0.8233470320701599,1.0655944347381592,0.20133540034294128,0.487208753824234,0.3382111191749573,0.1979762315750122
1048,1048,0.006974926218390465,,,,,,,,,
1049,1049,,0.00696152588352561,,,,,,,,
1049,1049,,,0.9266895651817322,0.8509983420372009,0.823848307132721,1.0664631128311157,0.20134557783603668,0.4874187707901001,0.33878934383392334,0.1979762315750122
1049,1049,0.00696152588352561,,,,,,,,,
1050,1050,,,0.9255801439285278,0.8490172624588013,0.8231810331344604,1.0654642581939697,0.20227324962615967,0.48680993914604187,0.3381008803844452,0.1979762315750122
1050,1050,0.006947422865778208,,,,,,,,,
1051,1051,,,0.9260715246200562,0.8503581285476685,0.8233718276023865,1.0660301446914673,0.2021390050649643,0.48696622252464294,0.3384380042552948,0.1979762315750122
1051,1051,0.0069322544150054455,,,,,,,,,
1052,1052,,,0.9267954230308533,0.8497352004051208,0.823283851146698,1.0657155513763428,0.20288926362991333,0.4865562915802002,0.3382579982280731,0.1979762315750122
1052,1052,0.006916911341249943,,,,,,,,,
1053,1053,,,0.9254651665687561,0.8494449257850647,0.8228407502174377,1.0654478073120117,0.20310290157794952,0.4864118695259094,0.3379976451396942,0.1979762315750122
1053,1053,0.0069022634997963905,,,,,,,,,
1054,1054,,,0.9273698329925537,0.8502671122550964,0.8231990337371826,1.065795660018921,0.20359918475151062,0.48629412055015564,0.33828720450401306,0.1979762315750122
1054,1054,0.006888226605951786,,,,,,,,,
1055,1055,,,0.9258620142936707,0.8491417765617371,0.822610080242157,1.065175175666809,0.2039586901664734,0.48591452836990356,0.3377936780452728,0.1979762315750122
1055,1055,0.006874112877994776,,,,,,,,,
1056,1056,,,0.9270750284194946,0.8501222729682922,0.8228473663330078,1.0655077695846558,0.2041870653629303,0.4859012961387634,0.33804693818092346,0.1979762315750122
1056,1056,0.006859470624476671,,,,,,,,,
1057,1057,,,0.9268419146537781,0.8494836688041687,0.8226016163825989,1.0651967525482178,0.20484420657157898,0.48553958535194397,0.3378046751022339,0.1979762315750122
1057,1057,0.006844531279057264,,,,,,,,,
1058,1058,,,0.9266270995140076,0.8496175408363342,0.8224440217018127,1.0650300979614258,0.20486901700496674,0.4853935241699219,0.3376852571964264,0.1979762315750122
1058,1058,0.00682979729026556,,,,,,,,,
1059,1059,,,0.9277250170707703,0.8498862981796265,0.822542667388916,1.06519615650177,0.20557357370853424,0.4851844012737274,0.33780038356781006,0.1979762315750122
1059,1059,0.006815503817051649,,,,,,,,,
1060,1060,,,0.9265279173851013,0.8493421673774719,0.8221096396446228,1.0647611618041992,0.20559300482273102,0.48493459820747375,0.3374505937099457,0.1979762315750122
1060,1060,0.0068014212884008884,,,,,,,,,
1061,1061,,,0.9281884431838989,0.849888026714325,0.8223565220832825,1.0649373531341553,0.20616650581359863,0.48474669456481934,0.3376270830631256,0.1979762315750122
1061,1061,0.006787183228880167,,,,,,,,,
1062,1062,,,0.9269404411315918,0.8494864702224731,0.8219488859176636,1.064718246459961,0.20647922158241272,0.48453831672668457,0.3373787999153137,0.1979762315750122
1062,1062,0.006772641092538834,,,,,,,,,
1063,1063,,,0.9281463623046875,0.8495586514472961,0.822020947933197,1.064530849456787,0.20674677193164825,0.4842694401741028,0.33733442425727844,0.1979762315750122
1063,1063,0.0067579676397144794,,,,,,,,,
1064,1064,,,0.9277591705322266,0.849808931350708,0.8218730092048645,1.0647361278533936,0.2072136104106903,0.4841512441635132,0.33736756443977356,0.1979762315750122
1064,1064,0.006743426434695721,,,,,,,,,
1065,1065,,,0.9279273748397827,0.8492754697799683,0.8216322064399719,1.064199447631836,0.20743706822395325,0.48381009697914124,0.33706289529800415,0.1979762315750122
1065,1065,0.0067290933802723885,,,,,,,,,
1066,1066,,,0.9284532070159912,0.8499483466148376,0.8217339515686035,1.0645774602890015,0.2079092413187027,0.48371750116348267,0.337258517742157,0.1979762315750122
1066,1066,0.006714867893606424,,,,,,,,,
1067,1067,,,0.9280208945274353,0.8493034839630127,0.8213602304458618,1.0640672445297241,0.2081899791955948,0.48338836431503296,0.336916446685791,0.1979762315750122
1067,1067,0.006700583267956972,,,,,,,,,
1068,1068,,,0.9287418127059937,0.8497949242591858,0.8214311599731445,1.0642361640930176,0.20852021872997284,0.4832400679588318,0.3370203673839569,0.1979762315750122
1068,1068,0.0066861677914857864,,,,,,,,,
1069,1069,,,0.9284158945083618,0.8495818972587585,0.8211962580680847,1.064073920249939,0.2089066356420517,0.48299410939216614,0.33686453104019165,0.1979762315750122
1069,1069,0.006671716459095478,,,,,,,,,
1070,1070,,,0.9288718700408936,0.8495161533355713,0.821079671382904,1.0638195276260376,0.20919883251190186,0.4827321171760559,0.33673006296157837,0.1979762315750122
1070,1070,0.006657330319285393,,,,,,,,,
1071,1071,,,0.928799569606781,0.8498706817626953,0.8210103511810303,1.0640404224395752,0.20960915088653564,0.48259076476097107,0.3367924690246582,0.1979762315750122
1071,1071,0.006643062923103571,,,,,,,,,
1072,1072,,,0.9290961027145386,0.8493530750274658,0.8207666873931885,1.0635087490081787,0.20983101427555084,0.4822356700897217,0.33649542927742004,0.1979762315750122
1072,1072,0.006628862582147121,,,,,,,,,
1073,1073,,,0.9290934205055237,0.8499871492385864,0.8207538723945618,1.0638611316680908,0.21024450659751892,0.4821489155292511,0.33663779497146606,0.1979762315750122
1073,1073,0.006614658050239086,,,,,,,,,
1074,1074,,,0.9293981790542603,0.8494053483009338,0.8205145597457886,1.0633270740509033,0.2105514407157898,0.481762170791626,0.336333692073822,0.1979762315750122
1074,1074,0.0066003939136862755,,,,,,,,,
1075,1075,,,0.9293314218521118,0.8499358892440796,0.8204607963562012,1.0635406970977783,0.21080505847930908,0.48165902495384216,0.33640533685684204,0.1979762315750122
1075,1075,0.0065860808826982975,,,,,,,,,
1076,1076,,,0.9297847151756287,0.849595844745636,0.8202869296073914,1.0632325410842896,0.21128202974796295,0.48130926489830017,0.33622193336486816,0.1979762315750122
1076,1076,0.006571769714355469,,,,,,,,,
1077,1077,,,0.929500937461853,0.8498508334159851,0.8201379776000977,1.0631860494613647,0.21130988001823425,0.4811510443687439,0.33614712953567505,0.1979762315750122
1077,1077,0.006557520944625139,,,,,,,,,
1078,1078,,,0.9302339553833008,0.8497781753540039,0.8200743794441223,1.0631011724472046,0.2119957059621811,0.4808368384838104,0.3360964059829712,0.1979762315750122
1078,1078,0.006543337367475033,,,,,,,,,
1079,1079,,,0.9296780228614807,0.8498525619506836,0.819827139377594,1.0628916025161743,0.21188358962535858,0.48065704107284546,0.33592066168785095,0.1979762315750122
1079,1079,0.006529188249260187,,,,,,,,,
1080,1080,,,0.9306332468986511,0.849852979183197,0.8198209404945374,1.0628777742385864,0.21260464191436768,0.4803314805030823,0.335916668176651,0.1979762315750122
1080,1080,0.006515045650303364,,,,,,,,,
1081,1081,,,0.9299578070640564,0.8499947786331177,0.819563627243042,1.0626965761184692,0.21245214343070984,0.48018017411231995,0.33575111627578735,0.1979762315750122
1081,1081,0.006500893738120794,,,,,,,,,
1082,1082,,,0.9309676885604858,0.8498069643974304,0.8195191025733948,1.0625581741333008,0.21322312951087952,0.4797997772693634,0.33568260073661804,0.1979762315750122
1082,1082,0.006486738100647926,,,,,,,,,
1083,1083,,,0.9302514791488647,0.8502457141876221,0.8193356990814209,1.062557578086853,0.21300020813941956,0.47970646619796753,0.3356107175350189,0.1979762315750122
1083,1083,0.0064726038835942745,,,,,,,,,
1084,1084,,,0.9313711524009705,0.849701464176178,0.8192015886306763,1.0621933937072754,0.21383202075958252,0.47924551367759705,0.33542752265930176,0.1979762315750122
1084,1084,0.006458533927798271,,,,,,,,,
1085,1085,,,0.9304270148277283,0.8505473732948303,0.8190848231315613,1.0624408721923828,0.21349845826625824,0.4792446792125702,0.3354730010032654,0.1979762315750122
1085,1085,0.006444545928388834,,,,,,,,,
1086,1086,,,0.9319244027137756,0.8495906591415405,0.8189055323600769,1.061812162399292,0.21446681022644043,0.47866085171699524,0.3351711332798004,0.1979762315750122
1086,1086,0.006430669687688351,,,,,,,,,
1087,1087,,,0.9304248690605164,0.8508727550506592,0.8188047409057617,1.0623090267181396,0.2139516919851303,0.4787922203540802,0.33531782031059265,0.1979762315750122
1087,1087,0.00641694525256753,,,,,,,,,
1088,1088,,,0.9326790571212769,0.849466860294342,0.8186191916465759,1.0614334344863892,0.2151927649974823,0.47804927825927734,0.3349248170852661,0.1979762315750122
1088,1088,0.006403452716767788,,,,,,,,,
1089,1089,,,0.9301574230194092,0.8512721061706543,0.8184896111488342,1.0621837377548218,0.2142261415719986,0.47836193442344666,0.3351496756076813,0.1979762315750122
1089,1089,0.006390328984707594,,,,,,,,,
1090,1090,,,0.9337902069091797,0.8492373824119568,0.8183318376541138,1.0610125064849854,0.21613360941410065,0.4773832857608795,0.33467385172843933,0.1979762315750122
1090,1090,0.006377846468240023,,,,,,,,,
1091,1091,,,0.9294143319129944,0.8518779277801514,0.8181238770484924,1.0621261596679688,0.21429404616355896,0.47799965739250183,0.3349909484386444,0.1979762315750122
1091,1091,0.006366482935845852,,,,,,,,,
1092,1092,,,0.9355530738830566,0.8487248420715332,0.8180081844329834,1.0604557991027832,0.2173987329006195,0.4765985906124115,0.3343808054924011,0.1979762315750122
1092,1092,0.006357104517519474,,,,,,,,,
1093,1093,,,0.927860677242279,0.8529437184333801,0.8176437616348267,1.062263011932373,0.2140226513147354,0.4777911603450775,0.3348882794380188,0.1979762315750122
1093,1093,0.006351258605718613,,,,,,,,,
1094,1094,,,0.9385054707527161,0.847625732421875,0.8175183534622192,1.059604525566101,0.21936887502670288,0.47559472918510437,0.3339846432209015,0.1979762315750122
1094,1094,0.006351860705763102,,,,,,,,,
1095,1095,,,0.924845814704895,0.8549454808235168,0.8168620467185974,1.062779188156128,0.21325035393238068,0.4778765141963959,0.33489900827407837,0.1979762315750122
1095,1095,0.006364273373037577,,,,,,,,,
1096,1096,,,0.9438385963439941,0.8454294800758362,0.8164160251617432,1.0581837892532349,0.2229863405227661,0.4741934537887573,0.33338403701782227,0.1979762315750122
1096,1096,0.0063989004120230675,,,,,,,,,
1097,1097,,,0.9191049337387085,0.8588308691978455,0.8150255680084229,1.064034342765808,0.21196623146533966,0.47855672240257263,0.3351168632507324,0.1979762315750122
1097,1097,0.006475009955465794,,,,,,,,,
1098,1098,,,0.9541677236557007,0.8413518667221069,0.8130674362182617,1.0556522607803345,0.23051965236663818,0.47206276655197144,0.33236002922058105,0.1979762315750122
1098,1098,0.006630493327975273,,,,,,,,,
1099,1099,,0.006932895164936781,,,,,,,,
1099,1099,,,0.9086797833442688,0.8664556741714478,0.8094925880432129,1.0666643381118774,0.21168950200080872,0.48041871190071106,0.335668683052063,0.1979762315750122
1099,1099,0.006932895164936781,,,,,,,,,
1100,1100,,,0.9747470021247864,0.8347492218017578,0.8015835881233215,1.0509893894195557,0.24664348363876343,0.46873852610588074,0.3303914964199066,0.1979762315750122
1100,1100,0.007510308176279068,,,,,,,,,
1101,1101,,,0.8923396468162537,0.8802731037139893,0.7940728068351746,1.0716079473495483,0.21796749532222748,0.4842758774757385,0.336727112531662,0.1979762315750122
1101,1101,0.008546868339180946,,,,,,,,,
1102,1102,,,1.0118473768234253,0.827551007270813,0.7769185304641724,1.0427350997924805,0.2716178297996521,0.4640063941478729,0.3270854353904724,0.1979762315750122
1102,1102,0.010304316878318787,,,,,,,,,
1103,1103,,,0.8742948174476624,0.8949649333953857,0.7730250358581543,1.0787056684494019,0.23010115325450897,0.4891345202922821,0.3385239243507385,0.1979762315750122
1103,1103,0.012746412307024002,,,,,,,,,
1104,1104,,,1.0483652353286743,0.8271563053131104,0.759968638420105,1.0318493843078613,0.26630106568336487,0.45911192893981934,0.3230215907096863,0.1979762315750122
1104,1104,0.015348438173532486,,,,,,,,,
1105,1105,,,0.8650323152542114,0.8809460401535034,0.7680085897445679,1.0808908939361572,0.22234804928302765,0.48709768056869507,0.337479829788208,0.1979762315750122
1105,1105,0.016085371375083923,,,,,,,,,
1106,1106,,,1.0177758932113647,0.8441616892814636,0.7833479642868042,1.0298848152160645,0.20447057485580444,0.4612182080745697,0.32167142629623413,0.1979762315750122
1106,1106,0.014056509360671043,,,,,,,,,
1107,1107,,,0.8989648222923279,0.8426836133003235,0.8014185428619385,1.0639880895614624,0.2513505220413208,0.47184282541275024,0.3316291570663452,0.1979762315750122
1107,1107,0.010088126175105572,,,,,,,,,
1108,1108,,,0.9291449785232544,0.8761308193206787,0.814436137676239,1.0477057695388794,0.21185864508152008,0.47537797689437866,0.3291410803794861,0.1979762315750122
1108,1108,0.007797668222337961,,,,,,,,,
1109,1109,,,0.9807882905006409,0.8318957090377808,0.7955123782157898,1.0364283323287964,0.26318997144699097,0.45634156465530396,0.3223949372768402,0.1979762315750122
1109,1109,0.008235798217356205,,,,,,,,,
1110,1110,,,0.8817685842514038,0.8753489851951599,0.7893671989440918,1.0656588077545166,0.21883860230445862,0.4804331362247467,0.3324272334575653,0.1979762315750122
1110,1110,0.009437112137675285,,,,,,,,,
1111,1111,,,0.9941058158874512,0.8487823605537415,0.7983644008636475,1.029985785484314,0.19921986758708954,0.4609873592853546,0.32128238677978516,0.1979762315750122
1111,1111,0.009300789795815945,,,,,,,,,
1112,1112,,,0.9049782752990723,0.8445857763290405,0.803839921951294,1.0610170364379883,0.25628161430358887,0.46826624870300293,0.33042189478874207,0.1979762315750122
1112,1112,0.008245736360549927,,,,,,,,,
1113,1113,,,0.9334387183189392,0.8739979863166809,0.8144935965538025,1.045457124710083,0.21188324689865112,0.47470730543136597,0.3283449709415436,0.1979762315750122
1113,1113,0.007849620655179024,,,,,,,,,
1114,1114,,,0.9623026847839355,0.8368009328842163,0.8082798719406128,1.0444555282592773,0.24665838479995728,0.4607362449169159,0.32598134875297546,0.1979762315750122
1114,1114,0.007913608103990555,,,,,,,,,
1115,1115,,,0.900159478187561,0.8623514771461487,0.8036981821060181,1.0618270635604858,0.22277455031871796,0.4744015336036682,0.331577867269516,0.1979762315750122
1115,1115,0.007539847400039434,,,,,,,,,
1116,1116,,,0.9680095911026001,0.8565350770950317,0.8109824657440186,1.0383057594299316,0.2012428194284439,0.4672608971595764,0.3252916634082794,0.1979762315750122
1116,1116,0.007107370998710394,,,,,,,,,
1117,1117,,,0.9186853170394897,0.8412622809410095,0.8094837069511414,1.0626870393753052,0.25989270210266113,0.46802815794944763,0.33230382204055786,0.1979762315750122
1117,1117,0.007358856964856386,,,,,,,,,
1118,1118,,,0.9325076937675476,0.868123471736908,0.8141691088676453,1.047361135482788,0.2111780345439911,0.47168105840682983,0.32817548513412476,0.1979762315750122
1118,1118,0.007634452544152737,,,,,,,,,
1119,1119,,,0.9509714841842651,0.8469606637954712,0.8140227794647217,1.0476574897766113,0.22226688265800476,0.46499553322792053,0.3276517987251282,0.1979762315750122
1119,1119,0.007012051530182362,,,,,,,,,
1120,1120,,,0.9128829836845398,0.8525872826576233,0.809278130531311,1.0617823600769043,0.23494331538677216,0.47013139724731445,0.33183300495147705,0.1979762315750122
1120,1120,0.0063279783353209496,,,,,,,,,
1121,1121,,,0.9545885920524597,0.864863932132721,0.8139567375183105,1.0391168594360352,0.20501229166984558,0.46695226430892944,0.32520174980163574,0.1979762315750122
1121,1121,0.006668501533567905,,,,,,,,,
1122,1122,,,0.9224786758422852,0.8460356593132019,0.8114174008369446,1.0588452816009521,0.24502623081207275,0.46668297052383423,0.3307403326034546,0.1979762315750122
1122,1122,0.007233608514070511,,,,,,,,,
1123,1123,,,0.9334849119186401,0.8601257801055908,0.8143838047981262,1.0487834215164185,0.21367698907852173,0.46732059121131897,0.3277052938938141,0.1979762315750122
1123,1123,0.006824077107012272,,,,,,,,,
1124,1124,,,0.9455875158309937,0.8583846688270569,0.8141312599182129,1.042695164680481,0.20947451889514923,0.4643394649028778,0.32536157965660095,0.1979762315750122
1124,1124,0.0060673607513308525,,,,,,,,,
1125,1125,,,0.9163969159126282,0.8476366996765137,0.8089990019798279,1.0585498809814453,0.2416253387928009,0.4661695659160614,0.3299238681793213,0.1979762315750122
1125,1125,0.006199573166668415,,,,,,,,,
1126,1126,,,0.9515289664268494,0.8629624247550964,0.8144224882125854,1.0393766164779663,0.20695307850837708,0.4643577039241791,0.32457995414733887,0.1979762315750122
1126,1126,0.00676400912925601,,,,,,,,,
1127,1127,,,0.9254034757614136,0.8525713682174683,0.8111546039581299,1.0500937700271606,0.22490042448043823,0.46368542313575745,0.3266751170158386,0.1979762315750122
1127,1127,0.006609010044485331,,,,,,,,,
1128,1128,,,0.9319690465927124,0.8513607382774353,0.8127837181091309,1.0489497184753418,0.2229723185300827,0.46291300654411316,0.326546311378479,0.1979762315750122
1128,1128,0.006017131265252829,,,,,,,,,
1129,1129,,,0.948061466217041,0.8625931739807129,0.8140177726745605,1.0392169952392578,0.20738466084003448,0.4627748727798462,0.3239321708679199,0.1979762315750122
1129,1129,0.005984962452203035,,,,,,,,,
1130,1130,,,0.9187087416648865,0.8495337963104248,0.8082572817802429,1.0521914958953857,0.2341916412115097,0.46232014894485474,0.32664281129837036,0.1979762315750122
1130,1130,0.006368875503540039,,,,,,,,,
1131,1131,,,0.948987603187561,0.8569345474243164,0.8143956661224365,1.0406320095062256,0.209211066365242,0.4605276882648468,0.3239727020263672,0.1979762315750122
1131,1131,0.006356079131364822,,,,,,,,,
1132,1132,,,0.9322216510772705,0.8592156767845154,0.8121883273124695,1.044655680656433,0.21459157764911652,0.4623752534389496,0.3248155117034912,0.1979762315750122
1132,1132,0.005992347840219736,,,,,,,,,
1133,1133,,,0.929749071598053,0.8494870066642761,0.8106393218040466,1.0481082201004028,0.23044449090957642,0.4598388075828552,0.32535696029663086,0.1979762315750122
1133,1133,0.0059096552431583405,,,,,,,,,
1134,1134,,,0.9495567083358765,0.8607714772224426,0.8142759203910828,1.0393284559249878,0.20731763541698456,0.46038392186164856,0.32354456186294556,0.1979762315750122
1134,1134,0.0061046830378472805,,,,,,,,,
1135,1135,,,0.9241852760314941,0.8545514345169067,0.8093292117118835,1.0489212274551392,0.22533251345157623,0.46164470911026,0.3256373405456543,0.1979762315750122
1135,1135,0.006115079391747713,,,,,,,,,
1136,1136,,,0.9442979097366333,0.8519121408462524,0.8125461935997009,1.0427879095077515,0.2200869917869568,0.4580134451389313,0.3238825500011444,0.1979762315750122
1136,1136,0.00592962559312582,,,,,,,,,
1137,1137,,,0.9378370642662048,0.8612983226776123,0.8129886388778687,1.0431174039840698,0.21170800924301147,0.46104562282562256,0.3243749737739563,0.1979762315750122
1137,1137,0.005874284543097019,,,,,,,,,
1138,1138,,,0.9302397966384888,0.8512116074562073,0.8094714283943176,1.048059344291687,0.23084726929664612,0.4595082700252533,0.32526111602783203,0.1979762315750122
1138,1138,0.005952744744718075,,,,,,,,,
1139,1139,,,0.9468138217926025,0.8560200929641724,0.8129504919052124,1.040770173072815,0.21234866976737976,0.4578939378261566,0.3232552111148834,0.1979762315750122
1139,1139,0.005934411194175482,,,,,,,,,
1140,1140,,,0.9298654794692993,0.8590761423110962,0.8106788396835327,1.046674370765686,0.2176862359046936,0.46059951186180115,0.32500600814819336,0.1979762315750122
1140,1140,0.005834241397678852,,,,,,,,,
1141,1141,,,0.9404110312461853,0.8504975438117981,0.8098962306976318,1.0440974235534668,0.22781430184841156,0.45717474818229675,0.3238533139228821,0.1979762315750122
1141,1141,0.005821635480970144,,,,,,,,,
1142,1142,,,0.9391002655029297,0.8600586652755737,0.8124005794525146,1.0426383018493652,0.21091368794441223,0.4587254822254181,0.32369667291641235,0.1979762315750122
1142,1142,0.00586297083646059,,,,,,,,,
1143,1143,,,0.9323941469192505,0.8547847867012024,0.8096324801445007,1.0462443828582764,0.22371090948581696,0.4584331810474396,0.32445579767227173,0.1979762315750122
1143,1143,0.005822028033435345,,,,,,,,,
1144,1144,,,0.9431319832801819,0.8530798554420471,0.8103950619697571,1.0419296026229858,0.2208152860403061,0.4564324617385864,0.32302582263946533,0.1979762315750122
1144,1144,0.005741467233747244,,,,,,,,,
1145,1145,,,0.9334038496017456,0.8609520196914673,0.8109880685806274,1.0446645021438599,0.21346275508403778,0.4586259424686432,0.32405054569244385,0.1979762315750122
1145,1145,0.005742603447288275,,,,,,,,,
1146,1146,,,0.9394084215164185,0.8516420722007751,0.8087913393974304,1.0432125329971313,0.22682474553585052,0.45588675141334534,0.3231101632118225,0.1979762315750122
1146,1146,0.00578500609844923,,,,,,,,,
1147,1147,,,0.9388120174407959,0.8579658269882202,0.8108774423599243,1.0427149534225464,0.21587787568569183,0.4569239020347595,0.32324182987213135,0.1979762315750122
1147,1147,0.005754164885729551,,,,,,,,,
1148,1148,,,0.9355021119117737,0.8577896356582642,0.8102509379386902,1.0436456203460693,0.21756504476070404,0.45662444829940796,0.32330337166786194,0.1979762315750122
1148,1148,0.00567713612690568,,,,,,,,,
1149,1149,,0.005660584662109613,,,,,,,,
1149,1149,,,0.941912829875946,0.8528558611869812,0.8089365363121033,1.041656732559204,0.22477936744689941,0.4546993672847748,0.3224365711212158,0.1979762315750122
1149,1149,0.005660584662109613,,,,,,,,,
1150,1150,,,0.9355788230895996,0.86082923412323,0.8105068206787109,1.0432908535003662,0.21443919837474823,0.45673513412475586,0.32324516773223877,0.1979762315750122
1150,1150,0.005697071552276611,,,,,,,,,
1151,1151,,,0.9411098957061768,0.8545164465904236,0.809484601020813,1.0414854288101196,0.2219085991382599,0.45419853925704956,0.3222563862800598,0.1979762315750122
1151,1151,0.005693146493285894,,,,,,,,,
1152,1152,,,0.9386048316955566,0.8569361567497253,0.8095638155937195,1.0422437191009521,0.22039270401000977,0.4548366069793701,0.32256537675857544,0.1979762315750122
1152,1152,0.0056360820308327675,,,,,,,,,
1153,1153,,,0.9382951259613037,0.8594727516174316,0.8103016018867493,1.0420637130737305,0.21569618582725525,0.45510926842689514,0.322579950094223,0.1979762315750122
1153,1153,0.005599976517260075,,,,,,,,,
1154,1154,,,0.9422568082809448,0.8542430400848389,0.8089410066604614,1.0411649942398071,0.22396279871463776,0.4530932605266571,0.3219664692878723,0.1979762315750122
1154,1154,0.00561215216293931,,,,,,,,,
1155,1155,,,0.9365124702453613,0.8599323034286499,0.8094923496246338,1.042425274848938,0.2175089567899704,0.45475152134895325,0.32251229882240295,0.1979762315750122
1155,1155,0.005620996467769146,,,,,,,,,
1156,1156,,,0.9429592490196228,0.8568204045295715,0.8097082376480103,1.0407898426055908,0.21935033798217773,0.45314785838127136,0.3219292163848877,0.1979762315750122
1156,1156,0.005592748522758484,,,,,,,,,
1157,1157,,,0.9384212493896484,0.8565234541893005,0.8086419701576233,1.042004942893982,0.222626730799675,0.45306581258773804,0.32205554842948914,0.1979762315750122
1157,1157,0.005557573400437832,,,,,,,,,
1158,1158,,,0.9398728609085083,0.8601546287536621,0.8095191121101379,1.0411123037338257,0.2170392870903015,0.4534711241722107,0.3219597041606903,0.1979762315750122
1158,1158,0.005547672975808382,,,,,,,,,
1159,1159,,,0.9423639178276062,0.855731189250946,0.8086881637573242,1.0408629179000854,0.22291706502437592,0.45195358991622925,0.32162806391716003,0.1979762315750122
1159,1159,0.00554922828450799,,,,,,,,,
1160,1160,,,0.9371901750564575,0.8594000935554504,0.8085194230079651,1.0417606830596924,0.21980950236320496,0.45271816849708557,0.32183316349983215,0.1979762315750122
1160,1160,0.005536316428333521,,,,,,,,,
1161,1161,,,0.9432944059371948,0.8584175705909729,0.8089606761932373,1.039711833000183,0.21906012296676636,0.45163026452064514,0.321208119392395,0.1979762315750122
1161,1161,0.005513027776032686,,,,,,,,,
1162,1162,,,0.9385947585105896,0.8571685552597046,0.808029055595398,1.0415868759155273,0.2232738733291626,0.45146119594573975,0.32156050205230713,0.1979762315750122
1162,1162,0.005497999954968691,,,,,,,,,
1163,1163,,,0.9405562281608582,0.8603100180625916,0.8085646629333496,1.039885401725769,0.21811164915561676,0.45137155055999756,0.32105258107185364,0.1979762315750122
1163,1163,0.005491345655173063,,,,,,,,,
1164,1164,,,0.9418593645095825,0.8573797345161438,0.8080546855926514,1.039933443069458,0.2221624255180359,0.45036157965660095,0.3208985924720764,0.1979762315750122
1164,1164,0.005479669664055109,,,,,,,,,
1165,1165,,,0.9383867383003235,0.8594126105308533,0.8079438805580139,1.0408889055252075,0.2209072709083557,0.4507070779800415,0.3211400508880615,0.1979762315750122
1165,1165,0.005461409687995911,,,,,,,,,
1166,1166,,,0.9429500699043274,0.8594217300415039,0.8081209063529968,1.0384960174560547,0.21903091669082642,0.449749231338501,0.3203001618385315,0.1979762315750122
1166,1166,0.005447122734040022,,,,,,,,,
1167,1167,,,0.9392029047012329,0.8582957983016968,0.8075476884841919,1.0406743288040161,0.2231760025024414,0.44961822032928467,0.320867121219635,0.1979762315750122
1167,1167,0.005439660511910915,,,,,,,,,
1168,1168,,,0.9415736198425293,0.8602415919303894,0.8079550862312317,1.0387250185012817,0.21878747642040253,0.4493146240711212,0.3202179968357086,0.1979762315750122
1168,1168,0.005430092103779316,,,,,,,,,
1169,1169,,,0.9415419101715088,0.8590471148490906,0.8075382113456726,1.0390427112579346,0.22163096070289612,0.44863295555114746,0.3201839029788971,0.1979762315750122
1169,1169,0.005413468461483717,,,,,,,,,
1170,1170,,,0.9399465918540955,0.8594719767570496,0.807460367679596,1.0395406484603882,0.2213560938835144,0.44854792952537537,0.32025712728500366,0.1979762315750122
1170,1170,0.005396380089223385,,,,,,,,,
1171,1171,,,0.9431807398796082,0.8603492975234985,0.8077051639556885,1.0377862453460693,0.21901215612888336,0.4479801058769226,0.31967902183532715,0.1979762315750122
1171,1171,0.005385824013501406,,,,,,,,,
1172,1172,,,0.9396843910217285,0.8591734766960144,0.8070061206817627,1.0393868684768677,0.22294791042804718,0.44766873121261597,0.3199884593486786,0.1979762315750122
1172,1172,0.005378845147788525,,,,,,,,,
1173,1173,,,0.9430564641952515,0.8604933023452759,0.807599663734436,1.0377122163772583,0.2191898077726364,0.44724345207214355,0.31949353218078613,0.1979762315750122
1173,1173,0.005367944482713938,,,,,,,,,
1174,1174,,,0.9411019086837769,0.8600261211395264,0.8070440888404846,1.0382570028305054,0.22117644548416138,0.44693851470947266,0.3194942772388458,0.1979762315750122
1174,1174,0.0053520710207521915,,,,,,,,,
1175,1175,,,0.941565215587616,0.8599483370780945,0.8070403337478638,1.0382235050201416,0.22163525223731995,0.44646114110946655,0.31942087411880493,0.1979762315750122
1175,1175,0.0053369468078017235,,,,,,,,,
1176,1176,,,0.9430174827575684,0.8608741760253906,0.8072301745414734,1.0370675325393677,0.21917824447155,0.44612205028533936,0.3190005421638489,0.1979762315750122
1176,1176,0.005326337181031704,,,,,,,,,
1177,1177,,,0.9404897093772888,0.8600601553916931,0.8065842390060425,1.0382797718048096,0.22261348366737366,0.4458253085613251,0.31923091411590576,0.1979762315750122
1177,1177,0.0053176674991846085,,,,,,,,,
1178,1178,,,0.9435023665428162,0.860741913318634,0.8069746494293213,1.0366389751434326,0.2198203057050705,0.44522154331207275,0.3186747431755066,0.1979762315750122
1178,1178,0.005306655075401068,,,,,,,,,
1179,1179,,,0.9411939382553101,0.8609883785247803,0.806605875492096,1.0374540090560913,0.22099563479423523,0.4451093077659607,0.31881532073020935,0.1979762315750122
1179,1179,0.005293027963489294,,,,,,,,,
1180,1180,,,0.9423072934150696,0.8602726459503174,0.8063839077949524,1.0368363857269287,0.22187599539756775,0.44447243213653564,0.3185007572174072,0.1979762315750122
1180,1180,0.005279797129333019,,,,,,,,,
1181,1181,,,0.9427218437194824,0.861588180065155,0.8066439032554626,1.0363891124725342,0.21971449255943298,0.4442392885684967,0.3183288276195526,0.1979762315750122
1181,1181,0.005268680397421122,,,,,,,,,
1182,1182,,,0.9412282109260559,0.8605107665061951,0.8060276508331299,1.0368142127990723,0.22233884036540985,0.4437953233718872,0.31827521324157715,0.1979762315750122
1182,1182,0.005258358549326658,,,,,,,,,
1183,1183,,,0.9433233737945557,0.8613471388816833,0.8063207268714905,1.035827398300171,0.22041945159435272,0.44336578249931335,0.3179584741592407,0.1979762315750122
1183,1183,0.005247027147561312,,,,,,,,,
1184,1184,,,0.9413914084434509,0.8613393902778625,0.8059960007667542,1.0362510681152344,0.22108398377895355,0.4430951178073883,0.31792932748794556,0.1979762315750122
1184,1184,0.005234793294221163,,,,,,,,,
1185,1185,,,0.9429372549057007,0.8609349131584167,0.805892288684845,1.0356649160385132,0.2217605859041214,0.442508339881897,0.3176795542240143,0.1979762315750122
1185,1185,0.00522300461307168,,,,,,,,,
1186,1186,,,0.9420673251152039,0.8618848323822021,0.8059112429618835,1.0354946851730347,0.22025378048419952,0.4423522651195526,0.3175296187400818,0.1979762315750122
1186,1186,0.005212158430367708,,,,,,,,,
1187,1187,,,0.9426253437995911,0.8611686825752258,0.8056941032409668,1.0355000495910645,0.2219722867012024,0.4417397975921631,0.3174387812614441,0.1979762315750122
1187,1187,0.005201388616114855,,,,,,,,,
1188,1188,,,0.9424405097961426,0.8616639971733093,0.8056145906448364,1.0348377227783203,0.22060397267341614,0.44145241379737854,0.3171005845069885,0.1979762315750122
1188,1188,0.00518990121781826,,,,,,,,,
1189,1189,,,0.942675769329071,0.862034261226654,0.8056683540344238,1.035162329673767,0.2211848646402359,0.4411027431488037,0.31719493865966797,0.1979762315750122
1189,1189,0.0051780273206532,,,,,,,,,
1190,1190,,,0.9426203966140747,0.8611321449279785,0.80527263879776,1.0343122482299805,0.22148944437503815,0.4404790997505188,0.31669262051582336,0.1979762315750122
1190,1190,0.0051666623912751675,,,,,,,,,
1191,1191,,,0.9428356289863586,0.8628482818603516,0.8055974841117859,1.0347174406051636,0.22040633857250214,0.44041162729263306,0.31690195202827454,0.1979762315750122
1191,1191,0.005156130064278841,,,,,,,,,
1192,1192,,,0.9426368474960327,0.8609474301338196,0.8049968481063843,1.0338048934936523,0.22188521921634674,0.43963101506233215,0.3163127601146698,0.1979762315750122
1192,1192,0.005145873408764601,,,,,,,,,
1193,1193,,,0.9433117508888245,0.8632151484489441,0.8054900169372559,1.034335732460022,0.22044169902801514,0.43957585096359253,0.31662389636039734,0.1979762315750122
1193,1193,0.005135286599397659,,,,,,,,,
1194,1194,,,0.9421298503875732,0.8611382246017456,0.804703414440155,1.0331525802612305,0.2213706374168396,0.43887004256248474,0.31585490703582764,0.1979762315750122
1194,1194,0.005124480929225683,,,,,,,,,
1195,1195,,,0.9443612694740295,0.8634642958641052,0.8054251074790955,1.0341370105743408,0.22107650339603424,0.43872174620628357,0.3164595067501068,0.1979762315750122
1195,1195,0.005114210303872824,,,,,,,,,
1196,1196,,,0.9410637021064758,0.861116349697113,0.8042314648628235,1.0323277711868286,0.2207072675228119,0.4380689859390259,0.3152657747268677,0.1979762315750122
1196,1196,0.005105327814817429,,,,,,,,,
1197,1197,,,0.9458879828453064,0.864332377910614,0.805439293384552,1.0340956449508667,0.22136124968528748,0.43793970346450806,0.3164174258708954,0.1979762315750122
1197,1197,0.00509848166257143,,,,,,,,,
1198,1198,,,0.9394901394844055,0.8601561784744263,0.8032953143119812,1.0312899351119995,0.22078511118888855,0.43716174364089966,0.3144933879375458,0.1979762315750122
1198,1198,0.00509469723328948,,,,,,,,,
1199,1199,,0.005096366163343191,,,,,,,,
1199,1199,,,0.9481903314590454,0.8665001392364502,0.8054665327072144,1.034396767616272,0.22078223526477814,0.4372991621494293,0.31660550832748413,0.1979762315750122
1199,1199,0.005096366163343191,,,,,,,,,
1200,1200,,,0.9367985129356384,0.857820987701416,0.8012158870697021,1.0296640396118164,0.22159869968891144,0.4360720217227936,0.313276469707489,0.1979762315750122
1200,1200,0.005108813289552927,,,,,,,,,
1201,1201,,,0.9525006413459778,0.8706929683685303,0.8049997687339783,1.0355983972549438,0.2197987586259842,0.43690651655197144,0.3173251152038574,0.1979762315750122
1201,1201,0.00514196278527379,,,,,,,,,
1202,1202,,,0.9317716360092163,0.853659987449646,0.7965342402458191,1.0267601013183594,0.22259122133255005,0.4347518980503082,0.31113311648368835,0.1979762315750122
1202,1202,0.0052156294696033,,,,,,,,,
1203,1203,,,0.961201012134552,0.8787248134613037,0.8022248148918152,1.0385862588882446,0.21886247396469116,0.43691593408584595,0.3190170228481293,0.1979762315750122
1203,1203,0.005365407094359398,,,,,,,,,
1204,1204,,,0.9229724407196045,0.8470099568367004,0.7861269116401672,1.0215541124343872,0.22353513538837433,0.43316850066185,0.3073263168334961,0.1979762315750122
1204,1204,0.005665447097271681,,,,,,,,,
1205,1205,,,0.9790088534355164,0.8947197794914246,0.7920243740081787,1.0447611808776855,0.21784530580043793,0.43781325221061707,0.3223560154438019,0.1979762315750122
1205,1205,0.006234709173440933,,,,,,,,,
1206,1206,,,0.9100255370140076,0.838906466960907,0.7666998505592346,1.0126365423202515,0.224441260099411,0.43116986751556396,0.3010934591293335,0.1979762315750122
1206,1206,0.00731190899387002,,,,,,,,,
1207,1207,,,1.0114188194274902,0.921822190284729,0.7732154726982117,1.055064082145691,0.21697929501533508,0.4404883086681366,0.32835283875465393,0.1979762315750122
1207,1207,0.009099099785089493,,,,,,,,,
1208,1208,,,0.8980278968811035,0.8352935314178467,0.7456570863723755,1.000528335571289,0.2226860672235489,0.4280805289745331,0.2935647666454315,0.1979762315750122
1208,1208,0.011845444329082966,,,,,,,,,
1209,1209,,,1.0375124216079712,0.9330374002456665,0.762152910232544,1.0615971088409424,0.21952728927135468,0.4429883658885956,0.33272963762283325,0.1979762315750122
1209,1209,0.014456134289503098,,,,,,,,,
1210,1210,,,0.8965486288070679,0.8393118977546692,0.7499256730079651,0.9964501261711121,0.2133999615907669,0.42338570952415466,0.29134219884872437,0.1979762315750122
1210,1210,0.015450200997292995,,,,,,,,,
1211,1211,,,0.9927263259887695,0.8813077211380005,0.7890200614929199,1.0414599180221558,0.22829441726207733,0.4360598921775818,0.3212200701236725,0.1979762315750122
1211,1211,0.012234642170369625,,,,,,,,,
1212,1212,,,0.9363889694213867,0.8729305863380432,0.8021150827407837,1.0212860107421875,0.20875221490859985,0.4284590780735016,0.3088799715042114,0.1979762315750122
1212,1212,0.007385094650089741,,,,,,,,,
1213,1213,,,0.9220860600471497,0.8438698053359985,0.7778505682945251,1.0026500225067139,0.22314958274364471,0.42185595631599426,0.2973148226737976,0.1979762315750122
1213,1213,0.005179050378501415,,,,,,,,,
1214,1214,,,0.9968947172164917,0.9072197675704956,0.7830021977424622,1.050288200378418,0.21831686794757843,0.4401751756668091,0.32580769062042236,0.1979762315750122
1214,1214,0.006996900774538517,,,,,,,,,
1215,1215,,,0.9087278246879578,0.8469762206077576,0.7670254111289978,0.9939355850219727,0.20561066269874573,0.41932663321495056,0.29176056385040283,0.1979762315750122
1215,1215,0.009397242218255997,,,,,,,,,
1216,1216,,,0.9709367156028748,0.8712007403373718,0.7988301515579224,1.033416748046875,0.23381264507770538,0.4306428134441376,0.31624409556388855,0.1979762315750122
1216,1216,0.008708850480616093,,,,,,,,,
1217,1217,,,0.9484832286834717,0.8790103793144226,0.8045114874839783,1.0265337228775024,0.2071910798549652,0.43207162618637085,0.312661349773407,0.1979762315750122
1217,1217,0.006191316060721874,,,,,,,,,
1218,1218,,,0.9224994778633118,0.8448597192764282,0.7790976762771606,1.0018116235733032,0.22311940789222717,0.41926446557044983,0.2966649532318115,0.1979762315750122
1218,1218,0.005342403426766396,,,,,,,,,
1219,1219,,,0.9742107391357422,0.893319845199585,0.7942489981651306,1.0469655990600586,0.22176913917064667,0.4373411536216736,0.323001891374588,0.1979762315750122
1219,1219,0.0066408077254891396,,,,,,,,,
1220,1220,,,0.9331475496292114,0.8542242050170898,0.7913473844528198,1.006300449371338,0.2045307457447052,0.4242015480995178,0.3008197546005249,0.1979762315750122
1220,1220,0.007366720121353865,,,,,,,,,
1221,1221,,,0.9382067918777466,0.8573116064071655,0.7996935844421387,1.026552438735962,0.23900243639945984,0.42629578709602356,0.3104810416698456,0.1979762315750122
1221,1221,0.006278487853705883,,,,,,,,,
1222,1222,,,0.9647149443626404,0.8862966895103455,0.8024142980575562,1.0326277017593384,0.2072022408246994,0.43249866366386414,0.3161409795284271,0.1979762315750122
1222,1222,0.00530830305069685,,,,,,,,,
1223,1223,,,0.9262956976890564,0.8473833203315735,0.7850836515426636,1.0070099830627441,0.21864880621433258,0.4213689863681793,0.2996775507926941,0.1979762315750122
1223,1223,0.005676952190697193,,,,,,,,,
1224,1224,,,0.9508877992630005,0.8777186870574951,0.8010398745536804,1.0386595726013184,0.22875146567821503,0.4315265715122223,0.31738603115081787,0.1979762315750122
1224,1224,0.006188505329191685,,,,,,,,,
1225,1225,,,0.9558166861534119,0.8684618473052979,0.8055844306945801,1.0139071941375732,0.20067359507083893,0.4244224429130554,0.30659759044647217,0.1979762315750122
1225,1225,0.005826720502227545,,,,,,,,,
1226,1226,,,0.9215758442878723,0.8514029383659363,0.7906027436256409,1.0203744173049927,0.23724901676177979,0.4234940707683563,0.30566105246543884,0.1979762315750122
1226,1226,0.005315948743373156,,,,,,,,,
1227,1227,,,0.966185986995697,0.8846200704574585,0.8005637526512146,1.0294172763824463,0.21120265126228333,0.42850980162620544,0.31411802768707275,0.1979762315750122
1227,1227,0.0054175653494894505,,,,,,,,,
1228,1228,,,0.9363974928855896,0.8560675978660583,0.7962952256202698,1.0088789463043213,0.20754429697990417,0.4194808900356293,0.30157968401908875,0.1979762315750122
1228,1228,0.005572309251874685,,,,,,,,,
1229,1229,,,0.9347809553146362,0.861722469329834,0.800125241279602,1.0270837545394897,0.23449371755123138,0.4255339503288269,0.3103916347026825,0.1979762315750122
1229,1229,0.0053077442571520805,,,,,,,,,
1230,1230,,,0.9656012654304504,0.8786424398422241,0.8042874932289124,1.0166162252426147,0.20241570472717285,0.422995924949646,0.3081831932067871,0.1979762315750122
1230,1230,0.0051304311491549015,,,,,,,,,
1231,1231,,,0.9233436584472656,0.8517215251922607,0.7910776138305664,1.0128260850906372,0.22488166391849518,0.4178939461708069,0.30170366168022156,0.1979762315750122
1231,1231,0.005293236579746008,,,,,,,,,
1232,1232,,,0.9559229016304016,0.8727037906646729,0.8022091388702393,1.0231528282165527,0.21758083999156952,0.4245121479034424,0.31022369861602783,0.1979762315750122
1232,1232,0.005302888806909323,,,,,,,,,
1233,1233,,,0.9481503963470459,0.8682098984718323,0.8039727210998535,1.0114892721176147,0.20233586430549622,0.4184873700141907,0.30397284030914307,0.1979762315750122
1233,1233,0.0050149597227573395,,,,,,,,,
1234,1234,,,0.9303610920906067,0.8543444871902466,0.7958818674087524,1.0154987573623657,0.23098446428775787,0.4178493916988373,0.3036944568157196,0.1979762315750122
1234,1234,0.004926313180476427,,,,,,,,,
1235,1235,,,0.9607251882553101,0.8786541819572449,0.8033013939857483,1.0185675621032715,0.20778793096542358,0.4228203296661377,0.30857521295547485,0.1979762315750122
1235,1235,0.00513073056936264,,,,,,,,,
1236,1236,,,0.9363385438919067,0.8580578565597534,0.7988640069961548,1.0109097957611084,0.21394425630569458,0.41529420018196106,0.30191469192504883,0.1979762315750122
1236,1236,0.005136043298989534,,,,,,,,,
1237,1237,,,0.9426615238189697,0.8624511957168579,0.8011850118637085,1.0164631605148315,0.22045858204364777,0.4187173545360565,0.30544885993003845,0.1979762315750122
1237,1237,0.004861181136220694,,,,,,,,,
1238,1238,,,0.9543458223342896,0.8748854994773865,0.8042265772819519,1.0162615776062012,0.2064094990491867,0.4203314483165741,0.30677369236946106,0.1979762315750122
1238,1238,0.004775987472385168,,,,,,,,,
1239,1239,,,0.9351111054420471,0.8538088202476501,0.7970239520072937,1.0117560625076294,0.22507770359516144,0.41404464840888977,0.3018527626991272,0.1979762315750122
1239,1239,0.00497098546475172,,,,,,,,,
1240,1240,,,0.9482941627502441,0.8718693256378174,0.8027752041816711,1.0172905921936035,0.21091391146183014,0.4197867810726166,0.30654361844062805,0.1979762315750122
1240,1240,0.005016053095459938,,,,,,,,,
1241,1241,,,0.9490457773208618,0.8651711940765381,0.8029958605766296,1.0143778324127197,0.21210262179374695,0.4168929159641266,0.3048085570335388,0.1979762315750122
1241,1241,0.004797480069100857,,,,,,,,,
1242,1242,,,0.9354321956634521,0.8576576709747314,0.7984153032302856,1.0137560367584229,0.22067159414291382,0.4147137701511383,0.3028816282749176,0.1979762315750122
1242,1242,0.004684788174927235,,,,,,,,,
1243,1243,,,0.9529634714126587,0.8744552135467529,0.8030520677566528,1.0163482427597046,0.20858830213546753,0.4189286530017853,0.30638357996940613,0.1979762315750122
1243,1243,0.004811710212379694,,,,,,,,,
1244,1244,,,0.9414082169532776,0.8584452867507935,0.7999664545059204,1.014047384262085,0.22141489386558533,0.414508193731308,0.3034879267215729,0.1979762315750122
1244,1244,0.004883151035755873,,,,,,,,,
1245,1245,,,0.9404492378234863,0.8649318218231201,0.8010266423225403,1.0140992403030396,0.21107983589172363,0.41552525758743286,0.30372148752212524,0.1979762315750122
1245,1245,0.004756935406476259,,,,,,,,,
1246,1246,,,0.9525854587554932,0.8696268200874329,0.8026031255722046,1.0153825283050537,0.21165591478347778,0.41657328605651855,0.3054365813732147,0.1979762315750122
1246,1246,0.004652201198041439,,,,,,,,,
1247,1247,,,0.9356268048286438,0.8576658964157104,0.798193097114563,1.013709306716919,0.2209058254957199,0.4133547842502594,0.3026107847690582,0.1979762315750122
1247,1247,0.00470535084605217,,,,,,,,,
1248,1248,,,0.9493098855018616,0.8695993423461914,0.8024888634681702,1.0130295753479004,0.2077811062335968,0.41525179147720337,0.30402612686157227,0.1979762315750122
1248,1248,0.004762975499033928,,,,,,,,,
1249,1249,,0.004704747349023819,,,,,,,,
1249,1249,,,0.9438742399215698,0.8638750910758972,0.8010870218276978,1.0153496265411377,0.2184646725654602,0.4142599105834961,0.3042730689048767,0.1979762315750122
1249,1249,0.004704747349023819,,,,,,,,,
1250,1250,,,0.9404059052467346,0.8608657717704773,0.8000254034996033,1.0111091136932373,0.2127673476934433,0.4124082028865814,0.3018600344657898,0.1979762315750122
1250,1250,0.0046303835697472095,,,,,,,,,
1251,1251,,,0.9496512413024902,0.8703497052192688,0.8022146224975586,1.014122486114502,0.21043087542057037,0.4144495725631714,0.3043503165245056,0.1979762315750122
1251,1251,0.004636421333998442,,,,,,,,,
1252,1252,,,0.9400439262390137,0.8605161309242249,0.799630343914032,1.012682318687439,0.21990534663200378,0.41177240014076233,0.3023887276649475,0.1979762315750122
1252,1252,0.004662731196731329,,,,,,,,,
1253,1253,,,0.9460489153862,0.8654597401618958,0.8019890785217285,1.01036536693573,0.2081235945224762,0.4121376574039459,0.3020971417427063,0.1979762315750122
1253,1253,0.00463965255767107,,,,,,,,,
1254,1254,,,0.9453862309455872,0.8674106001853943,0.8015351295471191,1.0148184299468994,0.2158559411764145,0.4128837287425995,0.30400410294532776,0.1979762315750122
1254,1254,0.004603248555213213,,,,,,,,,
1255,1255,,,0.9425387978553772,0.8604726195335388,0.8000063896179199,1.0090668201446533,0.21456678211688995,0.4099208414554596,0.3007945716381073,0.1979762315750122
1255,1255,0.004598521627485752,,,,,,,,,
1256,1256,,,0.9460176229476929,0.8683097958564758,0.8021160364151001,1.0128436088562012,0.21002255380153656,0.4122510850429535,0.3031614422798157,0.1979762315750122
1256,1256,0.004599671810865402,,,,,,,,,
1257,1257,,,0.9448763132095337,0.8633089661598206,0.8009074330329895,1.0120491981506348,0.21833905577659607,0.4104298949241638,0.3023631274700165,0.1979762315750122
1257,1257,0.004578844178467989,,,,,,,,,
1258,1258,,,0.9428684115409851,0.863297164440155,0.8009001016616821,1.0090667009353638,0.21042945981025696,0.40963155031204224,0.3008415102958679,0.1979762315750122
1258,1258,0.004558824468404055,,,,,,,,,
1259,1259,,,0.9470075964927673,0.8673902750015259,0.8017415404319763,1.0138429403305054,0.21457628905773163,0.411308616399765,0.303445428609848,0.1979762315750122
1259,1259,0.004558896645903587,,,,,,,,,
1260,1260,,,0.9431527256965637,0.8619889616966248,0.8002232909202576,1.0093013048171997,0.21566987037658691,0.40861162543296814,0.3007587492465973,0.1979762315750122
1260,1260,0.004556159023195505,,,,,,,,,
1261,1261,,,0.9444316029548645,0.8657523393630981,0.8014588952064514,1.0108909606933594,0.2113736867904663,0.4096333384513855,0.3017488718032837,0.1979762315750122
1261,1261,0.0045332228764891624,,,,,,,,,
1262,1262,,,0.946101188659668,0.8652546405792236,0.8012632131576538,1.0124740600585938,0.21672707796096802,0.4095348119735718,0.3024894595146179,0.1979762315750122
1262,1262,0.00451238825917244,,,,,,,,,
1263,1263,,,0.9424655437469482,0.8627545237541199,0.8001237511634827,1.0082801580429077,0.2129209190607071,0.4076380133628845,0.3001234531402588,0.1979762315750122
1263,1263,0.004513128660619259,,,,,,,,,
1264,1264,,,0.9459434747695923,0.8664472699165344,0.8013181090354919,1.0122345685958862,0.2144821584224701,0.4090610146522522,0.30230197310447693,0.1979762315750122
1264,1264,0.004516992252320051,,,,,,,,,
1265,1265,,,0.9438387155532837,0.8637299537658691,0.8005598783493042,1.009840726852417,0.21530801057815552,0.4075736403465271,0.30088192224502563,0.1979762315750122
1265,1265,0.004501494579017162,,,,,,,,,
1266,1266,,,0.9440385103225708,0.8639212846755981,0.8005797266960144,1.008928894996643,0.21339213848114014,0.40707001090049744,0.30043745040893555,0.1979762315750122
1266,1266,0.004477894864976406,,,,,,,,,
1267,1267,,,0.9445362687110901,0.8662036657333374,0.8010109663009644,1.0118550062179565,0.21534892916679382,0.40778452157974243,0.30182066559791565,0.1979762315750122
1267,1267,0.004469263833016157,,,,,,,,,
1268,1268,,,0.9446138739585876,0.862803041934967,0.8002771139144897,1.0074279308319092,0.214076966047287,0.40583327412605286,0.29964742064476013,0.1979762315750122
1268,1268,0.00447245454415679,,,,,,,,,
1269,1269,,,0.9430935382843018,0.8655559420585632,0.8005976676940918,1.0107237100601196,0.21498803794384003,0.40670883655548096,0.3010537624359131,0.1979762315750122
1269,1269,0.0044670868664979935,,,,,,,,,
1270,1270,,,0.9458290934562683,0.8647598028182983,0.8009412288665771,1.00875985622406,0.21404457092285156,0.4056593179702759,0.3002946078777313,0.1979762315750122
1270,1270,0.004449406173080206,,,,,,,,,
1271,1271,,,0.9429935216903687,0.8634029626846313,0.8001453876495361,1.0081167221069336,0.21493463218212128,0.4050862491130829,0.29968535900115967,0.1979762315750122
1271,1271,0.004434456117451191,,,,,,,,,
1272,1272,,,0.9448035955429077,0.8659945130348206,0.8008370399475098,1.0099141597747803,0.21468313038349152,0.4054763913154602,0.3006625175476074,0.1979762315750122
1272,1272,0.0044300733134150505,,,,,,,,,
1273,1273,,,0.9448671340942383,0.8635460138320923,0.800549328327179,1.0070239305496216,0.21390113234519958,0.40399160981178284,0.2992183566093445,0.1979762315750122
1273,1273,0.004427389241755009,,,,,,,,,
1274,1274,,,0.9431922435760498,0.8644815683364868,0.8003742098808289,1.009046196937561,0.215830460190773,0.40450358390808105,0.300001323223114,0.1979762315750122
1274,1274,0.004417861811816692,,,,,,,,,
1275,1275,,,0.9457288384437561,0.8653049468994141,0.8009743690490723,1.007819652557373,0.21343375742435455,0.4037551283836365,0.29960063099861145,0.1979762315750122
1275,1275,0.004405217710882425,,,,,,,,,
1276,1276,,,0.9434695243835449,0.8630733489990234,0.8002258539199829,1.0071728229522705,0.2155582755804062,0.40298959612846375,0.2989930510520935,0.1979762315750122
1276,1276,0.004396374803036451,,,,,,,,,
1277,1277,,,0.944711446762085,0.865402102470398,0.8006969094276428,1.0084480047225952,0.21481214463710785,0.40349578857421875,0.2997266352176666,0.1979762315750122
1277,1277,0.004390656482428312,,,,,,,,,
1278,1278,,,0.9447112083435059,0.8640274405479431,0.8006259799003601,1.0065443515777588,0.21400535106658936,0.4021592438220978,0.2987205684185028,0.1979762315750122
1278,1278,0.004383299499750137,,,,,,,,,
1279,1279,,,0.9438400268554688,0.8637011647224426,0.800317645072937,1.0074437856674194,0.21622519195079803,0.4022560715675354,0.29902100563049316,0.1979762315750122
1279,1279,0.00437383446842432,,,,,,,,,
1280,1280,,,0.9447135925292969,0.865451991558075,0.80074143409729,1.0071886777877808,0.21379722654819489,0.40211158990859985,0.2989964485168457,0.1979762315750122
1280,1280,0.004365431610494852,,,,,,,,,
1281,1281,,,0.9444522857666016,0.8629535436630249,0.8002742528915405,1.0060449838638306,0.21599557995796204,0.40088486671447754,0.2982657551765442,0.1979762315750122
1281,1281,0.004358773119747639,,,,,,,,,
1282,1282,,,0.943525493144989,0.8650664687156677,0.8003957271575928,1.0072886943817139,0.21490448713302612,0.4015065133571625,0.29882973432540894,0.1979762315750122
1282,1282,0.004351343028247356,,,,,,,,,
1283,1283,,,0.9454115629196167,0.8639464974403381,0.8005322217941284,1.0057328939437866,0.21490955352783203,0.4004260301589966,0.29815801978111267,0.1979762315750122
1283,1283,0.004342195577919483,,,,,,,,,
1284,1284,,,0.9427818655967712,0.8635912537574768,0.8000500798225403,1.0063780546188354,0.2162507027387619,0.40016674995422363,0.2981584966182709,0.1979762315750122
1284,1284,0.004333535674959421,,,,,,,,,
1285,1285,,,0.9454038143157959,0.8648956418037415,0.800544798374176,1.0058178901672363,0.21436072885990143,0.400137335062027,0.2981552183628082,0.1979762315750122
1285,1285,0.004326918162405491,,,,,,,,,
1286,1286,,,0.9430187940597534,0.863193154335022,0.7999721169471741,1.0057129859924316,0.2165137380361557,0.39922863245010376,0.29774603247642517,0.1979762315750122
1286,1286,0.00432076770812273,,,,,,,,,
1287,1287,,,0.9448745250701904,0.8643171191215515,0.8003515601158142,1.0053033828735352,0.2148982733488083,0.39917421340942383,0.29773595929145813,0.1979762315750122
1287,1287,0.004312974866479635,,,,,,,,,
1288,1288,,,0.9432473182678223,0.864159882068634,0.8001108765602112,1.0055651664733887,0.2156819999217987,0.39883390069007874,0.29765862226486206,0.1979762315750122
1288,1288,0.00430403184145689,,,,,,,,,
1289,1289,,,0.9448294043540955,0.863074004650116,0.800148069858551,1.0045592784881592,0.21619772911071777,0.39802733063697815,0.29722413420677185,0.1979762315750122
1289,1289,0.0042960867285728455,,,,,,,,,
1290,1290,,,0.9429080486297607,0.8649296760559082,0.8001346588134766,1.005334496498108,0.21466057002544403,0.3982708752155304,0.2974567413330078,0.1979762315750122
1290,1290,0.004289831500500441,,,,,,,,,
1291,1291,,,0.9453243613243103,0.8627533912658691,0.8001039624214172,1.004074215888977,0.21690194308757782,0.397233784198761,0.2969343364238739,0.1979762315750122
1291,1291,0.0042838747613132,,,,,,,,,
1292,1292,,,0.9422410130500793,0.8644758462905884,0.8000050783157349,1.0048646926879883,0.2148669958114624,0.39737698435783386,0.2970615029335022,0.1979762315750122
1292,1292,0.004277018364518881,,,,,,,,,
1293,1293,,,0.9460844397544861,0.8633339405059814,0.8002397418022156,1.0036647319793701,0.2161971479654312,0.39662590622901917,0.2967376708984375,0.1979762315750122
1293,1293,0.004269820172339678,,,,,,,,,
1294,1294,,,0.9413155913352966,0.8637304902076721,0.799709677696228,1.0045417547225952,0.21598602831363678,0.39647507667541504,0.2966977655887604,0.1979762315750122
1294,1294,0.004263679496943951,,,,,,,,,
1295,1295,,,0.9472193717956543,0.8635591268539429,0.8003929257392883,1.0029407739639282,0.21532954275608063,0.3958928883075714,0.2964155375957489,0.1979762315750122
1295,1295,0.0042592003010213375,,,,,,,,,
1296,1296,,,0.9398865103721619,0.8638333082199097,0.7994190454483032,1.0046501159667969,0.21658702194690704,0.3958095610141754,0.29651927947998047,0.1979762315750122
1296,1296,0.004256151150912046,,,,,,,,,
1297,1297,,,0.9489427804946899,0.8628274202346802,0.8004158139228821,1.0017446279525757,0.2155027985572815,0.39488863945007324,0.29589003324508667,0.1979762315750122
1297,1297,0.004254885483533144,,,,,,,,,
1298,1298,,,0.9377351999282837,0.8647653460502625,0.7991159558296204,1.0051987171173096,0.21613149344921112,0.3954239785671234,0.29651206731796265,0.1979762315750122
1298,1298,0.004256963264197111,,,,,,,,,
1299,1299,,0.004265279043465853,,,,,,,,
1299,1299,,,0.9516602158546448,0.8616779446601868,0.8002667427062988,1.0002416372299194,0.21640098094940186,0.39371755719184875,0.295274019241333,0.1979762315750122
1299,1299,0.004265279043465853,,,,,,,,,
1300,1300,,,0.9343169927597046,0.8657756447792053,0.7983836531639099,1.0059278011322021,0.215610533952713,0.39510440826416016,0.2964712381362915,0.1979762315750122
1300,1300,0.0042835623025894165,,,,,,,,,
1301,1301,,,0.9564350843429565,0.8606483936309814,0.799866259098053,0.9985493421554565,0.2171379029750824,0.39261236786842346,0.2947147488594055,0.1979762315750122
1301,1301,0.004318663384765387,,,,,,,,,
1302,1302,,,0.9286361932754517,0.8667728900909424,0.7964885234832764,1.0070462226867676,0.21549592912197113,0.394776314496994,0.29634737968444824,0.1979762315750122
1302,1302,0.004381401464343071,,,,,,,,,
1303,1303,,,0.9651684165000916,0.8593708872795105,0.7982567548751831,0.9960201978683472,0.2177300900220871,0.39145874977111816,0.2939940094947815,0.1979762315750122
1303,1303,0.004493826534599066,,,,,,,,,
1304,1304,,,0.9193586111068726,0.8686909675598145,0.7920001745223999,1.0095516443252563,0.21560001373291016,0.3948932886123657,0.2964228689670563,0.1979762315750122
1304,1304,0.00468661030754447,,,,,,,,,
1305,1305,,,0.9810457825660706,0.8570600152015686,0.792137861251831,0.9914533495903015,0.21889352798461914,0.38987213373184204,0.29255563020706177,0.1979762315750122
1305,1305,0.005024528130888939,,,,,,,,,
1306,1306,,,0.9053598642349243,0.8728523850440979,0.7816985845565796,1.0145615339279175,0.21572117507457733,0.3961557149887085,0.2969681918621063,0.1979762315750122
1306,1306,0.005578586831688881,,,,,,,,,
1307,1307,,,1.008052110671997,0.8535537719726562,0.775560200214386,0.9840199947357178,0.2216731160879135,0.3877171576023102,0.2899411618709564,0.1979762315750122
1307,1307,0.006512490566819906,,,,,,,,,
1308,1308,,,0.888486385345459,0.8797332048416138,0.7644152641296387,1.0217561721801758,0.21651874482631683,0.3989657759666443,0.29802897572517395,0.1979762315750122
1308,1308,0.007872333750128746,,,,,,,,,
1309,1309,,,1.042046070098877,0.8503210544586182,0.7563667893409729,0.9746367931365967,0.2268308848142624,0.38479119539260864,0.28693392872810364,0.1979762315750122
1309,1309,0.00983551423996687,,,,,,,,,
1310,1310,,,0.8766952753067017,0.8854855298995972,0.7519258260726929,1.0255120992660522,0.21781204640865326,0.4015279710292816,0.2984492778778076,0.1979762315750122
1310,1310,0.011705623008310795,,,,,,,,,
1311,1311,,,1.0463944673538208,0.8500829935073853,0.7546854019165039,0.9692312479019165,0.23068292438983917,0.3803318440914154,0.28447574377059937,0.1979762315750122
1311,1311,0.012979363091289997,,,,,,,,,
1312,1312,,,0.8855746388435364,0.8796612024307251,0.7666500210762024,1.0134367942810059,0.21490478515625,0.39743372797966003,0.2946019768714905,0.1979762315750122
1312,1312,0.011729616671800613,,,,,,,,,
1313,1313,,,0.9820559024810791,0.8558379411697388,0.7927987575531006,0.979278028011322,0.22390806674957275,0.37967267632484436,0.28654807806015015,0.1979762315750122
1313,1313,0.00860429834574461,,,,,,,,,
1314,1314,,,0.9451689124107361,0.8643976449966431,0.7989466786384583,0.9871910810470581,0.21144814789295197,0.38590481877326965,0.28860023617744446,0.1979762315750122
1314,1314,0.005236273631453514,,,,,,,,,
1315,1315,,,0.9073816537857056,0.8704477548599243,0.7854511737823486,1.0010262727737427,0.2167365401983261,0.3896573781967163,0.2911619246006012,0.1979762315750122
1315,1315,0.004202362149953842,,,,,,,,,
1316,1316,,,1.0107238292694092,0.8547533750534058,0.7754708528518677,0.9697475433349609,0.2227686643600464,0.3772065341472626,0.28322696685791016,0.1979762315750122
1316,1316,0.005660729482769966,,,,,,,,,
1317,1317,,,0.8875637054443359,0.8794767260551453,0.77103590965271,1.0075123310089111,0.21507950127124786,0.3947245478630066,0.2923664450645447,0.1979762315750122
1317,1317,0.00745555991306901,,,,,,,,,
1318,1318,,,0.9898964762687683,0.8538843989372253,0.7884469032287598,0.976569652557373,0.2280948907136917,0.37824440002441406,0.28552910685539246,0.1979762315750122
1318,1318,0.007540393620729446,,,,,,,,,
1319,1319,,,0.9307755827903748,0.8678991198539734,0.7972993850708008,0.9911815524101257,0.21101975440979004,0.38612544536590576,0.2891441881656647,0.1979762315750122
1319,1319,0.0057627130299806595,,,,,,,,,
1320,1320,,,0.9201995730400085,0.8645550012588501,0.7936629056930542,0.9966810941696167,0.21986961364746094,0.3872033953666687,0.2904583513736725,0.1979762315750122
1320,1320,0.004254826344549656,,,,,,,,,
1321,1321,,,0.9906407594680786,0.855352520942688,0.7893673777580261,0.9765714406967163,0.22099018096923828,0.37838780879974365,0.28558868169784546,0.1979762315750122
1321,1321,0.0044698165729641914,,,,,,,,,
1322,1322,,,0.8979460597038269,0.8750936985015869,0.7810025215148926,1.0032800436019897,0.21407218277454376,0.39084047079086304,0.29136621952056885,0.1979762315750122
1322,1322,0.00563676655292511,,,,,,,,,
1323,1323,,,0.9761348962783813,0.8544178009033203,0.7940647006034851,0.9801273345947266,0.2273252308368683,0.3787069618701935,0.28642287850379944,0.1979762315750122
1323,1323,0.00603084871545434,,,,,,,,,
1324,1324,,,0.9359259009361267,0.8682200312614441,0.7984627485275269,0.9899147748947144,0.2121216058731079,0.38394394516944885,0.28874844312667847,0.1979762315750122
1324,1324,0.0051313042640686035,,,,,,,,,
1325,1325,,,0.9204204678535461,0.8652521371841431,0.7939924001693726,0.9934738874435425,0.21755163371562958,0.3839126229286194,0.2887316644191742,0.1979762315750122
1325,1325,0.004199997056275606,,,,,,,,,
1326,1326,,,0.9780978560447693,0.8578295111656189,0.7953599691390991,0.9769304394721985,0.21949250996112823,0.37718451023101807,0.2851974666118622,0.1979762315750122
1326,1326,0.004289831500500441,,,,,,,,,
1327,1327,,,0.908568799495697,0.873491644859314,0.7875555157661438,0.9963628649711609,0.21389615535736084,0.3857709765434265,0.2890434265136719,0.1979762315750122
1327,1327,0.004962539300322533,,,,,,,,,
1328,1328,,,0.9595691561698914,0.8564046025276184,0.7972234487533569,0.9789074063301086,0.22268424928188324,0.37641119956970215,0.2847359776496887,0.1979762315750122
1328,1328,0.005135561805218458,,,,,,,,,
1329,1329,,,0.9426714181900024,0.8663103580474854,0.799390435218811,0.9843717217445374,0.21353185176849365,0.3801259994506836,0.28654858469963074,0.1979762315750122
1329,1329,0.004579830914735794,,,,,,,,,
1330,1330,,,0.9202160239219666,0.8650262951850891,0.7938050031661987,0.9893012642860413,0.21666555106639862,0.3804212212562561,0.2865595817565918,0.1979762315750122
1330,1330,0.004106048494577408,,,,,,,,,
1331,1331,,,0.9679273962974548,0.8577158451080322,0.7973452806472778,0.9741761088371277,0.2172553539276123,0.3745110034942627,0.28320565819740295,0.1979762315750122
1331,1331,0.0042448197491467,,,,,,,,,
1332,1332,,,0.9195188283920288,0.870274543762207,0.7926717400550842,0.9902422428131104,0.21496830880641937,0.38155466318130493,0.28708121180534363,0.1979762315750122
1332,1332,0.004606837872415781,,,,,,,,,
1333,1333,,,0.9481922388076782,0.8576589226722717,0.7980055809020996,0.9780648350715637,0.21881608664989471,0.3745913505554199,0.28342369198799133,0.1979762315750122
1333,1333,0.004599499516189098,,,,,,,,,
1334,1334,,,0.9474331140518188,0.864770770072937,0.7997685074806213,0.9796109199523926,0.2137887328863144,0.37662285566329956,0.2845255732536316,0.1979762315750122
1334,1334,0.004249978344887495,,,,,,,,,
1335,1335,,,0.9230269193649292,0.8648390769958496,0.7947003841400146,0.9873550534248352,0.217386394739151,0.37835028767585754,0.28575071692466736,0.1979762315750122
1335,1335,0.004056642763316631,,,,,,,,,
1336,1336,,,0.9596480131149292,0.8579102158546448,0.7984699606895447,0.9737769365310669,0.2152509242296219,0.3730333149433136,0.28233763575553894,0.1979762315750122
1336,1336,0.004197780974209309,,,,,,,,,
1337,1337,,,0.9282471537590027,0.8680700659751892,0.7956574559211731,0.9866967797279358,0.21722617745399475,0.3784960210323334,0.2860242426395416,0.1979762315750122
1337,1337,0.004362509120255709,,,,,,,,,
1338,1338,,,0.9418919086456299,0.8581685423851013,0.7980310320854187,0.9798616766929626,0.2186942994594574,0.37427031993865967,0.2836313247680664,0.1979762315750122
1338,1338,0.004283133894205093,,,,,,,,,
1339,1339,,,0.9485475420951843,0.8629485368728638,0.7995066046714783,0.978420078754425,0.21476691961288452,0.37478792667388916,0.2838030457496643,0.1979762315750122
1339,1339,0.0040818070992827415,,,,,,,,,
1340,1340,,,0.9266782402992249,0.8642316460609436,0.7953974008560181,0.9871393442153931,0.22048896551132202,0.37697720527648926,0.28575950860977173,0.1979762315750122
1340,1340,0.004027118906378746,,,,,,,,,
1341,1341,,,0.952940821647644,0.8579493165016174,0.7986292243003845,0.9759216904640198,0.2151588797569275,0.3729100525379181,0.2826680541038513,0.1979762315750122
1341,1341,0.004129704087972641,,,,,,,,,
1342,1342,,,0.9333754181861877,0.866324782371521,0.7967771291732788,0.9851308465003967,0.21875864267349243,0.37638649344444275,0.285486102104187,0.1979762315750122
1342,1342,0.0041847932152450085,,,,,,,,,
1343,1343,,,0.9386498928070068,0.8590041399002075,0.7974679470062256,0.9813799262046814,0.2196349948644638,0.37379229068756104,0.2838895618915558,0.1979762315750122
1343,1343,0.004100578371435404,,,,,,,,,
1344,1344,,,0.9471845030784607,0.8620097637176514,0.7989698648452759,0.978455662727356,0.21454237401485443,0.37370550632476807,0.2834746539592743,0.1979762315750122
1344,1344,0.0039955019019544125,,,,,,,,,
1345,1345,,,0.929594874382019,0.8634730577468872,0.7957092523574829,0.9859939217567444,0.22167927026748657,0.3751368522644043,0.28523945808410645,0.1979762315750122
1345,1345,0.003995193634182215,,,,,,,,,
1346,1346,,,0.9478977918624878,0.8579175472259521,0.7983378767967224,0.9767327904701233,0.21489031612873077,0.37211087346076965,0.28247517347335815,0.1979762315750122
1346,1346,0.004056449513882399,,,,,,,,,
1347,1347,,,0.9358765482902527,0.8644845485687256,0.7971670031547546,0.9833293557167053,0.21897417306900024,0.3743765950202942,0.2846350073814392,0.1979762315750122
1347,1347,0.0040610493160784245,,,,,,,,,
1348,1348,,,0.9374951720237732,0.8589643836021423,0.7970462441444397,0.9807763695716858,0.22004446387290955,0.3722713887691498,0.28331661224365234,0.1979762315750122
1348,1348,0.003994310740381479,,,,,,,,,
1349,1349,,0.003942830488085747,,,,,,,,
1349,1349,,,0.9454106092453003,0.8610759973526001,0.7986956834793091,0.9777011275291443,0.21412593126296997,0.37216606736183167,0.2827773690223694,0.1979762315750122
1349,1349,0.003942830488085747,,,,,,,,,
1350,1350,,,0.9323375821113586,0.8627848625183105,0.7962890267372131,0.9839721918106079,0.2223687767982483,0.3730866014957428,0.28437238931655884,0.1979762315750122
1350,1350,0.0039573959074914455,,,,,,,,,
1351,1351,,,0.9452592134475708,0.8584276437759399,0.7983031272888184,0.9761884212493896,0.21505789458751678,0.37057992815971375,0.28187042474746704,0.1979762315750122
1351,1351,0.003989511169493198,,,,,,,,,
1352,1352,,,0.937533974647522,0.8636212348937988,0.79767906665802,0.981519341468811,0.21862615644931793,0.3723319172859192,0.2837522625923157,0.1979762315750122
1352,1352,0.00397618068382144,,,,,,,,,
1353,1353,,,0.938079833984375,0.8594555854797363,0.7973309755325317,0.9795989990234375,0.22054453194141388,0.3706466257572174,0.2827025055885315,0.1979762315750122
1353,1353,0.003928723745048046,,,,,,,,,
1354,1354,,,0.9442563652992249,0.8608667850494385,0.7988032698631287,0.9768818616867065,0.21443581581115723,0.3704086244106293,0.28212428092956543,0.1979762315750122
1354,1354,0.003902950556948781,,,,,,,,,
1355,1355,,,0.9345964193344116,0.8619714975357056,0.797014594078064,0.9823535084724426,0.22251543402671814,0.37124103307724,0.2836572825908661,0.1979762315750122
1355,1355,0.003916523884981871,,,,,,,,,
1356,1356,,,0.944020688533783,0.8585081100463867,0.7984523773193359,0.9760236740112305,0.21620026230812073,0.36926281452178955,0.2815476655960083,0.1979762315750122
1356,1356,0.003932131454348564,,,,,,,,,
1357,1357,,,0.9381463527679443,0.8624792098999023,0.7979728579521179,0.9805250763893127,0.2190166413784027,0.37051260471343994,0.2831268310546875,0.1979762315750122
1357,1357,0.0039166659116744995,,,,,,,,,
1358,1358,,,0.938652753829956,0.8590975999832153,0.7975916862487793,0.9791437387466431,0.22124581038951874,0.36942026019096375,0.28239402174949646,0.1979762315750122
1358,1358,0.0038840596098452806,,,,,,,,,
1359,1359,,,0.9429547190666199,0.8604409098625183,0.7986637949943542,0.9770816564559937,0.21602675318717957,0.3691050708293915,0.28190189599990845,0.1979762315750122
1359,1359,0.0038681677542626858,,,,,,,,,
1360,1360,,,0.9355481863021851,0.8612403273582458,0.797263503074646,0.9814153909683228,0.22261478006839752,0.3696437478065491,0.2831135094165802,0.1979762315750122
1360,1360,0.003875864902511239,,,,,,,,,
1361,1361,,,0.942907452583313,0.8586519360542297,0.7983014583587646,0.9764264822006226,0.21771180629730225,0.3682606816291809,0.28147438168525696,0.1979762315750122
1361,1361,0.00388335925526917,,,,,,,,,
1362,1362,,,0.9377557039260864,0.8617219924926758,0.7978060245513916,0.9800174832344055,0.21983425319194794,0.36890894174575806,0.2826329469680786,0.1979762315750122
1362,1362,0.0038717221468687057,,,,,,,,,
1363,1363,,,0.9386860132217407,0.8589165806770325,0.7975618839263916,0.9784643054008484,0.22129319608211517,0.3679947257041931,0.2819087505340576,0.1979762315750122
1363,1363,0.0038494167383760214,,,,,,,,,
1364,1364,,,0.9416089653968811,0.8600629568099976,0.7983007431030273,0.9771913290023804,0.21768265962600708,0.36774685978889465,0.2816210389137268,0.1979762315750122
1364,1364,0.0038364140782505274,,,,,,,,,
1365,1365,,,0.9357966184616089,0.8603198528289795,0.7972336411476135,0.9800275564193726,0.22208411991596222,0.36776700615882874,0.282279908657074,0.1979762315750122
1365,1365,0.0038379323668777943,,,,,,,,,
1366,1366,,,0.9420139789581299,0.8584678173065186,0.7981452345848083,0.9761142134666443,0.21850241720676422,0.3667767345905304,0.28105705976486206,0.1979762315750122
1366,1366,0.0038411393761634827,,,,,,,,,
1367,1367,,,0.9373412728309631,0.8607962131500244,0.7976517081260681,0.9791175127029419,0.22037769854068756,0.3671445846557617,0.2819623053073883,0.1979762315750122
1367,1367,0.003833920229226351,,,,,,,,,
1368,1368,,,0.9387930035591125,0.8585060834884644,0.7976521253585815,0.9772505760192871,0.22044409811496735,0.3662179708480835,0.2811663746833801,0.1979762315750122
1368,1368,0.003818881930783391,,,,,,,,,
1369,1369,,,0.9407545924186707,0.8596910238265991,0.7981765270233154,0.9769031405448914,0.2187567800283432,0.3661609888076782,0.2812007665634155,0.1979762315750122
1369,1369,0.0038071777671575546,,,,,,,,,
1370,1370,,,0.936234712600708,0.8595474362373352,0.7974192500114441,0.978587806224823,0.2213825285434723,0.3659771978855133,0.2814742922782898,0.1979762315750122
1370,1370,0.0038039730861783028,,,,,,,,,
1371,1371,,,0.9415689706802368,0.8582823872566223,0.7982484698295593,0.9756873250007629,0.21878749132156372,0.36519256234169006,0.28062331676483154,0.1979762315750122
1371,1371,0.003803893690928817,,,,,,,,,
1372,1372,,,0.9372526407241821,0.8598758578300476,0.7977257370948792,0.9782641530036926,0.2207825630903244,0.3655106723308563,0.2813680171966553,0.1979762315750122
1372,1372,0.0037993222940713167,,,,,,,,,
1373,1373,,,0.9390828013420105,0.8578826189041138,0.7979187369346619,0.9762813448905945,0.22004961967468262,0.3646429181098938,0.28057461977005005,0.1979762315750122
1373,1373,0.0037894092965871096,,,,,,,,,
1374,1374,,,0.9400838017463684,0.8589390516281128,0.7981910109519958,0.9765939116477966,0.21979424357414246,0.36461007595062256,0.280791312456131,0.1979762315750122
1374,1374,0.0037794248200953007,,,,,,,,,
1375,1375,,,0.936626136302948,0.8583928942680359,0.7976158857345581,0.9773690700531006,0.22116437554359436,0.36439183354377747,0.2807798385620117,0.1979762315750122
1375,1375,0.0037736226804554462,,,,,,,,,
1376,1376,,,0.9409907460212708,0.8577253818511963,0.7983068823814392,0.9753873348236084,0.21955794095993042,0.3637256920337677,0.28024181723594666,0.1979762315750122
1376,1376,0.003770815674215555,,,,,,,,,
1377,1377,,,0.936955988407135,0.8587888479232788,0.7977328896522522,0.977326512336731,0.22130075097084045,0.36390846967697144,0.2807289659976959,0.1979762315750122
1377,1377,0.003766909008845687,,,,,,,,,
1378,1378,,,0.9390048384666443,0.8572183847427368,0.7979917526245117,0.9755183458328247,0.2203262597322464,0.3631944954395294,0.28005117177963257,0.1979762315750122
1378,1378,0.0037600204814225435,,,,,,,,,
1379,1379,,,0.939081609249115,0.8583067655563354,0.7980542778968811,0.9761653542518616,0.2208337038755417,0.36310479044914246,0.28031808137893677,0.1979762315750122
1379,1379,0.00375194544903934,,,,,,,,,
1380,1380,,,0.936683714389801,0.8575027585029602,0.7976037859916687,0.9761860966682434,0.22132013738155365,0.3628225326538086,0.2800788879394531,0.1979762315750122
1380,1380,0.00374539359472692,,,,,,,,,
1381,1381,,,0.9400193691253662,0.8572741150856018,0.7981379628181458,0.9750869870185852,0.22059820592403412,0.3623264729976654,0.2798370122909546,0.1979762315750122
1381,1381,0.003740869928151369,,,,,,,,,
1382,1382,,,0.9364889860153198,0.8577982783317566,0.7975892424583435,0.9762616157531738,0.22178952395915985,0.3623058497905731,0.28002509474754333,0.1979762315750122
1382,1382,0.0037366533651947975,,,,,,,,,
1383,1383,,,0.9386730194091797,0.8565787076950073,0.7978814244270325,0.9748009443283081,0.22096899151802063,0.3617253303527832,0.2795185148715973,0.1979762315750122
1383,1383,0.00373113714158535,,,,,,,,,
1384,1384,,,0.9380131363868713,0.8575009703636169,0.7978395819664001,0.9755626320838928,0.2216278612613678,0.361625999212265,0.2797682583332062,0.1979762315750122
1384,1384,0.0037244625855237246,,,,,,,,,
1385,1385,,,0.9367802143096924,0.8565579652786255,0.7975637316703796,0.9750490188598633,0.22156715393066406,0.3612214922904968,0.2793912887573242,0.1979762315750122
1385,1385,0.0037180057261139154,,,,,,,,,
1386,1386,,,0.9390295743942261,0.8567510843276978,0.7979722619056702,0.9746487140655518,0.22136148810386658,0.3609009087085724,0.2793716490268707,0.1979762315750122
1386,1386,0.0037126506213098764,,,,,,,,,
1387,1387,,,0.9363150596618652,0.8568130135536194,0.797540545463562,0.9751796722412109,0.22193723917007446,0.36071911454200745,0.27933937311172485,0.1979762315750122
1387,1387,0.00370801892131567,,,,,,,,,
1388,1388,,,0.9384173154830933,0.8560720682144165,0.7978520393371582,0.9741085171699524,0.22134318947792053,0.3602169454097748,0.27899977564811707,0.1979762315750122
1388,1388,0.003703095018863678,,,,,,,,,
1389,1389,,,0.9372512102127075,0.8567661046981812,0.7977548241615295,0.9747888445854187,0.2219260036945343,0.3601236939430237,0.279177188873291,0.1979762315750122
1389,1389,0.0036973811220377684,,,,,,,,,
1390,1390,,,0.937103807926178,0.8558084964752197,0.7976567149162292,0.9740453362464905,0.22169283032417297,0.3596341907978058,0.2787835896015167,0.1979762315750122
1390,1390,0.003691267454996705,,,,,,,,,
1391,1391,,,0.9381498098373413,0.8562545776367188,0.7978960275650024,0.9740285873413086,0.2216832935810089,0.35941216349601746,0.2788388729095459,0.1979762315750122
1391,1391,0.0036854890640825033,,,,,,,,,
1392,1392,,,0.9364384412765503,0.8558833003044128,0.7976021766662598,0.9740933775901794,0.22207874059677124,0.35911521315574646,0.27867981791496277,0.1979762315750122
1392,1392,0.0036803451366722584,,,,,,,,,
1393,1393,,,0.9380658864974976,0.8556073307991028,0.7978575229644775,0.9733725190162659,0.2216395139694214,0.35869526863098145,0.2784610390663147,0.1979762315750122
1393,1393,0.0036755260080099106,,,,,,,,,
1394,1394,,,0.9366797804832458,0.8559340238571167,0.7976935505867004,0.9738272428512573,0.22216254472732544,0.35853928327560425,0.278516948223114,0.1979762315750122
1394,1394,0.0036704957019537687,,,,,,,,,
1395,1395,,,0.9372759461402893,0.8551896810531616,0.7977256774902344,0.9730913639068604,0.22194264829158783,0.35806936025619507,0.2781931459903717,0.1979762315750122
1395,1395,0.003665020689368248,,,,,,,,,
1396,1396,,,0.9371936917304993,0.8557067513465881,0.7977796196937561,0.9732279181480408,0.22200258076190948,0.35787999629974365,0.2782261371612549,0.1979762315750122
1396,1396,0.0036593282129615545,,,,,,,,,
1397,1397,,,0.9365238547325134,0.8550723195075989,0.7976157069206238,0.9730042815208435,0.22235499322414398,0.35750141739845276,0.2780187129974365,0.1979762315750122
1397,1397,0.003653803840279579,,,,,,,,,
1398,1398,,,0.9373682141304016,0.8552048206329346,0.7977749705314636,0.9726020693778992,0.22195281088352203,0.35720643401145935,0.2778896391391754,0.1979762315750122
1398,1398,0.0036486308090388775,,,,,,,,,
1399,1399,,0.0036436752416193485,,,,,,,,
1399,1399,,,0.9362164735794067,0.8550819158554077,0.797579824924469,0.9727951884269714,0.22255930304527283,0.3569274842739105,0.2778335213661194,0.1979762315750122
1399,1399,0.0036436752416193485,,,,,,,,,
1400,1400,,,0.9370676875114441,0.8546706438064575,0.7976924180984497,0.9721759557723999,0.2222009301185608,0.35655251145362854,0.27759647369384766,0.1979762315750122
1400,1400,0.00363866682164371,,,,,,,,,
1401,1401,,,0.9362996220588684,0.8549678325653076,0.7976023554801941,0.9723546504974365,0.22249667346477509,0.3563326299190521,0.2775832414627075,0.1979762315750122
1401,1401,0.0036334446631371975,,,,,,,,,
1402,1402,,,0.9365073442459106,0.8543379306793213,0.7975836396217346,0.971924364566803,0.2226385921239853,0.35591816902160645,0.27735966444015503,0.1979762315750122
1402,1402,0.0036280828062444925,,,,,,,,,
1403,1403,,,0.9365127086639404,0.854642927646637,0.7976353168487549,0.9717869758605957,0.22235435247421265,0.3557078540325165,0.2772846817970276,0.1979762315750122
1403,1403,0.0036227554082870483,,,,,,,,,
1404,1404,,,0.9359895586967468,0.8542097210884094,0.7975008487701416,0.971706211566925,0.22295869886875153,0.3553193509578705,0.2771489918231964,0.1979762315750122
1404,1404,0.003617581445723772,,,,,,,,,
1405,1405,,,0.9365841746330261,0.8541964292526245,0.7976363897323608,0.9712442755699158,0.22240357100963593,0.3550422787666321,0.27697741985321045,0.1979762315750122
1405,1405,0.003612551838159561,,,,,,,,,
1406,1406,,,0.9357380867004395,0.8541281223297119,0.797483503818512,0.9713811278343201,0.22299163043498993,0.35474446415901184,0.27692216634750366,0.1979762315750122
1406,1406,0.0036075434181839228,,,,,,,,,
1407,1407,,,0.9363690614700317,0.8537685871124268,0.7975842356681824,0.9708379507064819,0.22269059717655182,0.35437241196632385,0.2767011225223541,0.1979762315750122
1407,1407,0.003602461190894246,,,,,,,,,
1408,1408,,,0.9357853531837463,0.8539419770240784,0.7975227236747742,0.9708941578865051,0.22281770408153534,0.3541429042816162,0.2766501307487488,0.1979762315750122
1408,1408,0.0035973102785646915,,,,,,,,,
1409,1409,,,0.9359298944473267,0.8534563183784485,0.7975049614906311,0.9705536365509033,0.22306101024150848,0.3537430167198181,0.2764635384082794,0.1979762315750122
1409,1409,0.003592143999412656,,,,,,,,,
1410,1410,,,0.9359524250030518,0.8536080718040466,0.7975646257400513,0.9703242778778076,0.22267970442771912,0.3534999191761017,0.27634644508361816,0.1979762315750122
1410,1410,0.0035870482679456472,,,,,,,,,
1411,1411,,,0.9354913830757141,0.8532585501670837,0.7974446415901184,0.9702728986740112,0.22326698899269104,0.35314446687698364,0.27623409032821655,0.1979762315750122
1411,1411,0.003582025645300746,,,,,,,,,
1412,1412,,,0.9359838366508484,0.8532010316848755,0.7975624799728394,0.9698056578636169,0.22276565432548523,0.3528495728969574,0.2760502099990845,0.1979762315750122
1412,1412,0.003577055409550667,,,,,,,,,
1413,1413,,,0.9352610111236572,0.8530848026275635,0.7974292635917664,0.9698859453201294,0.2232581377029419,0.352542519569397,0.27597981691360474,0.1979762315750122
1413,1413,0.0035720686428248882,,,,,,,,,
1414,1414,,,0.9357409477233887,0.8528160452842712,0.7975065112113953,0.9694012999534607,0.2230246514081955,0.35221409797668457,0.2757795453071594,0.1979762315750122
1414,1414,0.003567049279808998,,,,,,,,,
1415,1415,,,0.9352682828903198,0.8528534173965454,0.7974448800086975,0.9693896770477295,0.2231748253107071,0.3519304394721985,0.275699645280838,0.1979762315750122
1415,1415,0.003561996854841709,,,,,,,,,
1416,1416,,,0.9353097081184387,0.8525010347366333,0.7974255084991455,0.9690676927566528,0.22329123318195343,0.3515871465206146,0.27552396059036255,0.1979762315750122
1416,1416,0.0035569623578339815,,,,,,,,,
1417,1417,,,0.9353445768356323,0.8525382876396179,0.7974568009376526,0.9688526391983032,0.22316105663776398,0.3513135612010956,0.27540743350982666,0.1979762315750122
1417,1417,0.0035519723314791918,,,,,,,,,
1418,1418,,,0.9349111318588257,0.8522512912750244,0.7973592281341553,0.9687279462814331,0.2234821766614914,0.3509690463542938,0.275271475315094,0.1979762315750122
1418,1418,0.00354702933691442,,,,,,,,,
1419,1419,,,0.9352877736091614,0.8521786332130432,0.7974385619163513,0.9683434367179871,0.22322502732276917,0.3506872057914734,0.2751133143901825,0.1979762315750122
1419,1419,0.0035421208012849092,,,,,,,,,
1420,1420,,,0.9347007870674133,0.8520188927650452,0.7973278164863586,0.9683294296264648,0.22360236942768097,0.35036277770996094,0.27501392364501953,0.1979762315750122
1420,1420,0.0035372101701796055,,,,,,,,,
1421,1421,,,0.9350318312644958,0.8518303632736206,0.7973909378051758,0.9678957462310791,0.22335584461688995,0.35005658864974976,0.27482736110687256,0.1979762315750122
1421,1421,0.003532291390001774,,,,,,,,,
1422,1422,,,0.9346619844436646,0.8517603278160095,0.7973243594169617,0.9678587317466736,0.22365722060203552,0.34975624084472656,0.27474191784858704,0.1979762315750122
1422,1422,0.0035273567773401737,,,,,,,,,
1423,1423,,,0.93467116355896,0.8515161871910095,0.7973290681838989,0.9675061106681824,0.22353702783584595,0.34943684935569763,0.2745582163333893,0.1979762315750122
1423,1423,0.003522428683936596,,,,,,,,,
1424,1424,,,0.9346602559089661,0.851462185382843,0.7973290681838989,0.9673433303833008,0.22366926074028015,0.3491396903991699,0.2744538187980652,0.1979762315750122
1424,1424,0.003517516888678074,,,,,,,,,
1425,1425,,,0.9343493580818176,0.8512319326400757,0.7972747087478638,0.9671285152435303,0.22373650968074799,0.34882694482803345,0.2742993235588074,0.1979762315750122
1425,1425,0.003512635827064514,,,,,,,,,
1426,1426,,,0.9345718026161194,0.8511358499526978,0.7973197102546692,0.9668346643447876,0.22367894649505615,0.3485206663608551,0.27416059374809265,0.1979762315750122
1426,1426,0.003507775953039527,,,,,,,,,
1427,1427,,,0.9341440796852112,0.8509644865989685,0.7972422242164612,0.966712236404419,0.22389575839042664,0.34821322560310364,0.27403509616851807,0.1979762315750122
1427,1427,0.0035029358696192503,,,,,,,,,
1428,1428,,,0.9343674182891846,0.8508059978485107,0.7972893118858337,0.9663606882095337,0.22374221682548523,0.3479064702987671,0.27387264370918274,0.1979762315750122
1428,1428,0.0034981020726263523,,,,,,,,,
1429,1429,,,0.9340327382087708,0.8506919741630554,0.7972283959388733,0.9662463665008545,0.22397972643375397,0.3475949466228485,0.2737586200237274,0.1979762315750122
1429,1429,0.0034932636190205812,,,,,,,,,
1430,1430,,,0.9340988993644714,0.8504940867424011,0.7972442507743835,0.9659122824668884,0.22386477887630463,0.34729015827178955,0.2735901474952698,0.1979762315750122
1430,1430,0.0034884302876889706,,,,,,,,,
1431,1431,,,0.9339460730552673,0.8504008054733276,0.7972189784049988,0.9657501578330994,0.22401635348796844,0.3469802141189575,0.27347272634506226,0.1979762315750122
1431,1431,0.0034836092963814735,,,,,,,,,
1432,1432,,,0.9338314533233643,0.8501984477043152,0.7971974611282349,0.9654711484909058,0.2240138053894043,0.3466695547103882,0.2733106017112732,0.1979762315750122
1432,1432,0.0034787936601787806,,,,,,,,,
1433,1433,,,0.9338322877883911,0.8500933051109314,0.7972018122673035,0.9652437567710876,0.22405175864696503,0.3463672697544098,0.27318093180656433,0.1979762315750122
1433,1433,0.003474003402516246,,,,,,,,,
1434,1434,,,0.9335980415344238,0.8499130010604858,0.7971572875976562,0.9650260210037231,0.2241520881652832,0.34605297446250916,0.2730332911014557,0.1979762315750122
1434,1434,0.0034692264162003994,,,,,,,,,
1435,1435,,,0.9336780905723572,0.849776029586792,0.7971738576889038,0.964742124080658,0.22411616146564484,0.34575071930885315,0.2728874385356903,0.1979762315750122
1435,1435,0.0034644613042473793,,,,,,,,,
1436,1436,,,0.933398425579071,0.8496304750442505,0.7971251606941223,0.9645646810531616,0.2242615669965744,0.3454437553882599,0.2727539539337158,0.1979762315750122
1436,1436,0.003459713188931346,,,,,,,,,
1437,1437,,,0.9334942102432251,0.8494608998298645,0.7971393465995789,0.9642571806907654,0.22422149777412415,0.34513378143310547,0.2725984454154968,0.1979762315750122
1437,1437,0.003454966936260462,,,,,,,,,
1438,1438,,,0.9332239627838135,0.8493420481681824,0.797097384929657,0.9640790820121765,0.2243310660123825,0.34483593702316284,0.2724674940109253,0.1979762315750122
1438,1438,0.003450225805863738,,,,,,,,,
1439,1439,,,0.9332875609397888,0.8491517305374146,0.7971025109291077,0.9637888073921204,0.22435931861400604,0.344520628452301,0.2723153233528137,0.1979762315750122
1439,1439,0.0034454900305718184,,,,,,,,,
1440,1440,,,0.9330727458000183,0.8490437269210815,0.7970734238624573,0.9635724425315857,0.2243867814540863,0.3442268967628479,0.2721748352050781,0.1979762315750122
1440,1440,0.0034407663624733686,,,,,,,,,
1441,1441,,,0.9330596327781677,0.8488455414772034,0.797062873840332,0.9633245468139648,0.22449931502342224,0.34390896558761597,0.2720326781272888,0.1979762315750122
1441,1441,0.003436055965721607,,,,,,,,,
1442,1442,,,0.9329392910003662,0.8487368822097778,0.7970529794692993,0.9630590677261353,0.2244507372379303,0.3436192572116852,0.2718816101551056,0.1979762315750122
1442,1442,0.003431351389735937,,,,,,,,,
1443,1443,,,0.9328234791755676,0.8485423922538757,0.79702228307724,0.962849497795105,0.22462843358516693,0.3432958126068115,0.27174562215805054,0.1979762315750122
1443,1443,0.0034266652073711157,,,,,,,,,
1444,1444,,,0.9328016638755798,0.8484266400337219,0.7970321178436279,0.9625465869903564,0.22452686727046967,0.3430119752883911,0.27158889174461365,0.1979762315750122
1444,1444,0.0034219881054013968,,,,,,,,,
1445,1445,,,0.9326046109199524,0.8482405543327332,0.7969850301742554,0.9623615145683289,0.22474627196788788,0.3426845073699951,0.2714556157588959,0.1979762315750122
1445,1445,0.003417324274778366,,,,,,,,,
1446,1446,,,0.9326348304748535,0.8481201529502869,0.7970060706138611,0.9620343446731567,0.22461162507534027,0.3424021601676941,0.27129408717155457,0.1979762315750122
1446,1446,0.0034126669634133577,,,,,,,,,
1447,1447,,,0.932420015335083,0.8479345440864563,0.7969540357589722,0.9618602395057678,0.22485439479351044,0.3420748710632324,0.27116382122039795,0.1979762315750122
1447,1447,0.0034080229233950377,,,,,,,,,
1448,1448,,,0.9324325323104858,0.8478175401687622,0.7969735264778137,0.9615241885185242,0.22470277547836304,0.34179314970970154,0.27099794149398804,0.1979762315750122
1448,1448,0.0034033888950943947,,,,,,,,,
1449,1449,,0.003398758824914694,,,,,,,,
1449,1449,,,0.9322652220726013,0.8476225137710571,0.7969276905059814,0.9613457322120667,0.22495843470096588,0.3414633572101593,0.27086928486824036,0.1979762315750122
1449,1449,0.003398758824914694,,,,,,,,,
1450,1450,,,0.9322085976600647,0.8475155234336853,0.7969372868537903,0.9610158801078796,0.22479556500911713,0.3411880433559418,0.27070164680480957,0.1979762315750122
1450,1450,0.003394144121557474,,,,,,,,,
1451,1451,,,0.9321221113204956,0.8473043441772461,0.7969018220901489,0.9608235955238342,0.2250673621892929,0.3408498764038086,0.2705727517604828,0.1979762315750122
1451,1451,0.00338954571634531,,,,,,,,,
1452,1452,,,0.9319822788238525,0.8472155928611755,0.7969016432762146,0.9605036377906799,0.2248808890581131,0.3405859172344208,0.270404577255249,0.1979762315750122
1452,1452,0.0033849540632218122,,,,,,,,,
1453,1453,,,0.931975245475769,0.8469809889793396,0.7968730926513672,0.960302472114563,0.22519002854824066,0.3402368724346161,0.2702765464782715,0.1979762315750122
1453,1453,0.0033803866244852543,,,,,,,,,
1454,1454,,,0.9317629933357239,0.8469216227531433,0.7968688607215881,0.9599810838699341,0.22495275735855103,0.3399868309497833,0.27010512351989746,0.1979762315750122
1454,1454,0.0033758406061679125,,,,,,,,,
1455,1455,,,0.9318231344223022,0.846652626991272,0.7968412637710571,0.9597872495651245,0.22533603012561798,0.3396226763725281,0.2699822187423706,0.1979762315750122
1455,1455,0.0033713211305439472,,,,,,,,,
1456,1456,,,0.9315460920333862,0.8466348648071289,0.7968385219573975,0.9594448208808899,0.2249959260225296,0.3393940031528473,0.2698020935058594,0.1979762315750122
1456,1456,0.0033668396063148975,,,,,,,,,
1457,1457,,,0.9316758513450623,0.8463152050971985,0.7968065738677979,0.9592786431312561,0.22552481293678284,0.33900201320648193,0.2696901559829712,0.1979762315750122
1457,1457,0.003362412564456463,,,,,,,,,
1458,1458,,,0.9313201308250427,0.8463599681854248,0.7968109250068665,0.9588907957077026,0.2249932885169983,0.3388122022151947,0.26949387788772583,0.1979762315750122
1458,1458,0.0033580639865249395,,,,,,,,,
1459,1459,,,0.9315477609634399,0.8459575772285461,0.7967667579650879,0.9587822556495667,0.2257826030254364,0.33837008476257324,0.269402414560318,0.1979762315750122
1459,1459,0.003353837411850691,,,,,,,,,
1460,1460,,,0.9310712218284607,0.846108078956604,0.7967860102653503,0.9583110809326172,0.22491227090358734,0.338246613740921,0.26917731761932373,0.1979762315750122
1460,1460,0.0033498078119009733,,,,,,,,,
1461,1461,,,0.9314574599266052,0.8455678224563599,0.7967184782028198,0.9583066701889038,0.2261602282524109,0.3377196192741394,0.26912254095077515,0.1979762315750122
1461,1461,0.003346099052578211,,,,,,,,,
1462,1462,,,0.9307838678359985,0.8458977937698364,0.7967628240585327,0.9576939940452576,0.22470663487911224,0.3377087712287903,0.2688486576080322,0.1979762315750122
1462,1462,0.003342915093526244,,,,,,,,,
1463,1463,,,0.9314356446266174,0.8451223969459534,0.7966523170471191,0.9578682780265808,0.22674192488193512,0.3370363116264343,0.26885610818862915,0.1979762315750122
1463,1463,0.003340630792081356,,,,,,,,,
1464,1464,,,0.9304346442222595,0.8457658290863037,0.796736478805542,0.9570179581642151,0.2243073582649231,0.3372204601764679,0.26850152015686035,0.1979762315750122
1464,1464,0.0033398489467799664,,,,,,,,,
1465,1465,,,0.9315485954284668,0.844574511051178,0.7965438365936279,0.9574966430664062,0.22770479321479797,0.33629438281059265,0.2686140239238739,0.1979762315750122
1465,1465,0.0033416845835745335,,,,,,,,,
1466,1466,,,0.9299911260604858,0.8457737565040588,0.7966857552528381,0.9562422633171082,0.22361506521701813,0.33682358264923096,0.2681240737438202,0.1979762315750122
1466,1466,0.0033480683341622353,,,,,,,,,
1467,1467,,,0.9319485425949097,0.8438442349433899,0.796324610710144,0.9572470784187317,0.2294388711452484,0.33544856309890747,0.2684181332588196,0.1979762315750122
1467,1467,0.0033624633215367794,,,,,,,,,
1468,1468,,,0.9294331669807434,0.8460359573364258,0.7965306639671326,0.9552921056747437,0.22254900634288788,0.3365994989871979,0.26769647002220154,0.1979762315750122
1468,1468,0.0033910698257386684,,,,,,,,,
1469,1469,,,0.9330027103424072,0.8427878618240356,0.7957831621170044,0.9572230577468872,0.23284564912319183,0.33442744612693787,0.26831385493278503,0.1979762315750122
1469,1469,0.0034450923558324575,,,,,,,,,
1470,1470,,,0.9288731813430786,0.8467682600021362,0.7960054278373718,0.954026997089386,0.22135841846466064,0.3367079794406891,0.26718994975090027,0.1979762315750122
1470,1470,0.0035447163973003626,,,,,,,,,
1471,1471,,,0.9356516599655151,0.8411761522293091,0.7942273616790771,0.9576119184494019,0.24004359543323517,0.33314424753189087,0.2683948874473572,0.1979762315750122
1471,1471,0.0037260574754327536,,,,,,,,,
1472,1472,,,0.9289954900741577,0.8483102917671204,0.7943242192268372,0.9522016644477844,0.2217152714729309,0.33743923902511597,0.2665823996067047,0.1979762315750122
1472,1472,0.004052489064633846,,,,,,,,,
1473,1473,,,0.9422346353530884,0.8387901186943054,0.7900069952011108,0.9587128758430481,0.2554773986339569,0.33163201808929443,0.2688829302787781,0.1979762315750122
1473,1473,0.004629680886864662,,,,,,,,,
1474,1474,,,0.9320194721221924,0.8508645296096802,0.7898544669151306,0.9494662284851074,0.228695347905159,0.3390768766403198,0.26590508222579956,0.1979762315750122
1474,1474,0.005616438575088978,,,,,,,,,
1475,1475,,,0.9565318822860718,0.8361759185791016,0.7811576724052429,0.960789680480957,0.28243735432624817,0.3305605947971344,0.2701897621154785,0.1979762315750122
1475,1475,0.007194479461759329,,,,,,,,,
1476,1476,,,0.9397034645080566,0.8527023792266846,0.7836812138557434,0.9457564949989319,0.2431301772594452,0.3404429852962494,0.2651412785053253,0.1979762315750122
1476,1476,0.009409577585756779,,,,,,,,,
1477,1477,,,0.9724481701850891,0.837013840675354,0.7729871869087219,0.9630405902862549,0.2971929609775543,0.33171647787094116,0.2719254493713379,0.1979762315750122
1477,1477,0.011787897907197475,,,,,,,,,
1478,1478,,,0.9378833174705505,0.8470971584320068,0.781021237373352,0.9431362748146057,0.23280403017997742,0.3364589512348175,0.2629525065422058,0.1979762315750122
1478,1478,0.012955342419445515,,,,,,,,,
1479,1479,,,0.9607831239700317,0.8476846218109131,0.7811303734779358,0.9616178274154663,0.24961794912815094,0.3361522853374481,0.2712048292160034,0.1979762315750122
1479,1479,0.011372684501111507,,,,,,,,,
1480,1480,,,0.9201467037200928,0.8326953053474426,0.7863039374351501,0.9469879269599915,0.22456300258636475,0.3289758265018463,0.261940062046051,0.1979762315750122
1480,1480,0.007434630300849676,,,,,,,,,
1481,1481,,,0.9419007897377014,0.8619758486747742,0.7998257279396057,0.9521868228912354,0.2176082283258438,0.3398345410823822,0.26849377155303955,0.1979762315750122
1481,1481,0.004295686259865761,,,,,,,,,
1482,1482,,,0.9267513155937195,0.8245133757591248,0.7899475693702698,0.9572959542274475,0.28245770931243896,0.3307786285877228,0.26747581362724304,0.1979762315750122
1482,1482,0.004352012649178505,,,,,,,,,
1483,1483,,,0.9436046481132507,0.8593958020210266,0.7998669743537903,0.941604733467102,0.2248014509677887,0.3350357413291931,0.2642419934272766,0.1979762315750122
1483,1483,0.006432133261114359,,,,,,,,,
1484,1484,,,0.9315835237503052,0.8354475498199463,0.7915331721305847,0.9630486965179443,0.26030632853507996,0.3372531533241272,0.2707195580005646,0.1979762315750122
1484,1484,0.0073266178369522095,,,,,,,,,
1485,1485,,,0.9351786971092224,0.8390446901321411,0.7954744696617126,0.9443399310112,0.21685947477817535,0.32804617285728455,0.2625751197338104,0.1979762315750122
1485,1485,0.005714611615985632,,,,,,,,,
1486,1486,,,0.9290345311164856,0.8614491820335388,0.7971031069755554,0.9557751417160034,0.21394731104373932,0.3391162157058716,0.2685418725013733,0.1979762315750122
1486,1486,0.0037881340831518173,,,,,,,,,
1487,1487,,,0.9262179136276245,0.8248401284217834,0.7882604598999023,0.9572505950927734,0.27343815565109253,0.3322836458683014,0.2673259973526001,0.1979762315750122
1487,1487,0.003916142042726278,,,,,,,,,
1488,1488,,,0.9419637322425842,0.8673553466796875,0.8012222051620483,0.9469817876815796,0.21694308519363403,0.3339790105819702,0.2660408616065979,0.1979762315750122
1488,1488,0.005327703896909952,,,,,,,,,
1489,1489,,,0.9143801927566528,0.8315563797950745,0.7903256416320801,0.9620601534843445,0.2517538070678711,0.33768147230148315,0.26899057626724243,0.1979762315750122
1489,1489,0.005576120223850012,,,,,,,,,
1490,1490,,,0.9463288187980652,0.8422256112098694,0.7992589473724365,0.9505570530891418,0.22092793881893158,0.3295604884624481,0.266132652759552,0.1979762315750122
1490,1490,0.004243787843734026,,,,,,,,,
1491,1491,,,0.915307343006134,0.8559914231300354,0.7939457297325134,0.95380699634552,0.2126036286354065,0.3361290991306305,0.26612141728401184,0.1979762315750122
1491,1491,0.003340304596349597,,,,,,,,,
1492,1492,,,0.9339444041252136,0.8262543678283691,0.7901153564453125,0.9574241042137146,0.26072561740875244,0.33302995562553406,0.26789379119873047,0.1979762315750122
1492,1492,0.003914777655154467,,,,,,,,,
1493,1493,,,0.9360725283622742,0.8610606789588928,0.7998930215835571,0.9485839605331421,0.2089684158563614,0.3308119773864746,0.2653391361236572,0.1979762315750122
1493,1493,0.004650084301829338,,,,,,,,,
1494,1494,,,0.9113296866416931,0.8347123861312866,0.7898596525192261,0.9534186124801636,0.2315407246351242,0.3338916003704071,0.2648395895957947,0.1979762315750122
1494,1494,0.004275815095752478,,,,,,,,,
1495,1495,,,0.9502796530723572,0.8425905108451843,0.797606348991394,0.9530539512634277,0.22708433866500854,0.3294699490070343,0.2672361731529236,0.1979762315750122
1495,1495,0.0034894682466983795,,,,,,,,,
1496,1496,,,0.9113084077835083,0.852059006690979,0.7917242646217346,0.9447634220123291,0.20614753663539886,0.32999953627586365,0.2614046335220337,0.1979762315750122
1496,1496,0.0034982033539563417,,,,,,,,,
1497,1497,,,0.9365946054458618,0.833953857421875,0.7941157817840576,0.9538313150405884,0.24521879851818085,0.3315523564815521,0.26678231358528137,0.1979762315750122
1497,1497,0.003982069436460733,,,,,,,,,
1498,1498,,,0.9336826205253601,0.8505762815475464,0.7993150353431702,0.9460253715515137,0.21000094711780548,0.3270392417907715,0.2634214162826538,0.1979762315750122
1498,1498,0.003927632700651884,,,,,,,,,
1499,1499,,0.003429057076573372,,,,,,,,
1499,1499,,,0.9118626117706299,0.8411913514137268,0.7918545007705688,0.945439338684082,0.21633639931678772,0.3296028971672058,0.26150164008140564,0.1979762315750122
1499,1499,0.003429057076573372,,,,,,,,,
1500,1500,,,0.9485896825790405,0.8400499820709229,0.7965269684791565,0.9530448913574219,0.23618543148040771,0.32906845211982727,0.2670799791812897,0.1979762315750122
1500,1500,0.003330076113343239,,,,,,,,,
1501,1501,,,0.9132711291313171,0.8470674157142639,0.7924213409423828,0.940192461013794,0.2059817612171173,0.326097309589386,0.2592790424823761,0.1979762315750122
1501,1501,0.0036729085259139538,,,,,,,,,
1502,1502,,,0.9324774742126465,0.840441107749939,0.7959285974502563,0.9515393376350403,0.23170346021652222,0.330152690410614,0.26557138562202454,0.1979762315750122
1502,1502,0.003744621993973851,,,,,,,,,
1503,1503,,,0.9344522356987,0.8407878875732422,0.7979507446289062,0.9457568526268005,0.22060276567935944,0.3258458971977234,0.2630091607570648,0.1979762315750122
1503,1503,0.0033981839660555124,,,,,,,,,
1504,1504,,,0.9120650291442871,0.8472588062286377,0.7930720448493958,0.9433618783950806,0.21113227307796478,0.3275294601917267,0.2606573700904846,0.1979762315750122
1504,1504,0.003210485680028796,,,,,,,,,
1505,1505,,,0.9434443116188049,0.8368752598762512,0.7961960434913635,0.9512974619865417,0.23742428421974182,0.3282054662704468,0.2659235894680023,0.1979762315750122
1505,1505,0.0034045760985463858,,,,,,,,,
1506,1506,,,0.9164729118347168,0.8437180519104004,0.7935838103294373,0.9412850141525269,0.21150730550289154,0.3250824809074402,0.2597995698451996,0.1979762315750122
1506,1506,0.003543981583788991,,,,,,,,,
1507,1507,,,0.9270602464675903,0.8436585068702698,0.795954704284668,0.9475212097167969,0.22284579277038574,0.32770079374313354,0.26339292526245117,0.1979762315750122
1507,1507,0.0033702526707202196,,,,,,,,,
1508,1508,,,0.9337912201881409,0.8347179889678955,0.795430064201355,0.9456849098205566,0.23055699467658997,0.32530251145362854,0.2626793086528778,0.1979762315750122
1508,1508,0.0031949575059115887,,,,,,,,,
1509,1509,,,0.9136826395988464,0.8492897748947144,0.7935287356376648,0.9417818784713745,0.21209396421909332,0.3256063759326935,0.2600340247154236,0.1979762315750122
1509,1509,0.003277396783232689,,,,,,,,,
1510,1510,,,0.9363641142845154,0.8354331254959106,0.7954167723655701,0.9460647702217102,0.23387931287288666,0.32547545433044434,0.2630787491798401,0.1979762315750122
1510,1510,0.003402243135496974,,,,,,,,,
1511,1511,,,0.9203690886497498,0.8424530029296875,0.7944356799125671,0.9422365427017212,0.2188931256532669,0.32453328371047974,0.26045072078704834,0.1979762315750122
1511,1511,0.0033198557794094086,,,,,,,,,
1512,1512,,,0.9231101274490356,0.8442448377609253,0.7953362464904785,0.9410648345947266,0.21779024600982666,0.32412296533584595,0.26025503873825073,0.1979762315750122
1512,1512,0.003166401293128729,,,,,,,,,
1513,1513,,,0.932093620300293,0.8348868489265442,0.7947865724563599,0.9440281391143799,0.2336386889219284,0.3241371214389801,0.2618369460105896,0.1979762315750122
1513,1513,0.0031755019444972277,,,,,,,,,
1514,1514,,,0.9173122048377991,0.847174346446991,0.7943770289421082,0.9390484094619751,0.21378833055496216,0.32352471351623535,0.25904539227485657,0.1979762315750122
1514,1514,0.003281709272414446,,,,,,,,,
1515,1515,,,0.9297429919242859,0.8361748456954956,0.7950698137283325,0.9410176873207092,0.22806990146636963,0.3225869834423065,0.26037341356277466,0.1979762315750122
1515,1515,0.003279954893514514,,,,,,,,,
1516,1516,,,0.9252064228057861,0.8407289385795593,0.7952690124511719,0.9415420889854431,0.22421996295452118,0.3236295282840729,0.26049232482910156,0.1979762315750122
1516,1516,0.0031775932293385267,,,,,,,,,
1517,1517,,,0.9203832745552063,0.8419016599655151,0.7944737672805786,0.9371317625045776,0.21689771115779877,0.3216046690940857,0.25821271538734436,0.1979762315750122
1517,1517,0.003138115396723151,,,,,,,,,
1518,1518,,,0.9312166571617126,0.8364055156707764,0.7953567504882812,0.9420314431190491,0.23179581761360168,0.3226972818374634,0.2609308362007141,0.1979762315750122
1518,1518,0.0031897532753646374,,,,,,,,,
1519,1519,,,0.919853150844574,0.8426235914230347,0.7945098280906677,0.9377472400665283,0.21905332803726196,0.32217830419540405,0.25853535532951355,0.1979762315750122
1519,1519,0.0032116128131747246,,,,,,,,,
1520,1520,,,0.9259005188941956,0.8385293483734131,0.7950953245162964,0.938572108745575,0.224540114402771,0.3208971321582794,0.25904420018196106,0.1979762315750122
1520,1520,0.003159084590151906,,,,,,,,,
1521,1521,,,0.9273611903190613,0.8389414548873901,0.7950891256332397,0.9400874376296997,0.22812391817569733,0.32231518626213074,0.25993993878364563,0.1979762315750122
1521,1521,0.0031183711253106594,,,,,,,,,
1522,1522,,,0.9190865159034729,0.8410007953643799,0.7937135100364685,0.9362329244613647,0.22030270099639893,0.32045021653175354,0.2576310336589813,0.1979762315750122
1522,1522,0.0031406607013195753,,,,,,,,,
1523,1523,,,0.9303179383277893,0.8380680680274963,0.7954170107841492,0.9391658306121826,0.2289428412914276,0.32081398367881775,0.25960642099380493,0.1979762315750122
1523,1523,0.003166584065183997,,,,,,,,,
1524,1524,,,0.919873058795929,0.838970422744751,0.7934370636940002,0.9371973276138306,0.22530366480350494,0.3208528161048889,0.25808292627334595,0.1979762315750122
1524,1524,0.0031418204307556152,,,,,,,,,
1525,1525,,,0.925645649433136,0.8403422236442566,0.7952761650085449,0.9362673759460449,0.2230757772922516,0.3194057047367096,0.25805503129959106,0.1979762315750122
1525,1525,0.003102180315181613,,,,,,,,,
1526,1526,,,0.9251009821891785,0.8367037773132324,0.7939683794975281,0.9378986954689026,0.2306116372346878,0.32023870944976807,0.2586391270160675,0.1979762315750122
1526,1526,0.0031001290772110224,,,,,,,,,
1527,1527,,,0.9211646318435669,0.840369462966919,0.7940278649330139,0.9353294968605042,0.22303563356399536,0.3193577229976654,0.25734758377075195,0.1979762315750122
1527,1527,0.0031201548408716917,,,,,,,,,
1528,1528,,,0.9270061254501343,0.8381889462471008,0.7948335409164429,0.9361932277679443,0.22747249901294708,0.3187924027442932,0.2580125629901886,0.1979762315750122
1528,1528,0.003116657491773367,,,,,,,,,
1529,1529,,,0.9211558103561401,0.8373019695281982,0.7932420372962952,0.936016857624054,0.22846676409244537,0.3192763328552246,0.25752559304237366,0.1979762315750122
1529,1529,0.0030903471633791924,,,,,,,,,
1530,1530,,,0.9254166483879089,0.8405507206916809,0.7952443361282349,0.9343037605285645,0.22312334179878235,0.3181527554988861,0.2571887969970703,0.1979762315750122
1530,1530,0.003077887464314699,,,,,,,,,
1531,1531,,,0.9227690696716309,0.835570216178894,0.7933270931243896,0.9355396032333374,0.23114393651485443,0.3181658387184143,0.2573116421699524,0.1979762315750122
1531,1531,0.0030881997663527727,,,,,,,,,
1532,1532,,,0.9244177937507629,0.839666485786438,0.794897735118866,0.933988094329834,0.22458434104919434,0.31813398003578186,0.25699007511138916,0.1979762315750122
1532,1532,0.003093553241342306,,,,,,,,,
1533,1533,,,0.9229886531829834,0.8370102047920227,0.7940573692321777,0.9338406920433044,0.2274143397808075,0.3170671761035919,0.2566116154193878,0.1979762315750122
1533,1533,0.0030781629029661417,,,,,,,,,
1534,1534,,,0.9245154857635498,0.8367270827293396,0.7943023443222046,0.9339525699615479,0.2288065403699875,0.31744372844696045,0.2568357288837433,0.1979762315750122
1534,1534,0.0030598631128668785,,,,,,,,,
1535,1535,,,0.9232317805290222,0.8388815522193909,0.7947155833244324,0.9327902793884277,0.2248898148536682,0.31687188148498535,0.25629448890686035,0.1979762315750122
1535,1535,0.0030577501747757196,,,,,,,,,
1536,1536,,,0.923614501953125,0.8354173898696899,0.7939334511756897,0.9329361915588379,0.22971606254577637,0.31625837087631226,0.256213903427124,0.1979762315750122
1536,1536,0.003064212156459689,,,,,,,,,
1537,1537,,,0.9246556758880615,0.8383523225784302,0.794967532157898,0.9327059984207153,0.22667460143566132,0.3166749179363251,0.2563639283180237,0.1979762315750122
1537,1537,0.0030613462440669537,,,,,,,,,
1538,1538,,,0.9220297932624817,0.8362851142883301,0.7939761281013489,0.9316830039024353,0.22744055092334747,0.3156770169734955,0.2555876672267914,0.1979762315750122
1538,1538,0.0030486956238746643,,,,,,,,,
1539,1539,,,0.9254759550094604,0.8364699482917786,0.7947049736976624,0.9323878288269043,0.22938376665115356,0.31579166650772095,0.2561582624912262,0.1979762315750122
1539,1539,0.0030400624964386225,,,,,,,,,
1540,1540,,,0.9221314191818237,0.8369031548500061,0.7942233085632324,0.9311848282814026,0.22693440318107605,0.31561389565467834,0.25544098019599915,0.1979762315750122
1540,1540,0.0030405924189835787,,,,,,,,,
1541,1541,,,0.9241034984588623,0.835739016532898,0.7943387627601624,0.9314132928848267,0.22965525090694427,0.31494826078414917,0.2555752396583557,0.1979762315750122
1541,1541,0.0030412140768021345,,,,,,,,,
1542,1542,,,0.9238877296447754,0.835954487323761,0.7944782972335815,0.9310954809188843,0.22877807915210724,0.3151061236858368,0.25547581911087036,0.1979762315750122
1542,1542,0.0030345653649419546,,,,,,,,,
1543,1543,,,0.9221485257148743,0.8362053632736206,0.7941381335258484,0.930453896522522,0.22841490805149078,0.3147171139717102,0.2550659775733948,0.1979762315750122
1543,1543,0.0030251487623900175,,,,,,,,,
1544,1544,,,0.9248204827308655,0.8348910212516785,0.7944653630256653,0.9306856989860535,0.23051854968070984,0.31419986486434937,0.2552676796913147,0.1979762315750122
1544,1544,0.0030205196235328913,,,,,,,,,
1545,1545,,,0.9221416711807251,0.8360704183578491,0.7941977381706238,0.9298557639122009,0.22840149700641632,0.31446215510368347,0.2548253536224365,0.1979762315750122
1545,1545,0.0030200364999473095,,,,,,,,,
1546,1546,,,0.9235641956329346,0.8350355625152588,0.794309139251709,0.9299545288085938,0.23038914799690247,0.3136926591396332,0.2548566162586212,0.1979762315750122
1546,1546,0.003017504932358861,,,,,,,,,
1547,1547,,,0.9238271713256836,0.8348181247711182,0.7944297194480896,0.9293428063392639,0.2297496646642685,0.31361258029937744,0.2546440362930298,0.1979762315750122
1547,1547,0.003011053893715143,,,,,,,,,
1548,1548,,,0.9218149185180664,0.8357505202293396,0.7941934466362,0.9292500615119934,0.22951361536979675,0.313610702753067,0.25448912382125854,0.1979762315750122
1548,1548,0.0030048855114728212,,,,,,,,,
1549,1549,,0.0030021239072084427,,,,,,,,
1549,1549,,,0.924761950969696,0.8336789011955261,0.7945162653923035,0.9287315607070923,0.23097707331180573,0.3127034604549408,0.2543640434741974,0.1979762315750122
1549,1549,0.0030021239072084427,,,,,,,,,
1550,1550,,,0.9218174815177917,0.8357214331626892,0.7943087220191956,0.9286497235298157,0.22962257266044617,0.31322553753852844,0.25423991680145264,0.1979762315750122
1550,1550,0.003000563243404031,,,,,,,,,
1551,1551,,,0.9237150549888611,0.8336185216903687,0.794423520565033,0.9281070232391357,0.23087525367736816,0.3123520016670227,0.2540251612663269,0.1979762315750122
1551,1551,0.0029966733418405056,,,,,,,,,
1552,1552,,,0.9233278036117554,0.8347534537315369,0.7945740818977356,0.9281104803085327,0.23070628941059113,0.31236913800239563,0.25404393672943115,0.1979762315750122
1552,1552,0.0029907007701694965,,,,,,,,,
1553,1553,,,0.9221477508544922,0.8341432213783264,0.7943097949028015,0.927480936050415,0.23027056455612183,0.31225740909576416,0.25369444489479065,0.1979762315750122
1553,1553,0.0029856665059924126,,,,,,,,,
1554,1554,,,0.9242273569107056,0.8338066339492798,0.7946844696998596,0.9276427030563354,0.2317168265581131,0.3116433620452881,0.2538403272628784,0.1979762315750122
1554,1554,0.0029828189872205257,,,,,,,,,
1555,1555,,,0.9220098853111267,0.8341369032859802,0.7943726181983948,0.926845908164978,0.23033425211906433,0.31180688738822937,0.25341182947158813,0.1979762315750122
1555,1555,0.0029803109355270863,,,,,,,,,
1556,1556,,,0.9233415126800537,0.8335645198822021,0.7945697903633118,0.9271553158760071,0.23190681636333466,0.3113528788089752,0.25356602668762207,0.1979762315750122
1556,1556,0.0029762531630694866,,,,,,,,,
1557,1557,,,0.9233288168907166,0.8334138989448547,0.7945929169654846,0.9262956976890564,0.23121583461761475,0.31105467677116394,0.2532150447368622,0.1979762315750122
1557,1557,0.0029711853712797165,,,,,,,,,
1558,1558,,,0.921679675579071,0.8336614966392517,0.7943153977394104,0.9265522956848145,0.23168092966079712,0.3111245334148407,0.2532033622264862,0.1979762315750122
1558,1558,0.00296691432595253,,,,,,,,,
1559,1559,,,0.9245327115058899,0.8327769637107849,0.7947849631309509,0.9258323907852173,0.2321391999721527,0.3104773163795471,0.2530665397644043,0.1979762315750122
1559,1559,0.002963950391858816,,,,,,,,,
1560,1560,,,0.9208455085754395,0.8333984613418579,0.7941294312477112,0.9259328246116638,0.2319779098033905,0.31061360239982605,0.2528526782989502,0.1979762315750122
1560,1560,0.0029611214995384216,,,,,,,,,
1561,1561,,,0.9245331287384033,0.8326921463012695,0.7948729991912842,0.9252676367759705,0.2322351336479187,0.31016305088996887,0.252836674451828,0.1979762315750122
1561,1561,0.002957420889288187,,,,,,,,,
1562,1562,,,0.9211291670799255,0.8327415585517883,0.7941088676452637,0.9254843592643738,0.2330714911222458,0.30997616052627563,0.25262966752052307,0.1979762315750122
1562,1562,0.0029532238841056824,,,,,,,,,
1563,1563,,,0.923871636390686,0.8327517509460449,0.7948821783065796,0.9244845509529114,0.23179185390472412,0.30981168150901794,0.2524738609790802,0.1979762315750122
1563,1563,0.002949541201815009,,,,,,,,,
1564,1564,,,0.9214829206466675,0.8322172164916992,0.7941455841064453,0.9251843690872192,0.23421786725521088,0.3094882071018219,0.2524918019771576,0.1979762315750122
1564,1564,0.0029466713313013315,,,,,,,,,
1565,1565,,,0.9237590432167053,0.832375705242157,0.7949116826057434,0.9236173033714294,0.2316998392343521,0.3092706501483917,0.25208693742752075,0.1979762315750122
1565,1565,0.002944051753729582,,,,,,,,,
1566,1566,,,0.9209665060043335,0.8321841955184937,0.7941187024116516,0.9248613119125366,0.23466607928276062,0.309136301279068,0.2523062229156494,0.1979762315750122
1566,1566,0.002941224491223693,,,,,,,,,
1567,1567,,,0.9246410727500916,0.8315247893333435,0.7950350642204285,0.9227885603904724,0.2321755737066269,0.3086707890033722,0.25177252292633057,0.1979762315750122
1567,1567,0.0029385490342974663,,,,,,,,,
1568,1568,,,0.9196408987045288,0.8324659466743469,0.7939580678939819,0.9245274662971497,0.23481865227222443,0.308771550655365,0.2520575523376465,0.1979762315750122
1568,1568,0.002936810487881303,,,,,,,,,
1569,1569,,,0.9261007308959961,0.8306282162666321,0.7952618598937988,0.9218499660491943,0.2324494868516922,0.3081248700618744,0.25146788358688354,0.1979762315750122
1569,1569,0.0029365832451730967,,,,,,,,,
1570,1570,,,0.9179747700691223,0.8326593041419983,0.7936304807662964,0.9244365096092224,0.23562420904636383,0.30837589502334595,0.2518632411956787,0.1979762315750122
1570,1570,0.00293811340816319,,,,,,,,,
1571,1571,,,0.9278479218482971,0.8299149870872498,0.7956250309944153,0.9205288290977478,0.23179903626441956,0.3075913190841675,0.2510523200035095,0.1979762315750122
1571,1571,0.0029420845676213503,,,,,,,,,
1572,1572,,,0.9158701300621033,0.8327583074569702,0.7930731773376465,0.9248100519180298,0.2374630868434906,0.308038592338562,0.25180748105049133,0.1979762315750122
1572,1572,0.0029500911477953196,,,,,,,,,
1573,1573,,,0.9304197430610657,0.8290721774101257,0.7961451411247253,0.9186991453170776,0.2302509844303131,0.3070191442966461,0.2505042254924774,0.1979762315750122
1573,1573,0.0029651669319719076,,,,,,,,,
1574,1574,,,0.9124742746353149,0.833260715007782,0.7920976281166077,0.925752580165863,0.2400924563407898,0.3078388571739197,0.25187915563583374,0.1979762315750122
1574,1574,0.0029915133491158485,,,,,,,,,
1575,1575,,,0.9349849224090576,0.827577531337738,0.79677814245224,0.9162696599960327,0.22807978093624115,0.3064386546611786,0.2498599886894226,0.1979762315750122
1575,1575,0.003036253619939089,,,,,,,,,
1576,1576,,,0.906653106212616,0.8347381949424744,0.7902647852897644,0.9275508522987366,0.2434552162885666,0.30789557099342346,0.2521052360534668,0.1979762315750122
1576,1576,0.003109842771664262,,,,,,,,,
1577,1577,,,0.9429425001144409,0.8251051902770996,0.7972673773765564,0.912887454032898,0.2248803675174713,0.3059358596801758,0.24906882643699646,0.1979762315750122
1577,1577,0.003232021117582917,,,,,,,,,
1578,1578,,,0.8973023295402527,0.837620198726654,0.7867327928543091,0.9309101700782776,0.24846631288528442,0.30852898955345154,0.2526746988296509,0.1979762315750122
1578,1578,0.0034295960795134306,,,,,,,,,
1579,1579,,,0.9559999108314514,0.821492075920105,0.796672523021698,0.9079722166061401,0.21950839459896088,0.3057407736778259,0.24798882007598877,0.1979762315750122
1579,1579,0.003753836965188384,,,,,,,,,
1580,1580,,,0.8834102749824524,0.8424615263938904,0.7801538705825806,0.936722457408905,0.25643882155418396,0.3103576898574829,0.2538755238056183,0.1979762315750122
1580,1580,0.004257536493241787,,,,,,,,,
1581,1581,,,0.9759052991867065,0.816647469997406,0.7924483418464661,0.9013420939445496,0.2113204449415207,0.30633318424224854,0.24655082821846008,0.1979762315750122
1581,1581,0.0050454637967050076,,,,,,,,,
1582,1582,,,0.8654974102973938,0.8499265313148499,0.7697007656097412,0.9446445107460022,0.2670116126537323,0.31390848755836487,0.25568366050720215,0.1979762315750122
1582,1582,0.006134619005024433,,,,,,,,,
1583,1583,,,1.000254511833191,0.8111491799354553,0.7850825190544128,0.8944678902626038,0.20281744003295898,0.3073829710483551,0.2451767474412918,0.1979762315750122
1583,1583,0.007586032152175903,,,,,,,,,
1584,1584,,,0.8504420518875122,0.8588038086891174,0.7604694962501526,0.9489345550537109,0.274271160364151,0.3170608580112457,0.25645604729652405,0.1979762315750122
1584,1584,0.008973806165158749,,,,,,,,,
1585,1585,,,1.0115114450454712,0.8072527647018433,0.7847723960876465,0.8917245864868164,0.2032308280467987,0.305259108543396,0.2446250170469284,0.1979762315750122
1585,1585,0.009949460625648499,,,,,,,,,
1586,1586,,,0.8557363152503967,0.8618689775466919,0.7675474882125854,0.9381471276283264,0.2670641839504242,0.3136380910873413,0.2529916763305664,0.1979762315750122
1586,1586,0.009493504650890827,,,,,,,,,
1587,1587,,,0.9813035726547241,0.8082705736160278,0.7994973659515381,0.8996766805648804,0.2218106985092163,0.3001883625984192,0.24603870511054993,0.1979762315750122
1587,1587,0.007792983204126358,,,,,,,,,
1588,1588,,,0.8991588354110718,0.8509553670883179,0.7885222434997559,0.9154946804046631,0.24390049278736115,0.30600932240486145,0.24760769307613373,0.1979762315750122
1588,1588,0.005437762942165136,,,,,,,,,
1589,1589,,,0.9169216156005859,0.8170579671859741,0.7892422676086426,0.9165951609611511,0.24663731455802917,0.3021780848503113,0.24774210155010223,0.1979762315750122
1589,1589,0.0038956287316977978,,,,,,,,,
1590,1590,,,0.9642786383628845,0.8321422338485718,0.7882515788078308,0.9009233713150024,0.22188131511211395,0.3029731512069702,0.24545787274837494,0.1979762315750122
1590,1590,0.0037711525801569223,,,,,,,,,
1591,1591,,,0.8677367568016052,0.8312042951583862,0.7660391330718994,0.9242855906486511,0.25845661759376526,0.3061235845088959,0.24675440788269043,0.1979762315750122
1591,1591,0.004567864816635847,,,,,,,,,
1592,1592,,,0.993335485458374,0.8187900185585022,0.786983847618103,0.9017170071601868,0.21970602869987488,0.3019895553588867,0.24700941145420074,0.1979762315750122
1592,1592,0.005247989669442177,,,,,,,,,
1593,1593,,,0.8689279556274414,0.8391081094741821,0.7736626267433167,0.9141698479652405,0.2513454854488373,0.30314356088638306,0.2436414659023285,0.1979762315750122
1593,1593,0.00497977202758193,,,,,,,,,
1594,1594,,,0.9550952315330505,0.816235363483429,0.8026383519172668,0.911129891872406,0.23394419252872467,0.30219313502311707,0.24910324811935425,0.1979762315750122
1594,1594,0.004105560947209597,,,,,,,,,
1595,1595,,,0.9213396310806274,0.8358410000801086,0.792676568031311,0.9027565121650696,0.23564809560775757,0.3002581298351288,0.24367475509643555,0.1979762315750122
1595,1595,0.003399725304916501,,,,,,,,,
1596,1596,,,0.8949469327926636,0.8216210007667542,0.7806286215782166,0.9149485230445862,0.2453409731388092,0.30214327573776245,0.24526415765285492,0.1979762315750122
1596,1596,0.0034118001349270344,,,,,,,,,
1597,1597,,,0.9728003740310669,0.8296655416488647,0.7868989706039429,0.9036655426025391,0.22847169637680054,0.3015364110469818,0.24667686223983765,0.1979762315750122
1597,1597,0.003889951156452298,,,,,,,,,
1598,1598,,,0.8710746169090271,0.8267635703086853,0.7686132192611694,0.9068039059638977,0.24696816504001617,0.2986610531806946,0.23988491296768188,0.1979762315750122
1598,1598,0.0041454853489995,,,,,,,,,
1599,1599,,0.0038927735295146704,,,,,,,,
1599,1599,,,0.965766191482544,0.8274710774421692,0.7970589399337769,0.9111190438270569,0.23044134676456451,0.30303749442100525,0.2496921569108963,0.1979762315750122
1599,1599,0.0038927735295146704,,,,,,,,,
1600,1600,,,0.899157702922821,0.8266023397445679,0.7854711413383484,0.8986043930053711,0.24367302656173706,0.29701563715934753,0.2398444414138794,0.1979762315750122
1600,1600,0.0033533964306116104,,,,,,,,,
1601,1601,,,0.9176580309867859,0.8277410864830017,0.7953438758850098,0.9123566150665283,0.23589368164539337,0.301476389169693,0.2468205988407135,0.1979762315750122
1601,1601,0.0030559138394892216,,,,,,,,,
1602,1602,,,0.947041928768158,0.8255814909934998,0.7931474447250366,0.9008885622024536,0.23864592611789703,0.2993896007537842,0.24437259137630463,0.1979762315750122
1602,1602,0.0031604424584656954,,,,,,,,,
1603,1603,,,0.8858403563499451,0.8257619738578796,0.7778571248054504,0.9045067429542542,0.24194088578224182,0.29744550585746765,0.24041476845741272,0.1979762315750122
1603,1603,0.0033930805511772633,,,,,,,,,
1604,1604,,,0.9590088129043579,0.8294282555580139,0.7955769300460815,0.9084909558296204,0.2330361306667328,0.30171477794647217,0.24817684292793274,0.1979762315750122
1604,1604,0.003441527485847473,,,,,,,,,
1605,1605,,,0.8950814008712769,0.8216303586959839,0.781283974647522,0.8970262408256531,0.2473730742931366,0.2958061695098877,0.23852978646755219,0.1979762315750122
1605,1605,0.003258952870965004,,,,,,,,,
1606,1606,,,0.929864764213562,0.8345679640769958,0.7992166876792908,0.9112403392791748,0.23176468908786774,0.30123257637023926,0.2475840449333191,0.1979762315750122
1606,1606,0.0030805470887571573,,,,,,,,,
1607,1607,,,0.927958071231842,0.8195921778678894,0.7921096086502075,0.8975183367729187,0.24658702313899994,0.2972858250141144,0.2416839450597763,0.1979762315750122
1607,1607,0.003053686348721385,,,,,,,,,
1608,1608,,,0.9009791612625122,0.8320728540420532,0.7888880372047424,0.905991792678833,0.23872694373130798,0.2983216941356659,0.24290381371974945,0.1979762315750122
1608,1608,0.0031073326244950294,,,,,,,,,
1609,1609,,,0.944567084312439,0.8235830068588257,0.7976942658424377,0.9035333395004272,0.23764066398143768,0.29891160130500793,0.24531793594360352,0.1979762315750122
1609,1609,0.0030977551359683275,,,,,,,,,
1610,1610,,,0.8997408747673035,0.8241803646087646,0.7848137617111206,0.89873868227005,0.24848590791225433,0.29599088430404663,0.2397669553756714,0.1979762315750122
1610,1610,0.00300012668594718,,,,,,,,,
1611,1611,,,0.9313732981681824,0.8314617276191711,0.7991781234741211,0.9080270528793335,0.23215363919734955,0.2995903491973877,0.24630090594291687,0.1979762315750122
1611,1611,0.0029267852660268545,,,,,,,,,
1612,1612,,,0.9188048243522644,0.8187500834465027,0.7890903949737549,0.8961971998214722,0.2510780096054077,0.2957185208797455,0.2402997761964798,0.1979762315750122
1612,1612,0.0029463618993759155,,,,,,,,,
1613,1613,,,0.9115216135978699,0.8337408900260925,0.7938448786735535,0.9065269231796265,0.23690304160118103,0.2986246943473816,0.24416635930538177,0.1979762315750122
1613,1613,0.0030016684904694557,,,,,,,,,
1614,1614,,,0.9324043989181519,0.819290816783905,0.7953751683235168,0.8992946147918701,0.24237850308418274,0.2965227961540222,0.24261638522148132,0.1979762315750122
1614,1614,0.0029960719402879477,,,,,,,,,
1615,1615,,,0.9071992039680481,0.8284792304039001,0.7897400259971619,0.9006807804107666,0.24664822220802307,0.2963981628417969,0.24138228595256805,0.1979762315750122
1615,1615,0.002917629899457097,,,,,,,,,
1616,1616,,,0.9282902479171753,0.82480388879776,0.7981836199760437,0.9037009477615356,0.23378627002239227,0.2975688874721527,0.24416697025299072,0.1979762315750122
1616,1616,0.002848440781235695,,,,,,,,,
1617,1617,,,0.9173147082328796,0.8224924802780151,0.7899501919746399,0.8963320255279541,0.25142884254455566,0.29484251141548157,0.2403096854686737,0.1979762315750122
1617,1617,0.0028486603405326605,,,,,,,,,
1618,1618,,,0.917122483253479,0.8284934759140015,0.7955442667007446,0.9042980670928955,0.2350776493549347,0.29745522141456604,0.2435704469680786,0.1979762315750122
1618,1618,0.002888163086026907,,,,,,,,,
1619,1619,,,0.9261632561683655,0.8203573226928711,0.7933824062347412,0.8968450427055359,0.24645812809467316,0.29492080211639404,0.2411532998085022,0.1979762315750122
1619,1619,0.002894426928833127,,,,,,,,,
1620,1620,,,0.9130899906158447,0.8271442651748657,0.7926329374313354,0.9003874659538269,0.24312102794647217,0.29566729068756104,0.24167175590991974,0.1979762315750122
1620,1620,0.002845620736479759,,,,,,,,,
1621,1621,,,0.9252723455429077,0.8226540684700012,0.7965602278709412,0.9001275300979614,0.23800382018089294,0.29586249589920044,0.24245770275592804,0.1979762315750122
1621,1621,0.0027922799345105886,,,,,,,,,
1622,1622,,,0.9178945422172546,0.8245178461074829,0.7917492985725403,0.8961918950080872,0.25010359287261963,0.29403752088546753,0.24036157131195068,0.1979762315750122
1622,1622,0.002787382807582617,,,,,,,,,
1623,1623,,,0.9195871353149414,0.8249276280403137,0.7961832880973816,0.9015083312988281,0.2353651374578476,0.2959268093109131,0.24255219101905823,0.1979762315750122
1623,1623,0.00282374513335526,,,,,,,,,
1624,1624,,,0.9229261875152588,0.8234219551086426,0.7930551171302795,0.8956106305122375,0.2494308054447174,0.29390254616737366,0.24052394926548004,0.1979762315750122
1624,1624,0.00284759933128953,,,,,,,,,
1625,1625,,,0.9166452884674072,0.8237152099609375,0.7942768335342407,0.89919513463974,0.24030818045139313,0.29455071687698364,0.24133169651031494,0.1979762315750122
1625,1625,0.0028243265114724636,,,,,,,,,
1626,1626,,,0.9229729175567627,0.8242774605751038,0.7953817248344421,0.8979452848434448,0.2432139813899994,0.294586181640625,0.24147269129753113,0.1979762315750122
1626,1626,0.0027743272949010134,,,,,,,,,
1627,1627,,,0.9181288480758667,0.8216649293899536,0.7926612496376038,0.895793080329895,0.2476513832807541,0.29317185282707214,0.24007782340049744,0.1979762315750122
1627,1627,0.002743285149335861,,,,,,,,,
1628,1628,,,0.9206703305244446,0.825244665145874,0.7962459325790405,0.8997325301170349,0.23861341178417206,0.29471397399902344,0.24194419384002686,0.1979762315750122
1628,1628,0.0027508377097547054,,,,,,,,,
1629,1629,,,0.920225203037262,0.821635365486145,0.7924671769142151,0.8944756388664246,0.2504099905490875,0.29284095764160156,0.23976826667785645,0.1979762315750122
1629,1629,0.002774740569293499,,,,,,,,,
1630,1630,,,0.919564962387085,0.8237016201019287,0.7955623865127563,0.8987807035446167,0.23996344208717346,0.2938380837440491,0.24137546122074127,0.1979762315750122
1630,1630,0.0027813641354441643,,,,,,,,,
1631,1631,,,0.9203845858573914,0.8235267400741577,0.7939379811286926,0.8956955075263977,0.24693362414836884,0.29312631487846375,0.2403150200843811,0.1979762315750122
1631,1631,0.002761819399893284,,,,,,,,,
1632,1632,,,0.9198927283287048,0.8208075165748596,0.7939598560333252,0.8959574699401855,0.24541062116622925,0.29266753792762756,0.24021053314208984,0.1979762315750122
1632,1632,0.0027355244383215904,,,,,,,,,
1633,1633,,,0.9201453328132629,0.82545405626297,0.7954437732696533,0.8975257277488708,0.24235279858112335,0.2932952046394348,0.2410077303647995,0.1979762315750122
1633,1633,0.0027250784914940596,,,,,,,,,
1634,1634,,,0.9197928309440613,0.81936115026474,0.7926173210144043,0.893592119216919,0.2492026537656784,0.2918528616428375,0.23924849927425385,0.1979762315750122
1634,1634,0.0027329849544912577,,,,,,,,,
1635,1635,,,0.9211360216140747,0.8252778649330139,0.7960699796676636,0.8979270458221436,0.24137721955776215,0.29300662875175476,0.24118995666503906,0.1979762315750122
1635,1635,0.0027432828210294247,,,,,,,,,
1636,1636,,,0.9186276793479919,0.8200767636299133,0.7928107976913452,0.8931983709335327,0.2482088953256607,0.29149097204208374,0.23901376128196716,0.1979762315750122
1636,1636,0.002740809926763177,,,,,,,,,
1637,1637,,,0.9224168062210083,0.8231366276741028,0.7956518530845642,0.8963167667388916,0.2443302422761917,0.2922895550727844,0.24061034619808197,0.1979762315750122
1637,1637,0.0027253529988229275,,,,,,,,,
1638,1638,,,0.9181162118911743,0.8219022154808044,0.7940977811813354,0.8944936394691467,0.24487967789173126,0.2915300130844116,0.23949813842773438,0.1979762315750122
1638,1638,0.0027088152710348368,,,,,,,,,
1639,1639,,,0.9220466613769531,0.821047306060791,0.7944639325141907,0.8938789963722229,0.24772246181964874,0.29139652848243713,0.2395838499069214,0.1979762315750122
1639,1639,0.0027015164960175753,,,,,,,,,
1640,1640,,,0.9196496605873108,0.823027491569519,0.795409083366394,0.8957720994949341,0.24327850341796875,0.2916904091835022,0.24013788998126984,0.1979762315750122
1640,1640,0.002703386824578047,,,,,,,,,
1641,1641,,,0.9197601675987244,0.8201543092727661,0.793543815612793,0.8923571109771729,0.2486766278743744,0.2906644344329834,0.2387683391571045,0.1979762315750122
1641,1641,0.002706628292798996,,,,,,,,,
1642,1642,,,0.9221789240837097,0.8226082921028137,0.7959811091423035,0.895526111125946,0.24442405998706818,0.2914901375770569,0.24024377763271332,0.1979762315750122
1642,1642,0.00270452699624002,,,,,,,,,
1643,1643,,,0.917592465877533,0.8202736973762512,0.7935295701026917,0.8924770355224609,0.2474907636642456,0.2903442084789276,0.23861052095890045,0.1979762315750122
1643,1643,0.0026970207691192627,,,,,,,,,
1644,1644,,,0.9233258962631226,0.8215453624725342,0.7955820560455322,0.8938248157501221,0.24686752259731293,0.2908337414264679,0.23965662717819214,0.1979762315750122
1644,1644,0.002688886597752571,,,,,,,,,
1645,1645,,,0.9176727533340454,0.8206345438957214,0.7942723631858826,0.8933832049369812,0.24602019786834717,0.29032453894615173,0.23895031213760376,0.1979762315750122
1645,1645,0.00268425396643579,,,,,,,,,
1646,1646,,,0.9219437837600708,0.8209532499313354,0.7947085499763489,0.8920769691467285,0.24872620403766632,0.29009753465652466,0.23885181546211243,0.1979762315750122
1646,1646,0.0026831573341041803,,,,,,,,,
1647,1647,,,0.9199287295341492,0.8204882740974426,0.7951940298080444,0.8936265110969543,0.2456519901752472,0.29020944237709045,0.2392166703939438,0.1979762315750122
1647,1647,0.002682608086615801,,,,,,,,,
1648,1648,,,0.9193087220191956,0.8209438323974609,0.7940738797187805,0.8914034366607666,0.2492590993642807,0.28959891200065613,0.2383626252412796,0.1979762315750122
1648,1648,0.0026799985207617283,,,,,,,,,
1649,1649,,0.0026752075646072626,,,,,,,,
1649,1649,,,0.922275722026825,0.8197880387306213,0.795581042766571,0.8927031755447388,0.24650129675865173,0.2898138165473938,0.23903563618659973,0.1979762315750122
1649,1649,0.0026752075646072626,,,,,,,,,
1650,1650,,,0.9177930355072021,0.821098268032074,0.7940827012062073,0.8916678428649902,0.24876944720745087,0.28931811451911926,0.23831436038017273,0.1979762315750122
1650,1650,0.0026700105518102646,,,,,,,,,
1651,1651,,,0.9226994514465332,0.8190730810165405,0.7952543497085571,0.8912816643714905,0.2479538768529892,0.2892874479293823,0.23851031064987183,0.1979762315750122
1651,1651,0.0026659725699573755,,,,,,,,,
1652,1652,,,0.9185790419578552,0.8210645318031311,0.7946824431419373,0.8919620513916016,0.24802029132843018,0.28908780217170715,0.23846137523651123,0.1979762315750122
1652,1652,0.0026631548535078764,,,,,,,,,
1653,1653,,,0.9210506081581116,0.8187880516052246,0.7946159839630127,0.8902446031570435,0.24908524751663208,0.28876960277557373,0.2379649579524994,0.1979762315750122
1653,1653,0.002660488709807396,,,,,,,,,
1654,1654,,,0.9207968711853027,0.8206987380981445,0.7953794598579407,0.8916271924972534,0.24778588116168976,0.2888263463973999,0.23849552869796753,0.1979762315750122
1654,1654,0.0026570751797407866,,,,,,,,,
1655,1655,,,0.918904185295105,0.818882405757904,0.794175386428833,0.8898515701293945,0.24942676723003387,0.28827428817749023,0.2376135289669037,0.1979762315750122
1655,1655,0.0026530048344284296,,,,,,,,,
1656,1656,,,0.9225829839706421,0.8201210498809814,0.7956786155700684,0.8907058835029602,0.24826617538928986,0.2885109782218933,0.23828083276748657,0.1979762315750122
1656,1656,0.0026490327436476946,,,,,,,,,
1657,1657,,,0.9179593920707703,0.8190237283706665,0.7942118644714355,0.8897919058799744,0.24918495118618011,0.2878381311893463,0.237481027841568,0.1979762315750122
1657,1657,0.0026457554195076227,,,,,,,,,
1658,1658,,,0.9227064847946167,0.819578230381012,0.7955126166343689,0.8896253705024719,0.24913537502288818,0.28808072209358215,0.23786821961402893,0.1979762315750122
1658,1658,0.0026430441066622734,,,,,,,,,
1659,1659,,,0.9187209606170654,0.8189840316772461,0.794655442237854,0.8896297216415405,0.24891559779644012,0.28752437233924866,0.2374630570411682,0.1979762315750122
1659,1659,0.002640262246131897,,,,,,,,,
1660,1660,,,0.921355128288269,0.8192453384399414,0.7951046824455261,0.888787031173706,0.24985727667808533,0.28752371668815613,0.23741111159324646,0.1979762315750122
1660,1660,0.0026369402185082436,,,,,,,,,
1661,1661,,,0.9204148650169373,0.818759560585022,0.7951771020889282,0.8891245126724243,0.2489798665046692,0.28729334473609924,0.23740911483764648,0.1979762315750122
1661,1661,0.0026331651024520397,,,,,,,,,
1662,1662,,,0.919684112071991,0.8191074728965759,0.7947399616241455,0.8883093595504761,0.25027140974998474,0.2869665026664734,0.2370551973581314,0.1979762315750122
1662,1662,0.0026294738054275513,,,,,,,,,
1663,1663,,,0.9218066930770874,0.8184413313865662,0.7954727411270142,0.8883398771286011,0.2493090182542801,0.2870096266269684,0.23722344636917114,0.1979762315750122
1663,1663,0.0026263121981173754,,,,,,,,,
1664,1664,,,0.9188172817230225,0.8190218806266785,0.7946335673332214,0.8880118131637573,0.25048568844795227,0.2865355312824249,0.23684236407279968,0.1979762315750122
1664,1664,0.0026236874982714653,,,,,,,,,
1665,1665,,,0.922093391418457,0.8180857300758362,0.7954654693603516,0.8875196576118469,0.2497955709695816,0.2865980863571167,0.23691964149475098,0.1979762315750122
1665,1665,0.0026211936492472887,,,,,,,,,
1666,1666,,,0.9191452264785767,0.8188795447349548,0.794822096824646,0.8876152634620667,0.2505890727043152,0.28621742129325867,0.23670527338981628,0.1979762315750122
1666,1666,0.0026183982845395803,,,,,,,,,
1667,1667,,,0.9213084578514099,0.8177359104156494,0.7952377200126648,0.8868712782859802,0.2503458261489868,0.28610944747924805,0.2365799993276596,0.1979762315750122
1667,1667,0.0026151614729315042,,,,,,,,,
1668,1668,,,0.920264482498169,0.8187072277069092,0.7951616048812866,0.8870102167129517,0.25066596269607544,0.2859256863594055,0.23656311631202698,0.1979762315750122
1668,1668,0.0026117214001715183,,,,,,,,,
1669,1669,,,0.9201106429100037,0.817406415939331,0.7949432730674744,0.8863764405250549,0.2508438229560852,0.28562432527542114,0.23625992238521576,0.1979762315750122
1669,1669,0.0026084629353135824,,,,,,,,,
1670,1670,,,0.9214025139808655,0.8186006546020508,0.7954570651054382,0.8863279223442078,0.2508279085159302,0.2856145203113556,0.23639461398124695,0.1979762315750122
1670,1670,0.002605630084872246,,,,,,,,,
1671,1671,,,0.919249951839447,0.8170450329780579,0.7947412729263306,0.8858571648597717,0.25114697217941284,0.2851690649986267,0.23595939576625824,0.1979762315750122
1671,1671,0.0026031958404928446,,,,,,,,,
1672,1672,,,0.9219517111778259,0.8186073899269104,0.7956013679504395,0.8857367038726807,0.25118663907051086,0.28527793288230896,0.23621134459972382,0.1979762315750122
1672,1672,0.0026009574066847563,,,,,,,,,
1673,1673,,,0.9191089272499084,0.8165417313575745,0.7947100400924683,0.8851962089538574,0.2512354552745819,0.2847444415092468,0.23566675186157227,0.1979762315750122
1673,1673,0.0025987408589571714,,,,,,,,,
1674,1674,,,0.9217886924743652,0.8187685608863831,0.7955935597419739,0.8852687478065491,0.2517031133174896,0.284904807806015,0.23601484298706055,0.1979762315750122
1674,1674,0.002596574602648616,,,,,,,,,
1675,1675,,,0.919568657875061,0.8158007860183716,0.7948077321052551,0.8844395279884338,0.25121715664863586,0.28436022996902466,0.23538732528686523,0.1979762315750122
1675,1675,0.0025947107933461666,,,,,,,,,
1676,1676,,,0.921232283115387,0.8191799521446228,0.7955031991004944,0.8848391175270081,0.2523094117641449,0.2844984829425812,0.2358042299747467,0.1979762315750122
1676,1676,0.002593556884676218,,,,,,,,,
1677,1677,,,0.9201964735984802,0.8147724270820618,0.7949161529541016,0.8836941719055176,0.2511344254016876,0.2840022146701813,0.23511764407157898,0.1979762315750122
1677,1677,0.002593626268208027,,,,,,,,,
1678,1678,,,0.9207711219787598,0.8199917674064636,0.7954174876213074,0.8843892812728882,0.25302982330322266,0.2841070294380188,0.2356082797050476,0.1979762315750122
1678,1678,0.0025955357123166323,,,,,,,,,
1679,1679,,,0.9205471277236938,0.8133558034896851,0.7949079275131226,0.8829779624938965,0.250933974981308,0.2836158871650696,0.23481523990631104,0.1979762315750122
1679,1679,0.002600239822641015,,,,,,,,,
1680,1680,,,0.9208068251609802,0.821440577507019,0.795379102230072,0.883954644203186,0.2540070116519928,0.2837941646575928,0.2354840636253357,0.1979762315750122
1680,1680,0.00260923826135695,,,,,,,,,
1681,1681,,,0.9203899502754211,0.8112986087799072,0.7946438789367676,0.8822104930877686,0.2504971921443939,0.2831532955169678,0.23441360890865326,0.1979762315750122
1681,1681,0.002625297289341688,,,,,,,,,
1682,1682,,,0.921549379825592,0.8239960670471191,0.7952880263328552,0.8836397528648376,0.25545307993888855,0.2835976779460907,0.2354925274848938,0.1979762315750122
1682,1682,0.0026526281144469976,,,,,,,,,
1683,1683,,,0.9197810888290405,0.8081924915313721,0.7939406037330627,0.8812639117240906,0.24975202977657318,0.2826143801212311,0.2338484823703766,0.1979762315750122
1683,1683,0.0026990938931703568,,,,,,,,,
1684,1684,,,0.9231194853782654,0.8285828232765198,0.7946978807449341,0.88360595703125,0.2576669156551361,0.2835559844970703,0.23569443821907043,0.1979762315750122
1684,1684,0.002775829052552581,,,,,,,,,
1685,1685,,,0.919048547744751,0.8035966157913208,0.7925412654876709,0.879995584487915,0.24866896867752075,0.28203532099723816,0.23306694626808167,0.1979762315750122
1685,1685,0.0029042833484709263,,,,,,,,,
1686,1686,,,0.9258369207382202,0.8367550373077393,0.792647123336792,0.8840808868408203,0.2613009810447693,0.2837934195995331,0.23618096113204956,0.1979762315750122
1686,1686,0.0031113026197999716,,,,,,,,,
1687,1687,,,0.9188174605369568,0.7974867820739746,0.7902265787124634,0.8782543540000916,0.2473326474428177,0.2814805507659912,0.23205217719078064,0.1979762315750122
1687,1687,0.003450448624789715,,,,,,,,,
1688,1688,,,0.9305209517478943,0.8501648306846619,0.7885992527008057,0.8853763341903687,0.26730892062187195,0.2845773994922638,0.23716866970062256,0.1979762315750122
1688,1688,0.003965608775615692,,,,,,,,,
1689,1689,,,0.9198904633522034,0.7913466095924377,0.7873944044113159,0.8759192228317261,0.24603033065795898,0.2810542583465576,0.2309049665927887,0.1979762315750122
1689,1689,0.0047479174099862576,,,,,,,,,
1690,1690,,,0.9375149607658386,0.866066038608551,0.783567488193512,0.8877004384994507,0.27505946159362793,0.28611794114112854,0.23877865076065063,0.1979762315750122
1690,1690,0.005737523548305035,,,,,,,,,
1691,1691,,,0.9213551878929138,0.7882511615753174,0.7855057716369629,0.8730813264846802,0.2438720464706421,0.28062525391578674,0.22975830733776093,0.1979762315750122
1691,1691,0.006890284828841686,,,,,,,,,
1692,1692,,,0.9418038725852966,0.8668649196624756,0.782089114189148,0.8900901079177856,0.27738478779792786,0.2875250577926636,0.23997223377227783,0.1979762315750122
1692,1692,0.007585594430565834,,,,,,,,,
1693,1693,,,0.9184367656707764,0.7914897203445435,0.7862097024917603,0.8708937168121338,0.23934541642665863,0.27964794635772705,0.22880178689956665,0.1979762315750122
1693,1693,0.007481979206204414,,,,,,,,,
1694,1694,,,0.9351065754890442,0.836589515209198,0.7904311418533325,0.8889379501342773,0.26710134744644165,0.28639888763427734,0.23862503468990326,0.1979762315750122
1694,1694,0.006038445048034191,,,,,,,,,
1695,1695,,,0.9159622192382812,0.8106517195701599,0.7932557463645935,0.8729497790336609,0.244679793715477,0.279803603887558,0.23048031330108643,0.1979762315750122
1695,1695,0.004120997618883848,,,,,,,,,
1696,1696,,,0.9249899387359619,0.8050230741500854,0.797127902507782,0.8814359307289124,0.25262153148651123,0.28236469626426697,0.2344236820936203,0.1979762315750122
1696,1696,0.0027993367984890938,,,,,,,,,
1697,1697,,,0.9261942505836487,0.8378400206565857,0.793433427810669,0.8811689019203186,0.264936238527298,0.2837772071361542,0.23542183637619019,0.1979762315750122
1697,1697,0.0027815992943942547,,,,,,,,,
1698,1698,,,0.9174983501434326,0.7961661219596863,0.791253924369812,0.8720887899398804,0.23661267757415771,0.27835723757743835,0.2294294238090515,0.1979762315750122
1698,1698,0.003663149196654558,,,,,,,,,
1699,1699,,0.0044231475330889225,,,,,,,,
1699,1699,,,0.9373940229415894,0.8396461009979248,0.790126383304596,0.8887328505516052,0.2763000428676605,0.28729110956192017,0.23907522857189178,0.1979762315750122
1699,1699,0.0044231475330889225,,,,,,,,,
1700,1700,,,0.9092252850532532,0.8038513660430908,0.7894960641860962,0.8692964315414429,0.2288561314344406,0.2775738537311554,0.2278425693511963,0.1979762315750122
1700,1700,0.00439011724665761,,,,,,,,,
1701,1701,,,0.936550498008728,0.8159924149513245,0.7962290048599243,0.8867524862289429,0.2683834433555603,0.2847895920276642,0.2377319037914276,0.1979762315750122
1701,1701,0.003610408864915371,,,,,,,,,
1702,1702,,,0.9100794196128845,0.8231651186943054,0.7940417528152466,0.8760408759117126,0.24572117626667023,0.2810271382331848,0.23168054223060608,0.1979762315750122
1702,1702,0.0028664583805948496,,,,,,,,,
1703,1703,,,0.928218424320221,0.8003135919570923,0.7955853343009949,0.8770297169685364,0.2485712468624115,0.2794305682182312,0.23250247538089752,0.1979762315750122
1703,1703,0.0027113095857203007,,,,,,,,,
1704,1704,,,0.9224419593811035,0.8317491412162781,0.7937886714935303,0.8857974410057068,0.2652154266834259,0.2852488160133362,0.2367534637451172,0.1979762315750122
1704,1704,0.003052736399695277,,,,,,,,,
1705,1705,,,0.9167611598968506,0.8028151392936707,0.7923775911331177,0.8698927760124207,0.23300600051879883,0.27743032574653625,0.2287554293870926,0.1979762315750122
1705,1705,0.0033849338069558144,,,,,,,,,
1706,1706,,,0.9313732981681824,0.8186719417572021,0.7954666018486023,0.8874836564064026,0.2679668962955475,0.28433507680892944,0.23758871853351593,0.1979762315750122
1706,1706,0.0033394836355000734,,,,,,,,,
1707,1707,,,0.9101904034614563,0.8171785473823547,0.7934863567352295,0.8718409538269043,0.23836053907871246,0.2794828414916992,0.22979609668254852,0.1979762315750122
1707,1707,0.0030231017153710127,,,,,,,,,
1708,1708,,,0.9303939342498779,0.8056021928787231,0.7970610857009888,0.8790744543075562,0.2562892436981201,0.2795097827911377,0.23371964693069458,0.1979762315750122
1708,1708,0.002747894264757633,,,,,,,,,
1709,1709,,,0.9157184958457947,0.8267951011657715,0.7951817512512207,0.8795559406280518,0.25390625,0.28238752484321594,0.23368610441684723,0.1979762315750122
1709,1709,0.0027048527263104916,,,,,,,,,
1710,1710,,,0.9227519035339355,0.8053001165390015,0.7953701615333557,0.8701027035713196,0.24057774245738983,0.2770427465438843,0.22958946228027344,0.1979762315750122
1710,1710,0.0028142465744167566,,,,,,,,,
1711,1711,,,0.9244253039360046,0.8202894926071167,0.7959688901901245,0.8837974071502686,0.26268789172172546,0.28226029872894287,0.23565851151943207,0.1979762315750122
1711,1711,0.0028946015518158674,,,,,,,,,
1712,1712,,,0.916309118270874,0.8145348429679871,0.7949702739715576,0.868656575679779,0.23972907662391663,0.278310090303421,0.22907815873622894,0.1979762315750122
1712,1712,0.002867018338292837,,,,,,,,,
1713,1713,,,0.9257953763008118,0.8094430565834045,0.7968102097511292,0.879813551902771,0.2593681812286377,0.2790028154850006,0.23375192284584045,0.1979762315750122
1713,1713,0.0027688411064445972,,,,,,,,,
1714,1714,,,0.9186025857925415,0.8225325345993042,0.7960914373397827,0.8742901682853699,0.2510925829410553,0.28042981028556824,0.23181724548339844,0.1979762315750122
1714,1714,0.0026786760427057743,,,,,,,,,
1715,1715,,,0.9198907613754272,0.8070347905158997,0.7954198718070984,0.8724430203437805,0.246510311961174,0.27678176760673523,0.23029564321041107,0.1979762315750122
1715,1715,0.0026325939688831568,,,,,,,,,
1716,1716,,,0.9256325364112854,0.819266140460968,0.7965170741081238,0.8801489472389221,0.26095810532569885,0.28098052740097046,0.23436632752418518,0.1979762315750122
1716,1716,0.002629265422001481,,,,,,,,,
1717,1717,,,0.9139527082443237,0.8129069209098816,0.7944692969322205,0.8688405156135559,0.23979413509368896,0.27735191583633423,0.22879153490066528,0.1979762315750122
1717,1717,0.0026519172824919224,,,,,,,,,
1718,1718,,,0.9280362725257874,0.8107389211654663,0.7964763641357422,0.8798326253890991,0.2634138762950897,0.27926161885261536,0.23402222990989685,0.1979762315750122
1718,1718,0.0026712266262620687,,,,,,,,,
1719,1719,,,0.9146162271499634,0.8186887502670288,0.7952722907066345,0.8710415363311768,0.24444998800754547,0.27854257822036743,0.22999194264411926,0.1979762315750122
1719,1719,0.0026572237256914377,,,,,,,,,
1720,1720,,,0.9234520196914673,0.8075723052024841,0.795249342918396,0.8739622235298157,0.25631603598594666,0.2770862579345703,0.231240913271904,0.1979762315750122
1720,1720,0.0026020249351859093,,,,,,,,,
1721,1721,,,0.9204224944114685,0.8173062205314636,0.7960947155952454,0.8756872415542603,0.25271105766296387,0.2788316607475281,0.23207485675811768,0.1979762315750122
1721,1721,0.002539368811994791,,,,,,,,,
1722,1722,,,0.9174361824989319,0.8112275004386902,0.7943015098571777,0.8684750199317932,0.24786587059497833,0.2764890789985657,0.22888226807117462,0.1979762315750122
1722,1722,0.0025162152014672756,,,,,,,,,
1723,1723,,,0.9240264892578125,0.8120281100273132,0.7962217926979065,0.8773187398910522,0.2592891752719879,0.27802664041519165,0.23273132741451263,0.1979762315750122
1723,1723,0.002543100155889988,,,,,,,,,
1724,1724,,,0.9165154695510864,0.8159629702568054,0.7949707508087158,0.8676044940948486,0.24629180133342743,0.2769031524658203,0.228744238615036,0.1979762315750122
1724,1724,0.0025799220893532038,,,,,,,,,
1725,1725,,,0.9215438961982727,0.8093400597572327,0.7953760027885437,0.8739457726478577,0.25805363059043884,0.2765551507472992,0.2311430275440216,0.1979762315750122
1725,1725,0.002577200997620821,,,,,,,,,
1726,1726,,,0.9211404323577881,0.8159835934638977,0.7962503433227539,0.8706387877464294,0.25064563751220703,0.2771603763103485,0.2302224040031433,0.1979762315750122
1726,1726,0.0025290939956903458,,,,,,,,,
1727,1727,,,0.9163256883621216,0.8109217286109924,0.7942351698875427,0.8687480688095093,0.25137096643447876,0.2755526602268219,0.22884199023246765,0.1979762315750122
1727,1727,0.002477407455444336,,,,,,,,,
1728,1728,,,0.9256976842880249,0.8121785521507263,0.7967693209648132,0.8735906481742859,0.2570590376853943,0.27698570489883423,0.23150423169136047,0.1979762315750122
1728,1728,0.0024651759304106236,,,,,,,,,
1729,1729,,,0.9142358899116516,0.8139383792877197,0.7942690253257751,0.8660438656806946,0.24773457646369934,0.27539655566215515,0.22783857583999634,0.1979762315750122
1729,1729,0.002492055296897888,,,,,,,,,
1730,1730,,,0.9252454042434692,0.8095863461494446,0.7962908744812012,0.8729951977729797,0.2597119212150574,0.27622008323669434,0.23113873600959778,0.1979762315750122
1730,1730,0.0025191737804561853,,,,,,,,,
1731,1731,,,0.9172861576080322,0.8144578337669373,0.7954041957855225,0.8672139048576355,0.24901165068149567,0.27551835775375366,0.22854401171207428,0.1979762315750122
1731,1731,0.0025127334520220757,,,,,,,,,
1732,1732,,,0.9206724762916565,0.8105183243751526,0.795181930065155,0.8692242503166199,0.2568911910057068,0.2751837372779846,0.22939416766166687,0.1979762315750122
1732,1732,0.0024768824223428965,,,,,,,,,
1733,1733,,,0.9221930503845215,0.8121820092201233,0.7963578104972839,0.8699736595153809,0.25343823432922363,0.27554696798324585,0.22983956336975098,0.1979762315750122
1733,1733,0.0024443387519568205,,,,,,,,,
1734,1734,,,0.9168403148651123,0.8127368092536926,0.7943445444107056,0.8655923008918762,0.25328919291496277,0.2744997441768646,0.22783015668392181,0.1979762315750122
1734,1734,0.0024400020483881235,,,,,,,,,
1735,1735,,,0.9241540431976318,0.8101582527160645,0.7964234352111816,0.8709402680397034,0.25710901618003845,0.2751811444759369,0.23025359213352203,0.1979762315750122
1735,1735,0.00245814211666584,,,,,,,,,
1736,1736,,,0.9172977209091187,0.8131037950515747,0.7945800423622131,0.8646527528762817,0.2524448335170746,0.27423804998397827,0.22753778100013733,0.1979762315750122
1736,1736,0.0024730414152145386,,,,,,,,,
1737,1737,,,0.9215117692947388,0.8102647662162781,0.795699417591095,0.8689370155334473,0.25665879249572754,0.27434682846069336,0.22928062081336975,0.1979762315750122
1737,1737,0.0024668641854077578,,,,,,,,,
1738,1738,,,0.9214763641357422,0.811479389667511,0.7955789566040039,0.8661367893218994,0.25456324219703674,0.2741982936859131,0.22834421694278717,0.1979762315750122
1738,1738,0.002444830257445574,,,,,,,,,
1739,1739,,,0.9168002009391785,0.8116838335990906,0.7946088314056396,0.8657130599021912,0.2536536753177643,0.27350032329559326,0.22774411737918854,0.1979762315750122
1739,1739,0.0024260159116238356,,,,,,,,,
1740,1740,,,0.9259077906608582,0.8098835349082947,0.7963771820068359,0.8677535653114319,0.2578372657299042,0.27417683601379395,0.22922225296497345,0.1979762315750122
1740,1740,0.002423185622319579,,,,,,,,,
1741,1741,,,0.9136765599250793,0.8123987317085266,0.7939061522483826,0.8636627793312073,0.25135982036590576,0.27294501662254333,0.22674715518951416,0.1979762315750122
1741,1741,0.0024326711427420378,,,,,,,,,
1742,1742,,,0.9277279376983643,0.8097063302993774,0.7965326309204102,0.8675376176834106,0.2596493363380432,0.27392974495887756,0.22928155958652496,0.1979762315750122
1742,1742,0.0024412900675088167,,,,,,,,,
1743,1743,,,0.9134818911552429,0.8115463852882385,0.7940627336502075,0.8636516332626343,0.2507561445236206,0.27256616950035095,0.226663276553154,0.1979762315750122
1743,1743,0.002440280746668577,,,,,,,,,
1744,1744,,,0.9271383881568909,0.8106337189674377,0.7962393164634705,0.8654255270957947,0.2600959241390228,0.27347156405448914,0.2285243272781372,0.1979762315750122
1744,1744,0.0024321163073182106,,,,,,,,,
1745,1745,,,0.9145225882530212,0.8103348016738892,0.7946875095367432,0.8648121356964111,0.2509245276451111,0.2722320556640625,0.2270771861076355,0.1979762315750122
1745,1745,0.0024262655060738325,,,,,,,,,
1746,1746,,,0.9268542528152466,0.8112619519233704,0.7958692908287048,0.862907350063324,0.2610889971256256,0.27304092049598694,0.22765964269638062,0.1979762315750122
1746,1746,0.0024301439989358187,,,,,,,,,
1747,1747,,,0.9137786626815796,0.8103445172309875,0.7949876189231873,0.8656347990036011,0.25018563866615295,0.2718557119369507,0.22725699841976166,0.1979762315750122
1747,1747,0.0024449436459690332,,,,,,,,,
1748,1748,,,0.9298502206802368,0.8106887340545654,0.7958494424819946,0.8614064455032349,0.26400038599967957,0.27281495928764343,0.22738686203956604,0.1979762315750122
1748,1748,0.002468101680278778,,,,,,,,,
1749,1749,,0.00250031054019928,,,,,,,,
1749,1749,,,0.9090877771377563,0.8117319345474243,0.7943717837333679,0.8652818202972412,0.24699075520038605,0.27127712965011597,0.226710245013237,0.1979762315750122
1749,1749,0.00250031054019928,,,,,,,,,
1750,1750,,,0.9378526210784912,0.8095317482948303,0.7963670492172241,0.8611888885498047,0.26981449127197266,0.2729526460170746,0.22797256708145142,0.1979762315750122
1750,1750,0.0025484426878392696,,,,,,,,,
1751,1751,,,0.8999565839767456,0.8136307597160339,0.7925363779067993,0.8640232682228088,0.24090726673603058,0.2703225314617157,0.22542349994182587,0.1979762315750122
1751,1751,0.002628822810947895,,,,,,,,,
1752,1752,,,0.951648473739624,0.8092670440673828,0.7969141006469727,0.8615402579307556,0.2793735861778259,0.27367275953292847,0.22929590940475464,0.1979762315750122
1752,1752,0.0027617730665951967,,,,,,,,,
1753,1753,,,0.8868486285209656,0.815970778465271,0.789277970790863,0.8627902865409851,0.23232688009738922,0.2689179480075836,0.22371578216552734,0.1979762315750122
1753,1753,0.0029832585714757442,,,,,,,,,
1754,1754,,,0.9722990989685059,0.8113168478012085,0.7961952090263367,0.8614559173583984,0.2938869595527649,0.2751082181930542,0.23111195862293243,0.1979762315750122
1754,1754,0.003328166203573346,,,,,,,,,
1755,1755,,,0.8709614872932434,0.8204116225242615,0.7845547795295715,0.8624672293663025,0.22302937507629395,0.26726728677749634,0.22205279767513275,0.1979762315750122
1755,1755,0.0038737966679036617,,,,,,,,,
1756,1756,,,0.9998594522476196,0.8165056705474854,0.7927383780479431,0.8603515028953552,0.31327787041664124,0.2770368158817291,0.23316293954849243,0.1979762315750122
1756,1756,0.004642656538635492,,,,,,,,,
1757,1757,,,0.8568447232246399,0.8279929757118225,0.7795770764350891,0.8633183836936951,0.2183251827955246,0.26615598797798157,0.22110065817832947,0.1979762315750122
1757,1757,0.005721893161535263,,,,,,,,,
1758,1758,,,1.0229681730270386,0.8215108513832092,0.7896049618721008,0.8585991859436035,0.3273308277130127,0.2782343626022339,0.2345753312110901,0.1979762315750122
1758,1758,0.006853651255369186,,,,,,,,,
1759,1759,,,0.8551154136657715,0.8309451341629028,0.7793185710906982,0.8644382357597351,0.22384263575077057,0.2669621706008911,0.22161027789115906,0.1979762315750122
1759,1759,0.007865473628044128,,,,,,,,,
1760,1760,,,1.0074495077133179,0.8159201741218567,0.7956737279891968,0.8577817678451538,0.3103102147579193,0.276410311460495,0.23292681574821472,0.1979762315750122
1760,1760,0.007846559397876263,,,,,,,,,
1761,1761,,,0.8804232478141785,0.8179358243942261,0.7892392873764038,0.863427460193634,0.2408386617898941,0.2699604332447052,0.223872110247612,0.1979762315750122
1761,1761,0.006742886267602444,,,,,,,,,
1762,1762,,,0.9411790370941162,0.8078879714012146,0.799751877784729,0.8595147132873535,0.2614448368549347,0.27223318815231323,0.2276121824979782,0.1979762315750122
1762,1762,0.004642686806619167,,,,,,,,,
1763,1763,,,0.9378053545951843,0.8068240284919739,0.7972912192344666,0.8588733673095703,0.2697104215621948,0.2724996507167816,0.2271808236837387,0.1979762315750122
1763,1763,0.0029276504646986723,,,,,,,,,
1764,1764,,,0.8822433948516846,0.8169292211532593,0.7879543900489807,0.8626502752304077,0.2331661581993103,0.2699025571346283,0.2234531193971634,0.1979762315750122
1764,1764,0.0025163618847727776,,,,,,,,,
1765,1765,,,0.9820622205734253,0.8090296387672424,0.794440507888794,0.8542518019676208,0.2875277101993561,0.27267634868621826,0.22883130609989166,0.1979762315750122
1765,1765,0.003299422562122345,,,,,,,,,
1766,1766,,,0.8733315467834473,0.818062424659729,0.7859138250350952,0.8634644150733948,0.23939482867717743,0.26987695693969727,0.22317032516002655,0.1979762315750122
1766,1766,0.004248510580509901,,,,,,,,,
1767,1767,,,0.9610984325408936,0.8083420991897583,0.8002639412879944,0.8553418517112732,0.27101951837539673,0.27204540371894836,0.22780218720436096,0.1979762315750122
1767,1767,0.004343276843428612,,,,,,,,,
1768,1768,,,0.9103271961212158,0.8070622682571411,0.7945427894592285,0.8596752285957336,0.25877803564071655,0.27019959688186646,0.22500351071357727,0.1979762315750122
1768,1768,0.003598223440349102,,,,,,,,,
1769,1769,,,0.9044293761253357,0.8115026354789734,0.7928788065910339,0.8619901537895203,0.2407091110944748,0.27202925086021423,0.22522354125976562,0.1979762315750122
1769,1769,0.0027564119081944227,,,,,,,,,
1770,1770,,,0.958467960357666,0.8066336512565613,0.7934699654579163,0.8549818992614746,0.27710506319999695,0.2706812024116516,0.22690318524837494,0.1979762315750122
1770,1770,0.002587665105238557,,,,,,,,,
1771,1771,,,0.8795491456985474,0.8143190741539001,0.7859734296798706,0.8658229112625122,0.2369975447654724,0.27144506573677063,0.2243395298719406,0.1979762315750122
1771,1771,0.003007677150890231,,,,,,,,,
1772,1772,,,0.9612910151481628,0.806318998336792,0.7969498634338379,0.8552237153053284,0.2696324586868286,0.27165064215660095,0.22738337516784668,0.1979762315750122
1772,1772,0.0033392952755093575,,,,,,,,,
1773,1773,,,0.9019967317581177,0.8070054650306702,0.7928930521011353,0.8624317049980164,0.2561646103858948,0.26982593536376953,0.22513936460018158,0.1979762315750122
1773,1773,0.003166793379932642,,,,,,,,,
1774,1774,,,0.9211599230766296,0.8085203766822815,0.7977651357650757,0.8598641753196716,0.24284183979034424,0.27241095900535583,0.2259734570980072,0.1979762315750122
1774,1774,0.002710967557504773,,,,,,,,,
1775,1775,,,0.9424578547477722,0.8054770827293396,0.7948465347290039,0.8567591905593872,0.273965984582901,0.2692565321922302,0.22627678513526917,0.1979762315750122
1775,1775,0.002499803202226758,,,,,,,,,
1776,1776,,,0.8941730260848999,0.8146266341209412,0.7915257215499878,0.8626304864883423,0.2327498495578766,0.2714534103870392,0.22456052899360657,0.1979762315750122
1776,1776,0.002666882239282131,,,,,,,,,
1777,1777,,,0.9520355463027954,0.8076643943786621,0.7960081100463867,0.8545566201210022,0.27083900570869446,0.27013805508613586,0.22637999057769775,0.1979762315750122
1777,1777,0.0028732353821396828,,,,,,,,,
1778,1778,,,0.9047743678092957,0.8086156249046326,0.7941103577613831,0.8603169918060303,0.2489614188671112,0.2692703306674957,0.22456222772598267,0.1979762315750122
1778,1778,0.0028051501139998436,,,,,,,,,
1779,1779,,,0.9253376126289368,0.810430645942688,0.7984421849250793,0.8563360571861267,0.24820908904075623,0.27093467116355896,0.22514638304710388,0.1979762315750122
1779,1779,0.002540895249694586,,,,,,,,,
1780,1780,,,0.9325011968612671,0.8043066263198853,0.7956216931343079,0.8562368154525757,0.27115535736083984,0.2682335674762726,0.2253301441669464,0.1979762315750122
1780,1780,0.002405961276963353,,,,,,,,,
1781,1781,,,0.90373694896698,0.8133758306503296,0.7946401238441467,0.858404815196991,0.23375554382801056,0.27051693201065063,0.22391696274280548,0.1979762315750122
1781,1781,0.002515365369617939,,,,,,,,,
1782,1782,,,0.9393690824508667,0.8069456815719604,0.7957351803779602,0.8544489145278931,0.27485060691833496,0.2686794400215149,0.22541095316410065,0.1979762315750122
1782,1782,0.0026643199380487204,,,,,,,,,
1783,1783,,,0.9106600880622864,0.8069262504577637,0.7957307696342468,0.8577263355255127,0.2437475323677063,0.2692400813102722,0.22407940030097961,0.1979762315750122
1783,1783,0.002634022617712617,,,,,,,,,
1784,1784,,,0.9202393889427185,0.809984028339386,0.7965244054794312,0.8557114601135254,0.25607773661613464,0.26940327882766724,0.22444209456443787,0.1979762315750122
1784,1784,0.0024568340741097927,,,,,,,,,
1785,1785,,,0.9309067130088806,0.8021411299705505,0.7965284585952759,0.8551182746887207,0.26498767733573914,0.26831066608428955,0.22477026283740997,0.1979762315750122
1785,1785,0.002343748463317752,,,,,,,,,
1786,1786,,,0.9059783220291138,0.8119734525680542,0.7945782542228699,0.8572881817817688,0.24016691744327545,0.26963621377944946,0.22367370128631592,0.1979762315750122
1786,1786,0.002390638692304492,,,,,,,,,
1787,1787,,,0.9346588850021362,0.8042951822280884,0.7955902814865112,0.8534772396087646,0.27186888456344604,0.26786136627197266,0.2245642989873886,0.1979762315750122
1787,1787,0.0024876247625797987,,,,,,,,,
1788,1788,,,0.9142652153968811,0.8069953918457031,0.7963680624961853,0.8563518524169922,0.24481168389320374,0.26904022693634033,0.22391560673713684,0.1979762315750122
1788,1788,0.0024932140950113535,,,,,,,,,
1789,1789,,,0.9189749956130981,0.8085066676139832,0.7954524755477905,0.8540019392967224,0.26015281677246094,0.26777350902557373,0.2235897034406662,0.1979762315750122
1789,1789,0.002407958498224616,,,,,,,,,
1790,1790,,,0.9320851564407349,0.8014825582504272,0.7976167798042297,0.8535354733467102,0.25919127464294434,0.2679715156555176,0.22425279021263123,0.1979762315750122
1790,1790,0.0023439268115907907,,,,,,,,,
1791,1791,,,0.9076933264732361,0.8119632601737976,0.794393002986908,0.8553386330604553,0.24858438968658447,0.2681218087673187,0.22313016653060913,0.1979762315750122
1791,1791,0.0023596342653036118,,,,,,,,,
1792,1792,,,0.9354803562164307,0.8024017214775085,0.7967574596405029,0.8512964248657227,0.2650144100189209,0.2670228183269501,0.22372663021087646,0.1979762315750122
1792,1792,0.0024012941867113113,,,,,,,,,
1793,1793,,,0.9144875407218933,0.8085963726043701,0.7960718274116516,0.8552823066711426,0.24937544763088226,0.268199622631073,0.22359904646873474,0.1979762315750122
1793,1793,0.002394507173448801,,,,,,,,,
1794,1794,,,0.9222216606140137,0.8070762157440186,0.7962099313735962,0.851155698299408,0.2591412365436554,0.2666862905025482,0.22276802361011505,0.1979762315750122
1794,1794,0.0023428904823958874,,,,,,,,,
1795,1795,,,0.9294545650482178,0.8027793169021606,0.7978062629699707,0.8532640933990479,0.2575194835662842,0.2674736976623535,0.2239568531513214,0.1979762315750122
1795,1795,0.002309862058609724,,,,,,,,,
1796,1796,,,0.9112471342086792,0.8104346394538879,0.7950289845466614,0.8524101376533508,0.2525574266910553,0.2669461667537689,0.2223750501871109,0.1979762315750122
1796,1796,0.0023263341281563044,,,,,,,,,
1797,1797,,,0.9334737658500671,0.8017918467521667,0.7975176572799683,0.8509840369224548,0.26157042384147644,0.2664828896522522,0.22340984642505646,0.1979762315750122
1797,1797,0.002356152981519699,,,,,,,,,
1798,1798,,,0.9147469401359558,0.8084637522697449,0.795756995677948,0.8530228137969971,0.25354981422424316,0.26704296469688416,0.22282053530216217,0.1979762315750122
1798,1798,0.0023513108026236296,,,,,,,,,
1799,1799,,0.002312759403139353,,,,,,,,
1799,1799,,,0.9232795238494873,0.8050000667572021,0.796451985836029,0.8500989675521851,0.2582806944847107,0.2660295367240906,0.22237147390842438,0.1979762315750122
1799,1799,0.002312759403139353,,,,,,,,,
1800,1800,,,0.9263614416122437,0.8045036196708679,0.7972395420074463,0.8521358370780945,0.25915658473968506,0.2665129601955414,0.22332759201526642,0.1979762315750122
1800,1800,0.0022829072549939156,,,,,,,,,
1801,1801,,,0.9136431813240051,0.8083468675613403,0.7951215505599976,0.850304126739502,0.2544456124305725,0.26605719327926636,0.22174637019634247,0.1979762315750122
1801,1801,0.0022883648052811623,,,,,,,,,
1802,1802,,,0.9309479594230652,0.8029193878173828,0.7974564433097839,0.8508501648902893,0.26139456033706665,0.26581045985221863,0.22314974665641785,0.1979762315750122
1802,1802,0.0023115030489861965,,,,,,,,,
1803,1803,,,0.9155177474021912,0.8081956505775452,0.7955125570297241,0.8502323627471924,0.2559135854244232,0.2658725082874298,0.2218742072582245,0.1979762315750122
1803,1803,0.0023184060119092464,,,,,,,,,
1804,1804,,,0.9240041375160217,0.8042700886726379,0.7965651750564575,0.8502526879310608,0.25850504636764526,0.2655097544193268,0.22239740192890167,0.1979762315750122
1804,1804,0.0022998841013759375,,,,,,,,,
1805,1805,,,0.9250367879867554,0.8054320812225342,0.796772837638855,0.8496667742729187,0.26008015871047974,0.2653377950191498,0.22233688831329346,0.1979762315750122
1805,1805,0.0022770247887820005,,,,,,,,,
1806,1806,,,0.9156200885772705,0.8067044019699097,0.795236349105835,0.8499736189842224,0.2558966279029846,0.2654626965522766,0.2216896414756775,0.1979762315750122
1806,1806,0.0022707160096615553,,,,,,,,,
1807,1807,,,0.9306538701057434,0.8035708069801331,0.7973589301109314,0.8493726849555969,0.26149821281433105,0.2649870812892914,0.22258169949054718,0.1979762315750122
1807,1807,0.002278782892972231,,,,,,,,,
1808,1808,,,0.9152028560638428,0.8071615695953369,0.7951170802116394,0.8492727875709534,0.2571132183074951,0.26512834429740906,0.22143211960792542,0.1979762315750122
1808,1808,0.002283746376633644,,,,,,,,,
1809,1809,,,0.9271682500839233,0.8041920065879822,0.7973117232322693,0.849490225315094,0.2592221796512604,0.2650472819805145,0.22237268090248108,0.1979762315750122
1809,1809,0.0022759009152650833,,,,,,,,,
1810,1810,,,0.9216877222061157,0.8054691553115845,0.796011209487915,0.8482798933982849,0.2607783079147339,0.2645112872123718,0.2215518057346344,0.1979762315750122
1810,1810,0.0022625927813351154,,,,,,,,,
1811,1811,,,0.9203416109085083,0.8058807253837585,0.796492338180542,0.8493075370788574,0.2563472390174866,0.2650595009326935,0.22181206941604614,0.1979762315750122
1811,1811,0.0022560565266758204,,,,,,,,,
1812,1812,,,0.927240788936615,0.804045557975769,0.7966803908348083,0.8477321863174438,0.263141006231308,0.26410284638404846,0.22174334526062012,0.1979762315750122
1812,1812,0.002258582040667534,,,,,,,,,
1813,1813,,,0.9178264141082764,0.8062248229980469,0.7958289384841919,0.8482868671417236,0.25639766454696655,0.26459816098213196,0.2212398797273636,0.1979762315750122
1813,1813,0.0022619683295488358,,,,,,,,,
1814,1814,,,0.9267550706863403,0.8041535019874573,0.7969432473182678,0.8478615880012512,0.2618541121482849,0.2640930116176605,0.2217489331960678,0.1979762315750122
1814,1814,0.002258714521303773,,,,,,,,,
1815,1815,,,0.9207631349563599,0.8051040172576904,0.7958954572677612,0.8469229340553284,0.25974026322364807,0.263889878988266,0.2209567427635193,0.1979762315750122
1815,1815,0.002250173594802618,,,,,,,,,
1816,1816,,,0.9227413535118103,0.805249810218811,0.7967633605003357,0.8480162620544434,0.25862452387809753,0.2641655206680298,0.22150298953056335,0.1979762315750122
1816,1816,0.002243204042315483,,,,,,,,,
1817,1817,,,0.9244366884231567,0.8039454221725464,0.796099066734314,0.8461568355560303,0.26321691274642944,0.2634120285511017,0.22094817459583282,0.1979762315750122
1817,1817,0.002241671783849597,,,,,,,,,
1818,1818,,,0.9206717014312744,0.8058292865753174,0.7964873313903809,0.8474908471107483,0.2571913003921509,0.2639773190021515,0.22115175426006317,0.1979762315750122
1818,1818,0.0022429246455430984,,,,,,,,,
1819,1819,,,0.9246851801872253,0.8036320805549622,0.7961598634719849,0.84624844789505,0.26375293731689453,0.2632581293582916,0.22098201513290405,0.1979762315750122
1819,1819,0.0022420065943151712,,,,,,,,,
1820,1820,,,0.9223340749740601,0.8050780296325684,0.7964680194854736,0.8463502526283264,0.25892937183380127,0.26354527473449707,0.22086261212825775,0.1979762315750122
1820,1820,0.0022374361287802458,,,,,,,,,
1821,1821,,,0.9222514033317566,0.8043191432952881,0.7961334586143494,0.846601665019989,0.26181933283805847,0.26319512724876404,0.22090855240821838,0.1979762315750122
1821,1821,0.002232017694041133,,,,,,,,,
1822,1822,,,0.9250539541244507,0.8038331270217896,0.7964652180671692,0.8452367782592773,0.2616683542728424,0.26309236884117126,0.2206556797027588,0.1979762315750122
1822,1822,0.0022289783228188753,,,,,,,,,
1823,1823,,,0.9206224083900452,0.8051791191101074,0.796128511428833,0.8465522527694702,0.26017895340919495,0.2630458176136017,0.22076213359832764,0.1979762315750122
1823,1823,0.0022284442093223333,,,,,,,,,
1824,1824,,,0.9256744384765625,0.8032950162887573,0.7963775992393494,0.844563364982605,0.26284587383270264,0.2627277672290802,0.22044548392295837,0.1979762315750122
1824,1824,0.0022278842516243458,,,,,,,,,
1825,1825,,,0.9215898513793945,0.8052021265029907,0.7962594032287598,0.8459644317626953,0.2605179250240326,0.26280200481414795,0.22062808275222778,0.1979762315750122
1825,1825,0.0022252381313592196,,,,,,,,,
1826,1826,,,0.9239999651908875,0.8036501407623291,0.7962899208068848,0.8442714810371399,0.26202288269996643,0.26242703199386597,0.22019997239112854,0.1979762315750122
1826,1826,0.002220961032435298,,,,,,,,,
1827,1827,,,0.9238259792327881,0.8045713305473328,0.796393096446991,0.8451021313667297,0.26231107115745544,0.26250144839286804,0.2204945832490921,0.1979762315750122
1827,1827,0.0022171225864440203,,,,,,,,,
1828,1828,,,0.9223557710647583,0.8041908144950867,0.7962477207183838,0.8440781831741333,0.26073968410491943,0.26217126846313477,0.21999141573905945,0.1979762315750122
1828,1828,0.00221504014916718,,,,,,,,,
1829,1829,,,0.9248296022415161,0.8040558099746704,0.7963545918464661,0.844336748123169,0.26365697383880615,0.26216191053390503,0.22029070556163788,0.1979762315750122
1829,1829,0.0022141600493341684,,,,,,,,,
1830,1830,,,0.9227207899093628,0.8043110966682434,0.7963728904724121,0.843717634677887,0.26066601276397705,0.2619624435901642,0.21988889575004578,0.1979762315750122
1830,1830,0.00221295771189034,,,,,,,,,
1831,1831,,,0.9236223697662354,0.8039517998695374,0.7961145043373108,0.8438762426376343,0.2635429799556732,0.2618210017681122,0.22000817954540253,0.1979762315750122
1831,1831,0.0022106231190264225,,,,,,,,,
1832,1832,,,0.9248809814453125,0.8040563464164734,0.7966262102127075,0.8431193232536316,0.26172617077827454,0.2617632746696472,0.21984946727752686,0.1979762315750122
1832,1832,0.002207728335633874,,,,,,,,,
1833,1833,,,0.9214516282081604,0.8040853142738342,0.795753538608551,0.843646228313446,0.26288852095603943,0.2615222632884979,0.21972793340682983,0.1979762315750122
1833,1833,0.002205441240221262,,,,,,,,,
1834,1834,,,0.9270690679550171,0.8037605285644531,0.7968370914459229,0.8423963189125061,0.26255378127098083,0.26153215765953064,0.21976056694984436,0.1979762315750122
1834,1834,0.0022043997887521982,,,,,,,,,
1835,1835,,,0.9201021790504456,0.8040992021560669,0.7954304814338684,0.8434310555458069,0.2630743086338043,0.2612461447715759,0.21952372789382935,0.1979762315750122
1835,1835,0.0022042961791157722,,,,,,,,,
1836,1836,,,0.927970290184021,0.8036725521087646,0.7969555258750916,0.8416956067085266,0.2622482478618622,0.26129382848739624,0.21957209706306458,0.1979762315750122
1836,1836,0.0022045306395739317,,,,,,,,,
1837,1837,,,0.9200640916824341,0.8038333058357239,0.7952070832252502,0.8431278467178345,0.2643733620643616,0.2609385550022125,0.21939396858215332,0.1979762315750122
1837,1837,0.0022049536928534508,,,,,,,,,
1838,1838,,,0.9279031157493591,0.8037689924240112,0.7970409989356995,0.8410241007804871,0.26112231612205505,0.2611057758331299,0.21932339668273926,0.1979762315750122
1838,1838,0.002206296194344759,,,,,,,,,
1839,1839,,,0.9203348159790039,0.8035805225372314,0.794959306716919,0.8428735136985779,0.2660936713218689,0.2606063187122345,0.21930323541164398,0.1979762315750122
1839,1839,0.002209667582064867,,,,,,,,,
1840,1840,,,0.9282750487327576,0.8037140369415283,0.7971677184104919,0.8402110934257507,0.2598775625228882,0.260964959859848,0.2190609723329544,0.1979762315750122
1840,1840,0.002216398250311613,,,,,,,,,
1841,1841,,,0.9194914698600769,0.8036983609199524,0.7944816946983337,0.8429279327392578,0.26767784357070923,0.2603224813938141,0.21923388540744781,0.1979762315750122
1841,1841,0.0022276334930211306,,,,,,,,,
1842,1842,,,0.930332601070404,0.8032377362251282,0.7973604202270508,0.8390220999717712,0.2587951719760895,0.2608318626880646,0.21878665685653687,0.1979762315750122
1842,1842,0.0022455397993326187,,,,,,,,,
1843,1843,,,0.9167606830596924,0.8041919469833374,0.7934941649436951,0.8435108661651611,0.26916855573654175,0.26013660430908203,0.21919134259223938,0.1979762315750122
1843,1843,0.0022729902993887663,,,,,,,,,
1844,1844,,,0.9345105886459351,0.8024355173110962,0.7974584102630615,0.8373052477836609,0.25753846764564514,0.2607523798942566,0.21847033500671387,0.1979762315750122
1844,1844,0.0023162653669714928,,,,,,,,,
1845,1845,,,0.9121899604797363,0.8048693537712097,0.7916250228881836,0.8447356820106506,0.27127403020858765,0.2600475549697876,0.2191964089870453,0.1979762315750122
1845,1845,0.0023826404940336943,,,,,,,,,
1846,1846,,,0.940804660320282,0.8015512824058533,0.7969471216201782,0.8350306749343872,0.2551936209201813,0.2609182894229889,0.2180744856595993,0.1979762315750122
1846,1846,0.0024874247610569,,,,,,,,,
1847,1847,,,0.9059684872627258,0.8056458234786987,0.7883448600769043,0.8467313647270203,0.2750655710697174,0.2601156234741211,0.21929089725017548,0.1979762315750122
1847,1847,0.0026452878955751657,,,,,,,,,
1848,1848,,,0.9496504068374634,0.8006826043128967,0.794821560382843,0.8321731686592102,0.2508014440536499,0.261626660823822,0.217562735080719,0.1979762315750122
1848,1848,0.0028918148018419743,,,,,,,,,
1849,1849,,0.003248632187023759,,,,,,,,
1849,1849,,,0.8978661894798279,0.8066373467445374,0.7828662395477295,0.8497486710548401,0.28137922286987305,0.2606298327445984,0.21954044699668884,0.1979762315750122
1849,1849,0.003248632187023759,,,,,,,,,
1850,1850,,,0.9620640277862549,0.799704909324646,0.7901459336280823,0.828775942325592,0.24398884177207947,0.26314133405685425,0.21697109937667847,0.1979762315750122
1850,1850,0.0037866211496293545,,,,,,,,,
1851,1851,,,0.887912392616272,0.8082177639007568,0.7748059034347534,0.8536211848258972,0.2901690900325775,0.26203346252441406,0.21993981301784515,0.1979762315750122
1851,1851,0.00448706466704607,,,,,,,,,
1852,1852,,,0.9772685170173645,0.7983360290527344,0.7837410569190979,0.8254303932189941,0.23594243824481964,0.2650029957294464,0.2164728343486786,0.1979762315750122
1852,1852,0.005425339564681053,,,,,,,,,
1853,1853,,,0.8785183429718018,0.810882031917572,0.7667970657348633,0.8558496832847595,0.2989356219768524,0.26384326815605164,0.21995869278907776,0.1979762315750122
1853,1853,0.006323098670691252,,,,,,,,,
1854,1854,,,0.9871377944946289,0.7965704798698425,0.7804784774780273,0.8239335417747498,0.23142848908901215,0.26461610198020935,0.21624073386192322,0.1979762315750122
1854,1854,0.00711857108399272,,,,,,,,,
1855,1855,,,0.8763152360916138,0.8140601515769958,0.7668061256408691,0.8504934906959534,0.30088114738464355,0.26332375407218933,0.21821360290050507,0.1979762315750122
1855,1855,0.007098602596670389,,,,,,,,,
1856,1856,,,0.9772924184799194,0.795534610748291,0.7875598073005676,0.8277727365493774,0.23798653483390808,0.2603278160095215,0.21690250933170319,0.1979762315750122
1856,1856,0.006363579072058201,,,,,,,,,
1857,1857,,,0.8904334902763367,0.8143236041069031,0.7804207801818848,0.8360704183578491,0.2885547876358032,0.2598057985305786,0.21492205560207367,0.1979762315750122
1857,1857,0.004822136368602514,,,,,,,,,
1858,1858,,,0.947737991809845,0.7974146604537964,0.7997483611106873,0.8390294313430786,0.25543686747550964,0.25872695446014404,0.219614177942276,0.1979762315750122
1858,1858,0.0033767472486943007,,,,,,,,,
1859,1859,,,0.9199365973472595,0.8081651926040649,0.79412442445755,0.8224114775657654,0.2657254636287689,0.2574467062950134,0.21267779171466827,0.1979762315750122
1859,1859,0.0026006242260336876,,,,,,,,,
1860,1860,,,0.9186211228370667,0.8034877181053162,0.7940323352813721,0.8497216701507568,0.27235284447669983,0.2626795768737793,0.22163546085357666,0.1979762315750122
1860,1860,0.002676048781722784,,,,,,,,,
1861,1861,,,0.9445687532424927,0.7984973192214966,0.793255090713501,0.8186250925064087,0.25153619050979614,0.2565147280693054,0.2123585045337677,0.1979762315750122
1861,1861,0.0032100335229188204,,,,,,,,,
1862,1862,,,0.9055082201957703,0.8116076588630676,0.7876474261283875,0.8475092649459839,0.2785281836986542,0.2638324797153473,0.2201196700334549,0.1979762315750122
1862,1862,0.0036156214773654938,,,,,,,,,
1863,1863,,,0.9463374018669128,0.7923990488052368,0.7948799729347229,0.8259547352790833,0.25793612003326416,0.25586509704589844,0.21472015976905823,0.1979762315750122
1863,1863,0.0035957260988652706,,,,,,,,,
1864,1864,,,0.9108714461326599,0.8153294324874878,0.7915236949920654,0.833728015422821,0.27269840240478516,0.2601127326488495,0.21601448953151703,0.1979762315750122
1864,1864,0.0031904836650937796,,,,,,,,,
1865,1865,,,0.9316210150718689,0.7940977215766907,0.7975571751594543,0.838298499584198,0.26864245533943176,0.25775402784347534,0.21827413141727448,0.1979762315750122
1865,1865,0.0027728963177651167,,,,,,,,,
1866,1866,,,0.9248514175415039,0.809663712978363,0.7951968312263489,0.8221823573112488,0.26263096928596497,0.25699979066848755,0.21292030811309814,0.1979762315750122
1866,1866,0.0025729883927851915,,,,,,,,,
1867,1867,,,0.9201741814613342,0.8027613162994385,0.7952296733856201,0.8444821834564209,0.2678164839744568,0.2605067193508148,0.2198188155889511,0.1979762315750122
1867,1867,0.0025915501173585653,,,,,,,,,
1868,1868,,,0.9307465553283691,0.7988331317901611,0.7944847345352173,0.8207151889801025,0.2628209590911865,0.2553977370262146,0.21232736110687256,0.1979762315750122
1868,1868,0.002664098748937249,,,,,,,,,
1869,1869,,,0.9213933348655701,0.8125545978546143,0.7955386638641357,0.8398035764694214,0.2637394070625305,0.261033296585083,0.21869634091854095,0.1979762315750122
1869,1869,0.0026687378995120525,,,,,,,,,
1870,1870,,,0.9235135316848755,0.792259931564331,0.7932979464530945,0.826630175113678,0.27307525277137756,0.25442010164260864,0.21351750195026398,0.1979762315750122
1870,1870,0.0026231997180730104,,,,,,,,,
1871,1871,,,0.9310851097106934,0.8150304555892944,0.7975277304649353,0.8314568996429443,0.26279059052467346,0.2605040669441223,0.21687069535255432,0.1979762315750122
1871,1871,0.002584973582997918,,,,,,,,,
1872,1872,,,0.9136916995048523,0.7944031953811646,0.7916327118873596,0.8327099680900574,0.2751401364803314,0.2546754479408264,0.21476714313030243,0.1979762315750122
1872,1872,0.0025683576241135597,,,,,,,,,
1873,1873,,,0.9381760954856873,0.8079415559768677,0.7973360419273376,0.8275078535079956,0.26181459426879883,0.2593785524368286,0.21575738489627838,0.1979762315750122
1873,1873,0.0025175882037729025,,,,,,,,,
1874,1874,,,0.9120297431945801,0.8030908703804016,0.7919804453849792,0.8338492512702942,0.2679634392261505,0.2561497390270233,0.2152787148952484,0.1979762315750122
1874,1874,0.0024028897751122713,,,,,,,,,
1875,1875,,,0.9350405931472778,0.7985333204269409,0.7964826226234436,0.8286811709403992,0.26522764563560486,0.25709179043769836,0.21541395783424377,0.1979762315750122
1875,1875,0.002277686959132552,,,,,,,,,
1876,1876,,,0.9197077751159668,0.8112858533859253,0.794635534286499,0.8310518264770508,0.2660270929336548,0.25819066166877747,0.2155103087425232,0.1979762315750122
1876,1876,0.002227810677140951,,,,,,,,,
1877,1877,,,0.9248837232589722,0.7944324016571045,0.7947174906730652,0.8314226269721985,0.2700338661670685,0.2550826370716095,0.21524417400360107,0.1979762315750122
1877,1877,0.0022812997922301292,,,,,,,,,
1878,1878,,,0.930164098739624,0.8117035627365112,0.7963525652885437,0.8286259770393372,0.26771965622901917,0.2591606676578522,0.21571476757526398,0.1979762315750122
1878,1878,0.0023673453833907843,,,,,,,,,
1879,1879,,,0.9165219664573669,0.7970431447029114,0.7928152680397034,0.8320180177688599,0.26822322607040405,0.2546902000904083,0.21474136412143707,0.1979762315750122
1879,1879,0.002387414686381817,,,,,,,,,
1880,1880,,,0.9355013966560364,0.8047127723693848,0.7964693903923035,0.828982949256897,0.26705682277679443,0.25804418325424194,0.21584251523017883,0.1979762315750122
1880,1880,0.00230810628272593,,,,,,,,,
1881,1881,,,0.9151961803436279,0.8035061359405518,0.7926510572433472,0.8295607566833496,0.26516470313072205,0.2556656002998352,0.21410727500915527,0.1979762315750122
1881,1881,0.002191520296037197,,,,,,,,,
1882,1882,,,0.933409571647644,0.7978859543800354,0.7961339950561523,0.8312017917633057,0.26713433861732483,0.2563360631465912,0.21599167585372925,0.1979762315750122
1882,1882,0.0021297538187354803,,,,,,,,,
1883,1883,,,0.9194638729095459,0.8083334565162659,0.7935690879821777,0.8262472748756409,0.2672654390335083,0.2565445601940155,0.21370317041873932,0.1979762315750122
1883,1883,0.002157175913453102,,,,,,,,,
1884,1884,,,0.9282727241516113,0.7965956330299377,0.7958407998085022,0.832665741443634,0.2658051550388336,0.2556186616420746,0.21595168113708496,0.1979762315750122
1884,1884,0.0022278781980276108,,,,,,,,,
1885,1885,,,0.9240029454231262,0.8073161840438843,0.7939451932907104,0.8247631788253784,0.27088645100593567,0.25615108013153076,0.21356916427612305,0.1979762315750122
1885,1885,0.0022674445062875748,,,,,,,,,
1886,1886,,,0.9256478548049927,0.800104022026062,0.7959388494491577,0.8315796852111816,0.26099252700805664,0.2558300793170929,0.2154756784439087,0.1979762315750122
1886,1886,0.0022417877335101366,,,,,,,,,
1887,1887,,,0.9248791933059692,0.8022323250770569,0.7934828400611877,0.8257769346237183,0.27333757281303406,0.2550322711467743,0.21368888020515442,0.1979762315750122
1887,1887,0.002176618669182062,,,,,,,,,
1888,1888,,,0.9272103309631348,0.8046463131904602,0.7962598204612732,0.8288335204124451,0.25859716534614563,0.25628653168678284,0.21487829089164734,0.1979762315750122
1888,1888,0.002124666702002287,,,,,,,,,
1889,1889,,,0.9226301908493042,0.7983089089393616,0.7930917739868164,0.8274059891700745,0.27371662855148315,0.25420141220092773,0.2138267606496811,0.1979762315750122
1889,1889,0.0021147162187844515,,,,,,,,,
1890,1890,,,0.9304656982421875,0.8065159320831299,0.7963886260986328,0.8268885612487793,0.2620057761669159,0.25644057989120483,0.21463580429553986,0.1979762315750122
1890,1890,0.002135137328878045,,,,,,,,,
1891,1891,,,0.9205618500709534,0.7984071969985962,0.7934930324554443,0.8274539709091187,0.26954740285873413,0.2537539005279541,0.21360573172569275,0.1979762315750122
1891,1891,0.002154146321117878,,,,,,,,,
1892,1892,,,0.9320895671844482,0.8046459555625916,0.7960787415504456,0.8270335793495178,0.26794224977493286,0.25620174407958984,0.21480707824230194,0.1979762315750122
1892,1892,0.002151838270947337,,,,,,,,,
1893,1893,,,0.9208559393882751,0.801272451877594,0.7942626476287842,0.8258240818977356,0.2636028230190277,0.2536119222640991,0.21311907470226288,0.1979762315750122
1893,1893,0.0021322702523320913,,,,,,,,,
1894,1894,,,0.9311162233352661,0.8012652397155762,0.7953841686248779,0.828205406665802,0.27174386382102966,0.2556810975074768,0.21498337388038635,0.1979762315750122
1894,1894,0.0021119776647537947,,,,,,,,,
1895,1895,,,0.9229486584663391,0.8038121461868286,0.7946705222129822,0.824259340763092,0.2621375024318695,0.25383153557777405,0.2128652036190033,0.1979762315750122
1895,1895,0.0021017631515860558,,,,,,,,,
1896,1896,,,0.9290292263031006,0.799350380897522,0.7950162291526794,0.8284211158752441,0.27051472663879395,0.2548845112323761,0.21472229063510895,0.1979762315750122
1896,1896,0.0020990914199501276,,,,,,,,,
1897,1897,,,0.9250009059906006,0.8041045665740967,0.7945250272750854,0.8240904808044434,0.2662910223007202,0.254173219203949,0.2130642831325531,0.1979762315750122
1897,1897,0.0020960469264537096,,,,,,,,,
1898,1898,,,0.9276754856109619,0.7999191880226135,0.7952433228492737,0.8271728157997131,0.26523926854133606,0.25412511825561523,0.2140897512435913,0.1979762315750122
1898,1898,0.0020890915766358376,,,,,,,,,
1899,1899,,0.0020819304045289755,,,,,,,,
1899,1899,,,0.9258711934089661,0.8026253581047058,0.793962299823761,0.8249146342277527,0.2718577980995178,0.25423943996429443,0.2134135663509369,0.1979762315750122
1899,1899,0.0020819304045289755,,,,,,,,,
1900,1900,,,0.9277099967002869,0.8016648888587952,0.7955664992332458,0.8256133794784546,0.260687917470932,0.2538754642009735,0.21356338262557983,0.1979762315750122
1900,1900,0.0020795383024960756,,,,,,,,,
1901,1901,,,0.925593912601471,0.8010596036911011,0.7934672832489014,0.8254370093345642,0.2742275297641754,0.25383898615837097,0.21348175406455994,0.1979762315750122
1901,1901,0.002081827027723193,,,,,,,,,
1902,1902,,,0.9287296533584595,0.8027124404907227,0.79567551612854,0.8248836398124695,0.2605224847793579,0.2540549635887146,0.21345782279968262,0.1979762315750122
1902,1902,0.0020835865288972855,,,,,,,,,
1903,1903,,,0.9247426390647888,0.8005757927894592,0.7934716939926147,0.8249197006225586,0.27228036522865295,0.2531971037387848,0.21314376592636108,0.1979762315750122
1903,1903,0.0020794940646737814,,,,,,,,,
1904,1904,,,0.9301268458366394,0.8024166822433472,0.7956050634384155,0.8251197338104248,0.26393795013427734,0.2542145550251007,0.21369364857673645,0.1979762315750122
1904,1904,0.0020695084240287542,,,,,,,,,
1905,1905,,,0.9238446950912476,0.801170825958252,0.7937746047973633,0.8236820101737976,0.26839742064476013,0.25271204113960266,0.21261218190193176,0.1979762315750122
1905,1905,0.0020587649196386337,,,,,,,,,
1906,1906,,,0.931520938873291,0.8014805316925049,0.7954803109169006,0.8257367014884949,0.26775169372558594,0.2541835606098175,0.21401216089725494,0.1979762315750122
1906,1906,0.002053359756246209,,,,,,,,,
1907,1907,,,0.9230953454971313,0.8019550442695618,0.7939126491546631,0.8224096298217773,0.2657519578933716,0.2524273693561554,0.21212205290794373,0.1979762315750122
1907,1907,0.002055408200249076,,,,,,,,,
1908,1908,,,0.9328122735023499,0.8009071350097656,0.7955265045166016,0.8261599540710449,0.2693239748477936,0.25412651896476746,0.21423813700675964,0.1979762315750122
1908,1908,0.002061974024400115,,,,,,,,,
1909,1909,,,0.9223120212554932,0.8020631670951843,0.7936463952064514,0.8214466571807861,0.2660132646560669,0.2520584464073181,0.2117273062467575,0.1979762315750122
1909,1909,0.002068019239231944,,,,,,,,,
1910,1910,,,0.9342279434204102,0.8011031150817871,0.795887291431427,0.8261968493461609,0.26796624064445496,0.25420889258384705,0.21435213088989258,0.1979762315750122
1910,1910,0.002070399932563305,,,,,,,,,
1911,1911,,,0.921078085899353,0.8014892339706421,0.7928864359855652,0.8207416534423828,0.2689121961593628,0.25147947669029236,0.21135929226875305,0.1979762315750122
1911,1911,0.002070344751700759,,,,,,,,,
1912,1912,,,0.9362989068031311,0.8017585277557373,0.7964639663696289,0.8260859251022339,0.2645518183708191,0.25443539023399353,0.21446441113948822,0.1979762315750122
1912,1912,0.002071976661682129,,,,,,,,,
1913,1913,,,0.9188966155052185,0.800957441329956,0.7916367650032043,0.8199484348297119,0.27315542101860046,0.25080204010009766,0.21088790893554688,0.1979762315750122
1913,1913,0.002080087549984455,,,,,,,,,
1914,1914,,,0.9397070407867432,0.8022851943969727,0.7971256375312805,0.8263509273529053,0.260516881942749,0.2547823190689087,0.21478116512298584,0.1979762315750122
1914,1914,0.0020978625398129225,,,,,,,,,
1915,1915,,,0.9152841567993164,0.8011674284934998,0.7899782657623291,0.8185572028160095,0.2772194743156433,0.2500225901603699,0.2101217806339264,0.1979762315750122
1915,1915,0.0021273132879287004,,,,,,,,,
1916,1916,,,0.945246696472168,0.8023488521575928,0.7979220151901245,0.8275309801101685,0.25701192021369934,0.2554004490375519,0.2155551314353943,0.1979762315750122
1916,1916,0.0021712451707571745,,,,,,,,,
1917,1917,,,0.9097669720649719,0.8023167848587036,0.7878596782684326,0.81611567735672,0.28045713901519775,0.24890343844890594,0.2088579386472702,0.1979762315750122
1917,1917,0.002235383726656437,,,,,,,,,
1918,1918,,,0.9540152549743652,0.8021745681762695,0.7989980578422546,0.8299682140350342,0.25396496057510376,0.2566100060939789,0.21701745688915253,0.1979762315750122
1918,1918,0.002330699237063527,,,,,,,,,
1919,1919,,,0.901925802230835,0.8042072057723999,0.7849302887916565,0.8124772310256958,0.283750981092453,0.2472085803747177,0.20699353516101837,0.1979762315750122
1919,1919,0.002472896361723542,,,,,,,,,
1920,1920,,,0.967393159866333,0.8024672865867615,0.8004335165023804,0.8336708545684814,0.2502003014087677,0.25870299339294434,0.2193051278591156,0.1979762315750122
1920,1920,0.0026842847000807524,,,,,,,,,
1921,1921,,,0.8919805884361267,0.8066098093986511,0.7808533906936646,0.8079555630683899,0.28870442509651184,0.24495044350624084,0.20465204119682312,0.1979762315750122
1921,1921,0.002989420434460044,,,,,,,,,
1922,1922,,,0.9857757091522217,0.803889274597168,0.8021958470344543,0.8381693959236145,0.24488675594329834,0.2616899907588959,0.22231967747211456,0.1979762315750122
1922,1922,0.0034139053896069527,,,,,,,,,
1923,1923,,,0.8823109865188599,0.809037983417511,0.7764480113983154,0.8036503791809082,0.2958003580570221,0.24260762333869934,0.2024279236793518,0.1979762315750122
1923,1923,0.003964990843087435,,,,,,,,,
1924,1924,,,1.004158616065979,0.8057605624198914,0.8042593002319336,0.8417368531227112,0.2398824542760849,0.26473864912986755,0.22513112425804138,0.1979762315750122
1924,1924,0.00460999459028244,,,,,,,,,
1925,1925,,,0.8788273334503174,0.809249997138977,0.7752063870429993,0.8023703098297119,0.30171018838882446,0.2414408177137375,0.2017669379711151,0.1979762315750122
1925,1925,0.005233186297118664,,,,,,,,,
1926,1926,,,1.0061070919036865,0.8049956560134888,0.8061241507530212,0.84034264087677,0.2408139854669571,0.2653857469558716,0.22505518794059753,0.1979762315750122
1926,1926,0.005625741556286812,,,,,,,,,
1927,1927,,,0.8897918462753296,0.8042677044868469,0.7819290161132812,0.8081726431846619,0.29853737354278564,0.24331034719944,0.20465975999832153,0.1979762315750122
1927,1927,0.005551809910684824,,,,,,,,,
1928,1928,,,0.974306046962738,0.8011204600334167,0.8040482401847839,0.8305036425590515,0.25224173069000244,0.2611284554004669,0.21936306357383728,0.1979762315750122
1928,1928,0.004914300981909037,,,,,,,,,
1929,1929,,,0.9219855666160583,0.798973023891449,0.7933008074760437,0.8212040662765503,0.2808254659175873,0.24897171556949615,0.21150389313697815,0.1979762315750122
1929,1929,0.003923832904547453,,,,,,,,,
1930,1930,,,0.9226295948028564,0.8001079559326172,0.7900072932243347,0.8160179853439331,0.2701781988143921,0.2536585330963135,0.21004275977611542,0.1979762315750122
1930,1930,0.00302608753554523,,,,,,,,,
1931,1931,,,0.9662938117980957,0.8009931445121765,0.7927103042602539,0.8341917991638184,0.25683891773223877,0.2560097575187683,0.21856734156608582,0.1979762315750122
1931,1931,0.0026025124825537205,,,,,,,,,
1932,1932,,,0.886374831199646,0.799981415271759,0.7730386257171631,0.805822491645813,0.2842940390110016,0.24757429957389832,0.20309557020664215,0.1979762315750122
1932,1932,0.0027019516564905643,,,,,,,,,
1933,1933,,,0.9914180636405945,0.8060582280158997,0.7906681299209595,0.8392598032951355,0.24586635828018188,0.26037174463272095,0.22203975915908813,0.1979762315750122
1933,1933,0.0030507892370224,,,,,,,,,
1934,1934,,,0.881885290145874,0.7940678000450134,0.7712240815162659,0.8054889440536499,0.2850325405597687,0.24564461410045624,0.2022416591644287,0.1979762315750122
1934,1934,0.0032709925435483456,,,,,,,,,
1935,1935,,,0.9763630032539368,0.8090251088142395,0.7939821481704712,0.8345644474029541,0.256669282913208,0.25986629724502563,0.2200913429260254,0.1979762315750122
1935,1935,0.0031670979224145412,,,,,,,,,
1936,1936,,,0.9066005945205688,0.7886410355567932,0.785395622253418,0.8138946294784546,0.27127325534820557,0.24803604185581207,0.20715488493442535,0.1979762315750122
1936,1936,0.0028257190715521574,,,,,,,,,
1937,1937,,,0.9381276965141296,0.8111145496368408,0.7961209416389465,0.8252797722816467,0.2755740284919739,0.2558019161224365,0.21494469046592712,0.1979762315750122
1937,1937,0.002509735058993101,,,,,,,,,
1938,1938,,,0.942598819732666,0.7907053828239441,0.7975836396217346,0.8236689567565918,0.25437283515930176,0.25258582830429077,0.21351180970668793,0.1979762315750122
1938,1938,0.002408684231340885,,,,,,,,,
1939,1939,,,0.9106709957122803,0.8087663054466248,0.7887297868728638,0.8191277980804443,0.28394806385040283,0.2515781819820404,0.21043546497821808,0.1979762315750122
1939,1939,0.002480058465152979,,,,,,,,,
1940,1940,,,0.9609553217887878,0.7957265377044678,0.7972778081893921,0.8272448778152466,0.24950937926769257,0.2556420564651489,0.2161296308040619,0.1979762315750122
1940,1940,0.0025461758486926556,,,,,,,,,
1941,1941,,,0.9088197946548462,0.8003256320953369,0.7876533269882202,0.8193022012710571,0.277412086725235,0.24981321394443512,0.2097265124320984,0.1979762315750122
1941,1941,0.002464516554027796,,,,,,,,,
1942,1942,,,0.9514679312705994,0.8018425703048706,0.7961191534996033,0.8237000703811646,0.26097342371940613,0.2551797926425934,0.21468734741210938,0.1979762315750122
1942,1942,0.00227701966650784,,,,,,,,,
1943,1943,,,0.925807535648346,0.794726550579071,0.7940235137939453,0.8227246999740601,0.2641807794570923,0.2508426606655121,0.2119971066713333,0.1979762315750122
1943,1943,0.002123661804944277,,,,,,,,,
1944,1944,,,0.9314940571784973,0.8080922365188599,0.7946671843528748,0.8191593289375305,0.2753734886646271,0.2527771294116974,0.2121295928955078,0.1979762315750122
1944,1944,0.0021076854318380356,,,,,,,,,
1945,1945,,,0.9424928426742554,0.794621467590332,0.7975096106529236,0.8236202597618103,0.25487020611763,0.2526217997074127,0.2135985791683197,0.1979762315750122
1945,1945,0.002197975292801857,,,,,,,,,
1946,1946,,,0.9210278987884521,0.808304488658905,0.7924729585647583,0.8196735382080078,0.2790384888648987,0.2513251304626465,0.21138188242912292,0.1979762315750122
1946,1946,0.002280974294990301,,,,,,,,,
1947,1947,,,0.9440577626228333,0.7959795594215393,0.7968113422393799,0.8195830583572388,0.25585493445396423,0.2528647780418396,0.21250256896018982,0.1979762315750122
1947,1947,0.002280421322211623,,,,,,,,,
1948,1948,,,0.9252992272377014,0.8034459352493286,0.793890118598938,0.8246729373931885,0.2725069522857666,0.25189757347106934,0.21306830644607544,0.1979762315750122
1948,1948,0.002207131590694189,,,,,,,,,
1949,1949,,0.0021368132438510656,,,,,,,,
1949,1949,,,0.9335734844207764,0.798409640789032,0.7946318984031677,0.814081609249115,0.2646702527999878,0.25149691104888916,0.21010279655456543,0.1979762315750122
1949,1949,0.0021368132438510656,,,,,,,,,
1950,1950,,,0.9361205101013184,0.8000969886779785,0.7963602542877197,0.8283704519271851,0.26409074664115906,0.2530987858772278,0.21493667364120483,0.1979762315750122
1950,1950,0.0021135772112756968,,,,,,,,,
1951,1951,,,0.9238332509994507,0.8001483678817749,0.791881263256073,0.8125581741333008,0.27197107672691345,0.25025880336761475,0.20888245105743408,0.1979762315750122
1951,1951,0.0021206880919635296,,,,,,,,,
1952,1952,,,0.9418488144874573,0.7992025017738342,0.7966623306274414,0.8263177275657654,0.2603047788143158,0.2530328631401062,0.2145867943763733,0.1979762315750122
1952,1952,0.0021106882486492395,,,,,,,,,
1953,1953,,,0.9226787090301514,0.7993670105934143,0.7915313243865967,0.8165059089660645,0.2720032334327698,0.25044527649879456,0.20996971428394318,0.1979762315750122
1953,1953,0.002064929809421301,,,,,,,,,
1954,1954,,,0.939141571521759,0.7994567155838013,0.79546719789505,0.8198965787887573,0.26275014877319336,0.25161466002464294,0.21227020025253296,0.1979762315750122
1954,1954,0.002011864213272929,,,,,,,,,
1955,1955,,,0.9283339381217957,0.798538088798523,0.7936689257621765,0.8220370411872864,0.2671349048614502,0.2515477240085602,0.21215826272964478,0.1979762315750122
1955,1955,0.001992949051782489,,,,,,,,,
1956,1956,,,0.9336104393005371,0.7999282479286194,0.7940670251846313,0.8142930269241333,0.26784011721611023,0.2501535713672638,0.2100793719291687,0.1979762315750122
1956,1956,0.002018874976783991,,,,,,,,,
1957,1957,,,0.9335384964942932,0.7991300821304321,0.7953429222106934,0.8242112398147583,0.2628615200519562,0.2520813047885895,0.21326109766960144,0.1979762315750122
1957,1957,0.00205821031704545,,,,,,,,,
1958,1958,,,0.9311416149139404,0.7989429831504822,0.7934210300445557,0.8131675124168396,0.2701861262321472,0.24956151843070984,0.2094947099685669,0.1979762315750122
1958,1958,0.0020702630281448364,,,,,,,,,
1959,1959,,,0.9339067339897156,0.8002669215202332,0.7952779531478882,0.8217393755912781,0.2629515826702118,0.2515205442905426,0.21249723434448242,0.1979762315750122
1959,1959,0.0020396888721734285,,,,,,,,,
1960,1960,,,0.9325404763221741,0.7971897125244141,0.7939949631690979,0.8159213066101074,0.2680257558822632,0.2497989684343338,0.2103894054889679,0.1979762315750122
1960,1960,0.0019882714841514826,,,,,,,,,
1961,1961,,,0.9316657781600952,0.8013669848442078,0.794387936592102,0.8173269629478455,0.2666685879230499,0.250557541847229,0.21095220744609833,0.1979762315750122
1961,1961,0.0019502593204379082,,,,,,,,,
1962,1962,,,0.9343135356903076,0.7967787384986877,0.7948198318481445,0.8190604448318481,0.26454445719718933,0.25022900104522705,0.2114752233028412,0.1979762315750122
1962,1962,0.001943429233506322,,,,,,,,,
1963,1963,,,0.9312029480934143,0.8013194799423218,0.7937878966331482,0.8144083619117737,0.2696729004383087,0.24985891580581665,0.20998308062553406,0.1979762315750122
1963,1963,0.001958203501999378,,,,,,,,,
1964,1964,,,0.9331597685813904,0.7978314757347107,0.7947572469711304,0.8196983337402344,0.26354995369911194,0.25026190280914307,0.21160010993480682,0.1979762315750122
1964,1964,0.0019717388786375523,,,,,,,,,
1965,1965,,,0.9338855743408203,0.7995651960372925,0.7939111590385437,0.814245879650116,0.269302099943161,0.24952490627765656,0.21002179384231567,0.1979762315750122
1965,1965,0.0019692936912178993,,,,,,,,,
1966,1966,,,0.929763913154602,0.7994929552078247,0.7937844395637512,0.8176934123039246,0.26571962237358093,0.24986237287521362,0.2107492983341217,0.1979762315750122
1966,1966,0.001954025123268366,,,,,,,,,
1967,1967,,,0.9373725056648254,0.7976531386375427,0.7943816781044006,0.8157373070716858,0.26692599058151245,0.2493884116411209,0.21061107516288757,0.1979762315750122
1967,1967,0.0019397495780140162,,,,,,,,,
1968,1968,,,0.9276083111763,0.8010219931602478,0.7928851246833801,0.8149719834327698,0.26865002512931824,0.24939745664596558,0.20977485179901123,0.1979762315750122
1968,1968,0.0019365493208169937,,,,,,,,,
1969,1969,,,0.9383619427680969,0.7970331907272339,0.7946246862411499,0.8169319033622742,0.26532626152038574,0.2492203414440155,0.21098335087299347,0.1979762315750122
1969,1969,0.0019432735862210393,,,,,,,,,
1970,1970,,,0.9289406538009644,0.8014335632324219,0.7928432822227478,0.8134562373161316,0.26965224742889404,0.24918018281459808,0.20940789580345154,0.1979762315750122
1970,1970,0.0019506174139678478,,,,,,,,,
1971,1971,,,0.936040461063385,0.7976753115653992,0.7943291068077087,0.8166794776916504,0.2656139135360718,0.24884933233261108,0.21071872115135193,0.1979762315750122
1971,1971,0.0019506901735439897,,,,,,,,,
1972,1972,,,0.9327420592308044,0.8003571033477783,0.7934189438819885,0.8135437965393066,0.268484503030777,0.24922746419906616,0.2096700817346573,0.1979762315750122
1972,1972,0.0019426870858296752,,,,,,,,,
1973,1973,,,0.9327873587608337,0.799055278301239,0.7937124967575073,0.8153206706047058,0.26702532172203064,0.2483658790588379,0.2100684940814972,0.1979762315750122
1973,1973,0.0019322502193972468,,,,,,,,,
1974,1974,,,0.9358857870101929,0.7986238598823547,0.7938686609268188,0.8141684532165527,0.2667989134788513,0.2492688149213791,0.21001452207565308,0.1979762315750122
1974,1974,0.001925425953231752,,,,,,,,,
1975,1975,,,0.9316713809967041,0.8005724549293518,0.7933634519577026,0.8141049742698669,0.26823198795318604,0.24808450043201447,0.20963947474956512,0.1979762315750122
1975,1975,0.001924257492646575,,,,,,,,,
1976,1976,,,0.9358362555503845,0.7973198890686035,0.7937129735946655,0.813962996006012,0.26603972911834717,0.24897171556949615,0.2098545879125595,0.1979762315750122
1976,1976,0.0019263561116531491,,,,,,,,,
1977,1977,,,0.9339368343353271,0.8016037940979004,0.7935028672218323,0.8140085339546204,0.2684539258480072,0.24820809066295624,0.20980888605117798,0.1979762315750122
1977,1977,0.0019281395943835378,,,,,,,,,
1978,1978,,,0.9325503706932068,0.7968538403511047,0.7928119897842407,0.8124397993087769,0.26631057262420654,0.24827934801578522,0.20903699100017548,0.1979762315750122
1978,1978,0.001928366837091744,,,,,,,,,
1979,1979,,,0.9385377168655396,0.801962673664093,0.7937459349632263,0.8149672746658325,0.2680869400501251,0.24859414994716644,0.21045011281967163,0.1979762315750122
1979,1979,0.0019287405302748084,,,,,,,,,
1980,1980,,,0.9280782341957092,0.7968913316726685,0.7914136648178101,0.8102149963378906,0.2667457163333893,0.24750152230262756,0.2079053819179535,0.1979762315750122
1980,1980,0.0019326689653098583,,,,,,,,,
1981,1981,,,0.943284809589386,0.8019686937332153,0.7936702966690063,0.8161962628364563,0.26809144020080566,0.2488926202058792,0.21114769577980042,0.1979762315750122
1981,1981,0.0019424258498474956,,,,,,,,,
1982,1982,,,0.9246417284011841,0.79682856798172,0.7900758385658264,0.8082039952278137,0.2665401101112366,0.24701224267482758,0.2069259136915207,0.1979762315750122
1982,1982,0.0019588149152696133,,,,,,,,,
1983,1983,,,0.9465358853340149,0.8021367192268372,0.7931521534919739,0.8170665502548218,0.2690497040748596,0.2488853633403778,0.21159952878952026,0.1979762315750122
1983,1983,0.001981488661840558,,,,,,,,,
1984,1984,,,0.9230827689170837,0.7962727546691895,0.789081871509552,0.8067503571510315,0.2653973400592804,0.2469145655632019,0.20626896619796753,0.1979762315750122
1984,1984,0.0020115713123232126,,,,,,,,,
1985,1985,,,0.9483655691146851,0.8029689788818359,0.7921678423881531,0.8176162838935852,0.2708601653575897,0.24865347146987915,0.21183890104293823,0.1979762315750122
1985,1985,0.002052105963230133,,,,,,,,,
1986,1986,,,0.9225855469703674,0.7950942516326904,0.7880427837371826,0.8054007291793823,0.26365014910697937,0.24702119827270508,0.20570027828216553,0.1979762315750122
1986,1986,0.0021102135069668293,,,,,,,,,
1987,1987,,,0.9504760503768921,0.8047553300857544,0.7904070019721985,0.8184441328048706,0.27287569642066956,0.24846141040325165,0.2121533453464508,0.1979762315750122
1987,1987,0.002193611580878496,,,,,,,,,
1988,1988,,,0.9214699864387512,0.7932683229446411,0.7860538959503174,0.8033449053764343,0.26204973459243774,0.24709689617156982,0.20479397475719452,0.1979762315750122
1988,1988,0.0023161787539720535,,,,,,,,,
1989,1989,,,0.9550743103027344,0.8074588775634766,0.787149965763092,0.8202477097511292,0.2744596302509308,0.2485700249671936,0.21285408735275269,0.1979762315750122
1989,1989,0.002487638033926487,,,,,,,,,
1990,1990,,,0.918468177318573,0.7909056544303894,0.7821481227874756,0.8000278472900391,0.2612069249153137,0.24707625806331635,0.203243225812912,0.1979762315750122
1990,1990,0.0027324273250997066,,,,,,,,,
1991,1991,,,0.9635331630706787,0.8108286261558533,0.7818459868431091,0.823347270488739,0.27549389004707336,0.2491365671157837,0.2140987068414688,0.1979762315750122
1991,1991,0.003056934801861644,,,,,,,,,
1992,1992,,,0.9138458371162415,0.7884143590927124,0.7761631608009338,0.7955438494682312,0.261239618062973,0.2470451146364212,0.2011098563671112,0.1979762315750122
1992,1992,0.0034962166100740433,,,,,,,,,
1993,1993,,,0.9748337268829346,0.8142115473747253,0.7752118706703186,0.8271164298057556,0.2763468027114868,0.25008904933929443,0.21568211913108826,0.1979762315750122
1993,1993,0.004018883686512709,,,,,,,,,
1994,1994,,,0.9098460674285889,0.7866989374160767,0.770089328289032,0.7909825444221497,0.26196813583374023,0.24698014557361603,0.19902834296226501,0.1979762315750122
1994,1994,0.004632154013961554,,,,,,,,,
1995,1995,,,0.9830986857414246,0.8158107399940491,0.7705966234207153,0.8292349576950073,0.2767808437347412,0.2508131265640259,0.21665120124816895,0.1979762315750122
1995,1995,0.005172512494027615,,,,,,,,,
1996,1996,,,0.9099507927894592,0.7872781753540039,0.7686258554458618,0.7888506054878235,0.2635481655597687,0.24653717875480652,0.19830100238323212,0.1979762315750122
1996,1996,0.005547729786485434,,,,,,,,,
1997,1997,,,0.9776723980903625,0.8129181265830994,0.7734130024909973,0.8259716033935547,0.2745625078678131,0.25016847252845764,0.21531705558300018,0.1979762315750122
1997,1997,0.005467666313052177,,,,,,,,,
1998,1998,,,0.917762041091919,0.7916985750198364,0.7764621376991272,0.7926128506660461,0.2667316198348999,0.2458857297897339,0.2005879431962967,0.1979762315750122
1998,1998,0.004908047150820494,,,,,,,,,
1999,1999,,0.003916378132998943,,,,,,,,
1999,1999,,,0.9549994468688965,0.8052055239677429,0.7858437299728394,0.8158144354820251,0.2672468423843384,0.24796602129936218,0.21112854778766632,0.1979762315750122
1999,1999,0.003916378132998943,,,,,,,,,
2000,2000,,,0.9352697730064392,0.7995687127113342,0.7899520993232727,0.8034002780914307,0.27259397506713867,0.2468634843826294,0.2063392847776413,0.1979762315750122
2000,2000,0.0028771720826625824,,,,,,,,,
2001,2001,,,0.9293106198310852,0.7966625094413757,0.7916790246963501,0.8029634356498718,0.25710463523864746,0.24576552212238312,0.20544785261154175,0.1979762315750122
2001,2001,0.002186273690313101,,,,,,,,,
2002,2002,,,0.9558136463165283,0.8072449564933777,0.7901414632797241,0.8161638975143433,0.2797066569328308,0.249965101480484,0.21217170357704163,0.1979762315750122
2002,2002,0.0020520640537142754,,,,,,,,,
2003,2003,,,0.9159150123596191,0.7913051247596741,0.783424437046051,0.7939002513885498,0.2508871853351593,0.24462516605854034,0.20091386139392853,0.1979762315750122
2003,2003,0.002377262804657221,,,,,,,,,
2004,2004,,,0.9648154973983765,0.8105819225311279,0.7837671637535095,0.8223488330841064,0.281823068857193,0.2516893744468689,0.21445013582706451,0.1979762315750122
2004,2004,0.0028336262330412865,,,,,,,,,
2005,2005,,,0.9176154136657715,0.7907658219337463,0.781956672668457,0.7926480770111084,0.2535002827644348,0.24437671899795532,0.2005501687526703,0.1979762315750122
2005,2005,0.003090381156653166,,,,,,,,,
2006,2006,,,0.9546766877174377,0.8081086277961731,0.7875601053237915,0.817620038986206,0.2749425172805786,0.2494838684797287,0.21219724416732788,0.1979762315750122
2006,2006,0.002955629723146558,,,,,,,,,
2007,2007,,,0.9314144253730774,0.7951949238777161,0.7885941863059998,0.7992547154426575,0.26331767439842224,0.24533310532569885,0.20428623259067535,0.1979762315750122
2007,2007,0.0025352253578603268,,,,,,,,,
2008,2008,,,0.9345195293426514,0.8019608855247498,0.7915396690368652,0.806443452835083,0.2634563148021698,0.2458914965391159,0.20707803964614868,0.1979762315750122
2008,2008,0.0020821993239223957,,,,,,,,,
2009,2009,,,0.9494867324829102,0.8022680282592773,0.7911257147789001,0.8087434768676758,0.27386346459388733,0.24757294356822968,0.2090964913368225,0.1979762315750122
2009,2009,0.001857968047261238,,,,,,,,,
2010,2010,,,0.9203797578811646,0.7963780760765076,0.7865458726882935,0.7973402142524719,0.25482749938964844,0.24410903453826904,0.20259492099285126,0.1979762315750122
2010,2010,0.0019331055227667093,,,,,,,,,
2011,2011,,,0.9587021470069885,0.8072991371154785,0.78767329454422,0.8139368891716003,0.27917882800102234,0.24902234971523285,0.21137923002243042,0.1979762315750122
2011,2011,0.002177100395783782,,,,,,,,,
2012,2012,,,0.9197773337364197,0.7943209409713745,0.785332977771759,0.7949247360229492,0.25313127040863037,0.24395154416561127,0.2016497105360031,0.1979762315750122
2012,2012,0.0023783864453434944,,,,,,,,,
2013,2013,,,0.9520933628082275,0.8073245286941528,0.7894575595855713,0.811700701713562,0.2774754762649536,0.24814492464065552,0.2102893739938736,0.1979762315750122
2013,2013,0.002387830289080739,,,,,,,,,
2014,2014,,,0.9309967160224915,0.7963818311691284,0.789803147315979,0.798661470413208,0.25747421383857727,0.24447311460971832,0.2039945125579834,0.1979762315750122
2014,2014,0.0022201756946742535,,,,,,,,,
2015,2015,,,0.9369657039642334,0.8036468029022217,0.7907918095588684,0.8050346970558167,0.27169495820999146,0.24616824090480804,0.2070053666830063,0.1979762315750122
2015,2015,0.001999085070565343,,,,,,,,,
2016,2016,,,0.945828378200531,0.8006926774978638,0.7909238338470459,0.8046264052391052,0.26414480805397034,0.24550142884254456,0.20714446902275085,0.1979762315750122
2016,2016,0.0018700715154409409,,,,,,,,,
2017,2017,,,0.926220715045929,0.7997370362281799,0.7873380780220032,0.799401581287384,0.26559507846832275,0.24476085603237152,0.2040082812309265,0.1979762315750122
2017,2017,0.0018848208710551262,,,,,,,,,
2018,2018,,,0.9531906843185425,0.8037893176078796,0.7884055972099304,0.80785071849823,0.2697621285915375,0.24627751111984253,0.20866063237190247,0.1979762315750122
2018,2018,0.001987932715564966,,,,,,,,,
2019,2019,,,0.9258589148521423,0.7979312539100647,0.7866396307945251,0.7979853749275208,0.2620048224925995,0.24421417713165283,0.20333203673362732,0.1979762315750122
2019,2019,0.0020746183581650257,,,,,,,,,
2020,2020,,,0.9485067129135132,0.8035449981689453,0.7891561985015869,0.8061556816101074,0.27156883478164673,0.24593684077262878,0.2079109251499176,0.1979762315750122
2020,2020,0.002073257928714156,,,,,,,,,
2021,2021,,,0.9338442087173462,0.7987027168273926,0.7894840240478516,0.8004640936851501,0.26266005635261536,0.24443930387496948,0.20484307408332825,0.1979762315750122
2021,2021,0.0019878449384123087,,,,,,,,,
2022,2022,,,0.9377838373184204,0.8009404540061951,0.7899689078330994,0.8015360832214355,0.2691372334957123,0.2448437660932541,0.20568548142910004,0.1979762315750122
2022,2022,0.0018794505158439279,,,,,,,,,
2023,2023,,,0.9435649514198303,0.8009800910949707,0.7906367182731628,0.8040317893028259,0.26639971137046814,0.24521024525165558,0.20682497322559357,0.1979762315750122
2023,2023,0.0018143983324989676,,,,,,,,,
2024,2024,,,0.930361807346344,0.7985278367996216,0.788297176361084,0.7977408766746521,0.2650187313556671,0.24392399191856384,0.20371834933757782,0.1979762315750122
2024,2024,0.0018171754200011492,,,,,,,,,
2025,2025,,,0.9479456543922424,0.8026896119117737,0.7896204590797424,0.8052688837051392,0.2701708972454071,0.2456323206424713,0.20756226778030396,0.1979762315750122
2025,2025,0.0018631822895258665,,,,,,,,,
2026,2026,,,0.9304341077804565,0.7979254722595215,0.7880650758743286,0.7971252202987671,0.26247072219848633,0.2436572164297104,0.2034253478050232,0.1979762315750122
2026,2026,0.0019058868056163192,,,,,,,,,
2027,2027,,,0.9448534250259399,0.8024791479110718,0.7895569801330566,0.802964985370636,0.2711595594882965,0.2450607419013977,0.20663069188594818,0.1979762315750122
2027,2027,0.0019119256176054478,,,,,,,,,
2028,2028,,,0.936085045337677,0.7991288900375366,0.7896865606307983,0.7993471622467041,0.26337453722953796,0.24407440423965454,0.20465674996376038,0.1979762315750122
2028,2028,0.0018805705476552248,,,,,,,,,
2029,2029,,,0.9383326768875122,0.8007706999778748,0.7896766662597656,0.7989934682846069,0.2688547372817993,0.2439972460269928,0.20484404265880585,0.1979762315750122
2029,2029,0.001835727714933455,,,,,,,,,
2030,2030,,,0.9424266219139099,0.8012357354164124,0.7905060648918152,0.8021597266197205,0.26681408286094666,0.24477505683898926,0.20615600049495697,0.1979762315750122
2030,2030,0.0018053805688396096,,,,,,,,,
2031,2031,,,0.9340760111808777,0.7989283204078674,0.7891231775283813,0.7961797714233398,0.2651870846748352,0.24328842759132385,0.2035021334886551,0.1979762315750122
2031,2031,0.0018019850831478834,,,,,,,,,
2032,2032,,,0.9450855851173401,0.8029685020446777,0.790130078792572,0.8031976819038391,0.27058279514312744,0.2450656145811081,0.20676003396511078,0.1979762315750122
2032,2032,0.001818315009586513,,,,,,,,,
2033,2033,,,0.9346529841423035,0.7980360984802246,0.789176344871521,0.7959176301956177,0.2622659504413605,0.24317847192287445,0.20336909592151642,0.1979762315750122
2033,2033,0.0018369283061474562,,,,,,,,,
2034,2034,,,0.9430707693099976,0.8033176064491272,0.7897455096244812,0.8018060326576233,0.27300411462783813,0.2446759045124054,0.20620910823345184,0.1979762315750122
2034,2034,0.001843400881625712,,,,,,,,,
2035,2035,,,0.9386802911758423,0.7983368039131165,0.7898605465888977,0.7975217700004578,0.26127052307128906,0.24340619146823883,0.2041594237089157,0.1979762315750122
2035,2035,0.001834923168644309,,,,,,,,,
2036,2036,,,0.9390393495559692,0.8023234605789185,0.7892205119132996,0.7992867231369019,0.27346840500831604,0.24402500689029694,0.20508243143558502,0.1979762315750122
2036,2036,0.0018183488864451647,,,,,,,,,
2037,2037,,,0.9427652359008789,0.7994052767753601,0.7900599837303162,0.7993008494377136,0.26195862889289856,0.24360816180706024,0.20502111315727234,0.1979762315750122
2037,2037,0.0018044112948700786,,,,,,,,,
2038,2038,,,0.9366716146469116,0.8009557127952576,0.788499116897583,0.7973867654800415,0.2726198732852936,0.24362143874168396,0.20421940088272095,0.1979762315750122
2038,2038,0.0017996453680098057,,,,,,,,,
2039,2039,,,0.9440335035324097,0.8004829287528992,0.789666473865509,0.7998930215835571,0.2632462680339813,0.24353370070457458,0.20529188215732574,0.1979762315750122
2039,2039,0.0018044733442366123,,,,,,,,,
2040,2040,,,0.9378349184989929,0.8002115488052368,0.7883812785148621,0.7970079183578491,0.2714945375919342,0.243601992726326,0.20412643253803253,0.1979762315750122
2040,2040,0.0018144508358091116,,,,,,,,,
2041,2041,,,0.9419018030166626,0.8008986115455627,0.7893211245536804,0.7989721894264221,0.2641009986400604,0.24315255880355835,0.2048453390598297,0.1979762315750122
2041,2041,0.0018250870052725077,,,,,,,,,
2042,2042,,,0.9418025016784668,0.8004335761070251,0.7889207601547241,0.7979395389556885,0.2713058888912201,0.2438659518957138,0.20472398400306702,0.1979762315750122
2042,2042,0.0018341512186452746,,,,,,,,,
2043,2043,,,0.9380507469177246,0.8004747629165649,0.7891179919242859,0.797219455242157,0.26346758008003235,0.2426205426454544,0.2039880007505417,0.1979762315750122
2043,2043,0.001843719743192196,,,,,,,,,
2044,2044,,,0.9463722705841064,0.8014382123947144,0.7893838286399841,0.7993456721305847,0.2732037603855133,0.2443057745695114,0.20557990670204163,0.1979762315750122
2044,2044,0.0018573130946606398,,,,,,,,,
2045,2045,,,0.9348188042640686,0.7995645403862,0.7889693379402161,0.7956042289733887,0.2607814371585846,0.24211497604846954,0.20316389203071594,0.1979762315750122
2045,2045,0.001880398252978921,,,,,,,,,
2046,2046,,,0.949579656124115,0.8029420375823975,0.7893767356872559,0.8004173636436462,0.27761298418045044,0.24483472108840942,0.20629389584064484,0.1979762315750122
2046,2046,0.001916236593388021,,,,,,,,,
2047,2047,,,0.9335308074951172,0.7987582087516785,0.7890820503234863,0.7947250008583069,0.25629401206970215,0.24172037839889526,0.20267772674560547,0.1979762315750122
2047,2047,0.001970869256183505,,,,,,,,,
2048,2048,,,0.9509122371673584,0.8047459125518799,0.7890346646308899,0.8007808923721313,0.28440383076667786,0.2453988492488861,0.20672088861465454,0.1979762315750122
2048,2048,0.002047682413831353,,,,,,,,,
2049,2049,,0.002159068826586008,,,,,,,,
2049,2049,,,0.9339411854743958,0.7984856963157654,0.7894745469093323,0.7945771813392639,0.2508777976036072,0.24143904447555542,0.2025436908006668,0.1979762315750122
2049,2049,0.002159068826586008,,,,,,,,,
2050,2050,,,0.9514705538749695,0.806873083114624,0.788474440574646,0.8007237315177917,0.29325371980667114,0.24608680605888367,0.20703129470348358,0.1979762315750122
2050,2050,0.0023118110839277506,,,,,,,,,
2051,2051,,,0.9348452091217041,0.7988666892051697,0.7898196578025818,0.7946651577949524,0.24562659859657288,0.24124714732170105,0.2025381177663803,0.1979762315750122
2051,2051,0.0025323994923382998,,,,,,,,,
2052,2052,,,0.9531232118606567,0.8095362782478333,0.7877761721611023,0.8010504841804504,0.3040705621242523,0.24718421697616577,0.2076280266046524,0.1979762315750122
2052,2052,0.0028254634235054255,,,,,,,,,
2053,2053,,,0.9352384805679321,0.7998421788215637,0.7898662090301514,0.794362485408783,0.2414097934961319,0.24116718769073486,0.20241223275661469,0.1979762315750122
2053,2053,0.00323623139411211,,,,,,,,,
2054,2054,,,0.9570519924163818,0.8126226663589478,0.7872533798217773,0.802636444568634,0.316111296415329,0.2489745318889618,0.2088867574930191,0.1979762315750122
2054,2054,0.0037334414664655924,,,,,,,,,
2055,2055,,,0.9352006316184998,0.8010870218276978,0.7896857261657715,0.7932337522506714,0.23880110681056976,0.24130986630916595,0.20206288993358612,0.1979762315750122
2055,2055,0.004366559442132711,,,,,,,,,
2056,2056,,,0.9618179798126221,0.814664363861084,0.7872727513313293,0.8058230876922607,0.3248591125011444,0.2511594593524933,0.21066327393054962,0.1979762315750122
2056,2056,0.004967277403920889,,,,,,,,,
2057,2057,,,0.9357556104660034,0.8014498353004456,0.789417564868927,0.7913151383399963,0.23702774941921234,0.2416512370109558,0.2015291452407837,0.1979762315750122
2057,2057,0.00553735438734293,,,,,,,,,
2058,2058,,,0.9620572328567505,0.8126159906387329,0.7877991795539856,0.8095124363899231,0.3207502067089081,0.2521791160106659,0.21177347004413605,0.1979762315750122
2058,2058,0.005685433745384216,,,,,,,,,
2059,2059,,,0.9383552074432373,0.7997204661369324,0.7890737056732178,0.7894588708877563,0.23622934520244598,0.24183394014835358,0.20108549296855927,0.1979762315750122
2059,2059,0.0054435585625469685,,,,,,,,,
2060,2060,,,0.9530336260795593,0.8065897822380066,0.7883514165878296,0.8108948469161987,0.2987689673900604,0.2501460611820221,0.21071724593639374,0.1979762315750122
2060,2060,0.004575032275170088,,,,,,,,,
2061,2061,,,0.9456562399864197,0.7983369827270508,0.7886559367179871,0.789599597454071,0.2458815723657608,0.24226659536361694,0.20175401866436005,0.1979762315750122
2061,2061,0.0034846975468099117,,,,,,,,,
2062,2062,,,0.9388776421546936,0.8032812476158142,0.7888996005058289,0.8078544735908508,0.27042460441589355,0.24574406445026398,0.20773160457611084,0.1979762315750122
2062,2062,0.0024837988894432783,,,,,,,,,
2063,2063,,,0.9584569931030273,0.8008118867874146,0.787838339805603,0.7936213612556458,0.27115634083747864,0.24441547691822052,0.20450426638126373,0.1979762315750122
2063,2063,0.001967570511624217,,,,,,,,,
2064,2064,,,0.9273585677146912,0.804882824420929,0.7892664670944214,0.8019396662712097,0.24944444000720978,0.2419777512550354,0.2044757902622223,0.1979762315750122
2064,2064,0.0020073738414794207,,,,,,,,,
2065,2065,,,0.9700859189033508,0.8039360046386719,0.7872316837310791,0.8007792234420776,0.29368898272514343,0.24770353734493256,0.2082669585943222,0.1979762315750122
2065,2065,0.002400898141786456,,,,,,,,,
2066,2066,,,0.9217117428779602,0.8056174516677856,0.7891821265220642,0.796798586845398,0.23885700106620789,0.24077877402305603,0.2022857666015625,0.1979762315750122
2066,2066,0.0028211278840899467,,,,,,,,,
2067,2067,,,0.9712228178977966,0.8028736114501953,0.7873957753181458,0.8072317838668823,0.29408183693885803,0.24895964562892914,0.21038758754730225,0.1979762315750122
2067,2067,0.0029637194238603115,,,,,,,,,
2068,2068,,,0.9244130253791809,0.80308598279953,0.7882232666015625,0.7947158217430115,0.242178276181221,0.2419157475233078,0.20188896358013153,0.1979762315750122
2068,2068,0.0027788630686700344,,,,,,,,,
2069,2069,,,0.9599606394767761,0.8004657626152039,0.7881169319152832,0.8089946508407593,0.2756422460079193,0.2467545121908188,0.20950981974601746,0.1979762315750122
2069,2069,0.0023658883292227983,,,,,,,,,
2070,2070,,,0.9373596906661987,0.8010272979736328,0.787299394607544,0.7957659959793091,0.2599477469921112,0.24410971999168396,0.20347826182842255,0.1979762315750122
2070,2070,0.0019920128397643566,,,,,,,,,
2071,2071,,,0.9435120820999146,0.8026625514030457,0.7888587117195129,0.8059031963348389,0.256452739238739,0.24361474812030792,0.20689757168293,0.1979762315750122
2071,2071,0.0018304575933143497,,,,,,,,,
2072,2072,,,0.955148458480835,0.8012536764144897,0.7870457768440247,0.7987263798713684,0.27740588784217834,0.2458718717098236,0.20603567361831665,0.1979762315750122
2072,2072,0.0018982670735567808,,,,,,,,,
2073,2073,,,0.9297144412994385,0.80655437707901,0.7888069748878479,0.8011630177497864,0.24619412422180176,0.24228478968143463,0.20436978340148926,0.1979762315750122
2073,2073,0.0020702758338302374,,,,,,,,,
2074,2074,,,0.9673609137535095,0.8013272285461426,0.7869205474853516,0.8020282983779907,0.2805464565753937,0.2461387813091278,0.20789125561714172,0.1979762315750122
2074,2074,0.0021879072301089764,,,,,,,,,
2075,2075,,,0.9236996173858643,0.8066164255142212,0.7873865365982056,0.7974762916564941,0.24712657928466797,0.24271206557750702,0.20286378264427185,0.1979762315750122
2075,2075,0.0021760910749435425,,,,,,,,,
2076,2076,,,0.9678596258163452,0.8006904125213623,0.786545991897583,0.8040984272956848,0.27143174409866333,0.24513383209705353,0.20817869901657104,0.1979762315750122
2076,2076,0.002050235401839018,,,,,,,,,
2077,2077,,,0.9279106855392456,0.8040392994880676,0.7857222557067871,0.7959635853767395,0.2582155168056488,0.24353109300136566,0.20279841125011444,0.1979762315750122
2077,2077,0.001907611032947898,,,,,,,,,
2078,2078,,,0.9586589932441711,0.8014926314353943,0.7868601083755493,0.8039945363998413,0.25972700119018555,0.24400529265403748,0.20722424983978271,0.1979762315750122
2078,2078,0.0018237122567370534,,,,,,,,,
2079,2079,,,0.9392843842506409,0.8018383979797363,0.7854291796684265,0.7969352006912231,0.27049699425697327,0.24406681954860687,0.204036682844162,0.1979762315750122
2079,2079,0.001819036202505231,,,,,,,,,
2080,2080,,,0.9463756084442139,0.803665280342102,0.7879218459129333,0.8018604516983032,0.25160717964172363,0.24348212778568268,0.20572148263454437,0.1979762315750122
2080,2080,0.0018555120332166553,,,,,,,,,
2081,2081,,,0.9505462050437927,0.8001859188079834,0.7861425280570984,0.7997295260429382,0.27498388290405273,0.24432304501533508,0.20571401715278625,0.1979762315750122
2081,2081,0.0018789118621498346,,,,,,,,,
2082,2082,,,0.9372865557670593,0.8047301173210144,0.7879443764686584,0.7986083030700684,0.25076767802238464,0.2433823198080063,0.20418785512447357,0.1979762315750122
2082,2082,0.001863475190475583,,,,,,,,,
2083,2083,,,0.9563604593276978,0.7993518710136414,0.7866078615188599,0.8023157119750977,0.27110081911087036,0.24423427879810333,0.20677092671394348,0.1979762315750122
2083,2083,0.0018171488773077726,,,,,,,,,
2084,2084,,,0.9346386790275574,0.8036463856697083,0.7864192128181458,0.7958229184150696,0.2572632431983948,0.2433049976825714,0.20317883789539337,0.1979762315750122
2084,2084,0.0017722987104207277,,,,,,,,,
2085,2085,,,0.9560116529464722,0.8004263639450073,0.7866482734680176,0.8027001619338989,0.26349905133247375,0.24374428391456604,0.20667684078216553,0.1979762315750122
2085,2085,0.0017511894693598151,,,,,,,,,
2086,2086,,,0.9376842379570007,0.8015987873077393,0.7850214242935181,0.794935941696167,0.2660907804965973,0.24318444728851318,0.2031201869249344,0.1979762315750122
2086,2086,0.001755243050865829,,,,,,,,,
2087,2087,,,0.9517450928688049,0.8028693795204163,0.7869145274162292,0.8008342981338501,0.2562262713909149,0.24323761463165283,0.20572899281978607,0.1979762315750122
2087,2087,0.0017675305716693401,,,,,,,,,
2088,2088,,,0.9430504441261292,0.8000028729438782,0.7849898934364319,0.7961128354072571,0.2714432179927826,0.24308080971240997,0.20386497676372528,0.1979762315750122
2088,2088,0.0017692164983600378,,,,,,,,,
2089,2089,,,0.946874737739563,0.8045291304588318,0.7873483300209045,0.7980137467384338,0.25339946150779724,0.2431403547525406,0.20459559559822083,0.1979762315750122
2089,2089,0.0017540004337206483,,,,,,,,,
2090,2090,,,0.9473650455474854,0.799532949924469,0.785855233669281,0.7981941103935242,0.2707732915878296,0.2429172396659851,0.20477399230003357,0.1979762315750122
2090,2090,0.0017286657821387053,,,,,,,,,
2091,2091,,,0.9442169070243835,0.8042383193969727,0.7871091961860657,0.7954521775245667,0.25677740573883057,0.24327987432479858,0.2037322223186493,0.1979762315750122
2091,2091,0.00170713581610471,,,,,,,,,
2092,2092,,,0.9489367604255676,0.8003633618354797,0.7865408658981323,0.7996169924736023,0.26604118943214417,0.2426741123199463,0.2052401304244995,0.1979762315750122
2092,2092,0.0016977513441815972,,,,,,,,,
2093,2093,,,0.9446308016777039,0.8024412393569946,0.7862111330032349,0.7938247323036194,0.2628750205039978,0.2431507110595703,0.2032778412103653,0.1979762315750122
2093,2093,0.0016999117797240615,,,,,,,,,
2094,2094,,,0.9479327201843262,0.8023390173912048,0.786770224571228,0.7996824979782104,0.26100045442581177,0.24258053302764893,0.20514781773090363,0.1979762315750122
2094,2094,0.001705683651380241,,,,,,,,,
2095,2095,,,0.947070300579071,0.8003060221672058,0.7854241728782654,0.7933338284492493,0.26712509989738464,0.24260088801383972,0.20320314168930054,0.1979762315750122
2095,2095,0.0017066554864868522,,,,,,,,,
2096,2096,,,0.9456450939178467,0.8045092821121216,0.7867817282676697,0.798628568649292,0.25858575105667114,0.24277855455875397,0.20472007989883423,0.1979762315750122
2096,2096,0.0016993306344375014,,,,,,,,,
2097,2097,,,0.9499114751815796,0.7989997863769531,0.7851866483688354,0.7938467860221863,0.2678043246269226,0.2419620156288147,0.20342743396759033,0.1979762315750122
2097,2097,0.0016862339107319713,,,,,,,,,
2098,2098,,,0.943591833114624,0.8055046200752258,0.7865440845489502,0.7969703078269958,0.25952672958374023,0.24299275875091553,0.20415204763412476,0.1979762315750122
2098,2098,0.0016731105279177427,,,,,,,,,
2099,2099,,0.0016644609859213233,,,,,,,,
2099,2099,,,0.9519357681274414,0.7989461421966553,0.7853536605834961,0.7948365211486816,0.26605239510536194,0.24162499606609344,0.20378440618515015,0.1979762315750122
2099,2099,0.0016644609859213233,,,,,,,,,
2100,2100,,,0.9427340030670166,0.8048080801963806,0.785955548286438,0.7952660322189331,0.26225578784942627,0.242847740650177,0.20357462763786316,0.1979762315750122
2100,2100,0.0016612071776762605,,,,,,,,,
2101,2101,,,0.9526720643043518,0.7999125719070435,0.7855729460716248,0.7956644296646118,0.263435423374176,0.24170534312725067,0.20406953990459442,0.1979762315750122
2101,2101,0.0016608994919806719,,,,,,,,,
2102,2102,,,0.9431168437004089,0.8030681610107422,0.7852770090103149,0.7940201163291931,0.2650110423564911,0.24233505129814148,0.2031383216381073,0.1979762315750122
2102,2102,0.001660141977481544,,,,,,,,,
2103,2103,,,0.9524181485176086,0.8015390038490295,0.7857237458229065,0.7959030270576477,0.26107117533683777,0.24204911291599274,0.20416460931301117,0.1979762315750122
2103,2103,0.001656833104789257,,,,,,,,,
2104,2104,,,0.94414222240448,0.8013188242912292,0.7848300337791443,0.7935367822647095,0.2667396664619446,0.24175862967967987,0.20295614004135132,0.1979762315750122
2104,2104,0.0016510686837136745,,,,,,,,,
2105,2105,,,0.9518884420394897,0.8032464981079102,0.7858147025108337,0.7953905463218689,0.2600800096988678,0.24238206446170807,0.20404715836048126,0.1979762315750122
2105,2105,0.0016447290545329452,,,,,,,,,
2106,2106,,,0.9451175332069397,0.8002646565437317,0.7846911549568176,0.7936673760414124,0.26707714796066284,0.24134430289268494,0.2029806226491928,0.1979762315750122
2106,2106,0.0016398286679759622,,,,,,,,,
2107,2107,,,0.9517040252685547,0.8041921854019165,0.7857530117034912,0.794355034828186,0.2606648802757263,0.2424960881471634,0.20377622544765472,0.1979762315750122
2107,2107,0.0016374534461647272,,,,,,,,,
2108,2108,,,0.9456016421318054,0.8001530766487122,0.7847660183906555,0.7939631342887878,0.2663223147392273,0.24111822247505188,0.2030603587627411,0.1979762315750122
2108,2108,0.0016370468074455857,,,,,,,,,
2109,2109,,,0.9521539807319641,0.8038907051086426,0.7854693531990051,0.7932465076446533,0.2621241807937622,0.24236002564430237,0.2034665048122406,0.1979762315750122
2109,2109,0.001637195236980915,,,,,,,,,
2110,2110,,,0.945415198802948,0.800945520401001,0.784893810749054,0.7941977977752686,0.2649657726287842,0.24107973277568817,0.2031145691871643,0.1979762315750122
2110,2110,0.001636428409256041,,,,,,,,,
2111,2111,,,0.9533042311668396,0.8026893138885498,0.7850384712219238,0.7923850417137146,0.2636062502861023,0.24206101894378662,0.20322251319885254,0.1979762315750122
2111,2111,0.0016342162853106856,,,,,,,,,
2112,2112,,,0.9445238709449768,0.802318811416626,0.7849509119987488,0.7943901419639587,0.26380813121795654,0.24124519526958466,0.2031475007534027,0.1979762315750122
2112,2112,0.0016310964711010456,,,,,,,,,
2113,2113,,,0.9551478028297424,0.8012845516204834,0.7845776081085205,0.7917865514755249,0.26436975598335266,0.241688534617424,0.20306965708732605,0.1979762315750122
2113,2113,0.0016284361481666565,,,,,,,,,
2114,2114,,,0.9429537653923035,0.8037962317466736,0.7848531603813171,0.7945578098297119,0.26360657811164856,0.24152524769306183,0.20315352082252502,0.1979762315750122
2114,2114,0.0016278171679005027,,,,,,,,,
2115,2115,,,0.9577085971832275,0.8000659346580505,0.7841152548789978,0.7912198305130005,0.2641568183898926,0.24131989479064941,0.20295724272727966,0.1979762315750122
2115,2115,0.0016305394237861037,,,,,,,,,
2116,2116,,,0.9406368732452393,0.8050134778022766,0.7845291495323181,0.7946822643280029,0.26444539427757263,0.2417273074388504,0.20308896899223328,0.1979762315750122
2116,2116,0.0016373605467379093,,,,,,,,,
2117,2117,,,0.9612231254577637,0.7991904616355896,0.7835630774497986,0.7904938459396362,0.2630941867828369,0.24107512831687927,0.2028580754995346,0.1979762315750122
2117,2117,0.0016489349072799087,,,,,,,,,
2118,2118,,,0.9372320175170898,0.8058643937110901,0.7839130759239197,0.79483962059021,0.2659291625022888,0.24171794950962067,0.20292437076568604,0.1979762315750122
2118,2118,0.0016660192050039768,,,,,,,,,
2119,2119,,,0.966301679611206,0.7987081408500671,0.7827070355415344,0.7895368337631226,0.2614946663379669,0.24108606576919556,0.20279735326766968,0.1979762315750122
2119,2119,0.0016908827237784863,,,,,,,,,
2120,2120,,,0.9320445656776428,0.8065203428268433,0.7828405499458313,0.7952746152877808,0.2676975429058075,0.24151679873466492,0.20267492532730103,0.1979762315750122
2120,2120,0.0017268020892515779,,,,,,,,,
2121,2121,,,0.9740328192710876,0.7983887195587158,0.7810273766517639,0.7882401943206787,0.25958913564682007,0.24140003323554993,0.20278054475784302,0.1979762315750122
2121,2121,0.0017811907455325127,,,,,,,,,
2122,2122,,,0.9240128993988037,0.8073270916938782,0.7808430790901184,0.7962517142295837,0.2699136435985565,0.2412404865026474,0.20234321057796478,0.1979762315750122
2122,2122,0.0018625975353643298,,,,,,,,,
2123,2123,,,0.9861138463020325,0.7977800965309143,0.7773302793502808,0.7863998413085938,0.25727036595344543,0.24200984835624695,0.2027592808008194,0.1979762315750122
2123,2123,0.001989139476791024,,,,,,,,,
2124,2124,,,0.9118462204933167,0.8087561130523682,0.7768540382385254,0.7979560494422913,0.27298834919929504,0.24102914333343506,0.20186425745487213,0.1979762315750122
2124,2124,0.0021779851522296667,,,,,,,,,
2125,2125,,,1.0048208236694336,0.7965270280838013,0.7699363231658936,0.7837883234024048,0.2544211149215698,0.2430192530155182,0.20270711183547974,0.1979762315750122
2125,2125,0.0024694029707461596,,,,,,,,,
2126,2126,,,0.8947480916976929,0.8114118576049805,0.7695364356040955,0.8004209995269775,0.27696868777275085,0.2410261183977127,0.2011444866657257,0.1979762315750122
2126,2126,0.0028882427141070366,,,,,,,,,
2127,2127,,,1.0317769050598145,0.7945759892463684,0.7586619257926941,0.7804179191589355,0.25121939182281494,0.24471673369407654,0.20279651880264282,0.1979762315750122
2127,2127,0.003510646289214492,,,,,,,,,
2128,2128,,,0.8745421767234802,0.8157033324241638,0.7586065530776978,0.8029773831367493,0.28107863664627075,0.24124962091445923,0.2000942826271057,0.1979762315750122
2128,2128,0.004321229178458452,,,,,,,,,
2129,2129,,,1.0625944137573242,0.792202889919281,0.7468352317810059,0.7769976258277893,0.24865128099918365,0.2471463680267334,0.20325705409049988,0.1979762315750122
2129,2129,0.005396395456045866,,,,,,,,,
2130,2130,,,0.8590745329856873,0.8206323385238647,0.748845636844635,0.8030157685279846,0.2824918031692505,0.24106553196907043,0.19861318171024323,0.1979762315750122
2130,2130,0.006455802824348211,,,,,,,,,
2131,2131,,,1.0760084390640259,0.7899529933929443,0.7433434128761292,0.7753694653511047,0.24906787276268005,0.24880701303482056,0.20363344252109528,0.1979762315750122
2131,2131,0.007407099008560181,,,,,,,,,
2132,2132,,,0.8632780313491821,0.8223940134048462,0.7529425024986267,0.7963010668754578,0.27754098176956177,0.23927432298660278,0.19692681729793549,0.19692681729793549
2132,2132,0.007476195693016052,,,,,,,,,
2133,2133,,,1.0398881435394287,0.7890915274620056,0.7599668502807617,0.7777697443962097,0.25400832295417786,0.24686689674854279,0.2028537541627884,0.19692681729793549
2133,2133,0.006660466082394123,,,,,,,,,
2134,2134,,,0.9046238660812378,0.8180258274078369,0.7763549089431763,0.7843378186225891,0.27012309432029724,0.2379773110151291,0.19726641476154327,0.19692681729793549
2134,2134,0.004816246218979359,,,,,,,,,
2135,2135,,,0.9633995294570923,0.7925059199333191,0.784743070602417,0.783685028553009,0.2587589621543884,0.24194610118865967,0.20094868540763855,0.19692681729793549
2135,2135,0.00298022897914052,,,,,,,,,
2136,2136,,,0.9748656153678894,0.8101338744163513,0.7773712873458862,0.7771084904670715,0.26958560943603516,0.24188700318336487,0.19990940392017365,0.19692681729793549
2136,2136,0.0019806185737252235,,,,,,,,,
2137,2137,,,0.9039515852928162,0.79976487159729,0.7714300751686096,0.7873058319091797,0.25748446583747864,0.2374468594789505,0.19690698385238647,0.19690698385238647
2137,2137,0.0021531586535274982,,,,,,,,,
2138,2138,,,1.0194438695907593,0.8014110922813416,0.7599526047706604,0.7780513763427734,0.27224934101104736,0.2473430335521698,0.20226895809173584,0.19690698385238647
2138,2138,0.0029781071934849024,,,,,,,,,
2139,2139,,,0.893112063407898,0.805066704750061,0.7676112651824951,0.7835010290145874,0.25567060708999634,0.23503780364990234,0.1947023868560791,0.1947023868560791
2139,2139,0.003536463249474764,,,,,,,,,
2140,2140,,,1.0006710290908813,0.7955949902534485,0.7712345719337463,0.7815871834754944,0.26691240072250366,0.24645859003067017,0.20250585675239563,0.1947023868560791
2140,2140,0.0033590923994779587,,,,,,,,,
2141,2141,,,0.9282714128494263,0.8067789077758789,0.7811694145202637,0.7768347263336182,0.26290789246559143,0.2371503859758377,0.1964033544063568,0.1947023868560791
2141,2141,0.002538155997171998,,,,,,,,,
2142,2142,,,0.9475622773170471,0.7967685461044312,0.7836012840270996,0.7832096815109253,0.25465866923332214,0.24024218320846558,0.19954460859298706,0.1947023868560791
2142,2142,0.0018390545155853033,,,,,,,,,
2143,2143,,,0.9787676334381104,0.8080111145973206,0.7742834687232971,0.775236189365387,0.27699199318885803,0.24346159398555756,0.19967004656791687,0.1947023868560791
2143,2143,0.0017689075320959091,,,,,,,,,
2144,2144,,,0.9144059419631958,0.7998753786087036,0.7750231623649597,0.78142911195755,0.24586954712867737,0.2355087697505951,0.19568774104118347,0.1947023868560791
2144,2144,0.0022240153048187494,,,,,,,,,
2145,2145,,,0.9957074522972107,0.8068545460700989,0.7676646709442139,0.7779960632324219,0.2818058729171753,0.24651473760604858,0.20149070024490356,0.1947023868560791
2145,2145,0.0026500795502215624,,,,,,,,,
2146,2146,,,0.9208160638809204,0.7988797426223755,0.777140200138092,0.777123212814331,0.24983033537864685,0.23567435145378113,0.19508086144924164,0.1947023868560791
2146,2146,0.0025743066798895597,,,,,,,,,
2147,2147,,,0.9689540863037109,0.8044794797897339,0.7806131839752197,0.7812589406967163,0.26935064792633057,0.2430052012205124,0.20093539357185364,0.1947023868560791
2147,2147,0.002106578554958105,,,,,,,,,
2148,2148,,,0.9541234374046326,0.7987050414085388,0.7816864848136902,0.7742558121681213,0.2659725248813629,0.2404131293296814,0.197549507021904,0.1947023868560791
2148,2148,0.001670466735959053,,,,,,,,,
2149,2149,,0.0016214478528127074,,,,,,,,
2149,2149,,,0.9358311891555786,0.8044832944869995,0.7820989489555359,0.7831067442893982,0.2540704607963562,0.23857980966567993,0.19866284728050232,0.1947023868560791
2149,2149,0.0016214478528127074,,,,,,,,,
2150,2150,,,0.978791356086731,0.8018293380737305,0.7758967280387878,0.7747597694396973,0.27807503938674927,0.24418075382709503,0.1996024250984192,0.1947023868560791
2150,2150,0.0018786201253533363,,,,,,,,,
2151,2151,,,0.9286203384399414,0.8036850094795227,0.7800973653793335,0.7819895148277283,0.2507017254829407,0.23745442926883698,0.19752390682697296,0.1947023868560791
2151,2151,0.002086367690935731,,,,,,,,,
2152,2152,,,0.9709143042564392,0.804311215877533,0.7790437936782837,0.7772261500358582,0.27529701590538025,0.2427099645137787,0.19987651705741882,0.1947023868560791
2152,2152,0.0020210491493344307,,,,,,,,,
2153,2153,,,0.9474117159843445,0.8002979755401611,0.782350480556488,0.7786363959312439,0.2587006092071533,0.23967528343200684,0.19823415577411652,0.1947023868560791
2153,2153,0.0017613506643101573,,,,,,,,,
2154,2154,,,0.9467788338661194,0.8059030175209045,0.7823591232299805,0.7806467413902283,0.2648688852787018,0.23948507010936737,0.19902575016021729,0.1947023868560791
2154,2154,0.0015811308985576034,,,,,,,,,
2155,2155,,,0.9689136147499084,0.7977745532989502,0.7797831892967224,0.77570641040802,0.26810434460639954,0.24231699109077454,0.19900070130825043,0.1947023868560791
2155,2155,0.001621633069589734,,,,,,,,,
2156,2156,,,0.9357321262359619,0.8067287802696228,0.7811577320098877,0.782965362071991,0.25872674584388733,0.238467738032341,0.19868436455726624,0.1947023868560791
2156,2156,0.001782348845154047,,,,,,,,,
2157,2157,,,0.9695695638656616,0.797721803188324,0.7789152264595032,0.7749893069267273,0.2699449956417084,0.24185703694820404,0.19875958561897278,0.1947023868560791
2157,2157,0.001865011639893055,,,,,,,,,
2158,2158,,,0.9467071294784546,0.8054856061935425,0.782290518283844,0.7823284268379211,0.25995883345603943,0.23977011442184448,0.19941692054271698,0.1947023868560791
2158,2158,0.0017794178565964103,,,,,,,,,
2159,2159,,,0.9525320529937744,0.799611508846283,0.7808204889297485,0.7766709923744202,0.26572054624557495,0.23930184543132782,0.1979687213897705,0.1947023868560791
2159,2159,0.001621946576051414,,,,,,,,,
2160,2160,,,0.9658481478691101,0.8033893704414368,0.7811775803565979,0.7799296379089355,0.26407676935195923,0.24177850782871246,0.20012052357196808,0.1947023868560791
2160,2160,0.001536909257993102,,,,,,,,,
2161,2161,,,0.9396126866340637,0.8020607233047485,0.7802634239196777,0.7791011333465576,0.26156318187713623,0.23782341182231903,0.19761686027050018,0.1947023868560791
2161,2161,0.0015728144207969308,,,,,,,,,
2162,2162,,,0.9722574353218079,0.8016920685768127,0.7794978022575378,0.7777858376502991,0.2664654850959778,0.2421497255563736,0.19983987510204315,0.1947023868560791
2162,2162,0.0016531618312001228,,,,,,,,,
2163,2163,,,0.9438026547431946,0.8035351037979126,0.7812766432762146,0.780200719833374,0.26076650619506836,0.23836244642734528,0.1983560472726822,0.1947023868560791
2163,2163,0.0016750344075262547,,,,,,,,,
2164,2164,,,0.9609397649765015,0.8006975650787354,0.7810472846031189,0.7770866751670837,0.26528745889663696,0.24032215774059296,0.19877521693706512,0.1947023868560791
2164,2164,0.0016180486418306828,,,,,,,,,
2165,2165,,,0.9596179723739624,0.8043420910835266,0.7816957831382751,0.7799893021583557,0.2636060118675232,0.24018679559230804,0.19961701333522797,0.1947023868560791
2165,2165,0.0015425300225615501,,,,,,,,,
2166,2166,,,0.946312427520752,0.8006014823913574,0.7806989550590515,0.7776546478271484,0.2624032199382782,0.23819179832935333,0.19768019020557404,0.1947023868560791
2166,2166,0.0015189183177426457,,,,,,,,,
2167,2167,,,0.9707533717155457,0.80503910779953,0.7798551917076111,0.7798917293548584,0.26669493317604065,0.24171732366085052,0.20041826367378235,0.1947023868560791
2167,2167,0.001554735703393817,,,,,,,,,
2168,2168,,,0.942791759967804,0.8006839752197266,0.7801153063774109,0.7782279849052429,0.26133567094802856,0.23744873702526093,0.19747593998908997,0.1947023868560791
2168,2168,0.001599373877979815,,,,,,,,,
2169,2169,,,0.9674480557441711,0.805083692073822,0.7803243398666382,0.7802369594573975,0.26682835817337036,0.24149303138256073,0.20031805336475372,0.1947023868560791
2169,2169,0.0016040318878367543,,,,,,,,,
2170,2170,,,0.9515097141265869,0.8004189729690552,0.7807607054710388,0.7784674167633057,0.26312097907066345,0.23836928606033325,0.1982792615890503,0.1947023868560791
2170,2170,0.0015645043458789587,,,,,,,,,
2171,2171,,,0.9558401703834534,0.804492712020874,0.7813419103622437,0.7804639339447021,0.26463088393211365,0.23987355828285217,0.1994743049144745,0.1947023868560791
2171,2171,0.0015193484723567963,,,,,,,,,
2172,2172,,,0.9627445936203003,0.8003749847412109,0.7803031206130981,0.7789393663406372,0.26584604382514954,0.2400180995464325,0.1993362158536911,0.1947023868560791
2172,2172,0.0015033114468678832,,,,,,,,,
2173,2173,,,0.9481906294822693,0.8038178086280823,0.7808746695518494,0.7802633047103882,0.2630719244480133,0.23849289119243622,0.198691725730896,0.1947023868560791
2173,2173,0.0015181528870016336,,,,,,,,,
2174,2174,,,0.9663791656494141,0.8011853694915771,0.779868483543396,0.7797395586967468,0.2663683295249939,0.24082113802433014,0.19988684356212616,0.1947023868560791
2174,2174,0.0015378285897895694,,,,,,,,,
2175,2175,,,0.9499834775924683,0.8030737638473511,0.7805881500244141,0.7797489166259766,0.26436546444892883,0.23840807378292084,0.19863508641719818,0.1947023868560791
2175,2175,0.001537649193778634,,,,,,,,,
2176,2176,,,0.9613520503044128,0.8025702834129333,0.7806859612464905,0.7804461121559143,0.26395347714424133,0.24018767476081848,0.19974355399608612,0.1947023868560791
2176,2176,0.0015167597448453307,,,,,,,,,
2177,2177,,,0.9575950503349304,0.8022785782814026,0.7802858352661133,0.779339075088501,0.2673221528530121,0.2393593192100525,0.1991266906261444,0.1947023868560791
2177,2177,0.0014929102035239339,,,,,,,,,
2178,2178,,,0.9544868469238281,0.8035273551940918,0.7810835838317871,0.7808050513267517,0.26148295402526855,0.2390897125005722,0.1992899626493454,0.1947023868560791
2178,2178,0.001483628642745316,,,,,,,,,
2179,2179,,,0.9635182619094849,0.801738977432251,0.7796701788902283,0.7792514562606812,0.268778920173645,0.24019896984100342,0.19954423606395721,0.1947023868560791
2179,2179,0.0014903777046129107,,,,,,,,,
2180,2180,,,0.9523265957832336,0.8035618662834167,0.7808765769004822,0.7808738350868225,0.2616983652114868,0.23868824541568756,0.19911746680736542,0.1947023868560791
2180,2180,0.0015006910543888807,,,,,,,,,
2181,2181,,,0.9632668495178223,0.8016956448554993,0.7798082828521729,0.779438316822052,0.2671221196651459,0.24010583758354187,0.19954565167427063,0.1947023868560791
2181,2181,0.0015018184203654528,,,,,,,,,
2182,2182,,,0.9558965563774109,0.8032065629959106,0.7805196046829224,0.7806504368782043,0.26464852690696716,0.23915408551692963,0.19935749471187592,0.1947023868560791
2182,2182,0.0014914978528395295,,,,,,,,,
2183,2183,,,0.9585991501808167,0.8020516633987427,0.7803336977958679,0.7798492312431335,0.2637273967266083,0.239365354180336,0.19926013052463531,0.1947023868560791
2183,2183,0.0014779554912820458,,,,,,,,,
2184,2184,,,0.9613014459609985,0.803063154220581,0.7798420190811157,0.7801587581634521,0.26789844036102295,0.23981431126594543,0.19964857399463654,0.1947023868560791
2184,2184,0.001470609218813479,,,,,,,,,
2185,2185,,,0.9546154141426086,0.8022888898849487,0.7804043889045715,0.7802588939666748,0.2614956796169281,0.2387639880180359,0.19902169704437256,0.1947023868560791
2185,2185,0.0014721667394042015,,,,,,,,,
2186,2186,,,0.9638289213180542,0.803187906742096,0.7793017029762268,0.7796896696090698,0.2690140902996063,0.24000205099582672,0.19968296587467194,0.1947023868560791
2186,2186,0.0014777197502553463,,,,,,,,,
2187,2187,,,0.954740047454834,0.8020436763763428,0.7802193760871887,0.7803820967674255,0.26162251830101013,0.23869752883911133,0.1990399807691574,0.1947023868560791
2187,2187,0.0014802360674366355,,,,,,,,,
2188,2188,,,0.962010383605957,0.8035440444946289,0.7794182300567627,0.7795842289924622,0.2679862380027771,0.2396736741065979,0.19949568808078766,0.1947023868560791
2188,2188,0.0014766075182706118,,,,,,,,,
2189,2189,,,0.958415150642395,0.8015026450157166,0.7798990607261658,0.7801681756973267,0.2630460858345032,0.23901709914207458,0.1992403119802475,0.1947023868560791
2189,2189,0.0014691713731735945,,,,,,,,,
2190,2190,,,0.9582761526107788,0.8041662573814392,0.7797402739524841,0.7798956632614136,0.2662734091281891,0.23922763764858246,0.19930049777030945,0.1947023868560791
2190,2190,0.0014628663193434477,,,,,,,,,
2191,2191,,,0.9623590111732483,0.8010335564613342,0.7794041037559509,0.7797750234603882,0.2643447518348694,0.23933225870132446,0.1993929147720337,0.1947023868560791
2191,2191,0.001460864907130599,,,,,,,,,
2192,2192,,,0.956150233745575,0.8048149943351746,0.7798358798027039,0.7802908420562744,0.26516076922416687,0.2389918565750122,0.1992524117231369,0.1947023868560791
2192,2192,0.001462580286897719,,,,,,,,,
2193,2193,,,0.9636380076408386,0.8007566332817078,0.7790752053260803,0.7794114351272583,0.26464924216270447,0.2393457144498825,0.1993466019630432,0.1947023868560791
2193,2193,0.0014649714576080441,,,,,,,,,
2194,2194,,,0.9572696089744568,0.8052315711975098,0.7797182202339172,0.7804498672485352,0.2652299106121063,0.23905587196350098,0.19938020408153534,0.1947023868560791
2194,2194,0.0014653343241661787,,,,,,,,,
2195,2195,,,0.9618743062019348,0.8005577921867371,0.7790546417236328,0.7791470885276794,0.2638216018676758,0.23902279138565063,0.19909754395484924,0.1947023868560791
2195,2195,0.001463419059291482,,,,,,,,,
2196,2196,,,0.9606314897537231,0.8055881261825562,0.7793648838996887,0.7804462313652039,0.26630669832229614,0.23936042189598083,0.19963353872299194,0.1947023868560791
2196,2196,0.0014610689831897616,,,,,,,,,
2197,2197,,,0.9589558839797974,0.8002738952636719,0.7790433764457703,0.7789061069488525,0.2622803747653961,0.23854266107082367,0.1987476944923401,0.1947023868560791
2197,2197,0.001460791565477848,,,,,,,,,
2198,2198,,,0.9638792276382446,0.8062208294868469,0.7788585424423218,0.7805211544036865,0.26783934235572815,0.23973922431468964,0.19991600513458252,0.1947023868560791
2198,2198,0.0014638922875747085,,,,,,,,,
2199,2199,,0.0014703493798151612,,,,,,,,
2199,2199,,,0.9570885896682739,0.7997182607650757,0.7788715958595276,0.7785995006561279,0.26070284843444824,0.23813669383525848,0.19843530654907227,0.1947023868560791
2199,2199,0.0014703493798151612,,,,,,,,,
2200,2200,,,0.9652668237686157,0.8073122501373291,0.778505265712738,0.780786395072937,0.2691795527935028,0.23999692499637604,0.20013989508152008,0.1947023868560791
2200,2200,0.0014793402515351772,,,,,,,,,
2201,2201,,,0.9571823477745056,0.79866623878479,0.7785940170288086,0.7781945466995239,0.25965943932533264,0.23794646561145782,0.19823455810546875,0.1947023868560791
2201,2201,0.0014909040182828903,,,,,,,,,
2202,2202,,,0.964751124382019,0.8090271949768066,0.7784364223480225,0.781221330165863,0.2701443135738373,0.24008814990520477,0.20030148327350616,0.1947023868560791
2202,2202,0.001506288768723607,,,,,,,,,
2203,2203,,,0.9586272835731506,0.7969974875450134,0.7782371640205383,0.7777159810066223,0.25892341136932373,0.23793989419937134,0.19810405373573303,0.1947023868560791
2203,2203,0.0015288566937670112,,,,,,,,,
2204,2204,,,0.963593602180481,0.8116584420204163,0.7784571647644043,0.7818097472190857,0.27146345376968384,0.24019905924797058,0.20050664246082306,0.1947023868560791
2204,2204,0.0015623715007677674,,,,,,,,,
2205,2205,,,0.9600809812545776,0.7947302460670471,0.7778070569038391,0.7771269679069519,0.257654070854187,0.23792682588100433,0.1979101151227951,0.1947023868560791
2205,2205,0.0016131376614794135,,,,,,,,,
2206,2206,,,0.9632592797279358,0.8156103491783142,0.778239905834198,0.7826331853866577,0.27429285645484924,0.2406172752380371,0.2009158879518509,0.1947023868560791
2206,2206,0.001686200499534607,,,,,,,,,
2207,2207,,,0.9604341983795166,0.7919180393218994,0.7773253917694092,0.7762961387634277,0.25523942708969116,0.23771676421165466,0.1975141167640686,0.1947023868560791
2207,2207,0.0017934275092557073,,,,,,,,,
2208,2208,,,0.96461421251297,0.8213798999786377,0.7773728966712952,0.7838241457939148,0.2796924114227295,0.24156005680561066,0.2016540914773941,0.1947023868560791
2208,2208,0.001942164497449994,,,,,,,,,
2209,2209,,,0.9593642354011536,0.7887482643127441,0.7767472267150879,0.7751414775848389,0.2517266273498535,0.23731696605682373,0.19687572121620178,0.1947023868560791
2209,2209,0.00215636077336967,,,,,,,,,
2210,2210,,,0.9677327275276184,0.8293483853340149,0.7753481268882751,0.7855429649353027,0.28818947076797485,0.24311761558055878,0.20277155935764313,0.1947023868560791
2210,2210,0.002439646515995264,,,,,,,,,
2211,2211,,,0.9572703242301941,0.7858962416648865,0.7760802507400513,0.7736844420433044,0.24780814349651337,0.23697344958782196,0.19608618319034576,0.1947023868560791
2211,2211,0.002827596617862582,,,,,,,,,
2212,2212,,,0.9720046520233154,0.838354229927063,0.7725658416748047,0.7879149317741394,0.2986908555030823,0.24516315758228302,0.20423611998558044,0.1947023868560791
2212,2212,0.003280265722423792,,,,,,,,,
2213,2213,,,0.9547430276870728,0.7845237255096436,0.7756378054618835,0.7720661759376526,0.24392984807491302,0.23697428405284882,0.19531764090061188,0.1947023868560791
2213,2213,0.003813068149611354,,,,,,,,,
2214,2214,,,0.9761584401130676,0.8427308201789856,0.7706220149993896,0.7905977368354797,0.3063584268093109,0.24692033231258392,0.20563746988773346,0.1947023868560791
2214,2214,0.004245474003255367,,,,,,,,,
2215,2215,,,0.9520339369773865,0.7855454683303833,0.7758842706680298,0.770689845085144,0.2392633706331253,0.2372601330280304,0.19473761320114136,0.1947023868560791
2215,2215,0.00453286012634635,,,,,,,,,
2216,2216,,,0.9786432385444641,0.8338638544082642,0.7713353633880615,0.7921451926231384,0.30308350920677185,0.24669454991817474,0.20596274733543396,0.1947023868560791
2216,2216,0.004381360951811075,,,,,,,,,
2217,2217,,,0.9496537446975708,0.790818452835083,0.7769400477409363,0.7705064415931702,0.23617024719715118,0.23755314946174622,0.19472098350524902,0.1947023868560791
2217,2217,0.0038746267091482878,,,,,,,,,
2218,2218,,,0.9792091250419617,0.8136354088783264,0.7743627429008484,0.790536105632782,0.2873653471469879,0.2436121553182602,0.2045169323682785,0.1947023868560791
2218,2218,0.0030373944900929928,,,,,,,,,
2219,2219,,,0.9493083357810974,0.8031913638114929,0.7783800959587097,0.772942841053009,0.24467705190181732,0.2384260594844818,0.19607752561569214,0.1947023868560791
2219,2219,0.00224580941721797,,,,,,,,,
2220,2220,,,0.9783716797828674,0.7969167828559875,0.7758917212486267,0.7856858372688293,0.2681211531162262,0.23970431089401245,0.2018863707780838,0.1947023868560791
2220,2220,0.0017462305258959532,,,,,,,,,
2221,2221,,,0.9520163536071777,0.8176073431968689,0.7786168456077576,0.7782946825027466,0.2646242678165436,0.2404220998287201,0.19879572093486786,0.1947023868560791
2221,2221,0.0016463875072076917,,,,,,,,,
2222,2222,,,0.9746124744415283,0.7910700440406799,0.7768805623054504,0.7803866267204285,0.2513490915298462,0.2377827912569046,0.19948279857635498,0.1947023868560791
2222,2222,0.0018308451399207115,,,,,,,,,
2223,2223,,,0.9574500918388367,0.8222226500511169,0.7776036262512207,0.7842618823051453,0.28024783730506897,0.24203729629516602,0.2014215886592865,0.1947023868560791
2223,2223,0.002078809542581439,,,,,,,,,
2224,2224,,,0.9665799736976624,0.7934279441833496,0.7778100967407227,0.7772530913352966,0.24059773981571198,0.2383914589881897,0.19804421067237854,0.1947023868560791
2224,2224,0.0022078785113990307,,,,,,,,,
2225,2225,,,0.9655186533927917,0.8131852149963379,0.7762417793273926,0.787751317024231,0.28164157271385193,0.2414732426404953,0.20258140563964844,0.1947023868560791
2225,2225,0.0021371578332036734,,,,,,,,,
2226,2226,,,0.9565466642379761,0.8018566966056824,0.7784023880958557,0.77643883228302,0.24160265922546387,0.23995700478553772,0.1976114809513092,0.1947023868560791
2226,2226,0.0019530331483110785,,,,,,,,,
2227,2227,,,0.9750363826751709,0.800514817237854,0.7746040225028992,0.787635862827301,0.273429811000824,0.23950615525245667,0.20231932401657104,0.1947023868560791
2227,2227,0.001771331881172955,,,,,,,,,
2228,2228,,,0.948743999004364,0.81223064661026,0.778505265712738,0.7771095633506775,0.25189343094825745,0.24080047011375427,0.19787488877773285,0.1947023868560791
2228,2228,0.0016888707177713513,,,,,,,,,
2229,2229,,,0.981987476348877,0.7945701479911804,0.7743514776229858,0.7853256464004517,0.26363837718963623,0.23848889768123627,0.20161597430706024,0.1947023868560791
2229,2229,0.0017012162134051323,,,,,,,,,
2230,2230,,,0.9459744095802307,0.8164249062538147,0.7780500650405884,0.7787071466445923,0.26131922006607056,0.2403421849012375,0.19837503135204315,0.1947023868560791
2230,2230,0.00174235412850976,,,,,,,,,
2231,2231,,,0.982272744178772,0.7963823676109314,0.7753544449806213,0.782974123954773,0.2549775540828705,0.2393006533384323,0.2009863406419754,0.1947023868560791
2231,2231,0.0017418203642591834,,,,,,,,,
2232,2232,,,0.9493736028671265,0.8115431666374207,0.7769553065299988,0.7806235551834106,0.26571109890937805,0.23908665776252747,0.198887437582016,0.1947023868560791
2232,2232,0.0016800796147435904,,,,,,,,,
2233,2233,,,0.9755443930625916,0.8027355670928955,0.7764030694961548,0.7813740968704224,0.2500292956829071,0.2406739890575409,0.2003742754459381,0.1947023868560791
2233,2233,0.0015915129333734512,,,,,,,,,
2234,2234,,,0.9583689570426941,0.8030886650085449,0.7755178213119507,0.7822718024253845,0.2669735252857208,0.2381383180618286,0.19953417778015137,0.1947023868560791
2234,2234,0.0015237827319651842,,,,,,,,,
2235,2235,,,0.9649971723556519,0.8095409274101257,0.7773503065109253,0.7803372144699097,0.25021642446517944,0.2410409152507782,0.1996804177761078,0.1947023868560791
2235,2235,0.0015056239208206534,,,,,,,,,
2236,2236,,,0.969721794128418,0.7976939678192139,0.7746023535728455,0.7832671403884888,0.2658497095108032,0.23832352459430695,0.200344055891037,0.1947023868560791
2236,2236,0.001523776212707162,,,,,,,,,
2237,2237,,,0.9547243118286133,0.8122951984405518,0.7778744697570801,0.7798671126365662,0.2526053786277771,0.24004396796226501,0.1989346593618393,0.1947023868560791
2237,2237,0.0015466681215912104,,,,,,,,,
2238,2238,,,0.9788457751274109,0.7978423237800598,0.7743464708328247,0.7835195660591125,0.2624553143978119,0.23958495259284973,0.20106270909309387,0.1947023868560791
2238,2238,0.0015461737057194114,,,,,,,,,
2239,2239,,,0.9483305215835571,0.8093365430831909,0.7770324349403381,0.7798174619674683,0.2551749348640442,0.23838022351264954,0.19824227690696716,0.1947023868560791
2239,2239,0.0015220829518511891,,,,,,,,,
2240,2240,,,0.9822995066642761,0.8021968603134155,0.7744078040122986,0.7832199335098267,0.25926801562309265,0.24114033579826355,0.20142216980457306,0.1947023868560791
2240,2240,0.0014913908671587706,,,,,,,,,
2241,2241,,,0.9480669498443604,0.8038387298583984,0.7754457592964172,0.779761016368866,0.2578176259994507,0.23695464432239532,0.1978461891412735,0.1947023868560791
2241,2241,0.00147333275526762,,,,,,,,,
2242,2242,,,0.9791417121887207,0.8071660399436951,0.7751021981239319,0.7826942205429077,0.25811827182769775,0.2420942485332489,0.20132392644882202,0.1947023868560791
2242,2242,0.0014728328678756952,,,,,,,,,
2243,2243,,,0.9537370204925537,0.8001245260238647,0.7746607661247253,0.779588520526886,0.25978273153305054,0.23640069365501404,0.19798491895198822,0.1947023868560791
2243,2243,0.0014790128916501999,,,,,,,,,
2244,2244,,,0.9712898135185242,0.8094235062599182,0.7764891982078552,0.7822044491767883,0.25782984495162964,0.24197407066822052,0.20081418752670288,0.1947023868560791
2244,2244,0.0014776417519897223,,,,,,,,,
2245,2245,,,0.9627133011817932,0.7998515963554382,0.774648904800415,0.779710590839386,0.2602595388889313,0.23694345355033875,0.19865840673446655,0.1947023868560791
2245,2245,0.0014614408137276769,,,,,,,,,
2246,2246,,,0.9625040292739868,0.8083013296127319,0.7770152688026428,0.7815816402435303,0.2574215233325958,0.24091170728206635,0.19995102286338806,0.1947023868560791
2246,2246,0.0014382143272086978,,,,,,,,,
2247,2247,,,0.9714197516441345,0.8020937442779541,0.7739400863647461,0.7804712653160095,0.2595241963863373,0.2381850928068161,0.1995639204978943,0.1947023868560791
2247,2247,0.0014230136293917894,,,,,,,,,
2248,2248,,,0.956165611743927,0.8054532408714294,0.7758554816246033,0.7805139422416687,0.2575726807117462,0.2395857870578766,0.19893117249011993,0.1947023868560791
2248,2248,0.0014294032007455826,,,,,,,,,
2249,2249,,0.0014613240491598845,,,,,,,,
2249,2249,,,0.9771289229393005,0.8047959208488464,0.7721710801124573,0.7815746665000916,0.2582971751689911,0.23919585347175598,0.20027247071266174,0.1947023868560791
2249,2249,0.0014613240491598845,,,,,,,,,
2250,2250,,,0.9537574052810669,0.8030998110771179,0.7741402983665466,0.7791341543197632,0.25898048281669617,0.2388787865638733,0.19813987612724304,0.1947023868560791
2250,2250,0.0015125260688364506,,,,,,,,,
2251,2251,,,0.9788729548454285,0.8062198162078857,0.7705901265144348,0.7825348377227783,0.2565203309059143,0.23917342722415924,0.20054057240486145,0.1947023868560791
2251,2251,0.0015760930255055428,,,,,,,,,
2252,2252,,,0.9550941586494446,0.802724301815033,0.7730422019958496,0.777869462966919,0.262263685464859,0.23938192427158356,0.19789111614227295,0.1947023868560791
2252,2252,0.001646993332542479,,,,,,,,,
2253,2253,,,0.9773819446563721,0.805806577205658,0.7699330449104309,0.7832023501396179,0.254557341337204,0.2380051612854004,0.20040880143642426,0.1947023868560791
2253,2253,0.001737609039992094,,,,,,,,,
2254,2254,,,0.9592294692993164,0.8043926954269409,0.7728697657585144,0.7770789861679077,0.26799845695495605,0.2411300092935562,0.19827090203762054,0.1947023868560791
2254,2254,0.0018638436449691653,,,,,,,,,
2255,2255,,,0.9745520949363708,0.8041954636573792,0.7695251107215881,0.7835997939109802,0.25447899103164673,0.2361631989479065,0.20006722211837769,0.1947023868560791
2255,2255,0.0020584750454872847,,,,,,,,,
2256,2256,,,0.9651677012443542,0.8068092465400696,0.7731538414955139,0.7768839597702026,0.2764017581939697,0.24371826648712158,0.199148491024971,0.1947023868560791
2256,2256,0.002346166642382741,,,,,,,,,
2257,2257,,,0.9726632833480835,0.8026971220970154,0.7684013843536377,0.7837935090065002,0.2580234706401825,0.23430049419403076,0.19975081086158752,0.1947023868560791
2257,2257,0.0027600869070738554,,,,,,,,,
2258,2258,,,0.9723315834999084,0.8083158135414124,0.7733685374259949,0.7772367596626282,0.2866349220275879,0.24647977948188782,0.20030631124973297,0.1947023868560791
2258,2258,0.003302877303212881,,,,,,,,,
2259,2259,,,0.9731011390686035,0.8026010990142822,0.7665725350379944,0.7839164733886719,0.2634499967098236,0.23314142227172852,0.19966456294059753,0.1947023868560791
2259,2259,0.003970084711909294,,,,,,,,,
2260,2260,,,0.979682981967926,0.8077688813209534,0.7733514308929443,0.7781364917755127,0.29355528950691223,0.24820320308208466,0.2013832926750183,0.1947023868560791
2260,2260,0.0046539101749658585,,,,,,,,,
2261,2261,,,0.9739833474159241,0.8047757744789124,0.7657538652420044,0.7841131687164307,0.2636995315551758,0.23356477916240692,0.19982260465621948,0.1947023868560791
2261,2261,0.005216401536017656,,,,,,,,,
2262,2262,,,0.9830337166786194,0.8047189116477966,0.7731428742408752,0.7796434760093689,0.28742504119873047,0.2471022605895996,0.20167715847492218,0.1947023868560791
2262,2262,0.005354218650609255,,,,,,,,,
2263,2263,,,0.9703835844993591,0.8087510466575623,0.7685534358024597,0.7842774391174316,0.25385236740112305,0.23625513911247253,0.2000311315059662,0.1947023868560791
2263,2263,0.004925481975078583,,,,,,,,,
2264,2264,,,0.9787536859512329,0.8006982803344727,0.7729440927505493,0.7817189693450928,0.2698171138763428,0.24302923679351807,0.20103240013122559,0.1947023868560791
2264,2264,0.003882960882037878,,,,,,,,,
2265,2265,,,0.964606761932373,0.8113476037979126,0.7753588557243347,0.7838299870491028,0.24688395857810974,0.24048925936222076,0.20042923092842102,0.1947023868560791
2265,2265,0.002648859517648816,,,,,,,,,
2266,2266,,,0.9735214710235596,0.7995012402534485,0.7724684476852417,0.7840636968612671,0.26117265224456787,0.23904186487197876,0.2006831169128418,0.1947023868560791
2266,2266,0.00170783547218889,,,,,,,,,
2267,2267,,,0.9655330777168274,0.8093700408935547,0.7763930559158325,0.7828039526939392,0.2536328434944153,0.24367627501487732,0.20070260763168335,0.1947023868560791
2267,2267,0.0014239053707569838,,,,,,,,,
2268,2268,,,0.972932755947113,0.8032278418540955,0.7697675228118896,0.7863414287567139,0.2620598375797272,0.23767715692520142,0.20106524229049683,0.1947023868560791
2268,2268,0.001740228501148522,,,,,,,,,
2269,2269,,,0.970366895198822,0.8044455051422119,0.7737504243850708,0.7825998663902283,0.2607792615890503,0.2439790517091751,0.20080706477165222,0.1947023868560791
2269,2269,0.0022864441853016615,,,,,,,,,
2270,2270,,,0.9713256359100342,0.8092579245567322,0.7696927189826965,0.7880861759185791,0.25543537735939026,0.2388037145137787,0.2016003280878067,0.1947023868560791
2270,2270,0.002634599804878235,,,,,,,,,
2271,2271,,,0.9709920883178711,0.8004277944564819,0.7717542052268982,0.7838675379753113,0.26171186566352844,0.2420007288455963,0.20076042413711548,0.1947023868560791
2271,2271,0.002546336269006133,,,,,,,,,
2272,2272,,,0.9667772054672241,0.8125535249710083,0.7745494842529297,0.7886167168617249,0.24572421610355377,0.24126438796520233,0.20198723673820496,0.1947023868560791
2272,2272,0.002116671996191144,,,,,,,,,
2273,2273,,,0.9694109559059143,0.7996546030044556,0.770986795425415,0.7852605581283569,0.2642452120780945,0.23974087834358215,0.20079028606414795,0.1947023868560791
2273,2273,0.0016419726889580488,,,,,,,,,
2274,2274,,,0.9659627079963684,0.8107946515083313,0.7767980098724365,0.7879729866981506,0.2444920837879181,0.2432754933834076,0.20206919312477112,0.1947023868560791
2274,2274,0.0014191309455782175,,,,,,,,,
2275,2275,,,0.970218300819397,0.8031771183013916,0.7701507210731506,0.7855542302131653,0.26596298813819885,0.23863328993320465,0.20087236166000366,0.1947023868560791
2275,2275,0.0015113715780898929,,,,,,,,,
2276,2276,,,0.9689344167709351,0.8063504695892334,0.7757622599601746,0.7872186899185181,0.24719926714897156,0.24339264631271362,0.20191407203674316,0.1947023868560791
2276,2276,0.0017533968202769756,,,,,,,,,
2277,2277,,,0.9696924686431885,0.8090565204620361,0.7710860371589661,0.7852166891098022,0.2600039541721344,0.23910456895828247,0.20088979601860046,0.1947023868560791
2277,2277,0.0019066547974944115,,,,,,,,,
2278,2278,,,0.9704975485801697,0.8031669855117798,0.7746472358703613,0.7870401740074158,0.25050273537635803,0.24189668893814087,0.20169876515865326,0.1947023868560791
2278,2278,0.0018448511837050319,,,,,,,,,
2279,2279,,,0.9662168622016907,0.8119600415229797,0.7746376991271973,0.7851423025131226,0.25208789110183716,0.2407369613647461,0.2010042369365692,0.1947023868560791
2279,2279,0.001624755677767098,,,,,,,,,
2280,2280,,,0.9713017344474792,0.80311119556427,0.7730110883712769,0.7869101762771606,0.2566367983818054,0.24017183482646942,0.20152416825294495,0.1947023868560791
2280,2280,0.0014118443941697478,,,,,,,,,
2281,2281,,,0.964230477809906,0.8095401525497437,0.7757419347763062,0.7856115102767944,0.24791890382766724,0.24209138751029968,0.2010962963104248,0.1947023868560791
2281,2281,0.0013405939098447561,,,,,,,,,
2282,2282,,,0.9724521636962891,0.8057119846343994,0.7707717418670654,0.7863835692405701,0.26166385412216187,0.2393861711025238,0.20136186480522156,0.1947023868560791
2282,2282,0.001417569350451231,,,,,,,,,
2283,2283,,,0.9646918773651123,0.8052929043769836,0.774937093257904,0.7863316535949707,0.24601788818836212,0.24202868342399597,0.20111796259880066,0.1947023868560791
2283,2283,0.0015418736729770899,,,,,,,,,
2284,2284,,,0.9712926745414734,0.8086839914321899,0.7710726857185364,0.7858395576477051,0.26102396845817566,0.23988483846187592,0.20126894116401672,0.1947023868560791
2284,2284,0.0015986288199201226,,,,,,,,,
2285,2285,,,0.965817391872406,0.8032237887382507,0.774428129196167,0.7868010997772217,0.24701765179634094,0.24092121422290802,0.2011341154575348,0.1947023868560791
2285,2285,0.0015461756847798824,,,,,,,,,
2286,2286,,,0.9680129885673523,0.8091181516647339,0.7733162045478821,0.7853155136108398,0.2573646008968353,0.24093206226825714,0.20112396776676178,0.1947023868560791
2286,2286,0.0014297235757112503,,,,,,,,,
2287,2287,,,0.9678605794906616,0.8041197061538696,0.7736115455627441,0.786779522895813,0.2513561248779297,0.2399362474679947,0.20120137929916382,0.1947023868560791
2287,2287,0.0013329996727406979,,,,,,,,,
2288,2288,,,0.9655534625053406,0.8066681623458862,0.7739057540893555,0.7845670580863953,0.25351598858833313,0.2413025200366974,0.20069047808647156,0.1947023868560791
2288,2288,0.0013091176515445113,,,,,,,,,
2289,2289,,,0.9704113006591797,0.8066081404685974,0.7720387578010559,0.7863901257514954,0.25594863295555115,0.23979304730892181,0.2012762427330017,0.1947023868560791
2289,2289,0.001350084668956697,,,,,,,,,
2290,2290,,,0.9643706679344177,0.8039067387580872,0.7735756635665894,0.7839222550392151,0.250022292137146,0.24067403376102448,0.20019201934337616,0.1947023868560791
2290,2290,0.0014054304920136929,,,,,,,,,
2291,2291,,,0.9716759324073792,0.8087068796157837,0.7717872858047485,0.7860308885574341,0.2581515312194824,0.24041607975959778,0.2014024406671524,0.1947023868560791
2291,2291,0.0014264988712966442,,,,,,,,,
2292,2292,,,0.963768482208252,0.8031446933746338,0.7735909819602966,0.7837340235710144,0.24896329641342163,0.2397763431072235,0.19996216893196106,0.1947023868560791
2292,2292,0.001399455824866891,,,,,,,,,
2293,2293,,,0.9716036319732666,0.8086910247802734,0.7729782462120056,0.7858589291572571,0.257561594247818,0.24109898507595062,0.20150059461593628,0.1947023868560791
2293,2293,0.0013468576362356544,,,,,,,,,
2294,2294,,,0.9641273021697998,0.804604172706604,0.7736513614654541,0.7838224172592163,0.2510150372982025,0.23931601643562317,0.20004498958587646,0.1947023868560791
2294,2294,0.0013045185478404164,,,,,,,,,
2295,2295,,,0.9712910056114197,0.8064780235290527,0.7735747694969177,0.785671055316925,0.2551661729812622,0.24115709960460663,0.20137125253677368,0.1947023868560791
2295,2295,0.0012937039136886597,,,,,,,,,
2296,2296,,,0.9652419686317444,0.8068216443061829,0.7732306718826294,0.7837566137313843,0.2540746331214905,0.23937568068504333,0.2001917064189911,0.1947023868560791
2296,2296,0.0013101639924570918,,,,,,,,,
2297,2297,,,0.9708834886550903,0.8041017055511475,0.7733902335166931,0.785476565361023,0.2525978088378906,0.24061347544193268,0.20110160112380981,0.1947023868560791
2297,2297,0.0013324511237442493,,,,,,,,,
2298,2298,,,0.9661408066749573,0.8080532550811768,0.7728582620620728,0.7834193110466003,0.25609728693962097,0.23966343700885773,0.2002282738685608,0.1947023868560791
2298,2298,0.0013403061311692,,,,,,,,,
2299,2299,,0.0013271380448713899,,,,,,,,
2299,2299,,,0.97028648853302,0.8035838007926941,0.7731379270553589,0.7854393124580383,0.2514757513999939,0.24001628160476685,0.20093202590942383,0.1947023868560791
2299,2299,0.0013271380448713899,,,,,,,,,
2300,2300,,,0.9666237235069275,0.8075659871101379,0.7727438807487488,0.7830488681793213,0.25646305084228516,0.23984572291374207,0.20015837252140045,0.1947023868560791
2300,2300,0.0013019279576838017,,,,,,,,,
2301,2301,,,0.9699227213859558,0.8050639629364014,0.7729859352111816,0.7855458855628967,0.2516929507255554,0.23975926637649536,0.2009424865245819,0.1947023868560791
2301,2301,0.0012797607341781259,,,,,,,,,
2302,2302,,,0.9669961333274841,0.8057827949523926,0.7724202275276184,0.7827817797660828,0.2559599280357361,0.23973360657691956,0.2000119984149933,0.1947023868560791
2302,2302,0.0012712471652776003,,,,,,,,,
2303,2303,,,0.9700151681900024,0.8071574568748474,0.7728198170661926,0.7856588959693909,0.2519201636314392,0.23982812464237213,0.2010347843170166,0.1947023868560791
2303,2303,0.0012767085572704673,,,,,,,,,
2304,2304,,,0.9671638607978821,0.8038477301597595,0.7719365358352661,0.7826080918312073,0.25559425354003906,0.23939117789268494,0.1998412311077118,0.1947023868560791
2304,2304,0.0012881066650152206,,,,,,,,,
2305,2305,,,0.9703804850578308,0.8084379434585571,0.7728269696235657,0.7857188582420349,0.2517339885234833,0.24004347622394562,0.2011292576789856,0.1947023868560791
2305,2305,0.0012957152212038636,,,,,,,,,
2306,2306,,,0.9669482111930847,0.803026020526886,0.7716094851493835,0.7824453711509705,0.2556682825088501,0.23902073502540588,0.1996956765651703,0.1947023868560791
2306,2306,0.0012940358137711883,,,,,,,,,
2307,2307,,,0.9709815979003906,0.8083977103233337,0.7730597257614136,0.7858632206916809,0.25128042697906494,0.240255206823349,0.20124086737632751,0.1947023868560791
2307,2307,0.0012843594886362553,,,,,,,,,
2308,2308,,,0.9664617776870728,0.8037578463554382,0.7715510725975037,0.7820895910263062,0.25601962208747864,0.23874591290950775,0.19955363869667053,0.1947023868560791
2308,2308,0.00127237883862108,,,,,,,,,
2309,2309,,,0.9719770550727844,0.8073500990867615,0.7731767296791077,0.7862198352813721,0.250659316778183,0.24035796523094177,0.2013896256685257,0.1947023868560791
2309,2309,0.001264382153749466,,,,,,,,,
2310,2310,,,0.9657323956489563,0.8052622079849243,0.7716166973114014,0.781427800655365,0.25626513361930847,0.23856745660305023,0.19934549927711487,0.1947023868560791
2310,2310,0.0012634795857593417,,,,,,,,,
2311,2311,,,0.9734327793121338,0.8060446381568909,0.773015558719635,0.7867908477783203,0.25016817450523376,0.2403370887041092,0.20159199833869934,0.1947023868560791
2311,2311,0.0012687476119026542,,,,,,,,,
2312,2312,,,0.9645097255706787,0.806264340877533,0.7716313600540161,0.7805373668670654,0.2562347650527954,0.23844027519226074,0.19902272522449493,0.1947023868560791
2312,2312,0.0012766902800649405,,,,,,,,,
2313,2313,,,0.9753649234771729,0.805381178855896,0.7726961970329285,0.7876430749893188,0.24993804097175598,0.24031996726989746,0.20191773772239685,0.1947023868560791
2313,2313,0.0012838821858167648,,,,,,,,,
2314,2314,,,0.9625840187072754,0.8061220645904541,0.771440863609314,0.7794768810272217,0.25610214471817017,0.2382846176624298,0.19855530560016632,0.1947023868560791
2314,2314,0.0012891502119600773,,,,,,,,,
2315,2315,,,0.9779047966003418,0.8058781623840332,0.7722538709640503,0.7889083027839661,0.24978618323802948,0.24049773812294006,0.20244725048542023,0.1947023868560791
2315,2315,0.001294029993005097,,,,,,,,,
2316,2316,,,0.959901750087738,0.8050972819328308,0.770800769329071,0.7780847549438477,0.2560625374317169,0.23796863853931427,0.19787202775478363,0.1947023868560791
2316,2316,0.0013021614868193865,,,,,,,,,
2317,2317,,,0.9813385605812073,0.8073276281356812,0.7715097069740295,0.7906903624534607,0.24936853349208832,0.24099107086658478,0.20321772992610931,0.1947023868560791
2317,2317,0.0013176100328564644,,,,,,,,,
2318,2318,,,0.9563008546829224,0.8037347197532654,0.769494354724884,0.7760045528411865,0.2564316391944885,0.23739245533943176,0.19685493409633636,0.1947023868560791
2318,2318,0.001344059593975544,,,,,,,,,
2319,2319,,,0.9861084222793579,0.8091426491737366,0.7702465057373047,0.7931539416313171,0.24826186895370483,0.24183568358421326,0.20427224040031433,0.1947023868560791
2319,2319,0.0013844528002664447,,,,,,,,,
2320,2320,,,0.9513717293739319,0.8025264739990234,0.7673416137695312,0.772928774356842,0.25764089822769165,0.23658695816993713,0.1954040825366974,0.1947023868560791
2320,2320,0.001442041015252471,,,,,,,,,
2321,2321,,,0.9928042888641357,0.8109583258628845,0.7683388590812683,0.7966074347496033,0.2461451292037964,0.24307101964950562,0.2057235687971115,0.1947023868560791
2321,2321,0.0015215403400361538,,,,,,,,,
2322,2322,,,0.9446476697921753,0.8019313812255859,0.7641268968582153,0.7687020301818848,0.2600167989730835,0.2356853485107422,0.1934678554534912,0.1934678554534912
2322,2322,0.0016304242890328169,,,,,,,,,
2323,2323,,,1.0020363330841064,0.8128688335418701,0.7656494379043579,0.8013960719108582,0.2428581416606903,0.24478401243686676,0.20772112905979156,0.1934678554534912
2323,2323,0.0017792570870369673,,,,,,,,,
2324,2324,,,0.9359925389289856,0.8021742701530457,0.7597684264183044,0.7632918357849121,0.26359882950782776,0.23484788835048676,0.19105543196201324,0.19105543196201324
2324,2324,0.0019809589721262455,,,,,,,,,
2325,2325,,,1.0138602256774902,0.8151316046714783,0.7621316313743591,0.8074647188186646,0.23867486417293549,0.24699385464191437,0.21027730405330658,0.19105543196201324
2325,2325,0.002247130498290062,,,,,,,,,
2326,2326,,,0.9263583421707153,0.8030755519866943,0.7546412944793701,0.7571894526481628,0.26756206154823303,0.23429682850837708,0.18840526044368744,0.18840526044368744
2326,2326,0.0025833514519035816,,,,,,,,,
2327,2327,,,1.0261244773864746,0.8173477053642273,0.758411705493927,0.8134680986404419,0.23488417267799377,0.24924533069133759,0.2128678411245346,0.18840526044368744
2327,2327,0.0029742447659373283,,,,,,,,,
2328,2328,,,0.9190523028373718,0.8038952946662903,0.7508787512779236,0.7523223757743835,0.26958414912223816,0.2343338131904602,0.18638458847999573,0.18638458847999573
2328,2328,0.0033777274657040834,,,,,,,,,
2329,2329,,,1.0319924354553223,0.817388653755188,0.7568517923355103,0.815758466720581,0.23415182530879974,0.24998456239700317,0.21391429007053375,0.18638458847999573
2329,2329,0.003698931308463216,,,,,,,,,
2330,2330,,,0.9203317165374756,0.8034482598304749,0.7529789209365845,0.7524341344833374,0.2659604251384735,0.23512353003025055,0.18664582073688507,0.18638458847999573
2330,2330,0.0038261436857283115,,,,,,,,,
2331,2331,,,1.0214077234268188,0.8128070831298828,0.7609515190124512,0.8095264434814453,0.23993515968322754,0.24713996052742004,0.21129846572875977,0.18638458847999573
2331,2331,0.0036401874385774136,,,,,,,,,
2332,2332,,,0.9365363121032715,0.8026389479637146,0.7637174725532532,0.7608135938644409,0.2543432414531708,0.2367922067642212,0.19071891903877258,0.18638458847999573
2332,2332,0.003145236987620592,,,,,,,,,
2333,2333,,,0.9924020767211914,0.806311845779419,0.7691201567649841,0.7945324778556824,0.2532159686088562,0.24130845069885254,0.2049769163131714,0.18638458847999573
2333,2333,0.0024639214389026165,,,,,,,,,
2334,2334,,,0.9666386842727661,0.8052130937576294,0.7725223898887634,0.7756118774414062,0.23826263844966888,0.23960791528224945,0.19755956530570984,0.18638458847999573
2334,2334,0.00185396836604923,,,,,,,,,
2335,2335,,,0.9585738182067871,0.8035555481910706,0.7661336064338684,0.7781385183334351,0.2687218189239502,0.23639081418514252,0.19750285148620605,0.18638458847999573
2335,2335,0.0015261599328368902,,,,,,,,,
2336,2336,,,0.9977062344551086,0.8101143836975098,0.7662089467048645,0.7890465259552002,0.2258673459291458,0.24243217706680298,0.20320573449134827,0.18638458847999573
2336,2336,0.0015459470450878143,,,,,,,,,
2337,2337,,,0.9365209341049194,0.8036704659461975,0.7574046850204468,0.768504798412323,0.2768620550632477,0.23464031517505646,0.19268526136875153,0.18638458847999573
2337,2337,0.0017870328156277537,,,,,,,,,
2338,2338,,,1.0129772424697876,0.810579240322113,0.7601659893989563,0.7934395670890808,0.22418265044689178,0.24290470778942108,0.20509427785873413,0.18638458847999573
2338,2338,0.0020370015408843756,,,,,,,,,
2339,2339,,,0.933846116065979,0.8035126328468323,0.7592567205429077,0.7688581943511963,0.27046892046928406,0.23535998165607452,0.19268856942653656,0.18638458847999573
2339,2339,0.0020974683575332165,,,,,,,,,
2340,2340,,,1.005359172821045,0.8053025007247925,0.7619300484657288,0.7872999906539917,0.23565635085105896,0.2406458854675293,0.2027510106563568,0.18638458847999573
2340,2340,0.0019310317002236843,,,,,,,,,
2341,2341,,,0.9483090043067932,0.8057065010070801,0.769402027130127,0.7772819399833679,0.25233232975006104,0.23759761452674866,0.19669078290462494,0.18638458847999573
2341,2341,0.0016354006947949529,,,,,,,,,
2342,2342,,,0.9846615195274353,0.8013961911201477,0.7649080753326416,0.7764505743980408,0.2540167570114136,0.23788510262966156,0.19842743873596191,0.18638458847999573
2342,2342,0.0013980860821902752,,,,,,,,,
2343,2343,,,0.9680454730987549,0.8109742999076843,0.7740278840065002,0.7874289751052856,0.23502065241336823,0.2402527779340744,0.2013283371925354,0.18638458847999573
2343,2343,0.0013348155189305544,,,,,,,,,
2344,2344,,,0.9683128595352173,0.8015295267105103,0.7628121376037598,0.7689018249511719,0.2662772536277771,0.23646947741508484,0.19515229761600494,0.18638458847999573
2344,2344,0.001431457931175828,,,,,,,,,
2345,2345,,,0.9781432747840881,0.8126044869422913,0.7731477618217468,0.7920927405357361,0.22911693155765533,0.24133341014385223,0.2033289670944214,0.18638458847999573
2345,2345,0.0015664832899346948,,,,,,,,,
2346,2346,,,0.9659637808799744,0.8020749688148499,0.7640321254730225,0.7689921855926514,0.264387845993042,0.23664356768131256,0.19511014223098755,0.18638458847999573
2346,2346,0.0016134190373122692,,,,,,,,,
2347,2347,,,0.9733951687812805,0.8081678152084351,0.7729831337928772,0.7884910702705383,0.23616836965084076,0.2398400455713272,0.2018098682165146,0.18638458847999573
2347,2347,0.0015310230664908886,,,,,,,,,
2348,2348,,,0.9753125309944153,0.8032787442207336,0.7685224413871765,0.7756864428520203,0.25200995802879333,0.23825234174728394,0.1979152411222458,0.18638458847999573
2348,2348,0.0013785873306915164,,,,,,,,,
2349,2349,,0.001259405049495399,,,,,,,,
2349,2349,,,0.9618654847145081,0.8035295009613037,0.7707394361495972,0.7803850173950195,0.24927593767642975,0.23723386228084564,0.19839879870414734,0.18638458847999573
2349,2349,0.001259405049495399,,,,,,,,,
2350,2350,,,0.9859113097190857,0.8063403367996216,0.769901692867279,0.7834231853485107,0.23987695574760437,0.24035540223121643,0.20100925862789154,0.18638458847999573
2350,2350,0.0012362878769636154,,,,,,,,,
2351,2351,,,0.9552492499351501,0.8020567893981934,0.767037034034729,0.7744496464729309,0.25789928436279297,0.2355983853340149,0.19595171511173248,0.18638458847999573
2351,2351,0.0012920743320137262,,,,,,,,,
2352,2352,,,0.9877713322639465,0.8078452944755554,0.7699867486953735,0.7862418293952942,0.23540067672729492,0.24104000627994537,0.20198245346546173,0.18638458847999573
2352,2352,0.0013568410649895668,,,,,,,,,
2353,2353,,,0.9589173793792725,0.8021682500839233,0.7670901417732239,0.7745651602745056,0.25716909766197205,0.23578780889511108,0.1962328851222992,0.18638458847999573
2353,2353,0.0013680513948202133,,,,,,,,,
2354,2354,,,0.9795956015586853,0.8059830665588379,0.7709065079689026,0.782913863658905,0.23858867585659027,0.23964646458625793,0.2004113346338272,0.18638458847999573
2354,2354,0.001317158224992454,,,,,,,,,
2355,2355,,,0.9697736501693726,0.8034154772758484,0.7696921229362488,0.779529333114624,0.25053781270980835,0.2374989092350006,0.19863706827163696,0.18638458847999573
2355,2355,0.0012442762963473797,,,,,,,,,
2356,2356,,,0.9687031507492065,0.8035020232200623,0.7703109383583069,0.7773319482803345,0.24483434855937958,0.23759928345680237,0.197884202003479,0.18638458847999573
2356,2356,0.0012013441883027554,,,,,,,,,
2357,2357,,,0.9794169664382935,0.8055148124694824,0.770979642868042,0.7846644520759583,0.2443065643310547,0.23936918377876282,0.2009793370962143,0.18638458847999573
2357,2357,0.0012094475096091628,,,,,,,,,
2358,2358,,,0.9633856415748596,0.8023995757102966,0.7690209150314331,0.7742342352867126,0.24863165616989136,0.2364688515663147,0.19648036360740662,0.18638458847999573
2358,2358,0.0012494574766606092,,,,,,,,,
2359,2359,,,0.9809237122535706,0.8062909841537476,0.7713494896888733,0.7858550548553467,0.24265000224113464,0.23984692990779877,0.2014908492565155,0.18638458847999573
2359,2359,0.0012833841610699892,,,,,,,,,
2360,2360,,,0.9665890336036682,0.8024647831916809,0.7692830562591553,0.7753854393959045,0.24709703028202057,0.23667563498020172,0.19703036546707153,0.18638458847999573
2360,2360,0.0012866511242464185,,,,,,,,,
2361,2361,,,0.9742540717124939,0.8052900433540344,0.7711407542228699,0.7829892039299011,0.24588580429553986,0.23880751430988312,0.2001332938671112,0.18638458847999573
2361,2361,0.0012630601413547993,,,,,,,,,
2362,2362,,,0.9752981662750244,0.8034659028053284,0.7696574330329895,0.7789720892906189,0.24177387356758118,0.23772500455379486,0.19868874549865723,0.18638458847999573
2362,2362,0.0012374550569802523,,,,,,,,,
2363,2363,,,0.9650323987007141,0.8042860627174377,0.7695740461349487,0.7794063687324524,0.2510490119457245,0.23744404315948486,0.198310986161232,0.18638458847999573
2363,2363,0.0012327892472967505,,,,,,,,,
2364,2364,,,0.9836868643760681,0.804677426815033,0.7685999870300293,0.7816184759140015,0.23671342432498932,0.23869524896144867,0.19995994865894318,0.18638458847999573
2364,2364,0.0012554815039038658,,,,,,,,,
2365,2365,,,0.9588198065757751,0.804097592830658,0.7681096792221069,0.7783709168434143,0.2543128430843353,0.23675918579101562,0.19748784601688385,0.18638458847999573
2365,2365,0.0012937793508172035,,,,,,,,,
2366,2366,,,0.9878635406494141,0.8047574758529663,0.7671083807945251,0.7811405658721924,0.23499023914337158,0.23898635804653168,0.19998620450496674,0.18638458847999573
2366,2366,0.0013348872307687998,,,,,,,,,
2367,2367,,,0.9570233821868896,0.8045164346694946,0.768290102481842,0.7807214260101318,0.2538435757160187,0.23693011701107025,0.19808056950569153,0.18638458847999573
2367,2367,0.0013726360630244017,,,,,,,,,
2368,2368,,,0.9887583255767822,0.8035722374916077,0.7654988169670105,0.7779017686843872,0.23659200966358185,0.23888269066810608,0.19898101687431335,0.18638458847999573
2368,2368,0.0014223509933799505,,,,,,,,,
2369,2369,,,0.956760823726654,0.8056154847145081,0.7692409157752991,0.7850546836853027,0.2513563334941864,0.23762355744838715,0.19943861663341522,0.18638458847999573
2369,2369,0.0015006627654656768,,,,,,,,,
2370,2370,,,0.9909449815750122,0.8022333383560181,0.7626111507415771,0.7739458680152893,0.23848223686218262,0.2391476333141327,0.19780568778514862,0.18638458847999573
2370,2370,0.0016370128141716123,,,,,,,,,
2371,2371,,,0.9534124732017517,0.8071575164794922,0.7690731287002563,0.7893132567405701,0.25054940581321716,0.2383934110403061,0.20055201649665833,0.18638458847999573
2371,2371,0.0018394631333649158,,,,,,,,,
2372,2372,,,0.9990660548210144,0.8013850450515747,0.7570993900299072,0.7710303664207458,0.23725953698158264,0.24028001725673676,0.19717937707901,0.18638458847999573
2372,2372,0.002139365067705512,,,,,,,,,
2373,2373,,,0.9441821575164795,0.8084321022033691,0.7660708427429199,0.7922797203063965,0.2538599371910095,0.23904123902320862,0.20076718926429749,0.18638458847999573
2373,2373,0.002529664896428585,,,,,,,,,
2374,2374,,,1.0146172046661377,0.8007468581199646,0.7485975623130798,0.7696017026901245,0.23202869296073914,0.2422216832637787,0.19728614389896393,0.18638458847999573
2374,2374,0.003071194514632225,,,,,,,,,
2375,2375,,,0.9306325316429138,0.8094075322151184,0.7594797015190125,0.7936475872993469,0.26084980368614197,0.23970593512058258,0.2000526338815689,0.18638458847999573
2375,2375,0.003697915468364954,,,,,,,,,
2376,2376,,,1.0332618951797485,0.7997892498970032,0.739435613155365,0.7692210674285889,0.22516019642353058,0.24404263496398926,0.19783303141593933,0.18638458847999573
2376,2376,0.004484532400965691,,,,,,,,,
2377,2377,,,0.9188975691795349,0.8109711408615112,0.7530530095100403,0.7926495671272278,0.26798781752586365,0.24026769399642944,0.19879931211471558,0.18638458847999573
2377,2377,0.005120597779750824,,,,,,,,,
2378,2378,,,1.042561650276184,0.7981523275375366,0.7355576753616333,0.7696040868759155,0.22157397866249084,0.24352200329303741,0.19814357161521912,0.18638458847999573
2378,2378,0.005636775400489569,,,,,,,,,
2379,2379,,,0.9179201126098633,0.8135017156600952,0.7542825937271118,0.7875818014144897,0.2692263424396515,0.2399781048297882,0.19741706550121307,0.18638458847999573
2379,2379,0.005440061446279287,,,,,,,,,
2380,2380,,,1.0280565023422241,0.7962567210197449,0.743790864944458,0.7717483639717102,0.2258925437927246,0.23947235941886902,0.19793786108493805,0.18638458847999573
2380,2380,0.004756057169288397,,,,,,,,,
2381,2381,,,0.9358867406845093,0.8152162432670593,0.7659045457839966,0.7794896364212036,0.2595300078392029,0.23951518535614014,0.1968701034784317,0.18638458847999573
2381,2381,0.003467108588665724,,,,,,,,,
2382,2382,,,0.9925739765167236,0.7957159280776978,0.7628173232078552,0.776997983455658,0.23764365911483765,0.23570863902568817,0.19825243949890137,0.18638458847999573
2382,2382,0.00225538550876081,,,,,,,,,
2383,2383,,,0.9699541330337524,0.8131309151649475,0.7717030644416809,0.7734437584877014,0.24163919687271118,0.24064964056015015,0.19747710227966309,0.18638458847999573
2383,2383,0.0015163528732955456,,,,,,,,,
2384,2384,,,0.9578049182891846,0.7984534502029419,0.7665119767189026,0.7827293276786804,0.25080230832099915,0.2357156127691269,0.19822701811790466,0.18638458847999573
2384,2384,0.0014533302746713161,,,,,,,,,
2385,2385,,,1.0001051425933838,0.8069491982460022,0.7591784596443176,0.7720040082931519,0.2266656756401062,0.2414848804473877,0.19776055216789246,0.18638458847999573
2385,2385,0.001851431792601943,,,,,,,,,
2386,2386,,,0.9403910040855408,0.8050961494445801,0.7634201049804688,0.7833589315414429,0.2584017217159271,0.23722219467163086,0.19754722714424133,0.18638458847999573
2386,2386,0.0022762182634323835,,,,,,,,,
2387,2387,,,1.0069488286972046,0.7999446392059326,0.7563276886940002,0.7741342186927795,0.22399063408374786,0.23931939899921417,0.19815179705619812,0.18638458847999573
2387,2387,0.002425450598821044,,,,,,,,,
2388,2388,,,0.9444727301597595,0.812968909740448,0.7677665948867798,0.7781900763511658,0.25693055987358093,0.23842716217041016,0.1969531774520874,0.18638458847999573
2388,2388,0.0021828562021255493,,,,,,,,,
2389,2389,,,0.9906494617462158,0.7956506013870239,0.7643750309944153,0.7781959772109985,0.2324592024087906,0.23609237372875214,0.19852709770202637,0.18638458847999573
2389,2389,0.0018021482974290848,,,,,,,,,
2390,2390,,,0.9641556739807129,0.8164293766021729,0.7717859745025635,0.7731701731681824,0.24756696820259094,0.2402220070362091,0.19718453288078308,0.18638458847999573
2390,2390,0.0015265517868101597,,,,,,,,,
2391,2391,,,0.9682291150093079,0.7957751750946045,0.7669867277145386,0.7811661958694458,0.2428770363330841,0.23487557470798492,0.19817447662353516,0.18638458847999573
2391,2391,0.0014908818993717432,,,,,,,,,
2392,2392,,,0.9838677048683167,0.812326967716217,0.7674841284751892,0.7726172804832458,0.23625555634498596,0.24126501381397247,0.19777588546276093,0.18638458847999573
2392,2392,0.0016026211669668555,,,,,,,,,
2393,2393,,,0.955245852470398,0.8008790016174316,0.7664998173713684,0.780110239982605,0.24884933233261108,0.2354569435119629,0.19730325043201447,0.18638458847999573
2393,2393,0.001672560116276145,,,,,,,,,
2394,2394,,,0.990390956401825,0.8042213916778564,0.7658438682556152,0.7757250070571899,0.23067697882652283,0.23956286907196045,0.19847209751605988,0.18638458847999573
2394,2394,0.0016059117624536157,,,,,,,,,
2395,2395,,,0.9567534923553467,0.8090929985046387,0.7692887187004089,0.7763103246688843,0.25009390711784363,0.23718148469924927,0.19694402813911438,0.18638458847999573
2395,2395,0.0014377430779859424,,,,,,,,,
2396,2396,,,0.9838885068893433,0.7980596423149109,0.7677180171012878,0.7797666788101196,0.2333759367465973,0.23672689497470856,0.1989297866821289,0.18638458847999573
2396,2396,0.001312862616032362,,,,,,,,,
2397,2397,,,0.9677042365074158,0.8148154616355896,0.7708808779716492,0.7740349173545837,0.24707598984241486,0.2394624799489975,0.19745847582817078,0.18638458847999573
2397,2397,0.0013120732037350535,,,,,,,,,
2398,2398,,,0.9734372496604919,0.7964813709259033,0.7673646211624146,0.7816274762153625,0.23947222530841827,0.23512467741966248,0.19865509867668152,0.18638458847999573
2398,2398,0.0014022168470546603,,,,,,,,,
2399,2399,,0.0014727936359122396,,,,,,,,
2399,2399,,,0.9777517914772034,0.8135784864425659,0.7693895697593689,0.7751367688179016,0.24059797823429108,0.24032235145568848,0.1982502043247223,0.18638458847999573
2399,2399,0.0014727936359122396,,,,,,,,,
2400,2400,,,0.9670411348342896,0.7996140122413635,0.7670428156852722,0.7798928618431091,0.24376478791236877,0.23513942956924438,0.19787883758544922,0.18638458847999573
2400,2400,0.001438969629816711,,,,,,,,,
2401,2401,,,0.9806747436523438,0.807040810585022,0.7690772414207458,0.7781679630279541,0.23489998281002045,0.23892660439014435,0.19885756075382233,0.18638458847999573
2401,2401,0.001319807954132557,,,,,,,,,
2402,2402,,,0.9672905802726746,0.8059807419776917,0.7683340311050415,0.7766048312187195,0.24518389999866486,0.23645517230033875,0.1973821222782135,0.18638458847999573
2402,2402,0.001199424033984542,,,,,,,,,
2403,2403,,,0.9779322147369385,0.8006812930107117,0.7688125371932983,0.7807711958885193,0.2339959591627121,0.2368522733449936,0.1990014910697937,0.18638458847999573
2403,2403,0.0011599203571677208,,,,,,,,,
2404,2404,,,0.9711009860038757,0.811439573764801,0.7693803310394287,0.7750000357627869,0.24398638308048248,0.23811325430870056,0.19754701852798462,0.18638458847999573
2404,2404,0.0012080608867108822,,,,,,,,,
2405,2405,,,0.9742673635482788,0.7980327606201172,0.7677345275878906,0.7810270190238953,0.23695862293243408,0.23559990525245667,0.1986069232225418,0.18638458847999573
2405,2405,0.0012833205983042717,,,,,,,,,
2406,2406,,,0.9736858010292053,0.8121234774589539,0.7699685096740723,0.7761931419372559,0.24045534431934357,0.238733172416687,0.19811798632144928,0.18638458847999573
2406,2406,0.0013155944179743528,,,,,,,,,
2407,2407,,,0.9730859398841858,0.7995250225067139,0.76730877161026,0.7788873314857483,0.24031619727611542,0.23550084233283997,0.19797399640083313,0.18638458847999573
2407,2407,0.0012781639816239476,,,,,,,,,
2408,2408,,,0.9735828638076782,0.8083087205886841,0.7704586386680603,0.7787961959838867,0.23670513927936554,0.2380506545305252,0.1986505687236786,0.18638458847999573
2408,2408,0.0012037210399284959,,,,,,,,,
2409,2409,,,0.9745914936065674,0.8037377595901489,0.7676159739494324,0.7764496207237244,0.24220451712608337,0.23627635836601257,0.19762469828128815,0.18638458847999573
2409,2409,0.0011446973076090217,,,,,,,,,
2410,2410,,,0.9725828170776367,0.8035300970077515,0.7700324654579163,0.7806587219238281,0.2351578027009964,0.2368966042995453,0.19881150126457214,0.18638458847999573
2410,2410,0.001133247627876699,,,,,,,,,
2411,2411,,,0.9762172102928162,0.80788654088974,0.7680833339691162,0.7758961319923401,0.24256810545921326,0.23719562590122223,0.19782111048698425,0.18638458847999573
2411,2411,0.0011601810110732913,,,,,,,,,
2412,2412,,,0.9725707173347473,0.8007137179374695,0.7690088152885437,0.7805388569831848,0.2357645183801651,0.23604314029216766,0.19854600727558136,0.18638458847999573
2412,2412,0.0011914364295080304,,,,,,,,,
2413,2413,,,0.9756758213043213,0.8093846440315247,0.7689955830574036,0.7775912284851074,0.24172747135162354,0.23760586977005005,0.19840691983699799,0.18638458847999573
2413,2413,0.0011990752536803484,,,,,,,,,
2414,2414,,,0.973976194858551,0.800541341304779,0.7680825591087341,0.7788869738578796,0.23705628514289856,0.235817551612854,0.19808870553970337,0.18638458847999573
2414,2414,0.0011789875570684671,,,,,,,,,
2415,2415,,,0.9733795523643494,0.8077878952026367,0.7697559595108032,0.7800281643867493,0.24021106958389282,0.23741623759269714,0.19892296195030212,0.18638458847999573
2415,2415,0.0011488619493320584,,,,,,,,,
2416,2416,,,0.9758481383323669,0.802254319190979,0.7675108313560486,0.7773047089576721,0.23825033009052277,0.23611271381378174,0.1978122889995575,0.18638458847999573
2416,2416,0.001128666684962809,,,,,,,,,
2417,2417,,,0.9714189767837524,0.8048362731933594,0.7696199417114258,0.7812950611114502,0.23868688941001892,0.23687224090099335,0.1989850401878357,0.18638458847999573
2417,2417,0.0011260967003181577,,,,,,,,,
2418,2418,,,0.9766640663146973,0.8045749068260193,0.7675628066062927,0.7771297693252563,0.2392265498638153,0.2365165799856186,0.19794122874736786,0.18638458847999573
2418,2418,0.0011340782511979342,,,,,,,,,
2419,2419,,,0.9712957143783569,0.8026578426361084,0.769018828868866,0.7806835174560547,0.23749853670597076,0.23632238805294037,0.1986176073551178,0.18638458847999573
2419,2419,0.0011398172937333584,,,,,,,,,
2420,2420,,,0.975713849067688,0.8062343597412109,0.7683278918266296,0.7784501910209656,0.2397887110710144,0.2367130070924759,0.198390394449234,0.18638458847999573
2420,2420,0.0011361857177689672,,,,,,,,,
2421,2421,,,0.9729925990104675,0.8020541071891785,0.7684623003005981,0.7790082693099976,0.23680521547794342,0.23608732223510742,0.19815093278884888,0.18638458847999573
2421,2421,0.001125234179198742,,,,,,,,,
2422,2422,,,0.9737332463264465,0.8065185546875,0.7691271901130676,0.7801868319511414,0.23972927033901215,0.23664118349552155,0.19881898164749146,0.18638458847999573
2422,2422,0.0011148556368425488,,,,,,,,,
2423,2423,,,0.9753292798995972,0.8025199770927429,0.7680197358131409,0.7776504158973694,0.23668986558914185,0.2361859828233719,0.19790112972259521,0.18638458847999573
2423,2423,0.0011109389597550035,,,,,,,,,
2424,2424,,,0.9720702171325684,0.8056682348251343,0.7693564295768738,0.7810564041137695,0.23915039002895355,0.2363709956407547,0.1989159733057022,0.18638458847999573
2424,2424,0.0011133752996101975,,,,,,,,,
2425,2425,,,0.9769038558006287,0.8033614158630371,0.7677950859069824,0.7774768471717834,0.23695527017116547,0.23634730279445648,0.19798153638839722,0.18638458847999573
2425,2425,0.0011171832447871566,,,,,,,,,
2426,2426,,,0.9715670943260193,0.8045833706855774,0.7691043019294739,0.7805866599082947,0.23831474781036377,0.2360685169696808,0.1986525058746338,0.18638458847999573
2426,2426,0.001116884290240705,,,,,,,,,
2427,2427,,,0.9770142436027527,0.8042041659355164,0.7679723501205444,0.7784088253974915,0.23729166388511658,0.23635588586330414,0.1982986330986023,0.18638458847999573
2427,2427,0.0011107362806797028,,,,,,,,,
2428,2428,,,0.972216010093689,0.8039196133613586,0.7686774134635925,0.779285728931427,0.2373712658882141,0.23591729998588562,0.19823719561100006,0.18638458847999573
2428,2428,0.0011012937175109982,,,,,,,,,
2429,2429,,,0.975955069065094,0.8047674894332886,0.7683438062667847,0.7796694040298462,0.23758937418460846,0.23620541393756866,0.19862361252307892,0.18638458847999573
2429,2429,0.0010932683944702148,,,,,,,,,
2430,2430,,,0.9734470844268799,0.803658664226532,0.7682819366455078,0.7780436873435974,0.23636119067668915,0.23593257367610931,0.19790686666965485,0.18638458847999573
2430,2430,0.0010899677872657776,,,,,,,,,
2431,2431,,,0.9745968580245972,0.8048898577690125,0.7685170769691467,0.7804234027862549,0.23790143430233002,0.2359890192747116,0.19875067472457886,0.18638458847999573
2431,2431,0.0010915002785623074,,,,,,,,,
2432,2432,,,0.9745736718177795,0.8035842776298523,0.7680708169937134,0.7775263786315918,0.23530645668506622,0.23597270250320435,0.1977987289428711,0.18638458847999573
2432,2432,0.0010951937874779105,,,,,,,,,
2433,2433,,,0.9737614989280701,0.8047574162483215,0.7683889865875244,0.7803159356117249,0.2382202297449112,0.2358035296201706,0.1986382007598877,0.18638458847999573
2433,2433,0.001097664120607078,,,,,,,,,
2434,2434,,,0.9751158952713013,0.8036787509918213,0.7681313753128052,0.7778907418251038,0.23430347442626953,0.23593378067016602,0.19792284071445465,0.18638458847999573
2434,2434,0.0010968997376039624,,,,,,,,,
2435,2435,,,0.9738308787345886,0.8046711683273315,0.7680829167366028,0.779552698135376,0.23838235437870026,0.23571020364761353,0.19839097559452057,0.18638458847999573
2435,2435,0.0010930467396974564,,,,,,,,,
2436,2436,,,0.9749162793159485,0.8039245009422302,0.7683677077293396,0.7787606716156006,0.23356027901172638,0.2358165681362152,0.19815737009048462,0.18638458847999573
2436,2436,0.0010879156179726124,,,,,,,,,
2437,2437,,,0.974696695804596,0.8046351075172424,0.7677121162414551,0.7786216735839844,0.23822195827960968,0.23570291697978973,0.19814735651016235,0.18638458847999573
2437,2437,0.0010835544671863317,,,,,,,,,
2438,2438,,,0.9740942716598511,0.804185152053833,0.7685746550559998,0.7795114517211914,0.2331993281841278,0.23564967513084412,0.19831722974777222,0.18638458847999573
2438,2438,0.0010811289539560676,,,,,,,,,
2439,2439,,,0.9759900569915771,0.8044707179069519,0.7673473954200745,0.7779918313026428,0.2377825230360031,0.23573623597621918,0.19801461696624756,0.18638458847999573
2439,2439,0.0010805258061736822,,,,,,,,,
2440,2440,,,0.9728960394859314,0.8044270873069763,0.7686564922332764,0.7797036170959473,0.2330619841814041,0.23544538021087646,0.19828233122825623,0.18638458847999573
2440,2440,0.0010807981016114354,,,,,,,,,
2441,2441,,,0.977404773235321,0.8041747808456421,0.7670496106147766,0.7779245376586914,0.23731637001037598,0.23578912019729614,0.19805467128753662,0.18638458847999573
2441,2441,0.001080962480045855,,,,,,,,,
2442,2442,,,0.9715052247047424,0.8047542572021484,0.7686758041381836,0.779306948184967,0.232769176363945,0.235213503241539,0.1980573832988739,0.18638458847999573
2442,2442,0.001080615445971489,,,,,,,,,
2443,2443,,,0.9789102077484131,0.8038713932037354,0.7667967081069946,0.7783627510070801,0.2372051328420639,0.23587489128112793,0.19825921952724457,0.18638458847999573
2443,2443,0.001080133719369769,,,,,,,,,
2444,2444,,,0.9698948264122009,0.8051803112030029,0.7687480449676514,0.7785961627960205,0.2318817675113678,0.23495487868785858,0.1977209597826004,0.18638458847999573
2444,2444,0.0010804396588355303,,,,,,,,,
2445,2445,,,0.9807956218719482,0.8035870790481567,0.7664204239845276,0.7789907455444336,0.23789381980895996,0.23601864278316498,0.19855602085590363,0.18638458847999573
2445,2445,0.0010826607467606664,,,,,,,,,
2446,2446,,,0.9677643775939941,0.8056138753890991,0.7689862847328186,0.7779127359390259,0.22998733818531036,0.2346411794424057,0.1973474621772766,0.18638458847999573
2446,2446,0.0010879096807911992,,,,,,,,,
2447,2447,,,0.983639657497406,0.8033163547515869,0.765654444694519,0.7794817090034485,0.23987174034118652,0.23626796901226044,0.1988838165998459,0.18638458847999573
2447,2447,0.001097384374588728,,,,,,,,,
2448,2448,,,0.9645138382911682,0.8061073422431946,0.7694926261901855,0.7774789333343506,0.22662335634231567,0.23420847952365875,0.19695641100406647,0.18638458847999573
2448,2448,0.0011129972990602255,,,,,,,,,
2449,2449,,0.0011379169300198555,,,,,,,,
2449,2449,,,0.988337516784668,0.8031725883483887,0.7641328573226929,0.779704213142395,0.24385017156600952,0.23672378063201904,0.1992652714252472,0.18638458847999573
2449,2449,0.0011379169300198555,,,,,,,,,
2450,2450,,,0.9591993093490601,0.806980550289154,0.7702755331993103,0.7773036360740662,0.2211446613073349,0.23354841768741608,0.19647745788097382,0.18638458847999573
2450,2450,0.0011783409863710403,,,,,,,,,
2451,2451,,,0.9963001012802124,0.803377091884613,0.7612035274505615,0.779747724533081,0.25102922320365906,0.23755615949630737,0.19982315599918365,0.18638458847999573
2451,2451,0.001243848237209022,,,,,,,,,
2452,2452,,,0.9505094289779663,0.8088475465774536,0.7711021900177002,0.7771868705749512,0.21278248727321625,0.23250843584537506,0.19574373960494995,0.18638458847999573
2452,2452,0.0013522370718419552,,,,,,,,,
2453,2453,,,1.00982666015625,0.804402232170105,0.7558087706565857,0.779849648475647,0.2633392810821533,0.2390325516462326,0.20079602301120758,0.18638458847999573
2453,2453,0.0015281900996342301,,,,,,,,,
2454,2454,,,0.9370685815811157,0.8129303455352783,0.7714300751686096,0.7768421769142151,0.20116658508777618,0.230940043926239,0.19456778466701508,0.18638458847999573
2454,2454,0.0018176143057644367,,,,,,,,,
2455,2455,,,1.0321004390716553,0.8074773550033569,0.7472850680351257,0.7802935838699341,0.2832164466381073,0.24153581261634827,0.20260082185268402,0.18638458847999573
2455,2455,0.0022731812205165625,,,,,,,,,
2456,2456,,,0.9190003275871277,0.8211755752563477,0.7706010341644287,0.7760718464851379,0.18848732113838196,0.22887316346168518,0.19296148419380188,0.18638458847999573
2456,2456,0.00299226981587708,,,,,,,,,
2457,2457,,,1.0639461278915405,0.8140797019004822,0.7376300692558289,0.781222939491272,0.3102959394454956,0.24524815380573273,0.20562148094177246,0.18638458847999573
2457,2457,0.004018926061689854,,,,,,,,,
2458,2458,,,0.901915967464447,0.8325555920600891,0.7689462900161743,0.7750251889228821,0.18311354517936707,0.22693321108818054,0.19151361286640167,0.18638458847999573
2458,2458,0.005429291632026434,,,,,,,,,
2459,2459,,,1.0898845195770264,0.8195000886917114,0.7337512969970703,0.7822661995887756,0.3295626640319824,0.2486622929573059,0.20853179693222046,0.18638458847999573
2459,2459,0.006901993416249752,,,,,,,,,
2460,2460,,,0.8998838067054749,0.832086980342865,0.7701162695884705,0.7745667695999146,0.19294972717761993,0.226729616522789,0.19146378338336945,0.18638458847999573
2460,2460,0.00808382872492075,,,,,,,,,
2461,2461,,,1.065683126449585,0.8102749586105347,0.7460905313491821,0.7824650406837463,0.3042067289352417,0.24745039641857147,0.20672249794006348,0.18638458847999573
2461,2461,0.007880066521465778,,,,,,,,,
2462,2462,,,0.9335073828697205,0.8085492849349976,0.774655282497406,0.7755104303359985,0.21961453557014465,0.2301226705312729,0.1943223774433136,0.18638458847999573
2462,2462,0.0062276036478579044,,,,,,,,,
2463,2463,,,0.9827897548675537,0.8055028319358826,0.7723261713981628,0.7814201712608337,0.22986705601215363,0.24104705452919006,0.20027577877044678,0.18638458847999573
2463,2463,0.0036260366905480623,,,,,,,,,
2464,2464,,,1.0061311721801758,0.7978395223617554,0.7495445013046265,0.7770975232124329,0.2608126997947693,0.23593708872795105,0.19873471558094025,0.18638458847999573
2464,2464,0.001877916743978858,,,,,,,,,
2465,2465,,,0.9185224771499634,0.8235000967979431,0.7669956088066101,0.7792244553565979,0.18192046880722046,0.23560731112957,0.19422537088394165,0.18638458847999573
2465,2465,0.0018722225213423371,,,,,,,,,
2466,2466,,,1.0490893125534058,0.8023799061775208,0.7327626347541809,0.7792888283729553,0.2711629271507263,0.23922652006149292,0.2017841339111328,0.18638458847999573
2466,2466,0.002948535606265068,,,,,,,,,
2467,2467,,,0.9181101322174072,0.8155195713043213,0.7689767479896545,0.7764821648597717,0.1985780894756317,0.23448589444160461,0.1934898942708969,0.18638458847999573
2467,2467,0.003595486283302307,,,,,,,,,
2468,2468,,,1.0072051286697388,0.8014547824859619,0.7602362036705017,0.7829269170761108,0.234105184674263,0.23888008296489716,0.20116391777992249,0.18638458847999573
2468,2468,0.002984121674671769,,,,,,,,,
2469,2469,,,0.973396360874176,0.7948842644691467,0.7618300318717957,0.7746486067771912,0.237261101603508,0.23575493693351746,0.19621357321739197,0.18638458847999573
2469,2469,0.0018530436791479588,,,,,,,,,
2470,2470,,,0.9408164620399475,0.8195995092391968,0.771202564239502,0.7868539690971375,0.19743071496486664,0.2382820099592209,0.19856013357639313,0.18638458847999573
2470,2470,0.0014215116389095783,,,,,,,,,
2471,2471,,,1.0261684656143188,0.7954437136650085,0.7352953553199768,0.7747660875320435,0.2511115074157715,0.23577716946601868,0.1981087476015091,0.18638458847999573
2471,2471,0.001959362765774131,,,,,,,,,
2472,2472,,,0.9248477816581726,0.818882942199707,0.768545925617218,0.7855304479598999,0.20123302936553955,0.23863033950328827,0.19704973697662354,0.18638458847999573
2472,2472,0.002523980801925063,,,,,,,,,
2473,2473,,,1.008865237236023,0.7963220477104187,0.7544742822647095,0.7792177200317383,0.22464965283870697,0.23528870940208435,0.1990872621536255,0.18638458847999573
2473,2473,0.0022661350667476654,,,,,,,,,
2474,2474,,,0.9643757343292236,0.800071120262146,0.767599880695343,0.7771902084350586,0.23202519118785858,0.23783858120441437,0.19704733788967133,0.18638458847999573
2474,2474,0.0014842378441244364,,,,,,,,,
2475,2475,,,0.9565383791923523,0.8135609030723572,0.7739254832267761,0.786577582359314,0.19784241914749146,0.23710565268993378,0.19941535592079163,0.18638458847999573
2475,2475,0.0011269201058894396,,,,,,,,,
2476,2476,,,1.0067403316497803,0.7982975244522095,0.7482612729072571,0.7706090807914734,0.24281610548496246,0.23548008501529694,0.19643087685108185,0.18638458847999573
2476,2476,0.0014815630856901407,,,,,,,,,
2477,2477,,,0.9412323236465454,0.8164636492729187,0.7719783782958984,0.7879146933555603,0.205333411693573,0.23931200802326202,0.19910886883735657,0.18638458847999573
2477,2477,0.0018811214249581099,,,,,,,,,
2478,2478,,,0.9944789409637451,0.798096776008606,0.7610248327255249,0.7737432718276978,0.2184903621673584,0.2342277467250824,0.19686947762966156,0.18638458847999573
2478,2478,0.001729795360006392,,,,,,,,,
2479,2479,,,0.9693660140037537,0.8044333457946777,0.7688180804252625,0.7801262140274048,0.23329874873161316,0.2383352667093277,0.19849707186222076,0.18638458847999573
2479,2479,0.0012840445851907134,,,,,,,,,
2480,2480,,,0.9597272276878357,0.8069025874137878,0.7735863327980042,0.783230721950531,0.19863003492355347,0.2362726628780365,0.1983771175146103,0.18638458847999573
2480,2480,0.0011535651283338666,,,,,,,,,
2481,2481,,,0.992210328578949,0.8022896647453308,0.757635772228241,0.7730679512023926,0.239458367228508,0.23538339138031006,0.19688314199447632,0.18638458847999573
2481,2481,0.001398507272824645,,,,,,,,,
2482,2482,,,0.956783652305603,0.8064203858375549,0.772841215133667,0.7872722744941711,0.20614886283874512,0.23868566751480103,0.19966579973697662,0.18638458847999573
2482,2482,0.0015464710304513574,,,,,,,,,
2483,2483,,,0.9767327308654785,0.8015812635421753,0.7667528986930847,0.7752108573913574,0.21798036992549896,0.2343071848154068,0.19663581252098083,0.18638458847999573
2483,2483,0.0013449408579617739,,,,,,,,,
2484,2484,,,0.981077253818512,0.8001019358634949,0.766607940196991,0.7814508080482483,0.22584134340286255,0.23768021166324615,0.19915923476219177,0.18638458847999573
2484,2484,0.0010901980567723513,,,,,,,,,
2485,2485,,,0.9579903483390808,0.8068276047706604,0.7725156545639038,0.7824562788009644,0.20459750294685364,0.23623345792293549,0.1980494260787964,0.18638458847999573
2485,2485,0.0011056074872612953,,,,,,,,,
2486,2486,,,0.9885416626930237,0.8007120490074158,0.7612906694412231,0.7749629020690918,0.2282916009426117,0.2351502627134323,0.19718106091022491,0.18638458847999573
2486,2486,0.0012876219116151333,,,,,,,,,
2487,2487,,,0.9681411981582642,0.80489182472229,0.7716832160949707,0.7843637466430664,0.2114027887582779,0.2376730591058731,0.199410080909729,0.18638458847999573
2487,2487,0.0013302839361131191,,,,,,,,,
2488,2488,,,0.9676476716995239,0.803470253944397,0.7684722542762756,0.7757927179336548,0.2156224548816681,0.2346169501543045,0.19637949764728546,0.18638458847999573
2488,2488,0.0011836879421025515,,,,,,,,,
2489,2489,,,0.9911733865737915,0.7994311451911926,0.7637739777565002,0.7795052528381348,0.22036702930927277,0.2362513691186905,0.19878703355789185,0.18638458847999573
2489,2489,0.0010734641691669822,,,,,,,,,
2490,2490,,,0.9546955227851868,0.8077517151832581,0.7713220715522766,0.7805992960929871,0.21192888915538788,0.23621107637882233,0.19735465943813324,0.18638458847999573
2490,2490,0.0011208717478439212,,,,,,,,,
2491,2491,,,0.9900438785552979,0.7993648052215576,0.7631585001945496,0.7756940722465515,0.21772567927837372,0.23449476063251495,0.19733938574790955,0.18638458847999573
2491,2491,0.00119702925439924,,,,,,,,,
2492,2492,,,0.9689279198646545,0.805138885974884,0.7706918120384216,0.781735897064209,0.21798886358737946,0.2367943823337555,0.1986529678106308,0.18638458847999573
2492,2492,0.0011598935816437006,,,,,,,,,
2493,2493,,,0.9666929841041565,0.8030946254730225,0.7694954872131348,0.7770737409591675,0.2125082015991211,0.2347436249256134,0.19671247899532318,0.18638458847999573
2493,2493,0.0010632934281602502,,,,,,,,,
2494,2494,,,0.9900151491165161,0.8011800646781921,0.763602077960968,0.778681755065918,0.21973727643489838,0.2351303994655609,0.19837579131126404,0.18638458847999573
2494,2494,0.00104550551623106,,,,,,,,,
2495,2495,,,0.9548612236976624,0.8055624961853027,0.7700095176696777,0.779666543006897,0.21535520255565643,0.2360498607158661,0.19698114693164825,0.18638458847999573
2495,2495,0.0011121188290417194,,,,,,,,,
2496,2496,,,0.9888932704925537,0.801415741443634,0.7639928460121155,0.7769221663475037,0.21479138731956482,0.23375734686851501,0.19760215282440186,0.18638458847999573
2496,2496,0.001148447161540389,,,,,,,,,
2497,2497,,,0.9666039943695068,0.8026244640350342,0.7686099410057068,0.7787846922874451,0.2206113040447235,0.23591852188110352,0.19738169014453888,0.18638458847999573
2497,2497,0.0011005294509232044,,,,,,,,,
2498,2498,,,0.9710754752159119,0.8048189878463745,0.7697502970695496,0.7785539627075195,0.212635338306427,0.2343151867389679,0.19744375348091125,0.18638458847999573
2498,2498,0.0010385435307398438,,,,,,,,,
2499,2499,,0.0010367761133238673,,,,,,,,
2499,2499,,,0.9830507636070251,0.8006090521812439,0.7649129033088684,0.7762946486473083,0.21934133768081665,0.23446489870548248,0.19723738729953766,0.18638458847999573
2499,2499,0.0010367761133238673,,,,,,,,,
2500,2500,,,0.9624154567718506,0.8057646155357361,0.7702021598815918,0.7797324657440186,0.21707968413829803,0.23534761369228363,0.1974630355834961,0.18638458847999573
2500,2500,0.0010716725373640656,,,,,,,,,
2501,2501,,,0.9831283688545227,0.8016746640205383,0.7663223147392273,0.7764840722084045,0.21354731917381287,0.23388443887233734,0.1972702592611313,0.18638458847999573
2501,2501,0.001076452317647636,,,,,,,,,
2502,2502,,,0.9699620604515076,0.8032281994819641,0.767919659614563,0.7777023911476135,0.22161872684955597,0.23488949239253998,0.19716210663318634,0.18638458847999573
2502,2502,0.0010432580020278692,,,,,,,,,
2503,2503,,,0.9723657369613647,0.8036805987358093,0.7696434855461121,0.7788404822349548,0.21182554960250854,0.23472502827644348,0.1976020634174347,0.18638458847999573
2503,2503,0.0010207454906776547,,,,,,,,,
2504,2504,,,0.9790263772010803,0.8021200895309448,0.7657391428947449,0.7753908038139343,0.22066248953342438,0.23374612629413605,0.19676293432712555,0.18638458847999573
2504,2504,0.0010342380264773965,,,,,,,,,
2505,2505,,,0.9685767292976379,0.8031503558158875,0.7695804238319397,0.7791721224784851,0.21538490056991577,0.23523364961147308,0.19754569232463837,0.18638458847999573
2505,2505,0.001054037013091147,,,,,,,,,
2506,2506,,,0.9768324494361877,0.803172767162323,0.7675914168357849,0.7762535214424133,0.2165786176919937,0.2336946725845337,0.19695688784122467,0.18638458847999573
2506,2506,0.0010466182138770819,,,,,,,,,
2507,2507,,,0.9746556878089905,0.8014577627182007,0.7671411037445068,0.7763184309005737,0.21865250170230865,0.2342616617679596,0.19684946537017822,0.18638458847999573
2507,2507,0.001022044220007956,,,,,,,,,
2508,2508,,,0.9697867631912231,0.8046268820762634,0.7695048451423645,0.7788816690444946,0.21500538289546967,0.2346096783876419,0.19750137627124786,0.18638458847999573
2508,2508,0.0010118152713403106,,,,,,,,,
2509,2509,,,0.9789940714836121,0.8012812733650208,0.7655423283576965,0.7739514112472534,0.21826088428497314,0.2331562042236328,0.19620929658412933,0.18638458847999573
2509,2509,0.001022233860567212,,,,,,,,,
2510,2510,,,0.969719409942627,0.8040127158164978,0.7690914273262024,0.7792702317237854,0.21688683331012726,0.23476287722587585,0.19760964810848236,0.18638458847999573
2510,2510,0.0010304782772436738,,,,,,,,,
2511,2511,,,0.9748376607894897,0.8021205067634583,0.7670912146568298,0.7749942541122437,0.21611227095127106,0.23335543274879456,0.19635695219039917,0.18638458847999573
2511,2511,0.0010211770422756672,,,,,,,,,
2512,2512,,,0.9760262966156006,0.8024174571037292,0.7669474482536316,0.7768681645393372,0.21864086389541626,0.23361440002918243,0.19703862071037292,0.18638458847999573
2512,2512,0.0010060662170872092,,,,,,,,,
2513,2513,,,0.9692960977554321,0.8031394481658936,0.7685748338699341,0.7775638699531555,0.21562594175338745,0.23436301946640015,0.1969665288925171,0.18638458847999573
2513,2513,0.0010032549034804106,,,,,,,,,
2514,2514,,,0.9790545701980591,0.8020589351654053,0.7655842900276184,0.774968147277832,0.2181306779384613,0.23259344696998596,0.19646570086479187,0.18638458847999573
2514,2514,0.001011878252029419,,,,,,,,,
2515,2515,,,0.9703698754310608,0.8031204342842102,0.7684420943260193,0.7780476212501526,0.21662645041942596,0.23459455370903015,0.1972062885761261,0.18638458847999573
2515,2515,0.0010167621076107025,,,,,,,,,
2516,2516,,,0.9752416610717773,0.8030050992965698,0.7667637467384338,0.7755353450775146,0.21724256873130798,0.23270151019096375,0.1964871734380722,0.18638458847999573
2516,2516,0.0010109433205798268,,,,,,,,,
2517,2517,,,0.9757920503616333,0.8021393418312073,0.7670524716377258,0.7761762142181396,0.21669384837150574,0.23375138640403748,0.19680649042129517,0.18638458847999573
2517,2517,0.001003079116344452,,,,,,,,,
2518,2518,,,0.9711177945137024,0.8043388724327087,0.7680603265762329,0.7770401835441589,0.21772898733615875,0.23333781957626343,0.1968560814857483,0.18638458847999573
2518,2518,0.0010027879616245627,,,,,,,,,
2519,2519,,,0.9778419137001038,0.8013200759887695,0.766092836856842,0.7746102809906006,0.21564894914627075,0.23303301632404327,0.19630616903305054,0.18638458847999573
2519,2519,0.0010080618085339665,,,,,,,,,
2520,2520,,,0.9723945260047913,0.8049460649490356,0.7679519057273865,0.7773257493972778,0.21851040422916412,0.2333887368440628,0.19704777002334595,0.18638458847999573
2520,2520,0.0010104720713570714,,,,,,,,,
2521,2521,,,0.9744747281074524,0.8011823892593384,0.7666216492652893,0.774809718132019,0.21501334011554718,0.23314806818962097,0.19617976248264313,0.18638458847999573
2521,2521,0.0010078884661197662,,,,,,,,,
2522,2522,,,0.9767839312553406,0.8050897717475891,0.7668004035949707,0.7765481472015381,0.21863754093647003,0.23280899226665497,0.19697041809558868,0.18638458847999573
2522,2522,0.0010066814720630646,,,,,,,,,
2523,2523,,,0.9709594249725342,0.8011153936386108,0.7671108841896057,0.7755081653594971,0.21488969027996063,0.23357272148132324,0.19622711837291718,0.18638458847999573
2523,2523,0.0010126357665285468,,,,,,,,,
2524,2524,,,0.9784391522407532,0.8058769702911377,0.7662070393562317,0.7764029502868652,0.21896131336688995,0.23240642249584198,0.19697661697864532,0.18638458847999573
2524,2524,0.001024422817863524,,,,,,,,,
2525,2525,,,0.9716983437538147,0.8000165224075317,0.7666104435920715,0.7750332355499268,0.21400339901447296,0.2335732877254486,0.19605804979801178,0.18638458847999573
2525,2525,0.0010382322361692786,,,,,,,,,
2526,2526,,,0.9759367108345032,0.8077453970909119,0.7669398784637451,0.777509868144989,0.22040821611881256,0.23249393701553345,0.19726797938346863,0.18638458847999573
2526,2526,0.0010545875411480665,,,,,,,,,
2527,2527,,,0.9751931428909302,0.7980643510818481,0.7654679417610168,0.7736148238182068,0.2119118720293045,0.2333478182554245,0.1956857144832611,0.18638458847999573
2527,2527,0.0010809014784172177,,,,,,,,,
2528,2528,,,0.9732181429862976,0.8104046583175659,0.7676677703857422,0.7788775563240051,0.2227678894996643,0.23257268965244293,0.1976567804813385,0.18638458847999573
2528,2528,0.0011243053013458848,,,,,,,,,
2529,2529,,,0.977085530757904,0.796057403087616,0.764717161655426,0.7725371718406677,0.20920221507549286,0.23365895450115204,0.195381298661232,0.18638458847999573
2529,2529,0.0011924492428079247,,,,,,,,,
2530,2530,,,0.9738501310348511,0.8137065768241882,0.7671855092048645,0.7797486782073975,0.22563256323337555,0.23217928409576416,0.19800825417041779,0.18638458847999573
2530,2530,0.0012913841055706143,,,,,,,,,
2531,2531,,,0.9759578704833984,0.7939232587814331,0.7645139098167419,0.7720423936843872,0.2057964950799942,0.2348480522632599,0.19516468048095703,0.18638458847999573
2531,2531,0.001441131578758359,,,,,,,,,
2532,2532,,,0.9773104786872864,0.8185012936592102,0.7648027539253235,0.7809302806854248,0.2297348976135254,0.23165050148963928,0.1985393464565277,0.18638458847999573
2532,2532,0.0016600904054939747,,,,,,,,,
2533,2533,,,0.9746336936950684,0.7911075949668884,0.7638369202613831,0.7710849642753601,0.20067621767520905,0.2367502748966217,0.19480016827583313,0.18638458847999573
2533,2533,0.001995786326006055,,,,,,,,,
2534,2534,,,0.9808763265609741,0.8257580995559692,0.7611093521118164,0.78396075963974,0.2360127717256546,0.23181334137916565,0.19969375431537628,0.18638458847999573
2534,2534,0.0024590047542005777,,,,,,,,,
2535,2535,,,0.9763089418411255,0.7879182696342468,0.7625255584716797,0.7688628435134888,0.19360476732254028,0.23924529552459717,0.19425377249717712,0.18638458847999573
2535,2535,0.0031268082093447447,,,,,,,,,
2536,2536,,,0.9830242395401001,0.834052324295044,0.757934033870697,0.7892049551010132,0.24382589757442474,0.2331477552652359,0.20162662863731384,0.18638458847999573
2536,2536,0.0039178007282316685,,,,,,,,,
2537,2537,,,0.9807072877883911,0.7860735654830933,0.761868417263031,0.7660530805587769,0.18658629059791565,0.2419154942035675,0.19383352994918823,0.18638458847999573
2537,2537,0.004883124493062496,,,,,,,,,
2538,2538,,,0.9824435114860535,0.8360943794250488,0.7573683261871338,0.7941648364067078,0.2499150186777115,0.23481841385364532,0.20334313809871674,0.18638458847999573
2538,2538,0.005610144697129726,,,,,,,,,
2539,2539,,,0.983711302280426,0.7877775430679321,0.7633743286132812,0.7646207809448242,0.18457205593585968,0.24242141842842102,0.1938105970621109,0.18638458847999573
2539,2539,0.006013263016939163,,,,,,,,,
2540,2540,,,0.9764773845672607,0.8229305744171143,0.7621190547943115,0.7934918403625488,0.24766220152378082,0.23450297117233276,0.2026825249195099,0.18638458847999573
2540,2540,0.005463300738483667,,,,,,,,,
2541,2541,,,0.9833160042762756,0.7966837286949158,0.7667268514633179,0.7676061391830444,0.19359639286994934,0.23893843591213226,0.19487012922763824,0.18638458847999573
2541,2541,0.004239416681230068,,,,,,,,,
2542,2542,,,0.9694671630859375,0.8020696640014648,0.7644734382629395,0.7847709059715271,0.23115365207195282,0.23232290148735046,0.1987760215997696,0.18638458847999573
2542,2542,0.0026422699447721243,,,,,,,,,
2543,2543,,,0.9841048121452332,0.8135250210762024,0.7657531499862671,0.7770983576774597,0.21373431384563446,0.2360132783651352,0.19800300896167755,0.18638458847999573
2543,2543,0.0015098965959623456,,,,,,,,,
2544,2544,,,0.9691640734672546,0.7901188135147095,0.7600592970848083,0.7740853428840637,0.2061653584241867,0.23192283511161804,0.19456706941127777,0.18638458847999573
2544,2544,0.0012714378535747528,,,,,,,,,
2545,2545,,,0.9854791164398193,0.8255608081817627,0.7592613101005554,0.787621796131134,0.23398436605930328,0.23656140267848969,0.20137405395507812,0.18638458847999573
2545,2545,0.0017864485271275043,,,,,,,,,
2546,2546,,,0.9719803333282471,0.7892707586288452,0.7605133652687073,0.7696253657341003,0.19114965200424194,0.23355883359909058,0.19342732429504395,0.18638458847999573
2546,2546,0.002469204366207123,,,,,,,,,
2547,2547,,,0.981089174747467,0.8193622827529907,0.7613194584846497,0.7895610332489014,0.23760101199150085,0.23563256859779358,0.2016085386276245,0.18638458847999573
2547,2547,0.0026942547410726547,,,,,,,,,
2548,2548,,,0.9738567471504211,0.7975564002990723,0.7653800845146179,0.7738034129142761,0.19850927591323853,0.23513463139533997,0.19559980928897858,0.18638458847999573
2548,2548,0.002312266733497381,,,,,,,,,
2549,2549,,0.0016034959116950631,,,,,,,,
2549,2549,,,0.973666250705719,0.8023315668106079,0.7643586993217468,0.782119631767273,0.2215866595506668,0.23218746483325958,0.19809575378894806,0.18638458847999573
2549,2549,0.0016034959116950631,,,,,,,,,
2550,2550,,,0.978057861328125,0.8131592273712158,0.7676294445991516,0.7822399139404297,0.2188655138015747,0.23696622252464294,0.1994045227766037,0.18638458847999573
2550,2550,0.001131701865233481,,,,,,,,,
2551,2551,,,0.9707803130149841,0.7922267317771912,0.7613494992256165,0.7742452621459961,0.2029532641172409,0.23067528009414673,0.19468754529953003,0.18638458847999573
2551,2551,0.0011680221650749445,,,,,,,,,
2552,2552,,,0.9824140071868896,0.8224951028823853,0.7627573013305664,0.7870080471038818,0.23018211126327515,0.2375716269016266,0.20121319591999054,0.18638458847999573
2552,2552,0.0015359915560111403,,,,,,,,,
2553,2553,,,0.9710370302200317,0.7930665016174316,0.7622542381286621,0.773344874382019,0.19778740406036377,0.23176971077919006,0.19456824660301208,0.18638458847999573
2553,2553,0.00181931396946311,,,,,,,,,
2554,2554,,,0.9809796810150146,0.8150827884674072,0.7639858722686768,0.7840412855148315,0.22355909645557404,0.23504717648029327,0.1997697353363037,0.18638458847999573
2554,2554,0.0017357702599838376,,,,,,,,,
2555,2555,,,0.9719952940940857,0.8024729490280151,0.7662888765335083,0.7789202928543091,0.20831649005413055,0.2340690940618515,0.19718527793884277,0.18638458847999573
2555,2555,0.0013788812793791294,,,,,,,,,
2556,2556,,,0.9767634272575378,0.8012194037437439,0.7646603584289551,0.7776103019714355,0.20987315475940704,0.23211988806724548,0.19678807258605957,0.18638458847999573
2556,2556,0.0010602460242807865,,,,,,,,,
2557,2557,,,0.974222719669342,0.8144232630729675,0.7678196430206299,0.7846798300743103,0.22243070602416992,0.23624767363071442,0.1998913735151291,0.18638458847999573
2557,2557,0.0010210731998085976,,,,,,,,,
2558,2558,,,0.9747527241706848,0.7942588925361633,0.7628098726272583,0.774367094039917,0.20211201906204224,0.23116832971572876,0.1951824128627777,0.18638458847999573
2558,2558,0.001216799020767212,,,,,,,,,
2559,2559,,,0.9750587940216064,0.8171568512916565,0.7668930888175964,0.7851592898368835,0.22539077699184418,0.23613403737545013,0.20012693107128143,0.18638458847999573
2559,2559,0.001405357732437551,,,,,,,,,
2560,2560,,,0.9745473265647888,0.796413004398346,0.7636750936508179,0.7763607501983643,0.2039305567741394,0.23170965909957886,0.19594521820545197,0.18638458847999573
2560,2560,0.0013979518553242087,,,,,,,,,
2561,2561,,,0.9736058115959167,0.8086903691291809,0.766456663608551,0.78071528673172,0.2165711671113968,0.23400792479515076,0.19811446964740753,0.18638458847999573
2561,2561,0.0012054546969011426,,,,,,,,,
2562,2562,,,0.9751824140548706,0.8050593137741089,0.7658169865608215,0.7807666659355164,0.212776318192482,0.23322828114032745,0.19794267416000366,0.18638458847999573
2562,2562,0.001009144471026957,,,,,,,,,
2563,2563,,,0.9732447862625122,0.7994385957717896,0.7643826007843018,0.7759596705436707,0.20681630074977875,0.23216260969638824,0.19597116112709045,0.18638458847999573
2563,2563,0.0009598896722309291,,,,,,,,,
2564,2564,,,0.9750025272369385,0.8124470114707947,0.7665906548500061,0.7830689549446106,0.2207215130329132,0.23453889787197113,0.1991209089756012,0.18638458847999573
2564,2564,0.0010550791630521417,,,,,,,,,
2565,2565,,,0.9750419855117798,0.7966867685317993,0.7636804580688477,0.7746708393096924,0.2036270648241043,0.2313814014196396,0.19546309113502502,0.18638458847999573
2565,2565,0.0011691676918417215,,,,,,,,,
2566,2566,,,0.9726771712303162,0.8112671971321106,0.7670931816101074,0.7813192009925842,0.22039414942264557,0.2343451976776123,0.19844548404216766,0.18638458847999573
2566,2566,0.001185743254609406,,,,,,,,,
2567,2567,,,0.9774925112724304,0.800456702709198,0.7647098898887634,0.7769914865493774,0.2075982391834259,0.23161326348781586,0.19655217230319977,0.18638458847999573
2567,2567,0.0011013911571353674,,,,,,,,,
2568,2568,,,0.9705860614776611,0.8046510219573975,0.7662797570228577,0.7775853276252747,0.2130735218524933,0.23313872516155243,0.19674862921237946,0.18638458847999573
2568,2568,0.0010003828210756183,,,,,,,,,
2569,2569,,,0.9788094162940979,0.8067113757133484,0.7652301788330078,0.7799898386001587,0.2147701382637024,0.2326022833585739,0.1979246288537979,0.18638458847999573
2569,2569,0.0009666578262113035,,,,,,,,,
2570,2570,,,0.9710491895675659,0.8000018000602722,0.7650356888771057,0.7751519680023193,0.20669859647750854,0.23200739920139313,0.19564273953437805,0.18638458847999573
2570,2570,0.001006738399155438,,,,,,,,,
2571,2571,,,0.9775477051734924,0.8093711733818054,0.7655001282691956,0.7805070877075195,0.2184462696313858,0.23320208489894867,0.19820639491081238,0.18638458847999573
2571,2571,0.0010604970157146454,,,,,,,,,
2572,2572,,,0.9731960892677307,0.800044596195221,0.7649756669998169,0.7756754159927368,0.2066555619239807,0.23148678243160248,0.19587449729442596,0.18638458847999573
2572,2572,0.0010686427121981978,,,,,,,,,
2573,2573,,,0.9747909307479858,0.8067193031311035,0.7658666372299194,0.7781680822372437,0.21557576954364777,0.23279765248298645,0.1972203552722931,0.18638458847999573
2573,2573,0.0010237640235573053,,,,,,,,,
2574,2574,,,0.9751925468444824,0.8034523129463196,0.7653329968452454,0.7781890630722046,0.21182331442832947,0.23174911737442017,0.19695399701595306,0.18638458847999573
2574,2574,0.0009683051612228155,,,,,,,,,
2575,2575,,,0.9733108878135681,0.8027986884117126,0.7653814554214478,0.7754518985748291,0.20969299972057343,0.23205073177814484,0.19602927565574646,0.18638458847999573
2575,2575,0.0009463340975344181,,,,,,,,,
2576,2576,,,0.9756717085838318,0.8067173361778259,0.7653985619544983,0.7799431681632996,0.21691513061523438,0.2321951985359192,0.19771242141723633,0.18638458847999573
2576,2576,0.0009654402965679765,,,,,,,,,
2577,2577,,,0.9738919138908386,0.8013421893119812,0.765096127986908,0.7748014330863953,0.20656661689281464,0.23165878653526306,0.19572941958904266,0.18638458847999573
2577,2577,0.000997072784230113,,,,,,,,,
2578,2578,,,0.9744816422462463,0.8068106174468994,0.7654789686203003,0.7791674733161926,0.21722595393657684,0.23200269043445587,0.1974053829908371,0.18638458847999573
2578,2578,0.0010076501639559865,,,,,,,,,
2579,2579,,,0.9751999974250793,0.8028042912483215,0.7654101252555847,0.7763714790344238,0.20860551297664642,0.23177140951156616,0.1963711678981781,0.18638458847999573
2579,2579,0.0009884699247777462,,,,,,,,,
2580,2580,,,0.9732168316841125,0.8043109178543091,0.7652863264083862,0.776764452457428,0.2130827158689499,0.23136144876480103,0.19641610980033875,0.18638458847999573
2580,2580,0.0009571426780894399,,,,,,,,,
2581,2581,,,0.9757755398750305,0.8055002689361572,0.765690803527832,0.7783448696136475,0.21306084096431732,0.2320602983236313,0.1971706598997116,0.18638458847999573
2581,2581,0.000938375131227076,,,,,,,,,
2582,2582,,,0.9734653234481812,0.8021559119224548,0.7649364471435547,0.7749573588371277,0.20880666375160217,0.23099428415298462,0.19572308659553528,0.18638458847999573
2582,2582,0.0009416151442565024,,,,,,,,,
2583,2583,,,0.9749153852462769,0.806928813457489,0.7657247185707092,0.7788117527961731,0.21547503769397736,0.23193110525608063,0.1973157525062561,0.18638458847999573
2583,2583,0.0009567448869347572,,,,,,,,,
2584,2584,,,0.9750839471817017,0.8022143840789795,0.7649857997894287,0.7749857306480408,0.2076605260372162,0.23113901913166046,0.19583849608898163,0.18638458847999573
2584,2584,0.0009665528195910156,,,,,,,,,
2585,2585,,,0.9731388092041016,0.8058585524559021,0.7654855847358704,0.777495265007019,0.21430827677249908,0.23126320540905,0.19668634235858917,0.18638458847999573
2585,2585,0.0009620271739549935,,,,,,,,,
2586,2586,,,0.9767677783966064,0.8041035532951355,0.7652426362037659,0.7762453556060791,0.20943006873130798,0.23153075575828552,0.1964477151632309,0.18638458847999573
2586,2586,0.0009480649023316801,,,,,,,,,
2587,2587,,,0.9718575477600098,0.8035300970077515,0.7648801207542419,0.7757403254508972,0.21145667135715485,0.2305700182914734,0.1958734542131424,0.18638458847999573
2587,2587,0.0009361538686789572,,,,,,,,,
2588,2588,,,0.9773759841918945,0.8061115145683289,0.7653263211250305,0.7772225141525269,0.21165847778320312,0.23174358904361725,0.19688548147678375,0.18638458847999573
2588,2588,0.0009339565294794738,,,,,,,,,
2589,2589,,,0.9719445705413818,0.8020322918891907,0.7644370198249817,0.774944007396698,0.20949900150299072,0.2302907258272171,0.19551736116409302,0.18638458847999573
2589,2589,0.000939855701290071,,,,,,,,,
2590,2590,,,0.9767088890075684,0.8067041039466858,0.765286922454834,0.7769650816917419,0.21225091814994812,0.23153181374073029,0.19676829874515533,0.18638458847999573
2590,2590,0.0009462640155106783,,,,,,,,,
2591,2591,,,0.9729651212692261,0.8023412823677063,0.7645597457885742,0.7753751873970032,0.2094007432460785,0.23042143881320953,0.19573648273944855,0.18638458847999573
2591,2591,0.0009467452182434499,,,,,,,,,
2592,2592,,,0.9756098985671997,0.8056659698486328,0.7650983929634094,0.7756929397583008,0.2111136019229889,0.23103758692741394,0.19622032344341278,0.18638458847999573
2592,2592,0.0009408727055415511,,,,,,,,,
2593,2593,,,0.9737929105758667,0.8039287328720093,0.7649717926979065,0.776290774345398,0.21053215861320496,0.23070701956748962,0.19617342948913574,0.18638458847999573
2593,2593,0.0009332739864476025,,,,,,,,,
2594,2594,,,0.9752716422080994,0.8040331602096558,0.7646902799606323,0.7743545174598694,0.20938852429389954,0.23058250546455383,0.1956663429737091,0.18638458847999573
2594,2594,0.0009292021277360618,,,,,,,,,
2595,2595,,,0.9735410809516907,0.8054576516151428,0.765292763710022,0.7767658233642578,0.21184656023979187,0.23088066279888153,0.1963970959186554,0.18638458847999573
2595,2595,0.000930461916141212,,,,,,,,,
2596,2596,,,0.9762545228004456,0.803061306476593,0.7643093466758728,0.7737399935722351,0.20806121826171875,0.2303469479084015,0.19545497000217438,0.18638458847999573
2596,2596,0.0009349323227070272,,,,,,,,,
2597,2597,,,0.9721020460128784,0.8058976531028748,0.7653568387031555,0.7764386534690857,0.212533637881279,0.2308175414800644,0.1962306797504425,0.18638458847999573
2597,2597,0.0009390113409608603,,,,,,,,,
2598,2598,,,0.9781957864761353,0.8032872676849365,0.7640864253044128,0.7739077210426331,0.20758461952209473,0.23032313585281372,0.1956089735031128,0.18638458847999573
2598,2598,0.0009407649631612003,,,,,,,,,
2599,2599,,0.0009410750935785472,,,,,,,,
2599,2599,,,0.9700912237167358,0.8052340745925903,0.7650730609893799,0.7756220102310181,0.21232637763023376,0.23056663572788239,0.1957974135875702,0.18638458847999573
2599,2599,0.0009410750935785472,,,,,,,,,
2600,2600,,,0.9803363084793091,0.8043138980865479,0.7637973427772522,0.7742971181869507,0.2078021615743637,0.23041342198848724,0.19587865471839905,0.18638458847999573
2600,2600,0.0009428089833818376,,,,,,,,,
2601,2601,,,0.9682132601737976,0.8042150139808655,0.764560878276825,0.7749220728874207,0.21169179677963257,0.23026248812675476,0.19536738097667694,0.18638458847999573
2601,2601,0.0009485567570663989,,,,,,,,,
2602,2602,,,0.9822587966918945,0.8052733540534973,0.7632085680961609,0.7742378115653992,0.20802512764930725,0.23050132393836975,0.19598163664340973,0.18638458847999573
2602,2602,0.0009598403703421354,,,,,,,,,
2603,2603,,,0.9665592908859253,0.8036168813705444,0.7640995383262634,0.7748502492904663,0.2114688754081726,0.2300395518541336,0.195161834359169,0.18638458847999573
2603,2603,0.0009766581933945417,,,,,,,,,
2604,2604,,,0.9843170642852783,0.8055873513221741,0.7622290253639221,0.7733970880508423,0.20749075710773468,0.23053064942359924,0.19580602645874023,0.18638458847999573
2604,2604,0.0010002914350479841,,,,,,,,,
2605,2605,,,0.9644148945808411,0.8037105798721313,0.763716459274292,0.7755680084228516,0.21236731112003326,0.2299843430519104,0.19521041214466095,0.18638458847999573
2605,2605,0.0010325193870812654,,,,,,,,,
2606,2606,,,0.9875820279121399,0.8053427934646606,0.7605543732643127,0.7719144225120544,0.20577719807624817,0.2305765450000763,0.19544370472431183,0.18638458847999573
2606,2606,0.0010804353514686227,,,,,,,,,
2607,2607,,,0.9606322646141052,0.8041903972625732,0.7629876732826233,0.7768528461456299,0.2146909385919571,0.2300974279642105,0.1953413486480713,0.18638458847999573
2607,2607,0.0011504043359309435,,,,,,,,,
2608,2608,,,0.9934748411178589,0.8050068020820618,0.7573493719100952,0.7701652646064758,0.2029861956834793,0.23083168268203735,0.19506952166557312,0.18638458847999573
2608,2608,0.001258782809600234,,,,,,,,,
2609,2609,,,0.9542096853256226,0.8045199513435364,0.7610472440719604,0.7783744931221008,0.2183411419391632,0.23033365607261658,0.19531267881393433,0.18638458847999573
2609,2609,0.0014157594414427876,,,,,,,,,
2610,2610,,,1.0034089088439941,0.8049988150596619,0.7514761686325073,0.7684044241905212,0.19951418042182922,0.2315315157175064,0.19481344521045685,0.18638458847999573
2610,2610,0.0016558467177674174,,,,,,,,,
2611,2611,,,0.9448050856590271,0.8043688535690308,0.7567352652549744,0.7800006866455078,0.22327958047389984,0.23075301945209503,0.19497981667518616,0.18638458847999573
2611,2611,0.001989547163248062,,,,,,,,,
2612,2612,,,1.0182868242263794,0.8054625391960144,0.7426177263259888,0.7666063904762268,0.19564026594161987,0.2328597903251648,0.1947476863861084,0.18638458847999573
2612,2612,0.002488755853846669,,,,,,,,,
2613,2613,,,0.9333809018135071,0.8038558959960938,0.7496289014816284,0.7816893458366394,0.22977319359779358,0.23159880936145782,0.19440336525440216,0.18638458847999573
2613,2613,0.003123801900073886,,,,,,,,,
2614,2614,,,1.036478042602539,0.8060537576675415,0.7325077056884766,0.7646450996398926,0.191639706492424,0.23463600873947144,0.19484971463680267,0.18638458847999573
2614,2614,0.0040075513534247875,,,,,,,,,
2615,2615,,,0.9231610298156738,0.8036345839500427,0.7422571182250977,0.7826305627822876,0.23729240894317627,0.23286819458007812,0.1937561184167862,0.18638458847999573
2615,2615,0.0048907725140452385,,,,,,,,,
2616,2616,,,1.048701286315918,0.8058024048805237,0.7263992428779602,0.7628253698348999,0.18817977607250214,0.23542912304401398,0.19477635622024536,0.18638458847999573
2616,2616,0.005850028712302446,,,,,,,,,
2617,2617,,,0.920225203037262,0.8047823905944824,0.7412475347518921,0.7803434729576111,0.2416442334651947,0.23338142037391663,0.19300758838653564,0.18638458847999573
2617,2617,0.0061489613726735115,,,,,,,,,
2618,2618,,,1.0375401973724365,0.8037804365158081,0.73251873254776,0.7626400589942932,0.18667618930339813,0.23289380967617035,0.19404368102550507,0.18638458847999573
2618,2618,0.005895765032619238,,,,,,,,,
2619,2619,,,0.9340092539787292,0.8076053857803345,0.7532700300216675,0.7734174728393555,0.2345886379480362,0.2322869598865509,0.19260305166244507,0.18638458847999573
2619,2619,0.004532354883849621,,,,,,,,,
2620,2620,,,0.9996782541275024,0.8008607029914856,0.7549338936805725,0.7666200995445251,0.1917373090982437,0.22891224920749664,0.19381725788116455,0.18638458847999573
2620,2620,0.0028640353120863438,,,,,,,,,
2621,2621,,,0.9690911173820496,0.8098001480102539,0.7654510140419006,0.7659904360771179,0.21410076320171356,0.23196406662464142,0.19331888854503632,0.18638458847999573
2621,2621,0.0014783445512875915,,,,,,,,,
2622,2622,,,0.9597951173782349,0.7997254133224487,0.7614392042160034,0.7736815810203552,0.2083665281534195,0.22872553765773773,0.19390031695365906,0.18638458847999573
2622,2622,0.0010322245070710778,,,,,,,,,
2623,2623,,,1.0052294731140137,0.8086063265800476,0.7498144507408142,0.7626264095306396,0.19203254580497742,0.2327086329460144,0.1932813823223114,0.18638458847999573
2623,2623,0.0014769136905670166,,,,,,,,,
2624,2624,,,0.9389379024505615,0.8024035692214966,0.7539042234420776,0.7764493823051453,0.22714698314666748,0.23065845668315887,0.19338573515415192,0.18638458847999573
2624,2624,0.002224166877567768,,,,,,,,,
2625,2625,,,1.013962984085083,0.8048245310783386,0.7467255592346191,0.7640049457550049,0.18169501423835754,0.23138903081417084,0.1936424970626831,0.18638458847999573
2625,2625,0.002659991616383195,,,,,,,,,
2626,2626,,,0.9426189661026001,0.8079199194908142,0.7579945921897888,0.7705576419830322,0.23068776726722717,0.23075054585933685,0.19246433675289154,0.18638458847999573
2626,2626,0.002405756153166294,,,,,,,,,
2627,2627,,,0.9930003881454468,0.8013772964477539,0.7606234550476074,0.7695153951644897,0.18739379942417145,0.22916002571582794,0.19459088146686554,0.18638458847999573
2627,2627,0.0017757255118340254,,,,,,,,,
2628,2628,,,0.9666028022766113,0.8114578127861023,0.7644549608230591,0.762360692024231,0.21472281217575073,0.23068468272686005,0.19197998940944672,0.18638458847999573
2628,2628,0.0012272208696231246,,,,,,,,,
2629,2629,,,0.9661663174629211,0.800399899482727,0.7632498741149902,0.7750615477561951,0.20524655282497406,0.22939802706241608,0.1948792040348053,0.18638458847999573
2629,2629,0.0011171761434525251,,,,,,,,,
2630,2630,,,0.9897534251213074,0.809645414352417,0.7581079006195068,0.7599315047264099,0.19403919577598572,0.23126885294914246,0.1920168548822403,0.18638458847999573
2630,2630,0.0013616294600069523,,,,,,,,,
2631,2631,,,0.9532504677772522,0.8031070828437805,0.7602092027664185,0.7741712331771851,0.22130028903484344,0.23008087277412415,0.1939745992422104,0.18638458847999573
2631,2631,0.0016066941898316145,,,,,,,,,
2632,2632,,,0.9934543371200562,0.8051536679267883,0.759585440158844,0.7644855380058289,0.18555857241153717,0.2305232733488083,0.19333182275295258,0.18638458847999573
2632,2632,0.0016021173214539886,,,,,,,,,
2633,2633,,,0.9589031934738159,0.8081457018852234,0.7625805139541626,0.7668805122375488,0.22213071584701538,0.22949154675006866,0.19253234565258026,0.18638458847999573
2633,2633,0.0013541369698941708,,,,,,,,,
2634,2634,,,0.9824421405792236,0.8021565079689026,0.7652301788330078,0.7723590135574341,0.19236543774604797,0.22978582978248596,0.19520673155784607,0.18638458847999573
2634,2634,0.0011165267787873745,,,,,,,,,
2635,2635,,,0.9736207127571106,0.8105453848838806,0.7628780603408813,0.7606663107872009,0.2092793732881546,0.22939954698085785,0.19159407913684845,0.18638458847999573
2635,2635,0.0010677712270990014,,,,,,,,,
2636,2636,,,0.9716379046440125,0.8019788861274719,0.7643701434135437,0.7767404317855835,0.2061704695224762,0.23006422817707062,0.19592571258544922,0.18638458847999573
2636,2636,0.0011798245832324028,,,,,,,,,
2637,2637,,,0.9814911484718323,0.8082809448242188,0.7619473338127136,0.7608955502510071,0.1956273913383484,0.22958703339099884,0.19184470176696777,0.18638458847999573
2637,2637,0.001279457239434123,,,,,,,,,
2638,2638,,,0.9687913060188293,0.804652750492096,0.7631366848945618,0.77323979139328,0.21503841876983643,0.22952483594417572,0.19480931758880615,0.18638458847999573
2638,2638,0.0012384826550260186,,,,,,,,,
2639,2639,,,0.9791738986968994,0.8045069575309753,0.7645226716995239,0.7666204571723938,0.1915440410375595,0.22934816777706146,0.19331295788288116,0.18638458847999573
2639,2639,0.001096293330192566,,,,,,,,,
2640,2640,,,0.9724055528640747,0.8079901933670044,0.7623929977416992,0.7656232714653015,0.2131495326757431,0.22852925956249237,0.1927812695503235,0.18638458847999573
2640,2640,0.0009808724280446768,,,,,,,,,
2641,2641,,,0.9751645922660828,0.8024264574050903,0.7652217149734497,0.7730063796043396,0.1970934271812439,0.22960372269153595,0.1949729174375534,0.18638458847999573
2641,2641,0.0009796367958188057,,,,,,,,,
2642,2642,,,0.9746083617210388,0.8083963394165039,0.7624422311782837,0.7609869837760925,0.2049497812986374,0.2283397912979126,0.1914791464805603,0.18638458847999573
2642,2642,0.0010576198110356927,,,,,,,,,
2643,2643,,,0.9754191040992737,0.8031028509140015,0.7648130655288696,0.7748633027076721,0.2052696943283081,0.2298980951309204,0.195667564868927,0.18638458847999573
2643,2643,0.0011136791436001658,,,,,,,,,
2644,2644,,,0.9719100594520569,0.8059561848640442,0.7644472718238831,0.7621423006057739,0.198446586728096,0.22841574251651764,0.19161838293075562,0.18638458847999573
2644,2644,0.0010864598443731666,,,,,,,,,
2645,2645,,,0.978877604007721,0.8057036995887756,0.7637175917625427,0.7712028622627258,0.20946848392486572,0.2293621003627777,0.19485069811344147,0.18638458847999573
2645,2645,0.0010013802675530314,,,,,,,,,
2646,2646,,,0.9696677327156067,0.8035144209861755,0.7653106451034546,0.7669374346733093,0.19765989482402802,0.22855795919895172,0.192827507853508,0.18638458847999573
2646,2646,0.0009334281785413623,,,,,,,,,
2647,2647,,,0.9800358414649963,0.8074209690093994,0.7623351812362671,0.7659818530082703,0.20818030834197998,0.22859084606170654,0.19328710436820984,0.18638458847999573
2647,2647,0.0009269114234484732,,,,,,,,,
2648,2648,,,0.9726844429969788,0.8027027249336243,0.7652705907821655,0.7712998986244202,0.20138396322727203,0.2290342152118683,0.19434545934200287,0.18638458847999573
2648,2648,0.0009634810267016292,,,,,,,,,
2649,2649,,0.0009922547033056617,,,,,,,,
2649,2649,,,0.9752786755561829,0.8065429925918579,0.7634968161582947,0.7634392976760864,0.2042776644229889,0.22806410491466522,0.19220462441444397,0.18638458847999573
2649,2649,0.0009922547033056617,,,,,,,,,
2650,2650,,,0.979302167892456,0.8038259744644165,0.7645382285118103,0.7724629044532776,0.20565946400165558,0.22939512133598328,0.19519096612930298,0.18638458847999573
2650,2650,0.0009825354209169745,,,,,,,,,
2651,2651,,,0.9683781266212463,0.8042328357696533,0.7645674347877502,0.7644362449645996,0.20158694684505463,0.22771082818508148,0.1919756829738617,0.18638458847999573
2651,2651,0.000947033753618598,,,,,,,,,
2652,2652,,,0.9839751720428467,0.8057220578193665,0.7626103162765503,0.7706270217895508,0.207221120595932,0.229253888130188,0.1948915719985962,0.18638458847999573
2652,2652,0.0009185073431581259,,,,,,,,,
2653,2653,,,0.9659731984138489,0.8023822903633118,0.7642698884010315,0.7671018242835999,0.2017870843410492,0.22770339250564575,0.1925034075975418,0.18638458847999573
2653,2653,0.0009156665182672441,,,,,,,,,
2654,2654,,,0.9821591377258301,0.8063247799873352,0.7623279690742493,0.7678924798965454,0.20581114292144775,0.2287222146987915,0.19391252100467682,0.18638458847999573
2654,2654,0.0009287471766583622,,,,,,,,,
2655,2655,,,0.9702601432800293,0.8021696209907532,0.7642157673835754,0.7692257165908813,0.2039596438407898,0.22810740768909454,0.19345086812973022,0.18638458847999573
2655,2655,0.0009348730091005564,,,,,,,,,
2656,2656,,,0.9748823046684265,0.8052253723144531,0.7641688585281372,0.7661665678024292,0.20334509015083313,0.228029265999794,0.1929454207420349,0.18638458847999573
2656,2656,0.0009230179130099714,,,,,,,,,
2657,2657,,,0.9778860807418823,0.8037348389625549,0.7638908624649048,0.7698487639427185,0.20598812401294708,0.22859741747379303,0.19422666728496552,0.18638458847999573
2657,2657,0.0009014843381009996,,,,,,,,,
2658,2658,,,0.9679979681968689,0.8036800026893616,0.7647162675857544,0.7659162878990173,0.20204408466815948,0.2274508774280548,0.19234612584114075,0.18638458847999573
2658,2658,0.0008880081004463136,,,,,,,,,
2659,2659,,,0.9830586910247803,0.8056371808052063,0.7628735303878784,0.7693166732788086,0.20606446266174316,0.22879767417907715,0.19441089034080505,0.18638458847999573
2659,2659,0.0008911455515772104,,,,,,,,,
2660,2660,,,0.966332197189331,0.8026846051216125,0.7642390131950378,0.7664262652397156,0.2029344141483307,0.22724491357803345,0.192313089966774,0.18638458847999573
2660,2660,0.0009038842981681228,,,,,,,,,
2661,2661,,,0.9821812510490417,0.8061420917510986,0.763193666934967,0.7683778405189514,0.20417502522468567,0.2285541146993637,0.1940682828426361,0.18638458847999573
2661,2661,0.0009118255111388862,,,,,,,,,
2662,2662,,,0.970144510269165,0.8027122020721436,0.7639175653457642,0.766957700252533,0.20500615239143372,0.2274370640516281,0.1927413046360016,0.18638458847999573
2662,2662,0.0009060658630914986,,,,,,,,,
2663,2663,,,0.9767398238182068,0.8051502704620361,0.7645407319068909,0.7675104737281799,0.20206226408481598,0.22801493108272552,0.19345122575759888,0.18638458847999573
2663,2663,0.0008904237765818834,,,,,,,,,
2664,2664,,,0.976061999797821,0.8037778735160828,0.7634637355804443,0.7672955989837646,0.2062382996082306,0.22779224812984467,0.19327396154403687,0.18638458847999573
2664,2664,0.0008756679599173367,,,,,,,,,
2665,2665,,,0.9712780117988586,0.8038253784179688,0.7647514939308167,0.7668033242225647,0.20142541825771332,0.22749650478363037,0.1928117871284485,0.18638458847999573
2665,2665,0.0008705812506377697,,,,,,,,,
2666,2666,,,0.9799331426620483,0.8050277829170227,0.7630171775817871,0.7674786448478699,0.2055070698261261,0.22799810767173767,0.19358795881271362,0.18638458847999573
2666,2666,0.0008752763387747109,,,,,,,,,
2667,2667,,,0.9691781401634216,0.8030662536621094,0.7641100287437439,0.7661653161048889,0.20260050892829895,0.227225199341774,0.19241736829280853,0.18638458847999573
2667,2667,0.0008828653953969479,,,,,,,,,
2668,2668,,,0.9798265099525452,0.8054437041282654,0.7634426355361938,0.7675498723983765,0.20336878299713135,0.2279188334941864,0.1936011165380478,0.18638458847999573
2668,2668,0.0008860004600137472,,,,,,,,,
2669,2669,,,0.9707857966423035,0.8031550049781799,0.7635611295700073,0.7656601667404175,0.20449350774288177,0.2272166907787323,0.19237028062343597,0.18638458847999573
2669,2669,0.00088215566938743,,,,,,,,,
2670,2670,,,0.9769944548606873,0.8049164414405823,0.7642702460289001,0.7674742937088013,0.20143309235572815,0.22766906023025513,0.19338563084602356,0.18638458847999573
2670,2670,0.0008745043305680156,,,,,,,,,
2671,2671,,,0.9741132855415344,0.8039800524711609,0.7632659077644348,0.7655219435691833,0.20550483465194702,0.2273290902376175,0.19257597625255585,0.18638458847999573
2671,2671,0.0008680301834829152,,,,,,,,,
2672,2672,,,0.9740849733352661,0.80411696434021,0.764480710029602,0.7671201825141907,0.20097042620182037,0.22743293642997742,0.19305822253227234,0.18638458847999573
2672,2672,0.0008657153812237084,,,,,,,,,
2673,2673,,,0.9766241312026978,0.8049589991569519,0.7632405757904053,0.7658019065856934,0.204942524433136,0.22739043831825256,0.19284026324748993,0.18638458847999573
2673,2673,0.0008668647496961057,,,,,,,,,
2674,2674,,,0.9728275537490845,0.8036615252494812,0.7640891075134277,0.7664126753807068,0.20196481049060822,0.2272917777299881,0.19273598492145538,0.18638458847999573
2674,2674,0.0008685906650498509,,,,,,,,,
2675,2675,,,0.9770707488059998,0.8053573966026306,0.7635694742202759,0.7662591338157654,0.20344001054763794,0.2273329794406891,0.1930035799741745,0.18638458847999573
2675,2675,0.0008684215717948973,,,,,,,,,
2676,2676,,,0.9732761979103088,0.8037589192390442,0.7635646462440491,0.7655332684516907,0.20343151688575745,0.22722545266151428,0.19249685108661652,0.18638458847999573
2676,2676,0.0008659350569359958,,,,,,,,,
2677,2677,,,0.976041316986084,0.8050045371055603,0.7639432549476624,0.7665817141532898,0.20207883417606354,0.22721229493618011,0.19301192462444305,0.18638458847999573
2677,2677,0.000862545392010361,,,,,,,,,
2678,2678,,,0.9743874073028564,0.8043426871299744,0.7632467150688171,0.7648736238479614,0.20431655645370483,0.22718647122383118,0.19238503277301788,0.18638458847999573
2678,2678,0.0008600051514804363,,,,,,,,,
2679,2679,,,0.974933385848999,0.804362952709198,0.7639736533164978,0.7665477395057678,0.20154312252998352,0.22710467875003815,0.19289566576480865,0.18638458847999573
2679,2679,0.0008590967045165598,,,,,,,,,
2680,2680,,,0.9750406742095947,0.8051038980484009,0.763278067111969,0.7647112607955933,0.2041863203048706,0.2271389365196228,0.19239728152751923,0.18638458847999573
2680,2680,0.0008593229576945305,,,,,,,,,
2681,2681,,,0.9746474027633667,0.8039306402206421,0.763663113117218,0.7661073207855225,0.2018236517906189,0.22703257203102112,0.19271492958068848,0.18638458847999573
2681,2681,0.0008595380350016057,,,,,,,,,
2682,2682,,,0.9748708009719849,0.8055667877197266,0.7635513544082642,0.7649698257446289,0.2033960223197937,0.227071613073349,0.19247204065322876,0.18638458847999573
2682,2682,0.0008588615455664694,,,,,,,,,
2683,2683,,,0.9751221537590027,0.8038973212242126,0.7632502317428589,0.7654376029968262,0.20242446660995483,0.2269832193851471,0.19252954423427582,0.18638458847999573
2683,2683,0.0008571940124966204,,,,,,,,,
2684,2684,,,0.9743434190750122,0.8054922819137573,0.7637830376625061,0.7653306722640991,0.20257814228534698,0.22699591517448425,0.19253386557102203,0.18638458847999573
2684,2684,0.0008550834027118981,,,,,,,,,
2685,2685,,,0.9756816625595093,0.8042623400688171,0.762996256351471,0.7648341059684753,0.20285628736019135,0.2269396185874939,0.19238883256912231,0.18638458847999573
2685,2685,0.0008532186620868742,,,,,,,,,
2686,2686,,,0.974129855632782,0.8050922751426697,0.7637742161750793,0.7654980421066284,0.20208951830863953,0.22692541778087616,0.1925409436225891,0.18638458847999573
2686,2686,0.0008519791881553829,,,,,,,,,
2687,2687,,,0.975680947303772,0.8048805594444275,0.763043224811554,0.7644976377487183,0.20293274521827698,0.22688409686088562,0.19230912625789642,0.18638458847999573
2687,2687,0.0008512958302162588,,,,,,,,,
2688,2688,,,0.9745166301727295,0.8046956658363342,0.7635303735733032,0.7653492093086243,0.20197191834449768,0.22685980796813965,0.1924869567155838,0.18638458847999573
2688,2688,0.0008508274331688881,,,,,,,,,
2689,2689,,,0.9750068783760071,0.8054194450378418,0.7632915377616882,0.76442950963974,0.20273956656455994,0.22680507600307465,0.19226732850074768,0.18638458847999573
2689,2689,0.0008502493728883564,,,,,,,,,
2690,2690,,,0.9753041863441467,0.8044620156288147,0.7631863951683044,0.7649723291397095,0.2020801156759262,0.2267952263355255,0.1923953741788864,0.18638458847999573
2690,2690,0.0008494312060065567,,,,,,,,,
2691,2691,,,0.9740974307060242,0.8055933117866516,0.7635059356689453,0.7644835710525513,0.2024943232536316,0.2267092615365982,0.1922299861907959,0.18638458847999573
2691,2691,0.0008484456920996308,,,,,,,,,
2692,2692,,,0.9760436415672302,0.804465115070343,0.7629217505455017,0.7645816802978516,0.20217883586883545,0.2267322689294815,0.19230899214744568,0.18638458847999573
2692,2692,0.0008474458009004593,,,,,,,,,
2693,2693,,,0.9735229015350342,0.8054453134536743,0.7635370492935181,0.7644945383071899,0.20234915614128113,0.22661635279655457,0.19218216836452484,0.18638458847999573
2693,2693,0.0008465302526019514,,,,,,,,,
2694,2694,,,0.9763457775115967,0.8047292232513428,0.7628618478775024,0.7643331289291382,0.20211473107337952,0.22666461765766144,0.19225317239761353,0.18638458847999573
2694,2694,0.0008457022486254573,,,,,,,,,
2695,2695,,,0.9735663533210754,0.8052077889442444,0.7633876800537109,0.7643696069717407,0.20231042802333832,0.22654126584529877,0.19212403893470764,0.18638458847999573
2695,2695,0.0008448926382698119,,,,,,,,,
2696,2696,,,0.9761037230491638,0.8051093816757202,0.7629825472831726,0.7642301321029663,0.2019091248512268,0.2265787422657013,0.192215234041214,0.18638458847999573
2696,2696,0.0008440314559265971,,,,,,,,,
2697,2697,,,0.9741242527961731,0.8050187826156616,0.7631505727767944,0.7641202211380005,0.20231479406356812,0.2264878749847412,0.1920621246099472,0.18638458847999573
2697,2697,0.0008430987363681197,,,,,,,,,
2698,2698,,,0.9755101203918457,0.8053774237632751,0.7631486058235168,0.7641867399215698,0.20170171558856964,0.22647225856781006,0.1921694278717041,0.18638458847999573
2698,2698,0.0008421318489126861,,,,,,,,,
2699,2699,,0.0008411940070800483,,,,,,,,
2699,2699,,,0.9748618602752686,0.8049402236938477,0.7629467248916626,0.7638470530509949,0.20225876569747925,0.22645282745361328,0.19201159477233887,0.18638458847999573
2699,2699,0.0008411940070800483,,,,,,,,,
2700,2700,,,0.9748789072036743,0.8054497838020325,0.7632342576980591,0.7641125917434692,0.20164452493190765,0.22635845839977264,0.19210301339626312,0.18638458847999573
2700,2700,0.0008403265965171158,,,,,,,,,
2701,2701,,,0.9754411578178406,0.8050339818000793,0.7628662586212158,0.7636569142341614,0.20204736292362213,0.2264249622821808,0.19198617339134216,0.18638458847999573
2701,2701,0.0008395385812036693,,,,,,,,,
2702,2702,,,0.9744477868080139,0.8053880333900452,0.7631837129592896,0.7639516592025757,0.20178470015525818,0.2262505441904068,0.19201530516147614,0.18638458847999573
2702,2702,0.0008387995767407119,,,,,,,,,
2703,2703,,,0.9756982922554016,0.8052667379379272,0.7629143595695496,0.7635802626609802,0.20170354843139648,0.226390078663826,0.19198206067085266,0.18638458847999573
2703,2703,0.0008380707004107535,,,,,,,,,
2704,2704,,,0.9743049144744873,0.8052546977996826,0.7630129456520081,0.7636937499046326,0.20203840732574463,0.22614990174770355,0.1919107884168625,0.18638458847999573
2704,2704,0.0008373240125365555,,,,,,,,,
2705,2705,,,0.9756823182106018,0.8055088520050049,0.7630248069763184,0.7635783553123474,0.20136304199695587,0.22634504735469818,0.19198507070541382,0.18638458847999573
2705,2705,0.0008365577668882906,,,,,,,,,
2706,2706,,,0.9743937253952026,0.805104672908783,0.7627961039543152,0.7633768916130066,0.2022555023431778,0.22604972124099731,0.19180046021938324,0.18638458847999573
2706,2706,0.0008357868064194918,,,,,,,,,
2707,2707,,,0.9755510687828064,0.8056906461715698,0.7631251811981201,0.763598620891571,0.20115765929222107,0.22630365192890167,0.19198700785636902,0.18638458847999573
2707,2707,0.0008350352291017771,,,,,,,,,
2708,2708,,,0.9745631217956543,0.8050229549407959,0.762620747089386,0.7630651593208313,0.20230327546596527,0.22594000399112701,0.1916981339454651,0.18638458847999573
2708,2708,0.0008343238732777536,,,,,,,,,
2709,2709,,,0.9754475951194763,0.805830717086792,0.7631757259368896,0.7635919451713562,0.20114533603191376,0.2262832373380661,0.19198352098464966,0.18638458847999573
2709,2709,0.0008336688624694943,,,,,,,,,
2710,2710,,,0.9746585488319397,0.8050286173820496,0.7625242471694946,0.7628071904182434,0.20214125514030457,0.22580891847610474,0.1916087567806244,0.18638458847999573
2710,2710,0.0008330740965902805,,,,,,,,,
2711,2711,,,0.9754515886306763,0.8059443831443787,0.7631739377975464,0.7635207772254944,0.20129112899303436,0.22629477083683014,0.1919701099395752,0.18638458847999573
2711,2711,0.0008325576200149953,,,,,,,,,
2712,2712,,,0.9746075868606567,0.8050320744514465,0.7624778747558594,0.7626113891601562,0.20186638832092285,0.22564378380775452,0.19152578711509705,0.18638458847999573
2712,2712,0.0008321484783664346,,,,,,,,,
2713,2713,,,0.975579559803009,0.8060579299926758,0.7631543874740601,0.763381838798523,0.20148548483848572,0.22634845972061157,0.19194945693016052,0.18638458847999573
2713,2713,0.0008319021435454488,,,,,,,,,
2714,2714,,,0.9744284749031067,0.8049476146697998,0.7624186277389526,0.7624570727348328,0.20163697004318237,0.22542940080165863,0.19143861532211304,0.18638458847999573
2714,2714,0.0008319104090332985,,,,,,,,,
2715,2715,,,0.9757950901985168,0.8062672019004822,0.7631813883781433,0.7632079124450684,0.20161768794059753,0.22646425664424896,0.19193604588508606,0.18638458847999573
2715,2715,0.0008323188521899283,,,,,,,,,
2716,2716,,,0.9741793870925903,0.8047328591346741,0.7622700333595276,0.7623082995414734,0.20158889889717102,0.22513988614082336,0.19133360683918,0.18638458847999573
2716,2716,0.0008333538426086307,,,,,,,,,
2717,2717,,,0.9760512709617615,0.8066880702972412,0.7633242607116699,0.7630503177642822,0.20164602994918823,0.22668156027793884,0.1919528841972351,0.18638458847999573
2717,2717,0.0008353726589120924,,,,,,,,,
2718,2718,,,0.9739087820053101,0.8043032884597778,0.7619448304176331,0.7621191740036011,0.2018263190984726,0.22472816705703735,0.1911892592906952,0.18638458847999573
2718,2718,0.0008389389258809388,,,,,,,,,
2719,2719,,,0.9763390421867371,0.8074088096618652,0.7636445760726929,0.7629627585411072,0.2016526311635971,0.22707347571849823,0.19203020632266998,0.18638458847999573
2719,2719,0.0008449755841866136,,,,,,,,,
2720,2720,,,0.9736216068267822,0.8035202622413635,0.7613403797149658,0.7618434429168701,0.20248925685882568,0.22411750257015228,0.19097620248794556,0.18638458847999573
2720,2720,0.0008549484773539007,,,,,,,,,
2721,2721,,,0.976707935333252,0.8085789680480957,0.7642039060592651,0.7629972696304321,0.20191074907779694,0.2277696132659912,0.1922122836112976,0.18638458847999573
2721,2721,0.0008712949929758906,,,,,,,,,
2722,2722,,,0.9732545614242554,0.8022331595420837,0.7603024840354919,0.7614386081695557,0.20392583310604095,0.2231912463903427,0.1906571090221405,0.18638458847999573
2722,2722,0.0008979060221463442,,,,,,,,,
2723,2723,,,0.9772822260856628,0.8105140924453735,0.7650616765022278,0.7632104158401489,0.2030925303697586,0.2289958894252777,0.19257043302059174,0.18638458847999573
2723,2723,0.0009413118823431432,,,,,,,,,
2724,2724,,,0.9726853370666504,0.8002296686172485,0.7585315704345703,0.7608519792556763,0.20711345970630646,0.22178786993026733,0.19018219411373138,0.18638458847999573
2724,2724,0.0010117761557921767,,,,,,,,,
2725,2725,,,0.9783022403717041,0.8137388825416565,0.7662270665168762,0.7636902332305908,0.20684437453746796,0.23114058375358582,0.19322848320007324,0.18638458847999573
2725,2725,0.0011265295324847102,,,,,,,,,
2726,2726,,,0.9717702269554138,0.7972155213356018,0.755466103553772,0.7600083351135254,0.21444301307201385,0.21974854171276093,0.1894991397857666,0.18638458847999573
2726,2726,0.001311205793172121,,,,,,,,,
2727,2727,,,0.9802205562591553,0.8190355896949768,0.7674878239631653,0.7646090984344482,0.2167133390903473,0.23480147123336792,0.19439880549907684,0.18638458847999573
2727,2727,0.0016072121215984225,,,,,,,,,
2728,2728,,,0.9703624248504639,0.7931213974952698,0.7503830194473267,0.7588086724281311,0.23003807663917542,0.2171318382024765,0.18860672414302826,0.18638458847999573
2728,2728,0.0020656047854572535,,,,,,,,,
2729,2729,,,0.9838640689849854,0.8270372152328491,0.7680160999298096,0.7662611603736877,0.236868754029274,0.24044029414653778,0.1963246762752533,0.18638458847999573
2729,2729,0.002754473825916648,,,,,,,,,
2730,2730,,,0.9682005643844604,0.7889475226402283,0.7435282468795776,0.7571276426315308,0.2541557848453522,0.2146201729774475,0.1876043677330017,0.18638458847999573
2730,2730,0.0036945641040802,,,,,,,,,
2731,2731,,,0.9904373288154602,0.8355107307434082,0.7671441435813904,0.7689101696014404,0.2595142424106598,0.24644988775253296,0.1987767070531845,0.18638458847999573
2731,2731,0.004841012880206108,,,,,,,,,
2732,2732,,,0.9641925096511841,0.7875761389732361,0.7389289140701294,0.7547984719276428,0.26550358533859253,0.2133645862340927,0.1864362359046936,0.18638458847999573
2732,2732,0.005860186647623777,,,,,,,,,
2733,2733,,,1.0001567602157593,0.834452211856842,0.7675602436065674,0.772248387336731,0.24922491610050201,0.246400848031044,0.20016419887542725,0.18638458847999573
2733,2733,0.006301283370703459,,,,,,,,,
2734,2734,,,0.9558099508285522,0.7937525510787964,0.7447797656059265,0.7520064115524292,0.23509715497493744,0.2151661515235901,0.18527281284332275,0.18527281284332275
2734,2734,0.0055974796414375305,,,,,,,,,
2735,2735,,,1.0101429224014282,0.8162385821342468,0.7674450874328613,0.7754868865013123,0.19937662780284882,0.2363782674074173,0.19929087162017822,0.18527281284332275
2735,2735,0.004007129464298487,,,,,,,,,
2736,2736,,,0.943889856338501,0.8126685619354248,0.7588286995887756,0.7501636743545532,0.21619348227977753,0.2234785258769989,0.18601727485656738,0.18527281284332275
2736,2736,0.0023870414588600397,,,,,,,,,
2737,2737,,,1.0181381702423096,0.7968721985816956,0.7520642280578613,0.7780839204788208,0.18834154307842255,0.22565226256847382,0.19763192534446716,0.18527281284332275
2737,2737,0.0017835184698924422,,,,,,,,,
2738,2738,,,0.9348381757736206,0.8312298059463501,0.7610774636268616,0.75033038854599,0.24204109609127045,0.23284296691417694,0.18758444488048553,0.18527281284332275
2738,2738,0.0023296091239899397,,,,,,,,,
2739,2739,,,1.0236725807189941,0.791108250617981,0.7388918995857239,0.7782978415489197,0.19868825376033783,0.221815288066864,0.1967243105173111,0.18527281284332275
2739,2739,0.003240810940042138,,,,,,,,,
2740,2740,,,0.9319465756416321,0.8226214051246643,0.7578924298286438,0.752240777015686,0.23281942307949066,0.23242183029651642,0.1872428059577942,0.18527281284332275
2740,2740,0.003512175288051367,,,,,,,,,
2741,2741,,,1.0209513902664185,0.8017525672912598,0.7430053353309631,0.7745854258537292,0.1918240636587143,0.225150927901268,0.1962781548500061,0.18527281284332275
2741,2741,0.002841138979420066,,,,,,,,,
2742,2742,,,0.937595784664154,0.7993106842041016,0.7542563676834106,0.7555020451545715,0.20043139159679413,0.22413352131843567,0.1862121820449829,0.18527281284332275
2742,2742,0.0018508883658796549,,,,,,,,,
2743,2743,,,1.0060116052627563,0.8222271800041199,0.7564727663993835,0.7695367336273193,0.2147507667541504,0.23277655243873596,0.19651854038238525,0.18527281284332275
2743,2743,0.0014030055608600378,,,,,,,,,
2744,2744,,,0.9531189203262329,0.7904091477394104,0.752910315990448,0.7589307427406311,0.198746457695961,0.21909375488758087,0.1872999370098114,0.18527281284332275
2744,2744,0.00164306559599936,,,,,,,,,
2745,2745,,,0.9848793745040894,0.8233827352523804,0.7664281725883484,0.7661659121513367,0.22630445659160614,0.23473863303661346,0.19534341990947723,0.18527281284332275
2745,2745,0.001978537067770958,,,,,,,,,
2746,2746,,,0.9729772210121155,0.7978753447532654,0.7591478228569031,0.7620171904563904,0.19368688762187958,0.22138862311840057,0.19025927782058716,0.18527281284332275
2746,2746,0.0018081929301843047,,,,,,,,,
2747,2747,,,0.966489851474762,0.8051658868789673,0.7620453834533691,0.7632840871810913,0.20426806807518005,0.2274932712316513,0.19138239324092865,0.18527281284332275
2747,2747,0.0012440599966794252,,,,,,,,,
2748,2748,,,0.9886260032653809,0.8150045871734619,0.7624128460884094,0.7657179236412048,0.20188383758068085,0.2291402816772461,0.1939387321472168,0.18527281284332275
2748,2748,0.0008744910010136664,,,,,,,,,
2749,2749,,0.001035897876136005,,,,,,,,
2749,2749,,,0.9555068016052246,0.794044017791748,0.7555032968521118,0.7596230506896973,0.1995384246110916,0.22060635685920715,0.1880960762500763,0.18527281284332275
2749,2749,0.001035897876136005,,,,,,,,,
2750,2750,,,0.996555745601654,0.8212489485740662,0.7605281472206116,0.7689025402069092,0.21563588082790375,0.23359236121177673,0.19608230888843536,0.18527281284332275
2750,2750,0.0014415724435821176,,,,,,,,,
2751,2751,,,0.9515381455421448,0.7974976897239685,0.7578884959220886,0.7569496631622314,0.19668535888195038,0.22042186558246613,0.18729892373085022,0.18527281284332275
2751,2751,0.001578700146637857,,,,,,,,,
2752,2752,,,0.997271716594696,0.8099237680435181,0.7587690949440002,0.7693750858306885,0.20461741089820862,0.22944658994674683,0.19521822035312653,0.18527281284332275
2752,2752,0.0013357179705053568,,,,,,,,,
2753,2753,,,0.9533700346946716,0.8104064464569092,0.7637484073638916,0.7569340467453003,0.19974243640899658,0.22563713788986206,0.18875984847545624,0.18527281284332275
2753,2753,0.001034267246723175,,,,,,,,,
2754,2754,,,0.9915185570716858,0.7989221215248108,0.7562715411186218,0.7676153182983398,0.19600114226341248,0.22376729547977448,0.19314637780189514,0.18527281284332275
2754,2754,0.0009995326399803162,,,,,,,,,
2755,2755,,,0.9604091048240662,0.8178314566612244,0.76615971326828,0.7585203647613525,0.21202608942985535,0.22926399111747742,0.19060657918453217,0.18527281284332275
2755,2755,0.0011657628929242492,,,,,,,,,
2756,2756,,,0.9815877079963684,0.7984086871147156,0.7589970827102661,0.7653416991233826,0.19046179950237274,0.2229778915643692,0.19187235832214355,0.18527281284332275
2756,2756,0.0012373561039566994,,,,,,,,,
2757,2757,,,0.9704373478889465,0.810813307762146,0.7637077569961548,0.7602363228797913,0.20860528945922852,0.22682596743106842,0.19106076657772064,0.18527281284332275
2757,2757,0.0010894382139667869,,,,,,,,,
2758,2758,,,0.9718755483627319,0.8071073293685913,0.7644516825675964,0.7633085250854492,0.1942446231842041,0.22647392749786377,0.19171006977558136,0.18527281284332275
2758,2758,0.0008859922527335584,,,,,,,,,
2759,2759,,,0.9791346192359924,0.8012034893035889,0.7579469084739685,0.7617567777633667,0.20059286057949066,0.22306287288665771,0.19086143374443054,0.18527281284332275
2759,2759,0.0008361387299373746,,,,,,,,,
2760,2760,,,0.9659245610237122,0.8147081136703491,0.766459584236145,0.7613682746887207,0.20564791560173035,0.22869189083576202,0.19153709709644318,0.18527281284332275
2760,2760,0.0009353616624139249,,,,,,,,,
2761,2761,,,0.9837316870689392,0.7998827695846558,0.7575619220733643,0.7630215287208557,0.19371512532234192,0.22291800379753113,0.19133439660072327,0.18527281284332275
2761,2761,0.0010139808291569352,,,,,,,,,
2762,2762,,,0.9642466306686401,0.811125636100769,0.7649350166320801,0.7594121694564819,0.2058362066745758,0.2262374460697174,0.19042277336120605,0.18527281284332275
2762,2762,0.0009722732356749475,,,,,,,,,
2763,2763,,,0.9845850467681885,0.8062103986740112,0.7625046968460083,0.764236569404602,0.19492539763450623,0.226185604929924,0.19261813163757324,0.18527281284332275
2763,2763,0.0008804972167126834,,,,,,,,,
2764,2764,,,0.9652241468429565,0.8032293319702148,0.7604849338531494,0.7578722834587097,0.20172064006328583,0.2225923240184784,0.18907880783081055,0.18527281284332275
2764,2764,0.0008592658559791744,,,,,,,,,
2765,2765,,,0.9831632375717163,0.8117980360984802,0.7652227282524109,0.7652779221534729,0.20168645679950714,0.2287265658378601,0.19353604316711426,0.18527281284332275
2765,2765,0.0009186890092678368,,,,,,,,,
2766,2766,,,0.9670730829238892,0.8013728260993958,0.7588591575622559,0.7572582364082336,0.19879648089408875,0.22178848087787628,0.18872982263565063,0.18527281284332275
2766,2766,0.000965046405326575,,,,,,,,,
2767,2767,,,0.9808385372161865,0.8094199299812317,0.764305591583252,0.7652323246002197,0.2005026489496231,0.22743560373783112,0.1930866241455078,0.18527281284332275
2767,2767,0.0009328837622888386,,,,,,,,,
2768,2768,,,0.9690226912498474,0.8057346940040588,0.7617080807685852,0.7578989267349243,0.20081372559070587,0.22400768101215363,0.18961815536022186,0.18527281284332275
2768,2768,0.0008580759167671204,,,,,,,,,
2769,2769,,,0.978615403175354,0.804215669631958,0.7615422010421753,0.7636565566062927,0.1961279958486557,0.2243138551712036,0.19176548719406128,0.18527281284332275
2769,2769,0.0008198638097383082,,,,,,,,,
2770,2770,,,0.9710234999656677,0.8093437552452087,0.7638971209526062,0.759617269039154,0.2053433209657669,0.22634704411029816,0.19079908728599548,0.18527281284332275
2770,2770,0.0008389037102460861,,,,,,,,,
2771,2771,,,0.9764361381530762,0.8034138083457947,0.7608091831207275,0.7613694667816162,0.19508057832717896,0.22288532555103302,0.19074353575706482,0.18527281284332275
2771,2771,0.0008665070636197925,,,,,,,,,
2772,2772,,,0.9734026193618774,0.8076324462890625,0.7635732293128967,0.7614395618438721,0.2028370350599289,0.22613725066184998,0.1913340985774994,0.18527281284332275
2772,2772,0.0008561956346966326,,,,,,,,,
2773,2773,,,0.9737788438796997,0.8067695498466492,0.7625421285629272,0.7597489953041077,0.19897525012493134,0.2239428013563156,0.19050061702728271,0.18527281284332275
2773,2773,0.0008178586140275002,,,,,,,,,
2774,2774,,,0.9763235449790955,0.8044241070747375,0.7620540857315063,0.7623624801635742,0.19678013026714325,0.22426258027553558,0.1913001537322998,0.18527281284332275
2774,2774,0.0007950819563120604,,,,,,,,,
2775,2775,,,0.9709445834159851,0.8090759515762329,0.7634230256080627,0.7592871785163879,0.2047082781791687,0.22545966506004333,0.19055819511413574,0.18527281284332275
2775,2775,0.0008073116187006235,,,,,,,,,
2776,2776,,,0.9789513349533081,0.8042396306991577,0.7615879774093628,0.7624300718307495,0.1937432587146759,0.2233448177576065,0.19131232798099518,0.18527281284332275
2776,2776,0.0008319352054968476,,,,,,,,,
2777,2777,,,0.9689967632293701,0.8073177337646484,0.7624985575675964,0.7591347098350525,0.20492476224899292,0.22519385814666748,0.19024915993213654,0.18527281284332275
2777,2777,0.0008378307102248073,,,,,,,,,
2778,2778,,,0.9801977276802063,0.8068425059318542,0.7624197602272034,0.7624136805534363,0.1952374428510666,0.2243032157421112,0.19163993000984192,0.18527281284332275
2778,2778,0.0008217291906476021,,,,,,,,,
2779,2779,,,0.9684786200523376,0.8043197989463806,0.761229932308197,0.7585741281509399,0.20074562728405,0.22353383898735046,0.18964983522891998,0.18527281284332275
2779,2779,0.0008055150392465293,,,,,,,,,
2780,2780,,,0.9800907373428345,0.8089169859886169,0.7629922032356262,0.7624752521514893,0.19974371790885925,0.22570094466209412,0.19195981323719025,0.18527281284332275
2780,2780,0.0008059313986450434,,,,,,,,,
2781,2781,,,0.9688113927841187,0.8037363886833191,0.7612596154212952,0.758073091506958,0.19708317518234253,0.22254644334316254,0.1893615573644638,0.18527281284332275
2781,2781,0.0008165652980096638,,,,,,,,,
2782,2782,,,0.9795273542404175,0.8080962300300598,0.7624610662460327,0.7620673775672913,0.20186559855937958,0.2256687730550766,0.19177725911140442,0.18527281284332275
2782,2782,0.0008200398297049105,,,,,,,,,
2783,2783,,,0.9692763090133667,0.8057892918586731,0.7624394297599792,0.7583171725273132,0.1965601146221161,0.22316062450408936,0.1896558701992035,0.18527281284332275
2783,2783,0.0008098863181658089,,,,,,,,,
2784,2784,,,0.9789848923683167,0.8055959343910217,0.7612598538398743,0.7610722184181213,0.19996502995491028,0.22429922223091125,0.19113746285438538,0.18527281284332275
2784,2784,0.0007962236413732171,,,,,,,,,
2785,2785,,,0.9699029922485352,0.8080987930297852,0.763427197933197,0.7590888738632202,0.19938910007476807,0.22441688179969788,0.19021838903427124,0.18527281284332275
2785,2785,0.0007912060245871544,,,,,,,,,
2786,2786,,,0.9782108068466187,0.8041319847106934,0.7606121897697449,0.7600446939468384,0.19703778624534607,0.22321876883506775,0.1905565857887268,0.18527281284332275
2786,2786,0.0007953416206873953,,,,,,,,,
2787,2787,,,0.9710028767585754,0.8084306120872498,0.7633941769599915,0.7596005201339722,0.2015388309955597,0.22478970885276794,0.1905115842819214,0.18527281284332275
2787,2787,0.0007991836755536497,,,,,,,,,
2788,2788,,,0.9769988059997559,0.804885983467102,0.7611644268035889,0.759459376335144,0.19627143442630768,0.2233738750219345,0.19037780165672302,0.18527281284332275
2788,2788,0.0007955453475005925,,,,,,,,,
2789,2789,,,0.9724279642105103,0.8068740367889404,0.7624243497848511,0.759469211101532,0.20047658681869507,0.22401736676692963,0.19035910069942474,0.18527281284332275
2789,2789,0.0007868806715123355,,,,,,,,,
2790,2790,,,0.9756551384925842,0.8068118691444397,0.7621991634368896,0.7592875361442566,0.198372021317482,0.22422033548355103,0.19048790633678436,0.18527281284332275
2790,2790,0.0007807183428667486,,,,,,,,,
2791,2791,,,0.9736925363540649,0.8053482174873352,0.761384904384613,0.7590146660804749,0.19816158711910248,0.2231615036725998,0.19007360935211182,0.18527281284332275
2791,2791,0.0007807858637534082,,,,,,,,,
2792,2792,,,0.9746341109275818,0.8078409433364868,0.7626779079437256,0.7591751217842102,0.2003326565027237,0.22460971772670746,0.19052299857139587,0.18527281284332275
2792,2792,0.0007838877500034869,,,,,,,,,
2793,2793,,,0.9745076894760132,0.8053314685821533,0.7612168788909912,0.7587763071060181,0.197444885969162,0.22311972081661224,0.19003167748451233,0.18527281284332275
2793,2793,0.0007846591179259121,,,,,,,,,
2794,2794,,,0.974087655544281,0.8071773648262024,0.7623399496078491,0.7588396668434143,0.1997174620628357,0.22411052882671356,0.19029036164283752,0.18527281284332275
2794,2794,0.0007815586868673563,,,,,,,,,
2795,2795,,,0.9749386310577393,0.8065223693847656,0.761771023273468,0.7589269280433655,0.19906944036483765,0.22375896573066711,0.1902647763490677,0.18527281284332275
2795,2795,0.000777560519054532,,,,,,,,,
2796,2796,,,0.973854660987854,0.8060528039932251,0.7617054581642151,0.7583070397377014,0.1977170705795288,0.2233172059059143,0.1899375021457672,0.18527281284332275
2796,2796,0.0007760899025015533,,,,,,,,,
2797,2797,,,0.9752246141433716,0.8074226379394531,0.7621602416038513,0.7591873407363892,0.20085355639457703,0.22428464889526367,0.19049063324928284,0.18527281284332275
2797,2797,0.0007772891549393535,,,,,,,,,
2798,2798,,,0.9736633896827698,0.8058582544326782,0.7614741921424866,0.757809579372406,0.19690972566604614,0.22298860549926758,0.18971778452396393,0.18527281284332275
2798,2798,0.000778492190875113,,,,,,,,,
2799,2799,,0.0007775194244459271,,,,,,,,
2799,2799,,,0.975591242313385,0.8071934580802917,0.761971116065979,0.7592164874076843,0.20046797394752502,0.2241562455892563,0.1904834508895874,0.18527281284332275
2799,2799,0.0007775194244459271,,,,,,,,,
2800,2800,,,0.9732993841171265,0.8065944910049438,0.7617074847221375,0.757533848285675,0.19827431440353394,0.22326591610908508,0.18970303237438202,0.18527281284332275
2800,2800,0.000774840300437063,,,,,,,,,
2801,2801,,,0.9761162400245667,0.8065022230148315,0.7615388035774231,0.7589625120162964,0.19841651618480682,0.22359979152679443,0.19030755758285522,0.18527281284332275
2801,2801,0.0007726234616711736,,,,,,,,,
2802,2802,,,0.9727353453636169,0.8072713017463684,0.7619056701660156,0.7574476003646851,0.20030729472637177,0.2236739993095398,0.18974795937538147,0.18527281284332275
2802,2802,0.0007722596637904644,,,,,,,,,
2803,2803,,,0.9767009615898132,0.806329071521759,0.7613774538040161,0.758664071559906,0.1969006210565567,0.22322821617126465,0.19018462300300598,0.18527281284332275
2803,2803,0.0007731499499641359,,,,,,,,,
2804,2804,,,0.9721291065216064,0.8072020411491394,0.7617762088775635,0.7573193311691284,0.20096944272518158,0.22368311882019043,0.18967239558696747,0.18527281284332275
2804,2804,0.0007736937259323895,,,,,,,,,
2805,2805,,,0.9772456288337708,0.8068060874938965,0.7615377902984619,0.7585813403129578,0.19706948101520538,0.22335350513458252,0.19023703038692474,0.18527281284332275
2805,2805,0.0007730312645435333,,,,,,,,,
2806,2806,,,0.971580445766449,0.8066604137420654,0.7614915370941162,0.7569767832756042,0.20009763538837433,0.22325201332569122,0.18944810330867767,0.18527281284332275
2806,2806,0.0007717288681305945,,,,,,,,,
2807,2807,,,0.9778594970703125,0.8073640465736389,0.7616708278656006,0.7587073445320129,0.19824130833148956,0.2237488180398941,0.19039538502693176,0.18527281284332275
2807,2807,0.0007709559868089855,,,,,,,,,
2808,2808,,,0.97090744972229,0.8063536882400513,0.761368453502655,0.7565170526504517,0.19903774559497833,0.22278861701488495,0.18919532001018524,0.18527281284332275
2808,2808,0.000771286606322974,,,,,,,,,
2809,2809,,,0.9788305163383484,0.8074780106544495,0.7615094184875488,0.7588065266609192,0.19895827770233154,0.22396491467952728,0.19051086902618408,0.18527281284332275
2809,2809,0.0007723463349975646,,,,,,,,,
2810,2810,,,0.9697708487510681,0.8066084980964661,0.7615112662315369,0.7561444044113159,0.19891223311424255,0.22264567017555237,0.18901841342449188,0.18527281284332275
2810,2810,0.0007734361570328474,,,,,,,,,
2811,2811,,,0.9804053902626038,0.8071076273918152,0.7610397338867188,0.7587551474571228,0.1984642595052719,0.2238215208053589,0.19053290784358978,0.18527281284332275
2811,2811,0.0007744197500869632,,,,,,,,,
2812,2812,,,0.9679455161094666,0.8071940541267395,0.7617822289466858,0.7558695673942566,0.19984279572963715,0.22277827560901642,0.18888665735721588,0.18527281284332275
2812,2812,0.0007759035797789693,,,,,,,,,
2813,2813,,,0.9827083349227905,0.8065893650054932,0.7603760957717896,0.7587135434150696,0.19723045825958252,0.22355620563030243,0.19056352972984314,0.18527281284332275
2813,2813,0.0007788254297338426,,,,,,,,,
2814,2814,,,0.9653244614601135,0.8077062964439392,0.7619723677635193,0.7554845809936523,0.2010820060968399,0.2228541225194931,0.18866413831710815,0.18527281284332275
2814,2814,0.0007838544552214444,,,,,,,,,
2815,2815,,,0.9859354496002197,0.8062857389450073,0.7595785856246948,0.7589352130889893,0.19619819521903992,0.22352023422718048,0.19075123965740204,0.18527281284332275
2815,2815,0.0007914231973700225,,,,,,,,,
2816,2816,,,0.961662232875824,0.8079248666763306,0.7619060277938843,0.7547697424888611,0.20184189081192017,0.22261150181293488,0.1882164031267166,0.18527281284332275
2816,2816,0.0008021287503652275,,,,,,,,,
2817,2817,,,0.9906203746795654,0.8063074350357056,0.7584625482559204,0.7595440745353699,0.19574396312236786,0.22384510934352875,0.1911749243736267,0.18527281284332275
2817,2817,0.0008174153044819832,,,,,,,,,
2818,2818,,,0.9563857913017273,0.8079190254211426,0.7614372968673706,0.7536311149597168,0.20220565795898438,0.22207124531269073,0.18747572600841522,0.18527281284332275
2818,2818,0.0008397498750127852,,,,,,,,,
2819,2819,,,0.9977390170097351,0.8064364194869995,0.7564544677734375,0.7605339288711548,0.1953079104423523,0.22441242635250092,0.19183069467544556,0.18527281284332275
2819,2819,0.0008730773697607219,,,,,,,,,
2820,2820,,,0.9486116766929626,0.8080021142959595,0.760329008102417,0.752048909664154,0.20305973291397095,0.22141803801059723,0.18640558421611786,0.18527281284332275
2820,2820,0.0009224363602697849,,,,,,,,,
2821,2821,,,1.0086902379989624,0.8063145279884338,0.7526525855064392,0.7619079947471619,0.19389718770980835,0.22506944835186005,0.19271117448806763,0.18527281284332275
2821,2821,0.0009959302842617035,,,,,,,,,
2822,2822,,,0.937315821647644,0.8085371851921082,0.7580033540725708,0.7499397993087769,0.20526452362537384,0.22075338661670685,0.18491342663764954,0.18491342663764954
2822,2822,0.0011034839553758502,,,,,,,,,
2823,2823,,,1.0252493619918823,0.8057500123977661,0.746183454990387,0.7637330889701843,0.19089797139167786,0.22583366930484772,0.19389167428016663,0.18491342663764954
2823,2823,0.0012627096148207784,,,,,,,,,
2824,2824,,,0.9217998385429382,0.8096902966499329,0.7534223198890686,0.7471250295639038,0.2090364694595337,0.2200072705745697,0.1828407198190689,0.1828407198190689
2824,2824,0.001491454429924488,,,,,,,,,
2825,2825,,,1.0489171743392944,0.8048065304756165,0.7369168400764465,0.7659439444541931,0.1864439845085144,0.22689038515090942,0.1954985409975052,0.1828407198190689
2825,2825,0.001822229358367622,,,,,,,,,
2826,2826,,,0.9030138850212097,0.8113929629325867,0.7458838224411011,0.7436097860336304,0.2137942761182785,0.21908363699913025,0.18019333481788635,0.18019333481788635
2826,2826,0.0022698352113366127,,,,,,,,,
2827,2827,,,1.0776878595352173,0.803601086139679,0.7263972759246826,0.7677552700042725,0.18137714266777039,0.2283354550600052,0.19734516739845276,0.18019333481788635
2827,2827,0.0028673517517745495,,,,,,,,,
2828,2828,,,0.8859412670135498,0.8133870959281921,0.7373447418212891,0.7403446435928345,0.21801121532917023,0.21815785765647888,0.17767702043056488,0.17767702043056488
2828,2828,0.003553450806066394,,,,,,,,,
2829,2829,,,1.098067045211792,0.8020935654640198,0.7192915678024292,0.7667496800422668,0.17737233638763428,0.22972624003887177,0.19808819890022278,0.17767702043056488
2829,2829,0.004282982554286718,,,,,,,,,
2830,2830,,,0.8811152577400208,0.8147732019424438,0.7348968386650085,0.7402154803276062,0.21897917985916138,0.21796655654907227,0.17721010744571686,0.17721010744571686
2830,2830,0.004762527998536825,,,,,,,,,
2831,2831,,,1.0823169946670532,0.8003090023994446,0.7235671877861023,0.759250283241272,0.1768432855606079,0.22999007999897003,0.19510450959205627,0.17721010744571686
2831,2831,0.004866621922701597,,,,,,,,,
2832,2832,,,0.9034793972969055,0.8136655688285828,0.7470325231552124,0.7471921443939209,0.21496009826660156,0.21984083950519562,0.18144500255584717,0.17721010744571686
2832,2832,0.004291055724024773,,,,,,,,,
2833,2833,,,1.0206302404403687,0.7993534207344055,0.7448154091835022,0.7446567416191101,0.18074795603752136,0.2286832481622696,0.18814440071582794,0.17721010744571686
2833,2833,0.0033848355524241924,,,,,,,,,
2834,2834,,,0.959931492805481,0.8095166683197021,0.7640065550804138,0.7616094350814819,0.21008574962615967,0.22481930255889893,0.19057387113571167,0.17721010744571686
2834,2834,0.002488903235644102,,,,,,,,,
2835,2835,,,0.9536994099617004,0.8006883263587952,0.762658953666687,0.7286931276321411,0.1854185312986374,0.22688955068588257,0.18062178790569305,0.17721010744571686
2835,2835,0.0022067863028496504,,,,,,,,,
2836,2836,,,1.0180445909500122,0.8054367303848267,0.7538105845451355,0.7763898968696594,0.2104215919971466,0.2311684936285019,0.1984093338251114,0.17721010744571686
2836,2836,0.002593353623524308,,,,,,,,,
2837,2837,,,0.9242613315582275,0.8022980690002441,0.7576291561126709,0.7196007966995239,0.18471284210681915,0.22539331018924713,0.17583408951759338,0.17583408951759338
2837,2837,0.0033074994571506977,,,,,,,,,
2838,2838,,,1.0277762413024902,0.8046706318855286,0.7490310668945312,0.7792799472808838,0.21376873552799225,0.2330731749534607,0.19978559017181396,0.17583408951759338
2838,2838,0.0037088373210281134,,,,,,,,,
2839,2839,,,0.9411039352416992,0.8014166355133057,0.7601351737976074,0.7244024276733398,0.17979548871517181,0.2236819863319397,0.17809125781059265,0.17583408951759338
2839,2839,0.0034216896165162325,,,,,,,,,
2840,2840,,,0.9846184253692627,0.8069209456443787,0.7628849148750305,0.7644141316413879,0.21165373921394348,0.22746187448501587,0.19311955571174622,0.17583408951759338
2840,2840,0.0025146822445094585,,,,,,,,,
2841,2841,,,0.9890729784965515,0.8001436591148376,0.7548773884773254,0.7420501708984375,0.18245965242385864,0.22389966249465942,0.1856067031621933,0.17583408951759338
2841,2841,0.0015749767189845443,,,,,,,,,
2842,2842,,,0.939146101474762,0.8083100318908691,0.7609097957611084,0.744140088558197,0.2001773566007614,0.22165948152542114,0.18365338444709778,0.17583408951759338
2842,2842,0.0011222021421417594,,,,,,,,,
2843,2843,,,1.0211052894592285,0.8013643026351929,0.7459741234779358,0.7587056159973145,0.195190891623497,0.2269492745399475,0.19224654138088226,0.17583408951759338
2843,2843,0.0012156383600085974,,,,,,,,,
2844,2844,,,0.9324149489402771,0.8058278560638428,0.7588681578636169,0.7344183921813965,0.1886599212884903,0.22084873914718628,0.18010245263576508,0.17583408951759338
2844,2844,0.0014605170581489801,,,,,,,,,
2845,2845,,,1.0014712810516357,0.8051766157150269,0.7576966881752014,0.7616034150123596,0.20368042588233948,0.227106973528862,0.1928490847349167,0.17583408951759338
2845,2845,0.0014782786602154374,,,,,,,,,
2846,2846,,,0.9664531350135803,0.8021575212478638,0.761867344379425,0.7388169765472412,0.186976358294487,0.22283239662647247,0.18377526104450226,0.17583408951759338
2846,2846,0.001235096133314073,,,,,,,,,
2847,2847,,,0.9567297101020813,0.8091446757316589,0.7647454142570496,0.7532736659049988,0.20153328776359558,0.22358542680740356,0.187822163105011,0.17583408951759338
2847,2847,0.0010225094156339765,,,,,,,,,
2848,2848,,,1.0082265138626099,0.8010877370834351,0.7500984072685242,0.7489285469055176,0.19099242985248566,0.22565989196300507,0.1887551248073578,0.17583408951759338
2848,2848,0.0010808631777763367,,,,,,,,,
2849,2849,,0.0013265346642583609,,,,,,,,
2849,2849,,,0.9353865385055542,0.8101305365562439,0.7593258023262024,0.7459646463394165,0.19819103181362152,0.22117550671100616,0.18376515805721283,0.17583408951759338
2849,2849,0.0013265346642583609,,,,,,,,,
2850,2850,,,1.0124326944351196,0.8025907278060913,0.749499499797821,0.7530630826950073,0.1907757669687271,0.22645187377929688,0.1902565062046051,0.17583408951759338
2850,2850,0.0014822066295892,,,,,,,,,
2851,2851,,,0.9517154097557068,0.8074836730957031,0.7613943219184875,0.746873140335083,0.199809268116951,0.2216675877571106,0.185214102268219,0.17583408951759338
2851,2851,0.0013513908488675952,,,,,,,,,
2852,2852,,,0.9800419807434082,0.8053939342498779,0.7628039121627808,0.7489754557609558,0.18673118948936462,0.22428946197032928,0.18774738907814026,0.17583408951759338
2852,2852,0.0010636895895004272,,,,,,,,,
2853,2853,,,0.9861953854560852,0.8035761713981628,0.7592787146568298,0.7523306608200073,0.20182734727859497,0.22395752370357513,0.1889699399471283,0.17583408951759338
2853,2853,0.0008522315183654428,,,,,,,,,
2854,2854,,,0.9517900943756104,0.8081784844398499,0.764515221118927,0.7447913885116577,0.1862410604953766,0.22204972803592682,0.1847301572561264,0.17583408951759338
2854,2854,0.0008451201138086617,,,,,,,,,
2855,2855,,,1.0018105506896973,0.8013488054275513,0.7537252902984619,0.7535468935966492,0.19827771186828613,0.22514252364635468,0.1899389922618866,0.17583408951759338
2855,2855,0.0009459126740694046,,,,,,,,,
2856,2856,,,0.9521063566207886,0.8085429072380066,0.763985276222229,0.7468529343605042,0.19194158911705017,0.22174912691116333,0.18534255027770996,0.17583408951759338
2856,2856,0.0009886756306514144,,,,,,,,,
2857,2857,,,0.9861276745796204,0.8022205233573914,0.7592402100563049,0.7481340169906616,0.19064399600028992,0.22404082119464874,0.1876000165939331,0.17583408951759338
2857,2857,0.0009233427117578685,,,,,,,,,
2858,2858,,,0.9735109210014343,0.806067943572998,0.763405978679657,0.7526851892471313,0.19963707029819489,0.22322037816047668,0.18849995732307434,0.17583408951759338
2858,2858,0.0008374645258300006,,,,,,,,,
2859,2859,,,0.9637763500213623,0.8049586415290833,0.7643057107925415,0.7426214218139648,0.18557628989219666,0.22255653142929077,0.1848490834236145,0.17583408951759338
2859,2859,0.0008329636766575277,,,,,,,,,
2860,2860,,,0.9897264838218689,0.8036390542984009,0.7591220140457153,0.7551625370979309,0.20329344272613525,0.22418871521949768,0.190028116106987,0.17583408951759338
2860,2860,0.0009032224188558757,,,,,,,,,
2861,2861,,,0.9591298699378967,0.8064514994621277,0.7653908133506775,0.7431787252426147,0.18605752289295197,0.2220710813999176,0.18478110432624817,0.17583408951759338
2861,2861,0.000958009622991085,,,,,,,,,
2862,2862,,,0.9839651584625244,0.8032311797142029,0.7598274946212769,0.7513331770896912,0.20155644416809082,0.2232414335012436,0.18850210309028625,0.17583408951759338
2862,2862,0.0009314820636063814,,,,,,,,,
2863,2863,,,0.9725385308265686,0.8058395385742188,0.764681339263916,0.7487142086029053,0.18954668939113617,0.22273676097393036,0.18722325563430786,0.17583408951759338
2863,2863,0.0008511014748364687,,,,,,,,,
2864,2864,,,0.9675214886665344,0.8038943409919739,0.7617978453636169,0.7455621361732483,0.19787970185279846,0.22191110253334045,0.1858052909374237,0.17583408951759338
2864,2864,0.0007903762743808329,,,,,,,,,
2865,2865,,,0.9862595200538635,0.8050665259361267,0.7609217166900635,0.7529067397117615,0.19311484694480896,0.22346912324428558,0.1891101747751236,0.17583408951759338
2865,2865,0.0007870750268921256,,,,,,,,,
2866,2866,,,0.9606078863143921,0.8039178848266602,0.7622555494308472,0.7435897588729858,0.19488525390625,0.22163724899291992,0.18477655947208405,0.17583408951759338
2866,2866,0.0008114976226352155,,,,,,,,,
2867,2867,,,0.984742283821106,0.8051703572273254,0.7610579133033752,0.7516831159591675,0.19586683809757233,0.22303226590156555,0.18868239223957062,0.17583408951759338
2867,2867,0.0008149752393364906,,,,,,,,,
2868,2868,,,0.9689369201660156,0.8035039305686951,0.7629418969154358,0.7462670207023621,0.1927400529384613,0.22229072451591492,0.1861254721879959,0.17583408951759338
2868,2868,0.0007850297843106091,,,,,,,,,
2869,2869,,,0.9718960523605347,0.8054531216621399,0.7626986503601074,0.7474371790885925,0.1978958398103714,0.22200506925582886,0.18672490119934082,0.17583408951759338
2869,2869,0.0007525112596340477,,,,,,,,,
2870,2870,,,0.9817737936973572,0.8038104176521301,0.7617942690849304,0.7497621178627014,0.19135507941246033,0.22298495471477509,0.18790046870708466,0.17583408951759338
2870,2870,0.000749463215470314,,,,,,,,,
2871,2871,,,0.9631492495536804,0.8050573468208313,0.7619673013687134,0.7450058460235596,0.19929620623588562,0.22150596976280212,0.18539366126060486,0.17583408951759338
2871,2871,0.0007741456502117217,,,,,,,,,
2872,2872,,,0.985048770904541,0.8047794103622437,0.7612239718437195,0.7503488659858704,0.1908661127090454,0.2229069173336029,0.1882459819316864,0.17583408951759338
2872,2872,0.0007977695786394179,,,,,,,,,
2873,2873,,,0.9664519429206848,0.8041261434555054,0.7615055441856384,0.7461161017417908,0.19986602663993835,0.22173306345939636,0.18588568270206451,0.17583408951759338
2873,2873,0.0007970231818035245,,,,,,,,,
2874,2874,,,0.9771822094917297,0.8056681156158447,0.7629206776618958,0.7480634450912476,0.19155491888523102,0.22221635282039642,0.18718886375427246,0.17583408951759338
2874,2874,0.0007769642979837954,,,,,,,,,
2875,2875,,,0.9762506484985352,0.803497314453125,0.7612483501434326,0.748751699924469,0.1990319937467575,0.22222107648849487,0.1872517317533493,0.17583408951759338
2875,2875,0.0007587439031340182,,,,,,,,,
2876,2876,,,0.9687268733978271,0.8062314391136169,0.7635176777839661,0.7456650733947754,0.19355030357837677,0.22163856029510498,0.1860083043575287,0.17583408951759338
2876,2876,0.0007564282859675586,,,,,,,,,
2877,2877,,,0.9812765717506409,0.8035721182823181,0.7609838843345642,0.7500014305114746,0.1969895213842392,0.22236007452011108,0.18789131939411163,0.17583408951759338
2877,2877,0.0007638662355020642,,,,,,,,,
2878,2878,,,0.968314528465271,0.8064234256744385,0.7630723118782043,0.7453275918960571,0.19590729475021362,0.22153349220752716,0.18588612973690033,0.17583408951759338
2878,2878,0.0007659991970285773,,,,,,,,,
2879,2879,,,0.9772825241088867,0.8041251301765442,0.761701762676239,0.7489029765129089,0.19524766504764557,0.22199074923992157,0.1873292624950409,0.17583408951759338
2879,2879,0.0007557886419817805,,,,,,,,,
2880,2880,,,0.9747030735015869,0.8061106204986572,0.7621023058891296,0.746874988079071,0.19722647964954376,0.22178037464618683,0.18669286370277405,0.17583408951759338
2880,2880,0.0007402572664432228,,,,,,,,,
2881,2881,,,0.9703769087791443,0.8049225807189941,0.7624077796936035,0.7469272017478943,0.19485190510749817,0.22151212394237518,0.18635250627994537,0.17583408951759338
2881,2881,0.0007307288469746709,,,,,,,,,
2882,2882,,,0.98016756772995,0.8055161237716675,0.7609710693359375,0.7484644055366516,0.19731806218624115,0.22199298441410065,0.18741169571876526,0.17583408951759338
2882,2882,0.0007311818189918995,,,,,,,,,
2883,2883,,,0.9682033658027649,0.805738091468811,0.7626581788063049,0.7460227608680725,0.19527094066143036,0.22132916748523712,0.18599045276641846,0.17583408951759338
2883,2883,0.0007359224837273359,,,,,,,,,
2884,2884,,,0.979251503944397,0.8051930665969849,0.7609881162643433,0.7486275434494019,0.19706498086452484,0.2218547910451889,0.18737147748470306,0.17583408951759338
2884,2884,0.0007371045649051666,,,,,,,,,
2885,2885,,,0.9721801280975342,0.8062140941619873,0.7624447345733643,0.7466504573822021,0.19565030932426453,0.22148379683494568,0.18644016981124878,0.17583408951759338
2885,2885,0.0007326058112084866,,,,,,,,,
2886,2886,,,0.973803699016571,0.8053278923034668,0.7616183757781982,0.7476062178611755,0.19706615805625916,0.22145427763462067,0.1867433339357376,0.17583408951759338
2886,2886,0.0007268362096510828,,,,,,,,,
2887,2887,,,0.9777907729148865,0.8063009977340698,0.7615151405334473,0.7477453351020813,0.19589965045452118,0.2217160016298294,0.18706858158111572,0.17583408951759338
2887,2887,0.0007251323550008237,,,,,,,,,
2888,2888,,,0.9695183038711548,0.8055816292762756,0.7618268132209778,0.7467384338378906,0.1972312182188034,0.22114446759223938,0.18621839582920074,0.17583408951759338
2888,2888,0.000728376442566514,,,,,,,,,
2889,2889,,,0.9798481464385986,0.806381106376648,0.7608938217163086,0.74806809425354,0.1962365359067917,0.2217293679714203,0.18725469708442688,0.17583408951759338
2889,2889,0.0007329035433940589,,,,,,,,,
2890,2890,,,0.9697368741035461,0.805668294429779,0.7617331743240356,0.7469205260276794,0.1973499208688736,0.22113819420337677,0.18627914786338806,0.17583408951759338
2890,2890,0.0007345466292463243,,,,,,,,,
2891,2891,,,0.9773539304733276,0.8066664934158325,0.7612664103507996,0.7473669648170471,0.19656364619731903,0.22147947549819946,0.1869131624698639,0.17583408951759338
2891,2891,0.0007325637270696461,,,,,,,,,
2892,2892,,,0.9731999039649963,0.8056492805480957,0.7614346146583557,0.7478395104408264,0.19760173559188843,0.22134165465831757,0.18675974011421204,0.17583408951759338
2892,2892,0.0007293424569070339,,,,,,,,,
2893,2893,,,0.9735541343688965,0.8069435358047485,0.7617986798286438,0.7463982701301575,0.19652675092220306,0.22118307650089264,0.18641461431980133,0.17583408951759338
2893,2893,0.0007277889526449144,,,,,,,,,
2894,2894,,,0.976194441318512,0.8056733012199402,0.7610183358192444,0.7484902739524841,0.1982700675725937,0.22148872911930084,0.18712985515594482,0.17583408951759338
2894,2894,0.0007284937892109156,,,,,,,,,
2895,2895,,,0.9720658659934998,0.8070479035377502,0.7619748711585999,0.7460337281227112,0.19604197144508362,0.22105814516544342,0.18621301651000977,0.17583408951759338
2895,2895,0.0007298769778572023,,,,,,,,,
2896,2896,,,0.9762161374092102,0.8057990074157715,0.7608307600021362,0.7482576966285706,0.19915089011192322,0.2214069813489914,0.1870620846748352,0.17583408951759338
2896,2896,0.0007300049182958901,,,,,,,,,
2897,2897,,,0.9736777544021606,0.8070982098579407,0.7618781924247742,0.7464462518692017,0.1955476701259613,0.2211407572031021,0.18642640113830566,0.17583408951759338
2897,2897,0.0007284916355274618,,,,,,,,,
2898,2898,,,0.9738881587982178,0.8059999346733093,0.7608446478843689,0.7474198341369629,0.19973261654376984,0.22115649282932281,0.18666911125183105,0.17583408951759338
2898,2898,0.0007264792802743614,,,,,,,,,
2899,2899,,0.000725477933883667,,,,,,,,
2899,2899,,,0.9763696789741516,0.8071593642234802,0.7616078853607178,0.7470961809158325,0.19543708860874176,0.22130130231380463,0.18677717447280884,0.17583408951759338
2899,2899,0.000725477933883667,,,,,,,,,
2900,2900,,,0.9717122912406921,0.8061826229095459,0.7608405947685242,0.7467156648635864,0.1999363750219345,0.22092080116271973,0.18631711602210999,0.17583408951759338
2900,2900,0.0007259413250721991,,,,,,,,,
2901,2901,,,0.9776666164398193,0.8071464896202087,0.761379063129425,0.747328519821167,0.19556935131549835,0.2213709056377411,0.1869177520275116,0.17583408951759338
2901,2901,0.0007272397051565349,,,,,,,,,
2902,2902,,,0.9714540839195251,0.8062976598739624,0.7608113288879395,0.7466519474983215,0.20015805959701538,0.22083105146884918,0.18627813458442688,0.17583408951759338
2902,2902,0.0007283019949682057,,,,,,,,,
2903,2903,,,0.9768814444541931,0.8071056604385376,0.7613707780838013,0.7469097971916199,0.1956052929162979,0.2212776243686676,0.186740443110466,0.17583408951759338
2903,2903,0.0007288269116543233,,,,,,,,,
2904,2904,,,0.9728121757507324,0.8063855171203613,0.7607464790344238,0.7471818923950195,0.20065413415431976,0.22088925540447235,0.1865239441394806,0.17583408951759338
2904,2904,0.0007292281370609999,,,,,,,,,
2905,2905,,,0.9753062725067139,0.8071994185447693,0.761480987071991,0.746120810508728,0.19543524086475372,0.22109121084213257,0.18640956282615662,0.17583408951759338
2905,2905,0.0007305013714358211,,,,,,,,,
2906,2906,,,0.9741520881652832,0.8064523935317993,0.7606173157691956,0.7478435039520264,0.20136713981628418,0.22098718583583832,0.18680711090564728,0.17583408951759338
2906,2906,0.0007331716478802264,,,,,,,,,
2907,2907,,,0.9746611714363098,0.8074227571487427,0.7615282535552979,0.7454598546028137,0.19510705769062042,0.22094859182834625,0.18617570400238037,0.17583408951759338
2907,2907,0.0007374425767920911,,,,,,,,,
2908,2908,,,0.9741449952125549,0.8064594864845276,0.7604854106903076,0.7481876611709595,0.20220133662223816,0.22099652886390686,0.1869061142206192,0.17583408951759338
2908,2908,0.0007430316181853414,,,,,,,,,
2909,2909,,,0.9756268262863159,0.8076460361480713,0.7613939046859741,0.7452083230018616,0.1946367621421814,0.22093872725963593,0.18615728616714478,0.17583408951759338
2909,2909,0.0007502079824917018,,,,,,,,,
2910,2910,,,0.9727267026901245,0.8064265251159668,0.7603427171707153,0.748153805732727,0.20317833125591278,0.22088247537612915,0.18679673969745636,0.17583408951759338
2910,2910,0.0007594492053613067,,,,,,,,,
2911,2911,,,0.9776343107223511,0.8078740835189819,0.7610440850257874,0.7452210783958435,0.19393789768218994,0.22104759514331818,0.18627209961414337,0.17583408951759338
2911,2911,0.0007723328308202326,,,,,,,,,
2912,2912,,,0.9707838296890259,0.8063561320304871,0.7600426077842712,0.7480562925338745,0.20447714626789093,0.22072775661945343,0.1866241693496704,0.17583408951759338
2912,2912,0.0007900529890321195,,,,,,,,,
2913,2913,,,0.9796753525733948,0.8082401156425476,0.7605695724487305,0.7451015114784241,0.19280681014060974,0.22119784355163574,0.1863446831703186,0.17583408951759338
2913,2913,0.0008152684313245118,,,,,,,,,
2914,2914,,,0.9692234396934509,0.8061359524726868,0.7594492435455322,0.7482836246490479,0.20643843710422516,0.2206539362668991,0.18655931949615479,0.17583408951759338
2914,2914,0.0008493330096825957,,,,,,,,,
2915,2915,,,0.9812381267547607,0.8088334202766418,0.7600394487380981,0.7445486783981323,0.1910092979669571,0.2213481217622757,0.1862586885690689,0.17583408951759338
2915,2915,0.0008973857620730996,,,,,,,,,
2916,2916,,,0.9683004021644592,0.8056846261024475,0.7584988474845886,0.7490477561950684,0.2094646841287613,0.22074216604232788,0.18668559193611145,0.17583408951759338
2916,2916,0.0009617181494832039,,,,,,,,,
2917,2917,,,0.9826778769493103,0.8096835613250732,0.7592146992683411,0.7435524463653564,0.18840323388576508,0.22156286239624023,0.18602228164672852,0.17583408951759338
2917,2917,0.0010534300236031413,,,,,,,,,
2918,2918,,,0.9675744771957397,0.8050670027732849,0.7571042776107788,0.750344455242157,0.21394474804401398,0.22102902829647064,0.18697969615459442,0.17583408951759338
2918,2918,0.001175467623397708,,,,,,,,,
2919,2919,,,0.9849320650100708,0.8108179569244385,0.7574939131736755,0.7423110604286194,0.1849702149629593,0.22199015319347382,0.18572263419628143,0.17583408951759338
2919,2919,0.0013494929298758507,,,,,,,,,
2920,2920,,,0.9664082527160645,0.8043687343597412,0.7550755739212036,0.752074658870697,0.2202279418706894,0.2215670794248581,0.18737462162971497,0.17583408951759338
2920,2920,0.0015735352644696832,,,,,,,,,
2921,2921,,,0.988820493221283,0.8122228384017944,0.7545272707939148,0.7410277128219604,0.18084591627120972,0.22276383638381958,0.18546047806739807,0.17583408951759338
2921,2921,0.001885364530608058,,,,,,,,,
2922,2922,,,0.9646195769309998,0.8036743998527527,0.7523223161697388,0.754138708114624,0.22835205495357513,0.22244979441165924,0.18784049153327942,0.17583408951759338
2922,2922,0.0022553736343979836,,,,,,,,,
2923,2923,,,0.9940634965896606,0.8137004971504211,0.7508472800254822,0.7398321628570557,0.1763886660337448,0.2238161712884903,0.18528887629508972,0.17583408951759338
2923,2923,0.0027357141952961683,,,,,,,,,
2924,2924,,,0.9627789258956909,0.8032851219177246,0.7495161890983582,0.756240963935852,0.23710812628269196,0.2236286997795105,0.18836745619773865,0.17583408951759338
2924,2924,0.0032044805120676756,,,,,,,,,
2925,2925,,,0.9980771541595459,0.81458979845047,0.7484104633331299,0.7389219999313354,0.17205312848091125,0.22453847527503967,0.1851636916399002,0.17583408951759338
2925,2925,0.003704654285684228,,,,,,,,,
2926,2926,,,0.961952805519104,0.8037710189819336,0.7486299276351929,0.7574216723442078,0.2425987869501114,0.224514901638031,0.18878421187400818,0.17583408951759338
2926,2926,0.003945564851164818,,,,,,,,,
2927,2927,,,0.9960995316505432,0.8136677145957947,0.7503025531768799,0.7388951778411865,0.16862769424915314,0.2238217443227768,0.18502183258533478,0.17583408951759338
2927,2927,0.003974125254899263,,,,,,,,,
2928,2928,,,0.9637864828109741,0.8056268692016602,0.7519716024398804,0.7562327980995178,0.23889143764972687,0.22421127557754517,0.18876701593399048,0.17583408951759338
2928,2928,0.0034961996134370565,,,,,,,,,
2929,2929,,,0.9860866665840149,0.8102734088897705,0.7582228183746338,0.7410160899162292,0.16979265213012695,0.2216910421848297,0.18524087965488434,0.17583408951759338
2929,2929,0.0027468674816191196,,,,,,,,,
2930,2930,,,0.9704819917678833,0.8088608384132385,0.7582608461380005,0.7523328065872192,0.22357557713985443,0.22290168702602386,0.18826057016849518,0.17583408951759338
2930,2930,0.0018275314942002296,,,,,,,,,
2931,2931,,,0.9736261367797852,0.805821418762207,0.7619361877441406,0.7461012601852417,0.18196895718574524,0.22044576704502106,0.18602551519870758,0.17583408951759338
2931,2931,0.0011116293026134372,,,,,,,,,
2932,2932,,,0.9806400537490845,0.8126267194747925,0.7593892216682434,0.7473270893096924,0.2020423859357834,0.22170834243297577,0.18724213540554047,0.17583408951759338
2932,2932,0.000793691782746464,,,,,,,,,
2933,2933,,,0.9658241271972656,0.8026607036590576,0.7570592761039734,0.752341091632843,0.20307108759880066,0.22153475880622864,0.18722182512283325,0.17583408951759338
2933,2933,0.0008955969824455678,,,,,,,,,
2934,2934,,,0.9873124361038208,0.8150660395622253,0.7550957202911377,0.7435011267662048,0.18374347686767578,0.22089190781116486,0.1860099881887436,0.17583408951759338
2934,2934,0.0012480092700570822,,,,,,,,,
2935,2935,,,0.9644757509231567,0.8019938468933105,0.7543926239013672,0.7560657858848572,0.21951448917388916,0.22330982983112335,0.1884067952632904,0.17583408951759338
2935,2935,0.0015889611095190048,,,,,,,,,
2936,2936,,,0.9849327802658081,0.814562976360321,0.7568718791007996,0.7426881790161133,0.17605789005756378,0.2200905680656433,0.18555998802185059,0.17583408951759338
2936,2936,0.0017319999169558287,,,,,,,,,
2937,2937,,,0.9686477780342102,0.8038609027862549,0.7566158175468445,0.7550972700119019,0.2196321189403534,0.22361686825752258,0.18865670263767242,0.17583408951759338
2937,2937,0.00157988874707371,,,,,,,,,
2938,2938,,,0.9757497906684875,0.811516284942627,0.7626594305038452,0.7456236481666565,0.18170256912708282,0.21979601681232452,0.1861686110496521,0.17583408951759338
2938,2938,0.0012489500222727656,,,,,,,,,
2939,2939,,,0.976616382598877,0.8072906136512756,0.7596952319145203,0.7504808902740479,0.2052045315504074,0.22242991626262665,0.18785493075847626,0.17583408951759338
2939,2939,0.0009076033602468669,,,,,,,,,
2940,2940,,,0.967585563659668,0.8080126643180847,0.7618815302848816,0.750933051109314,0.19691629707813263,0.22089114785194397,0.18728719651699066,0.17583408951759338
2940,2940,0.0007256204844452441,,,,,,,,,
2941,2941,,,0.9835920333862305,0.8103767037391663,0.758518397808075,0.7453891634941101,0.18899691104888916,0.22097250819206238,0.18650256097316742,0.17583408951759338
2941,2941,0.0007520837243646383,,,,,,,,,
2942,2942,,,0.9653844237327576,0.8058524131774902,0.7594375014305115,0.7553094029426575,0.21041680872440338,0.22262215614318848,0.1885097175836563,0.17583408951759338
2942,2942,0.0009125409414991736,,,,,,,,,
2943,2943,,,0.983928382396698,0.8113921284675598,0.7575432658195496,0.7428550720214844,0.1818954199552536,0.21983693540096283,0.1855652630329132,0.17583408951759338
2943,2943,0.0010746377520263195,,,,,,,,,
2944,2944,,,0.968752384185791,0.8056763410568237,0.7597039341926575,0.7559908032417297,0.21195101737976074,0.22321978211402893,0.18901991844177246,0.17583408951759338
2944,2944,0.0011260623577982187,,,,,,,,,
2945,2945,,,0.9774829149246216,0.8101295232772827,0.7599934935569763,0.7440600991249084,0.18660730123519897,0.21931569278240204,0.1856401562690735,0.17583408951759338
2945,2945,0.0010485434904694557,,,,,,,,,
2946,2946,,,0.9748966097831726,0.807111918926239,0.7612511515617371,0.7529721856117249,0.20142343640327454,0.2223336398601532,0.1884741336107254,0.17583408951759338
2946,2946,0.0008956321398727596,,,,,,,,,
2947,2947,,,0.9700650572776794,0.8080331683158875,0.7604755759239197,0.7478213310241699,0.1990247666835785,0.21988004446029663,0.18641699850559235,0.17583408951759338
2947,2947,0.0007616232614964247,,,,,,,,,
2948,2948,,,0.9798844456672668,0.8088560104370117,0.7613099217414856,0.7485451698303223,0.1883627474308014,0.22105936706066132,0.18729685246944427,0.17583408951759338
2948,2948,0.0007100281654857099,,,,,,,,,
2949,2949,,0.000744720222428441,,,,,,,,
2949,2949,,,0.9671567678451538,0.8067901134490967,0.7594867944717407,0.751556932926178,0.21022213995456696,0.22115308046340942,0.18746164441108704,0.17583408951759338
2949,2949,0.000744720222428441,,,,,,,,,
2950,2950,,,0.9802891612052917,0.8095011115074158,0.7608776092529297,0.7453008890151978,0.18226805329322815,0.22016577422618866,0.18623581528663635,0.17583408951759338
2950,2950,0.0008194007095880806,,,,,,,,,
2951,2951,,,0.9696798324584961,0.8070330619812012,0.7599348425865173,0.753154456615448,0.21268394589424133,0.2219497710466385,0.1882300078868866,0.17583408951759338
2951,2951,0.0008738824399188161,,,,,,,,,
2952,2952,,,0.9761145114898682,0.8086897730827332,0.7615726590156555,0.7446472644805908,0.18551982939243317,0.2197544425725937,0.18582028150558472,0.17583408951759338
2952,2952,0.0008747288375161588,,,,,,,,,
2953,2953,,,0.9749985337257385,0.8082782626152039,0.7612184882164001,0.7522551417350769,0.20620666444301605,0.22173890471458435,0.1883285641670227,0.17583408951759338
2953,2953,0.0008246349170804024,,,,,,,,,
2954,2954,,,0.9709697961807251,0.8071478009223938,0.7613446116447449,0.7462624311447144,0.19461190700531006,0.2198774665594101,0.18601995706558228,0.17583408951759338
2954,2954,0.0007579693919979036,,,,,,,,,
2955,2955,,,0.9793235063552856,0.8095799684524536,0.7615326642990112,0.7500384449958801,0.19672849774360657,0.22098328173160553,0.18782927095890045,0.17583408951759338
2955,2955,0.0007104869000613689,,,,,,,,,
2956,2956,,,0.9686473608016968,0.8058475852012634,0.7600314617156982,0.7485884428024292,0.2035798281431198,0.22041183710098267,0.18657153844833374,0.17583408951759338
2956,2956,0.0007005002116784453,,,,,,,,,
2957,2957,,,0.9798459410667419,0.8102105855941772,0.7613691091537476,0.7480118870735168,0.19068600237369537,0.22026050090789795,0.1871432065963745,0.17583408951759338
2957,2957,0.0007214805809780955,,,,,,,,,
2958,2958,,,0.9702278971672058,0.8054034113883972,0.7592582106590271,0.7500845193862915,0.20758002996444702,0.2208920270204544,0.1871311515569687,0.17583408951759338
2958,2958,0.0007513274904340506,,,,,,,,,
2959,2959,,,0.9764183163642883,0.8100247979164124,0.7620078921318054,0.7470983266830444,0.1905476152896881,0.21980789303779602,0.1866626888513565,0.17583408951759338
2959,2959,0.0007687816396355629,,,,,,,,,
2960,2960,,,0.9742610454559326,0.8058621883392334,0.7593700289726257,0.7501142621040344,0.20574621856212616,0.22096014022827148,0.18740001320838928,0.17583408951759338
2960,2960,0.0007637380622327328,,,,,,,,,
2961,2961,,,0.9715052247047424,0.8093683123588562,0.7625552415847778,0.7474550008773804,0.19458462297916412,0.21969705820083618,0.18651454150676727,0.17583408951759338
2961,2961,0.0007417057058773935,,,,,,,,,
2962,2962,,,0.9782894849777222,0.8067483901977539,0.7595542073249817,0.748963475227356,0.2009497731924057,0.2206607609987259,0.18727606534957886,0.17583408951759338
2962,2962,0.0007155993953347206,,,,,,,,,
2963,2963,,,0.968194842338562,0.8087489604949951,0.7623344659805298,0.7486245632171631,0.19943130016326904,0.2199123501777649,0.18668563663959503,0.17583408951759338
2963,2963,0.0006982585182413459,,,,,,,,,
2964,2964,,,0.9801737666130066,0.8074497580528259,0.7594690322875977,0.747377336025238,0.19685004651546478,0.22022327780723572,0.18686619400978088,0.17583408951759338
2964,2964,0.00069497583899647,,,,,,,,,
2965,2965,,,0.9680646061897278,0.8085360527038574,0.7620245814323425,0.7498636245727539,0.20250792801380157,0.22028730809688568,0.18707671761512756,0.17583408951759338
2965,2965,0.0007027295650914311,,,,,,,,,
2966,2966,,,0.9791203737258911,0.8076072931289673,0.7595202922821045,0.7460349202156067,0.19540847837924957,0.21980734169483185,0.18637165427207947,0.17583408951759338
2966,2966,0.0007137223146855831,,,,,,,,,
2967,2967,,,0.9705825448036194,0.808809757232666,0.7620888948440552,0.7505910992622375,0.20284564793109894,0.22058790922164917,0.18748930096626282,0.17583408951759338
2967,2967,0.0007203216664493084,,,,,,,,,
2968,2968,,,0.9760545492172241,0.8072212338447571,0.7596371173858643,0.7452525496482849,0.19660799205303192,0.21949288249015808,0.18594159185886383,0.17583408951759338
2968,2968,0.0007193123456090689,,,,,,,,,
2969,2969,,,0.9739536643028259,0.8094063401222229,0.7622703909873962,0.7506407499313354,0.2008703202009201,0.22067499160766602,0.187729611992836,0.17583408951759338
2969,2969,0.0007119856891222298,,,,,,,,,
2970,2970,,,0.97291499376297,0.8065641522407532,0.7593400478363037,0.7450321912765503,0.19933338463306427,0.2193460464477539,0.18566438555717468,0.17583408951759338
2970,2970,0.0007028715335763991,,,,,,,,,
2971,2971,,,0.976330041885376,0.8101216554641724,0.7623575925827026,0.7501852512359619,0.1979222446680069,0.22054602205753326,0.18772508203983307,0.17583408951759338
2971,2971,0.0006964329513721168,,,,,,,,,
2972,2972,,,0.9713979363441467,0.8059626817703247,0.7586548924446106,0.7451939582824707,0.202224463224411,0.21939590573310852,0.18559354543685913,0.17583408951759338
2972,2972,0.0006950547103770077,,,,,,,,,
2973,2973,,,0.9766510725021362,0.8108595013618469,0.7625910639762878,0.749557614326477,0.19542911648750305,0.2202790379524231,0.1875440776348114,0.17583408951759338
2973,2973,0.0006984260980971158,,,,,,,,,
2974,2974,,,0.9721415042877197,0.8055453300476074,0.7578901648521423,0.7454104423522949,0.20428623259067535,0.21957886219024658,0.1856846660375595,0.17583408951759338
2974,2974,0.0007043784135021269,,,,,,,,,
2975,2975,,,0.9749204516410828,0.8116171360015869,0.763171374797821,0.749114990234375,0.19416989386081696,0.21998678147792816,0.18732354044914246,0.17583408951759338
2975,2975,0.0007106044213287532,,,,,,,,,
2976,2976,,,0.9747071266174316,0.805202305316925,0.7570505738258362,0.7452936768531799,0.20510250329971313,0.21975813806056976,0.18577952682971954,0.17583408951759338
2976,2976,0.0007157517829909921,,,,,,,,,
2977,2977,,,0.97195965051651,0.8124760985374451,0.7639134526252747,0.7491378784179688,0.19420850276947021,0.2197931557893753,0.18719621002674103,0.17583408951759338
2977,2977,0.0007202568231150508,,,,,,,,,
2978,2978,,,0.978040874004364,0.8047580718994141,0.7558571696281433,0.7445690631866455,0.20478428900241852,0.21980929374694824,0.18569810688495636,0.17583408951759338
2978,2978,0.0007257316610775888,,,,,,,,,
2979,2979,,,0.968842625617981,0.8136545419692993,0.7645992636680603,0.7497884631156921,0.19512303173542023,0.21979689598083496,0.18726998567581177,0.17583408951759338
2979,2979,0.0007345547201111913,,,,,,,,,
2980,2980,,,0.981052815914154,0.8040472269058228,0.754095733165741,0.7431436777114868,0.203938290476799,0.21969105303287506,0.18532972037792206,0.17583408951759338
2980,2980,0.0007490608259104192,,,,,,,,,
2981,2981,,,0.9663509726524353,0.8154901266098022,0.765252947807312,0.7511247992515564,0.19616389274597168,0.2200324684381485,0.18761473894119263,0.17583408951759338
2981,2981,0.0007712937076576054,,,,,,,,,
2982,2982,,,0.9831259250640869,0.8029030561447144,0.7516602873802185,0.7410415410995483,0.20345331728458405,0.21945735812187195,0.18464891612529755,0.17583408951759338
2982,2982,0.0008034156635403633,,,,,,,,,
2983,2983,,,0.9647160768508911,0.8183943033218384,0.7659218311309814,0.7531289458274841,0.19651415944099426,0.22046762704849243,0.18823984265327454,0.17583408951759338
2983,2983,0.0008478069794364274,,,,,,,,,
2984,2984,,,0.9843616485595703,0.801284909248352,0.7483469247817993,0.7383173108100891,0.20402926206588745,0.2192254215478897,0.18368564546108246,0.17583408951759338
2984,2984,0.0009085937053896487,,,,,,,,,
2985,2985,,,0.9636443257331848,0.8228759169578552,0.7662238478660583,0.75576251745224,0.1956615149974823,0.22104492783546448,0.18908774852752686,0.17583408951759338
2985,2985,0.000990916509181261,,,,,,,,,
2986,2986,,,0.9854421615600586,0.7994121313095093,0.7438862323760986,0.7349974513053894,0.2058618664741516,0.21914005279541016,0.1824982613325119,0.17583408951759338
2986,2986,0.0011031478643417358,,,,,,,,,
2987,2987,,,0.9625266194343567,0.8294048309326172,0.7651891708374023,0.7589889764785767,0.19365836679935455,0.2217252403497696,0.190047025680542,0.17583408951759338
2987,2987,0.0012538149021565914,,,,,,,,,
2988,2988,,,0.9872055053710938,0.7976573705673218,0.73837810754776,0.7311372756958008,0.2085513472557068,0.21936531364917755,0.1811879426240921,0.17583408951759338
2988,2988,0.0014545716112479568,,,,,,,,,
2989,2989,,,0.9608495831489563,0.8377077579498291,0.7624853253364563,0.7625824213027954,0.19128833711147308,0.22246356308460236,0.19100040197372437,0.17583408951759338
2989,2989,0.0017112619243562222,,,,,,,,,
2990,2990,,,0.9900843501091003,0.7961568236351013,0.7330299019813538,0.7271411418914795,0.2108648121356964,0.22008278965950012,0.17998524010181427,0.17583408951759338
2990,2990,0.0020288703963160515,,,,,,,,,
2991,2991,,,0.9587967395782471,0.8452804088592529,0.7597030401229858,0.7656068205833435,0.19023051857948303,0.22304409742355347,0.1917557716369629,0.17583408951759338
2991,2991,0.0023883963003754616,,,,,,,,,
2992,2992,,,0.9934638142585754,0.7942250370979309,0.7307730317115784,0.724307656288147,0.2103859782218933,0.2213848978281021,0.1793600171804428,0.17583408951759338
2992,2992,0.0027651400305330753,,,,,,,,,
2993,2993,,,0.9576838612556458,0.846571147441864,0.759223997592926,0.765910267829895,0.19306661188602448,0.2228400707244873,0.19179168343544006,0.17583408951759338
2993,2993,0.003083867486566305,,,,,,,,,
2994,2994,,,0.995239794254303,0.791344404220581,0.7354685068130493,0.7250166535377502,0.20392648875713348,0.2230331301689148,0.1799943745136261,0.17583408951759338
2994,2994,0.0032966765575110912,,,,,,,,,
2995,2995,,,0.9594117403030396,0.8379127383232117,0.7623947262763977,0.7609239220619202,0.20261836051940918,0.2211071103811264,0.19048413634300232,0.17583408951759338
2995,2995,0.0033115262631326914,,,,,,,,,
2996,2996,,,0.9926997423171997,0.7916445136070251,0.7484230995178223,0.7314019203186035,0.19001831114292145,0.22453920543193817,0.18243399262428284,0.17583408951759338
2996,2996,0.0031758970580995083,,,,,,,,,
2997,2997,,,0.9647286534309387,0.8259981274604797,0.763315737247467,0.7506634593009949,0.21969500184059143,0.21833379566669464,0.18773646652698517,0.17583408951759338
2997,2997,0.0028981927316635847,,,,,,,,,
2998,2998,,,0.9849631190299988,0.8020645380020142,0.7633426785469055,0.7424962520599365,0.17210116982460022,0.22560998797416687,0.18617013096809387,0.17583408951759338
2998,2998,0.0026687541976571083,,,,,,,,,
2999,2999,,0.0025076468009501696,,,,,,,,
2999,2999,,,0.9725708961486816,0.8207220435142517,0.7511998414993286,0.7394957542419434,0.23971839249134064,0.21658001840114594,0.1843254268169403,0.17583408951759338
2999,2999,0.0025076468009501696,,,,,,,,,
3000,3000,,,0.9725708961486816,0.8207220435142517,0.7511998414993286,0.7394957542419434,0.23971839249134064,0.21658001840114594,0.1843254268169403,0.17583408951759338
