epoch,step,train/loss_epoch,train/loss_step,val/error_p,val/error_q,val/error_qq,val/error_u,val/error_v,val/error_xx,val/loss,val/loss_best
0,0,,,3.29313588142395,4.348269939422607,2.4688096046447754,1.0625900030136108,2.0172109603881836,0.5517135858535767,1.0948879718780518,1.0948879718780518
0,0,3.0704426765441895,,,,,,,,,
1,1,,,2.615760326385498,4.786275386810303,2.1476306915283203,1.0212101936340332,1.52703857421875,0.5126047730445862,0.8775821924209595,0.8775821924209595
1,1,2.615954637527466,,,,,,,,,
2,2,,,2.0098931789398193,5.1268839836120605,1.9485173225402832,0.9762417078018188,1.0875544548034668,0.5246212482452393,0.742094099521637,0.742094099521637
2,2,2.247962236404419,,,,,,,,,
3,3,,,1.5084419250488281,5.320626735687256,1.8435558080673218,0.9288018941879272,0.7280601859092712,0.5635014772415161,0.6637791395187378,0.6637791395187378
3,3,1.9593085050582886,,,,,,,,,
4,4,,,1.1478054523468018,5.333744049072266,1.7834042310714722,0.8801654577255249,0.4648433327674866,0.5988415479660034,0.6127171516418457,0.6127171516418457
4,4,1.732947826385498,,,,,,,,,
5,5,,,0.9463233947753906,5.16511869430542,1.7237049341201782,0.831275999546051,0.2991187274456024,0.6128535866737366,0.5650694966316223,0.5650694966316223
5,5,1.5465229749679565,,,,,,,,,
6,6,,,0.8776694536209106,4.841066837310791,1.6408995389938354,0.7826917171478271,0.22197775542736053,0.6032418608665466,0.5103151798248291,0.5103151798248291
6,6,1.3807611465454102,,,,,,,,,
7,7,,,0.87926185131073,4.401771068572998,1.5311262607574463,0.7347352504730225,0.21757248044013977,0.576241672039032,0.4489695727825165,0.4489695727825165
7,7,1.224685788154602,,,,,,,,,
8,8,,,0.8980370759963989,3.8929364681243896,1.4039779901504517,0.6876864433288574,0.2654557526111603,0.5394527912139893,0.3864901661872864,0.3864901661872864
8,8,1.0753028392791748,,,,,,,,,
9,9,,,0.9095599055290222,3.3633596897125244,1.2773289680480957,0.6420083045959473,0.34689682722091675,0.4993939995765686,0.3291642367839813,0.3291642367839813
9,9,0.9346197247505188,,,,,,,,,
10,10,,,0.9096258878707886,2.8650102615356445,1.1725748777389526,0.5985051989555359,0.44557714462280273,0.46143484115600586,0.282029390335083,0.282029390335083
10,10,0.8065796494483948,,,,,,,,,
11,11,,,0.9038965106010437,2.450585126876831,1.1075294017791748,0.5583779215812683,0.5460806488990784,0.42970430850982666,0.2477521002292633,0.2477521002292633
11,11,0.6947736740112305,,,,,,,,,
12,12,,,0.9009935855865479,2.1622114181518555,1.0876059532165527,0.5231776833534241,0.6343042254447937,0.4065292775630951,0.22624258697032928,0.22624258697032928
12,12,0.6010345220565796,,,,,,,,,
13,13,,,0.9076208472251892,2.0109739303588867,1.1028410196304321,0.4946114420890808,0.6988770365715027,0.3919782042503357,0.21511469781398773,0.21511469781398773
13,13,0.5249278545379639,,,,,,,,,
14,14,,,0.9257558584213257,1.9668203592300415,1.1352497339248657,0.4741699695587158,0.7325974106788635,0.3842303156852722,0.21084745228290558,0.21084745228290558
14,14,0.4641054570674896,,,,,,,,,
15,15,,,0.952785074710846,1.9778550863265991,1.1686116456985474,0.4626665711402893,0.7332048416137695,0.38072648644447327,0.21007943153381348,0.21007943153381348
15,15,0.41525503993034363,,,,,,,,,
16,16,,,0.9838076233863831,1.9988032579421997,1.1926618814468384,0.459868848323822,0.7034570574760437,0.3792955279350281,0.2104363739490509,0.21007943153381348
16,16,0.37514248490333557,,,,,,,,,
17,17,,,1.01404869556427,2.0027780532836914,1.2021260261535645,0.4644284248352051,0.6507805585861206,0.3786482512950897,0.21067984402179718,0.21007943153381348
17,17,0.34129273891448975,,,,,,,,,
18,18,,,1.0400896072387695,1.9785915613174438,1.1937793493270874,0.47417449951171875,0.5868428945541382,0.37827131152153015,0.21034947037696838,0.21007943153381348
18,18,0.3121749758720398,,,,,,,,,
19,19,,,1.0600332021713257,1.9246196746826172,1.1733713150024414,0.48661234974861145,0.5267645120620728,0.3780520260334015,0.20984388887882233,0.20984388887882233
19,19,0.287011981010437,,,,,,,,,
20,20,,,1.0731875896453857,1.8441492319107056,1.146092414855957,0.49939483404159546,0.48623916506767273,0.3779119849205017,0.20945045351982117,0.20945045351982117
20,20,0.2654191851615906,,,,,,,,,
21,21,,,1.079676866531372,1.7428979873657227,1.113593578338623,0.5106345415115356,0.47458547353744507,0.3775997757911682,0.20896795392036438,0.20896795392036438
21,21,0.24705582857131958,,,,,,,,,
22,22,,,1.0801284313201904,1.6282227039337158,1.07686448097229,0.5190477967262268,0.4881197214126587,0.3766864240169525,0.20790909230709076,0.20790909230709076
22,22,0.23140667378902435,,,,,,,,,
23,23,,,1.0754362344741821,1.5093357563018799,1.0369141101837158,0.5239693522453308,0.5130784511566162,0.37470781803131104,0.20571020245552063,0.20571020245552063
23,23,0.21775294840335846,,,,,,,,,
24,24,,,1.0665802955627441,1.3977805376052856,0.9947437644004822,0.5252859592437744,0.534770131111145,0.3713490962982178,0.20194938778877258,0.20194938778877258
24,24,0.205311581492424,,,,,,,,,
25,25,,,1.0544958114624023,1.3071757555007935,0.9513230919837952,0.523324728012085,0.5429784655570984,0.3665769398212433,0.1965140551328659,0.1965140551328659
25,25,0.19345183670520782,,,,,,,,,
26,26,,,1.0399971008300781,1.2509878873825073,0.9078019857406616,0.5187209248542786,0.5326318740844727,0.3606807291507721,0.1896667331457138,0.1896667331457138
26,26,0.181874617934227,,,,,,,,,
27,27,,,1.0237500667572021,1.2378901243209839,0.8659752011299133,0.5122835636138916,0.5027895569801331,0.35423311591148376,0.18200290203094482,0.18200290203094482
27,27,0.17067216336727142,,,,,,,,,
28,28,,,1.0062817335128784,1.2671351432800293,0.8286200165748596,0.5048676133155823,0.4555095136165619,0.34798938035964966,0.17431703209877014,0.17431703209877014
28,28,0.16025176644325256,,,,,,,,,
29,29,,,0.9880051612854004,1.3281835317611694,0.7990671396255493,0.4972645342350006,0.39495834708213806,0.34273529052734375,0.16740544140338898,0.16740544140338898
29,29,0.15116143226623535,,,,,,,,,
30,30,,,0.9692521095275879,1.4051278829574585,0.7800682783126831,0.4901173412799835,0.32677119970321655,0.3391009569168091,0.161869078874588,0.161869078874588
30,30,0.14388495683670044,,,,,,,,,
31,31,,,0.9503050446510315,1.482001781463623,0.7726771831512451,0.48386985063552856,0.25768184661865234,0.3373956084251404,0.15798518061637878,0.15798518061637878
31,31,0.1386694312095642,,,,,,,,,
32,32,,,0.931428074836731,1.5460522174835205,0.7750571370124817,0.4787524938583374,0.19554847478866577,0.33753135800361633,0.15565189719200134,0.15565189719200134
32,32,0.13543540239334106,,,,,,,,,
33,33,,,0.9128943085670471,1.5889761447906494,0.7840515375137329,0.47480443120002747,0.14961984753608704,0.3390730619430542,0.15450674295425415,0.15450674295425415
33,33,0.13378986716270447,,,,,,,,,
34,34,,,0.895006537437439,1.6070404052734375,0.7962600588798523,0.47192126512527466,0.128187894821167,0.34138885140419006,0.15406590700149536,0.15406590700149536
34,34,0.13313238322734833,,,,,,,,,
35,35,,,0.8781065344810486,1.6006780862808228,0.8086142539978027,0.4699142575263977,0.12946873903274536,0.34383198618888855,0.15385711193084717,0.15385711193084717
35,35,0.13281425833702087,,,,,,,,,
36,36,,,0.8625649213790894,1.5737720727920532,0.818647563457489,0.46856561303138733,0.14079496264457703,0.34588637948036194,0.1535194218158722,0.1535194218158722
36,36,0.1322939544916153,,,,,,,,,
37,37,,,0.8487493395805359,1.5326611995697021,0.8245422840118408,0.46767014265060425,0.15161047875881195,0.34724292159080505,0.1528487503528595,0.1528487503528595
37,37,0.1312391608953476,,,,,,,,,
38,38,,,0.8369821310043335,1.4848800897598267,0.8252463936805725,0.46705925464630127,0.15765321254730225,0.3478070795536041,0.15179812908172607,0.15179812908172607
38,38,0.12955008447170258,,,,,,,,,
39,39,,,0.827508270740509,1.4376635551452637,0.8206743597984314,0.4666089415550232,0.1584729552268982,0.3476581871509552,0.15044674277305603,0.15044674277305603
39,39,0.12731225788593292,,,,,,,,,
40,40,,,0.8204957842826843,1.3964132070541382,0.8117918372154236,0.4662368595600128,0.15530335903167725,0.3469856381416321,0.14895008504390717,0.14895008504390717
40,40,0.12470908463001251,,,,,,,,,
41,41,,,0.8160725831985474,1.3635584115982056,0.8004090189933777,0.4658927321434021,0.14989005029201508,0.3460220992565155,0.1474831998348236,0.1474831998348236
41,41,0.12193197011947632,,,,,,,,,
42,42,,,0.8143796324729919,1.338297963142395,0.7887172698974609,0.4655468463897705,0.1438571959733963,0.34498822689056396,0.14619341492652893,0.14619341492652893
42,42,0.11911983788013458,,,,,,,,,
43,43,,,0.8155985474586487,1.317394495010376,0.7787891030311584,0.46517786383628845,0.13843934237957,0.3440537750720978,0.14517521858215332,0.14517521858215332
43,43,0.11634110659360886,,,,,,,,,
44,44,,,0.819916844367981,1.296665072441101,0.7722415924072266,0.464761883020401,0.13449722528457642,0.343315988779068,0.14446932077407837,0.14446932077407837
44,44,0.11361360549926758,,,,,,,,,
45,45,,,0.8274222016334534,1.272500991821289,0.7701035141944885,0.46426182985305786,0.13265155255794525,0.3427899479866028,0.1440735012292862,0.1440735012292862
45,45,0.11094298958778381,,,,,,,,,
46,46,,,0.8379575610160828,1.2428956031799316,0.7727876305580139,0.4636184573173523,0.1333114355802536,0.34240758419036865,0.1439499855041504,0.1439499855041504
46,46,0.1083553358912468,,,,,,,,,
47,47,,,0.8510006666183472,1.20779550075531,0.7800754308700562,0.4627448618412018,0.13650165498256683,0.34202322363853455,0.14402306079864502,0.1439499855041504
47,47,0.10590742528438568,,,,,,,,,
48,48,,,0.8656302690505981,1.1688591241836548,0.7910879254341125,0.4615274965763092,0.1416490226984024,0.3414282500743866,0.1441701054573059,0.1439499855041504
48,48,0.1036706268787384,,,,,,,,,
49,49,,0.10169932246208191,,,,,,,,
49,49,,,0.8806065320968628,1.1288173198699951,0.8046895861625671,0.45983678102493286,0.14758791029453278,0.3403765559196472,0.14423459768295288,0.1439499855041504
49,49,0.10169932246208191,,,,,,,,,
50,50,,,0.8945496082305908,1.0906579494476318,0.8194839358329773,0.4575486183166504,0.1528504490852356,0.33862361311912537,0.14403508603572845,0.1439499855041504
50,50,0.10000190138816833,,,,,,,,,
51,51,,,0.9061629772186279,1.0568742752075195,0.8339049816131592,0.45457300543785095,0.15608343482017517,0.33597204089164734,0.14339204132556915,0.14339204132556915
51,51,0.09853015094995499,,,,,,,,,
52,52,,,0.9144426584243774,1.028971791267395,0.846567690372467,0.4508834779262543,0.1564171016216278,0.33231672644615173,0.14217419922351837,0.14217419922351837
52,52,0.097194142639637,,,,,,,,,
53,53,,,0.9188255071640015,1.0073442459106445,0.8565104007720947,0.44653692841529846,0.15370018780231476,0.3276764154434204,0.14033682644367218,0.14033682644367218
53,53,0.09589564800262451,,,,,,,,,
54,54,,,0.9192489385604858,0.9914754629135132,0.8632684350013733,0.4416780471801758,0.14857575297355652,0.3222034275531769,0.13793687522411346,0.13793687522411346
54,54,0.09456474334001541,,,,,,,,,
55,55,,,0.9161219000816345,0.9803028106689453,0.8668304681777954,0.43652305006980896,0.14237245917320251,0.31616660952568054,0.13512063026428223,0.13512063026428223
55,55,0.09318265318870544,,,,,,,,,
56,56,,,0.9102190732955933,0.9725738763809204,0.8675532341003418,0.4313267171382904,0.13676181435585022,0.30990979075431824,0.13209018111228943,0.13209018111228943
56,56,0.09178099036216736,,,,,,,,,
57,57,,,0.9025261402130127,0.9671059846878052,0.8660630583763123,0.4263419508934021,0.13317951560020447,0.3037964701652527,0.12906111776828766,0.12906111776828766
57,57,0.09041973948478699,,,,,,,,,
58,58,,,0.8940721750259399,0.9629552364349365,0.8631467223167419,0.4217826724052429,0.13221435248851776,0.2981545627117157,0.12622469663619995,0.12622469663619995
58,58,0.08915633708238602,,,,,,,,,
59,59,,,0.8857818841934204,0.9595292210578918,0.8596236705780029,0.4178007245063782,0.13338474929332733,0.29323530197143555,0.12372370064258575,0.12372370064258575
59,59,0.08802039176225662,,,,,,,,,
60,60,,,0.878376841545105,0.9566479325294495,0.8562177419662476,0.41448119282722473,0.1355111449956894,0.28919485211372375,0.1216454803943634,0.1216454803943634
60,60,0.08700501173734665,,,,,,,,,
61,61,,,0.8723377585411072,0.954515278339386,0.8534623980522156,0.41185256838798523,0.13736680150032043,0.28609779477119446,0.12002880126237869,0.12002880126237869
61,61,0.08607622981071472,,,,,,,,,
62,62,,,0.8679150938987732,0.9535695910453796,0.851660430431366,0.4099041521549225,0.13815516233444214,0.2839339077472687,0.11887653172016144,0.11887653172016144
62,62,0.08519213646650314,,,,,,,,,
63,63,,,0.8651696443557739,0.9542280435562134,0.8509044051170349,0.4086010158061981,0.13765333592891693,0.28263717889785767,0.1181672140955925,0.1181672140955925
63,63,0.08432084321975708,,,,,,,,,
64,64,,,0.8640170097351074,0.9566188454627991,0.8511412143707275,0.40789398550987244,0.13609953224658966,0.28210169076919556,0.11786216497421265,0.11786216497421265
64,64,0.08344787359237671,,,,,,,,,
65,65,,,0.8642649054527283,0.9604268074035645,0.8522503972053528,0.4077241122722626,0.13395601511001587,0.28219422698020935,0.11790934950113297,0.11786216497421265
65,65,0.08257234841585159,,,,,,,,,
66,66,,,0.8656417727470398,0.9649455547332764,0.8540818095207214,0.4080258309841156,0.1316702961921692,0.2827673852443695,0.1182459369301796,0.11786216497421265
66,66,0.08169658482074738,,,,,,,,,
67,67,,,0.8678240180015564,0.9693199396133423,0.8564761281013489,0.40873152017593384,0.12952983379364014,0.2836759090423584,0.1188042014837265,0.11786216497421265
67,67,0.08081793040037155,,,,,,,,,
68,68,,,0.870469331741333,0.9728654026985168,0.8592429161071777,0.40977606177330017,0.12765079736709595,0.284793883562088,0.1195182278752327,0.11786216497421265
68,68,0.07992774993181229,,,,,,,,,
69,69,,,0.8732526302337646,0.9753199815750122,0.8621215224266052,0.4110994338989258,0.12605996429920197,0.28602781891822815,0.12032967805862427,0.11786216497421265
69,69,0.07901742309331894,,,,,,,,,
70,70,,,0.8759015798568726,0.9769148826599121,0.8647624850273132,0.4126451015472412,0.12477792799472809,0.28732118010520935,0.1211901605129242,0.11786216497421265
70,70,0.0780867338180542,,,,,,,,,
71,71,,,0.8782203793525696,0.9782469272613525,0.8667608499526978,0.4143548011779785,0.12383093684911728,0.2886491119861603,0.12206041067838669,0.11786216497421265
71,71,0.07714774459600449,,,,,,,,,
72,72,,,0.8800973296165466,0.9800133109092712,0.867746889591217,0.4161638021469116,0.12318987399339676,0.2900067865848541,0.1229083314538002,0.11786216497421265
72,72,0.07622173428535461,,,,,,,,,
73,73,,,0.8814981579780579,0.9827295541763306,0.8675140738487244,0.41799983382225037,0.1226971372961998,0.2913970351219177,0.12370883673429489,0.11786216497421265
73,73,0.0753309428691864,,,,,,,,,
74,74,,,0.882445216178894,0.9865507483482361,0.8661203384399414,0.4197869896888733,0.12206216156482697,0.2928212881088257,0.1244453489780426,0.11786216497421265
74,74,0.07448994368314743,,,,,,,,,
75,75,,,0.8829931616783142,0.9912585020065308,0.8638753294944763,0.4214533567428589,0.12094845622777939,0.2942744493484497,0.12510988116264343,0.11786216497421265
75,75,0.07370096445083618,,,,,,,,,
76,76,,,0.883204996585846,0.9963924288749695,0.8612186908721924,0.42293787002563477,0.11911256611347198,0.2957426607608795,0.12570014595985413,0.11786216497421265
76,76,0.07295592874288559,,,,,,,,,
77,77,,,0.8831329345703125,1.0014442205429077,0.8585587739944458,0.42419251799583435,0.1165243610739708,0.297199547290802,0.1262141764163971,0.11786216497421265
77,77,0.07224221527576447,,,,,,,,,
78,78,,,0.8828081488609314,1.006020426750183,0.856160581111908,0.42518150806427,0.11340629309415817,0.2986032962799072,0.12664569914340973,0.11786216497421265
78,78,0.07154877483844757,,,,,,,,,
79,79,,,0.8822392821311951,1.0099196434020996,0.8541111946105957,0.4258784055709839,0.11017196625471115,0.2998945415019989,0.12698137760162354,0.11786216497421265
79,79,0.07086936384439468,,,,,,,,,
80,80,,,0.8814187049865723,1.013120412826538,0.8523485064506531,0.42626476287841797,0.10727667808532715,0.3009997606277466,0.12720119953155518,0.11786216497421265
80,80,0.07020176947116852,,,,,,,,,
81,81,,,0.8803351521492004,1.0157139301300049,0.8507223129272461,0.426333487033844,0.10504497587680817,0.30184152722358704,0.12728282809257507,0.11786216497421265
81,81,0.06954514980316162,,,,,,,,,
82,82,,,0.8789896368980408,1.017824411392212,0.8490662574768066,0.4260937571525574,0.10355930030345917,0.3023532032966614,0.12720835208892822,0.11786216497421265
82,82,0.06889773905277252,,,,,,,,,
83,83,,,0.8774095773696899,1.0195505619049072,0.8472575545310974,0.4255750775337219,0.10267525911331177,0.3024939298629761,0.1269717812538147,0.11786216497421265
83,83,0.06825660169124603,,,,,,,,,
84,84,,,0.875657320022583,1.0209351778030396,0.8452572822570801,0.42482829093933105,0.10214515775442123,0.3022598326206207,0.12658442556858063,0.11786216497421265
84,84,0.06761900335550308,,,,,,,,,
85,85,,,0.8738319277763367,1.0219614505767822,0.8431243896484375,0.4239206612110138,0.10176487267017365,0.30168694257736206,0.12607599794864655,0.11786216497421265
85,85,0.06698388606309891,,,,,,,,,
86,86,,,0.872061014175415,1.0225636959075928,0.8410057425498962,0.4229291081428528,0.10145944356918335,0.30084797739982605,0.12549187242984772,0.11786216497421265
86,86,0.06635257601737976,,,,,,,,,
87,87,,,0.8704860806465149,1.0226496458053589,0.8391072154045105,0.42193174362182617,0.1012764573097229,0.29984250664711,0.1248868778347969,0.11786216497421265
87,87,0.06572794914245605,,,,,,,,,
88,88,,,0.8692434430122375,1.0221290588378906,0.8376510739326477,0.4210004210472107,0.10131143033504486,0.29878342151641846,0.12431742250919342,0.11786216497421265
88,88,0.065113365650177,,,,,,,,,
89,89,,,0.8684424757957458,1.020946979522705,0.8368297815322876,0.4201944172382355,0.10161970555782318,0.29778173565864563,0.1238335520029068,0.11786216497421265
89,89,0.06451140344142914,,,,,,,,,
90,90,,,0.8681486248970032,1.0191138982772827,0.8367645740509033,0.4195547103881836,0.10216665267944336,0.29693129658699036,0.12347191572189331,0.11786216497421265
90,90,0.06392383575439453,,,,,,,,,
91,91,,,0.8683677315711975,1.0167219638824463,0.8374743461608887,0.41910019516944885,0.10283802449703217,0.29629650712013245,0.12325088679790497,0.11786216497421265
91,91,0.06335167586803436,,,,,,,,,
92,92,,,0.8690416216850281,1.013938069343567,0.8388655781745911,0.41882792115211487,0.1034926250576973,0.2959061861038208,0.12316934764385223,0.11786216497421265
92,92,0.06279539316892624,,,,,,,,,
93,93,,,0.8700498342514038,1.0109750032424927,0.8407409191131592,0.4187178909778595,0.10401971638202667,0.29575520753860474,0.12320888042449951,0.11786216497421265
93,93,0.06225503981113434,,,,,,,,,
94,94,,,0.8712242841720581,1.0080498456954956,0.8428282141685486,0.41874217987060547,0.10437153279781342,0.2958134412765503,0.12333955615758896,0.11786216497421265
94,94,0.0617302842438221,,,,,,,,,
95,95,,,0.8723706007003784,1.0053459405899048,0.8448218107223511,0.4188748002052307,0.10456223040819168,0.29603785276412964,0.12352697551250458,0.11786216497421265
95,95,0.06122059002518654,,,,,,,,,
96,96,,,0.8732978701591492,1.0029908418655396,0.8464319109916687,0.41909801959991455,0.10464385896921158,0.29638397693634033,0.12373907119035721,0.11786216497421265
96,96,0.06072559580206871,,,,,,,,,
97,97,,,0.8738468885421753,1.0010541677474976,0.8474270701408386,0.41940319538116455,0.10467730462551117,0.29681289196014404,0.12395045161247253,0.11786216497421265
97,97,0.06024486571550369,,,,,,,,,
98,98,,,0.8739166855812073,0.9995597004890442,0.8476669192314148,0.41978663206100464,0.10471036285161972,0.29729434847831726,0.12414443492889404,0.11786216497421265
98,98,0.05977778509259224,,,,,,,,,
99,99,,0.059323325753211975,,,,,,,,
99,99,,,0.873478353023529,0.9985027313232422,0.8471168279647827,0.4202428460121155,0.10476671159267426,0.29780587553977966,0.12431265413761139,0.11786216497421265
99,99,0.059323325753211975,,,,,,,,,
100,100,,,0.8725795149803162,0.9978653192520142,0.8458476066589355,0.4207595884799957,0.10484250634908676,0.29833152890205383,0.12445368617773056,0.11786216497421265
100,100,0.05888032540678978,,,,,,,,,
101,101,,,0.8713334202766418,0.9976233839988708,0.8440170288085938,0.4213143289089203,0.10490664839744568,0.29885876178741455,0.12457045912742615,0.11786216497421265
101,101,0.05844808369874954,,,,,,,,,
102,102,,,0.8698979020118713,0.9977495074272156,0.8418397307395935,0.42187443375587463,0.10490497946739197,0.2993757128715515,0.12466732412576675,0.11786216497421265
102,102,0.058026596903800964,,,,,,,,,
103,103,,,0.8684482574462891,0.9982105493545532,0.8395519256591797,0.4224002957344055,0.10476996749639511,0.29986876249313354,0.12474793195724487,0.11786216497421265
103,103,0.057616572827100754,,,,,,,,,
104,104,,,0.867149293422699,0.9989672303199768,0.8373749256134033,0.4228516221046448,0.1044369637966156,0.30032235383987427,0.12481392920017242,0.11786216497421265
104,104,0.057218536734580994,,,,,,,,,
105,105,,,0.8661312460899353,0.999974250793457,0.8354842662811279,0.42319580912590027,0.10386455059051514,0.30072110891342163,0.12486568093299866,0.11786216497421265
105,105,0.056832205504179,,,,,,,,,
106,106,,,0.8654735684394836,1.0011823177337646,0.8339901566505432,0.4234154522418976,0.10304908454418182,0.30105316638946533,0.12490349262952805,0.11786216497421265
106,106,0.056456804275512695,,,,,,,,,
107,107,,,0.8651980757713318,1.0025402307510376,0.8329293727874756,0.42351287603378296,0.10202859342098236,0.3013133704662323,0.12492898851633072,0.11786216497421265
107,107,0.05609147623181343,,,,,,,,,
108,108,,,0.865271806716919,1.0040005445480347,0.8322696685791016,0.4235084652900696,0.10087358951568604,0.30150339007377625,0.12494510412216187,0.11786216497421265
108,108,0.055735960602760315,,,,,,,,,
109,109,,,0.865618884563446,1.0055224895477295,0.831924557685852,0.4234345853328705,0.09966972470283508,0.3016301095485687,0.12495505809783936,0.11786216497421265
109,109,0.05539059638977051,,,,,,,,,
110,110,,,0.8661373257637024,1.007075548171997,0.8317757248878479,0.4233267605304718,0.09849970787763596,0.3017025887966156,0.12496107071638107,0.11786216497421265
110,110,0.05505590885877609,,,,,,,,,
111,111,,,0.8667179942131042,1.008642554283142,0.8316953182220459,0.42321550846099854,0.0974307507276535,0.3017299473285675,0.12496337294578552,0.11786216497421265
111,111,0.05473204329609871,,,,,,,,,
112,112,,,0.8672626614570618,1.0102157592773438,0.8315718770027161,0.4231213629245758,0.09650881588459015,0.30172091722488403,0.12496061623096466,0.11786216497421265
112,112,0.054418839514255524,,,,,,,,,
113,113,,,0.8676970601081848,1.0117931365966797,0.8313256502151489,0.42305320501327515,0.09575719386339188,0.3016839623451233,0.1249505877494812,0.11786216497421265
113,113,0.054116055369377136,,,,,,,,,
114,114,,,0.8679771423339844,1.0133695602416992,0.8309198021888733,0.4230102002620697,0.095175601541996,0.30162838101387024,0.12493160367012024,0.11786216497421265
114,114,0.053823504596948624,,,,,,,,,
115,115,,,0.8680885434150696,1.0149292945861816,0.8303596377372742,0.42298662662506104,0.09473990648984909,0.3015654683113098,0.12490388751029968,0.11786216497421265
115,115,0.0535411462187767,,,,,,,,,
116,116,,,0.8680417537689209,1.016440749168396,0.8296856880187988,0.42297765612602234,0.09440452605485916,0.30150967836380005,0.12487068772315979,0.11786216497421265
116,116,0.05326877161860466,,,,,,,,,
117,117,,,0.8678629994392395,1.0178571939468384,0.8289586305618286,0.42298388481140137,0.09411105513572693,0.30147844552993774,0.12483854591846466,0.11786216497421265
117,117,0.05300601199269295,,,,,,,,,
118,118,,,0.8675854206085205,1.019124984741211,0.8282432556152344,0.4230126440525055,0.09380196779966354,0.3014902174472809,0.12481625378131866,0.11786216497421265
118,118,0.05275241658091545,,,,,,,,,
119,119,,,0.8672422766685486,1.0201977491378784,0.8275924324989319,0.42307528853416443,0.09343624114990234,0.3015601634979248,0.12481266260147095,0.11786216497421265
119,119,0.052507560700178146,,,,,,,,,
120,120,,,0.8668617606163025,1.0210498571395874,0.8270357251167297,0.4231821894645691,0.09299913793802261,0.30169564485549927,0.12483392655849457,0.11786216497421265
120,120,0.05227117985486984,,,,,,,,,
121,121,,,0.8664646148681641,1.0216883420944214,0.82657390832901,0.4233374297618866,0.09250472486019135,0.3018929660320282,0.12488135695457458,0.11786216497421265
121,121,0.052042946219444275,,,,,,,,,
122,122,,,0.8660657405853271,1.0221539735794067,0.8261830806732178,0.42353498935699463,0.09198900312185287,0.3021361529827118,0.1249503493309021,0.11786216497421265
122,122,0.051822613924741745,,,,,,,,,
123,123,,,0.8656759262084961,1.0225129127502441,0.8258227109909058,0.4237588346004486,0.09149868786334991,0.30239975452423096,0.12503117322921753,0.11786216497421265
123,123,0.05160992220044136,,,,,,,,,
124,124,,,0.8653045296669006,1.022840976715088,0.8254491090774536,0.4239857494831085,0.09107812494039536,0.3026537001132965,0.12511122226715088,0.11786216497421265
124,124,0.05140472203493118,,,,,,,,,
125,125,,,0.864960789680481,1.0232062339782715,0.8250276446342468,0.42419058084487915,0.09075938165187836,0.3028697073459625,0.12517794966697693,0.11786216497421265
125,125,0.051206689327955246,,,,,,,,,
126,126,,,0.8646549582481384,1.0236536264419556,0.824541449546814,0.4243524670600891,0.09055643528699875,0.3030272126197815,0.12522190809249878,0.11786216497421265
126,126,0.051015473902225494,,,,,,,,,
127,127,,,0.8643972873687744,1.0241968631744385,0.8239952325820923,0.42445915937423706,0.09046189486980438,0.3031175136566162,0.1252388060092926,0.11786216497421265
127,127,0.050830669701099396,,,,,,,,,
128,128,,,0.8641968965530396,1.0248184204101562,0.8234125971794128,0.4245092570781708,0.09044767916202545,0.3031444847583771,0.1252301037311554,0.11786216497421265
128,128,0.05065188556909561,,,,,,,,,
129,129,,,0.864059329032898,1.025477647781372,0.8228282332420349,0.4245099425315857,0.09046933799982071,0.3031216561794281,0.12520140409469604,0.11786216497421265
129,129,0.050478868186473846,,,,,,,,,
130,130,,,0.863984227180481,1.0261256694793701,0.8222768902778625,0.4244723618030548,0.09047434478998184,0.3030666708946228,0.1251598596572876,0.11786216497421265
130,130,0.05031141638755798,,,,,,,,,
131,131,,,0.8639649152755737,1.0267202854156494,0.8217831254005432,0.42440688610076904,0.09041273593902588,0.30299559235572815,0.12511149048805237,0.11786216497421265
131,131,0.05014931410551071,,,,,,,,,
132,132,,,0.8639876246452332,1.0272400379180908,0.8213540315628052,0.4243193566799164,0.09024783968925476,0.30291861295700073,0.12505921721458435,0.11786216497421265
132,132,0.049992263317108154,,,,,,,,,
133,133,,,0.8640323877334595,1.0276871919631958,0.820976734161377,0.4242098033428192,0.0899643674492836,0.30283817648887634,0.1250021755695343,0.11786216497421265
133,133,0.049839939922094345,,,,,,,,,
134,134,,,0.8640756011009216,1.028085470199585,0.8206223845481873,0.4240743815898895,0.08957076817750931,0.302749902009964,0.12493658810853958,0.11786216497421265
134,134,0.049692168831825256,,,,,,,,,
135,135,,,0.8640928864479065,1.0284693241119385,0.8202533721923828,0.42390888929367065,0.08909724652767181,0.3026464879512787,0.12485790252685547,0.11786216497421265
135,135,0.04954865574836731,,,,,,,,,
136,136,,,0.8640636801719666,1.0288711786270142,0.8198340535163879,0.42371228337287903,0.08858773857355118,0.3025209605693817,0.12476274371147156,0.11786216497421265
136,136,0.049409281462430954,,,,,,,,,
137,137,,,0.8639739751815796,1.0293121337890625,0.8193401098251343,0.4234890937805176,0.08808984607458115,0.3023706078529358,0.12465069442987442,0.11786216497421265
137,137,0.04927373677492142,,,,,,,,,
138,138,,,0.8638205528259277,1.029797077178955,0.8187646269798279,0.4232487082481384,0.08764522522687912,0.3021974563598633,0.12452448159456253,0.11786216497421265
138,138,0.0491417795419693,,,,,,,,,
139,139,,,0.8636112809181213,1.0303168296813965,0.8181198835372925,0.42300230264663696,0.08728264272212982,0.30200687050819397,0.12438905239105225,0.11786216497421265
139,139,0.049013182520866394,,,,,,,,,
140,140,,,0.8633638620376587,1.0308538675308228,0.8174337148666382,0.42275869846343994,0.08701343089342117,0.3018050193786621,0.12424969673156738,0.11786216497421265
140,140,0.04888773337006569,,,,,,,,,
141,141,,,0.863103449344635,1.031389594078064,0.8167436122894287,0.4225216805934906,0.08683232963085175,0.30159619450569153,0.1241106167435646,0.11786216497421265
141,141,0.048765163868665695,,,,,,,,,
142,142,,,0.8628573417663574,1.031909704208374,0.8160884380340576,0.42228832840919495,0.08672083169221878,0.30138111114501953,0.12397367507219315,0.11786216497421265
142,142,0.048645250499248505,,,,,,,,,
143,143,,,0.8626485466957092,1.0324078798294067,0.8154997229576111,0.42205095291137695,0.08665447682142258,0.30115705728530884,0.12383831292390823,0.11786216497421265
143,143,0.04852781072258949,,,,,,,,,
144,144,,,0.8624919056892395,1.0328824520111084,0.8149972558021545,0.4217999577522278,0.08660916984081268,0.3009192645549774,0.12370239198207855,0.11786216497421265
144,144,0.04841269180178642,,,,,,,,,
145,145,,,0.862390398979187,1.0333366394042969,0.8145847916603088,0.42152756452560425,0.08656831085681915,0.30066314339637756,0.12356315553188324,0.11786216497421265
145,145,0.048299640417099,,,,,,,,,
146,146,,,0.8623351454734802,1.0337729454040527,0.814251720905304,0.4212300777435303,0.08652549237012863,0.3003856837749481,0.12341828644275665,0.11786216497421265
146,146,0.04818852245807648,,,,,,,,,
147,147,,,0.8623082041740417,1.0341951847076416,0.8139753341674805,0.4209080934524536,0.08648480474948883,0.3000859022140503,0.12326612323522568,0.11786216497421265
147,147,0.04807915538549423,,,,,,,,,
148,148,,,0.8622857332229614,1.03460693359375,0.8137257099151611,0.4205644726753235,0.08645623922348022,0.299763947725296,0.12310539186000824,0.11786216497421265
148,148,0.0479714460670948,,,,,,,,,
149,149,,0.04786526411771774,,,,,,,,
149,149,,,0.8622453212738037,1.0350147485733032,0.8134720325469971,0.4202018082141876,0.08645084500312805,0.29941990971565247,0.1229347512125969,0.11786216497421265
149,149,0.04786526411771774,,,,,,,,,
150,150,,,0.8621686697006226,1.0354281663894653,0.813187301158905,0.41982030868530273,0.0864756628870964,0.2990526854991913,0.12275233119726181,0.11786216497421265
150,150,0.04776051267981529,,,,,,,,,
151,151,,,0.8620466589927673,1.0358577966690063,0.812853991985321,0.41941744089126587,0.08652946352958679,0.29866036772727966,0.12255614995956421,0.11786216497421265
151,151,0.04765699431300163,,,,,,,,,
152,152,,,0.8618795871734619,1.0363116264343262,0.8124664425849915,0.41898903250694275,0.0866018608212471,0.29824113845825195,0.12234458327293396,0.11786216497421265
152,152,0.04755471274256706,,,,,,,,,
153,153,,,0.8616762161254883,1.0367921590805054,0.8120307922363281,0.4185321033000946,0.08667551726102829,0.2977950870990753,0.12211745977401733,0.11786216497421265
153,153,0.04745352268218994,,,,,,,,,
154,154,,,0.8614509701728821,1.0372933149337769,0.8115631937980652,0.41804608702659607,0.08672996610403061,0.2973248362541199,0.12187625467777252,0.11786216497421265
154,154,0.04735331982374191,,,,,,,,,
155,155,,,0.8612208366394043,1.0378016233444214,0.8110849857330322,0.4175347685813904,0.0867471918463707,0.29683607816696167,0.1216244101524353,0.11786216497421265
155,155,0.0472540408372879,,,,,,,,,
156,156,,,0.8610012531280518,1.038300633430481,0.8106169700622559,0.4170043468475342,0.08671558648347855,0.29633569717407227,0.12136615812778473,0.11786216497421265
156,156,0.04715561866760254,,,,,,,,,
157,157,,,0.8608039617538452,1.0387766361236572,0.8101745247840881,0.4164618253707886,0.08663342148065567,0.2958299517631531,0.12110550701618195,0.11786216497421265
157,157,0.047057975083589554,,,,,,,,,
158,158,,,0.86063551902771,1.0392229557037354,0.809765100479126,0.415912389755249,0.08650784939527512,0.29532262682914734,0.12084509432315826,0.11786216497421265
158,158,0.04696105420589447,,,,,,,,,
159,159,,,0.8604968786239624,1.0396426916122437,0.8093864321708679,0.415357768535614,0.08635483682155609,0.2948136031627655,0.12058539688587189,0.11786216497421265
159,159,0.04686479642987251,,,,,,,,,
160,160,,,0.8603843450546265,1.0400474071502686,0.8090291023254395,0.41479671001434326,0.08619402348995209,0.2942999303340912,0.12032521516084671,0.11786216497421265
160,160,0.04676911607384682,,,,,,,,,
161,161,,,0.8602906465530396,1.0404504537582397,0.8086804747581482,0.4142262041568756,0.08604421466588974,0.29377713799476624,0.12006238102912903,0.11786216497421265
161,161,0.04667402058839798,,,,,,,,,
162,162,,,0.8602066040039062,1.040862798690796,0.8083280920982361,0.4136437475681305,0.08592111617326736,0.29324159026145935,0.11979486793279648,0.11786216497421265
162,162,0.04657943919301033,,,,,,,,,
163,163,,,0.8601235747337341,1.041286826133728,0.8079646229743958,0.41304856538772583,0.08583199977874756,0.2926918864250183,0.11952171474695206,0.11786216497421265
163,163,0.0464852973818779,,,,,,,,,
164,164,,,0.8600338101387024,1.041716456413269,0.8075883388519287,0.412442147731781,0.0857766643166542,0.2921293079853058,0.11924310028553009,0.11786216497421265
164,164,0.04639161750674248,,,,,,,,,
165,165,,,0.8599326610565186,1.0421397686004639,0.8072029948234558,0.4118271768093109,0.08574742823839188,0.29155683517456055,0.11896013468503952,0.11786216497421265
165,165,0.04629833251237869,,,,,,,,,
166,166,,,0.859818160533905,1.0425429344177246,0.8068163394927979,0.411205917596817,0.08573091775178909,0.29097771644592285,0.11867409944534302,0.11786216497421265
166,166,0.04620545357465744,,,,,,,,,
167,167,,,0.8596909046173096,1.042914867401123,0.8064367175102234,0.41057923436164856,0.08571260422468185,0.29039421677589417,0.11838582903146744,0.11786216497421265
167,167,0.04611288756132126,,,,,,,,,
168,168,,,0.8595530986785889,1.0432512760162354,0.8060704469680786,0.4099460244178772,0.08567966520786285,0.2898067831993103,0.11809536069631577,0.11786216497421265
168,168,0.046020690351724625,,,,,,,,,
169,169,,,0.8594073057174683,1.0435539484024048,0.8057202696800232,0.40930411219596863,0.08562494069337845,0.28921428322792053,0.11780215054750443,0.11780215054750443
169,169,0.04592876508831978,,,,,,,,,
170,170,,,0.8592563271522522,1.0438278913497925,0.8053864240646362,0.40865153074264526,0.08554700016975403,0.28861522674560547,0.11750556528568268,0.11750556528568268
170,170,0.04583714157342911,,,,,,,,,
171,171,,,0.8591018915176392,1.0440798997879028,0.8050657510757446,0.4079877734184265,0.08545077592134476,0.28800860047340393,0.11720535159111023,0.11720535159111023
171,171,0.045745816081762314,,,,,,,,,
172,172,,,0.8589449524879456,1.0443161725997925,0.804753839969635,0.407314270734787,0.08534476906061172,0.28739434480667114,0.11690182983875275,0.11690182983875275
172,172,0.04565472528338432,,,,,,,,,
173,173,,,0.8587862849235535,1.0445407629013062,0.8044467568397522,0.4066334068775177,0.08523830026388168,0.2867734432220459,0.11659577488899231,0.11659577488899231
173,173,0.045563891530036926,,,,,,,,,
174,174,,,0.8586267828941345,1.044757604598999,0.8041408658027649,0.40594762563705444,0.08513864874839783,0.28614693880081177,0.11628797650337219,0.11628797650337219
174,174,0.04547330364584923,,,,,,,,,
175,175,,,0.8584684133529663,1.044969916343689,0.8038349747657776,0.4052585959434509,0.08504771441221237,0.28551605343818665,0.11597912758588791,0.11597912758588791
175,175,0.04538292810320854,,,,,,,,,
176,176,,,0.8583129048347473,1.045182228088379,0.8035286664962769,0.4045661389827728,0.08496242761611938,0.28488102555274963,0.11566933989524841,0.11566933989524841
176,176,0.04529278725385666,,,,,,,,,
177,177,,,0.858162522315979,1.0453975200653076,0.803223192691803,0.4038695693016052,0.08487506210803986,0.2842422127723694,0.1153586208820343,0.1153586208820343
177,177,0.045202821493148804,,,,,,,,,
178,178,,,0.858018696308136,1.0456185340881348,0.8029202222824097,0.40316781401634216,0.08477602154016495,0.2835999131202698,0.11504688113927841,0.11504688113927841
178,178,0.04511308670043945,,,,,,,,,
179,179,,,0.8578818440437317,1.0458451509475708,0.8026220798492432,0.402460515499115,0.08465548604726791,0.2829549014568329,0.1147342324256897,0.1147342324256897
179,179,0.04502350836992264,,,,,,,,,
180,180,,,0.8577507734298706,1.046075463294983,0.8023295402526855,0.40174850821495056,0.0845067948102951,0.28230875730514526,0.11442111432552338,0.11442111432552338
180,180,0.04493410512804985,,,,,,,,,
181,181,,,0.8576226234436035,1.0463072061538696,0.8020418286323547,0.40103307366371155,0.08432769775390625,0.28166264295578003,0.11410790681838989,0.11410790681838989
181,181,0.04484489932656288,,,,,,,,,
182,182,,,0.8574939370155334,1.0465400218963623,0.8017563819885254,0.40031537413597107,0.08412030339241028,0.2810172736644745,0.11379479616880417,0.11379479616880417
182,182,0.04475586488842964,,,,,,,,,
183,183,,,0.8573611974716187,1.046775460243225,0.8014692664146423,0.3995957374572754,0.08388999104499817,0.2803723216056824,0.1134815514087677,0.1134815514087677
183,183,0.04466697573661804,,,,,,,,,
184,184,,,0.8572219014167786,1.0470170974731445,0.8011766672134399,0.3988734185695648,0.08364388346672058,0.27972647547721863,0.11316756904125214,0.11316756904125214
184,184,0.04457822069525719,,,,,,,,,
185,185,,,0.8570746183395386,1.0472698211669922,0.8008753657341003,0.398147314786911,0.08338939398527145,0.27907794713974,0.11285217106342316,0.11285217106342316
185,185,0.044489599764347076,,,,,,,,,
186,186,,,0.8569197058677673,1.0475361347198486,0.8005645871162415,0.39741647243499756,0.0831325575709343,0.278425395488739,0.11253491044044495,0.11253491044044495
186,186,0.0444011427462101,,,,,,,,,
187,187,,,0.8567588329315186,1.0478153228759766,0.8002464175224304,0.3966807723045349,0.08287642896175385,0.27776843309402466,0.11221588402986526,0.11221588402986526
187,187,0.04431280121207237,,,,,,,,,
188,188,,,0.8565951585769653,1.0481030941009521,0.7999253869056702,0.39594098925590515,0.08262167125940323,0.2771076560020447,0.11189565807580948,0.11189565807580948
188,188,0.0442245788872242,,,,,,,,,
189,189,,,0.8564316630363464,1.0483931303024292,0.79960697889328,0.3951987028121948,0.08236653357744217,0.27644461393356323,0.111575186252594,0.111575186252594
189,189,0.044136494398117065,,,,,,,,,
190,190,,,0.8562709093093872,1.0486794710159302,0.7992962598800659,0.394455224275589,0.08210832625627518,0.2757807672023773,0.11125530302524567,0.11125530302524567
190,190,0.0440484993159771,,,,,,,,,
191,191,,,0.8561146855354309,1.0489577054977417,0.7989968061447144,0.3937112092971802,0.08184347301721573,0.27511709928512573,0.1109364926815033,0.1109364926815033
191,191,0.04396060109138489,,,,,,,,,
192,192,,,0.8559635877609253,1.0492262840270996,0.7987096905708313,0.3929666578769684,0.08156954497098923,0.2744538486003876,0.11061884462833405,0.11061884462833405
192,192,0.04387282207608223,,,,,,,,,
193,193,,,0.8558160066604614,1.049486517906189,0.7984328269958496,0.3922211229801178,0.08128596097230911,0.2737908959388733,0.11030206829309464,0.11030206829309464
193,193,0.04378512129187584,,,,,,,,,
194,194,,,0.8556696176528931,1.0497407913208008,0.7981624007225037,0.391474187374115,0.08099320530891418,0.2731277644634247,0.10998579114675522,0.10998579114675522
194,194,0.043697502464056015,,,,,,,,,
195,195,,,0.8555212020874023,1.049991250038147,0.7978942394256592,0.3907257914543152,0.0806923434138298,0.2724643051624298,0.10966967791318893,0.10966967791318893
195,195,0.04360995441675186,,,,,,,,,
196,196,,,0.8553683161735535,1.0502389669418335,0.7976247072219849,0.389976441860199,0.08038488030433655,0.2718007564544678,0.1093536913394928,0.1093536913394928
196,196,0.043522488325834274,,,,,,,,,
197,197,,,0.855208694934845,1.0504846572875977,0.7973508238792419,0.3892267942428589,0.080071821808815,0.271137535572052,0.109037846326828,0.109037846326828
197,197,0.04343508183956146,,,,,,,,,
198,198,,,0.8550416827201843,1.0507285594940186,0.797071635723114,0.38847726583480835,0.07975313067436218,0.27047497034072876,0.10872223973274231,0.10872223973274231
198,198,0.04334772378206253,,,,,,,,,
199,199,,0.04326044023036957,,,,,,,,
199,199,,,0.8548681735992432,1.050971508026123,0.7967872023582458,0.3877277076244354,0.0794270783662796,0.2698131203651428,0.1084069162607193,0.1084069162607193
199,199,0.04326044023036957,,,,,,,,,
200,200,,,0.8546896576881409,1.0512144565582275,0.7964989542961121,0.3869776725769043,0.07909172773361206,0.26915186643600464,0.108091801404953,0.108091801404953
200,200,0.04317319393157959,,,,,,,,,
201,201,,,0.8545086979866028,1.0514585971832275,0.7962089776992798,0.3862265348434448,0.07874521613121033,0.2684909701347351,0.1077769547700882,0.1077769547700882
201,201,0.043085977435112,,,,,,,,,
202,202,,,0.8543275594711304,1.0517041683197021,0.7959192395210266,0.38547417521476746,0.07838637381792068,0.26783040165901184,0.10746245831251144,0.10746245831251144
202,202,0.04299881309270859,,,,,,,,,
203,203,,,0.8541478514671326,1.0519510507583618,0.7956316471099854,0.38472068309783936,0.0780150517821312,0.26717033982276917,0.10714853554964066,0.10714853554964066
203,203,0.04291167110204697,,,,,,,,,
204,204,,,0.8539705276489258,1.0521987676620483,0.7953467965126038,0.3839665651321411,0.07763273268938065,0.2665109932422638,0.10683539509773254,0.10683539509773254
204,204,0.04282454773783684,,,,,,,,,
205,205,,,0.8537952899932861,1.0524471998214722,0.7950645685195923,0.3832121789455414,0.07724200934171677,0.2658523917198181,0.10652313381433487,0.10652313381433487
205,205,0.04273746535181999,,,,,,,,,
206,206,,,0.8536213636398315,1.0526974201202393,0.7947837114334106,0.3824578821659088,0.07684528827667236,0.2651945650577545,0.10621177405118942,0.10621177405118942
206,206,0.042650364339351654,,,,,,,,,
207,207,,,0.8534473776817322,1.0529507398605347,0.7945022583007812,0.3817031979560852,0.07644504308700562,0.26453691720962524,0.10590100288391113,0.10590100288391113
207,207,0.0425633080303669,,,,,,,,,
208,208,,,0.8532719016075134,1.0532087087631226,0.7942187786102295,0.380948007106781,0.07604242861270905,0.26387912034988403,0.10559063404798508,0.10559063404798508
208,208,0.04247623309493065,,,,,,,,,
209,209,,,0.8530936241149902,1.0534714460372925,0.7939320802688599,0.38019201159477234,0.07563784718513489,0.26322102546691895,0.10528047382831573,0.10528047382831573
209,209,0.042389165610075,,,,,,,,,
210,210,,,0.8529117107391357,1.0537381172180176,0.7936421632766724,0.37943530082702637,0.07523029297590256,0.26256269216537476,0.10497051477432251,0.10497051477432251
210,210,0.04230208694934845,,,,,,,,,
211,211,,,0.8527258038520813,1.0540064573287964,0.7933499217033386,0.3786782920360565,0.07481838017702103,0.26190465688705444,0.10466095805168152,0.10466095805168152
211,211,0.04221499338746071,,,,,,,,,
212,212,,,0.852536141872406,1.0542744398117065,0.7930566668510437,0.37792131304740906,0.0744004026055336,0.2612473964691162,0.10435198247432709,0.10435198247432709
212,212,0.042127903550863266,,,,,,,,,
213,213,,,0.8523432612419128,1.054539680480957,0.792763888835907,0.3771645426750183,0.0739748403429985,0.26059120893478394,0.10404373705387115,0.10404373705387115
213,213,0.04204079508781433,,,,,,,,,
214,214,,,0.8521475195884705,1.054802417755127,0.7924721240997314,0.3764078915119171,0.0735413134098053,0.25993600487709045,0.10373620688915253,0.10373620688915253
214,214,0.04195365682244301,,,,,,,,,
215,215,,,0.8519492745399475,1.055063247680664,0.7921813130378723,0.37565088272094727,0.07310023158788681,0.25928136706352234,0.10342924296855927,0.10342924296855927
215,215,0.04186651110649109,,,,,,,,,
216,216,,,0.8517492413520813,1.0553230047225952,0.7918914556503296,0.3748933672904968,0.07265251874923706,0.2586269974708557,0.10312280803918839,0.10312280803918839
216,216,0.04177932068705559,,,,,,,,,
217,217,,,0.8515471816062927,1.0555830001831055,0.7916017770767212,0.37413498759269714,0.07219985127449036,0.25797244906425476,0.10281669348478317,0.10281669348478317
217,217,0.041692104190588,,,,,,,,,
218,218,,,0.8513435125350952,1.055843710899353,0.7913119792938232,0.37337586283683777,0.07174383103847504,0.25731757283210754,0.10251094400882721,0.10251094400882721
218,218,0.04160483926534653,,,,,,,,,
219,219,,,0.8511380553245544,1.0561057329177856,0.7910215258598328,0.3726159930229187,0.07128538191318512,0.2566622495651245,0.10220552980899811,0.10220552980899811
219,219,0.041517581790685654,,,,,,,,,
220,220,,,0.8509309887886047,1.0563687086105347,0.7907305359840393,0.37185564637184143,0.0708240270614624,0.25600677728652954,0.10190054774284363,0.10190054774284363
220,220,0.04143025726079941,,,,,,,,,
221,221,,,0.8507225513458252,1.0566332340240479,0.7904389500617981,0.37109458446502686,0.07035978883504868,0.25535091757774353,0.10159594565629959,0.10159594565629959
221,221,0.041342899203300476,,,,,,,,,
222,222,,,0.8505126237869263,1.0568996667861938,0.7901467084884644,0.3703326880931854,0.06989110261201859,0.25469470024108887,0.10129164159297943,0.10129164159297943
222,222,0.04125548526644707,,,,,,,,,
223,223,,,0.8503010272979736,1.057167887687683,0.7898539304733276,0.3695697784423828,0.06941681355237961,0.2540381848812103,0.10098765045404434,0.10098765045404434
223,223,0.04116802662611008,,,,,,,,,
224,224,,,0.8500877618789673,1.0574380159378052,0.7895606160163879,0.3688058853149414,0.06893560290336609,0.25338155031204224,0.10068398714065552,0.10068398714065552
224,224,0.0410805344581604,,,,,,,,,
225,225,,,0.8498724699020386,1.0577092170715332,0.7892670035362244,0.3680412471294403,0.06844699382781982,0.2527250647544861,0.10038074105978012,0.10038074105978012
225,225,0.04099298268556595,,,,,,,,,
226,226,,,0.8496549129486084,1.0579813718795776,0.7889725565910339,0.3672759234905243,0.06795160472393036,0.25206872820854187,0.10007788240909576,0.10007788240909576
226,226,0.04090539738535881,,,,,,,,,
227,227,,,0.8494347333908081,1.0582542419433594,0.788676917552948,0.3665102422237396,0.0674501284956932,0.2514127194881439,0.09977550804615021,0.09977550804615021
227,227,0.04081772640347481,,,,,,,,,
228,228,,,0.849211573600769,1.0585286617279053,0.7883796691894531,0.36574408411979675,0.06694357842206955,0.25075680017471313,0.09947352856397629,0.09947352856397629
228,228,0.040730029344558716,,,,,,,,,
229,229,,,0.848985493183136,1.0588045120239258,0.7880806922912598,0.36497724056243896,0.06643280386924744,0.2501007914543152,0.09917187690734863,0.09917187690734863
229,229,0.040642283856868744,,,,,,,,,
230,230,,,0.8487567901611328,1.05908203125,0.7877801060676575,0.36420974135398865,0.06591875106096268,0.24944458901882172,0.09887055307626724,0.09887055307626724
230,230,0.040554460138082504,,,,,,,,,
231,231,,,0.8485257029533386,1.0593608617782593,0.7874783277511597,0.363441526889801,0.06540202349424362,0.2487880140542984,0.09856954216957092,0.09856954216957092
231,231,0.04046659544110298,,,,,,,,,
232,232,,,0.8482925891876221,1.0596402883529663,0.7871758341789246,0.3626725971698761,0.06488256901502609,0.24813120067119598,0.09826891124248505,0.09826891124248505
232,232,0.04037868231534958,,,,,,,,,
233,233,,,0.8480578660964966,1.0599192380905151,0.7868735194206238,0.36190298199653625,0.0643598735332489,0.24747410416603088,0.0979686826467514,0.0979686826467514
233,233,0.04029066860675812,,,,,,,,,
234,234,,,0.8478215336799622,1.060196876525879,0.786571741104126,0.36113280057907104,0.06383345276117325,0.24681688845157623,0.09766892343759537,0.09766892343759537
234,234,0.04020263999700546,,,,,,,,,
235,235,,,0.8475836515426636,1.060472846031189,0.786270797252655,0.36036184430122375,0.06330311298370361,0.24615943431854248,0.09736958146095276,0.09736958146095276
235,235,0.04011452570557594,,,,,,,,,
236,236,,,0.8473440408706665,1.0607469081878662,0.7859705686569214,0.3595900237560272,0.06276813894510269,0.24550177156925201,0.0970706194639206,0.0970706194639206
236,236,0.04002637788653374,,,,,,,,,
237,237,,,0.8471024036407471,1.0610195398330688,0.7856705784797668,0.3588172495365143,0.0622287318110466,0.24484369158744812,0.0967719703912735,0.0967719703912735
237,237,0.03993815556168556,,,,,,,,,
238,238,,,0.8468581438064575,1.061290979385376,0.7853702902793884,0.3580434024333954,0.061685461550951004,0.24418510496616364,0.09647355228662491,0.09647355228662491
238,238,0.03984986990690231,,,,,,,,,
239,239,,,0.8466111421585083,1.061560869216919,0.7850694060325623,0.357268750667572,0.0611383356153965,0.24352622032165527,0.09617543965578079,0.09617543965578079
239,239,0.039761535823345184,,,,,,,,,
240,240,,,0.8463610410690308,1.0618298053741455,0.7847675085067749,0.35649314522743225,0.060587767511606216,0.2428668737411499,0.09587755054235458,0.09587755054235458
240,240,0.03967314958572388,,,,,,,,,
241,241,,,0.8461081981658936,1.062097430229187,0.7844647765159607,0.35571688413619995,0.06003383547067642,0.24220725893974304,0.09557999670505524,0.09557999670505524
241,241,0.039584681391716,,,,,,,,,
242,242,,,0.845852792263031,1.062364101409912,0.7841615080833435,0.3549397885799408,0.05947646498680115,0.24154731631278992,0.09528276324272156,0.09528276324272156
242,242,0.039496179670095444,,,,,,,,,
243,243,,,0.8455948233604431,1.0626300573349,0.7838572859764099,0.3541620075702667,0.058915697038173676,0.2408871203660965,0.09498587995767593,0.09498587995767593
243,243,0.03940761834383011,,,,,,,,,
244,244,,,0.8453347682952881,1.0628948211669922,0.7835530638694763,0.35338345170021057,0.0583512969315052,0.24022671580314636,0.09468939900398254,0.09468939900398254
244,244,0.03931901231408119,,,,,,,,,
245,245,,,0.8450727462768555,1.0631588697433472,0.7832486629486084,0.3526042401790619,0.057783253490924835,0.23956610262393951,0.09439331293106079,0.09439331293106079
245,245,0.03923032060265541,,,,,,,,,
246,246,,,0.8448089957237244,1.0634214878082275,0.7829445004463196,0.35182446241378784,0.057211652398109436,0.2389053851366043,0.09409771859645844,0.09409771859645844
246,246,0.03914159536361694,,,,,,,,,
247,247,,,0.8445433378219604,1.0636833906173706,0.7826402187347412,0.35104405879974365,0.056636858731508255,0.23824453353881836,0.09380257874727249,0.09380257874727249
247,247,0.0390528105199337,,,,,,,,,
248,248,,,0.8442755341529846,1.0639442205429077,0.7823357582092285,0.35026293992996216,0.05605924129486084,0.23758335411548615,0.0935078039765358,0.0935078039765358
248,248,0.038963984698057175,,,,,,,,,
249,249,,0.038875117897987366,,,,,,,,
249,249,,,0.8440051078796387,1.0642040967941284,0.7820305824279785,0.3494812250137329,0.055478788912296295,0.23692193627357483,0.09321343898773193,0.09321343898773193
249,249,0.038875117897987366,,,,,,,,,
250,250,,,0.8437321186065674,1.0644632577896118,0.7817246913909912,0.34869876503944397,0.05489569902420044,0.23626023530960083,0.09291942417621613,0.09291942417621613
250,250,0.038786180317401886,,,,,,,,,
251,251,,,0.8434562683105469,1.064721941947937,0.7814179062843323,0.34791550040245056,0.05431016534566879,0.23559807240962982,0.0926257073879242,0.0926257073879242
251,251,0.038697194308042526,,,,,,,,,
252,252,,,0.8431777358055115,1.0649793148040771,0.7811104655265808,0.34713155031204224,0.053722407668828964,0.23493553698062897,0.09233234822750092,0.09233234822750092
252,252,0.038608163595199585,,,,,,,,,
253,253,,,0.842896580696106,1.0652353763580322,0.7808024287223816,0.346346914768219,0.053132135421037674,0.23427274823188782,0.09203936159610748,0.09203936159610748
253,253,0.03851909562945366,,,,,,,,,
254,254,,,0.8426124453544617,1.0654897689819336,0.7804937362670898,0.345561683177948,0.05253944545984268,0.23360972106456757,0.09174676239490509,0.09174676239490509
254,254,0.03842997923493385,,,,,,,,,
255,255,,,0.8423259258270264,1.0657421350479126,0.7801851034164429,0.344775915145874,0.05194433405995369,0.23294652998447418,0.09145461767911911,0.09145461767911911
255,255,0.03834082558751106,,,,,,,,,
256,256,,,0.8420368432998657,1.0659924745559692,0.7798761129379272,0.34398967027664185,0.051346875727176666,0.23228317499160767,0.09116290509700775,0.09116290509700775
256,256,0.038251642137765884,,,,,,,,,
257,257,,,0.8417453765869141,1.0662412643432617,0.7795668840408325,0.3432027995586395,0.05074766278266907,0.23161961138248444,0.09087163954973221,0.09087163954973221
257,257,0.03816240280866623,,,,,,,,,
258,258,,,0.8414515256881714,1.0664881467819214,0.7792575359344482,0.34241554141044617,0.05014701560139656,0.23095586895942688,0.09058085083961487,0.09058085083961487
258,258,0.038073133677244186,,,,,,,,,
259,259,,,0.8411551713943481,1.0667331218719482,0.7789477109909058,0.34162792563438416,0.049544721841812134,0.23029208183288574,0.09029056131839752,0.09029056131839752
259,259,0.03798382729291916,,,,,,,,,
260,260,,,0.8408561944961548,1.0669761896133423,0.7786374688148499,0.3408399522304535,0.04894135147333145,0.22962817549705505,0.09000075608491898,0.09000075608491898
260,260,0.037894513458013535,,,,,,,,,
261,261,,,0.840554416179657,1.0672173500061035,0.7783264517784119,0.34005168080329895,0.048337068408727646,0.22896413505077362,0.08971142023801804,0.08971142023801804
261,261,0.03780514374375343,,,,,,,,,
262,262,,,0.8402499556541443,1.0674570798873901,0.778014600276947,0.33926302194595337,0.04773164168000221,0.22830002009868622,0.0894225537776947,0.0894225537776947
262,262,0.03771575912833214,,,,,,,,,
263,263,,,0.8399425148963928,1.0676952600479126,0.7777018547058105,0.33847400546073914,0.047125041484832764,0.22763575613498688,0.08913414180278778,0.08913414180278778
263,263,0.03762632980942726,,,,,,,,,
264,264,,,0.8396323323249817,1.0679315328598022,0.7773885130882263,0.3376845419406891,0.04651731252670288,0.2269713580608368,0.08884619176387787,0.08884619176387787
264,264,0.03753689303994179,,,,,,,,,
265,265,,,0.8393195271492004,1.0681660175323486,0.77707439661026,0.3368947207927704,0.04590839892625809,0.22630687057971954,0.08855871111154556,0.08855871111154556
265,265,0.037447430193424225,,,,,,,,,
266,266,,,0.8390039801597595,1.0683985948562622,0.776759684085846,0.3361045718193054,0.045298609882593155,0.22564230859279633,0.08827172219753265,0.08827172219753265
266,266,0.037357959896326065,,,,,,,,,
267,267,,,0.8386855721473694,1.068629264831543,0.776444137096405,0.3353141248226166,0.04468812793493271,0.22497771680355072,0.08798522502183914,0.08798522502183914
267,267,0.03726845607161522,,,,,,,,,
268,268,,,0.838364839553833,1.0688581466674805,0.7761280536651611,0.33452358841896057,0.04407758265733719,0.22431308031082153,0.08769930154085159,0.08769930154085159
268,268,0.03717895597219467,,,,,,,,,
269,269,,,0.8380411863327026,1.0690853595733643,0.7758110165596008,0.3337327241897583,0.043467093259096146,0.223648339509964,0.08741384744644165,0.08741384744644165
269,269,0.03708941116929054,,,,,,,,,
270,270,,,0.8377148509025574,1.0693110227584839,0.7754930257797241,0.3329417109489441,0.04285696521401405,0.22298355400562286,0.08712892234325409,0.08712892234325409
270,270,0.036999888718128204,,,,,,,,,
271,271,,,0.8373857140541077,1.0695351362228394,0.7751740217208862,0.3321504592895508,0.04224725067615509,0.22231867909431458,0.08684448897838593,0.08684448897838593
271,271,0.036910343915224075,,,,,,,,,
272,272,,,0.837053656578064,1.0697574615478516,0.7748539447784424,0.3313591182231903,0.041638243943452835,0.2216537594795227,0.08656059950590134,0.08656059950590134
272,272,0.03682081401348114,,,,,,,,,
273,273,,,0.8367189168930054,1.069977879524231,0.7745329737663269,0.33056771755218506,0.04103013873100281,0.22098885476589203,0.08627724647521973,0.08627724647521973
273,273,0.03673125430941582,,,,,,,,,
274,274,,,0.836381196975708,1.070196270942688,0.7742109894752502,0.32977619767189026,0.04042262211441994,0.22032390534877777,0.08599443733692169,0.08599443733692169
274,274,0.03664170578122139,,,,,,,,,
275,275,,,0.8360407948493958,1.070412516593933,0.7738881707191467,0.3289846181869507,0.03981597721576691,0.2196590155363083,0.08571217954158783,0.08571217954158783
275,275,0.036552175879478455,,,,,,,,,
276,276,,,0.8356976509094238,1.0706267356872559,0.7735645174980164,0.32819291949272156,0.039210423827171326,0.21899406611919403,0.08543047308921814,0.08543047308921814
276,276,0.03646263852715492,,,,,,,,,
277,277,,,0.8353515267372131,1.0708391666412354,0.7732395529747009,0.3274010717868805,0.03860613703727722,0.21832901239395142,0.08514924347400665,0.08514924347400665
277,277,0.03637310490012169,,,,,,,,,
278,278,,,0.8350024223327637,1.0710501670837402,0.7729130983352661,0.3266090750694275,0.0380033403635025,0.21766383945941925,0.08486852049827576,0.08486852049827576
278,278,0.03628358989953995,,,,,,,,,
279,279,,,0.8346505165100098,1.0712590217590332,0.7725856304168701,0.32581695914268494,0.03740226477384567,0.21699856221675873,0.08458831906318665,0.08458831906318665
279,279,0.0361940972507,,,,,,,,,
280,280,,,0.834295928478241,1.0714658498764038,0.7722573280334473,0.3250248432159424,0.036803003400564194,0.21633322536945343,0.0843086689710617,0.0843086689710617
280,280,0.036104608327150345,,,,,,,,,
281,281,,,0.8339386582374573,1.0716710090637207,0.7719277739524841,0.32423263788223267,0.03620573505759239,0.21566781401634216,0.08402955532073975,0.08402955532073975
281,281,0.03601513430476189,,,,,,,,,
282,282,,,0.8335787653923035,1.0718744993209839,0.7715970277786255,0.3234403431415558,0.03561080992221832,0.21500228345394135,0.08375097066164017,0.08375097066164017
282,282,0.03592570871114731,,,,,,,,,
283,283,,,0.8332159519195557,1.072076439857483,0.7712647914886475,0.3226480782032013,0.035018641501665115,0.21433667838573456,0.08347293734550476,0.08347293734550476
283,283,0.03583627939224243,,,,,,,,,
284,284,,,0.832850456237793,1.0722769498825073,0.7709311842918396,0.32185572385787964,0.03442920371890068,0.21367089450359344,0.08319541811943054,0.08319541811943054
284,284,0.03574689105153084,,,,,,,,,
285,285,,,0.8324823975563049,1.072475552558899,0.7705966234207153,0.32106342911720276,0.033842314034700394,0.21300509572029114,0.08291847258806229,0.08291847258806229
285,285,0.03565753623843193,,,,,,,,,
286,286,,,0.832111656665802,1.0726723670959473,0.7702608108520508,0.32027116417884827,0.033258166164159775,0.21233928203582764,0.0826421007514,0.0826421007514
286,286,0.03556821495294571,,,,,,,,,
287,287,,,0.8317381143569946,1.0728672742843628,0.7699236273765564,0.3194788694381714,0.03267702832818031,0.21167336404323578,0.08236626535654068,0.08236626535654068
287,287,0.03547893464565277,,,,,,,,,
288,288,,,0.8313618898391724,1.0730607509613037,0.7695850729942322,0.31868666410446167,0.03209954872727394,0.21100734174251556,0.08209098130464554,0.08209098130464554
288,288,0.03538968786597252,,,,,,,,,
289,289,,,0.8309826850891113,1.0732531547546387,0.7692446708679199,0.31789430975914,0.03152571618556976,0.21034103631973267,0.0818161591887474,0.0818161591887474
289,289,0.035300496965646744,,,,,,,,,
290,290,,,0.8306007981300354,1.0734440088272095,0.7689027786254883,0.31710192561149597,0.030955569818615913,0.20967458188533783,0.08154188096523285,0.08154188096523285
290,290,0.03521134331822395,,,,,,,,,
291,291,,,0.8302163481712341,1.0736333131790161,0.7685595750808716,0.3163095712661743,0.030389612540602684,0.20900791883468628,0.08126813173294067,0.08126813173294067
291,291,0.03512222692370415,,,,,,,,,
292,292,,,0.8298293948173523,1.0738208293914795,0.7682150602340698,0.3155171871185303,0.029827486723661423,0.20834115147590637,0.08099494874477386,0.08099494874477386
292,292,0.035033173859119415,,,,,,,,,
293,293,,,0.8294398784637451,1.0740069150924683,0.7678690552711487,0.314724862575531,0.029270097613334656,0.20767414569854736,0.08072229474782944,0.08072229474782944
293,293,0.03494418039917946,,,,,,,,,
294,294,,,0.8290482759475708,1.0741913318634033,0.7675220370292664,0.3139325976371765,0.028717175126075745,0.20700703561306,0.08045022189617157,0.08045022189617157
294,294,0.03485524281859398,,,,,,,,,
295,295,,,0.8286539316177368,1.0743743181228638,0.7671734690666199,0.313140332698822,0.028169315308332443,0.20633965730667114,0.08017867058515549,0.08017867058515549
295,295,0.034766364842653275,,,,,,,,,
296,296,,,0.8282573819160461,1.0745559930801392,0.7668235301971436,0.31234803795814514,0.027626462280750275,0.20567205548286438,0.07990767061710358,0.07990767061710358
296,296,0.03467755392193794,,,,,,,,,
297,297,,,0.8278582692146301,1.0747363567352295,0.7664719223976135,0.31155577301979065,0.027089005336165428,0.20500420033931732,0.07963719964027405,0.07963719964027405
297,297,0.03458882123231888,,,,,,,,,
298,298,,,0.8274568915367126,1.0749151706695557,0.7661190629005432,0.31076356768608093,0.02655700594186783,0.20433613657951355,0.07936728745698929,0.07936728745698929
298,298,0.03450014069676399,,,,,,,,,
299,299,,0.03441155329346657,,,,,,,,
299,299,,,0.8270531892776489,1.0750923156738281,0.7657648921012878,0.3099713623523712,0.02603069692850113,0.20366781949996948,0.0790979191660881,0.0790979191660881
299,299,0.03441155329346657,,,,,,,,,
300,300,,,0.8266471028327942,1.0752681493759155,0.7654091119766235,0.3091790974140167,0.025510180741548538,0.20299918949604034,0.07882905751466751,0.07882905751466751
300,300,0.03432304039597511,,,,,,,,,
301,301,,,0.8262386918067932,1.075442910194397,0.7650517821311951,0.30838677287101746,0.024995746091008186,0.20233023166656494,0.0785607248544693,0.0785607248544693
301,301,0.03423460200428963,,,,,,,,,
302,302,,,0.8258280158042908,1.0756161212921143,0.7646929621696472,0.3075944781303406,0.024487748742103577,0.20166102051734924,0.07829292118549347,0.07829292118549347
302,302,0.034146253019571304,,,,,,,,,
303,303,,,0.8254152536392212,1.0757880210876465,0.7643327713012695,0.30680224299430847,0.02398662455379963,0.20099151134490967,0.078025683760643,0.078025683760643
303,303,0.03405798599123955,,,,,,,,,
304,304,,,0.8250006437301636,1.0759583711624146,0.7639715075492859,0.30601003766059875,0.023492339998483658,0.20032177865505219,0.0777590349316597,0.0777590349316597
304,304,0.03396982699632645,,,,,,,,,
305,305,,,0.8245839476585388,1.076127290725708,0.7636089324951172,0.3052179217338562,0.023005587980151176,0.19965170323848724,0.07749293744564056,0.07749293744564056
305,305,0.03388174623250961,,,,,,,,,
306,306,,,0.8241652846336365,1.0762954950332642,0.7632446885108948,0.3044257164001465,0.02252686396241188,0.1989811658859253,0.07722733914852142,0.07722733914852142
306,306,0.033793769776821136,,,,,,,,,
307,307,,,0.8237447142601013,1.0764625072479248,0.7628791928291321,0.30363360047340393,0.02205606922507286,0.19831034541130066,0.07696232944726944,0.07696232944726944
307,307,0.03370589762926102,,,,,,,,,
308,308,,,0.8233224153518677,1.0766282081604004,0.7625125646591187,0.3028413653373718,0.021593235433101654,0.1976391077041626,0.07669784873723984,0.07669784873723984
308,308,0.033618152141571045,,,,,,,,,
309,309,,,0.8228984475135803,1.0767922401428223,0.7621448040008545,0.3020492196083069,0.02113874815404415,0.19696758687496185,0.07643395662307739,0.07643395662307739
309,309,0.033530477434396744,,,,,,,,,
310,310,,,0.8224726915359497,1.0769551992416382,0.7617757320404053,0.3012571632862091,0.02069329470396042,0.19629570841789246,0.07617063820362091,0.07617063820362091
310,310,0.03344293311238289,,,,,,,,,
311,311,,,0.8220453262329102,1.0771169662475586,0.7614054679870605,0.30046510696411133,0.020256860181689262,0.1956234723329544,0.0759078860282898,0.0759078860282898
311,311,0.033355504274368286,,,,,,,,,
312,312,,,0.8216162919998169,1.0772778987884521,0.761033833026886,0.299672931432724,0.01983002945780754,0.19495071470737457,0.07564564049243927,0.07564564049243927
312,312,0.03326820209622383,,,,,,,,,
313,313,,,0.8211856484413147,1.0774376392364502,0.7606609463691711,0.29888075590133667,0.01941313035786152,0.1942775845527649,0.0753839761018753,0.0753839761018753
313,313,0.03318101912736893,,,,,,,,,
314,314,,,0.8207535743713379,1.0775963068008423,0.7602869272232056,0.29808855056762695,0.019006650894880295,0.19360394775867462,0.07512284815311432,0.07512284815311432
314,314,0.03309395909309387,,,,,,,,,
315,315,,,0.8203198909759521,1.0777536630630493,0.7599117159843445,0.2972964942455292,0.01861085742712021,0.19293001294136047,0.07486233115196228,0.07486233115196228
315,315,0.03300703316926956,,,,,,,,,
316,316,,,0.8198851346969604,1.0779097080230713,0.7595356702804565,0.2965044379234314,0.018226439133286476,0.19225561618804932,0.0746023878455162,0.0746023878455162
316,316,0.032920245081186295,,,,,,,,,
317,317,,,0.8194490671157837,1.0780646800994873,0.7591586112976074,0.295712411403656,0.01785334013402462,0.19158081710338593,0.07434304058551788,0.07434304058551788
317,317,0.03283359855413437,,,,,,,,,
318,318,,,0.819011926651001,1.0782184600830078,0.7587806582450867,0.2949203550815582,0.01749219372868538,0.19090554118156433,0.07408427447080612,0.07408427447080612
318,318,0.03274708613753319,,,,,,,,,
319,319,,,0.8185736536979675,1.0783714056015015,0.7584016919136047,0.29412829875946045,0.01714354008436203,0.19022980332374573,0.07382608205080032,0.07382608205080032
319,319,0.032660722732543945,,,,,,,,,
320,320,,,0.818134605884552,1.07852303981781,0.7580220699310303,0.29333627223968506,0.016807781532406807,0.18955357372760773,0.07356850802898407,0.07356850802898407
320,320,0.032574526965618134,,,,,,,,,
321,321,,,0.817694365978241,1.0786734819412231,0.757641613483429,0.29254433512687683,0.016485007479786873,0.18887697160243988,0.07331153750419617,0.07331153750419617
321,321,0.03248845413327217,,,,,,,,,
322,322,,,0.8172533512115479,1.0788228511810303,0.757260262966156,0.29175230860710144,0.016176247969269753,0.1881997436285019,0.07305511832237244,0.07305511832237244
322,322,0.03240256384015083,,,,,,,,,
323,323,,,0.8168114423751831,1.0789711475372314,0.7568780183792114,0.2909603416919708,0.015881353989243507,0.18752212822437286,0.07279933243989944,0.07279933243989944
323,323,0.03231681510806084,,,,,,,,,
324,324,,,0.816368818283081,1.0791188478469849,0.7564950585365295,0.29016831517219543,0.015601124614477158,0.18684391677379608,0.07254412770271301,0.07254412770271301
324,324,0.03223126381635666,,,,,,,,,
325,325,,,0.8159254193305969,1.0792653560638428,0.7561113834381104,0.28937631845474243,0.015335757285356522,0.18616525828838348,0.07228953391313553,0.07228953391313553
325,325,0.03214585408568382,,,,,,,,,
326,326,,,0.8154816031455994,1.0794107913970947,0.7557270526885986,0.2885844111442566,0.015085925348103046,0.1854860782623291,0.07203556597232819,0.07203556597232819
326,326,0.03206062316894531,,,,,,,,,
327,327,,,0.8150370717048645,1.0795553922653198,0.7553420066833496,0.2877926528453827,0.014851612970232964,0.18480660021305084,0.07178226858377457,0.07178226858377457
327,327,0.03197557106614113,,,,,,,,,
328,328,,,0.8145923614501953,1.079699158668518,0.7549567222595215,0.287000834941864,0.01463351771235466,0.18412645161151886,0.0715295672416687,0.0715295672416687
328,328,0.03189070522785187,,,,,,,,,
329,329,,,0.8141474723815918,1.0798414945602417,0.7545710802078247,0.2862091064453125,0.014431608840823174,0.18344590067863464,0.07127754390239716,0.07127754390239716
329,329,0.03180602192878723,,,,,,,,,
330,330,,,0.8137023448944092,1.079983115196228,0.7541849613189697,0.28541749715805054,0.014246411621570587,0.18276488780975342,0.07102617621421814,0.07102617621421814
330,330,0.03172152861952782,,,,,,,,,
331,331,,,0.8132569193840027,1.0801239013671875,0.7537984251976013,0.2846258282661438,0.014078129082918167,0.18208326399326324,0.07077541202306747,0.07077541202306747
331,331,0.03163723275065422,,,,,,,,,
332,332,,,0.8128113746643066,1.080263614654541,0.7534115314483643,0.28383421897888184,0.013926954008638859,0.18140113353729248,0.07052530348300934,0.07052530348300934
332,332,0.03155313432216644,,,,,,,,,
333,333,,,0.8123656511306763,1.0804027318954468,0.7530241012573242,0.28304266929626465,0.013792918063700199,0.18071849644184113,0.07027584314346313,0.07027584314346313
333,333,0.03146922215819359,,,,,,,,,
334,334,,,0.8119202256202698,1.0805407762527466,0.7526367902755737,0.2822512686252594,0.013676020316779613,0.18003539741039276,0.07002707570791245,0.07002707570791245
334,334,0.031385526061058044,,,,,,,,,
335,335,,,0.8114749789237976,1.0806776285171509,0.7522494196891785,0.28145989775657654,0.013576432131230831,0.1793517768383026,0.06977898627519608,0.06977898627519608
335,335,0.03130204230546951,,,,,,,,,
336,336,,,0.811029851436615,1.0808135271072388,0.7518618702888489,0.2806685268878937,0.013493962585926056,0.1786676049232483,0.06953155249357224,0.06953155249357224
336,336,0.031218774616718292,,,,,,,,,
337,337,,,0.8105852007865906,1.0809485912322998,0.7514744400978088,0.2798773944377899,0.013428653590381145,0.17798300087451935,0.0692848414182663,0.0692848414182663
337,337,0.03113570250570774,,,,,,,,,
338,338,,,0.8101407289505005,1.081083059310913,0.7510867118835449,0.27908632159233093,0.013380279764533043,0.17729784548282623,0.06903880089521408,0.06903880089521408
338,338,0.031052889302372932,,,,,,,,,
339,339,,,0.8096970319747925,1.0812162160873413,0.7506994605064392,0.2782954275608063,0.013348470441997051,0.1766122728586197,0.06879349797964096,0.06879349797964096
339,339,0.030970273539423943,,,,,,,,,
340,340,,,0.8092538714408875,1.0813485383987427,0.750312328338623,0.27750471234321594,0.013332988135516644,0.17592617869377136,0.06854891777038574,0.06854891777038574
340,340,0.030887911096215248,,,,,,,,,
341,341,,,0.8088113069534302,1.0814800262451172,0.7499253749847412,0.27671414613723755,0.013333425857126713,0.1752396523952484,0.06830504536628723,0.06830504536628723
341,341,0.030805764719843864,,,,,,,,,
342,342,,,0.8083693981170654,1.0816105604171753,0.7495386004447937,0.2759237289428711,0.013349287211894989,0.17455264925956726,0.06806191056966782,0.06806191056966782
342,342,0.03072386048734188,,,,,,,,,
343,343,,,0.807928204536438,1.081740140914917,0.7491520643234253,0.27513352036476135,0.013380167074501514,0.17386522889137268,0.0678195133805275,0.0678195133805275
343,343,0.030642205849289894,,,,,,,,,
344,344,,,0.8074877262115479,1.0818690061569214,0.748765766620636,0.2743434011936188,0.013425512239336967,0.17317727208137512,0.06757782399654388,0.06757782399654388
344,344,0.030560793355107307,,,,,,,,,
345,345,,,0.8070483803749084,1.0819969177246094,0.7483801245689392,0.2735534906387329,0.013484684750437737,0.17248892784118652,0.06733690202236176,0.06733690202236176
345,345,0.030479632318019867,,,,,,,,,
346,346,,,0.8066101670265198,1.0821237564086914,0.7479950785636902,0.2727639079093933,0.01355721428990364,0.17180021107196808,0.0670967772603035,0.0670967772603035
346,346,0.030398722738027573,,,,,,,,,
347,347,,,0.8061730265617371,1.082249641418457,0.7476106882095337,0.2719745337963104,0.013642457313835621,0.17111104726791382,0.06685742735862732,0.06685742735862732
347,347,0.03031807579100132,,,,,,,,,
348,348,,,0.8057372570037842,1.082374930381775,0.7472270131111145,0.27118539810180664,0.013739769347012043,0.17042142152786255,0.06661884486675262,0.06661884486675262
348,348,0.03023768775165081,,,,,,,,,
349,349,,0.03015757165849209,,,,,,,,
349,349,,,0.8053027391433716,1.0824992656707764,0.7468438744544983,0.2703966200351715,0.013848514296114445,0.1697314977645874,0.06638108938932419,0.06638108938932419
349,349,0.03015757165849209,,,,,,,,,
350,350,,,0.8048697113990784,1.0826225280761719,0.746461808681488,0.2696082592010498,0.013967993669211864,0.16904133558273315,0.0661441758275032,0.0661441758275032
350,350,0.0300777368247509,,,,,,,,,
351,351,,,0.8044379353523254,1.0827453136444092,0.7460801601409912,0.2688201367855072,0.014097603037953377,0.1683507263660431,0.0659080445766449,0.0659080445766449
351,351,0.029998160898685455,,,,,,,,,
352,352,,,0.8040074110031128,1.082866907119751,0.745699405670166,0.268032431602478,0.014236735180020332,0.16765986382961273,0.06567273288965225,0.06567273288965225
352,352,0.029918869957327843,,,,,,,,,
353,353,,,0.8035785555839539,1.082987666130066,0.7453194856643677,0.2672450542449951,0.014384704641997814,0.16696865856647491,0.06543824821710587,0.06543824821710587
353,353,0.02983986586332321,,,,,,,,,
354,354,,,0.8031512498855591,1.083107590675354,0.7449405789375305,0.266458123922348,0.014540985226631165,0.166277214884758,0.06520462036132812,0.06520462036132812
354,354,0.02976115606725216,,,,,,,,,
355,355,,,0.8027258515357971,1.0832263231277466,0.744563102722168,0.26567167043685913,0.014704978093504906,0.16558560729026794,0.06497188657522202,0.06497188657522202
355,355,0.029682733118534088,,,,,,,,,
356,356,,,0.8023025393486023,1.083343744277954,0.7441869974136353,0.2648856043815613,0.014876016415655613,0.16489368677139282,0.06474002450704575,0.06474002450704575
356,356,0.029604604467749596,,,,,,,,,
357,357,,,0.8018810153007507,1.0834603309631348,0.7438119649887085,0.2641001343727112,0.01505361683666706,0.16420164704322815,0.06450904905796051,0.06450904905796051
357,357,0.029526785016059875,,,,,,,,,
358,358,,,0.8014613389968872,1.0835763216018677,0.7434381246566772,0.26331526041030884,0.015237108804285526,0.16350944340229034,0.0642789900302887,0.0642789900302887
358,358,0.02944926917552948,,,,,,,,,
359,359,,,0.8010434508323669,1.0836913585662842,0.7430652976036072,0.2625308632850647,0.015426067635416985,0.16281701624393463,0.06404980272054672,0.06404980272054672
359,359,0.029372045770287514,,,,,,,,,
360,360,,,0.8006277084350586,1.0838050842285156,0.7426940202713013,0.2617470920085907,0.015620013698935509,0.16212448477745056,0.06382153928279877,0.06382153928279877
360,360,0.029295144602656364,,,,,,,,,
361,361,,,0.8002140522003174,1.0839179754257202,0.7423240542411804,0.26096388697624207,0.015818538144230843,0.16143181920051575,0.06359418481588364,0.06359418481588364
361,361,0.029218554496765137,,,,,,,,,
362,362,,,0.7998027801513672,1.0840297937393188,0.7419558763504028,0.26018133759498596,0.016021253541111946,0.16073919832706451,0.0633678138256073,0.0633678138256073
362,362,0.02914230152964592,,,,,,,,,
363,363,,,0.7993939518928528,1.0841400623321533,0.7415895462036133,0.25939956307411194,0.016227759420871735,0.16004666686058044,0.06314242631196976,0.06314242631196976
363,363,0.029066357761621475,,,,,,,,,
364,364,,,0.7989873290061951,1.084249496459961,0.7412246465682983,0.25861856341362,0.016437655314803123,0.15935416519641876,0.06291799247264862,0.06291799247264862
364,364,0.028990749269723892,,,,,,,,,
365,365,,,0.7985830903053284,1.0843579769134521,0.7408613562583923,0.25783830881118774,0.016650337725877762,0.15866169333457947,0.06269454956054688,0.06269454956054688
365,365,0.02891547605395317,,,,,,,,,
366,366,,,0.7981813549995422,1.0844656229019165,0.7404997944831848,0.2570587992668152,0.016865689307451248,0.15796922147274017,0.06247207522392273,0.06247207522392273
366,366,0.028840534389019012,,,,,,,,,
367,367,,,0.797782301902771,1.0845720767974854,0.7401401400566101,0.25628021359443665,0.017083393409848213,0.15727698802947998,0.062250636518001556,0.062250636518001556
367,367,0.028765935450792313,,,,,,,,,
368,368,,,0.7973858118057251,1.0846776962280273,0.7397823333740234,0.2555025815963745,0.017303021624684334,0.1565849632024765,0.062030233442783356,0.062030233442783356
368,368,0.02869168482720852,,,,,,,,,
369,369,,,0.796991765499115,1.0847816467285156,0.7394263744354248,0.2547258734703064,0.017524419352412224,0.15589316189289093,0.061810851097106934,0.061810851097106934
369,369,0.028617778792977333,,,,,,,,,
370,370,,,0.7966007590293884,1.084884524345398,0.7390727400779724,0.2539500892162323,0.017747340723872185,0.15520159900188446,0.06159253418445587,0.06159253418445587
370,370,0.028544215485453606,,,,,,,,,
371,371,,,0.7962124347686768,1.0849863290786743,0.7387209534645081,0.25317540764808655,0.01797163300216198,0.15451045334339142,0.06137528270483017,0.06137528270483017
371,371,0.028471026569604874,,,,,,,,,
372,372,,,0.7958270907402039,1.0850865840911865,0.7383715510368347,0.2524017095565796,0.01819685660302639,0.15381953120231628,0.06115909665822983,0.06115909665822983
372,372,0.028398185968399048,,,,,,,,,
373,373,,,0.7954441905021667,1.0851857662200928,0.7380239963531494,0.2516290545463562,0.018423110246658325,0.1531289964914322,0.06094396114349365,0.06094396114349365
373,373,0.028325699269771576,,,,,,,,,
374,374,,,0.7950645685195923,1.0852831602096558,0.7376789450645447,0.2508576512336731,0.01864994876086712,0.1524389684200287,0.06072995811700821,0.06072995811700821
374,374,0.02825358510017395,,,,,,,,,
375,375,,,0.794687807559967,1.0853796005249023,0.7373360395431519,0.25008735060691833,0.01887713558971882,0.15174932777881622,0.06051703542470932,0.06051703542470932
375,375,0.02818184159696102,,,,,,,,,
376,376,,,0.7943142652511597,1.085474967956543,0.73699551820755,0.24931830167770386,0.01910466141998768,0.15106023848056793,0.06030526012182236,0.06030526012182236
376,376,0.028110481798648834,,,,,,,,,
377,377,,,0.7939440011978149,1.085569143295288,0.7366576194763184,0.2485506236553192,0.01933237351477146,0.15037178993225098,0.060094647109508514,0.060094647109508514
377,377,0.02803948149085045,,,,,,,,,
378,378,,,0.7935766577720642,1.085661768913269,0.7363218665122986,0.24778428673744202,0.019560202956199646,0.14968402683734894,0.0598851703107357,0.0598851703107357
378,378,0.027968868613243103,,,,,,,,,
379,379,,,0.7932126522064209,1.0857528448104858,0.735988974571228,0.24701935052871704,0.019788090139627457,0.1489969789981842,0.0596768781542778,0.0596768781542778
379,379,0.027898648753762245,,,,,,,,,
380,380,,,0.7928519248962402,1.0858421325683594,0.7356587052345276,0.2462558150291443,0.020015977323055267,0.14831072092056274,0.05946976691484451,0.05946976691484451
380,380,0.027828803285956383,,,,,,,,,
381,381,,,0.7924945950508118,1.0859299898147583,0.7353309392929077,0.24549373984336853,0.020243505015969276,0.1476251780986786,0.05926382169127464,0.05926382169127464
381,381,0.02775934711098671,,,,,,,,,
382,382,,,0.7921401262283325,1.08601713180542,0.7350054383277893,0.2447330802679062,0.020470529794692993,0.14694033563137054,0.0590590238571167,0.0590590238571167
382,382,0.027690287679433823,,,,,,,,,
383,383,,,0.7917893528938293,1.0861024856567383,0.7346828579902649,0.2439739853143692,0.020697299391031265,0.14625641703605652,0.058855459094047546,0.058855459094047546
383,383,0.02762162685394287,,,,,,,,,
384,384,,,0.7914422750473022,1.0861860513687134,0.7343634963035583,0.24321651458740234,0.020923642441630363,0.14557351171970367,0.05865314602851868,0.05865314602851868
384,384,0.02755335532128811,,,,,,,,,
385,385,,,0.7910987138748169,1.0862679481506348,0.734046995639801,0.24246086180210114,0.02114946022629738,0.14489170908927917,0.058452095836400986,0.058452095836400986
385,385,0.02748548798263073,,,,,,,,,
386,386,,,0.7907588481903076,1.0863479375839233,0.7337336540222168,0.24170692265033722,0.021374545991420746,0.14421097934246063,0.05825231224298477,0.05825231224298477
386,386,0.027418041601777077,,,,,,,,,
387,387,,,0.7904223799705505,1.0864266157150269,0.7334229350090027,0.24095472693443298,0.021598966792225838,0.14353133738040924,0.058053769171237946,0.058053769171237946
387,387,0.027350982651114464,,,,,,,,,
388,388,,,0.7900893092155457,1.0865038633346558,0.7331148982048035,0.24020418524742126,0.02182268723845482,0.14285264909267426,0.057856421917676926,0.057856421917676926
388,388,0.027284350246191025,,,,,,,,,
389,389,,,0.7897596955299377,1.0865793228149414,0.7328099012374878,0.23945561051368713,0.02204582281410694,0.1421753615140915,0.057660385966300964,0.057660385966300964
389,389,0.02721812203526497,,,,,,,,,
390,390,,,0.7894338965415955,1.0866528749465942,0.7325080037117004,0.23870892822742462,0.022268179804086685,0.14149931073188782,0.05746563524007797,0.05746563524007797
390,390,0.027152305468916893,,,,,,,,,
391,391,,,0.7891119122505188,1.0867244005203247,0.7322094440460205,0.23796424269676208,0.02248985879123211,0.14082464575767517,0.05727221071720123,0.05727221071720123
391,391,0.027086909860372543,,,,,,,,,
392,392,,,0.7887938618659973,1.086794376373291,0.731914222240448,0.23722156882286072,0.022710762917995453,0.14015138149261475,0.05708010122179985,0.05708010122179985
392,392,0.02702193148434162,,,,,,,,,
393,393,,,0.7884796857833862,1.086862325668335,0.7316223382949829,0.2364809811115265,0.02293102629482746,0.1394796222448349,0.056889332830905914,0.056889332830905914
393,393,0.026957381516695023,,,,,,,,,
394,394,,,0.7881693243980408,1.0869287252426147,0.7313336730003357,0.23574237525463104,0.023150477558374405,0.13880929350852966,0.05669987201690674,0.05669987201690674
394,394,0.026893258094787598,,,,,,,,,
395,395,,,0.7878627777099609,1.0869929790496826,0.7310484647750854,0.23500606417655945,0.023369042202830315,0.13814063370227814,0.056511785835027695,0.056511785835027695
395,395,0.02682955376803875,,,,,,,,,
396,396,,,0.7875598669052124,1.0870554447174072,0.7307661771774292,0.23427200317382812,0.023586804047226906,0.13747361302375793,0.05632501840591431,0.05632501840591431
396,396,0.026766277849674225,,,,,,,,,
397,397,,,0.7872608304023743,1.087116003036499,0.7304872274398804,0.2335401177406311,0.023803699761629105,0.13680820167064667,0.05613960698246956,0.05613960698246956
397,397,0.026703448966145515,,,,,,,,,
398,398,,,0.7869656682014465,1.0871745347976685,0.7302116751670837,0.23281055688858032,0.024019906297326088,0.13614454865455627,0.05595555156469345,0.05595555156469345
398,398,0.026641033589839935,,,,,,,,,
399,399,,0.026579057797789574,,,,,,,,
399,399,,,0.786674439907074,1.0872310400009155,0.7299396395683289,0.23208336532115936,0.024235397577285767,0.1354827731847763,0.05577288940548897,0.05577288940548897
399,399,0.026579057797789574,,,,,,,,,
400,400,,,0.7863873243331909,1.087285041809082,0.7296712398529053,0.231358602643013,0.0244503952562809,0.13482290506362915,0.05559162050485611,0.05559162050485611
400,400,0.026517527177929878,,,,,,,,,
401,401,,,0.7861042022705078,1.0873368978500366,0.7294064164161682,0.230636328458786,0.024664616212248802,0.13416501879692078,0.05541175976395607,0.05541175976395607
401,401,0.026456424966454506,,,,,,,,,
402,402,,,0.7858251929283142,1.0873867273330688,0.7291454076766968,0.22991657257080078,0.024878045544028282,0.13350911438465118,0.05523331090807915,0.05523331090807915
402,402,0.0263957679271698,,,,,,,,,
403,403,,,0.7855501770973206,1.0874345302581787,0.7288878560066223,0.22919932007789612,0.025090660899877548,0.13285516202449799,0.055056244134902954,0.055056244134902954
403,403,0.026335548609495163,,,,,,,,,
404,404,,,0.7852791547775269,1.0874803066253662,0.7286338210105896,0.22848467528820038,0.025302650406956673,0.1322033703327179,0.05488060414791107,0.05488060414791107
404,404,0.026275774464011192,,,,,,,,,
405,405,,,0.7850119471549988,1.0875240564346313,0.7283831238746643,0.2277725636959076,0.025513997301459312,0.13155362010002136,0.054706331342458725,0.054706331342458725
405,405,0.02621643804013729,,,,,,,,,
406,406,,,0.784748911857605,1.0875654220581055,0.7281362414360046,0.22706328332424164,0.025724826380610466,0.13090625405311584,0.05453353375196457,0.05453353375196457
406,406,0.026157550513744354,,,,,,,,,
407,407,,,0.7844898700714111,1.0876041650772095,0.7278931736946106,0.22635683417320251,0.02593521773815155,0.13026131689548492,0.05436219274997711,0.05436219274997711
407,407,0.026099108159542084,,,,,,,,,
408,408,,,0.7842349410057068,1.0876405239105225,0.7276536822319031,0.22565320134162903,0.026144808158278465,0.12961870431900024,0.05419228598475456,0.05419228598475456
408,408,0.02604111284017563,,,,,,,,,
409,409,,,0.7839840054512024,1.0876744985580444,0.727418065071106,0.22495238482952118,0.026354119181632996,0.12897853553295135,0.05402382090687752,0.05402382090687752
409,409,0.025983549654483795,,,,,,,,,
410,410,,,0.7837372422218323,1.0877063274383545,0.7271862030029297,0.22425444424152374,0.026562780141830444,0.12834079563617706,0.053856804966926575,0.053856804966926575
410,410,0.025926459580659866,,,,,,,,,
411,411,,,0.7834942936897278,1.087735652923584,0.7269577980041504,0.22355937957763672,0.02677079476416111,0.12770551443099976,0.05369121581315994,0.05369121581315994
411,411,0.02586980164051056,,,,,,,,,
412,412,,,0.7832554578781128,1.087762475013733,0.7267332673072815,0.22286732494831085,0.026978403329849243,0.12707282602787018,0.05352708697319031,0.05352708697319031
412,412,0.025813588872551918,,,,,,,,,
413,413,,,0.7830207943916321,1.0877865552902222,0.726512610912323,0.22217828035354614,0.027185656130313873,0.1264428049325943,0.05336442589759827,0.05336442589759827
413,413,0.025757834315299988,,,,,,,,,
414,414,,,0.7827900648117065,1.0878081321716309,0.7262957692146301,0.2214924395084381,0.02739274501800537,0.12581568956375122,0.05320325866341591,0.05320325866341591
414,414,0.025702521204948425,,,,,,,,,
415,415,,,0.7825635671615601,1.087827205657959,0.7260828018188477,0.220809668302536,0.027599403634667397,0.12519128620624542,0.053043559193611145,0.053043559193611145
415,415,0.025647662580013275,,,,,,,,,
416,416,,,0.782340943813324,1.0878437757492065,0.7258735299110413,0.22013013064861298,0.027805820107460022,0.12456977367401123,0.05288534238934517,0.05288534238934517
416,416,0.025593260303139687,,,,,,,,,
417,417,,,0.7821224331855774,1.0878578424453735,0.7256681323051453,0.21945372223854065,0.028011906892061234,0.12395109981298447,0.05272858589887619,0.05272858589887619
417,417,0.025539295747876167,,,,,,,,,
418,418,,,0.7819077372550964,1.0878692865371704,0.725466251373291,0.21878063678741455,0.028217880055308342,0.12333545088768005,0.0525733083486557,0.0525733083486557
418,418,0.02548578567802906,,,,,,,,,
419,419,,,0.7816969752311707,1.0878782272338867,0.7252681851387024,0.2181108295917511,0.028423352167010307,0.12272272258996964,0.052419498562812805,0.052419498562812805
419,419,0.025432728230953217,,,,,,,,,
420,420,,,0.7814902663230896,1.0878843069076538,0.7250739336013794,0.21744434535503387,0.028628909960389137,0.12211312353610992,0.0522671714425087,0.0522671714425087
420,420,0.025380108505487442,,,,,,,,,
421,421,,,0.781287670135498,1.0878870487213135,0.7248838543891907,0.21678127348423004,0.028834452852606773,0.12150668352842331,0.05211634933948517,0.05211634933948517
421,421,0.025327948853373528,,,,,,,,,
422,422,,,0.7810890078544617,1.0878872871398926,0.7246975302696228,0.216121643781662,0.029040083289146423,0.12090351432561874,0.051967017352581024,0.051967017352581024
422,422,0.02527622878551483,,,,,,,,,
423,423,,,0.7808939814567566,1.0878853797912598,0.7245145440101624,0.21546542644500732,0.02924538403749466,0.12030347436666489,0.05181913450360298,0.05181913450360298
423,423,0.0252249576151371,,,,,,,,,
424,424,,,0.780703067779541,1.0878803730010986,0.7243355512619019,0.2148127406835556,0.029450686648488045,0.11970677226781845,0.05167275294661522,0.05167275294661522
424,424,0.02517414093017578,,,,,,,,,
425,425,,,0.7805160284042358,1.0878725051879883,0.7241604924201965,0.21416369080543518,0.02965572476387024,0.11911343038082123,0.05152787268161774,0.05152787268161774
425,425,0.025123754516243935,,,,,,,,,
426,426,,,0.780332624912262,1.0878617763519287,0.7239888906478882,0.2135181874036789,0.02986074425280094,0.11852346360683441,0.05138444900512695,0.05138444900512695
426,426,0.02507382445037365,,,,,,,,,
427,427,,,0.7801530361175537,1.0878483057022095,0.7238209843635559,0.21287624537944794,0.030065862461924553,0.11793693155050278,0.05124250054359436,0.05124250054359436
427,427,0.025024332106113434,,,,,,,,,
428,428,,,0.7799772024154663,1.087831735610962,0.7236568927764893,0.21223796904087067,0.030271392315626144,0.11735396832227707,0.051102034747600555,0.051102034747600555
428,428,0.024975277483463287,,,,,,,,,
429,429,,,0.7798051238059998,1.0878121852874756,0.7234963774681091,0.21160338819026947,0.030476897954940796,0.11677458137273788,0.05096304044127464,0.05096304044127464
429,429,0.024926675483584404,,,,,,,,,
430,430,,,0.779636800289154,1.0877896547317505,0.7233397960662842,0.2109726220369339,0.030682601034641266,0.11619886010885239,0.05082555115222931,0.05082555115222931
430,430,0.0248784888535738,,,,,,,,,
431,431,,,0.7794722318649292,1.0877643823623657,0.723186731338501,0.2103455513715744,0.030888358131051064,0.1156267449259758,0.050689518451690674,0.050689518451690674
431,431,0.0248307753354311,,,,,,,,,
432,432,,,0.7793111801147461,1.0877364873886108,0.7230371832847595,0.20972225069999695,0.031094152480363846,0.11505825817584991,0.050554946064949036,0.050554946064949036
432,432,0.024783477187156677,,,,,,,,,
433,433,,,0.7791537642478943,1.0877056121826172,0.722891092300415,0.2091028094291687,0.03130023181438446,0.11449357122182846,0.05042184144258499,0.05042184144258499
433,433,0.024736609309911728,,,,,,,,,
434,434,,,0.7789998650550842,1.087671160697937,0.722748875617981,0.20848725736141205,0.031506557017564774,0.11393274366855621,0.05029020085930824,0.05029020085930824
434,434,0.024690184742212296,,,,,,,,,
435,435,,,0.7788494825363159,1.0876336097717285,0.7226100564002991,0.20787565410137177,0.03171346336603165,0.11337586492300034,0.050160035490989685,0.050160035490989685
435,435,0.024644188582897186,,,,,,,,,
436,436,,,0.7787024974822998,1.0875931978225708,0.7224746942520142,0.20726795494556427,0.031920578330755234,0.11282286792993546,0.05003132298588753,0.05003132298588753
436,436,0.024598628282546997,,,,,,,,,
437,437,,,0.7785589694976807,1.0875500440597534,0.7223427295684814,0.20666418969631195,0.032127972692251205,0.11227378249168396,0.049904048442840576,0.049904048442840576
437,437,0.024553481489419937,,,,,,,,,
438,438,,,0.778418779373169,1.0875039100646973,0.7222141027450562,0.2060643583536148,0.032335568219423294,0.11172861605882645,0.049778200685977936,0.049778200685977936
438,438,0.024508772417902946,,,,,,,,,
439,439,,,0.7782820463180542,1.0874545574188232,0.7220890522003174,0.20546850562095642,0.03254326805472374,0.1111873984336853,0.0496537983417511,0.0496537983417511
439,439,0.024464476853609085,,,,,,,,,
440,440,,,0.7781485915184021,1.0874022245407104,0.7219673991203308,0.20487670600414276,0.03275148943066597,0.11065029352903366,0.04953083023428917,0.04953083023428917
440,440,0.024420607835054398,,,,,,,,,
441,441,,,0.7780185341835022,1.0873461961746216,0.721849262714386,0.20428894460201263,0.03296026587486267,0.11011731624603271,0.049409303814172745,0.049409303814172745
441,441,0.02437715046107769,,,,,,,,,
442,442,,,0.7778916358947754,1.0872870683670044,0.7217344045639038,0.203705295920372,0.033169183880090714,0.10958844423294067,0.04928918927907944,0.04928918927907944
442,442,0.024334117770195007,,,,,,,,,
443,443,,,0.7777675986289978,1.0872255563735962,0.7216222882270813,0.2031257301568985,0.033378783613443375,0.1090637668967247,0.04917047172784805,0.04917047172784805
443,443,0.02429150603711605,,,,,,,,,
444,444,,,0.7776467800140381,1.0871611833572388,0.7215135097503662,0.20255030691623688,0.033588580787181854,0.10854331403970718,0.04905317351222038,0.04905317351222038
444,444,0.024249285459518433,,,,,,,,,
445,445,,,0.7775288224220276,1.0870927572250366,0.7214077711105347,0.20197908580303192,0.03379901126027107,0.10802718997001648,0.04893726482987404,0.04893726482987404
445,445,0.02420748583972454,,,,,,,,,
446,446,,,0.7774139642715454,1.0870217084884644,0.7213051915168762,0.20141193270683289,0.03400986269116402,0.10751525312662125,0.04882274568080902,0.04882274568080902
446,446,0.02416609600186348,,,,,,,,,
447,447,,,0.777302086353302,1.0869477987289429,0.7212055921554565,0.20084898173809052,0.034221164882183075,0.10700763761997223,0.04870960861444473,0.04870960861444473
447,447,0.024125097319483757,,,,,,,,,
448,448,,,0.7771930694580078,1.086870789527893,0.7211090922355652,0.20029015839099884,0.0344330370426178,0.10650431364774704,0.04859784245491028,0.04859784245491028
448,448,0.024084502831101418,,,,,,,,,
449,449,,0.024044310674071312,,,,,,,,
449,449,,,0.7770870923995972,1.0867902040481567,0.7210157513618469,0.199735626578331,0.0346452072262764,0.10600538551807404,0.04848746210336685,0.04848746210336685
449,449,0.024044310674071312,,,,,,,,,
450,450,,,0.776983916759491,1.086706519126892,0.720925509929657,0.199185311794281,0.03485764190554619,0.10551079362630844,0.048378437757492065,0.048378437757492065
450,450,0.024004507809877396,,,,,,,,,
451,451,,,0.7768833041191101,1.0866197347640991,0.7208378911018372,0.1986391842365265,0.035070840269327164,0.10502060502767563,0.04827074706554413,0.04827074706554413
451,451,0.023965101689100266,,,,,,,,,
452,452,,,0.7767853140830994,1.0865299701690674,0.7207529544830322,0.19809728860855103,0.035284560173749924,0.10453487187623978,0.04816439002752304,0.04816439002752304
452,452,0.023926082998514175,,,,,,,,,
453,453,,,0.7766898274421692,1.0864373445510864,0.7206705808639526,0.1975596696138382,0.035498883575201035,0.10405363142490387,0.04805935174226761,0.04805935174226761
453,453,0.02388743683695793,,,,,,,,,
454,454,,,0.7765969634056091,1.086341381072998,0.7205910682678223,0.1970263421535492,0.0357135646045208,0.10357684642076492,0.047955647110939026,0.047955647110939026
454,454,0.023849183693528175,,,,,,,,,
455,455,,,0.7765066623687744,1.0862418413162231,0.7205143570899963,0.1964973360300064,0.03592895343899727,0.10310465097427368,0.0478532612323761,0.0478532612323761
455,455,0.023811303079128265,,,,,,,,,
456,456,,,0.7764187455177307,1.086139440536499,0.720440149307251,0.1959725320339203,0.03614465892314911,0.10263684391975403,0.047752149403095245,0.047752149403095245
456,456,0.023773808032274246,,,,,,,,,
457,457,,,0.7763332724571228,1.0860340595245361,0.7203684449195862,0.19545210897922516,0.036360982805490494,0.10217367857694626,0.04765235632658005,0.04765235632658005
457,457,0.02373669482767582,,,,,,,,,
458,458,,,0.7762502431869507,1.085925817489624,0.7202993631362915,0.19493591785430908,0.03657786175608635,0.10171501338481903,0.04755382984876633,0.04755382984876633
458,458,0.02369992434978485,,,,,,,,,
459,459,,,0.7761691808700562,1.085814356803894,0.7202324867248535,0.19442406296730042,0.036794859915971756,0.10126083344221115,0.04745655506849289,0.04745655506849289
459,459,0.023663537576794624,,,,,,,,,
460,460,,,0.7760904431343079,1.0856993198394775,0.7201681137084961,0.19391649961471558,0.0370127409696579,0.10081128031015396,0.04736053943634033,0.04736053943634033
460,460,0.023627499118447304,,,,,,,,,
461,461,,,0.776013970375061,1.085581660270691,0.7201061844825745,0.19341322779655457,0.03723111003637314,0.10036630183458328,0.04726577550172806,0.04726577550172806
461,461,0.02359183318912983,,,,,,,,,
462,462,,,0.7759394645690918,1.0854610204696655,0.72004634141922,0.1929142028093338,0.03745027631521225,0.09992590546607971,0.04717223346233368,0.04717223346233368
462,462,0.02355651929974556,,,,,,,,,
463,463,,,0.775867223739624,1.0853370428085327,0.7199890613555908,0.19241952896118164,0.037669915705919266,0.09949015080928802,0.04707993566989899,0.04707993566989899
463,463,0.023521549999713898,,,,,,,,,
464,464,,,0.77579665184021,1.0852100849151611,0.7199335694313049,0.19192920625209808,0.03789001330733299,0.09905902296304703,0.0469888336956501,0.0469888336956501
464,464,0.023486938327550888,,,,,,,,,
465,465,,,0.7757283449172974,1.0850797891616821,0.7198805212974548,0.19144318997859955,0.038110729306936264,0.0986325591802597,0.04689895361661911,0.04689895361661911
465,465,0.023452669382095337,,,,,,,,,
466,466,,,0.7756615877151489,1.0849472284317017,0.7198291420936584,0.19096148014068604,0.038331761956214905,0.0982106477022171,0.04681023582816124,0.04681023582816124
466,466,0.023418733850121498,,,,,,,,,
467,467,,,0.775596559047699,1.0848115682601929,0.7197795510292053,0.19048407673835754,0.03855322301387787,0.09779331833124161,0.04672267660498619,0.04672267660498619
467,467,0.023385146632790565,,,,,,,,,
468,468,,,0.7755332589149475,1.084672451019287,0.7197319865226746,0.19001087546348572,0.03877514600753784,0.09738055616617203,0.046636272221803665,0.046636272221803665
468,468,0.023351876065135002,,,,,,,,,
469,469,,,0.7754718065261841,1.084530234336853,0.7196866869926453,0.1895419955253601,0.03899761661887169,0.09697247296571732,0.046551045030355453,0.046551045030355453
469,469,0.023318948224186897,,,,,,,,,
470,470,,,0.7754122018814087,1.0843846797943115,0.7196433544158936,0.1890774369239807,0.03922069072723389,0.09656905382871628,0.04646696895360947,0.04646696895360947
470,470,0.023286335170269012,,,,,,,,,
471,471,,,0.7753540873527527,1.0842365026474,0.7196016311645508,0.18861712515354156,0.039444245398044586,0.09617023169994354,0.04638401046395302,0.04638401046395302
471,471,0.023254062980413437,,,,,,,,,
472,472,,,0.7752972841262817,1.0840859413146973,0.7195613384246826,0.18816104531288147,0.0396684855222702,0.0957760289311409,0.04630214720964432,0.04630214720964432
472,472,0.023222092539072037,,,,,,,,,
473,473,,,0.7752420902252197,1.0839320421218872,0.7195227742195129,0.1877092570066452,0.039892978966236115,0.09538645297288895,0.04622139781713486,0.04622139781713486
473,473,0.023190448060631752,,,,,,,,,
474,474,,,0.7751882672309875,1.083775281906128,0.719485878944397,0.18726179003715515,0.04011796787381172,0.09500151127576828,0.046141743659973145,0.046141743659973145
474,474,0.02315911464393139,,,,,,,,,
475,475,,,0.7751357555389404,1.0836155414581299,0.7194504141807556,0.18681848049163818,0.040343496948480606,0.09462111443281174,0.04606315493583679,0.04606315493583679
475,475,0.023128073662519455,,,,,,,,,
476,476,,,0.7750844955444336,1.083452820777893,0.7194164991378784,0.1863793581724167,0.04056951031088829,0.09424528479576111,0.04598561301827431,0.04598561301827431
476,476,0.023097341880202293,,,,,,,,,
477,477,,,0.7750345468521118,1.0832875967025757,0.719383955001831,0.18594446778297424,0.040795788168907166,0.093873992562294,0.04590913653373718,0.04590913653373718
477,477,0.023066917434334755,,,,,,,,,
478,478,,,0.7749858498573303,1.0831187963485718,0.7193529605865479,0.18551374971866608,0.04102268069982529,0.0935073047876358,0.04583369195461273,0.04583369195461273
478,478,0.023036783561110497,,,,,,,,,
479,479,,,0.7749385237693787,1.082947015762329,0.7193236351013184,0.18508723378181458,0.041250064969062805,0.09314519912004471,0.04575929418206215,0.04575929418206215
479,479,0.023006947711110115,,,,,,,,,
480,480,,,0.7748920917510986,1.082772970199585,0.71929532289505,0.18466483056545258,0.04147778078913689,0.09278756380081177,0.045685891062021255,0.045685891062021255
480,480,0.022977393120527267,,,,,,,,,
481,481,,,0.7748465538024902,1.0825960636138916,0.7192679643630981,0.18424656987190247,0.041705671697854996,0.09243441373109818,0.04561346769332886,0.04561346769332886
481,481,0.0229481253772974,,,,,,,,,
482,482,,,0.7748021483421326,1.08241605758667,0.7192420363426208,0.18383251130580902,0.041934236884117126,0.09208589792251587,0.04554205760359764,0.04554205760359764
482,482,0.02291914075613022,,,,,,,,,
483,483,,,0.7747588753700256,1.0822330713272095,0.7192174792289734,0.18342258036136627,0.04216330870985985,0.0917418822646141,0.045471638441085815,0.045471638441085815
483,483,0.02289043366909027,,,,,,,,,
484,484,,,0.7747161984443665,1.0820475816726685,0.7191936373710632,0.18301671743392944,0.04239258915185928,0.09140230715274811,0.04540214687585831,0.04540214687585831
484,484,0.022861992940306664,,,,,,,,,
485,485,,,0.7746743559837341,1.081859827041626,0.7191706299781799,0.18261487782001495,0.04262204468250275,0.09106708317995071,0.04533360153436661,0.04533360153436661
485,485,0.022833818569779396,,,,,,,,,
486,486,,,0.7746332883834839,1.0816693305969238,0.7191486358642578,0.182217076420784,0.042851969599723816,0.0907362774014473,0.04526598006486893,0.04526598006486893
486,486,0.022805916145443916,,,,,,,,,
487,487,,,0.7745930552482605,1.0814754962921143,0.7191277742385864,0.18182332813739777,0.04308231174945831,0.09040992707014084,0.04519928991794586,0.04519928991794586
487,487,0.022778276354074478,,,,,,,,,
488,488,,,0.7745538353919983,1.0812785625457764,0.7191082239151001,0.1814335733652115,0.0433131568133831,0.09008800983428955,0.04513353854417801,0.04513353854417801
488,488,0.022750889882445335,,,,,,,,,
489,489,,,0.7745153903961182,1.0810786485671997,0.7190897464752197,0.18104787170886993,0.04354440048336983,0.08977051824331284,0.04506869986653328,0.04506869986653328
489,489,0.022723764181137085,,,,,,,,,
490,490,,,0.7744773030281067,1.0808765888214111,0.719071626663208,0.18066607415676117,0.04377570003271103,0.08945724368095398,0.0450047105550766,0.0450047105550766
490,490,0.022696873173117638,,,,,,,,,
491,491,,,0.7744395732879639,1.0806726217269897,0.7190538644790649,0.180288165807724,0.04400733858346939,0.08914826810359955,0.044941578060388565,0.044941578060388565
491,491,0.022670239210128784,,,,,,,,,
492,492,,,0.7744022011756897,1.0804656744003296,0.7190366387367249,0.1799142062664032,0.04423915222287178,0.08884354680776596,0.04487928748130798,0.04487928748130798
492,492,0.02264384925365448,,,,,,,,,
493,493,,,0.7743659019470215,1.0802555084228516,0.7190207839012146,0.17954419553279877,0.044471222907304764,0.08854316920042038,0.04481789469718933,0.04481789469718933
493,493,0.02261769399046898,,,,,,,,,
494,494,,,0.7743299007415771,1.0800426006317139,0.7190055251121521,0.17917802929878235,0.044703759253025055,0.08824702352285385,0.04475732520222664,0.04475732520222664
494,494,0.022591769695281982,,,,,,,,,
495,495,,,0.7742943167686462,1.0798274278640747,0.7189907431602478,0.17881567776203156,0.04493653401732445,0.0879550501704216,0.04469756782054901,0.04469756782054901
495,495,0.022566083818674088,,,,,,,,,
496,496,,,0.774259090423584,1.0796096324920654,0.7189765572547913,0.1784571260213852,0.04516967386007309,0.08766726404428482,0.04463862627744675,0.04463862627744675
496,496,0.02254061959683895,,,,,,,,,
497,497,,,0.7742243409156799,1.0793888568878174,0.718963086605072,0.17810235917568207,0.045402996242046356,0.08738360553979874,0.04458048939704895,0.04458048939704895
497,497,0.02251538448035717,,,,,,,,,
498,498,,,0.774189829826355,1.0791658163070679,0.7189499139785767,0.1777513325214386,0.04563654214143753,0.08710404485464096,0.044523127377033234,0.044523127377033234
498,498,0.02249036356806755,,,,,,,,,
499,499,,0.02246556431055069,,,,,,,,
499,499,,,0.7741557359695435,1.0789402723312378,0.718937337398529,0.17740409076213837,0.04587014764547348,0.0868285670876503,0.04446655511856079,0.04446655511856079
499,499,0.02246556431055069,,,,,,,,,
500,500,,,0.7741215825080872,1.0787123441696167,0.718924880027771,0.17706049978733063,0.046104103326797485,0.08655712008476257,0.044410720467567444,0.044410720467567444
500,500,0.02244097925722599,,,,,,,,,
501,501,,,0.7740878462791443,1.078481912612915,0.7189129590988159,0.17672061920166016,0.046338316053152084,0.08628971874713898,0.04435565322637558,0.04435565322637558
501,501,0.02241659350693226,,,,,,,,,
502,502,,,0.7740541696548462,1.0782486200332642,0.7189013361930847,0.17638437449932098,0.046572599560022354,0.08602632582187653,0.044301316142082214,0.044301316142082214
502,502,0.022392425686120987,,,,,,,,,
503,503,,,0.7740207314491272,1.0780128240585327,0.7188900709152222,0.17605175077915192,0.04680734872817993,0.08576693385839462,0.044247716665267944,0.044247716665267944
503,503,0.022368455305695534,,,,,,,,,
504,504,,,0.7739874124526978,1.0777742862701416,0.718879222869873,0.1757226586341858,0.04704204574227333,0.08551135659217834,0.044194821268320084,0.044194821268320084
504,504,0.022344673052430153,,,,,,,,,
505,505,,,0.7739542126655579,1.0775339603424072,0.7188685536384583,0.1753971129655838,0.04727700725197792,0.08525966107845306,0.04414263367652893,0.04414263367652893
505,505,0.022321093827486038,,,,,,,,,
506,506,,,0.7739210724830627,1.0772910118103027,0.7188580632209778,0.17507509887218475,0.04751163348555565,0.08501170575618744,0.044091127812862396,0.044091127812862396
506,506,0.022297708317637444,,,,,,,,,
507,507,,,0.7738881707191467,1.07704496383667,0.7188481092453003,0.17475664615631104,0.04774618148803711,0.08476758003234863,0.04404032230377197,0.04404032230377197
507,507,0.022274501621723175,,,,,,,,,
508,508,,,0.7738550305366516,1.076796531677246,0.7188381552696228,0.17444166541099548,0.04798119142651558,0.08452727645635605,0.043990183621644974,0.043990183621644974
508,508,0.022251492366194725,,,,,,,,,
509,509,,,0.773822009563446,1.0765459537506104,0.7188282608985901,0.17413003742694855,0.0482165701687336,0.08429073542356491,0.043940700590610504,0.043940700590610504
509,509,0.022228660061955452,,,,,,,,,
510,510,,,0.7737886905670166,1.076292634010315,0.7188184261322021,0.173821821808815,0.048452045768499374,0.08405787497758865,0.04389185458421707,0.04389185458421707
510,510,0.022206002846360207,,,,,,,,,
511,511,,,0.7737554311752319,1.0760372877120972,0.718808650970459,0.17351695895195007,0.04868767410516739,0.08382866531610489,0.043843649327754974,0.043843649327754974
511,511,0.02218351699411869,,,,,,,,,
512,512,,,0.7737221717834473,1.0757789611816406,0.718799352645874,0.17321546375751495,0.04892343282699585,0.083603136241436,0.04379608482122421,0.04379608482122421
512,512,0.022161202505230904,,,,,,,,,
513,513,,,0.7736889719963074,1.0755186080932617,0.7187899947166443,0.17291726171970367,0.049159109592437744,0.08338110148906708,0.043749142438173294,0.043749142438173294
513,513,0.022139057517051697,,,,,,,,,
514,514,,,0.7736555337905884,1.0752562284469604,0.7187806367874146,0.17262232303619385,0.04939498007297516,0.08316265046596527,0.043702803552150726,0.043702803552150726
514,514,0.02211708202958107,,,,,,,,,
515,515,,,0.7736220359802246,1.07499098777771,0.7187715172767639,0.17233061790466309,0.049630820751190186,0.08294768631458282,0.04365706443786621,0.04365706443786621
515,515,0.02209526114165783,,,,,,,,,
516,516,,,0.7735883593559265,1.074723243713379,0.7187623381614685,0.172042116522789,0.0498664453625679,0.08273612707853317,0.043611906468868256,0.043611906468868256
516,516,0.022073596715927124,,,,,,,,,
517,517,,,0.7735545039176941,1.0744534730911255,0.7187530398368835,0.1717567890882492,0.050102077424526215,0.08252797275781631,0.043567314743995667,0.043567314743995667
517,517,0.022052090615034103,,,,,,,,,
518,518,,,0.773520290851593,1.0741811990737915,0.718743622303009,0.17147457599639893,0.05033767595887184,0.08232317119836807,0.043523285537958145,0.043523285537958145
518,518,0.022030726075172424,,,,,,,,,
519,519,,,0.7734857201576233,1.0739065408706665,0.7187339663505554,0.17119549214839935,0.05057361349463463,0.08212181180715561,0.043479807674884796,0.043479807674884796
519,519,0.02200952172279358,,,,,,,,,
520,520,,,0.7734511494636536,1.073629379272461,0.7187245488166809,0.1709194779396057,0.050809409469366074,0.08192373067140579,0.04343688488006592,0.04343688488006592
520,520,0.021988458931446075,,,,,,,,,
521,521,,,0.7734164595603943,1.073349952697754,0.7187151908874512,0.17064650356769562,0.0510454885661602,0.08172894269227982,0.04339452087879181,0.04339452087879181
521,521,0.021967533975839615,,,,,,,,,
522,522,,,0.7733815312385559,1.073068380355835,0.7187057137489319,0.1703764945268631,0.0512814000248909,0.08153732120990753,0.04335267096757889,0.04335267096757889
522,522,0.021946748718619347,,,,,,,,,
523,523,,,0.7733463048934937,1.0727839469909668,0.7186962366104126,0.17010949552059174,0.05151752009987831,0.0813489481806755,0.04331135004758835,0.04331135004758835
523,523,0.021926088258624077,,,,,,,,,
524,524,,,0.7733107805252075,1.0724976062774658,0.718686580657959,0.16984540224075317,0.05175314471125603,0.08116360008716583,0.043270520865917206,0.043270520865917206
524,524,0.021905580535531044,,,,,,,,,
525,525,,,0.7732748985290527,1.0722090005874634,0.7186766862869263,0.1695842295885086,0.051988743245601654,0.08098136633634567,0.043230198323726654,0.043230198323726654
525,525,0.02188519574701786,,,,,,,,,
526,526,,,0.7732386589050293,1.071918249130249,0.7186665534973145,0.16932590305805206,0.052224256098270416,0.08080216497182846,0.04319034889340401,0.04319034889340401
526,526,0.021864932030439377,,,,,,,,,
527,527,,,0.7732022404670715,1.071624755859375,0.718656599521637,0.16907042264938354,0.052459873259067535,0.08062601834535599,0.04315100610256195,0.04315100610256195
527,527,0.02184479683637619,,,,,,,,,
528,528,,,0.7731655240058899,1.0713289976119995,0.7186464667320251,0.16881775856018066,0.05269549787044525,0.08045285940170288,0.0431121364235878,0.0431121364235878
528,528,0.021824773401021957,,,,,,,,,
529,529,,,0.7731283903121948,1.071031093597412,0.7186360359191895,0.16856782138347626,0.05293109640479088,0.08028263598680496,0.04307372123003006,0.04307372123003006
529,529,0.02180487848818302,,,,,,,,,
530,530,,,0.7730908393859863,1.0707308053970337,0.7186254262924194,0.1683206558227539,0.05316680669784546,0.08011535555124283,0.04303576424717903,0.04303576424717903
530,530,0.021785086020827293,,,,,,,,,
531,531,,,0.773052990436554,1.0704283714294434,0.7186145782470703,0.16807615756988525,0.05340239033102989,0.07995089143514633,0.04299825429916382,0.04299825429916382
531,531,0.021765420213341713,,,,,,,,,
532,532,,,0.7730149030685425,1.0701234340667725,0.7186039090156555,0.16783437132835388,0.0536375492811203,0.0797891840338707,0.04296119883656502,0.04296119883656502
532,532,0.02174585498869419,,,,,,,,,
533,533,,,0.772976279258728,1.0698165893554688,0.718592643737793,0.16759519279003143,0.05387263372540474,0.07963024079799652,0.04292455315589905,0.04292455315589905
533,533,0.021726395934820175,,,,,,,,,
534,534,,,0.7729373574256897,1.0695072412490845,0.7185813784599304,0.16735859215259552,0.05410768836736679,0.07947403937578201,0.0428883396089077,0.0428883396089077
534,534,0.02170703560113907,,,,,,,,,
535,535,,,0.772898256778717,1.0691953897476196,0.7185701727867126,0.16712455451488495,0.05434266850352287,0.079320527613163,0.042852554470300674,0.042852554470300674
535,535,0.021687787026166916,,,,,,,,,
536,536,,,0.7728589177131653,1.0688810348510742,0.7185589671134949,0.16689305007457733,0.05457749217748642,0.07916967570781708,0.04281718656420708,0.04281718656420708
536,536,0.02166861854493618,,,,,,,,,
537,537,,,0.7728189826011658,1.068564772605896,0.7185474038124084,0.16666404902935028,0.054812099784612656,0.0790214017033577,0.04278220608830452,0.04278220608830452
537,537,0.021649563685059547,,,,,,,,,
538,538,,,0.7727785110473633,1.0682462453842163,0.718535304069519,0.1664375364780426,0.05504672974348068,0.07887574285268784,0.042747613042593,0.042747613042593
538,538,0.02163059264421463,,,,,,,,,
539,539,,,0.7727376818656921,1.0679258108139038,0.7185229659080505,0.16621343791484833,0.0552811324596405,0.07873258739709854,0.04271339625120163,0.04271339625120163
539,539,0.021611720323562622,,,,,,,,,
540,540,,,0.7726963758468628,1.0676027536392212,0.7185104489326477,0.16599173843860626,0.05551564320921898,0.0785919800400734,0.0426795668900013,0.0426795668900013
540,540,0.021592924371361732,,,,,,,,,
541,541,,,0.7726547718048096,1.0672775506973267,0.7184977531433105,0.16577239334583282,0.05574994906783104,0.07845376431941986,0.042646102607250214,0.042646102607250214
541,541,0.02157423086464405,,,,,,,,,
542,542,,,0.7726126313209534,1.0669500827789307,0.7184848189353943,0.16555538773536682,0.05598374456167221,0.07831791043281555,0.04261299595236778,0.04261299595236778
542,542,0.021555598825216293,,,,,,,,,
543,543,,,0.7725705504417419,1.0666197538375854,0.7184722423553467,0.16534069180488586,0.056217607110738754,0.07818447798490524,0.04258027672767639,0.04258027672767639
543,543,0.02153705433011055,,,,,,,,,
544,544,,,0.7725279927253723,1.0662872791290283,0.71845942735672,0.16512826085090637,0.05645133927464485,0.07805337011814117,0.042547911405563354,0.042547911405563354
544,544,0.02151859737932682,,,,,,,,,
545,545,,,0.7724849581718445,1.0659531354904175,0.7184461951255798,0.16491803526878357,0.056684739887714386,0.07792451977729797,0.04251587390899658,0.04251587390899658
545,545,0.021500203758478165,,,,,,,,,
546,546,,,0.7724413275718689,1.065616250038147,0.7184326648712158,0.16471002995967865,0.05691808834671974,0.07779793441295624,0.042484164237976074,0.042484164237976074
546,546,0.021481886506080627,,,,,,,,,
547,547,,,0.7723972797393799,1.0652774572372437,0.7184187769889832,0.16450420022010803,0.057151004672050476,0.07767353951931,0.04245278239250183,0.04245278239250183
547,547,0.02146364003419876,,,,,,,,,
548,548,,,0.7723528742790222,1.0649361610412598,0.7184048295021057,0.16430050134658813,0.05738397687673569,0.07755135744810104,0.042421724647283554,0.042421724647283554
548,548,0.021445458754897118,,,,,,,,,
549,549,,0.021427346393465996,,,,,,,,
549,549,,,0.7723081707954407,1.0645924806594849,0.7183907628059387,0.16409891843795776,0.0576166957616806,0.07743130624294281,0.04239099100232124,0.04239099100232124
549,549,0.021427346393465996,,,,,,,,,
550,550,,,0.7722631692886353,1.064246416091919,0.7183767557144165,0.16389939188957214,0.05784928426146507,0.0773133859038353,0.0423605814576149,0.0423605814576149
550,550,0.0214092954993248,,,,,,,,,
551,551,,,0.7722176313400269,1.0638978481292725,0.7183623909950256,0.16370196640491486,0.05808153748512268,0.07719748467206955,0.042330462485551834,0.042330462485551834
551,551,0.021391307935118675,,,,,,,,,
552,552,,,0.7721716165542603,1.0635473728179932,0.7183477282524109,0.16350650787353516,0.05831363424658775,0.07708363234996796,0.042300641536712646,0.042300641536712646
552,552,0.02137337625026703,,,,,,,,,
553,553,,,0.7721251845359802,1.063194990158081,0.7183327674865723,0.16331303119659424,0.05854525789618492,0.07697170227766037,0.04227110370993614,0.04227110370993614
553,553,0.02135549858212471,,,,,,,,,
554,554,,,0.7720784544944763,1.0628403425216675,0.7183178067207336,0.16312150657176971,0.05877675488591194,0.07686173170804977,0.042241863906383514,0.042241863906383514
554,554,0.021337686106562614,,,,,,,,,
555,555,,,0.7720314264297485,1.0624831914901733,0.718302845954895,0.162931889295578,0.059008099138736725,0.07675369828939438,0.04221291095018387,0.04221291095018387
555,555,0.021319910883903503,,,,,,,,,
556,556,,,0.7719839811325073,1.0621237754821777,0.7182875871658325,0.1627441793680191,0.05923929437994957,0.07664759457111359,0.04218423366546631,0.04218423366546631
556,556,0.021302200853824615,,,,,,,,,
557,557,,,0.7719360589981079,1.0617618560791016,0.7182721495628357,0.16255836188793182,0.05947050079703331,0.07654337584972382,0.042155828326940536,0.042155828326940536
557,557,0.021284518763422966,,,,,,,,,
558,558,,,0.7718878388404846,1.0613977909088135,0.7182565927505493,0.162374347448349,0.05970108136534691,0.07644088566303253,0.04212767630815506,0.04212767630815506
558,558,0.021266894415020943,,,,,,,,,
559,559,,,0.7718390822410583,1.0610313415527344,0.7182409167289734,0.16219215095043182,0.05993179976940155,0.07634025067090988,0.04209979623556137,0.04209979623556137
559,559,0.0212493184953928,,,,,,,,,
560,560,,,0.7717899084091187,1.0606626272201538,0.718224823474884,0.16201168298721313,0.060161665081977844,0.07624123245477676,0.04207213595509529,0.04207213595509529
560,560,0.02123178169131279,,,,,,,,,
561,561,,,0.7717403769493103,1.0602914094924927,0.7182087302207947,0.1618329882621765,0.060391295701265335,0.07614392787218094,0.042044736444950104,0.042044736444950104
561,561,0.021214274689555168,,,,,,,,,
562,562,,,0.7716906070709229,1.0599178075790405,0.7181927561759949,0.161655992269516,0.0606207475066185,0.07604831457138062,0.04201759397983551,0.04201759397983551
562,562,0.021196814253926277,,,,,,,,,
563,563,,,0.7716403007507324,1.0595420598983765,0.7181763052940369,0.16148069500923157,0.060849878937006,0.07595430314540863,0.04199066758155823,0.04199066758155823
563,563,0.02117939107120037,,,,,,,,,
564,564,,,0.7715898156166077,1.0591638088226318,0.7181600332260132,0.16130708158016205,0.06107880920171738,0.07586195319890976,0.04196399822831154,0.04196399822831154
564,564,0.021161995828151703,,,,,,,,,
565,565,,,0.7715387940406799,1.0587832927703857,0.7181435227394104,0.16113504767417908,0.06130769103765488,0.07577119767665863,0.04193754121661186,0.04193754121661186
565,565,0.02114463411271572,,,,,,,,,
566,566,,,0.7714874744415283,1.0584007501602173,0.7181268334388733,0.16096465289592743,0.06153623387217522,0.07568197697401047,0.04191131144762039,0.04191131144762039
566,566,0.021127305924892426,,,,,,,,,
567,567,,,0.7714357972145081,1.0580158233642578,0.7181100845336914,0.16079580783843994,0.06176433712244034,0.07559426128864288,0.04188530147075653,0.04188530147075653
567,567,0.02111000381410122,,,,,,,,,
568,568,,,0.7713837027549744,1.057629108428955,0.7180930972099304,0.1606285125017166,0.06199222430586815,0.07550802826881409,0.041859500110149384,0.041859500110149384
568,568,0.021092718467116356,,,,,,,,,
569,569,,,0.771331250667572,1.057239294052124,0.7180761694908142,0.16046272218227386,0.06221979483962059,0.0754232257604599,0.04183390736579895,0.04183390736579895
569,569,0.02107546664774418,,,,,,,,,
570,570,,,0.7712785601615906,1.056847333908081,0.7180591821670532,0.1602984368801117,0.06244667246937752,0.07533976435661316,0.041808515787124634,0.041808515787124634
570,570,0.021058227866888046,,,,,,,,,
571,571,,,0.7712255716323853,1.0564528703689575,0.718042254447937,0.1601356565952301,0.06267345696687698,0.07525777071714401,0.04178334027528763,0.04178334027528763
571,571,0.02104102075099945,,,,,,,,,
572,572,,,0.7711719274520874,1.056056261062622,0.7180247902870178,0.15997426211833954,0.06289968639612198,0.07517703622579575,0.04175832122564316,0.04175832122564316
572,572,0.021023832261562347,,,,,,,,,
573,573,,,0.7711179852485657,1.055657148361206,0.7180074453353882,0.15981431305408478,0.06312574446201324,0.07509766519069672,0.0417335070669651,0.0417335070669651
573,573,0.02100665494799614,,,,,,,,,
574,574,,,0.7710638046264648,1.05525541305542,0.7179901003837585,0.15965573489665985,0.063351571559906,0.07501961290836334,0.04170888289809227,0.04170888289809227
574,574,0.020989496260881424,,,,,,,,,
575,575,,,0.7710094451904297,1.0548509359359741,0.7179729342460632,0.15949849784374237,0.06357716768980026,0.07494282722473145,0.04168444871902466,0.04168444871902466
575,575,0.020972350612282753,,,,,,,,,
576,576,,,0.7709547281265259,1.0544445514678955,0.7179557085037231,0.15934258699417114,0.06380251049995422,0.07486732304096222,0.04166019707918167,0.04166019707918167
576,576,0.02095520868897438,,,,,,,,,
577,577,,,0.7708994150161743,1.054036021232605,0.7179379463195801,0.15918801724910736,0.06402727216482162,0.07479295879602432,0.04163609445095062,0.04163609445095062
577,577,0.0209380853921175,,,,,,,,,
578,578,,,0.7708438038825989,1.0536251068115234,0.7179202437400818,0.15903474390506744,0.06425140798091888,0.07471972703933716,0.04161215201020241,0.04161215201020241
578,578,0.02092096582055092,,,,,,,,,
579,579,,,0.7707878947257996,1.0532114505767822,0.7179026007652283,0.158882737159729,0.06447537243366241,0.0746477022767067,0.04158839210867882,0.04158839210867882
579,579,0.020903855562210083,,,,,,,,,
580,580,,,0.7707318663597107,1.052795171737671,0.7178851962089539,0.15873190760612488,0.06469880044460297,0.074576735496521,0.04156479239463806,0.04156479239463806
580,580,0.020886745303869247,,,,,,,,,
581,581,,,0.7706755995750427,1.0523760318756104,0.7178679704666138,0.15858234465122223,0.06492211669683456,0.07450693845748901,0.04154136776924133,0.04154136776924133
581,581,0.020869646221399307,,,,,,,,,
582,582,,,0.7706189155578613,1.0519554615020752,0.7178503274917603,0.1584339588880539,0.06514481455087662,0.07443816214799881,0.04151808097958565,0.04151808097958565
582,582,0.020852552726864815,,,,,,,,,
583,583,,,0.770561695098877,1.0515326261520386,0.7178325057029724,0.1582866907119751,0.06536727398633957,0.07437042146921158,0.04149492830038071,0.04149492830038071
583,583,0.020835451781749725,,,,,,,,,
584,584,,,0.7705042958259583,1.0511066913604736,0.7178148627281189,0.15814059972763062,0.06558936834335327,0.07430373877286911,0.041471928358078,0.041471928358078
584,584,0.020818354561924934,,,,,,,,,
585,585,,,0.7704464793205261,1.0506783723831177,0.7177971601486206,0.15799562633037567,0.06581082940101624,0.07423797994852066,0.041449062526226044,0.041449062526226044
585,585,0.020801248028874397,,,,,,,,,
586,586,,,0.7703885436058044,1.0502475500106812,0.7177795767784119,0.15785177052021027,0.06603206694126129,0.0741732120513916,0.04142634570598602,0.04142634570598602
586,586,0.02078413963317871,,,,,,,,,
587,587,,,0.7703301310539246,1.0498144626617432,0.7177618741989136,0.15770897269248962,0.06625263392925262,0.07410935312509537,0.04140375182032585,0.04140375182032585
587,587,0.020767031237483025,,,,,,,,,
588,588,,,0.7702715992927551,1.049378514289856,0.7177443504333496,0.15756721794605255,0.0664731115102768,0.07404645532369614,0.04138129949569702,0.04138129949569702
588,588,0.02074991539120674,,,,,,,,,
589,589,,,0.7702126502990723,1.0489400625228882,0.7177268266677856,0.15742646157741547,0.06669273972511292,0.07398437708616257,0.041358962655067444,0.041358962655067444
589,589,0.020732779055833817,,,,,,,,,
590,590,,,0.7701536417007446,1.0484991073608398,0.7177094221115112,0.15728674829006195,0.06691212952136993,0.07392320781946182,0.04133676737546921,0.04133676737546921
590,590,0.020715640857815742,,,,,,,,,
591,591,,,0.770094096660614,1.048055648803711,0.717691957950592,0.15714801847934723,0.06713081151247025,0.07386281341314316,0.04131466895341873,0.04131466895341873
591,591,0.020698491483926773,,,,,,,,,
592,592,,,0.7700343728065491,1.047609806060791,0.7176745533943176,0.1570102721452713,0.06734930723905563,0.07380329817533493,0.0412927083671093,0.0412927083671093
592,592,0.02068132907152176,,,,,,,,,
593,593,,,0.7699742317199707,1.0471612215042114,0.717657208442688,0.156873419880867,0.06756750494241714,0.07374458760023117,0.041270848363637924,0.041270848363637924
593,593,0.0206641536206007,,,,,,,,,
594,594,,,0.769913911819458,1.0467101335525513,0.7176399230957031,0.15673749148845673,0.06778529286384583,0.07368665933609009,0.041249096393585205,0.041249096393585205
594,594,0.0206469614058733,,,,,,,,,
595,595,,,0.7698532938957214,1.0462563037872314,0.7176226377487183,0.15660245716571808,0.06800244003534317,0.0736294612288475,0.04122745245695114,0.04122745245695114
595,595,0.020629748702049255,,,,,,,,,
596,596,,,0.7697924971580505,1.0458003282546997,0.717605471611023,0.15646836161613464,0.06821896135807037,0.07357296347618103,0.04120592027902603,0.04120592027902603
596,596,0.02061251550912857,,,,,,,,,
597,597,,,0.7697315216064453,1.0453412532806396,0.7175886631011963,0.15633508563041687,0.06843478977680206,0.07351710647344589,0.04118449613451958,0.04118449613451958
597,597,0.02059526927769184,,,,,,,,,
598,598,,,0.7696702480316162,1.04487943649292,0.7175718545913696,0.15620265901088715,0.0686502605676651,0.07346197962760925,0.041163161396980286,0.041163161396980286
598,598,0.02057800255715847,,,,,,,,,
599,599,,0.02056071162223816,,,,,,,,
599,599,,,0.7696084976196289,1.0444157123565674,0.7175548076629639,0.1560710370540619,0.06886523962020874,0.07340750843286514,0.04114190489053726,0.04114190489053726
599,599,0.02056071162223816,,,,,,,,,
600,600,,,0.7695465683937073,1.0439488887786865,0.7175379395484924,0.1559402048587799,0.06907970458269119,0.07335366308689117,0.0411207489669323,0.0411207489669323
600,600,0.02054339461028576,,,,,,,,,
601,601,,,0.7694843411445618,1.043479084968567,0.7175213098526001,0.1558101624250412,0.0692940279841423,0.07330051809549332,0.04109968617558479,0.04109968617558479
601,601,0.020526045933365822,,,,,,,,,
602,602,,,0.7694219946861267,1.0430067777633667,0.7175048589706421,0.15568087995052338,0.06950761377811432,0.07324790209531784,0.041078709065914154,0.041078709065914154
602,602,0.020508678629994392,,,,,,,,,
603,603,,,0.7693591713905334,1.0425316095352173,0.7174882292747498,0.15555235743522644,0.06972061842679977,0.07319586724042892,0.04105779528617859,0.04105779528617859
603,603,0.020491283386945724,,,,,,,,,
604,604,,,0.7692962288856506,1.0420539379119873,0.7174718976020813,0.15542453527450562,0.06993324309587479,0.07314440608024597,0.041036978363990784,0.041036978363990784
604,604,0.02047385834157467,,,,,,,,,
605,605,,,0.7692329287528992,1.0415737628936768,0.7174555659294128,0.1552974283695221,0.07014472782611847,0.07309339940547943,0.04101622477173805,0.04101622477173805
605,605,0.020456401631236076,,,,,,,,,
606,606,,,0.7691696882247925,1.0410906076431274,0.7174397706985474,0.1551710069179535,0.0703558400273323,0.07304295152425766,0.04099556803703308,0.04099556803703308
606,606,0.020438915118575096,,,,,,,,,
607,607,,,0.7691061496734619,1.0406043529510498,0.7174240946769714,0.1550452709197998,0.07056637108325958,0.0729929655790329,0.040974974632263184,0.040974974632263184
607,607,0.020421400666236877,,,,,,,,,
608,608,,,0.7690423130989075,1.040115475654602,0.7174084782600403,0.15492017567157745,0.07077659666538239,0.07294349372386932,0.04095445200800896,0.04095445200800896
608,608,0.02040383778512478,,,,,,,,,
609,609,,,0.7689781188964844,1.0396240949630737,0.7173927426338196,0.15479572117328644,0.07098627835512161,0.07289450615644455,0.04093398526310921,0.04093398526310921
609,609,0.020386256277561188,,,,,,,,,
610,610,,,0.7689136266708374,1.0391299724578857,0.7173771858215332,0.15467187762260437,0.07119540870189667,0.07284597307443619,0.04091358557343483,0.04091358557343483
610,610,0.020368633791804314,,,,,,,,,
611,611,,,0.7688488960266113,1.0386329889297485,0.7173616886138916,0.15454860031604767,0.07140391319990158,0.07279783487319946,0.04089323431253433,0.04089323431253433
611,611,0.020350968465209007,,,,,,,,,
612,612,,,0.7687841057777405,1.038133144378662,0.7173466682434082,0.15442591905593872,0.0716119110584259,0.07275013625621796,0.040872957557439804,0.040872957557439804
612,612,0.020333267748355865,,,,,,,,,
613,613,,,0.768718957901001,1.0376304388046265,0.7173317074775696,0.15430384874343872,0.07181882113218307,0.07270275801420212,0.040852732956409454,0.040852732956409454
613,613,0.02031552791595459,,,,,,,,,
614,614,,,0.7686536908149719,1.037124514579773,0.7173170447349548,0.1541823148727417,0.07202529162168503,0.07265575975179672,0.04083256423473358,0.04083256423473358
614,614,0.02029774710536003,,,,,,,,,
615,615,,,0.7685881853103638,1.0366158485412598,0.7173025608062744,0.15406130254268646,0.07223080843687057,0.0726090595126152,0.04081244021654129,0.04081244021654129
615,615,0.02027992159128189,,,,,,,,,
616,616,,,0.7685225009918213,1.0361037254333496,0.7172883749008179,0.15394079685211182,0.07243610918521881,0.07256276160478592,0.04079236835241318,0.04079236835241318
616,616,0.020262064412236214,,,,,,,,,
617,617,,,0.7684563398361206,1.035589337348938,0.717274010181427,0.15382078289985657,0.07264072448015213,0.0725167840719223,0.04077232629060745,0.04077232629060745
617,617,0.020244145765900612,,,,,,,,,
618,618,,,0.7683898210525513,1.0350722074508667,0.7172595262527466,0.1537012904882431,0.07284484803676605,0.07247114181518555,0.04075232148170471,0.04075232148170471
618,618,0.020226186141371727,,,,,,,,,
619,619,,,0.7683232426643372,1.034551739692688,0.7172456383705139,0.15358223021030426,0.07304840534925461,0.07242579758167267,0.04073236882686615,0.04073236882686615
619,619,0.020208189263939857,,,,,,,,,
620,620,,,0.7682564854621887,1.0340279340744019,0.7172321677207947,0.15346366167068481,0.0732511505484581,0.07238069921731949,0.04071246460080147,0.04071246460080147
620,620,0.020190130919218063,,,,,,,,,
621,621,,,0.7681897282600403,1.0335017442703247,0.7172189354896545,0.1533455103635788,0.07345285266637802,0.07233578711748123,0.04069260135293007,0.04069260135293007
621,621,0.020172033458948135,,,,,,,,,
622,622,,,0.7681226134300232,1.0329724550247192,0.7172057628631592,0.1532277911901474,0.07365374267101288,0.07229108363389969,0.04067275673151016,0.04067275673151016
622,622,0.02015387825667858,,,,,,,,,
623,623,,,0.7680553197860718,1.032439947128296,0.7171929478645325,0.15311045944690704,0.07385411858558655,0.07224664837121964,0.04065295681357384,0.04065295681357384
623,623,0.020135682076215744,,,,,,,,,
624,624,,,0.7679876089096069,1.0319043397903442,0.7171801924705505,0.1529935598373413,0.07405419647693634,0.07220249623060226,0.0406331792473793,0.0406331792473793
624,624,0.02011742815375328,,,,,,,,,
625,625,,,0.7679197788238525,1.0313657522201538,0.7171676158905029,0.15287701785564423,0.07425345480442047,0.07215850800275803,0.04061342030763626,0.04061342030763626
625,625,0.02009911835193634,,,,,,,,,
626,626,,,0.7678515315055847,1.0308239459991455,0.7171550393104553,0.1527608335018158,0.07445203512907028,0.07211469858884811,0.04059368371963501,0.04059368371963501
626,626,0.02008075825870037,,,,,,,,,
627,627,,,0.7677831649780273,1.0302789211273193,0.7171430587768555,0.15264500677585602,0.0746496319770813,0.07207102328538895,0.04057396948337555,0.04057396948337555
627,627,0.020062338560819626,,,,,,,,,
628,628,,,0.7677145600318909,1.0297307968139648,0.7171311378479004,0.1525295227766037,0.07484655827283859,0.07202750444412231,0.04055427759885788,0.04055427759885788
628,628,0.02004386857151985,,,,,,,,,
629,629,,,0.7676458358764648,1.029179334640503,0.7171196341514587,0.15241438150405884,0.07504262030124664,0.07198411971330643,0.0405346155166626,0.0405346155166626
629,629,0.02002534084022045,,,,,,,,,
630,630,,,0.7675768733024597,1.0286247730255127,0.7171082496643066,0.15229953825473785,0.075237937271595,0.0719408169388771,0.040514953434467316,0.040514953434467316
630,630,0.020006753504276276,,,,,,,,,
631,631,,,0.7675077319145203,1.0280669927597046,0.7170973420143127,0.15218497812747955,0.07543222606182098,0.07189761102199554,0.04049531742930412,0.04049531742930412
631,631,0.019988104701042175,,,,,,,,,
632,632,,,0.7674381732940674,1.0275062322616577,0.7170863747596741,0.15207070112228394,0.07562603056430817,0.07185453921556473,0.04047567769885063,0.04047567769885063
632,632,0.0199693962931633,,,,,,,,,
633,633,,,0.7673686146736145,1.0269418954849243,0.7170759439468384,0.151956707239151,0.0758192166686058,0.07181156426668167,0.04045607149600983,0.04045607149600983
633,633,0.019950618967413902,,,,,,,,,
634,634,,,0.767298698425293,1.026374340057373,0.7170655727386475,0.15184298157691956,0.07601159065961838,0.07176866382360458,0.04043646156787872,0.04043646156787872
634,634,0.019931791350245476,,,,,,,,,
635,635,,,0.7672286629676819,1.025803565979004,0.71705561876297,0.1517294943332672,0.07620332390069962,0.07172583788633347,0.040416862815618515,0.040416862815618515
635,635,0.01991289108991623,,,,,,,,,
636,636,,,0.7671580910682678,1.025230050086975,0.7170454859733582,0.15161624550819397,0.07639385014772415,0.07168299704790115,0.040397245436906815,0.040397245436906815
636,636,0.019893936812877655,,,,,,,,,
637,637,,,0.7670875787734985,1.0246529579162598,0.7170358896255493,0.15150319039821625,0.07658354938030243,0.07164017111063004,0.040377646684646606,0.040377646684646606
637,637,0.01987490989267826,,,,,,,,,
638,638,,,0.7670168280601501,1.0240721702575684,0.7170266509056091,0.15139034390449524,0.07677222043275833,0.07159732282161713,0.0403580404818058,0.0403580404818058
638,638,0.019855812191963196,,,,,,,,,
639,639,,,0.7669457793235779,1.0234880447387695,0.717017650604248,0.15127770602703094,0.07696022093296051,0.07155454903841019,0.040338438004255295,0.040338438004255295
639,639,0.019836651161313057,,,,,,,,,
640,640,,,0.766874372959137,1.0229005813598633,0.7170087695121765,0.15116529166698456,0.07714734971523285,0.07151175290346146,0.040318820625543594,0.040318820625543594
640,640,0.019817426800727844,,,,,,,,,
641,641,,,0.7668028473854065,1.022309422492981,0.7170003056526184,0.15105301141738892,0.07733364403247833,0.07146891206502914,0.040299199521541595,0.040299199521541595
641,641,0.019798126071691513,,,,,,,,,
642,642,,,0.7667313814163208,1.0217143297195435,0.7169924378395081,0.1509408801794052,0.07751920819282532,0.07142605632543564,0.04027958959341049,0.04027958959341049
642,642,0.019778752699494362,,,,,,,,,
643,643,,,0.7666593790054321,1.0211162567138672,0.7169845104217529,0.15082891285419464,0.07770388573408127,0.07138316333293915,0.0402599573135376,0.0402599573135376
643,643,0.019759315997362137,,,,,,,,,
644,644,,,0.76658695936203,1.0205153226852417,0.7169765830039978,0.15071706473827362,0.07788748294115067,0.07134018838405609,0.040240295231342316,0.040240295231342316
644,644,0.019739793613553047,,,,,,,,,
645,645,,,0.7665145397186279,1.0199106931686401,0.7169691324234009,0.15060535073280334,0.07807015627622604,0.07129713147878647,0.04022063687443733,0.04022063687443733
645,645,0.01972021535038948,,,,,,,,,
646,646,,,0.766441822052002,1.0193023681640625,0.7169619798660278,0.150493785738945,0.07825198769569397,0.07125400751829147,0.040200959891080856,0.040200959891080856
646,646,0.019700558856129646,,,,,,,,,
647,647,,,0.7663689851760864,1.0186904668807983,0.7169552445411682,0.15038226544857025,0.07843278348445892,0.07121077179908752,0.04018126428127289,0.04018126428127289
647,647,0.01968081295490265,,,,,,,,,
648,648,,,0.7662957906723022,1.0180751085281372,0.7169486284255981,0.15027087926864624,0.07861272245645523,0.07116744667291641,0.04016155004501343,0.04016155004501343
648,648,0.019661011174321175,,,,,,,,,
649,649,,0.019641118124127388,,,,,,,,
649,649,,,0.7662224173545837,1.0174560546875,0.7169424891471863,0.150159552693367,0.07879150658845901,0.07112397253513336,0.040141813457012177,0.040141813457012177
649,649,0.019641118124127388,,,,,,,,,
650,650,,,0.766148567199707,1.0168333053588867,0.7169362902641296,0.15004833042621613,0.07896948605775833,0.07108040153980255,0.04012204706668854,0.04012204706668854
650,650,0.01962115801870823,,,,,,,,,
651,651,,,0.7660746574401855,1.016207218170166,0.7169305086135864,0.14993712306022644,0.07914672046899796,0.07103674858808517,0.040102262049913406,0.040102262049913406
651,651,0.019601110368967056,,,,,,,,,
652,652,,,0.7660004496574402,1.0155771970748901,0.7169249653816223,0.14982599020004272,0.07932260632514954,0.07099288702011108,0.04008243978023529,0.04008243978023529
652,652,0.019580988213419914,,,,,,,,,
653,653,,,0.7659260034561157,1.0149435997009277,0.7169197797775269,0.1497148871421814,0.07949751615524292,0.07094883918762207,0.04006260260939598,0.04006260260939598
653,653,0.019560782238841057,,,,,,,,,
654,654,,,0.7658511400222778,1.0143065452575684,0.7169146537780762,0.14960382878780365,0.07967139035463333,0.07090461999177933,0.04004271328449249,0.04004271328449249
654,654,0.01954049989581108,,,,,,,,,
655,655,,,0.7657761573791504,1.0136656761169434,0.7169098854064941,0.1494927704334259,0.07984426617622375,0.07086025923490524,0.04002280533313751,0.04002280533313751
655,655,0.019520116969943047,,,,,,,,,
656,656,,,0.7657008767127991,1.0130211114883423,0.716905415058136,0.14938172698020935,0.08001608401536942,0.07081567496061325,0.04000286012887955,0.04000286012887955
656,656,0.019499676302075386,,,,,,,,,
657,657,,,0.7656255960464478,1.012372374534607,0.7169015407562256,0.1492706835269928,0.0801868662238121,0.07077089697122574,0.03998290002346039,0.03998290002346039
657,657,0.019479133188724518,,,,,,,,,
658,658,,,0.7655499577522278,1.0117199420928955,0.7168979644775391,0.14915962517261505,0.08035703748464584,0.07072598487138748,0.039962898939847946,0.039962898939847946
658,658,0.019458511844277382,,,,,,,,,
659,659,,,0.7654737830162048,1.0110639333724976,0.7168941497802734,0.1490485519170761,0.08052550256252289,0.07068075239658356,0.03994283452630043,0.03994283452630043
659,659,0.01943781226873398,,,,,,,,,
660,660,,,0.765397310256958,1.0104042291641235,0.7168905138969421,0.14893744885921478,0.08069320023059845,0.0706353411078453,0.03992272913455963,0.03992272913455963
660,660,0.019417008385062218,,,,,,,,,
661,661,,,0.7653205990791321,1.009740948677063,0.7168872952461243,0.14882631599903107,0.08085953444242477,0.07058962434530258,0.03990257903933525,0.03990257903933525
661,661,0.019396135583519936,,,,,,,,,
662,662,,,0.765243649482727,1.0090734958648682,0.7168843746185303,0.14871512353420258,0.08102473616600037,0.07054363936185837,0.03988238796591759,0.03988238796591759
662,662,0.019375160336494446,,,,,,,,,
663,663,,,0.7651665210723877,1.0084022283554077,0.7168817520141602,0.14860385656356812,0.08118898421525955,0.07049746066331863,0.03986215591430664,0.03986215591430664
663,663,0.019354097545146942,,,,,,,,,
664,664,,,0.7650889754295349,1.0077272653579712,0.7168792486190796,0.14849254488945007,0.08135232329368591,0.07045105844736099,0.039841875433921814,0.039841875433921814
664,664,0.019332947209477425,,,,,,,,,
665,665,,,0.7650110721588135,1.007048487663269,0.7168769240379333,0.14838115870952606,0.08151426911354065,0.07040435075759888,0.03982154279947281,0.03982154279947281
665,665,0.019311711192131042,,,,,,,,,
666,666,,,0.7649330496788025,1.0063660144805908,0.7168749570846558,0.14826969802379608,0.08167502284049988,0.0703573077917099,0.039801158010959625,0.039801158010959625
666,666,0.0192903783172369,,,,,,,,,
667,667,,,0.7648547291755676,1.0056791305541992,0.7168734073638916,0.14815811812877655,0.08183473348617554,0.07030996680259705,0.03978073596954346,0.03978073596954346
667,667,0.019268954172730446,,,,,,,,,
668,668,,,0.7647760510444641,1.004988670349121,0.7168717980384827,0.14804646372795105,0.08199296146631241,0.07026228308677673,0.03976023942232132,0.03976023942232132
668,668,0.01924744062125683,,,,,,,,,
669,669,,,0.7646967172622681,1.0042942762374878,0.7168700695037842,0.147934690117836,0.08214987069368362,0.07021428644657135,0.039739660918712616,0.039739660918712616
669,669,0.019225822761654854,,,,,,,,,
670,670,,,0.7646172642707825,1.0035959482192993,0.7168686985969543,0.147822767496109,0.08230578899383545,0.07016602158546448,0.03971904143691063,0.03971904143691063
670,670,0.019204121083021164,,,,,,,,,
671,671,,,0.7645375728607178,1.002893328666687,0.7168677449226379,0.14771075546741486,0.08246038854122162,0.07011742144823074,0.039698369801044464,0.039698369801044464
671,671,0.01918231137096882,,,,,,,,,
672,672,,,0.764457643032074,1.00218665599823,0.7168672680854797,0.14759859442710876,0.08261418342590332,0.07006850838661194,0.03967764973640442,0.03967764973640442
672,672,0.019160419702529907,,,,,,,,,
673,673,,,0.7643772959709167,1.0014761686325073,0.7168666124343872,0.14748631417751312,0.08276647329330444,0.0700192004442215,0.039656855165958405,0.039656855165958405
673,673,0.019138412550091743,,,,,,,,,
674,674,,,0.7642964720726013,1.0007621049880981,0.7168659567832947,0.14737387001514435,0.08291727304458618,0.06996951252222061,0.039635978639125824,0.039635978639125824
674,674,0.01911632902920246,,,,,,,,,
675,675,,,0.7642152309417725,1.0000441074371338,0.7168653011322021,0.14726123213768005,0.08306680619716644,0.06991945207118988,0.039615027606487274,0.039615027606487274
675,675,0.01909414492547512,,,,,,,,,
676,676,,,0.7641335725784302,0.9993222951889038,0.716864824295044,0.14714846014976501,0.0832149013876915,0.0698690116405487,0.03959400951862335,0.03959400951862335
676,676,0.019071849063038826,,,,,,,,,
677,677,,,0.7640518546104431,0.9985960721969604,0.7168647050857544,0.14703550934791565,0.08336205035448074,0.06981823593378067,0.03957293927669525,0.03957293927669525
677,677,0.019049454480409622,,,,,,,,,
678,678,,,0.7639697194099426,0.9978657960891724,0.716864824295044,0.14692237973213196,0.08350788801908493,0.0697670727968216,0.03955180197954178,0.03955180197954178
678,678,0.019026972353458405,,,,,,,,,
679,679,,,0.7638872861862183,0.9971316456794739,0.7168650031089783,0.14680907130241394,0.08365227282047272,0.0697154775261879,0.03953058272600174,0.03953058272600174
679,679,0.019004380330443382,,,,,,,,,
680,680,,,0.7638042569160461,0.9963934421539307,0.7168651223182678,0.14669552445411682,0.08379517495632172,0.06966345012187958,0.03950927406549454,0.03950927406549454
680,680,0.018981680274009705,,,,,,,,,
681,681,,,0.7637206315994263,0.9956516623497009,0.7168648838996887,0.14658181369304657,0.08393654972314835,0.06961099803447723,0.039487868547439575,0.039487868547439575
681,681,0.018958885222673416,,,,,,,,,
682,682,,,0.763636589050293,0.9949060678482056,0.7168645858764648,0.1464678943157196,0.08407668024301529,0.06955814361572266,0.03946638107299805,0.03946638107299805
682,682,0.018935995176434517,,,,,,,,,
683,683,,,0.7635524868965149,0.9941558241844177,0.7168648838996887,0.14635373651981354,0.08421558141708374,0.06950490176677704,0.03944484144449234,0.03944484144449234
683,683,0.018912989646196365,,,,,,,,,
684,684,,,0.7634681463241577,0.9934014081954956,0.716865599155426,0.14623934030532837,0.08435328304767609,0.0694512352347374,0.03942323476076126,0.03942323476076126
684,684,0.018889883533120155,,,,,,,,,
685,685,,,0.7633832693099976,0.9926431179046631,0.7168660163879395,0.1461247354745865,0.0844891369342804,0.06939704716205597,0.03940152749419212,0.03940152749419212
685,685,0.018866678699851036,,,,,,,,,
686,686,,,0.7632977366447449,0.9918813705444336,0.7168660759925842,0.1460099071264267,0.08462338149547577,0.06934241205453873,0.03937971591949463,0.03937971591949463
686,686,0.018843354657292366,,,,,,,,,
687,687,,,0.7632113099098206,0.9911159873008728,0.7168654203414917,0.1458948254585266,0.08475600183010101,0.06928730756044388,0.03935777395963669,0.03935777395963669
687,687,0.01881992816925049,,,,,,,,,
688,688,,,0.7631247639656067,0.9903461933135986,0.7168651819229126,0.14577947556972504,0.08488721400499344,0.06923170387744904,0.039335764944553375,0.039335764944553375
688,688,0.018796401098370552,,,,,,,,,
689,689,,,0.7630382180213928,0.9895721673965454,0.7168654799461365,0.14566385746002197,0.08501724898815155,0.06917566061019897,0.039313700050115585,0.039313700050115585
689,689,0.01877276599407196,,,,,,,,,
690,690,,,0.7629510760307312,0.9887940287590027,0.716865599155426,0.145548015832901,0.0851462259888649,0.06911923736333847,0.03929154574871063,0.03929154574871063
690,690,0.01874903030693531,,,,,,,,,
691,691,,,0.7628633379936218,0.988012433052063,0.7168652415275574,0.14543189108371735,0.08527375757694244,0.06906233727931976,0.03926927596330643,0.03926927596330643
691,691,0.018725182861089706,,,,,,,,,
692,692,,,0.7627747654914856,0.9872274994850159,0.716864287853241,0.14531546831130981,0.08539904654026031,0.0690048336982727,0.039246879518032074,0.039246879518032074
692,692,0.01870121993124485,,,,,,,,,
693,693,,,0.7626857757568359,0.986438512802124,0.716863214969635,0.1451987624168396,0.08552264422178268,0.06894681602716446,0.039224378764629364,0.039224378764629364
693,693,0.018677158281207085,,,,,,,,,
694,694,,,0.7625966668128967,0.9856454730033875,0.7168623805046082,0.1450817883014679,0.08564452081918716,0.06888825446367264,0.039201803505420685,0.039201803505420685
694,694,0.018652988597750664,,,,,,,,,
695,695,,,0.7625068426132202,0.9848483800888062,0.7168611884117126,0.1449645310640335,0.08576539903879166,0.0688292533159256,0.03917911648750305,0.03917911648750305
695,695,0.018628699705004692,,,,,,,,,
696,696,,,0.7624164819717407,0.9840473532676697,0.7168595790863037,0.14484696090221405,0.08588459342718124,0.06876975297927856,0.03915632143616676,0.03915632143616676
696,696,0.018604302778840065,,,,,,,,,
697,697,,,0.7623254656791687,0.9832425117492676,0.7168576717376709,0.14472909271717072,0.08600225299596786,0.06870975345373154,0.039133407175540924,0.039133407175540924
697,697,0.01857980713248253,,,,,,,,,
698,698,,,0.7622338533401489,0.982434093952179,0.7168552279472351,0.14461086690425873,0.08611810952425003,0.06864918023347855,0.039110373705625534,0.039110373705625534
698,698,0.01855519227683544,,,,,,,,,
699,699,,0.01853046752512455,,,,,,,,
699,699,,,0.7621418237686157,0.9816221594810486,0.7168524861335754,0.14449238777160645,0.08623196929693222,0.0685880035161972,0.03908723592758179,0.03908723592758179
699,699,0.01853046752512455,,,,,,,,,
700,700,,,0.7620491981506348,0.9808066487312317,0.7168493866920471,0.1443735659122467,0.08634438365697861,0.06852628290653229,0.03906398266553879,0.03906398266553879
700,700,0.0185056421905756,,,,,,,,,
701,701,,,0.7619560956954956,0.9799872636795044,0.7168459892272949,0.1442544311285019,0.0864550769329071,0.06846405565738678,0.03904062509536743,0.03904062509536743
701,701,0.018480686470866203,,,,,,,,,
702,702,,,0.7618622779846191,0.9791642427444458,0.7168418765068054,0.14413493871688843,0.08656425774097443,0.06840131431818008,0.03901713341474533,0.03901713341474533
702,702,0.018455637618899345,,,,,,,,,
703,703,,,0.7617678046226501,0.9783376455307007,0.7168371081352234,0.1440151184797287,0.08667199313640594,0.06833808869123459,0.03899352252483368,0.03899352252483368
703,703,0.018430467694997787,,,,,,,,,
704,704,,,0.7616726756095886,0.9775075912475586,0.7168317437171936,0.1438949704170227,0.08677782863378525,0.06827422976493835,0.03896978497505188,0.03896978497505188
704,704,0.018405193462967873,,,,,,,,,
705,705,,,0.7615770101547241,0.9766740798950195,0.7168258428573608,0.14377446472644806,0.08688178658485413,0.06820973753929138,0.038945917040109634,0.038945917040109634
705,705,0.018379803746938705,,,,,,,,,
706,706,,,0.7614805698394775,0.975837230682373,0.7168191075325012,0.14365363121032715,0.08698353171348572,0.06814461201429367,0.03892190754413605,0.03892190754413605
706,706,0.01835431158542633,,,,,,,,,
707,707,,,0.761383593082428,0.9749969244003296,0.7168117761611938,0.1435324251651764,0.08708377182483673,0.06807898730039597,0.03889778256416321,0.03889778256416321
707,707,0.018328692764043808,,,,,,,,,
708,708,,,0.7612859010696411,0.974153459072113,0.7168035507202148,0.1434108465909958,0.08718233555555344,0.06801281869411469,0.038873519748449326,0.038873519748449326
708,708,0.018302975222468376,,,,,,,,,
709,709,,,0.7611873149871826,0.97330641746521,0.7167943716049194,0.14328895509243011,0.08727914839982986,0.06794608384370804,0.038849107921123505,0.038849107921123505
709,709,0.018277142196893692,,,,,,,,,
710,710,,,0.7610881924629211,0.9724560379981995,0.7167844176292419,0.143166646361351,0.08737435936927795,0.06787875294685364,0.038824573159217834,0.038824573159217834
710,710,0.018251197412610054,,,,,,,,,
711,711,,,0.7609883546829224,0.9716023206710815,0.716773509979248,0.14304402470588684,0.08746755868196487,0.0678107813000679,0.038799889385700226,0.038799889385700226
711,711,0.018225137144327164,,,,,,,,,
712,712,,,0.7608876824378967,0.9707456231117249,0.716761589050293,0.14292097091674805,0.08755861967802048,0.06774214655160904,0.03877504914999008,0.03877504914999008
712,712,0.018198972567915916,,,,,,,,,
713,713,,,0.7607861161231995,0.9698864221572876,0.7167481184005737,0.1427975744009018,0.08764787018299103,0.0676729828119278,0.0387500524520874,0.0387500524520874
713,713,0.018172694370150566,,,,,,,,,
714,714,,,0.7606838941574097,0.9690245389938354,0.7167335748672485,0.1426737904548645,0.08773518353700638,0.06760323792695999,0.03872491419315338,0.03872491419315338
714,714,0.01814631000161171,,,,,,,,,
715,715,,,0.7605811953544617,0.968159019947052,0.7167181968688965,0.14254961907863617,0.08782098442316055,0.06753291189670563,0.03869964927434921,0.03869964927434921
715,715,0.0181198101490736,,,,,,,,,
716,716,,,0.7604777216911316,0.967290461063385,0.7167016863822937,0.1424250453710556,0.08790498226881027,0.06746197491884232,0.03867422789335251,0.03867422789335251
716,716,0.018093205988407135,,,,,,,,,
717,717,,,0.7603734731674194,0.9664193391799927,0.7166836261749268,0.14230011403560638,0.08798687905073166,0.06739038974046707,0.03864864259958267,0.03864864259958267
717,717,0.018066488206386566,,,,,,,,,
718,718,,,0.7602678537368774,0.9655464291572571,0.7166632413864136,0.14217476546764374,0.08806660771369934,0.06731816381216049,0.03862285241484642,0.03862285241484642
718,718,0.01803966797888279,,,,,,,,,
719,719,,,0.7601613402366638,0.9646708369255066,0.7166411876678467,0.14204902946949005,0.08814414590597153,0.06724528968334198,0.03859689086675644,0.03859689086675644
719,719,0.018012726679444313,,,,,,,,,
720,720,,,0.760053813457489,0.9637925028800964,0.7166173458099365,0.14192289113998413,0.08821956813335419,0.06717176735401154,0.03857073932886124,0.03857073932886124
720,720,0.017985684797167778,,,,,,,,,
721,721,,,0.7599459290504456,0.9629111289978027,0.7165924310684204,0.14179635047912598,0.08829353749752045,0.0670977309346199,0.038544461131095886,0.038544461131095886
721,721,0.01795852556824684,,,,,,,,,
722,722,,,0.7598374485969543,0.9620270729064941,0.7165660858154297,0.1416693925857544,0.08836584538221359,0.06702308356761932,0.0385180301964283,0.0385180301964283
722,722,0.017931275069713593,,,,,,,,,
723,723,,,0.7597275972366333,0.9611415266990662,0.7165371775627136,0.14154204726219177,0.08843569457530975,0.06694772094488144,0.0384913831949234,0.0384913831949234
723,723,0.017903907224535942,,,,,,,,,
724,724,,,0.7596166133880615,0.960254430770874,0.7165061235427856,0.14141429960727692,0.0885034054517746,0.0668717473745346,0.03846454620361328,0.03846454620361328
724,724,0.017876435071229935,,,,,,,,,
725,725,,,0.7595047950744629,0.9593652486801147,0.7164731025695801,0.14128613471984863,0.08856890350580215,0.06679514795541763,0.038437530398368835,0.038437530398368835
725,725,0.017848864197731018,,,,,,,,,
726,726,,,0.7593920230865479,0.9584739804267883,0.7164384126663208,0.14115755259990692,0.08863244950771332,0.06671787798404694,0.03841034322977066,0.03841034322977066
726,726,0.017821185290813446,,,,,,,,,
727,727,,,0.759278416633606,0.9575803875923157,0.7164021134376526,0.1410285383462906,0.08869407325983047,0.06663999706506729,0.03838299214839935,0.03838299214839935
727,727,0.017793389037251472,,,,,,,,,
728,728,,,0.7591636776924133,0.9566853046417236,0.7163635492324829,0.14089912176132202,0.08875378966331482,0.06656154245138168,0.038355447351932526,0.038355447351932526
728,728,0.017765507102012634,,,,,,,,,
729,729,,,0.75904780626297,0.9557890295982361,0.7163227796554565,0.14076928794384003,0.08881129324436188,0.06648241728544235,0.038327716290950775,0.038327716290950775
729,729,0.017737513408064842,,,,,,,,,
730,730,,,0.7589306831359863,0.9548913836479187,0.7162796854972839,0.1406390517950058,0.0888664498925209,0.0664026215672493,0.03829978406429291,0.03829978406429291
730,730,0.01770942471921444,,,,,,,,,
731,731,,,0.7588127255439758,0.9539924263954163,0.7162346839904785,0.14050836861133575,0.08891948312520981,0.0663222000002861,0.03827168047428131,0.03827168047428131
731,731,0.01768122799694538,,,,,,,,,
732,732,,,0.7586939334869385,0.9530918598175049,0.7161879539489746,0.14037726819515228,0.08897057175636292,0.06624117493629456,0.03824341669678688,0.03824341669678688
732,732,0.01765294373035431,,,,,,,,,
733,733,,,0.758573591709137,0.9521906971931458,0.716138482093811,0.1402457356452942,0.08901900798082352,0.06615938991308212,0.038214925676584244,0.038214925676584244
733,733,0.01762455143034458,,,,,,,,,
734,734,,,0.7584520578384399,0.9512887597084045,0.7160865664482117,0.14011380076408386,0.08906558156013489,0.06607706099748611,0.038186248391866684,0.038186248391866684
734,734,0.017596056684851646,,,,,,,,,
735,735,,,0.7583296895027161,0.950385570526123,0.7160328030586243,0.13998141884803772,0.08911027014255524,0.06599412113428116,0.03815741091966629,0.03815741091966629
735,735,0.017567478120326996,,,,,,,,,
736,736,,,0.7582060098648071,0.9494816660881042,0.7159766554832458,0.13984861969947815,0.08915241062641144,0.06591049581766129,0.03812836483120918,0.03812836483120918
736,736,0.01753879524767399,,,,,,,,,
737,737,,,0.7580812573432922,0.9485774636268616,0.7159181833267212,0.13971535861492157,0.08919219672679901,0.0658261701464653,0.03809913247823715,0.03809913247823715
737,737,0.01751001551747322,,,,,,,,,
738,738,,,0.7579547166824341,0.9476733207702637,0.7158565521240234,0.13958172500133514,0.08923004567623138,0.06574127823114395,0.038069672882556915,0.038069672882556915
738,738,0.017481157556176186,,,,,,,,,
739,739,,,0.7578271627426147,0.9467683434486389,0.7157927751541138,0.1394476294517517,0.08926557004451752,0.06565576046705246,0.03804003447294235,0.03804003447294235
739,739,0.017452195286750793,,,,,,,,,
740,740,,,0.7576982975006104,0.9458633661270142,0.7157263159751892,0.13931310176849365,0.08929858356714249,0.06556956470012665,0.038010191172361374,0.038010191172361374
740,740,0.01742313988506794,,,,,,,,,
741,741,,,0.7575682401657104,0.944958508014679,0.7156575322151184,0.13917815685272217,0.08932959288358688,0.06548275798559189,0.03798016905784607,0.03798016905784607
741,741,0.017394008114933968,,,,,,,,,
742,742,,,0.7574368119239807,0.944054126739502,0.7155860662460327,0.13904277980327606,0.08935827016830444,0.06539527326822281,0.03794994205236435,0.03794994205236435
742,742,0.017364785075187683,,,,,,,,,
743,743,,,0.7573042511940002,0.9431507587432861,0.7155119180679321,0.13890698552131653,0.08938438445329666,0.0653071179986,0.037919528782367706,0.037919528782367706
743,743,0.017335474491119385,,,,,,,,,
744,744,,,0.7571699619293213,0.9422475099563599,0.7154347896575928,0.13877074420452118,0.08940820395946503,0.06521837413311005,0.03788889944553375,0.03788889944553375
744,744,0.01730608195066452,,,,,,,,,
745,745,,,0.7570347189903259,0.941344678401947,0.7153554558753967,0.13863405585289001,0.08943008631467819,0.06512906402349472,0.03785809874534607,0.03785809874534607
745,745,0.017276594415307045,,,,,,,,,
746,746,,,0.7568977475166321,0.9404429197311401,0.715272843837738,0.13849696516990662,0.08944965898990631,0.06503911316394806,0.03782707452774048,0.03782707452774048
746,746,0.017247041687369347,,,,,,,,,
747,747,,,0.7567590475082397,0.9395425915718079,0.7151870727539062,0.1383594423532486,0.08946694433689117,0.06494846940040588,0.03779583051800728,0.03779583051800728
747,747,0.017217401415109634,,,,,,,,,
748,748,,,0.7566187977790833,0.9386436343193054,0.7150982022285461,0.13822151720523834,0.0894816592335701,0.06485722959041595,0.037764374166727066,0.037764374166727066
748,748,0.017187686637043953,,,,,,,,,
749,749,,0.017157891765236855,,,,,,,,
749,749,,,0.7564772963523865,0.9377455711364746,0.7150067687034607,0.13808311522006989,0.08949369937181473,0.0647653192281723,0.03773272782564163,0.03773272782564163
749,749,0.017157891765236855,,,,,,,,,
750,750,,,0.7563344836235046,0.9368491172790527,0.7149127721786499,0.137944296002388,0.08950318396091461,0.06467274576425552,0.037700898945331573,0.037700898945331573
750,750,0.017128022387623787,,,,,,,,,
751,751,,,0.7561901211738586,0.9359545111656189,0.7148155570030212,0.1378050595521927,0.08951039612293243,0.0645795539021492,0.0376688614487648,0.0376688614487648
751,751,0.017098069190979004,,,,,,,,,
752,752,,,0.7560437917709351,0.9350621700286865,0.7147148847579956,0.13766542077064514,0.08951525390148163,0.06448575109243393,0.03763659670948982,0.03763659670948982
752,752,0.017068063840270042,,,,,,,,,
753,753,,,0.7558959722518921,0.9341720938682556,0.7146110534667969,0.13752533495426178,0.08951783925294876,0.06439132988452911,0.03760413080453873,0.03760413080453873
753,753,0.017037982121109962,,,,,,,,,
754,754,,,0.7557461857795715,0.9332838654518127,0.714503824710846,0.1373848021030426,0.08951804041862488,0.06429634988307953,0.03757143393158913,0.03757143393158913
754,754,0.01700783520936966,,,,,,,,,
755,755,,,0.7555951476097107,0.9323981404304504,0.7143937945365906,0.1372438669204712,0.08951567858457565,0.0642007514834404,0.0375385656952858,0.0375385656952858
755,755,0.016977617517113686,,,,,,,,,
756,756,,,0.7554420232772827,0.9315155148506165,0.7142801880836487,0.13710252940654755,0.08951091766357422,0.06410451978445053,0.037505462765693665,0.037505462765693665
756,756,0.016947343945503235,,,,,,,,,
757,757,,,0.7552872896194458,0.9306361675262451,0.7141633033752441,0.13696075975894928,0.08950363099575043,0.06400761753320694,0.037472158670425415,0.037472158670425415
757,757,0.016916999593377113,,,,,,,,,
758,758,,,0.7551311254501343,0.9297594428062439,0.7140436172485352,0.13681857287883759,0.08949387073516846,0.06391014903783798,0.03743867203593254,0.03743867203593254
758,758,0.016886597499251366,,,,,,,,,
759,759,,,0.7549734115600586,0.928885817527771,0.7139207720756531,0.13667595386505127,0.08948127925395966,0.06381204724311829,0.03740499168634415,0.03740499168634415
759,759,0.01685614138841629,,,,,,,,,
760,760,,,0.7548134326934814,0.9280162453651428,0.7137938141822815,0.13653293251991272,0.08946599066257477,0.06371333450078964,0.037371061742305756,0.037371061742305756
760,760,0.016825634986162186,,,,,,,,,
761,761,,,0.7546512484550476,0.927150547504425,0.7136631608009338,0.13638950884342194,0.08944866061210632,0.06361404061317444,0.03733690828084946,0.03733690828084946
761,761,0.01679505966603756,,,,,,,,,
762,762,,,0.7544870972633362,0.9262881875038147,0.7135290503501892,0.13624565303325653,0.08942894637584686,0.06351417303085327,0.037302542477846146,0.037302542477846146
762,762,0.01676444709300995,,,,,,,,,
763,763,,,0.7543213963508606,0.9254292845726013,0.7133917212486267,0.13610140979290009,0.08940651267766953,0.06341368705034256,0.037267982959747314,0.037267982959747314
763,763,0.01673378236591816,,,,,,,,,
764,764,,,0.7541537880897522,0.9245747327804565,0.713250994682312,0.1359567493200302,0.08938143402338028,0.0633126050233841,0.037233222275972366,0.037233222275972366
764,764,0.01670306734740734,,,,,,,,,
765,765,,,0.7539839744567871,0.9237250685691833,0.7131063938140869,0.1358116865158081,0.08935362100601196,0.06321091949939728,0.037198230624198914,0.037198230624198914
765,765,0.016672316938638687,,,,,,,,,
766,766,,,0.7538121342658997,0.9228801131248474,0.712958037853241,0.13566622138023376,0.0893230065703392,0.06310859322547913,0.03716302290558815,0.03716302290558815
766,766,0.016641514375805855,,,,,,,,,
767,767,,,0.7536384463310242,0.9220398664474487,0.7128064036369324,0.1355203539133072,0.08928973227739334,0.06300567835569382,0.037127625197172165,0.037127625197172165
767,767,0.01661067269742489,,,,,,,,,
768,768,,,0.7534627914428711,0.9212044477462769,0.712651252746582,0.1353740692138672,0.08925384283065796,0.06290214508771896,0.037092018872499466,0.037092018872499466
768,768,0.016579795628786087,,,,,,,,,
769,769,,,0.7532849907875061,0.9203743934631348,0.7124922275543213,0.13522741198539734,0.08921563625335693,0.06279809772968292,0.03705620765686035,0.03705620765686035
769,769,0.016548877581954002,,,,,,,,,
770,770,,,0.7531046867370605,0.9195497632026672,0.7123291492462158,0.13508035242557526,0.08917495608329773,0.0626935213804245,0.037020161747932434,0.037020161747932434
770,770,0.01651792973279953,,,,,,,,,
771,771,,,0.7529221773147583,0.9187309145927429,0.7121623754501343,0.13493289053440094,0.08913145959377289,0.06258834153413773,0.0369839072227478,0.0369839072227478
771,771,0.01648695208132267,,,,,,,,,
772,772,,,0.7527376413345337,0.9179174304008484,0.7119918465614319,0.13478505611419678,0.0890851765871048,0.06248258426785469,0.03694744035601616,0.03694744035601616
772,772,0.016455933451652527,,,,,,,,,
773,773,,,0.7525510191917419,0.9171097874641418,0.7118179202079773,0.13463683426380157,0.08903626352548599,0.0623762421309948,0.03691078722476959,0.03691078722476959
773,773,0.01642489992082119,,,,,,,,,
774,774,,,0.7523618936538696,0.9163085222244263,0.7116397619247437,0.13448823988437653,0.08898435533046722,0.06226922571659088,0.03687389940023422,0.03687389940023422
774,774,0.016393840312957764,,,,,,,,,
775,775,,,0.7521705627441406,0.9155133366584778,0.7114579081535339,0.13433925807476044,0.08892953395843506,0.0621616430580616,0.03683680295944214,0.03683680295944214
775,775,0.0163627527654171,,,,,,,,,
776,776,,,0.7519766688346863,0.9147248268127441,0.7112718820571899,0.1341898888349533,0.08887238055467606,0.06205359473824501,0.036799490451812744,0.036799490451812744
776,776,0.016331646591424942,,,,,,,,,
777,777,,,0.7517803907394409,0.9139426350593567,0.7110820412635803,0.13404016196727753,0.08881231397390366,0.06194499135017395,0.036761969327926636,0.036761969327926636
777,777,0.01630052551627159,,,,,,,,,
778,778,,,0.7515819668769836,0.9131667613983154,0.7108887434005737,0.1338900476694107,0.08874998986721039,0.06183589994907379,0.036724261939525604,0.036724261939525604
778,778,0.016269385814666748,,,,,,,,,
779,779,,,0.7513812780380249,0.9123976826667786,0.7106917500495911,0.13373960554599762,0.08868458867073059,0.06172610819339752,0.036686353385448456,0.036686353385448456
779,779,0.01623823307454586,,,,,,,,,
780,780,,,0.7511775493621826,0.9116364121437073,0.7104899287223816,0.1335887610912323,0.0886162593960762,0.06161576509475708,0.03664819151163101,0.03664819151163101
780,780,0.016207071021199226,,,,,,,,,
781,781,,,0.7509710192680359,0.9108828902244568,0.7102839350700378,0.13343757390975952,0.08854476362466812,0.06150485947728157,0.036609798669815063,0.036609798669815063
781,781,0.0161758940666914,,,,,,,,,
782,782,,,0.7507621645927429,0.9101364612579346,0.7100741267204285,0.1332859992980957,0.08847058564424515,0.06139342114329338,0.036571208387613297,0.036571208387613297
782,782,0.016144704073667526,,,,,,,,,
783,783,,,0.7505510449409485,0.9093971252441406,0.7098609209060669,0.13313409686088562,0.08839379251003265,0.06128145009279251,0.0365324467420578,0.0365324467420578
783,783,0.0161135196685791,,,,,,,,,
784,784,,,0.750337541103363,0.9086652398109436,0.7096439599990845,0.13298188149929047,0.08831438422203064,0.06116895005106926,0.03649349510669708,0.03649349510669708
784,784,0.01608232967555523,,,,,,,,,
785,785,,,0.750120997428894,0.9079415202140808,0.7094225287437439,0.13282929360866547,0.08823202550411224,0.06105588376522064,0.036454301327466965,0.036454301327466965
785,785,0.016051145270466805,,,,,,,,,
786,786,,,0.7499012351036072,0.9072260856628418,0.7091964483261108,0.132676362991333,0.0881466194987297,0.06094230338931084,0.03641486167907715,0.03641486167907715
786,786,0.016019945964217186,,,,,,,,,
787,787,,,0.7496784925460815,0.9065191745758057,0.7089658975601196,0.1325230598449707,0.08805835247039795,0.060828130692243576,0.03637518733739853,0.03637518733739853
787,787,0.015988759696483612,,,,,,,,,
788,788,,,0.7494533658027649,0.9058198928833008,0.7087318897247314,0.13236945867538452,0.08796714246273041,0.06071345508098602,0.03633534535765648,0.03633534535765648
788,788,0.015957573428750038,,,,,,,,,
789,789,,,0.7492257356643677,0.9051286578178406,0.7084943056106567,0.13221552968025208,0.0878731906414032,0.06059827283024788,0.036295317113399506,0.036295317113399506
789,789,0.015926409512758255,,,,,,,,,
790,790,,,0.7489952445030212,0.9044457077980042,0.7082526087760925,0.13206130266189575,0.08777622878551483,0.06048251688480377,0.03625508025288582,0.03625508025288582
790,790,0.015895236283540726,,,,,,,,,
791,791,,,0.7487615346908569,0.9037718176841736,0.7080064415931702,0.13190673291683197,0.08767621219158173,0.060366190969944,0.03621460497379303,0.03621460497379303
791,791,0.01586407795548439,,,,,,,,,
792,792,,,0.7485247254371643,0.903106689453125,0.7077558636665344,0.13175183534622192,0.08757321536540985,0.06024938449263573,0.03617391362786293,0.03617391362786293
792,792,0.015832938253879547,,,,,,,,,
793,793,,,0.7482848167419434,0.902450442314148,0.7075009942054749,0.1315966099500656,0.08746755868196487,0.06013209745287895,0.03613300248980522,0.03613300248980522
793,793,0.01580180414021015,,,,,,,,,
794,794,,,0.7480417490005493,0.9018032550811768,0.707241952419281,0.131441131234169,0.08735863864421844,0.06001424044370651,0.0360918752849102,0.0360918752849102
794,794,0.015770697966217995,,,,,,,,,
795,795,,,0.7477960586547852,0.9011645913124084,0.7069792747497559,0.13128535449504852,0.08724713325500488,0.059895895421504974,0.03605057671666145,0.03605057671666145
795,795,0.01573958992958069,,,,,,,,,
796,796,,,0.7475471496582031,0.9005350470542908,0.7067123651504517,0.13112926483154297,0.08713267743587494,0.05977705121040344,0.036009062081575394,0.036009062081575394
796,796,0.015708528459072113,,,,,,,,,
797,797,,,0.7472949028015137,0.8999150991439819,0.7064409255981445,0.13097287714481354,0.08701502531766891,0.05965767428278923,0.03596731647849083,0.03596731647849083
797,797,0.015677468851208687,,,,,,,,,
798,798,,,0.7470393776893616,0.899304211139679,0.7061653137207031,0.13081620633602142,0.08689422160387039,0.05953779071569443,0.03592535853385925,0.03592535853385925
798,798,0.01564643532037735,,,,,,,,,
799,799,,0.015615429729223251,,,,,,,,
799,799,,,0.7467805743217468,0.8987023830413818,0.7058854103088379,0.13065925240516663,0.0867706686258316,0.05941741541028023,0.03588318079710007,0.03588318079710007
799,799,0.015615429729223251,,,,,,,,,
800,800,,,0.7465183138847351,0.8981098532676697,0.7056012153625488,0.13050204515457153,0.08664407581090927,0.05929651856422424,0.03584078699350357,0.03584078699350357
800,800,0.015584449283778667,,,,,,,,,
801,801,,,0.7462530136108398,0.8975265026092529,0.7053130865097046,0.13034458458423615,0.08651480078697205,0.05917518958449364,0.03579820692539215,0.03579820692539215
801,801,0.015553493052721024,,,,,,,,,
802,802,,,0.7459840774536133,0.8969526290893555,0.7050204873085022,0.13018685579299927,0.08638224005699158,0.059053316712379456,0.03575538843870163,0.03575538843870163
802,802,0.015522569417953491,,,,,,,,,
803,803,,,0.7457115650177002,0.896388590335846,0.7047232985496521,0.1300288289785385,0.08624657988548279,0.058930933475494385,0.0357123427093029,0.0357123427093029
803,803,0.01549167837947607,,,,,,,,,
804,804,,,0.7454354763031006,0.8958344459533691,0.7044217586517334,0.12987056374549866,0.08610797673463821,0.05880811810493469,0.035669080913066864,0.035669080913066864
804,804,0.015460808761417866,,,,,,,,,
805,805,,,0.7451562881469727,0.8952895998954773,0.7041165232658386,0.1297120600938797,0.08596649765968323,0.05868486687541008,0.0356256440281868,0.0356256440281868
805,805,0.015429980121552944,,,,,,,,,
806,806,,,0.7448737025260925,0.8947542905807495,0.7038071155548096,0.12955334782600403,0.08582200855016708,0.05856109410524368,0.03558199852705002,0.03558199852705002
806,806,0.015399185009300709,,,,,,,,,
807,807,,,0.7445873022079468,0.8942283987998962,0.7034931778907776,0.12939439713954926,0.0856747105717659,0.058436859399080276,0.03553812578320503,0.03553812578320503
807,807,0.015368429012596607,,,,,,,,,
808,808,,,0.7442967891693115,0.8937119841575623,0.7031744718551636,0.12923522293567657,0.08552458882331848,0.05831219628453255,0.03549400717020035,0.03549400717020035
808,808,0.015337700955569744,,,,,,,,,
809,809,,,0.7440025806427002,0.893205463886261,0.7028512358665466,0.1290758103132248,0.08537136763334274,0.058187086135149,0.03544966131448746,0.03544966131448746
809,809,0.015307015739381313,,,,,,,,,
810,810,,,0.7437044978141785,0.8927083611488342,0.7025237679481506,0.1289161890745163,0.08521521091461182,0.058061596006155014,0.035405103117227554,0.035405103117227554
810,810,0.015276365913450718,,,,,,,,,
811,811,,,0.7434030771255493,0.8922205567359924,0.7021924257278442,0.1287563443183899,0.08505618572235107,0.05793561041355133,0.03536035865545273,0.03536035865545273
811,811,0.015245752409100533,,,,,,,,,
812,812,,,0.743097722530365,0.8917427659034729,0.7018566131591797,0.12859636545181274,0.08489393442869186,0.057809099555015564,0.035315386950969696,0.035315386950969696
812,812,0.015215180814266205,,,,,,,,,
813,813,,,0.7427884340286255,0.8912744522094727,0.7015162706375122,0.1284361630678177,0.08472873270511627,0.05768214911222458,0.03527018427848816,0.03527018427848816
813,813,0.015184647403657436,,,,,,,,,
814,814,,,0.742475152015686,0.8908157348632812,0.7011715173721313,0.1282757818698883,0.08456061780452728,0.05755487084388733,0.03522476553916931,0.03522476553916931
814,814,0.015154155902564526,,,,,,,,,
815,815,,,0.742158055305481,0.8903665542602539,0.7008224725723267,0.1281151920557022,0.08439003676176071,0.05742722377181053,0.03517913818359375,0.03517913818359375
815,815,0.015123714692890644,,,,,,,,,
816,816,,,0.741836667060852,0.8899269700050354,0.7004687190055847,0.12795446813106537,0.08421677350997925,0.057299211621284485,0.035133279860019684,0.035133279860019684
816,816,0.01509331539273262,,,,,,,,,
817,817,,,0.7415112853050232,0.8894968032836914,0.700110673904419,0.1277935653924942,0.08404089510440826,0.05717082321643829,0.03508720546960831,0.03508720546960831
817,817,0.015062952414155006,,,,,,,,,
818,818,,,0.7411819696426392,0.8890758752822876,0.6997483372688293,0.12763254344463348,0.08386213332414627,0.05704203620553017,0.035040922462940216,0.035040922462940216
818,818,0.015032635070383549,,,,,,,,,
819,819,,,0.7408486604690552,0.8886640667915344,0.6993817687034607,0.12747135758399963,0.08368033915758133,0.05691283568739891,0.034994423389434814,0.034994423389434814
819,819,0.015002367086708546,,,,,,,,,
820,820,,,0.740510880947113,0.8882616758346558,0.69901043176651,0.12731002271175385,0.08349571377038956,0.0567832887172699,0.03494768217206001,0.03494768217206001
820,820,0.014972135424613953,,,,,,,,,
821,821,,,0.7401686906814575,0.8878689408302307,0.6986342668533325,0.1271485537290573,0.08330812305212021,0.05665327236056328,0.034900691360235214,0.034900691360235214
821,821,0.014941954053938389,,,,,,,,,
822,822,,,0.7398219704627991,0.8874849677085876,0.6982535123825073,0.12698695063591003,0.08311804383993149,0.05652296170592308,0.03485346958041191,0.03485346958041191
822,822,0.014911816455423832,,,,,,,,,
823,823,,,0.7394715547561646,0.8871098160743713,0.6978689432144165,0.1268252730369568,0.08292576670646667,0.056392405182123184,0.03480608016252518,0.03480608016252518
823,823,0.014881730079650879,,,,,,,,,
824,824,,,0.7391170263290405,0.8867432475090027,0.6974800229072571,0.126663476228714,0.08273109793663025,0.05626163259148598,0.03475847840309143,0.03475847840309143
824,824,0.014851688407361507,,,,,,,,,
825,825,,,0.7387577295303345,0.8863859176635742,0.6970862746238708,0.12650156021118164,0.08253392577171326,0.05613052099943161,0.03471062332391739,0.03471062332391739
825,825,0.014821689575910568,,,,,,,,,
826,826,,,0.7383937835693359,0.8860381245613098,0.696687638759613,0.12633953988552094,0.0823339968919754,0.055999014526605606,0.03466252610087395,0.03466252610087395
826,826,0.014791736379265785,,,,,,,,,
827,827,,,0.738025426864624,0.8856992721557617,0.6962844133377075,0.12617747485637665,0.08213159441947937,0.0558672770857811,0.034614209085702896,0.034614209085702896
827,827,0.01476183719933033,,,,,,,,,
828,828,,,0.7376528382301331,0.8853686451911926,0.6958771347999573,0.1260153353214264,0.08192658424377441,0.05573525279760361,0.03456569090485573,0.03456569090485573
828,828,0.014731980860233307,,,,,,,,,
829,829,,,0.7372757792472839,0.8850463032722473,0.6954653859138489,0.12585312128067017,0.08171970397233963,0.055603042244911194,0.03451695293188095,0.03451695293188095
829,829,0.014702171087265015,,,,,,,,,
830,830,,,0.7368941307067871,0.8847323656082153,0.695048987865448,0.12569084763526917,0.08151057362556458,0.055470600724220276,0.03446798771619797,0.03446798771619797
830,830,0.014672409743070602,,,,,,,,,
831,831,,,0.7365078330039978,0.8844265937805176,0.6946280598640442,0.12552852928638458,0.08129923045635223,0.055337946861982346,0.034418798983097076,0.034418798983097076
831,831,0.014642689377069473,,,,,,,,,
832,832,,,0.7361167073249817,0.8841290473937988,0.6942022442817688,0.12536615133285522,0.08108566701412201,0.0552050806581974,0.03436936438083649,0.03436936438083649
832,832,0.014613027684390545,,,,,,,,,
833,833,,,0.7357208132743835,0.883840024471283,0.6937717795372009,0.12520374357700348,0.08086991310119629,0.055071987211704254,0.034319695085287094,0.034319695085287094
833,833,0.014583398588001728,,,,,,,,,
834,834,,,0.7353204488754272,0.8835585713386536,0.6933369636535645,0.12504133582115173,0.0806523784995079,0.05493878573179245,0.034269824624061584,0.034269824624061584
834,834,0.014553822576999664,,,,,,,,,
835,835,,,0.734915554523468,0.8832853436470032,0.692897617816925,0.1248788833618164,0.0804327055811882,0.054805368185043335,0.034219734370708466,0.034219734370708466
835,835,0.014524285681545734,,,,,,,,,
836,836,,,0.7345060110092163,0.883019745349884,0.6924538612365723,0.12471641600131989,0.08021123707294464,0.05467182770371437,0.034169428050518036,0.034169428050518036
836,836,0.014494807459414005,,,,,,,,,
837,837,,,0.7340915203094482,0.8827619552612305,0.6920053958892822,0.12455396354198456,0.07998798042535782,0.05453820899128914,0.0341188944876194,0.0341188944876194
837,837,0.01446536835283041,,,,,,,,,
838,838,,,0.7336720824241638,0.8825117349624634,0.6915520429611206,0.12439149618148804,0.07976316660642624,0.05440449342131615,0.03406812250614166,0.03406812250614166
838,838,0.014435974881052971,,,,,,,,,
839,839,,,0.7332479357719421,0.8822686672210693,0.6910942196846008,0.1242290809750557,0.07953661680221558,0.05427068844437599,0.03401713818311691,0.03401713818311691
839,839,0.014406632632017136,,,,,,,,,
840,840,,,0.7328190207481384,0.8820325136184692,0.6906319856643677,0.12406669557094574,0.07930873334407806,0.05413687229156494,0.03396593779325485,0.03396593779325485
840,840,0.014377329498529434,,,,,,,,,
841,841,,,0.7323849201202393,0.8818038105964661,0.6901646852493286,0.12390434741973877,0.07907947152853012,0.05400305613875389,0.03391450271010399,0.03391450271010399
841,841,0.014348067343235016,,,,,,,,,
842,842,,,0.7319459319114685,0.8815819621086121,0.6896926164627075,0.1237420067191124,0.07884848862886429,0.05386911705136299,0.03386282920837402,0.03386282920837402
842,842,0.014318855479359627,,,,,,,,,
843,843,,,0.731502115726471,0.8813672065734863,0.6892162561416626,0.1235797107219696,0.07861627638339996,0.05373515188694,0.033810947090387344,0.033810947090387344
843,843,0.014289681799709797,,,,,,,,,
844,844,,,0.7310540080070496,0.8811583518981934,0.688735842704773,0.12341748178005219,0.07838300615549088,0.053601283580064774,0.03375888988375664,0.03375888988375664
844,844,0.014260551892220974,,,,,,,,,
845,845,,,0.7306008338928223,0.8809561133384705,0.6882507801055908,0.12325533479452133,0.07814882695674896,0.0534675270318985,0.03370661288499832,0.03370661288499832
845,845,0.01423146203160286,,,,,,,,,
846,846,,,0.7301421165466309,0.8807612657546997,0.6877603530883789,0.12309325486421585,0.077913299202919,0.05333369970321655,0.033654071390628815,0.033654071390628815
846,846,0.014202427119016647,,,,,,,,,
847,847,,,0.7296785116195679,0.8805723786354065,0.6872653365135193,0.12293124943971634,0.07767684012651443,0.05319993942975998,0.033601317554712296,0.033601317554712296
847,847,0.01417342759668827,,,,,,,,,
848,848,,,0.7292097806930542,0.8803898692131042,0.6867655515670776,0.12276933342218399,0.07743960618972778,0.05306629836559296,0.03354834020137787,0.03354834020137787
848,848,0.014144469052553177,,,,,,,,,
849,849,,0.01411555428057909,,,,,,,,
849,849,,,0.7287363409996033,0.8802131414413452,0.6862614154815674,0.1226075291633606,0.07720174640417099,0.05293291434645653,0.03349517285823822,0.03349517285823822
849,849,0.01411555428057909,,,,,,,,,
850,850,,,0.7282580733299255,0.8800418376922607,0.6857529282569885,0.12244582176208496,0.07696397602558136,0.0527997650206089,0.033441804349422455,0.033441804349422455
850,850,0.014086674898862839,,,,,,,,,
851,851,,,0.7277746200561523,0.8798767328262329,0.6852396130561829,0.1222841888666153,0.0767253190279007,0.052666615694761276,0.03338821232318878,0.03338821232318878
851,851,0.014057839289307594,,,,,,,,,
852,852,,,0.7272859811782837,0.879717230796814,0.6847214698791504,0.12212271243333817,0.07648617029190063,0.05253370478749275,0.0333344005048275,0.0333344005048275
852,852,0.01402904000133276,,,,,,,,,
853,853,,,0.7267925143241882,0.8795627951622009,0.6841989755630493,0.12196137011051178,0.07624660432338715,0.052401017397642136,0.0332803875207901,0.0332803875207901
853,853,0.01400027610361576,,,,,,,,,
854,854,,,0.7262938022613525,0.8794138431549072,0.6836715340614319,0.12180015444755554,0.07600674778223038,0.05226857215166092,0.03322615474462509,0.03322615474462509
854,854,0.013971565291285515,,,,,,,,,
855,855,,,0.7257900834083557,0.8792700171470642,0.6831396222114563,0.12163907289505005,0.07576699554920197,0.05213640257716179,0.03317171707749367,0.03317171707749367
855,855,0.013942877762019634,,,,,,,,,
856,856,,,0.7252811789512634,0.8791311383247375,0.6826030015945435,0.12147814780473709,0.07552739977836609,0.05200447514653206,0.03311706334352493,0.03311706334352493
856,856,0.01391423400491476,,,,,,,,,
857,857,,,0.7247673869132996,0.8789968490600586,0.6820619106292725,0.12131736427545547,0.07528821378946304,0.05187295004725456,0.033062223345041275,0.033062223345041275
857,857,0.013885613530874252,,,,,,,,,
858,858,,,0.7242485284805298,0.8788676261901855,0.681516170501709,0.12115674465894699,0.0750492662191391,0.051741790026426315,0.0330071821808815,0.0330071821808815
858,858,0.01385705266147852,,,,,,,,,
859,859,,,0.7237244248390198,0.8787432909011841,0.6809656023979187,0.12099628150463104,0.07481063157320023,0.05161096155643463,0.032951924949884415,0.032951924949884415
859,859,0.0138285206630826,,,,,,,,,
860,860,,,0.7231954336166382,0.8786231875419617,0.6804105639457703,0.1208360344171524,0.07457223534584045,0.05148051679134369,0.03289647772908211,0.03289647772908211
860,860,0.013800016604363918,,,,,,,,,
861,861,,,0.7226613163948059,0.8785074353218079,0.6798509955406189,0.1206759586930275,0.07433494925498962,0.05135052278637886,0.03284083679318428,0.03284083679318428
861,861,0.01377155166119337,,,,,,,,,
862,862,,,0.7221221923828125,0.8783958554267883,0.6792868375778198,0.12051605433225632,0.07409849762916565,0.05122096836566925,0.032784998416900635,0.032784998416900635
862,862,0.013743112795054913,,,,,,,,,
863,863,,,0.721578061580658,0.8782882690429688,0.6787182092666626,0.12035634368658066,0.07386299222707748,0.051091961562633514,0.032728977501392365,0.032728977501392365
863,863,0.013714712113142014,,,,,,,,,
864,864,,,0.7210285067558289,0.8781847357749939,0.678144633769989,0.12019681185483932,0.07362827658653259,0.0509633906185627,0.032672733068466187,0.032672733068466187
864,864,0.013686345890164375,,,,,,,,,
865,865,,,0.7204742431640625,0.8780848383903503,0.6775667667388916,0.12003753334283829,0.07339484244585037,0.05083540081977844,0.03261633217334747,0.03261633217334747
865,865,0.013658005744218826,,,,,,,,,
866,866,,,0.7199146747589111,0.8779885172843933,0.6769841313362122,0.11987844109535217,0.07316234707832336,0.05070783570408821,0.03255970776081085,0.03255970776081085
866,866,0.01362970657646656,,,,,,,,,
867,867,,,0.7193500399589539,0.8778960704803467,0.6763968467712402,0.11971959471702576,0.07293140888214111,0.050580840557813644,0.032502904534339905,0.032502904534339905
867,867,0.013601436279714108,,,,,,,,,
868,868,,,0.7187804579734802,0.8778066635131836,0.6758052110671997,0.11956093460321426,0.0727020651102066,0.0504545234143734,0.03244592249393463,0.03244592249393463
868,868,0.013573192059993744,,,,,,,,,
869,869,,,0.7182060480117798,0.8777203559875488,0.6752092838287354,0.11940252780914307,0.07247431576251984,0.050328902900218964,0.032388776540756226,0.032388776540756226
869,869,0.013544978573918343,,,,,,,,,
870,870,,,0.7176265716552734,0.8776378035545349,0.6746086478233337,0.11924432963132858,0.07224840670824051,0.05020386725664139,0.0323314405977726,0.0323314405977726
870,870,0.013516796752810478,,,,,,,,,
871,871,,,0.7170416116714478,0.8775583505630493,0.674003005027771,0.1190863847732544,0.07202444970607758,0.050079502165317535,0.032273903489112854,0.032273903489112854
871,871,0.013488651253283024,,,,,,,,,
872,872,,,0.7164520025253296,0.8774814009666443,0.6733932495117188,0.11892871558666229,0.07180248200893402,0.04995589703321457,0.032216206192970276,0.032216206192970276
872,872,0.013460523448884487,,,,,,,,,
873,873,,,0.7158575057983398,0.8774071335792542,0.6727791428565979,0.11877129971981049,0.07158245891332626,0.0498330220580101,0.032158344984054565,0.032158344984054565
873,873,0.013432429172098637,,,,,,,,,
874,874,,,0.7152576446533203,0.8773359656333923,0.6721602082252502,0.11861409991979599,0.07136467099189758,0.04971086606383324,0.032100290060043335,0.032100290060043335
874,874,0.013404356315732002,,,,,,,,,
875,875,,,0.7146527767181396,0.8772674798965454,0.6715366244316101,0.11845714598894119,0.07114925980567932,0.04958947375416756,0.03204205632209778,0.03204205632209778
875,875,0.013376312330365181,,,,,,,,,
876,876,,,0.7140430808067322,0.8772010207176208,0.6709088087081909,0.11830047518014908,0.07093652337789536,0.04946891590952873,0.031983666121959686,0.031983666121959686
876,876,0.013348300009965897,,,,,,,,,
877,877,,,0.7134288549423218,0.8771364688873291,0.6702769994735718,0.11814410239458084,0.07072632759809494,0.04934924095869064,0.03192514181137085,0.03192514181137085
877,877,0.013320310041308403,,,,,,,,,
878,878,,,0.7128095030784607,0.8770742416381836,0.6696405410766602,0.11798801273107529,0.07051868736743927,0.0492304302752018,0.03186643868684769,0.03186643868684769
878,878,0.013292348943650723,,,,,,,,,
879,879,,,0.7121848464012146,0.877014696598053,0.6689991354942322,0.11783215403556824,0.07031379640102386,0.04911241680383682,0.031807538121938705,0.031807538121938705
879,879,0.013264404609799385,,,,,,,,,
880,880,,,0.7115550637245178,0.8769574165344238,0.6683530807495117,0.11767657846212387,0.07011174410581589,0.048995241522789,0.03174846991896629,0.03174846991896629
880,880,0.013236488215625286,,,,,,,,,
881,881,,,0.7109206318855286,0.8769017457962036,0.6677029132843018,0.11752129346132278,0.06991278380155563,0.04887901991605759,0.03168926015496254,0.03168926015496254
881,881,0.013208597898483276,,,,,,,,,
882,882,,,0.7102817893028259,0.8768472075462341,0.6670488715171814,0.11736630648374557,0.06971732527017593,0.04876396059989929,0.03162992745637894,0.03162992745637894
882,882,0.013180731795728207,,,,,,,,,
883,883,,,0.7096381187438965,0.876794159412384,0.6663905382156372,0.11721163243055344,0.06952519714832306,0.04864991828799248,0.031570449471473694,0.031570449471473694
883,883,0.013152883388102055,,,,,,,,,
884,884,,,0.7089890241622925,0.8767435550689697,0.6657270789146423,0.11705722659826279,0.06933607161045074,0.04853669926524162,0.03151077777147293,0.03151077777147293
884,884,0.01312506478279829,,,,,,,,,
885,885,,,0.7083349823951721,0.8766948580741882,0.6650591492652893,0.11690311878919601,0.06915044039487839,0.04842446371912956,0.03145094960927963,0.03145094960927963
885,885,0.013097265735268593,,,,,,,,,
886,886,,,0.7076762318611145,0.8766470551490784,0.6643869876861572,0.11674932390451431,0.06896829605102539,0.04831329360604286,0.031390972435474396,0.031390972435474396
886,886,0.013069484382867813,,,,,,,,,
887,887,,,0.7070131301879883,0.8765998482704163,0.6637110710144043,0.11659586429595947,0.06878994405269623,0.04820336401462555,0.0313308909535408,0.0313308909535408
887,887,0.013041727244853973,,,,,,,,,
888,888,,,0.7063453197479248,0.8765537738800049,0.6630309820175171,0.11644268780946732,0.06861528754234314,0.048094525933265686,0.031270675361156464,0.031270675361156464
888,888,0.013013984076678753,,,,,,,,,
889,889,,,0.705672025680542,0.8765094876289368,0.6623456478118896,0.11628977954387665,0.06844436377286911,0.047986648976802826,0.03121025674045086,0.03121025674045086
889,889,0.012986267916858196,,,,,,,,,
890,890,,,0.7049939632415771,0.8764662146568298,0.6616560220718384,0.11613720655441284,0.06827731430530548,0.04787984490394592,0.031149696558713913,0.031149696558713913
890,890,0.012958577834069729,,,,,,,,,
891,891,,,0.7043114900588989,0.8764235973358154,0.6609624028205872,0.11598499864339828,0.06811460107564926,0.04777439311146736,0.03108903206884861,0.03108903206884861
891,891,0.012930897995829582,,,,,,,,,
892,892,,,0.703624427318573,0.8763817548751831,0.6602647304534912,0.11583313345909119,0.06795594096183777,0.04767020419239998,0.031028248369693756,0.031028248369693756
892,892,0.012903238646686077,,,,,,,,,
893,893,,,0.7029324769973755,0.8763406872749329,0.6595625877380371,0.11568152904510498,0.06780155748128891,0.047567203640937805,0.030967310070991516,0.030967310070991516
893,893,0.012875603511929512,,,,,,,,,
894,894,,,0.7022356986999512,0.876300573348999,0.6588559150695801,0.11553020775318146,0.06765120476484299,0.047465305775403976,0.030906222760677338,0.030906222760677338
894,894,0.012847976759076118,,,,,,,,,
895,895,,,0.7015344500541687,0.8762608766555786,0.6581453084945679,0.11537923663854599,0.06750526279211044,0.047364622354507446,0.030845021829009056,0.030845021829009056
895,895,0.012820378877222538,,,,,,,,,
896,896,,,0.7008286714553833,0.8762215971946716,0.6574304699897766,0.11522863060235977,0.06736351549625397,0.047265149652957916,0.030783694237470627,0.030783694237470627
896,896,0.012792793102562428,,,,,,,,,
897,897,,,0.7001183032989502,0.8761823177337646,0.6567116379737854,0.1150784119963646,0.0672263503074646,0.047167159616947174,0.03072226047515869,0.03072226047515869
897,897,0.012765220366418362,,,,,,,,,
898,898,,,0.6994028687477112,0.8761435747146606,0.6559880375862122,0.1149284765124321,0.06709376722574234,0.047070518136024475,0.03066067025065422,0.03066067025065422
898,898,0.012737671844661236,,,,,,,,,
899,899,,0.012710130773484707,,,,,,,,
899,899,,,0.6986825466156006,0.8761056065559387,0.655259907245636,0.11477881669998169,0.06696590781211853,0.04697507992386818,0.03059893287718296,0.03059893287718296
899,899,0.012710130773484707,,,,,,,,,
900,900,,,0.6979579925537109,0.8760669827461243,0.654528021812439,0.11462949216365814,0.06684289872646332,0.04688098654150963,0.030537091195583344,0.030537091195583344
900,900,0.012682611122727394,,,,,,,,,
901,901,,,0.6972292065620422,0.8760283589363098,0.6537922620773315,0.11448054760694504,0.06672444194555283,0.04678826779127121,0.030475154519081116,0.030475154519081116
901,901,0.012655103579163551,,,,,,,,,
902,902,,,0.6964958906173706,0.8759898543357849,0.6530524492263794,0.11433198302984238,0.06661046296358109,0.046696897596120834,0.030413106083869934,0.030413106083869934
902,902,0.012627620249986649,,,,,,,,,
903,903,,,0.6957578659057617,0.8759516477584839,0.6523081660270691,0.11418373137712479,0.0665012001991272,0.046606920659542084,0.030350927263498306,0.030350927263498306
903,903,0.012600140646100044,,,,,,,,,
904,904,,,0.6950151324272156,0.8759130835533142,0.6515596508979797,0.11403580754995346,0.06639699637889862,0.04651842266321182,0.03028862550854683,0.03028862550854683
904,904,0.01257268525660038,,,,,,,,,
905,905,,,0.6942681074142456,0.8758742809295654,0.6508070826530457,0.11388818919658661,0.06629783660173416,0.04643126204609871,0.0302262119948864,0.0302262119948864
905,905,0.012545235455036163,,,,,,,,,
906,906,,,0.6935164332389832,0.8758350610733032,0.6500503420829773,0.1137409582734108,0.06620363146066666,0.04634561389684677,0.030163686722517014,0.030163686722517014
906,906,0.012517799623310566,,,,,,,,,
907,907,,,0.6927605867385864,0.8757951855659485,0.6492898464202881,0.11359410732984543,0.06611427664756775,0.04626144841313362,0.030101068317890167,0.030101068317890167
907,907,0.012490380555391312,,,,,,,,,
908,908,,,0.6919999718666077,0.8757550716400146,0.648524820804596,0.11344754695892334,0.06602984666824341,0.046178679913282394,0.030038319528102875,0.030038319528102875
908,908,0.012462977319955826,,,,,,,,,
909,909,,,0.6912350654602051,0.8757144212722778,0.6477558612823486,0.1133013591170311,0.06595031917095184,0.04609742760658264,0.029975468292832375,0.029975468292832375
909,909,0.012435581535100937,,,,,,,,,
910,910,,,0.6904656887054443,0.875673234462738,0.6469827890396118,0.11315546929836273,0.06587588787078857,0.04601762443780899,0.029912510886788368,0.029912510886788368
910,910,0.01240819413214922,,,,,,,,,
911,911,,,0.689691960811615,0.8756312131881714,0.6462056636810303,0.11300995200872421,0.06580661982297897,0.045939311385154724,0.029849447309970856,0.029849447309970856
911,911,0.012380827218294144,,,,,,,,,
912,912,,,0.6889141798019409,0.875588059425354,0.6454249620437622,0.11286482214927673,0.06574227660894394,0.04586254060268402,0.029786303639411926,0.029786303639411926
912,912,0.012353470548987389,,,,,,,,,
913,913,,,0.6881318092346191,0.8755441308021545,0.6446399092674255,0.11272001266479492,0.06568308919668198,0.04578736796975136,0.029723044484853745,0.029723044484853745
913,913,0.012326120398938656,,,,,,,,,
914,914,,,0.687345027923584,0.8754992485046387,0.6438507437705994,0.11257554590702057,0.06562891602516174,0.04571370407938957,0.029659677296876907,0.029659677296876907
914,914,0.012298785150051117,,,,,,,,,
915,915,,,0.6865538358688354,0.8754540085792542,0.6430574655532837,0.11243143677711487,0.06557965278625488,0.04564148187637329,0.029596203938126564,0.029596203938126564
915,915,0.012271459214389324,,,,,,,,,
916,916,,,0.6857585310935974,0.8754073977470398,0.6422603130340576,0.11228766292333603,0.06553555279970169,0.045570824295282364,0.02953263930976391,0.02953263930976391
916,916,0.01224414724856615,,,,,,,,,
917,917,,,0.6849592328071594,0.8753594756126404,0.6414596438407898,0.11214426159858704,0.06549657136201859,0.04550183564424515,0.02946900576353073,0.02946900576353073
917,917,0.012216832488775253,,,,,,,,,
918,918,,,0.6841554045677185,0.8753106594085693,0.6406546831130981,0.1120012179017067,0.06546258926391602,0.045434415340423584,0.02940526232123375,0.02940526232123375
918,918,0.012189538218080997,,,,,,,,,
919,919,,,0.6833472847938538,0.8752602338790894,0.6398457884788513,0.11185848712921143,0.06543365120887756,0.045368533581495285,0.02934141643345356,0.02934141643345356
919,919,0.012162245810031891,,,,,,,,,
920,920,,,0.6825347542762756,0.8752086162567139,0.639032781124115,0.11171610653400421,0.06540963053703308,0.04530425742268562,0.029277466237545013,0.029277466237545013
920,920,0.012134968303143978,,,,,,,,,
921,921,,,0.6817179918289185,0.8751558661460876,0.6382155418395996,0.11157406121492386,0.06539051979780197,0.04524149000644684,0.02921340987086296,0.02921340987086296
921,921,0.012107698246836662,,,,,,,,,
922,922,,,0.680897057056427,0.8751015067100525,0.6373946666717529,0.11143241077661514,0.06537635624408722,0.0451803095638752,0.02914927899837494,0.02914927899837494
922,922,0.012080436572432518,,,,,,,,,
923,923,,,0.6800720691680908,0.8750457167625427,0.6365699172019958,0.11129111051559448,0.06536702811717987,0.045120719820261,0.029085056856274605,0.029085056856274605
923,923,0.012053180485963821,,,,,,,,,
924,924,,,0.6792431473731995,0.8749878406524658,0.6357415914535522,0.11115012317895889,0.06536270678043365,0.045062821358442307,0.0290207639336586,0.0290207639336586
924,924,0.012025938369333744,,,,,,,,,
925,925,,,0.678409993648529,0.87492835521698,0.6349093914031982,0.11100947111845016,0.06536330282688141,0.04500648379325867,0.028956376016139984,0.028956376016139984
925,925,0.011998695321381092,,,,,,,,,
926,926,,,0.67757248878479,0.8748676776885986,0.6340729594230652,0.1108691468834877,0.06536860018968582,0.04495168477296829,0.028891880065202713,0.028891880065202713
926,926,0.011971457861363888,,,,,,,,,
927,927,,,0.676730751991272,0.8748050332069397,0.6332324743270874,0.11072920262813568,0.06537870317697525,0.04489856958389282,0.02882729284465313,0.02882729284465313
927,927,0.011944235302507877,,,,,,,,,
928,928,,,0.675885021686554,0.8747403621673584,0.6323884129524231,0.11058958619832993,0.06539354473352432,0.044847045093774796,0.028762629255652428,0.028762629255652428
928,928,0.011917009949684143,,,,,,,,,
929,929,,,0.6750354766845703,0.8746739625930786,0.6315407752990723,0.11045033484697342,0.06541285663843155,0.044797107577323914,0.028697896748781204,0.028697896748781204
929,929,0.011889795772731304,,,,,,,,,
930,930,,,0.6741816401481628,0.8746055960655212,0.6306891441345215,0.11031141877174377,0.06543682515621185,0.04474876821041107,0.028633063659071922,0.028633063659071922
930,930,0.011862588115036488,,,,,,,,,
931,931,,,0.6733237504959106,0.874535083770752,0.6298336386680603,0.110172800719738,0.06546533107757568,0.044702015817165375,0.028568144887685776,0.028568144887685776
931,931,0.011835378594696522,,,,,,,,,
932,932,,,0.6724618673324585,0.8744626045227051,0.6289742588996887,0.1100345104932785,0.06549838185310364,0.044656816869974136,0.028503136709332466,0.028503136709332466
932,932,0.0118081821128726,,,,,,,,,
933,933,,,0.6715958118438721,0.8743878602981567,0.6281110644340515,0.10989657044410706,0.06553579866886139,0.04461318999528885,0.028438039124011993,0.028438039124011993
933,933,0.011780981905758381,,,,,,,,,
934,934,,,0.6707260608673096,0.8743105530738831,0.6272444725036621,0.10975899547338486,0.06557771563529968,0.044571295380592346,0.028372883796691895,0.028372883796691895
934,934,0.011753791011869907,,,,,,,,,
935,935,,,0.6698522567749023,0.8742309808731079,0.6263739466667175,0.10962175577878952,0.06562375277280807,0.04453099146485329,0.02830764278769493,0.02830764278769493
935,935,0.011726604774594307,,,,,,,,,
936,936,,,0.6689741611480713,0.8741495013237,0.6254993677139282,0.10948487371206284,0.06567401438951492,0.0444922037422657,0.02824229747056961,0.02824229747056961
936,936,0.01169942319393158,,,,,,,,,
937,937,,,0.6680920124053955,0.874065637588501,0.6246210336685181,0.10934824496507645,0.06572849303483963,0.0444549135863781,0.028176868334412575,0.028176868334412575
937,937,0.011672238819301128,,,,,,,,,
938,938,,,0.6672060489654541,0.8739791512489319,0.6237390637397766,0.10921195149421692,0.06578699499368668,0.044419217854738235,0.028111357241868973,0.028111357241868973
938,938,0.011645060032606125,,,,,,,,,
939,939,,,0.6663162708282471,0.8738900423049927,0.6228536367416382,0.10907596349716187,0.06584949046373367,0.044385094195604324,0.0280457790941,0.0280457790941
939,939,0.011617885902523994,,,,,,,,,
940,940,,,0.665422797203064,0.873798131942749,0.6219646334648132,0.10894036293029785,0.06591593474149704,0.04435260593891144,0.0279801357537508,0.0279801357537508
940,940,0.011590713635087013,,,,,,,,,
941,941,,,0.6645252704620361,0.8737037181854248,0.6210718154907227,0.10880503058433533,0.06598620861768723,0.044321656227111816,0.02791440300643444,0.02791440300643444
941,941,0.011563538573682308,,,,,,,,,
942,942,,,0.6636236310005188,0.87360680103302,0.6201750636100769,0.10867005586624146,0.06606023758649826,0.04429218918085098,0.02784857526421547,0.02784857526421547
942,942,0.0115363709628582,,,,,,,,,
943,943,,,0.662717878818512,0.8735076189041138,0.6192742586135864,0.10853533446788788,0.06613793969154358,0.04426416754722595,0.027782650664448738,0.027782650664448738
943,943,0.01150919683277607,,,,,,,,,
944,944,,,0.661808431148529,0.873404860496521,0.6183701753616333,0.10840096324682236,0.0662192553281784,0.04423770681023598,0.027716660872101784,0.027716660872101784
944,944,0.01148203294724226,,,,,,,,,
945,945,,,0.6608954071998596,0.8732990622520447,0.6174627542495728,0.1082669198513031,0.06630395352840424,0.04421277716755867,0.027650609612464905,0.027650609612464905
945,945,0.011454860679805279,,,,,,,,,
946,946,,,0.6599786281585693,0.8731903433799744,0.6165516972541809,0.10813315212726593,0.06639204174280167,0.04418930411338806,0.027584480121731758,0.027584480121731758
946,946,0.01142769493162632,,,,,,,,,
947,947,,,0.6590578556060791,0.8730787038803101,0.6156368851661682,0.10799966752529144,0.06648356467485428,0.04416727274656296,0.02751825749874115,0.02751825749874115
947,947,0.011400526389479637,,,,,,,,,
948,948,,,0.6581330895423889,0.872964084148407,0.6147182583808899,0.10786646604537964,0.06657826900482178,0.04414666071534157,0.02745194546878338,0.02745194546878338
948,948,0.011373360641300678,,,,,,,,,
949,949,,0.011346186511218548,,,,,,,,
949,949,,,0.6572045683860779,0.8728461861610413,0.613796055316925,0.10773360729217529,0.06667619198560715,0.04412764683365822,0.027385562658309937,0.027385562658309937
949,949,0.011346186511218548,,,,,,,,,
950,950,,,0.6562724113464355,0.8727250099182129,0.6128705143928528,0.10760106146335602,0.06677714735269547,0.04411011561751366,0.02731911465525627,0.02731911465525627
950,950,0.011319023557007313,,,,,,,,,
951,951,,,0.6553365588188171,0.872600793838501,0.6119414567947388,0.10746880620718002,0.06688101589679718,0.04409389942884445,0.027252592146396637,0.027252592146396637
951,951,0.011291846632957458,,,,,,,,,
952,952,,,0.6543965935707092,0.8724735975265503,0.6110084056854248,0.10733681172132492,0.06698770076036453,0.0440790094435215,0.027185965329408646,0.027185965329408646
952,952,0.011264676228165627,,,,,,,,,
953,953,,,0.6534528732299805,0.8723430633544922,0.6100717186927795,0.1072051003575325,0.06709720939397812,0.044065576046705246,0.027119260281324387,0.027119260281324387
953,953,0.011237502098083496,,,,,,,,,
954,954,,,0.6525055170059204,0.8722084760665894,0.6091318130493164,0.10707365721464157,0.06720937043428421,0.04405353218317032,0.027052484452724457,0.027052484452724457
954,954,0.011210324242711067,,,,,,,,,
955,955,,,0.6515547633171082,0.8720701336860657,0.6081887483596802,0.10694248229265213,0.06732416898012161,0.04404294490814209,0.02698564901947975,0.02698564901947975
955,955,0.01118314266204834,,,,,,,,,
956,956,,,0.6506004929542542,0.8719281554222107,0.607242226600647,0.10681167244911194,0.0674414187669754,0.044033728539943695,0.026918750256299973,0.026918750256299973
956,956,0.011155962012708187,,,,,,,,,
957,957,,,0.6496420502662659,0.871783435344696,0.6062917709350586,0.10668104887008667,0.06756098568439484,0.044025566428899765,0.02685173973441124,0.02685173973441124
957,957,0.011128781363368034,,,,,,,,,
958,958,,,0.6486796736717224,0.8716352581977844,0.605337381362915,0.1065506860613823,0.06768280267715454,0.04401871934533119,0.026784628629684448,0.026784628629684448
958,958,0.01110159046947956,,,,,,,,,
959,959,,,0.647713840007782,0.8714828491210938,0.6043798327445984,0.10642062872648239,0.06780683994293213,0.04401335492730141,0.02671746350824833,0.02671746350824833
959,959,0.011074396781623363,,,,,,,,,
960,960,,,0.646744430065155,0.8713262677192688,0.6034190058708191,0.10629082471132278,0.06793316453695297,0.044009216129779816,0.02665022201836109,0.02665022201836109
960,960,0.011047204956412315,,,,,,,,,
961,961,,,0.645771861076355,0.8711655139923096,0.6024553179740906,0.10616126656532288,0.06806144118309021,0.044006362557411194,0.026582932099699974,0.026582932099699974
961,961,0.011020011268556118,,,,,,,,,
962,962,,,0.6447951793670654,0.8710010051727295,0.6014876365661621,0.10603199154138565,0.06819163262844086,0.04400470852851868,0.0265155341476202,0.0265155341476202
962,962,0.010992799885571003,,,,,,,,,
963,963,,,0.6438144445419312,0.8708335757255554,0.6005159616470337,0.10590288043022156,0.0683235451579094,0.044004131108522415,0.026448028162121773,0.026448028162121773
963,963,0.010965591296553612,,,,,,,,,
964,964,,,0.6428303718566895,0.8706618547439575,0.5995411276817322,0.10577407479286194,0.06845717132091522,0.044004861265420914,0.026380464434623718,0.026380464434623718
964,964,0.010938378050923347,,,,,,,,,
965,965,,,0.6418430209159851,0.8704856634140015,0.5985633134841919,0.10564548522233963,0.06859250366687775,0.04400675743818283,0.02631283551454544,0.02631283551454544
965,965,0.010911158286035061,,,,,,,,,
966,966,,,0.6408523321151733,0.8703051209449768,0.5975825190544128,0.1055171936750412,0.06872935593128204,0.04400983825325966,0.026245154440402985,0.026245154440402985
966,966,0.010883934795856476,,,,,,,,,
967,967,,,0.639858067035675,0.8701207041740417,0.5965981483459473,0.10538909584283829,0.06886760890483856,0.04401393607258797,0.026177383959293365,0.026177383959293365
967,967,0.010856703855097294,,,,,,,,,
968,968,,,0.6388595700263977,0.8699322938919067,0.595609724521637,0.10526115447282791,0.06900718808174133,0.04401904344558716,0.0261094868183136,0.0261094868183136
968,968,0.010829470120370388,,,,,,,,,
969,969,,,0.6378575563430786,0.8697394728660583,0.5946179032325745,0.10513345897197723,0.06914817541837692,0.044025346636772156,0.026041515171527863,0.026041515171527863
969,969,0.01080222800374031,,,,,,,,,
970,970,,,0.6368524432182312,0.8695419430732727,0.5936233401298523,0.10500601679086685,0.06929021328687668,0.04403278976678848,0.025973496958613396,0.025973496958613396
970,970,0.010774982161819935,,,,,,,,,
971,971,,,0.6358439326286316,0.869339644908905,0.5926255583763123,0.10487885773181915,0.06943327188491821,0.04404135048389435,0.025905407965183258,0.025905407965183258
971,971,0.01074772235006094,,,,,,,,,
972,972,,,0.6348317265510559,0.8691331744194031,0.5916244387626648,0.1047518402338028,0.06957734376192093,0.044050682336091995,0.02583722397685051,0.02583722397685051
972,972,0.010720462538301945,,,,,,,,,
973,973,,,0.633815586566925,0.868922770023346,0.5906193852424622,0.10462495684623718,0.06972237676382065,0.04406094178557396,0.025768928229808807,0.025768928229808807
973,973,0.010693193413317204,,,,,,,,,
974,974,,,0.6327961683273315,0.8687078356742859,0.5896111726760864,0.10449826717376709,0.06986819207668304,0.044072225689888,0.025700561702251434,0.025700561702251434
974,974,0.01066591963171959,,,,,,,,,
975,975,,,0.6317735910415649,0.8684877753257751,0.5886001586914062,0.10437183827161789,0.07001469284296036,0.0440845862030983,0.025632144883275032,0.025632144883275032
975,975,0.010638635605573654,,,,,,,,,
976,976,,,0.6307478547096252,0.8682625889778137,0.5875862836837769,0.1042456328868866,0.0701618641614914,0.04409788176417351,0.025563664734363556,0.025563664734363556
976,976,0.010611344128847122,,,,,,,,,
977,977,,,0.6297186613082886,0.8680330514907837,0.58656907081604,0.10411961376667023,0.0703096017241478,0.0441119559109211,0.025495098903775215,0.025495098903775215
977,977,0.010584043338894844,,,,,,,,,
978,978,,,0.6286855936050415,0.867798924446106,0.5855481624603271,0.10399369150400162,0.0704578086733818,0.044126782566308975,0.02542642317712307,0.02542642317712307
978,978,0.010556732304394245,,,,,,,,,
979,979,,,0.6276489496231079,0.8675603866577148,0.5845237374305725,0.10386793315410614,0.07060635089874268,0.04414249584078789,0.025357652455568314,0.025357652455568314
979,979,0.010529421269893646,,,,,,,,,
980,980,,,0.6266095042228699,0.8673161268234253,0.5834969878196716,0.10374244302511215,0.07075519859790802,0.04415928199887276,0.02528885193169117,0.02528885193169117
980,980,0.010502091608941555,,,,,,,,,
981,981,,,0.6255666017532349,0.8670668601989746,0.5824669003486633,0.1036171168088913,0.0709041953086853,0.04417681694030762,0.025219963863492012,0.025219963863492012
981,981,0.010474761947989464,,,,,,,,,
982,982,,,0.6245203614234924,0.8668127655982971,0.5814336538314819,0.10349191725254059,0.07105336338281631,0.044194918125867844,0.02515098825097084,0.02515098825097084
982,982,0.010447417385876179,,,,,,,,,
983,983,,,0.6234704852104187,0.866553783416748,0.5803971290588379,0.10336680710315704,0.07120253890752792,0.044213637709617615,0.02508191019296646,0.02508191019296646
983,983,0.01042006816715002,,,,,,,,,
984,984,,,0.622417688369751,0.8662894368171692,0.5793577432632446,0.10324191302061081,0.07135172188282013,0.04423333331942558,0.02501278556883335,0.02501278556883335
984,984,0.010392709635198116,,,,,,,,,
985,985,,,0.621361494064331,0.8660196661949158,0.5783153176307678,0.1031172052025795,0.07150086760520935,0.04425389692187309,0.024943582713603973,0.024943582713603973
985,985,0.01036534458398819,,,,,,,,,
986,986,,,0.6203017234802246,0.8657451868057251,0.5772693753242493,0.10299257934093475,0.07164985686540604,0.04427483677864075,0.02487427182495594,0.02487427182495594
986,986,0.01033796090632677,,,,,,,,,
987,987,,,0.6192386746406555,0.8654652833938599,0.5762205123901367,0.10286807268857956,0.07179868966341019,0.04429632052779198,0.02480488084256649,0.02480488084256649
987,987,0.010310571640729904,,,,,,,,,
988,988,,,0.6181726455688477,0.865179717540741,0.5751689672470093,0.10274370014667511,0.07194702327251434,0.04431847482919693,0.024735426530241966,0.024735426530241966
988,988,0.010283175855875015,,,,,,,,,
989,989,,,0.6171034574508667,0.8648888468742371,0.5741145014762878,0.10261945426464081,0.07209499925374985,0.04434137046337128,0.02466590143740177,0.02466590143740177
989,989,0.010255767963826656,,,,,,,,,
990,990,,,0.6160310506820679,0.8645926117897034,0.5730569362640381,0.10249532759189606,0.07224250584840775,0.044364817440509796,0.02459629811346531,0.02459629811346531
990,990,0.0102283526211977,,,,,,,,,
991,991,,,0.6149553656578064,0.8642909526824951,0.5719963908195496,0.10237132012844086,0.07238946110010147,0.04438871517777443,0.024526607245206833,0.024526607245206833
991,991,0.010200920514762402,,,,,,,,,
992,992,,,0.613876223564148,0.863983690738678,0.5709325671195984,0.1022474616765976,0.07253582775592804,0.04441315680742264,0.024456825107336044,0.024456825107336044
992,992,0.010173480026423931,,,,,,,,,
993,993,,,0.6127941608428955,0.8636707067489624,0.5698660612106323,0.1021236926317215,0.07268159091472626,0.044438108801841736,0.024386975914239883,0.024386975914239883
993,993,0.010146038606762886,,,,,,,,,
994,994,,,0.61170893907547,0.8633520007133484,0.5687967538833618,0.10200004279613495,0.07282662391662598,0.044463612139225006,0.024317055940628052,0.024317055940628052
994,994,0.010118582285940647,,,,,,,,,
995,995,,,0.6106205582618713,0.8630276322364807,0.5677245259284973,0.10187643021345139,0.07297086715698242,0.04448951408267021,0.024247050285339355,0.024247050285339355
995,995,0.010091112926602364,,,,,,,,,
996,996,,,0.6095291376113892,0.8626977801322937,0.5666494965553284,0.1017528623342514,0.07311421632766724,0.04451565071940422,0.024176962673664093,0.024176962673664093
996,996,0.01006363332271576,,,,,,,,,
997,997,,,0.6084347367286682,0.8623622059822083,0.565571665763855,0.10162940621376038,0.07325650751590729,0.04454214870929718,0.02410680428147316,0.02410680428147316
997,997,0.010036145336925983,,,,,,,,,
998,998,,,0.607337236404419,0.8620202541351318,0.5644912123680115,0.10150609165430069,0.0733979195356369,0.044569164514541626,0.024036578834056854,0.024036578834056854
998,998,0.010008640587329865,,,,,,,,,
999,999,,0.009981133043766022,,,,,,,,
999,999,,,0.6062366962432861,0.8616721034049988,0.5634079575538635,0.10138285160064697,0.07353818416595459,0.044596582651138306,0.02396627515554428,0.02396627515554428
999,999,0.009981133043766022,,,,,,,,,
1000,1000,,,0.6051329970359802,0.8613181710243225,0.562321662902832,0.10125970095396042,0.07367745041847229,0.0446244440972805,0.02389588952064514,0.02389588952064514
1000,1000,0.009953613393008709,,,,,,,,,
1001,1001,,,0.604025661945343,0.8609586954116821,0.5612320303916931,0.10113653540611267,0.07381558418273926,0.04465235397219658,0.02382538840174675,0.02382538840174675
1001,1001,0.009926079772412777,,,,,,,,,
1002,1002,,,0.6029157638549805,0.860593318939209,0.5601400136947632,0.1010134294629097,0.0739525705575943,0.04468043893575668,0.023754827678203583,0.023754827678203583
1002,1002,0.009898535907268524,,,,,,,,,
1003,1003,,,0.6018034219741821,0.8602211475372314,0.5590459704399109,0.10089041292667389,0.0740882009267807,0.04470887780189514,0.023684227839112282,0.023684227839112282
1003,1003,0.009870980866253376,,,,,,,,,
1004,1004,,,0.6006884574890137,0.8598425984382629,0.5579498410224915,0.10076746344566345,0.07422245293855667,0.04473761469125748,0.023613575845956802,0.023613575845956802
1004,1004,0.00984342023730278,,,,,,,,,
1005,1005,,,0.5995702743530273,0.8594578504562378,0.5568506717681885,0.100644551217556,0.07435537129640579,0.044766560196876526,0.02354283444583416,0.02354283444583416
1005,1005,0.009815845638513565,,,,,,,,,
1006,1006,,,0.598448634147644,0.859067440032959,0.5557482242584229,0.10052163153886795,0.07448691129684448,0.044795598834753036,0.023471985012292862,0.023471985012292862
1006,1006,0.00978826079517603,,,,,,,,,
1007,1007,,,0.5973237752914429,0.8586708903312683,0.5546426773071289,0.10039874166250229,0.07461687922477722,0.044824693351984024,0.023401034995913506,0.023401034995913506
1007,1007,0.009760667569935322,,,,,,,,,
1008,1008,,,0.5961963534355164,0.8582674860954285,0.5535351634025574,0.10027589648962021,0.074745312333107,0.04485392943024635,0.02333003655076027,0.02333003655076027
1008,1008,0.00973305944353342,,,,,,,,,
1009,1009,,,0.5950666666030884,0.8578571677207947,0.5524256825447083,0.1001531109213829,0.07487215846776962,0.044883403927087784,0.02325899712741375,0.02325899712741375
1009,1009,0.009705442935228348,,,,,,,,,
1010,1010,,,0.5939340591430664,0.8574402928352356,0.5513136982917786,0.1000303253531456,0.07499739527702332,0.04491298273205757,0.02318788319826126,0.02318788319826126
1010,1010,0.009677814319729805,,,,,,,,,
1011,1011,,,0.59279865026474,0.8570170402526855,0.5501991510391235,0.09990754723548889,0.07512106001377106,0.04494253545999527,0.023116692900657654,0.023116692900657654
1011,1011,0.009650180116295815,,,,,,,,,
1012,1012,,,0.5916599631309509,0.8565878868103027,0.5490815043449402,0.099784716963768,0.07524307072162628,0.04497189074754715,0.02304540015757084,0.02304540015757084
1012,1012,0.009622528217732906,,,,,,,,,
1013,1013,,,0.5905188918113708,0.8561519384384155,0.5479617118835449,0.09966196119785309,0.07536324858665466,0.04500138759613037,0.022974058985710144,0.022974058985710144
1013,1013,0.009594877250492573,,,,,,,,,
1014,1014,,,0.5893751978874207,0.8557088375091553,0.5468398928642273,0.09953921288251877,0.0754815936088562,0.04503108933568001,0.02290266379714012,0.02290266379714012
1014,1014,0.00956721045076847,,,,,,,,,
1015,1015,,,0.5882288813591003,0.855258584022522,0.5457159280776978,0.09941644221544266,0.07559806853532791,0.0450606569647789,0.022831201553344727,0.022831201553344727
1015,1015,0.00953952968120575,,,,,,,,,
1016,1016,,,0.5870797634124756,0.8548022508621216,0.5445892214775085,0.09929361194372177,0.0757126733660698,0.0450899675488472,0.022759653627872467,0.022759653627872467
1016,1016,0.009511842392385006,,,,,,,,,
1017,1017,,,0.5859277844429016,0.8543393015861511,0.5434601306915283,0.09917078167200089,0.07582543790340424,0.04511924088001251,0.022688034921884537,0.022688034921884537
1017,1017,0.009484141133725643,,,,,,,,,
1018,1018,,,0.5847733616828918,0.8538692593574524,0.5423288345336914,0.0990479588508606,0.07593619078397751,0.04514859616756439,0.02261636219918728,0.02261636219918728
1018,1018,0.009456438943743706,,,,,,,,,
1019,1019,,,0.5836164951324463,0.8533920645713806,0.5411955714225769,0.0989251658320427,0.07604498416185379,0.045177802443504333,0.022544637322425842,0.022544637322425842
1019,1019,0.009428723715245724,,,,,,,,,
1020,1020,,,0.5824571847915649,0.8529075980186462,0.54006028175354,0.09880229085683823,0.07615174353122711,0.04520675539970398,0.022472847253084183,0.022472847253084183
1020,1020,0.009400998242199421,,,,,,,,,
1021,1021,,,0.5812951326370239,0.8524158000946045,0.5389227271080017,0.09867936372756958,0.0762564167380333,0.045235514640808105,0.022400978952646255,0.022400978952646255
1021,1021,0.009373265318572521,,,,,,,,,
1022,1022,,,0.5801305770874023,0.8519174456596375,0.5377829670906067,0.09855641424655914,0.07635911554098129,0.045264068990945816,0.02232905477285385,0.02232905477285385
1022,1022,0.009345520287752151,,,,,,,,,
1023,1023,,,0.5789635181427002,0.8514118790626526,0.5366409420967102,0.0984334796667099,0.07645971328020096,0.04529257491230965,0.022257070988416672,0.022257070988416672
1023,1023,0.009317767806351185,,,,,,,,,
1024,1024,,,0.5777939558029175,0.8508991599082947,0.5354968905448914,0.0983104407787323,0.07655809819698334,0.04532081261277199,0.02218502201139927,0.02218502201139927
1024,1024,0.009290007874369621,,,,,,,,,
1025,1025,,,0.5766222476959229,0.8503791689872742,0.534351110458374,0.09818737953901291,0.07665427029132843,0.045348770916461945,0.022112932056188583,0.022112932056188583
1025,1025,0.009262238629162312,,,,,,,,,
1026,1026,,,0.5754479765892029,0.8498517870903015,0.5332033038139343,0.09806422889232635,0.07674814015626907,0.04537637531757355,0.022040769457817078,0.022040769457817078
1026,1026,0.009234461933374405,,,,,,,,,
1027,1027,,,0.574271559715271,0.8493168950080872,0.5320537686347961,0.09794104844331741,0.07683980464935303,0.045403726398944855,0.02196856588125229,0.02196856588125229
1027,1027,0.009206676855683327,,,,,,,,,
1028,1028,,,0.5730927586555481,0.8487747311592102,0.5309021472930908,0.0978178009390831,0.0769292414188385,0.045430801808834076,0.021896300837397575,0.021896300837397575
1028,1028,0.0091788899153471,,,,,,,,,
1029,1029,,,0.5719115138053894,0.8482254147529602,0.5297483801841736,0.0976945236325264,0.07701648026704788,0.045457590371370316,0.021823978051543236,0.021823978051543236
1029,1029,0.009151089005172253,,,,,,,,,
1030,1030,,,0.5707278251647949,0.8476691246032715,0.5285926461219788,0.09757113456726074,0.07710152119398117,0.04548395052552223,0.02175159379839897,0.02175159379839897
1030,1030,0.009123283438384533,,,,,,,,,
1031,1031,,,0.5695425868034363,0.847104549407959,0.5274358987808228,0.09744768589735031,0.07718414813280106,0.04551004245877266,0.021679196506738663,0.021679196506738663
1031,1031,0.009095472283661366,,,,,,,,,
1032,1032,,,0.5683549642562866,0.8465319871902466,0.5262773633003235,0.09732417017221451,0.07726425677537918,0.045535750687122345,0.02160673588514328,0.02160673588514328
1032,1032,0.009067649953067303,,,,,,,,,
1033,1033,,,0.5671650767326355,0.8459516167640686,0.5251170992851257,0.09720057249069214,0.07734189182519913,0.045561034232378006,0.021534226834774017,0.021534226834774017
1033,1033,0.009039826691150665,,,,,,,,,
1034,1034,,,0.5659726858139038,0.8453644514083862,0.523954451084137,0.09707679599523544,0.07741716504096985,0.04558572173118591,0.02146163210272789,0.02146163210272789
1034,1034,0.009011992253363132,,,,,,,,,
1035,1035,,,0.5647782683372498,0.8447695970535278,0.522790253162384,0.09695302695035934,0.07749026268720627,0.04561014845967293,0.021389011293649673,0.021389011293649673
1035,1035,0.008984156884253025,,,,,,,,,
1036,1036,,,0.5635822415351868,0.8441665172576904,0.5216251015663147,0.09682925790548325,0.07756079733371735,0.045634351670742035,0.02131638303399086,0.02131638303399086
1036,1036,0.008956321515142918,,,,,,,,,
1037,1037,,,0.5623842477798462,0.8435556888580322,0.5204583406448364,0.09670531749725342,0.07762891799211502,0.04565788805484772,0.02124370075762272,0.02124370075762272
1037,1037,0.008928472176194191,,,,,,,,,
1038,1038,,,0.5611842274665833,0.8429368734359741,0.5192902088165283,0.09658120572566986,0.07769451290369034,0.04568081721663475,0.021170971915125847,0.021170971915125847
1038,1038,0.00890062004327774,,,,,,,,,
1039,1039,,,0.5599820613861084,0.8423105478286743,0.5181203484535217,0.09645703434944153,0.07775761932134628,0.0457032285630703,0.021098198369145393,0.021098198369145393
1039,1039,0.008872765116393566,,,,,,,,,
1040,1040,,,0.5587781071662903,0.8416759371757507,0.5169491767883301,0.0963328406214714,0.07781818509101868,0.04572537541389465,0.021025400608778,0.021025400608778
1040,1040,0.008844905532896519,,,,,,,,,
1041,1041,,,0.5575724244117737,0.8410332798957825,0.5157766938209534,0.09620852768421173,0.07787627726793289,0.045746996998786926,0.02095257118344307,0.02095257118344307
1041,1041,0.008817050606012344,,,,,,,,,
1042,1042,,,0.5563648343086243,0.8403827548027039,0.5146028399467468,0.09608415514230728,0.07793174684047699,0.04576808586716652,0.02087971195578575,0.02087971195578575
1042,1042,0.008789187297224998,,,,,,,,,
1043,1043,,,0.5551551580429077,0.8397244215011597,0.5134275555610657,0.09595955908298492,0.0779847502708435,0.04578845202922821,0.020806798711419106,0.020806798711419106
1043,1043,0.008761313743889332,,,,,,,,,
1044,1044,,,0.5539441108703613,0.8390575051307678,0.5122513771057129,0.095834881067276,0.0780351534485817,0.04580817371606827,0.020733870565891266,0.020733870565891266
1044,1044,0.008733447641134262,,,,,,,,,
1045,1045,,,0.5527315735816956,0.8383821845054626,0.5110742449760437,0.0957101583480835,0.07808297127485275,0.04582751542329788,0.02066093683242798,0.02066093683242798
1045,1045,0.008705580607056618,,,,,,,,,
1046,1046,,,0.5515173673629761,0.8376985788345337,0.509895920753479,0.09558535367250443,0.07812812924385071,0.04584631696343422,0.020587969571352005,0.020587969571352005
1046,1046,0.008677706122398376,,,,,,,,,
1047,1047,,,0.550301194190979,0.8370072841644287,0.5087160468101501,0.09546038508415222,0.07817083597183228,0.04586443677544594,0.020514966920018196,0.020514966920018196
1047,1047,0.008649834431707859,,,,,,,,,
1048,1048,,,0.5490834712982178,0.8363075852394104,0.5075352787971497,0.0953352227807045,0.07821094244718552,0.045881886035203934,0.020441938191652298,0.020441938191652298
1048,1048,0.008621965534985065,,,,,,,,,
1049,1049,,0.008594091050326824,,,,,,,,
1049,1049,,,0.5478643178939819,0.8355991244316101,0.5063537359237671,0.095210000872612,0.07824838906526566,0.04589875414967537,0.020368898287415504,0.020368898287415504
1049,1049,0.008594091050326824,,,,,,,,,
1050,1050,,,0.5466439127922058,0.8348822593688965,0.505171537399292,0.09508467465639114,0.07828310877084732,0.04591485485434532,0.020295852795243263,0.020295852795243263
1050,1050,0.00856622215360403,,,,,,,,,
1051,1051,,,0.5454220771789551,0.8341567516326904,0.50398850440979,0.09495924413204193,0.0783151313662529,0.045930374413728714,0.020222794264554977,0.020222794264554977
1051,1051,0.008538351394236088,,,,,,,,,
1052,1052,,,0.5441985726356506,0.8334235548973083,0.5028042197227478,0.09483368694782257,0.07834474742412567,0.045945387333631516,0.02014971897006035,0.02014971897006035
1052,1052,0.008510486222803593,,,,,,,,,
1053,1053,,,0.5429735779762268,0.8326816558837891,0.5016188621520996,0.09470796585083008,0.07837160676717758,0.04595964774489403,0.020076612010598183,0.020076612010598183
1053,1053,0.008482619188725948,,,,,,,,,
1054,1054,,,0.5417472720146179,0.8319316506385803,0.5004329085350037,0.09458213299512863,0.07839580625295639,0.04597310721874237,0.02000350132584572,0.02000350132584572
1054,1054,0.008454760536551476,,,,,,,,,
1055,1055,,,0.5405203104019165,0.831171989440918,0.4992470443248749,0.09445621073246002,0.07841725647449493,0.045985911041498184,0.019930414855480194,0.019930414855480194
1055,1055,0.008426906540989876,,,,,,,,,
1056,1056,,,0.5392920970916748,0.8304038643836975,0.49806055426597595,0.0943300873041153,0.07843612134456635,0.045997947454452515,0.019857320934534073,0.019857320934534073
1056,1056,0.008399049751460552,,,,,,,,,
1057,1057,,,0.5380622148513794,0.8296277523040771,0.49687281250953674,0.09420386701822281,0.07845239341259003,0.04600932076573372,0.01978420466184616,0.01978420466184616
1057,1057,0.008371193893253803,,,,,,,,,
1058,1058,,,0.5368313789367676,0.8288426995277405,0.49568480253219604,0.09407755732536316,0.0784660130739212,0.04602004587650299,0.019711103290319443,0.019711103290319443
1058,1058,0.008343351073563099,,,,,,,,,
1059,1059,,,0.5355998873710632,0.8280481696128845,0.4944967031478882,0.09395120292901993,0.07847694307565689,0.04603007808327675,0.019638022407889366,0.019638022407889366
1059,1059,0.00831550918519497,,,,,,,,,
1060,1060,,,0.5343670845031738,0.82724529504776,0.49330800771713257,0.09382463246583939,0.0784851610660553,0.04603929817676544,0.019564934074878693,0.019564934074878693
1060,1060,0.008287680335342884,,,,,,,,,
1061,1061,,,0.5331331491470337,0.8264334797859192,0.492118775844574,0.09369782358407974,0.07849068939685822,0.04604768753051758,0.019491832703351974,0.019491832703351974
1061,1061,0.008259851485490799,,,,,,,,,
1062,1062,,,0.5318983197212219,0.825613260269165,0.49092915654182434,0.09357088804244995,0.07849355041980743,0.04605522379279137,0.0194187443703413,0.0194187443703413
1062,1062,0.008232034742832184,,,,,,,,,
1063,1063,,,0.5306630730628967,0.8247837424278259,0.48973992466926575,0.09344393759965897,0.07849367707967758,0.04606218636035919,0.019345708191394806,0.019345708191394806
1063,1063,0.008204225450754166,,,,,,,,,
1064,1064,,,0.5294269919395447,0.8239449858665466,0.48855045437812805,0.09331691265106201,0.0784912258386612,0.04606841877102852,0.019272683188319206,0.019272683188319206
1064,1064,0.008176423609256744,,,,,,,,,
1065,1065,,,0.5281899571418762,0.8230980038642883,0.48736053705215454,0.09318966418504715,0.07848615944385529,0.0460737906396389,0.019199663773179054,0.019199663773179054
1065,1065,0.00814862735569477,,,,,,,,,
1066,1066,,,0.5269520282745361,0.8222419023513794,0.4861704707145691,0.09306226670742035,0.07847842574119568,0.046078313142061234,0.019126655533909798,0.019126655533909798
1066,1066,0.008120846934616566,,,,,,,,,
1067,1067,,,0.5257138013839722,0.8213767409324646,0.4849807918071747,0.0929347351193428,0.07846787571907043,0.04608208313584328,0.019053691998124123,0.019053691998124123
1067,1067,0.008093076758086681,,,,,,,,,
1068,1068,,,0.5244750380516052,0.8205021619796753,0.48379120230674744,0.09280715882778168,0.0784546360373497,0.046085067093372345,0.018980756402015686,0.018980756402015686
1068,1068,0.008065315894782543,,,,,,,,,
1069,1069,,,0.5232356786727905,0.8196185231208801,0.48260173201560974,0.09267944097518921,0.07843875139951706,0.046087298542261124,0.018907854333519936,0.018907854333519936
1069,1069,0.008037573657929897,,,,,,,,,
1070,1070,,,0.5219957232475281,0.8187257647514343,0.48141226172447205,0.09255155920982361,0.07842034101486206,0.046088702976703644,0.018834974616765976,0.018834974616765976
1070,1070,0.008009839802980423,,,,,,,,,
1071,1071,,,0.5207553505897522,0.8178241848945618,0.48022302985191345,0.09242355823516846,0.0783991888165474,0.0460892990231514,0.018762132152915,0.018762132152915
1071,1071,0.007982117123901844,,,,,,,,,
1072,1072,,,0.5195146203041077,0.8169130682945251,0.4790341556072235,0.09229537844657898,0.0783754512667656,0.04608895629644394,0.018689323216676712,0.018689323216676712
1072,1072,0.007954410277307034,,,,,,,,,
1073,1073,,,0.5182737708091736,0.8159927129745483,0.47784581780433655,0.09216713160276413,0.07834897190332413,0.04608780890703201,0.018616564571857452,0.018616564571857452
1073,1073,0.007926722057163715,,,,,,,,,
1074,1074,,,0.5170327425003052,0.8150634169578552,0.4766579866409302,0.09203880280256271,0.07832002639770508,0.0460859090089798,0.01854386180639267,0.01854386180639267
1074,1074,0.007899048738181591,,,,,,,,,
1075,1075,,,0.5157913565635681,0.8141248822212219,0.4754703938961029,0.09191037714481354,0.07828842848539352,0.046083204448223114,0.01847120188176632,0.01847120188176632
1075,1075,0.007871381007134914,,,,,,,,,
1076,1076,,,0.514549970626831,0.8131768703460693,0.4742835760116577,0.09178175777196884,0.07825413346290588,0.04607968032360077,0.018398594111204147,0.018398594111204147
1076,1076,0.007843741215765476,,,,,,,,,
1077,1077,,,0.5133083462715149,0.8122192621231079,0.4730972647666931,0.09165298938751221,0.07821714133024216,0.046075239777565,0.01832602545619011,0.01832602545619011
1077,1077,0.007816119119524956,,,,,,,,,
1078,1078,,,0.5120668411254883,0.8112528920173645,0.47191157937049866,0.091524139046669,0.07817761600017548,0.0460699163377285,0.018253520131111145,0.018253520131111145
1078,1078,0.007788520772010088,,,,,,,,,
1079,1079,,,0.5108252763748169,0.8102769255638123,0.4707266092300415,0.09139522165060043,0.0781354233622551,0.04606377333402634,0.018181074410676956,0.018181074410676956
1079,1079,0.007760928012430668,,,,,,,,,
1080,1080,,,0.5095842480659485,0.8092910647392273,0.469542920589447,0.09126618504524231,0.07809066027402878,0.046056926250457764,0.018108710646629333,0.018108710646629333
1080,1080,0.0077333636581897736,,,,,,,,,
1081,1081,,,0.508342981338501,0.8082963228225708,0.4683596193790436,0.09113699197769165,0.07804333418607712,0.04604911804199219,0.018036387860774994,0.018036387860774994
1081,1081,0.007705817464739084,,,,,,,,,
1082,1082,,,0.5071020722389221,0.8072920441627502,0.4671773612499237,0.09100764244794846,0.07799345999956131,0.04604047164320946,0.017964139580726624,0.017964139580726624
1082,1082,0.007678295020014048,,,,,,,,,
1083,1083,,,0.505861222743988,0.806278645992279,0.46599581837654114,0.09087832272052765,0.07794108241796494,0.04603089019656181,0.017891954630613327,0.017891954630613327
1083,1083,0.007650795392692089,,,,,,,,,
1084,1084,,,0.5046209692955017,0.8052555918693542,0.4648157060146332,0.09074891358613968,0.077886201441288,0.04602064937353134,0.01781986840069294,0.01781986840069294
1084,1084,0.007623319048434496,,,,,,,,,
1085,1085,,,0.5033814311027527,0.8042226433753967,0.46363693475723267,0.09061931073665619,0.07782859355211258,0.04600957781076431,0.01774786040186882,0.01774786040186882
1085,1085,0.007595865987241268,,,,,,,,,
1086,1086,,,0.502142071723938,0.8031803965568542,0.4624590277671814,0.09048960357904434,0.07776837050914764,0.04599752649664879,0.017675917595624924,0.017675917595624924
1086,1086,0.007568442262709141,,,,,,,,,
1087,1087,,,0.5009031295776367,0.8021289706230164,0.4612821638584137,0.09035985171794891,0.07770562916994095,0.04598454758524895,0.017604053020477295,0.017604053020477295
1087,1087,0.007541037164628506,,,,,,,,,
1088,1088,,,0.4996650516986847,0.8010678291320801,0.4601069390773773,0.09023004025220871,0.07764047384262085,0.0459708608686924,0.017532292753458023,0.017532292753458023
1088,1088,0.007513666525483131,,,,,,,,,
1089,1089,,,0.49842768907546997,0.7999972105026245,0.4589330852031708,0.09010010212659836,0.07757297158241272,0.04595640301704407,0.017460627481341362,0.017460627481341362
1089,1089,0.007486317306756973,,,,,,,,,
1090,1090,,,0.4971909821033478,0.7989172339439392,0.4577605724334717,0.08997005224227905,0.07750314474105835,0.045941103249788284,0.017389051616191864,0.017389051616191864
1090,1090,0.007458996493369341,,,,,,,,,
1091,1091,,,0.49595513939857483,0.7978276014328003,0.45658960938453674,0.08983995020389557,0.07743073254823685,0.04592486843466759,0.017317570745944977,0.017317570745944977
1091,1091,0.007431705482304096,,,,,,,,,
1092,1092,,,0.4947202801704407,0.7967280745506287,0.4554203152656555,0.08970978856086731,0.0773555114865303,0.04590771347284317,0.017246190458536148,0.017246190458536148
1092,1092,0.00740444753319025,,,,,,,,,
1093,1093,,,0.4934861361980438,0.7956190705299377,0.4542523920536041,0.08957948535680771,0.07727785408496857,0.0458897203207016,0.017174897715449333,0.017174897715449333
1093,1093,0.007377222646027803,,,,,,,,,
1094,1094,,,0.49225327372550964,0.794500470161438,0.45308658480644226,0.0894491896033287,0.0771978348493576,0.045871008187532425,0.017103739082813263,0.017103739082813263
1094,1094,0.007350025232881308,,,,,,,,,
1095,1095,,,0.49102145433425903,0.7933726906776428,0.45192232728004456,0.08931878209114075,0.07711560279130936,0.04585152864456177,0.0170326866209507,0.0170326866209507
1095,1095,0.007322859950363636,,,,,,,,,
1096,1096,,,0.4897906184196472,0.7922355532646179,0.45075973868370056,0.0891883596777916,0.07703090459108353,0.04583112150430679,0.01696174032986164,0.01696174032986164
1096,1096,0.0072957309894263744,,,,,,,,,
1097,1097,,,0.4885609745979309,0.7910884022712708,0.44959908723831177,0.08905787765979767,0.07694387435913086,0.045809898525476456,0.016890907660126686,0.016890907660126686
1097,1097,0.007268629968166351,,,,,,,,,
1098,1098,,,0.48733261227607727,0.7899314165115356,0.44844046235084534,0.088927261531353,0.07685431838035583,0.04578786715865135,0.016820192337036133,0.016820192337036133
1098,1098,0.007241571322083473,,,,,,,,,
1099,1099,,0.007214548531919718,,,,,,,,
1099,1099,,,0.4861055016517639,0.7887653708457947,0.4472835958003998,0.08879654109477997,0.0767623633146286,0.045764803886413574,0.016749585047364235,0.016749585047364235
1099,1099,0.007214548531919718,,,,,,,,,
1100,1100,,,0.48488035798072815,0.787588894367218,0.44612938165664673,0.0886659100651741,0.07666818052530289,0.045741211622953415,0.01667913794517517,0.01667913794517517
1100,1100,0.007187560200691223,,,,,,,,,
1101,1101,,,0.483656644821167,0.7864031791687012,0.4449772238731384,0.08853533118963242,0.07657171785831451,0.04571681469678879,0.01660882867872715,0.01660882867872715
1101,1101,0.007160608656704426,,,,,,,,,
1102,1102,,,0.48243439197540283,0.7852082252502441,0.44382724165916443,0.08840467035770416,0.0764729231595993,0.045691560953855515,0.016538646072149277,0.016538646072149277
1102,1102,0.0071336980909109116,,,,,,,,,
1103,1103,,,0.48121342062950134,0.7840040326118469,0.442679226398468,0.0882737934589386,0.07637197524309158,0.045665428042411804,0.016468575224280357,0.016468575224280357
1103,1103,0.007106829434633255,,,,,,,,,
1104,1104,,,0.47999438643455505,0.7827900648117065,0.44153374433517456,0.08814293891191483,0.07626856118440628,0.045638557523489,0.016398657113313675,0.016398657113313675
1104,1104,0.0070799970999360085,,,,,,,,,
1105,1105,,,0.478777140378952,0.7815661430358887,0.44039058685302734,0.0880122259259224,0.0761629194021225,0.0456109419465065,0.016328886151313782,0.016328886151313782
1105,1105,0.007053209934383631,,,,,,,,,
1106,1106,,,0.4775618016719818,0.7803326845169067,0.4392499625682831,0.08788153529167175,0.07605484873056412,0.04558256268501282,0.016259266063570976,0.016259266063570976
1106,1106,0.007026461884379387,,,,,,,,,
1107,1107,,,0.4763481914997101,0.7790893912315369,0.4381117820739746,0.08775074034929276,0.07594455778598785,0.045553479343652725,0.016189783811569214,0.016189783811569214
1107,1107,0.0069997599348425865,,,,,,,,,
1108,1108,,,0.4751364290714264,0.7778371572494507,0.4369760751724243,0.08761975914239883,0.07583210617303848,0.04552348703145981,0.016120441257953644,0.016120441257953644
1108,1108,0.006973095238208771,,,,,,,,,
1109,1109,,,0.4739269018173218,0.7765752673149109,0.4358431398868561,0.08748890459537506,0.07571763545274734,0.045492686331272125,0.016051266342401505,0.016051266342401505
1109,1109,0.006946485955268145,,,,,,,,,
1110,1110,,,0.4727199971675873,0.7753039002418518,0.4347133934497833,0.08735817670822144,0.07560119777917862,0.04546130821108818,0.015982285141944885,0.015982285141944885
1110,1110,0.006919915322214365,,,,,,,,,
1111,1111,,,0.47151505947113037,0.77402263879776,0.4335862100124359,0.08722744882106781,0.07548265904188156,0.04542924836277962,0.015913456678390503,0.015913456678390503
1111,1111,0.006893395911902189,,,,,,,,,
1112,1112,,,0.4703119695186615,0.772732138633728,0.43246152997016907,0.08709657937288284,0.07536162436008453,0.04539627954363823,0.015844762325286865,0.015844762325286865
1112,1112,0.006866923999041319,,,,,,,,,
1113,1113,,,0.4691106975078583,0.7714325189590454,0.4313391149044037,0.08696568757295609,0.075238436460495,0.0453624501824379,0.01577620767056942,0.01577620767056942
1113,1113,0.0068404958583414555,,,,,,,,,
1114,1114,,,0.46791258454322815,0.7701231241226196,0.4302203953266144,0.08683498948812485,0.07511310279369354,0.04532814398407936,0.015707870945334435,0.015707870945334435
1114,1114,0.006814117543399334,,,,,,,,,
1115,1115,,,0.466717392206192,0.7688038945198059,0.4291052222251892,0.08670437335968018,0.07498572766780853,0.0452931746840477,0.015639731660485268,0.015639731660485268
1115,1115,0.006787797436118126,,,,,,,,,
1116,1116,,,0.4655245840549469,0.7674754858016968,0.4279930889606476,0.08657371252775192,0.0748564749956131,0.04525745287537575,0.015571764670312405,0.015571764670312405
1116,1116,0.006761519238352776,,,,,,,,,
1117,1117,,,0.46433374285697937,0.7661381363868713,0.4268832802772522,0.08644299954175949,0.0747251808643341,0.04522089660167694,0.015503940172493458,0.015503940172493458
1117,1117,0.006735301576554775,,,,,,,,,
1118,1118,,,0.4631456434726715,0.7647915482521057,0.42577674984931946,0.08631240576505661,0.0745919719338417,0.04518372565507889,0.01543631125241518,0.01543631125241518
1118,1118,0.006709126755595207,,,,,,,,,
1119,1119,,,0.4619605243206024,0.7634354829788208,0.424673467874527,0.08618195354938507,0.07445694506168365,0.045145969837903976,0.015368882566690445,0.015368882566690445
1119,1119,0.006683014333248138,,,,,,,,,
1120,1120,,,0.4607783257961273,0.7620694637298584,0.4235738515853882,0.08605154603719711,0.07431972026824951,0.04510762169957161,0.015301650390028954,0.015301650390028954
1120,1120,0.006656958255916834,,,,,,,,,
1121,1121,,,0.4595991373062134,0.7606937885284424,0.42247769236564636,0.08592115342617035,0.07418034225702286,0.04506848752498627,0.015234604477882385,0.015234604477882385
1121,1121,0.006630947347730398,,,,,,,,,
1122,1122,,,0.45842286944389343,0.7593088150024414,0.4213850200176239,0.08579082041978836,0.07403907179832458,0.045028768479824066,0.015167756006121635,0.015167756006121635
1122,1122,0.006604998372495174,,,,,,,,,
1123,1123,,,0.45724937319755554,0.7579152584075928,0.420295387506485,0.08566063642501831,0.07389598339796066,0.04498840495944023,0.015101103112101555,0.015101103112101555
1123,1123,0.006579108070582151,,,,,,,,,
1124,1124,,,0.4560787081718445,0.7565130591392517,0.4192088842391968,0.08553048223257065,0.07375109940767288,0.04494733363389969,0.015034638345241547,0.015034638345241547
1124,1124,0.006553275045007467,,,,,,,,,
1125,1125,,,0.454911470413208,0.755101203918457,0.4181264340877533,0.08540042489767075,0.07360432296991348,0.04490572586655617,0.014968391507863998,0.014968391507863998
1125,1125,0.006527506746351719,,,,,,,,,
1126,1126,,,0.45374795794487,0.7536799311637878,0.4170481562614441,0.08527053147554398,0.07345570623874664,0.04486364126205444,0.014902381226420403,0.014902381226420403
1126,1126,0.006501785945147276,,,,,,,,,
1127,1127,,,0.4525877833366394,0.752249538898468,0.41597360372543335,0.08514075726270676,0.07330522686243057,0.04482092335820198,0.014836583286523819,0.014836583286523819
1127,1127,0.006476135458797216,,,,,,,,,
1128,1128,,,0.451430082321167,0.7508108019828796,0.41490164399147034,0.0850110575556755,0.07315310090780258,0.04477747157216072,0.01477095577865839,0.01477095577865839
1128,1128,0.006450547371059656,,,,,,,,,
1129,1129,,,0.4502759873867035,0.7493627071380615,0.41383376717567444,0.08488141000270844,0.0729992613196373,0.04473349452018738,0.014705550856888294,0.014705550856888294
1129,1129,0.006425016559660435,,,,,,,,,
1130,1130,,,0.44912588596343994,0.747904896736145,0.41277027130126953,0.0847519263625145,0.07284359633922577,0.044689081609249115,0.014640389010310173,0.014640389010310173
1130,1130,0.006399550009518862,,,,,,,,,
1131,1131,,,0.44797924160957336,0.746438205242157,0.41171056032180786,0.08462266623973846,0.07268606126308441,0.04464416950941086,0.014575449749827385,0.014575449749827385
1131,1131,0.006374148651957512,,,,,,,,,
1132,1132,,,0.44683638215065,0.7449624538421631,0.41065487265586853,0.08449354022741318,0.07252678275108337,0.04459870979189873,0.014510738663375378,0.014510738663375378
1132,1132,0.006348810158669949,,,,,,,,,
1133,1133,,,0.44569671154022217,0.7434783577919006,0.40960264205932617,0.08436449617147446,0.0723659098148346,0.04455260559916496,0.014446232467889786,0.014446232467889786
1133,1133,0.006323539186269045,,,,,,,,,
1134,1134,,,0.44456079602241516,0.741985559463501,0.40855440497398376,0.08423559367656708,0.0722033903002739,0.04450603574514389,0.014381958171725273,0.014381958171725273
1134,1134,0.006298333406448364,,,,,,,,,
1135,1135,,,0.4434288740158081,0.7404839396476746,0.4075104594230652,0.08410687744617462,0.07203947752714157,0.04445898160338402,0.01431792601943016,0.01431792601943016
1135,1135,0.006273197941482067,,,,,,,,,
1136,1136,,,0.4423012435436249,0.7389730215072632,0.4064711332321167,0.08397830277681351,0.07187394052743912,0.04441159591078758,0.014254149049520493,0.014254149049520493
1136,1136,0.006248122081160545,,,,,,,,,
1137,1137,,,0.44117748737335205,0.7374535799026489,0.40543580055236816,0.0838499665260315,0.07170690596103668,0.04436362907290459,0.014190607704222202,0.014190607704222202
1137,1137,0.006223120726644993,,,,,,,,,
1138,1138,,,0.44005757570266724,0.735925555229187,0.40440449118614197,0.08372172713279724,0.07153819501399994,0.04431513696908951,0.014127291738986969,0.014127291738986969
1138,1138,0.0061981878243386745,,,,,,,,,
1139,1139,,,0.4389413595199585,0.7343886494636536,0.4033770263195038,0.08359365165233612,0.07136774063110352,0.044266242533922195,0.014064201153814793,0.014064201153814793
1139,1139,0.006173328496515751,,,,,,,,,
1140,1140,,,0.43782946467399597,0.7328431606292725,0.4023539423942566,0.08346585184335709,0.07119593024253845,0.04421701282262802,0.01400136947631836,0.01400136947631836
1140,1140,0.006148537155240774,,,,,,,,,
1141,1141,,,0.43672215938568115,0.7312885522842407,0.40133577585220337,0.08333826810121536,0.07102268189191818,0.044167425483465195,0.013938806019723415,0.013938806019723415
1141,1141,0.00612381286919117,,,,,,,,,
1142,1142,,,0.4356188476085663,0.7297260165214539,0.40032169222831726,0.08321087062358856,0.07084804773330688,0.044117316603660583,0.013876480050384998,0.013876480050384998
1142,1142,0.0060991644859313965,,,,,,,,,
1143,1143,,,0.4345197379589081,0.7281551957130432,0.3993118703365326,0.0830836370587349,0.0706719309091568,0.044066764414310455,0.013814397156238556,0.013814397156238556
1143,1143,0.006074587348848581,,,,,,,,,
1144,1144,,,0.43342533707618713,0.7265758514404297,0.39830681681632996,0.08295661211013794,0.07049448043107986,0.04401595517992973,0.013752587139606476,0.013752587139606476
1144,1144,0.00605008564889431,,,,,,,,,
1145,1145,,,0.43233534693717957,0.7249884009361267,0.39730608463287354,0.08282984793186188,0.07031557708978653,0.04396473243832588,0.013691030442714691,0.013691030442714691
1145,1145,0.006025656126439571,,,,,,,,,
1146,1146,,,0.43124979734420776,0.7233923673629761,0.39630982279777527,0.0827033594250679,0.07013550400733948,0.04391324520111084,0.013629734516143799,0.013629734516143799
1146,1146,0.006001302506774664,,,,,,,,,
1147,1147,,,0.43016889691352844,0.7217877507209778,0.39531826972961426,0.08257709443569183,0.06995408982038498,0.043861523270606995,0.013568704947829247,0.013568704947829247
1147,1147,0.005977024789899588,,,,,,,,,
1148,1148,,,0.4290924668312073,0.7201751470565796,0.39433130621910095,0.0824509784579277,0.06977133452892303,0.043809372931718826,0.013507930561900139,0.013507930561900139
1148,1148,0.005952820647507906,,,,,,,,,
1149,1149,,0.005928694736212492,,,,,,,,
1149,1149,,,0.4280203580856323,0.7185544967651367,0.3933486044406891,0.0823250487446785,0.06958720833063126,0.04375675693154335,0.013447398319840431,0.013447398319840431
1149,1149,0.005928694736212492,,,,,,,,,
1150,1150,,,0.42695295810699463,0.716925859451294,0.39237046241760254,0.08219949156045914,0.0694020614027977,0.0437038317322731,0.013387138955295086,0.013387138955295086
1150,1150,0.00590464286506176,,,,,,,,,
1151,1151,,,0.4258909821510315,0.7152882218360901,0.3913975954055786,0.08207425475120544,0.06921552866697311,0.043650899082422256,0.013327175751328468,0.013327175751328468
1151,1151,0.005880672484636307,,,,,,,,,
1152,1152,,,0.4248335659503937,0.713642954826355,0.39042922854423523,0.0819491297006607,0.0690278634428978,0.04359767213463783,0.01326746866106987,0.01326746866106987
1152,1152,0.00585677707567811,,,,,,,,,
1153,1153,,,0.4237809181213379,0.7119900584220886,0.38946545124053955,0.08182425796985626,0.06883912533521652,0.04354406148195267,0.013208026066422462,0.013208026066422462
1153,1153,0.0058329603634774685,,,,,,,,,
1154,1154,,,0.4227328896522522,0.7103297114372253,0.38850611448287964,0.08169972151517868,0.06864942610263824,0.04349014163017273,0.013148851692676544,0.013148851692676544
1154,1154,0.005809228867292404,,,,,,,,,
1155,1155,,,0.4216899573802948,0.7086611986160278,0.3875516951084137,0.08157552033662796,0.06845863908529282,0.04343597963452339,0.01308995671570301,0.01308995671570301
1155,1155,0.0057855709455907345,,,,,,,,,
1156,1156,,,0.4206526279449463,0.7069841623306274,0.38660281896591187,0.08145156502723694,0.06826672703027725,0.0433819405734539,0.013031366281211376,0.013031366281211376
1156,1156,0.005761995445936918,,,,,,,,,
1157,1157,,,0.41962021589279175,0.7052993774414062,0.3856586515903473,0.08132786303758621,0.06807369738817215,0.04332762956619263,0.012973046861588955,0.012973046861588955
1157,1157,0.0057384963147342205,,,,,,,,,
1158,1158,,,0.4185923933982849,0.7036078572273254,0.38471853733062744,0.08120442926883698,0.06787950545549393,0.043272875249385834,0.012914976105093956,0.012914976105093956
1158,1158,0.005715083796530962,,,,,,,,,
1159,1159,,,0.417569637298584,0.7019089460372925,0.3837831914424896,0.0810813307762146,0.06768438220024109,0.043217893689870834,0.012857183814048767,0.012857183814048767
1159,1159,0.0056917485781013966,,,,,,,,,
1160,1160,,,0.41655269265174866,0.7002013921737671,0.38285359740257263,0.08095845580101013,0.06748827546834946,0.043162934482097626,0.012799696996808052,0.012799696996808052
1160,1160,0.005668494384735823,,,,,,,,,
1161,1161,,,0.4155406951904297,0.6984866857528687,0.38192859292030334,0.08083593100309372,0.06729155033826828,0.04310787469148636,0.012742490507662296,0.012742490507662296
1161,1161,0.005645322613418102,,,,,,,,,
1162,1162,,,0.41453394293785095,0.6967646479606628,0.38100847601890564,0.08071379363536835,0.06709381937980652,0.04305267706513405,0.012685569934546947,0.012685569934546947
1162,1162,0.005622236989438534,,,,,,,,,
1163,1163,,,0.4135322570800781,0.6950355768203735,0.380092978477478,0.0805918499827385,0.06689533591270447,0.04299728199839592,0.012628918513655663,0.012628918513655663
1163,1163,0.005599232856184244,,,,,,,,,
1164,1164,,,0.41253602504730225,0.6932991147041321,0.37918245792388916,0.08047021925449371,0.06669602543115616,0.04294181242585182,0.012572557665407658,0.012572557665407658
1164,1164,0.005576312076300383,,,,,,,,,
1165,1165,,,0.41154515743255615,0.6915551424026489,0.3782768249511719,0.08034885674715042,0.06649576127529144,0.042886070907115936,0.012516469694674015,0.012516469694674015
1165,1165,0.005553472321480513,,,,,,,,,
1166,1166,,,0.41056028008461,0.6898036599159241,0.37737685441970825,0.08022791147232056,0.06629457324743271,0.04283040389418602,0.012460703030228615,0.012460703030228615
1166,1166,0.005530716385692358,,,,,,,,,
1167,1167,,,0.4095805585384369,0.6880452036857605,0.3764816224575043,0.08010724186897278,0.066092848777771,0.04277470335364342,0.01240521389991045,0.01240521389991045
1167,1167,0.005508045665919781,,,,,,,,,
1168,1168,,,0.4086058735847473,0.6862803101539612,0.37559086084365845,0.07998686283826828,0.06589055061340332,0.042718905955553055,0.012349997647106647,0.012349997647106647
1168,1168,0.00548546202480793,,,,,,,,,
1169,1169,,,0.40763649344444275,0.6845088005065918,0.3747047483921051,0.07986681908369064,0.0656876489520073,0.042663004249334335,0.012295061722397804,0.012295061722397804
1169,1169,0.005462957546114922,,,,,,,,,
1170,1170,,,0.4066733717918396,0.6827297806739807,0.37382441759109497,0.07974714040756226,0.06548378616571426,0.04260716587305069,0.012240445241332054,0.012240445241332054
1170,1170,0.00544054014608264,,,,,,,,,
1171,1171,,,0.4057159125804901,0.6809439659118652,0.37294915318489075,0.07962773740291595,0.06527935713529587,0.042551204562187195,0.012186117470264435,0.012186117470264435
1171,1171,0.005418209824711084,,,,,,,,,
1172,1172,,,0.4047638475894928,0.679151177406311,0.3720787763595581,0.0795086920261383,0.0650743693113327,0.04249521344900131,0.012132076546549797,0.012132076546549797
1172,1172,0.005395960062742233,,,,,,,,,
1173,1173,,,0.40381723642349243,0.6773519515991211,0.37121307849884033,0.07938995957374573,0.06486870348453522,0.04243921488523483,0.012078316882252693,0.012078316882252693
1173,1173,0.005373795051127672,,,,,,,,,
1174,1174,,,0.40287601947784424,0.6755464673042297,0.3703520894050598,0.07927165180444717,0.06466275453567505,0.042383305728435516,0.012024849653244019,0.012024849653244019
1174,1174,0.005351718049496412,,,,,,,,,
1175,1175,,,0.4019407033920288,0.673733651638031,0.3694964051246643,0.07915354520082474,0.06445619463920593,0.04232735186815262,0.0119716702029109,0.0119716702029109
1175,1175,0.00532973138615489,,,,,,,,,
1176,1176,,,0.4010111093521118,0.6719145178794861,0.3686457872390747,0.07903578132390976,0.06424925476312637,0.04227147623896599,0.011918789707124233,0.011918789707124233
1176,1176,0.005307819228619337,,,,,,,,,
1177,1177,,,0.40008753538131714,0.6700887680053711,0.36780041456222534,0.07891843467950821,0.06404165178537369,0.04221561923623085,0.011866211891174316,0.011866211891174316
1177,1177,0.005286003928631544,,,,,,,,,
1178,1178,,,0.39916926622390747,0.6682574152946472,0.3669593930244446,0.07880138605833054,0.0638338029384613,0.042159732431173325,0.011813908815383911,0.011813908815383911
1178,1178,0.005264266859740019,,,,,,,,,
1179,1179,,,0.3982565999031067,0.6664198637008667,0.36612334847450256,0.07868457585573196,0.06362563371658325,0.04210386425256729,0.011761890724301338,0.011761890724301338
1179,1179,0.00524261686950922,,,,,,,,,
1180,1180,,,0.39734965562820435,0.6645758152008057,0.3652922809123993,0.07856813073158264,0.06341716647148132,0.04204816743731499,0.011710167862474918,0.011710167862474918
1180,1180,0.005221053492277861,,,,,,,,,
1181,1181,,,0.3964489996433258,0.6627253293991089,0.3644666075706482,0.07845207303762436,0.06320830434560776,0.041992608457803726,0.01165875606238842,0.01165875606238842
1181,1181,0.005199572537094355,,,,,,,,,
1182,1182,,,0.3955538868904114,0.6608689427375793,0.3636455535888672,0.07833641022443771,0.06299901008605957,0.04193704202771187,0.011607627384364605,0.011607627384364605
1182,1182,0.005178181454539299,,,,,,,,,
1183,1183,,,0.3946642279624939,0.6590072512626648,0.3628290593624115,0.07822088152170181,0.06278952211141586,0.04188144952058792,0.011556768789887428,0.011556768789887428
1183,1183,0.005156874191015959,,,,,,,,,
1184,1184,,,0.3937804102897644,0.6571393609046936,0.3620174825191498,0.07810573279857635,0.06257990002632141,0.0418260283768177,0.011506203562021255,0.011506203562021255
1184,1184,0.005135655403137207,,,,,,,,,
1185,1185,,,0.3929024338722229,0.6552653908729553,0.3612109124660492,0.07799098640680313,0.06237005442380905,0.04177089408040047,0.011455940082669258,0.011455940082669258
1185,1185,0.005114520434290171,,,,,,,,,
1186,1186,,,0.3920305073261261,0.6533856987953186,0.3604094088077545,0.07787665724754333,0.062159884721040726,0.041715871542692184,0.011405975557863712,0.011405975557863712
1186,1186,0.005093467887490988,,,,,,,,,
1187,1187,,,0.3911641836166382,0.6515007615089417,0.35961252450942993,0.07776248455047607,0.06194974482059479,0.041660815477371216,0.011356285773217678,0.011356285773217678
1187,1187,0.005072503816336393,,,,,,,,,
1188,1188,,,0.390303373336792,0.6496106386184692,0.3588201105594635,0.07764862477779388,0.06173931062221527,0.041605785489082336,0.01130686979740858,0.01130686979740858
1188,1188,0.005051623564213514,,,,,,,,,
1189,1189,,,0.38944879174232483,0.647714376449585,0.35803282260894775,0.07753516733646393,0.0615287721157074,0.04155105724930763,0.011257758364081383,0.011257758364081383
1189,1189,0.0050308313220739365,,,,,,,,,
1190,1190,,,0.38859987258911133,0.6458125710487366,0.3572501838207245,0.07742206752300262,0.061318401247262955,0.041496552526950836,0.011208932846784592,0.011208932846784592
1190,1190,0.0050101205706596375,,,,,,,,,
1191,1191,,,0.3877565860748291,0.643905520439148,0.3564721941947937,0.07730919867753983,0.061108075082302094,0.04144216701388359,0.011160386726260185,0.011160386726260185
1191,1191,0.004989494103938341,,,,,,,,,
1192,1192,,,0.3869188725948334,0.6419934630393982,0.3556986451148987,0.07719669491052628,0.06089780852198601,0.04138798266649246,0.011112120002508163,0.011112120002508163
1192,1192,0.004968954715877771,,,,,,,,,
1193,1193,,,0.386087030172348,0.6400761604309082,0.35492974519729614,0.07708441466093063,0.06068748980760574,0.04133380949497223,0.011064128950238228,0.011064128950238228
1193,1193,0.0049484954215586185,,,,,,,,,
1194,1194,,,0.38526126742362976,0.6381534337997437,0.3541657626628876,0.07697247713804245,0.06047705560922623,0.0412798635661602,0.011016431264579296,0.011016431264579296
1194,1194,0.004928126465529203,,,,,,,,,
1195,1195,,,0.38444116711616516,0.6362257599830627,0.35340625047683716,0.07686088234186172,0.0602666400372982,0.041226085275411606,0.010969012975692749,0.010969012975692749
1195,1195,0.0049078380689024925,,,,,,,,,
1196,1196,,,0.38362690806388855,0.6342934370040894,0.35265135765075684,0.07674957811832428,0.06005632504820824,0.04117260128259659,0.010921880602836609,0.010921880602836609
1196,1196,0.004887634422630072,,,,,,,,,
1197,1197,,,0.382817804813385,0.6323567628860474,0.35190048813819885,0.07663851976394653,0.059846341609954834,0.04111922159790993,0.010875006206333637,0.010875006206333637
1197,1197,0.004867518320679665,,,,,,,,,
1198,1198,,,0.38201460242271423,0.6304150819778442,0.3511542081832886,0.07652784883975983,0.05963658168911934,0.04106611758470535,0.010828420519828796,0.010828420519828796
1198,1198,0.004847477190196514,,,,,,,,,
1199,1199,,0.004827525001019239,,,,,,,,
1199,1199,,,0.38121727108955383,0.6284686923027039,0.3504124581813812,0.07641755789518356,0.059427130967378616,0.04101325199007988,0.010782120749354362,0.010782120749354362
1199,1199,0.004827525001019239,,,,,,,,,
1200,1200,,,0.38042575120925903,0.6265174150466919,0.34967514872550964,0.07630737125873566,0.05921769514679909,0.040960490703582764,0.01073608361184597,0.01073608361184597
1200,1200,0.004807658959180117,,,,,,,,,
1201,1201,,,0.37963995337486267,0.6245613694190979,0.3489423990249634,0.07619743794202805,0.0590086430311203,0.04090801253914833,0.010690324939787388,0.010690324939787388
1201,1201,0.00478786788880825,,,,,,,,,
1202,1202,,,0.3788594603538513,0.6226015090942383,0.34821370244026184,0.07608796656131744,0.058799635618925095,0.040855713188648224,0.01064483541995287,0.01064483541995287
1202,1202,0.004768165294080973,,,,,,,,,
1203,1203,,,0.37808406352996826,0.6206376552581787,0.3474889397621155,0.07597876340150833,0.05859098955988884,0.040803615003824234,0.01059960387647152,0.01059960387647152
1203,1203,0.004748536739498377,,,,,,,,,
1204,1204,,,0.37731438875198364,0.6186695694923401,0.34676843881607056,0.07586979866027832,0.058382920920848846,0.040751878172159195,0.010554647073149681,0.010554647073149681
1204,1204,0.004728997126221657,,,,,,,,,
1205,1205,,,0.3765507638454437,0.616696834564209,0.3460526466369629,0.07576096802949905,0.058175403624773026,0.040700383484363556,0.010509965941309929,0.010509965941309929
1205,1205,0.0047095343470573425,,,,,,,,,
1206,1206,,,0.37579283118247986,0.6147202253341675,0.34534114599227905,0.07565239071846008,0.05796796828508377,0.04064907133579254,0.01046555396169424,0.01046555396169424
1206,1206,0.004690154921263456,,,,,,,,,
1207,1207,,,0.37503984570503235,0.6127400398254395,0.3446333408355713,0.07554417848587036,0.05776088684797287,0.04059785604476929,0.01042139157652855,0.01042139157652855
1207,1207,0.004670851863920689,,,,,,,,,
1208,1208,,,0.374292254447937,0.610755980014801,0.343929648399353,0.07543621957302094,0.057554177939891815,0.04054693505167961,0.010377492755651474,0.010377492755651474
1208,1208,0.004651634022593498,,,,,,,,,
1209,1209,,,0.37355032563209534,0.6087676286697388,0.3432302474975586,0.07532848417758942,0.05734792351722717,0.04049639776349068,0.010333863086998463,0.010333863086998463
1209,1209,0.00463249534368515,,,,,,,,,
1210,1210,,,0.37281349301338196,0.6067761182785034,0.34253454208374023,0.07522092759609222,0.057142503559589386,0.04044617339968681,0.010290484875440598,0.010290484875440598
1210,1210,0.0046134344302117825,,,,,,,,,
1211,1211,,,0.3720819056034088,0.6047813296318054,0.3418426513671875,0.07511364668607712,0.056937579065561295,0.04039612039923668,0.010247360914945602,0.010247360914945602
1211,1211,0.0045944517478346825,,,,,,,,,
1212,1212,,,0.3713556230068207,0.6027828454971313,0.34115466475486755,0.07500661909580231,0.05673297494649887,0.040346190333366394,0.010204488411545753,0.010204488411545753
1212,1212,0.004575549624860287,,,,,,,,,
1213,1213,,,0.3706352412700653,0.6007803082466125,0.3404712975025177,0.0748998373746872,0.056528788059949875,0.04029662162065506,0.010161890648305416,0.010161890648305416
1213,1213,0.004556726664304733,,,,,,,,,
1214,1214,,,0.36991986632347107,0.5987744331359863,0.3397914469242096,0.07479320466518402,0.05632534995675087,0.04024726152420044,0.01011953316628933,0.01011953316628933
1214,1214,0.004537976812571287,,,,,,,,,
1215,1215,,,0.369209349155426,0.5967657566070557,0.33911508321762085,0.07468681037425995,0.05612267181277275,0.04019828140735626,0.010077420622110367,0.010077420622110367
1215,1215,0.004519311245530844,,,,,,,,,
1216,1216,,,0.3685038387775421,0.5947539210319519,0.33844220638275146,0.07458078116178513,0.055920690298080444,0.040149662643671036,0.0100355613976717,0.0100355613976717
1216,1216,0.004500717390328646,,,,,,,,,
1217,1217,,,0.36780354380607605,0.5927391648292542,0.33777323365211487,0.07447482645511627,0.05571945384144783,0.04010123759508133,0.009993946179747581,0.009993946179747581
1217,1217,0.004482203163206577,,,,,,,,,
1218,1218,,,0.3671085238456726,0.5907210111618042,0.33710816502571106,0.07436902076005936,0.05551866814494133,0.04005298390984535,0.009952574037015438,0.009952574037015438
1218,1218,0.0044637639075517654,,,,,,,,,
1219,1219,,,0.3664186894893646,0.5887002944946289,0.3364466428756714,0.0742635652422905,0.055318381637334824,0.040005072951316833,0.00991145707666874,0.00991145707666874
1219,1219,0.004445400554686785,,,,,,,,,
1220,1220,,,0.36573362350463867,0.586676836013794,0.33578845858573914,0.07415830343961716,0.05511893704533577,0.039957400411367416,0.009870573878288269,0.009870573878288269
1220,1220,0.004427113104611635,,,,,,,,,
1221,1221,,,0.3650537133216858,0.5846508145332336,0.3351341187953949,0.07405304908752441,0.054920341819524765,0.03991001844406128,0.00982993096113205,0.00982993096113205
1221,1221,0.004408900160342455,,,,,,,,,
1222,1222,,,0.36437803506851196,0.5826225876808167,0.33448246121406555,0.07394807785749435,0.05472264438867569,0.039863016456365585,0.009789513424038887,0.009789513424038887
1222,1222,0.004390764981508255,,,,,,,,,
1223,1223,,,0.36370664834976196,0.5805920362472534,0.333833783864975,0.07384341210126877,0.054525554180145264,0.03981626033782959,0.009749317541718483,0.009749317541718483
1223,1223,0.004372698254883289,,,,,,,,,
1224,1224,,,0.36304110288619995,0.5785582661628723,0.33318936824798584,0.07373877614736557,0.05432921275496483,0.03976975381374359,0.009709376841783524,0.009709376841783524
1224,1224,0.004354707896709442,,,,,,,,,
1225,1225,,,0.3623802661895752,0.5765223503112793,0.33254823088645935,0.0736343041062355,0.05413353070616722,0.039723459631204605,0.00966966338455677,0.00966966338455677
1225,1225,0.004336795769631863,,,,,,,,,
1226,1226,,,0.36172378063201904,0.5744845271110535,0.3319098651409149,0.07353002578020096,0.05393899232149124,0.03967742621898651,0.009630170650780201,0.009630170650780201
1226,1226,0.004318946041166782,,,,,,,,,
1227,1227,,,0.3610720634460449,0.5724442005157471,0.3312748670578003,0.07342591881752014,0.053745366632938385,0.03963183984160423,0.009590912610292435,0.009590912610292435
1227,1227,0.004301175940781832,,,,,,,,,
1228,1228,,,0.3604242205619812,0.5704022645950317,0.3306424915790558,0.0733218789100647,0.053552500903606415,0.039586473256349564,0.00955185480415821,0.00955185480415821
1228,1228,0.004283475689589977,,,,,,,,,
1229,1229,,,0.35978102684020996,0.568358302116394,0.33001309633255005,0.07321806252002716,0.053360793739557266,0.03954146429896355,0.009513026103377342,0.009513026103377342
1229,1229,0.004265846684575081,,,,,,,,,
1230,1230,,,0.3591423034667969,0.5663126707077026,0.3293866813182831,0.07311448454856873,0.05316975712776184,0.03949669003486633,0.009474419988691807,0.009474419988691807
1230,1230,0.0042482889257371426,,,,,,,,,
1231,1231,,,0.35850831866264343,0.5642651319503784,0.328763484954834,0.07301092892885208,0.052979618310928345,0.039452143013477325,0.009436034597456455,0.009436034597456455
1231,1231,0.004230804275721312,,,,,,,,,
1232,1232,,,0.3578789532184601,0.5622158646583557,0.32814347743988037,0.07290738821029663,0.05279046669602394,0.039407845586538315,0.009397866204380989,0.009397866204380989
1232,1232,0.0042133876122534275,,,,,,,,,
1233,1233,,,0.35725370049476624,0.5601649284362793,0.3275262415409088,0.07280401885509491,0.05260218679904938,0.039363861083984375,0.00935991108417511,0.00935991108417511
1233,1233,0.004196041263639927,,,,,,,,,
1234,1234,,,0.35663196444511414,0.5581133365631104,0.32691097259521484,0.07270096987485886,0.05241489037871361,0.03932030126452446,0.009322158060967922,0.009322158060967922
1234,1234,0.004178760107606649,,,,,,,,,
1235,1235,,,0.356014221906662,0.5560604333877563,0.3262982666492462,0.07259806245565414,0.052228763699531555,0.03927702084183693,0.009284608997404575,0.009284608997404575
1235,1235,0.004161555785685778,,,,,,,,,
1236,1236,,,0.3554012179374695,0.5540056228637695,0.32568877935409546,0.07249493896961212,0.05204363912343979,0.03923385590314865,0.009247265756130219,0.009247265756130219
1236,1236,0.004144417587667704,,,,,,,,,
1237,1237,,,0.35479244589805603,0.551949679851532,0.32508203387260437,0.07239207625389099,0.05185950547456741,0.039191052317619324,0.009210141375660896,0.009210141375660896
1237,1237,0.0041273427195847034,,,,,,,,,
1238,1238,,,0.35418739914894104,0.5498925447463989,0.32447749376296997,0.07228950411081314,0.051676273345947266,0.03914862871170044,0.009173219092190266,0.009173219092190266
1238,1238,0.004110339563339949,,,,,,,,,
1239,1239,,,0.35358601808547974,0.5478347539901733,0.3238753378391266,0.07218684256076813,0.05149410292506218,0.03910632058978081,0.00913647934794426,0.00913647934794426
1239,1239,0.004093404393643141,,,,,,,,,
1240,1240,,,0.35298845171928406,0.5457760095596313,0.32327553629875183,0.0720842257142067,0.05131305754184723,0.03906426578760147,0.009099933318793774,0.009099933318793774
1240,1240,0.004076534416526556,,,,,,,,,
1241,1241,,,0.35239458084106445,0.543716311454773,0.3226778209209442,0.07198183983564377,0.051133185625076294,0.03902270272374153,0.00906358752399683,0.00906358752399683
1241,1241,0.0040597328916192055,,,,,,,,,
1242,1242,,,0.35180455446243286,0.5416557788848877,0.3220825791358948,0.07187945395708084,0.05095445364713669,0.03898137807846069,0.009027434512972832,0.009027434512972832
1242,1242,0.004042991902679205,,,,,,,,,
1243,1243,,,0.35121822357177734,0.5395950078964233,0.3214896023273468,0.07177727669477463,0.050776731222867966,0.03894023969769478,0.008991478011012077,0.008991478011012077
1243,1243,0.0040263221599161625,,,,,,,,,
1244,1244,,,0.3506355881690979,0.5375334024429321,0.32089903950691223,0.07167507708072662,0.05059993639588356,0.03889928758144379,0.008955707773566246,0.008955707773566246
1244,1244,0.004009714350104332,,,,,,,,,
1245,1245,,,0.3500567376613617,0.5354710221290588,0.32031065225601196,0.07157296687364578,0.05042427033185959,0.038858745247125626,0.00892013031989336,0.00892013031989336
1245,1245,0.003993173595517874,,,,,,,,,
1246,1246,,,0.3494809865951538,0.5334088802337646,0.31972387433052063,0.0714709460735321,0.05024990439414978,0.03881857544183731,0.0088847316801548,0.0088847316801548
1246,1246,0.003976696170866489,,,,,,,,,
1247,1247,,,0.3489081561565399,0.5313470959663391,0.31913867592811584,0.07136888056993484,0.05007671192288399,0.03877844288945198,0.0088494922965765,0.0088494922965765
1247,1247,0.00396028021350503,,,,,,,,,
1248,1248,,,0.348338782787323,0.529284656047821,0.31855565309524536,0.07126691192388535,0.04990466311573982,0.03873861953616142,0.008814439177513123,0.008814439177513123
1248,1248,0.003943932708352804,,,,,,,,,
1249,1249,,0.003927643410861492,,,,,,,,
1249,1249,,,0.34777355194091797,0.5272212028503418,0.31797534227371216,0.07116513699293137,0.04973350837826729,0.038699258118867874,0.008779594674706459,0.008779594674706459
1249,1249,0.003927643410861492,,,,,,,,,
1250,1250,,,0.34721124172210693,0.5251578688621521,0.3173965811729431,0.07106341421604156,0.049563582986593246,0.03866013512015343,0.008744917809963226,0.008744917809963226
1250,1250,0.00391142163425684,,,,,,,,,
1251,1251,,,0.34665146470069885,0.5230954885482788,0.31681889295578003,0.07096158713102341,0.04939497634768486,0.038620974868535995,0.008710382506251335,0.008710382506251335
1251,1251,0.0038952615577727556,,,,,,,,,
1252,1252,,,0.3460947573184967,0.5210332870483398,0.3162427842617035,0.07085992395877838,0.049227628856897354,0.038582202047109604,0.008676025085151196,0.008676025085151196
1252,1252,0.0038791631814092398,,,,,,,,,
1253,1253,,,0.34554165601730347,0.518970787525177,0.3156689405441284,0.07075823098421097,0.049061525613069534,0.038543861359357834,0.008641854859888554,0.008641854859888554
1253,1253,0.0038631223142147064,,,,,,,,,
1254,1254,,,0.34499165415763855,0.516908586025238,0.31509703397750854,0.07065677642822266,0.04889649525284767,0.03850593417882919,0.00860786996781826,0.00860786996781826
1254,1254,0.003847148735076189,,,,,,,,,
1255,1255,,,0.34444373846054077,0.5148476958274841,0.3145259618759155,0.0705551728606224,0.04873248189687729,0.03846781700849533,0.00857401080429554,0.00857401080429554
1255,1255,0.0038312331307679415,,,,,,,,,
1256,1256,,,0.34389859437942505,0.5127873420715332,0.31395620107650757,0.07045362144708633,0.048569660633802414,0.03842993080615997,0.008540309965610504,0.008540309965610504
1256,1256,0.003815379226580262,,,,,,,,,
1257,1257,,,0.3433572053909302,0.5107269287109375,0.3133886158466339,0.07035218179225922,0.04840807989239693,0.038392651826143265,0.008506807498633862,0.008506807498633862
1257,1257,0.003799587721005082,,,,,,,,,
1258,1258,,,0.3428184986114502,0.5086669325828552,0.3128224313259125,0.0702507272362709,0.048247672617435455,0.03835554048418999,0.008473457768559456,0.008473457768559456
1258,1258,0.0037838516291230917,,,,,,,,,
1259,1259,,,0.3422818183898926,0.5066081881523132,0.312257319688797,0.07014913111925125,0.04808855801820755,0.03831848129630089,0.00844024121761322,0.00844024121761322
1259,1259,0.003768178401514888,,,,,,,,,
1260,1260,,,0.3417467772960663,0.504551351070404,0.31169259548187256,0.07004792243242264,0.04793085530400276,0.03828175738453865,0.008407175540924072,0.008407175540924072
1260,1260,0.0037525619845837355,,,,,,,,,
1261,1261,,,0.3412156105041504,0.5024942755699158,0.311130166053772,0.06994659453630447,0.04777441546320915,0.03824540227651596,0.0083742905408144,0.0083742905408144
1261,1261,0.0037370077334344387,,,,,,,,,
1262,1262,,,0.34068745374679565,0.5004374384880066,0.3105693757534027,0.06984521448612213,0.04761897400021553,0.038209330290555954,0.00834156759083271,0.00834156759083271
1262,1262,0.003721509827300906,,,,,,,,,
1263,1263,,,0.34016114473342896,0.498382568359375,0.31000927090644836,0.06974365562200546,0.04746469855308533,0.03817318007349968,0.008308964781463146,0.008308964781463146
1263,1263,0.00370607222430408,,,,,,,,,
1264,1264,,,0.33963653445243835,0.49632924795150757,0.3094497621059418,0.06964237987995148,0.04731156677007675,0.03813735768198967,0.008276507258415222,0.008276507258415222
1264,1264,0.0036906914319843054,,,,,,,,,
1265,1265,,,0.33911389112472534,0.49427762627601624,0.30889102816581726,0.06954137980937958,0.04715973138809204,0.038101907819509506,0.008244202472269535,0.008244202472269535
1265,1265,0.0036753674503415823,,,,,,,,,
1266,1266,,,0.3385944068431854,0.4922265112400055,0.3083341717720032,0.069440096616745,0.04700927436351776,0.038066696375608444,0.008212056010961533,0.008212056010961533
1266,1266,0.0036600998137146235,,,,,,,,,
1267,1267,,,0.3380775451660156,0.4901762902736664,0.30777859687805176,0.06933864206075668,0.046859923750162125,0.038031626492738724,0.008180049248039722,0.008180049248039722
1267,1267,0.003644895274192095,,,,,,,,,
1268,1268,,,0.3375622034072876,0.48812851309776306,0.3072233200073242,0.06923740357160568,0.04671171307563782,0.037996672093868256,0.008148174732923508,0.008148174732923508
1268,1268,0.0036297417245805264,,,,,,,,,
1269,1269,,,0.337048202753067,0.4860827922821045,0.30666831135749817,0.06913646310567856,0.046564701944589615,0.03796207532286644,0.008116437122225761,0.008116437122225761
1269,1269,0.003614653367549181,,,,,,,,,
1270,1270,,,0.33653688430786133,0.4840380847454071,0.3061148524284363,0.06903523206710815,0.04641912132501602,0.037927623838186264,0.008084842003881931,0.008084842003881931
1270,1270,0.0035996129736304283,,,,,,,,,
1271,1271,,,0.33602795004844666,0.4819946885108948,0.3055626451969147,0.06893379986286163,0.04627484828233719,0.0378933884203434,0.008053386583924294,0.008053386583924294
1271,1271,0.003584630088880658,,,,,,,,,
1272,1272,,,0.33552074432373047,0.4799530804157257,0.3050108253955841,0.06883274763822556,0.046131864190101624,0.03785960003733635,0.008022078312933445,0.008022078312933445
1272,1272,0.003569704946130514,,,,,,,,,
1273,1273,,,0.3350146412849426,0.47791415452957153,0.3044590950012207,0.0687316432595253,0.045989859849214554,0.03782574087381363,0.007990875281393528,0.007990875281393528
1273,1273,0.003554836381226778,,,,,,,,,
1274,1274,,,0.3345101773738861,0.47587719559669495,0.30390802025794983,0.06863036751747131,0.04584896191954613,0.03779200091958046,0.007959790527820587,0.007959790527820587
1274,1274,0.0035400218330323696,,,,,,,,,
1275,1275,,,0.3340083658695221,0.47384151816368103,0.30335837602615356,0.06852921098470688,0.04570925980806351,0.03775867074728012,0.007928868755698204,0.007928868755698204
1275,1275,0.0035252629313617945,,,,,,,,,
1276,1276,,,0.3335081934928894,0.47180816531181335,0.3028091490268707,0.0684281587600708,0.045570727437734604,0.03772561624646187,0.007898079231381416,0.007898079231381416
1276,1276,0.003510558046400547,,,,,,,,,
1277,1277,,,0.3330095410346985,0.46977752447128296,0.30226045846939087,0.0683269053697586,0.04543363302946091,0.03769255429506302,0.007867403328418732,0.007867403328418732
1277,1277,0.0034959076438099146,,,,,,,,,
1278,1278,,,0.3325117826461792,0.4677498936653137,0.3017117381095886,0.06822574883699417,0.04529769718647003,0.03765968605875969,0.007836840115487576,0.007836840115487576
1278,1278,0.0034813133534044027,,,,,,,,,
1279,1279,,,0.33201608061790466,0.46572402119636536,0.3011639416217804,0.0681246966123581,0.0451631136238575,0.037627190351486206,0.007806422188878059,0.007806422188878059
1279,1279,0.0034667751751840115,,,,,,,,,
1280,1280,,,0.33152201771736145,0.4637000560760498,0.30061668157577515,0.06802346557378769,0.04502957686781883,0.037594862282276154,0.0077761211432516575,0.0077761211432516575
1280,1280,0.0034522865898907185,,,,,,,,,
1281,1281,,,0.3310290277004242,0.46167898178100586,0.30006951093673706,0.06792229413986206,0.044897086918354034,0.037562545388936996,0.007745929062366486,0.007745929062366486
1281,1281,0.0034378550481051207,,,,,,,,,
1282,1282,,,0.3305372893810272,0.4596605896949768,0.29952266812324524,0.06782124191522598,0.0447658896446228,0.037530384957790375,0.007715859450399876,0.007715859450399876
1282,1282,0.003423474496230483,,,,,,,,,
1283,1283,,,0.33004745841026306,0.4576442837715149,0.2989766597747803,0.0677202120423317,0.04463589936494827,0.0374985933303833,0.007685927674174309,0.007685927674174309
1283,1283,0.003409148193895817,,,,,,,,,
1284,1284,,,0.3295589089393616,0.45563071966171265,0.2984309792518616,0.06761900335550308,0.04450705647468567,0.0374668687582016,0.007656102534383535,0.007656102534383535
1284,1284,0.003394876606762409,,,,,,,,,
1285,1285,,,0.32907161116600037,0.45361989736557007,0.29788556694984436,0.06751784682273865,0.04437926784157753,0.03743533790111542,0.0076263961382210255,0.0076263961382210255
1285,1285,0.0033806602004915476,,,,,,,,,
1286,1286,,,0.3285844326019287,0.45161280035972595,0.29733943939208984,0.06741685420274734,0.04425276815891266,0.03740391880273819,0.00759678240865469,0.00759678240865469
1286,1286,0.0033664912916719913,,,,,,,,,
1287,1287,,,0.3280991315841675,0.44960808753967285,0.29679420590400696,0.06731580197811127,0.04412735253572464,0.03737274929881096,0.007567300461232662,0.007567300461232662
1287,1287,0.0033523808233439922,,,,,,,,,
1288,1288,,,0.3276155889034271,0.4476059079170227,0.2962496876716614,0.06721458584070206,0.04400334134697914,0.03734174370765686,0.007537940517067909,0.007537940517067909
1288,1288,0.0033383185509592295,,,,,,,,,
1289,1289,,,0.32713261246681213,0.44560784101486206,0.29570499062538147,0.0671134740114212,0.04388032853603363,0.037310805171728134,0.007508683949708939,0.007508683949708939
1289,1289,0.0033243121579289436,,,,,,,,,
1290,1290,,,0.32665058970451355,0.44361281394958496,0.29516032338142395,0.06701260805130005,0.04375844448804855,0.03728015720844269,0.007479547522962093,0.007479547522962093
1290,1290,0.0033103590831160545,,,,,,,,,
1291,1291,,,0.3261697590351105,0.44161999225616455,0.2946159541606903,0.06691146641969681,0.04363757371902466,0.037249624729156494,0.007450510282069445,0.007450510282069445
1291,1291,0.0032964523416012526,,,,,,,,,
1292,1292,,,0.32568976283073425,0.439630925655365,0.29407161474227905,0.0668102502822876,0.04351779818534851,0.03721912205219269,0.007421573624014854,0.007421573624014854
1292,1292,0.0032826000824570656,,,,,,,,,
1293,1293,,,0.3252103924751282,0.43764546513557434,0.2935270667076111,0.06670920550823212,0.04339917004108429,0.03718884661793709,0.007392745465040207,0.007392745465040207
1293,1293,0.00326880207285285,,,,,,,,,
1294,1294,,,0.32473185658454895,0.4356635808944702,0.29298245906829834,0.06660833954811096,0.04328160732984543,0.03715875372290611,0.007364029996097088,0.007364029996097088
1294,1294,0.0032550531905144453,,,,,,,,,
1295,1295,,,0.32425475120544434,0.43368467688560486,0.2924385368824005,0.0665072649717331,0.04316525533795357,0.03712878003716469,0.00733542675152421,0.00733542675152421
1295,1295,0.003241359954699874,,,,,,,,,
1296,1296,,,0.3237784802913666,0.4317092299461365,0.2918945848941803,0.06640613824129105,0.04304998368024826,0.03709891065955162,0.007306925021111965,0.007306925021111965
1296,1296,0.0032277139835059643,,,,,,,,,
1297,1297,,,0.3233027160167694,0.42973753809928894,0.29135042428970337,0.06630516797304153,0.042935971170663834,0.037069275975227356,0.007278528530150652,0.007278528530150652
1297,1297,0.0032141220290213823,,,,,,,,,
1298,1298,,,0.32282695174217224,0.42777034640312195,0.2908056378364563,0.0662042498588562,0.04282292723655701,0.03703964501619339,0.007250217255204916,0.007250217255204916
1298,1298,0.0032005810644477606,,,,,,,,,
1299,1299,,0.00318708922713995,,,,,,,,
1299,1299,,,0.3223525285720825,0.4258059561252594,0.29026126861572266,0.06610327959060669,0.042710669338703156,0.03701017051935196,0.007222017273306847,0.007222017273306847
1299,1299,0.00318708922713995,,,,,,,,,
1300,1300,,,0.32187893986701965,0.42384523153305054,0.2897169888019562,0.06600237637758255,0.04259955883026123,0.03698091208934784,0.007193926256150007,0.007193926256150007
1300,1300,0.003173651872202754,,,,,,,,,
1301,1301,,,0.32140621542930603,0.42188841104507446,0.2891729474067688,0.06590131670236588,0.042489539831876755,0.03695162385702133,0.007165933959186077,0.007165933959186077
1301,1301,0.003160261083394289,,,,,,,,,
1302,1302,,,0.32093384861946106,0.41993582248687744,0.28862857818603516,0.06580047309398651,0.04238057881593704,0.03692253679037094,0.007138045504689217,0.007138045504689217
1302,1302,0.003146926173940301,,,,,,,,,
1303,1303,,,0.320461630821228,0.4179878830909729,0.28808364272117615,0.06569968909025192,0.042272694408893585,0.036893606185913086,0.007110247388482094,0.007110247388482094
1303,1303,0.0031336357351392508,,,,,,,,,
1304,1304,,,0.31998997926712036,0.4160436987876892,0.28753864765167236,0.06559883803129196,0.04216587543487549,0.036864787340164185,0.007082546129822731,0.007082546129822731
1304,1304,0.003120399545878172,,,,,,,,,
1305,1305,,,0.31951940059661865,0.4141032099723816,0.28699401021003723,0.06549795717000961,0.042060017585754395,0.03683602064847946,0.0070549501106143,0.0070549501106143
1305,1305,0.003107215976342559,,,,,,,,,
1306,1306,,,0.3190491795539856,0.4121670722961426,0.28644904494285583,0.06539727747440338,0.041955042630434036,0.03680742532014847,0.007027455605566502,0.007027455605566502
1306,1306,0.0030940803699195385,,,,,,,,,
1307,1307,,,0.31857913732528687,0.410235196352005,0.2859037220478058,0.06529653817415237,0.04185118526220322,0.03677891939878464,0.007000047247856855,0.007000047247856855
1307,1307,0.0030809957534074783,,,,,,,,,
1308,1308,,,0.3181096613407135,0.4083074927330017,0.28535836935043335,0.06519568711519241,0.041748207062482834,0.036750465631484985,0.006972730625420809,0.006972730625420809
1308,1308,0.003067960264161229,,,,,,,,,
1309,1309,,,0.3176402151584625,0.40638408064842224,0.2848125696182251,0.06509498506784439,0.041646119207143784,0.03672216460108757,0.006945506669580936,0.006945506669580936
1309,1309,0.0030549755319952965,,,,,,,,,
1310,1310,,,0.31717124581336975,0.40446531772613525,0.28426656126976013,0.06499446928501129,0.041545093059539795,0.03669406846165657,0.006918386090546846,0.006918386090546846
1310,1310,0.0030420413240790367,,,,,,,,,
1311,1311,,,0.316703200340271,0.4025507867336273,0.28372082114219666,0.06489387154579163,0.041444987058639526,0.03666595369577408,0.0068913670256733894,0.0068913670256733894
1311,1311,0.003029158338904381,,,,,,,,,
1312,1312,,,0.3162354528903961,0.4006410241127014,0.28317490220069885,0.06479302048683167,0.041345905512571335,0.03663771227002144,0.006864424329251051,0.006864424329251051
1312,1312,0.0030163275077939034,,,,,,,,,
1313,1313,,,0.31576791405677795,0.39873597025871277,0.2826286554336548,0.06469260156154633,0.04124777019023895,0.03660990670323372,0.006837597116827965,0.006837597116827965
1313,1313,0.003003539750352502,,,,,,,,,
1314,1314,,,0.3153005838394165,0.3968355059623718,0.28208214044570923,0.06459221243858337,0.04115057364106178,0.03658221662044525,0.006810859311372042,0.006810859311372042
1314,1314,0.0029908069409430027,,,,,,,,,
1315,1315,,,0.31483331322669983,0.39494001865386963,0.281535267829895,0.06449160724878311,0.041054219007492065,0.03655431047081947,0.006784192286431789,0.006784192286431789
1315,1315,0.002978123491629958,,,,,,,,,
1316,1316,,,0.3143664002418518,0.3930490016937256,0.2809881567955017,0.0643911063671112,0.040958695113658905,0.03652656450867653,0.0067576211877167225,0.0067576211877167225
1316,1316,0.0029654894024133682,,,,,,,,,
1317,1317,,,0.3138999938964844,0.391162246465683,0.28044092655181885,0.06429088860750198,0.04086385667324066,0.03649916499853134,0.006731159053742886,0.006731159053742886
1317,1317,0.0029529063031077385,,,,,,,,,
1318,1318,,,0.3134339451789856,0.3892805874347687,0.27989381551742554,0.06419047713279724,0.04076997563242912,0.03647160530090332,0.006704781204462051,0.006704781204462051
1318,1318,0.0029403732623904943,,,,,,,,,
1319,1319,,,0.31296733021736145,0.3874043822288513,0.2793457806110382,0.06409016251564026,0.040677011013031006,0.036444030702114105,0.006678474135696888,0.006678474135696888
1319,1319,0.0029278879519551992,,,,,,,,,
1320,1320,,,0.31250157952308655,0.38553327322006226,0.2787979543209076,0.06399005651473999,0.04058517888188362,0.036416806280612946,0.0066522881388664246,0.0066522881388664246
1320,1320,0.0029154557269066572,,,,,,,,,
1321,1321,,,0.31203576922416687,0.3836672306060791,0.27824974060058594,0.06388993561267853,0.04049420356750488,0.036389563232660294,0.006626180838793516,0.006626180838793516
1321,1321,0.002903070766478777,,,,,,,,,
1322,1322,,,0.31157049536705017,0.38180631399154663,0.2777016758918762,0.06378966569900513,0.04040416330099106,0.03636224567890167,0.006600162945687771,0.006600162945687771
1322,1322,0.0028907316736876965,,,,,,,,,
1323,1323,,,0.3111049234867096,0.37995046377182007,0.2771528959274292,0.06368980556726456,0.04031449183821678,0.03633518144488335,0.006574238650500774,0.006574238650500774
1323,1323,0.0028784461319446564,,,,,,,,,
1324,1324,,,0.3106396198272705,0.3780997097492218,0.2766041159629822,0.06358984857797623,0.040225591510534286,0.03630806878209114,0.006548397708684206,0.006548397708684206
1324,1324,0.0028662115801125765,,,,,,,,,
1325,1325,,,0.3101743757724762,0.37625378370285034,0.27605506777763367,0.0634898915886879,0.040137406438589096,0.036280982196331024,0.006522639188915491,0.006522639188915491
1325,1325,0.002854025224223733,,,,,,,,,
1326,1326,,,0.3097086250782013,0.37441393733024597,0.27550509572029114,0.06339017301797867,0.040050260722637177,0.03625406697392464,0.006496964488178492,0.006496964488178492
1326,1326,0.0028418900910764933,,,,,,,,,
1327,1327,,,0.30924344062805176,0.37257954478263855,0.27495527267456055,0.06329049170017242,0.039963994175195694,0.03622722998261452,0.006471389438956976,0.006471389438956976
1327,1327,0.0028297998942434788,,,,,,,,,
1328,1328,,,0.30877864360809326,0.3707507848739624,0.27440574765205383,0.06319062411785126,0.039878521114587784,0.036200203001499176,0.006445899605751038,0.006445899605751038
1328,1328,0.0028177648782730103,,,,,,,,,
1329,1329,,,0.30831414461135864,0.3689272105693817,0.27385610342025757,0.06309109181165695,0.039793845266103745,0.036173541098833084,0.006420518271625042,0.006420518271625042
1329,1329,0.0028057738672941923,,,,,,,,,
1330,1330,,,0.30784934759140015,0.3671095371246338,0.2733057737350464,0.06299169361591339,0.03970988467335701,0.03614693880081177,0.006395217031240463,0.006395217031240463
1330,1330,0.00279383547604084,,,,,,,,,
1331,1331,,,0.307384192943573,0.36529725790023804,0.272754967212677,0.06289219111204147,0.039626594632864,0.03612014651298523,0.006369979120790958,0.006369979120790958
1331,1331,0.0027819445822387934,,,,,,,,,
1332,1332,,,0.306919127702713,0.363490492105484,0.27220413088798523,0.06279261410236359,0.03954405337572098,0.03609330952167511,0.006344824563711882,0.006344824563711882
1332,1332,0.002770103747025132,,,,,,,,,
1333,1333,,,0.3064543604850769,0.36168935894966125,0.2716531753540039,0.06269355863332748,0.039462000131607056,0.03606688603758812,0.0063197859562933445,0.0063197859562933445
1333,1333,0.0027583136688917875,,,,,,,,,
1334,1334,,,0.3059897720813751,0.35989394783973694,0.2711021304130554,0.06259459257125854,0.039380647242069244,0.0360405296087265,0.006294838152825832,0.006294838152825832
1334,1334,0.0027465694583952427,,,,,,,,,
1335,1335,,,0.3055250346660614,0.35810479521751404,0.27055078744888306,0.06249511241912842,0.0393001027405262,0.036013633012771606,0.0062699392437934875,0.0062699392437934875
1335,1335,0.0027348813600838184,,,,,,,,,
1336,1336,,,0.3050605356693268,0.35632145404815674,0.2699994146823883,0.062396060675382614,0.03922036290168762,0.03598713502287865,0.006245153956115246,0.006245153956115246
1336,1336,0.0027232372667640448,,,,,,,,,
1337,1337,,,0.30459654331207275,0.35454368591308594,0.26944831013679504,0.06229747086763382,0.03914136067032814,0.03596106171607971,0.006220491137355566,0.006220491137355566
1337,1337,0.002711646491661668,,,,,,,,,
1338,1338,,,0.30413177609443665,0.35277265310287476,0.26889654994010925,0.06219859421253204,0.039062872529029846,0.03593454509973526,0.0061958725564181805,0.0061958725564181805
1338,1338,0.002700099954381585,,,,,,,,,
1339,1339,,,0.303666889667511,0.351007878780365,0.26834434270858765,0.06209971383213997,0.03898506984114647,0.03590790927410126,0.006171329412609339,0.006171329412609339
1339,1339,0.002688606735318899,,,,,,,,,
1340,1340,,,0.3032029867172241,0.3492479622364044,0.26779264211654663,0.062001317739486694,0.038907963782548904,0.035881903022527695,0.006146919447928667,0.006146919447928667
1340,1340,0.0026771605480462313,,,,,,,,,
1341,1341,,,0.3027382493019104,0.34749478101730347,0.26724040508270264,0.06190275773406029,0.03883150964975357,0.035855554044246674,0.006122563034296036,0.006122563034296036
1341,1341,0.0026657646521925926,,,,,,,,,
1342,1342,,,0.3022732436656952,0.34574809670448303,0.26668789982795715,0.06180426850914955,0.038755662739276886,0.03582913056015968,0.006098284386098385,0.006098284386098385
1342,1342,0.0026544181164354086,,,,,,,,,
1343,1343,,,0.30180877447128296,0.3440071940422058,0.266135573387146,0.061706073582172394,0.03868025913834572,0.03580298274755478,0.006074115633964539,0.006074115633964539
1343,1343,0.002643120940774679,,,,,,,,,
1344,1344,,,0.3013443946838379,0.3422726094722748,0.2655830979347229,0.06160794571042061,0.03860557824373245,0.03577681630849838,0.006050031632184982,0.006050031632184982
1344,1344,0.0026318742893636227,,,,,,,,,
1345,1345,,,0.30087944865226746,0.340544730424881,0.2650301456451416,0.061509791761636734,0.038531575351953506,0.035750534385442734,0.006026014685630798,0.006026014685630798
1345,1345,0.002620676066726446,,,,,,,,,
1346,1346,,,0.3004145920276642,0.338823527097702,0.26447737216949463,0.0614117868244648,0.038458190858364105,0.035724297165870667,0.006002090405672789,0.006002090405672789
1346,1346,0.0026095269713550806,,,,,,,,,
1347,1347,,,0.29995012283325195,0.33710843324661255,0.26392480731010437,0.06131400913000107,0.03838535025715828,0.03569827228784561,0.0059782713651657104,0.0059782713651657104
1347,1347,0.002598427701741457,,,,,,,,,
1348,1348,,,0.29948556423187256,0.33539989590644836,0.2633720636367798,0.06121648848056793,0.0383128821849823,0.035672273486852646,0.005954541265964508,0.005954541265964508
1348,1348,0.002587375696748495,,,,,,,,,
1349,1349,,0.0025763753801584244,,,,,,,,
1349,1349,,,0.299020916223526,0.33369800448417664,0.26281920075416565,0.0611187219619751,0.03824102506041527,0.03564593195915222,0.00593087263405323,0.00593087263405323
1349,1349,0.0025763753801584244,,,,,,,,,
1350,1350,,,0.2985563576221466,0.332002729177475,0.2622663378715515,0.061021167784929276,0.038169678300619125,0.03561973199248314,0.005907298997044563,0.005907298997044563
1350,1350,0.00256542582064867,,,,,,,,,
1351,1351,,,0.29809173941612244,0.33031395077705383,0.261713445186615,0.06092408299446106,0.03809908404946327,0.03559393435716629,0.005883834324777126,0.005883834324777126
1351,1351,0.002554521430283785,,,,,,,,,
1352,1352,,,0.2976265847682953,0.328632116317749,0.26116037368774414,0.060826778411865234,0.038028910756111145,0.035567756742239,0.005860424600541592,0.005860424600541592
1352,1352,0.002543665934354067,,,,,,,,,
1353,1353,,,0.2971617579460144,0.32695692777633667,0.2606074810028076,0.0607297308743,0.03795938193798065,0.03554166480898857,0.0058371140621602535,0.0058371140621602535
1353,1353,0.0025328639894723892,,,,,,,,,
1354,1354,,,0.29669761657714844,0.3252880871295929,0.26005497574806213,0.060632847249507904,0.037890251725912094,0.035515766590833664,0.005813909228891134,0.005813909228891134
1354,1354,0.002522111404687166,,,,,,,,,
1355,1355,,,0.2962334156036377,0.32362616062164307,0.2595025599002838,0.06053584814071655,0.037821754813194275,0.03548961132764816,0.005790775641798973,0.005790775641798973
1355,1355,0.002511404687538743,,,,,,,,,
1356,1356,,,0.2957688570022583,0.3219713866710663,0.2589499354362488,0.060439132153987885,0.037753671407699585,0.03546350076794624,0.005767728202044964,0.005767728202044964
1356,1356,0.0025007494259625673,,,,,,,,,
1357,1357,,,0.2953040301799774,0.3203236758708954,0.25839725136756897,0.06034277379512787,0.03768608719110489,0.035437580198049545,0.0057447743602097034,0.0057447743602097034
1357,1357,0.002490143058821559,,,,,,,,,
1358,1358,,,0.29483914375305176,0.31868284940719604,0.25784459710121155,0.060246553272008896,0.037618909031152725,0.035411663353443146,0.005721906200051308,0.005721906200051308
1358,1358,0.0024795858189463615,,,,,,,,,
1359,1359,,,0.29437461495399475,0.3170488774776459,0.2572922110557556,0.06015007197856903,0.037552181631326675,0.035385504364967346,0.00569910928606987,0.00569910928606987
1359,1359,0.0024690774735063314,,,,,,,,,
1360,1360,,,0.2939099371433258,0.3154219090938568,0.25673988461494446,0.06005394458770752,0.037485938519239426,0.03535944223403931,0.005676407366991043,0.005676407366991043
1360,1360,0.0024586180225014687,,,,,,,,,
1361,1361,,,0.2934455871582031,0.31380221247673035,0.2561880052089691,0.05995814502239227,0.03742014244198799,0.03533351421356201,0.005653810687363148,0.005653810687363148
1361,1361,0.0024482090957462788,,,,,,,,,
1362,1362,,,0.29298123717308044,0.31218966841697693,0.25563615560531616,0.05986238270998001,0.03735469654202461,0.035307519137859344,0.005631293170154095,0.005631293170154095
1362,1362,0.0024378513917326927,,,,,,,,,
1363,1363,,,0.2925170660018921,0.3105844259262085,0.25508469343185425,0.05976654216647148,0.037289928644895554,0.03528142347931862,0.0056088585406541824,0.0056088585406541824
1363,1363,0.0024275402538478374,,,,,,,,,
1364,1364,,,0.2920527458190918,0.30898651480674744,0.25453323125839233,0.05967114493250847,0.03722576051950455,0.03525552526116371,0.005586522165685892,0.005586522165685892
1364,1364,0.0024172773119062185,,,,,,,,,
1365,1365,,,0.2915879786014557,0.3073960840702057,0.2539815604686737,0.059575751423835754,0.03716187924146652,0.03522950038313866,0.005564252845942974,0.005564252845942974
1365,1365,0.002407066524028778,,,,,,,,,
1366,1366,,,0.291123628616333,0.30581244826316833,0.25343039631843567,0.05948055908083916,0.03709815442562103,0.035203464329242706,0.005542078986763954,0.005542078986763954
1366,1366,0.0023969023022800684,,,,,,,,,
1367,1367,,,0.29065969586372375,0.30423569679260254,0.252879798412323,0.059385500848293304,0.0370347797870636,0.035177454352378845,0.005520000588148832,0.005520000588148832
1367,1367,0.0023867886047810316,,,,,,,,,
1368,1368,,,0.29019561409950256,0.30266666412353516,0.2523292899131775,0.059290673583745956,0.03697195276618004,0.03515147045254707,0.005498009268194437,0.005498009268194437
1368,1368,0.0023767254315316677,,,,,,,,,
1369,1369,,,0.2897312343120575,0.3011054992675781,0.251778781414032,0.05919601768255234,0.03690951690077782,0.03512541204690933,0.005476096644997597,0.005476096644997597
1369,1369,0.0023667076602578163,,,,,,,,,
1370,1370,,,0.28926756978034973,0.2995516061782837,0.25122901797294617,0.059101350605487823,0.036847613751888275,0.0350993312895298,0.005454279948025942,0.005454279948025942
1370,1370,0.002356742974370718,,,,,,,,,
1371,1371,,,0.2888037860393524,0.29800519347190857,0.25067949295043945,0.05900697037577629,0.03678612783551216,0.03507333993911743,0.005432553589344025,0.005432553589344025
1371,1371,0.0023468241561204195,,,,,,,,,
1372,1372,,,0.2883399426937103,0.2964663803577423,0.2501301169395447,0.058913033455610275,0.03672482445836067,0.03504745662212372,0.00541092362254858,0.00541092362254858
1372,1372,0.002336956327781081,,,,,,,,,
1373,1373,,,0.2878763973712921,0.2949352562427521,0.24958129227161407,0.058818746358156204,0.0366639569401741,0.03502108156681061,0.0053893569856882095,0.0053893569856882095
1373,1373,0.002327139489352703,,,,,,,,,
1374,1374,,,0.2874135673046112,0.29341113567352295,0.24903328716754913,0.058724820613861084,0.03660348430275917,0.03499504551291466,0.005367905832827091,0.005367905832827091
1374,1374,0.0023173687513917685,,,,,,,,,
1375,1375,,,0.2869502902030945,0.2918946146965027,0.24848508834838867,0.05863146111369133,0.036543261259794235,0.03496933355927467,0.005346549674868584,0.005346549674868584
1375,1375,0.002307648304849863,,,,,,,,,
1376,1376,,,0.28648698329925537,0.2903861999511719,0.24793735146522522,0.05853751674294472,0.03648331016302109,0.03494282811880112,0.005325235426425934,0.005325235426425934
1376,1376,0.0022979769855737686,,,,,,,,,
1377,1377,,,0.2860235571861267,0.28888577222824097,0.24738988280296326,0.05844424292445183,0.03642372786998749,0.03491669520735741,0.005304032005369663,0.005304032005369663
1377,1377,0.0022883531637489796,,,,,,,,,
1378,1378,,,0.2855614721775055,0.2873920798301697,0.24684368073940277,0.05835138261318207,0.03636450693011284,0.03489096090197563,0.0052829585038125515,0.0052829585038125515
1378,1378,0.0022787777706980705,,,,,,,,,
1379,1379,,,0.28509899973869324,0.2859070897102356,0.24629762768745422,0.05825807899236679,0.03630591183900833,0.034864600747823715,0.005261928774416447,0.005261928774416447
1379,1379,0.002269252436235547,,,,,,,,,
1380,1380,,,0.28463631868362427,0.28443005681037903,0.24575170874595642,0.0581650584936142,0.03624742850661278,0.034838296473026276,0.005240983795374632,0.005240983795374632
1380,1380,0.0022597783245146275,,,,,,,,,
1381,1381,,,0.28417402505874634,0.2829604744911194,0.24520641565322876,0.058072734624147415,0.036189254373311996,0.034812379628419876,0.005220158025622368,0.005220158025622368
1381,1381,0.002250348450616002,,,,,,,,,
1382,1382,,,0.2837122976779938,0.2814982533454895,0.24466197192668915,0.05798029899597168,0.03613119572401047,0.034786250442266464,0.005199412815272808,0.005199412815272808
1382,1382,0.0022409697994589806,,,,,,,,,
1383,1383,,,0.2832506597042084,0.28004422783851624,0.24411804974079132,0.05788781866431236,0.03607362508773804,0.03475991636514664,0.0051787435077130795,0.0051787435077130795
1383,1383,0.002231640974059701,,,,,,,,,
1384,1384,,,0.28278928995132446,0.27859804034233093,0.24357467889785767,0.05779573321342468,0.03601616993546486,0.034733690321445465,0.005158173851668835,0.005158173851668835
1384,1384,0.0022223605774343014,,,,,,,,,
1385,1385,,,0.282327800989151,0.277160108089447,0.2430315762758255,0.05770394951105118,0.0359591469168663,0.03470759093761444,0.005137693136930466,0.005137693136930466
1385,1385,0.002213126979768276,,,,,,,,,
1386,1386,,,0.28186678886413574,0.2757301926612854,0.24248936772346497,0.057612136006355286,0.03590245544910431,0.0346812829375267,0.00511729484423995,0.00511729484423995
1386,1386,0.0022039420437067747,,,,,,,,,
1387,1387,,,0.28140586614608765,0.27430835366249084,0.241947740316391,0.05752033740282059,0.03584612160921097,0.034654904156923294,0.005096977576613426,0.005096977576613426
1387,1387,0.002194807166233659,,,,,,,,,
1388,1388,,,0.280945360660553,0.27289408445358276,0.24140672385692596,0.05742933601140976,0.03578990325331688,0.034628935158252716,0.005076779518276453,0.005076779518276453
1388,1388,0.0021857197862118483,,,,,,,,,
1389,1389,,,0.28048521280288696,0.2714880406856537,0.2408665120601654,0.057337984442710876,0.03573384881019592,0.03460242599248886,0.005056643392890692,0.005056643392890692
1389,1389,0.0021766817662864923,,,,,,,,,
1390,1390,,,0.28002578020095825,0.27008965611457825,0.24032725393772125,0.05724687874317169,0.03567805886268616,0.03457603603601456,0.005036608781665564,0.005036608781665564
1390,1390,0.0021676914766430855,,,,,,,,,
1391,1391,,,0.27956610918045044,0.2686997950077057,0.23978833854198456,0.057156335562467575,0.035622548311948776,0.03454989939928055,0.00501667195931077,0.00501667195931077
1391,1391,0.0021587498486042023,,,,,,,,,
1392,1392,,,0.27910664677619934,0.26731786131858826,0.2392500638961792,0.05706566199660301,0.03556734323501587,0.034523505717515945,0.004996805917471647,0.004996805917471647
1392,1392,0.002149855950847268,,,,,,,,,
1393,1393,,,0.2786472737789154,0.26594415307044983,0.23871243000030518,0.05697518214583397,0.03551251441240311,0.034497056156396866,0.004977024160325527,0.004977024160325527
1393,1393,0.0021410088520497084,,,,,,,,,
1394,1394,,,0.2781883478164673,0.2645787000656128,0.238175630569458,0.05688492953777313,0.03545793890953064,0.034470610320568085,0.004957336001098156,0.004957336001098156
1394,1394,0.0021322108805179596,,,,,,,,,
1395,1395,,,0.2777305245399475,0.26322096586227417,0.2376401573419571,0.056795038282871246,0.03540336340665817,0.03444435074925423,0.004937761928886175,0.004937761928886175
1395,1395,0.0021234622690826654,,,,,,,,,
1396,1396,,,0.2772730588912964,0.26187145709991455,0.2371055632829666,0.056705113500356674,0.03534902632236481,0.03441785275936127,0.004918265156447887,0.004918265156447887
1396,1396,0.002114761620759964,,,,,,,,,
1397,1397,,,0.276815265417099,0.26053059101104736,0.23657123744487762,0.056615471839904785,0.03529507294297218,0.03439139574766159,0.004898848012089729,0.004898848012089729
1397,1397,0.0021061087027192116,,,,,,,,,
1398,1398,,,0.27635782957077026,0.2591978907585144,0.23603776097297668,0.056526102125644684,0.035241276025772095,0.034364964812994,0.004879523068666458,0.004879523068666458
1398,1398,0.002097500255331397,,,,,,,,,
1399,1399,,0.0020889402367174625,,,,,,,,
1399,1399,,,0.2759007513523102,0.2578730583190918,0.23550505936145782,0.05643680319190025,0.035187751054763794,0.03433847799897194,0.004860280081629753,0.004860280081629753
1399,1399,0.0020889402367174625,,,,,,,,,
1400,1400,,,0.2754446864128113,0.25655627250671387,0.23497368395328522,0.056347671896219254,0.03513428568840027,0.034311942756175995,0.004841136746108532,0.004841136746108532
1400,1400,0.002080427948385477,,,,,,,,,
1401,1401,,,0.27498871088027954,0.25524812936782837,0.2344430685043335,0.05625899136066437,0.03508095443248749,0.03428548946976662,0.004822088405489922,0.004822088405489922
1401,1401,0.002071966649964452,,,,,,,,,
1402,1402,,,0.27453336119651794,0.2539481818675995,0.23391348123550415,0.05617035552859306,0.03502798080444336,0.03425891697406769,0.004803125746548176,0.004803125746548176
1402,1402,0.002063549356535077,,,,,,,,,
1403,1403,,,0.2740783989429474,0.2526564300060272,0.23338475823402405,0.056081727147102356,0.03497518226504326,0.03423219919204712,0.004784240387380123,0.004784240387380123
1403,1403,0.0020551797933876514,,,,,,,,,
1404,1404,,,0.27362343668937683,0.2513730227947235,0.23285675048828125,0.05599363148212433,0.034922629594802856,0.034205760806798935,0.004765454214066267,0.004765454214066267
1404,1404,0.0020468574948608875,,,,,,,,,
1405,1405,,,0.27316874265670776,0.2500981092453003,0.2323295772075653,0.055905845016241074,0.03487023338675499,0.034179288893938065,0.004746756982058287,0.004746756982058287
1405,1405,0.002038581995293498,,,,,,,,,
1406,1406,,,0.2727150022983551,0.24883118271827698,0.23180373013019562,0.055817846208810806,0.03481798619031906,0.03415243700146675,0.0047281356528401375,0.0047281356528401375
1406,1406,0.002030354691669345,,,,,,,,,
1407,1407,,,0.2722623944282532,0.24757182598114014,0.2312791794538498,0.05573016405105591,0.03476594761013985,0.03412589430809021,0.004709623754024506,0.004709623754024506
1407,1407,0.002022175583988428,,,,,,,,,
1408,1408,,,0.2718093991279602,0.24632129073143005,0.23075509071350098,0.05564289167523384,0.03471402823925018,0.03409935534000397,0.004691191948950291,0.004691191948950291
1408,1408,0.002014041878283024,,,,,,,,,
1409,1409,,,0.27135637402534485,0.24507948756217957,0.23023183643817902,0.05555540695786476,0.03466234356164932,0.03407233953475952,0.004672816023230553,0.004672816023230553
1409,1409,0.002005951479077339,,,,,,,,,
1410,1410,,,0.2709042727947235,0.24384598433971405,0.22970989346504211,0.05546865612268448,0.03461075946688652,0.034045830368995667,0.004654566757380962,0.004654566757380962
1410,1410,0.001997909974306822,,,,,,,,,
1411,1411,,,0.27045315504074097,0.24262025952339172,0.22918927669525146,0.05538194254040718,0.03455929830670357,0.03401923179626465,0.0046364059671759605,0.0046364059671759605
1411,1411,0.001989915268495679,,,,,,,,,
1412,1412,,,0.270003080368042,0.24140304327011108,0.22867020964622498,0.05529492720961571,0.034508004784584045,0.03399214893579483,0.004618316888809204,0.004618316888809204
1412,1412,0.0019819671288132668,,,,,,,,,
1413,1413,,,0.26955315470695496,0.24019427597522736,0.22815179824829102,0.05520860478281975,0.03445693477988243,0.03396544232964516,0.004600332584232092,0.004600332584232092
1413,1413,0.0019740634597837925,,,,,,,,,
1414,1414,,,0.26910313963890076,0.23899400234222412,0.2276342213153839,0.0551227368414402,0.03440594673156738,0.033938873559236526,0.004582437686622143,0.004582437686622143
1414,1414,0.0019662072882056236,,,,,,,,,
1415,1415,,,0.2686537802219391,0.2378019541501999,0.22711780667304993,0.05503661930561066,0.03435525298118591,0.03391193971037865,0.0045646075159311295,0.0045646075159311295
1415,1415,0.001958395354449749,,,,,,,,,
1416,1416,,,0.2682048976421356,0.23661796748638153,0.22660252451896667,0.054950617253780365,0.034304551780223846,0.03388499096035957,0.0045468611642718315,0.0045468611642718315
1416,1416,0.0019506311509758234,,,,,,,,,
1417,1417,,,0.2677566707134247,0.23544228076934814,0.22608822584152222,0.05486522987484932,0.034254107624292374,0.03385830298066139,0.00452922098338604,0.00452922098338604
1417,1417,0.0019429086241871119,,,,,,,,,
1418,1418,,,0.2673090398311615,0.2342751920223236,0.2255752831697464,0.054780013859272,0.03420359641313553,0.033831510692834854,0.004511666484177113,0.004511666484177113
1418,1418,0.0019352373201400042,,,,,,,,,
1419,1419,,,0.26686233282089233,0.23311597108840942,0.22506386041641235,0.05469457805156708,0.03415333107113838,0.03380439803004265,0.004494186025112867,0.004494186025112867
1419,1419,0.0019276069942861795,,,,,,,,,
1420,1420,,,0.2664164900779724,0.23196490108966827,0.22455373406410217,0.05460952967405319,0.034103307873010635,0.033777542412281036,0.0044768089428544044,0.0044768089428544044
1420,1420,0.001920024398714304,,,,,,,,,
1421,1421,,,0.26597046852111816,0.23082248866558075,0.22404423356056213,0.054525088518857956,0.03405335545539856,0.03375084325671196,0.004459519404917955,0.004459519404917955
1421,1421,0.0019124841783195734,,,,,,,,,
1422,1422,,,0.26552480459213257,0.22968877851963043,0.22353582084178925,0.05444037914276123,0.03400349244475365,0.03372368961572647,0.004442286677658558,0.004442286677658558
1422,1422,0.0019049918046221137,,,,,,,,,
1423,1423,,,0.26508045196533203,0.22856296598911285,0.22302915155887604,0.0543559193611145,0.03395366296172142,0.03369667008519173,0.004425158724188805,0.004425158724188805
1423,1423,0.0018975421553477645,,,,,,,,,
1424,1424,,,0.26463714241981506,0.22744517028331757,0.2225239872932434,0.05427196994423866,0.03390407934784889,0.03366991505026817,0.004408139735460281,0.004408139735460281
1424,1424,0.0018901361618191004,,,,,,,,,
1425,1425,,,0.26419371366500854,0.22633612155914307,0.22201959788799286,0.054188065230846405,0.03385457769036293,0.03364287316799164,0.004391182214021683,0.004391182214021683
1425,1425,0.0018827751046046615,,,,,,,,,
1426,1426,,,0.2637510299682617,0.22523510456085205,0.22151660919189453,0.05410419777035713,0.03380512818694115,0.03361571952700615,0.004374304320663214,0.004374304320663214
1426,1426,0.0018754577031359076,,,,,,,,,
1427,1427,,,0.2633097171783447,0.224141925573349,0.2210153043270111,0.0540207177400589,0.033755823969841,0.033588770776987076,0.0043575344607234,0.0043575344607234
1427,1427,0.0018681857036426663,,,,,,,,,
1428,1428,,,0.2628684937953949,0.22305698692798615,0.22051489353179932,0.053937606513500214,0.03370656818151474,0.03356192260980606,0.004340846091508865,0.004340846091508865
1428,1428,0.001860958756878972,,,,,,,,,
1429,1429,,,0.2624271512031555,0.22198078036308289,0.2200152575969696,0.053854264318943024,0.03365752846002579,0.033534616231918335,0.004324204288423061,0.004324204288423061
1429,1429,0.0018537737196311355,,,,,,,,,
1430,1430,,,0.261986643075943,0.22091268002986908,0.21951709687709808,0.05377141386270523,0.033608630299568176,0.03350755199790001,0.004307666327804327,0.004307666327804327
1430,1430,0.001846630941145122,,,,,,,,,
1431,1431,,,0.2615475654602051,0.2198522388935089,0.2190207988023758,0.053689051419496536,0.03355971351265907,0.033480770885944366,0.004291241057217121,0.004291241057217121
1431,1431,0.0018395312363281846,,,,,,,,,
1432,1432,,,0.26110967993736267,0.21879996359348297,0.218526229262352,0.05360627919435501,0.033510759472846985,0.03345343470573425,0.004274877719581127,0.004274877719581127
1432,1432,0.0018324792617931962,,,,,,,,,
1433,1433,,,0.26067179441452026,0.21775606274604797,0.21803241968154907,0.05352404713630676,0.03346209228038788,0.03342631459236145,0.004258600529283285,0.004258600529283285
1433,1433,0.0018254682654514909,,,,,,,,,
1434,1434,,,0.2602342665195465,0.2167205959558487,0.21753978729248047,0.05344211310148239,0.03341349586844444,0.033399272710084915,0.004242406692355871,0.004242406692355871
1434,1434,0.0018184989457949996,,,,,,,,,
1435,1435,,,0.25979742407798767,0.21569299697875977,0.21704857051372528,0.05336029455065727,0.03336508944630623,0.03337223455309868,0.004226292483508587,0.004226292483508587
1435,1435,0.0018115720013156533,,,,,,,,,
1436,1436,,,0.2593619227409363,0.21467342972755432,0.21655923128128052,0.05327840521931648,0.03331660479307175,0.033344849944114685,0.004210257437080145,0.004210257437080145
1436,1436,0.0018046877812594175,,,,,,,,,
1437,1437,,,0.2589268982410431,0.21366186439990997,0.21607095003128052,0.05319724977016449,0.03326815739274025,0.033317919820547104,0.0041943262331187725,0.0041943262331187725
1437,1437,0.0017978446558117867,,,,,,,,,
1438,1438,,,0.2584928572177887,0.21265803277492523,0.21558420360088348,0.053115952759981155,0.033219750970602036,0.03329065814614296,0.0041784620843827724,0.0041784620843827724
1438,1438,0.001791046466678381,,,,,,,,,
1439,1439,,,0.2580595910549164,0.21166211366653442,0.215099036693573,0.05303468182682991,0.03317156434059143,0.03326328843832016,0.004162674769759178,0.004162674769759178
1439,1439,0.0017842876259237528,,,,,,,,,
1440,1440,,,0.2576264441013336,0.2106744945049286,0.2146148681640625,0.05295415222644806,0.03312356770038605,0.033236388117074966,0.00414698664098978,0.00414698664098978
1440,1440,0.0017775711603462696,,,,,,,,,
1441,1441,,,0.25719359517097473,0.20969505608081818,0.21413184702396393,0.05287356302142143,0.03307560831308365,0.03320915624499321,0.004131356254220009,0.004131356254220009
1441,1441,0.0017708971863612533,,,,,,,,,
1442,1442,,,0.25676220655441284,0.20872318744659424,0.21365059912204742,0.05279292166233063,0.03302772715687752,0.03318175673484802,0.004115806892514229,0.004115806892514229
1442,1442,0.001764262211509049,,,,,,,,,
1443,1443,,,0.25633230805397034,0.20775902271270752,0.2131713330745697,0.05271283909678459,0.03297969698905945,0.03315466642379761,0.004100369289517403,0.004100369289517403
1443,1443,0.0017576708924025297,,,,,,,,,
1444,1444,,,0.2559029161930084,0.20680288970470428,0.2126934826374054,0.052632831037044525,0.032931722700595856,0.03312740474939346,0.004085002467036247,0.004085002467036247
1444,1444,0.001751117641106248,,,,,,,,,
1445,1445,,,0.255473256111145,0.20585514605045319,0.21221643686294556,0.05255306512117386,0.03288396820425987,0.03310009092092514,0.0040696971118450165,0.0040696971118450165
1445,1445,0.0017446057172492146,,,,,,,,,
1446,1446,,,0.2550446391105652,0.20491474866867065,0.21174085140228271,0.05247373878955841,0.03283638134598732,0.033073071390390396,0.004054490011185408,0.004054490011185408
1446,1446,0.0017381360521540046,,,,,,,,,
1447,1447,,,0.254616916179657,0.20398207008838654,0.21126678586006165,0.052394088357686996,0.03278873860836029,0.033045653253793716,0.004039337858557701,0.004039337858557701
1447,1447,0.0017317048041149974,,,,,,,,,
1448,1448,,,0.25419023633003235,0.20305722951889038,0.21079455316066742,0.052314698696136475,0.03274112567305565,0.03301819786429405,0.004024272318929434,0.004024272318929434
1448,1448,0.001725314650684595,,,,,,,,,
1449,1449,,0.0017189637292176485,,,,,,,,
1449,1449,,,0.25376448035240173,0.20214009284973145,0.21032384037971497,0.05223628506064415,0.03269350528717041,0.032991308718919754,0.004009325057268143,0.004009325057268143
1449,1449,0.0017189637292176485,,,,,,,,,
1450,1450,,,0.2533394992351532,0.20123063027858734,0.20985466241836548,0.05215730518102646,0.03264616057276726,0.03296389803290367,0.0039944215677678585,0.0039944215677678585
1450,1450,0.0017126529710367322,,,,,,,,,
1451,1451,,,0.2529151439666748,0.20032858848571777,0.20938685536384583,0.05207841098308563,0.03259888291358948,0.032936450093984604,0.003979588393121958,0.003979588393121958
1451,1451,0.0017063803970813751,,,,,,,,,
1452,1452,,,0.2524909973144531,0.19943463802337646,0.20892000198364258,0.05200039595365524,0.0325516015291214,0.03290943056344986,0.00396485161036253,0.00396485161036253
1452,1452,0.001700148219242692,,,,,,,,,
1453,1453,,,0.25206783413887024,0.19854840636253357,0.208454892039299,0.051922306418418884,0.032504234462976456,0.03288211300969124,0.003950182348489761,0.003950182348489761
1453,1453,0.0016939557390287519,,,,,,,,,
1454,1454,,,0.2516460418701172,0.1976693570613861,0.20799173414707184,0.05184411630034447,0.032456882297992706,0.03285464271903038,0.003935587592422962,0.003935587592422962
1454,1454,0.0016877998132258654,,,,,,,,,
1455,1455,,,0.25122538208961487,0.19679759442806244,0.20753026008605957,0.051766473799943924,0.03240962699055672,0.03282751515507698,0.0039210934191942215,0.0039210934191942215
1455,1455,0.0016816843999549747,,,,,,,,,
1456,1456,,,0.2508046329021454,0.19593384861946106,0.2070697396993637,0.05168888345360756,0.03236241266131401,0.03280009329319,0.003906649071723223,0.003906649071723223
1456,1456,0.0016756054246798158,,,,,,,,,
1457,1457,,,0.25038453936576843,0.19507752358913422,0.2066105455160141,0.05161172151565552,0.032315365970134735,0.03277290612459183,0.0038922899402678013,0.0038922899402678013
1457,1457,0.0016695652157068253,,,,,,,,,
1458,1458,,,0.24996566772460938,0.19422820210456848,0.20615319907665253,0.051534466445446014,0.032268378883600235,0.032745588570833206,0.0038780015893280506,0.0038780015893280506
1458,1458,0.0016635630745440722,,,,,,,,,
1459,1459,,,0.24954774975776672,0.19338613748550415,0.2056974619626999,0.0514572449028492,0.03222135081887245,0.032718122005462646,0.0038637821562588215,0.0038637821562588215
1459,1459,0.0016575984191149473,,,,,,,,,
1460,1460,,,0.24912996590137482,0.1925518959760666,0.20524275302886963,0.05138076841831207,0.03217443451285362,0.03269097954034805,0.003849649801850319,0.003849649801850319
1460,1460,0.0016516691539436579,,,,,,,,,
1461,1461,,,0.24871398508548737,0.1917247772216797,0.204790398478508,0.05130424350500107,0.03212759643793106,0.032663725316524506,0.0038356014993041754,0.0038356014993041754
1461,1461,0.0016457793535664678,,,,,,,,,
1462,1462,,,0.24829906225204468,0.19090449810028076,0.20433972775936127,0.05122757330536842,0.03208079934120178,0.03263624384999275,0.003821614431217313,0.003821614431217313
1462,1462,0.001639927620999515,,,,,,,,,
1463,1463,,,0.24788416922092438,0.19009168446063995,0.2038898766040802,0.0511515811085701,0.032034046947956085,0.03260906785726547,0.0038077079225331545,0.0038077079225331545
1463,1463,0.0016341082518920302,,,,,,,,,
1464,1464,,,0.24746951460838318,0.1892865151166916,0.20344124734401703,0.051075853407382965,0.03198719024658203,0.032581865787506104,0.0037938659079372883,0.0037938659079372883
1464,1464,0.0016283310251310468,,,,,,,,,
1465,1465,,,0.24705615639686584,0.18848811089992523,0.20299454033374786,0.05099968984723091,0.03194037079811096,0.032554179430007935,0.003780075814574957,0.003780075814574957
1465,1465,0.0016225870931521058,,,,,,,,,
1466,1466,,,0.24664469063282013,0.1876961588859558,0.20255009829998016,0.05092445760965347,0.03189368173480034,0.032527294009923935,0.003766416572034359,0.003766416572034359
1466,1466,0.0016168777365237474,,,,,,,,,
1467,1467,,,0.2462335228919983,0.1869119256734848,0.20210686326026917,0.050848983228206635,0.031846921890974045,0.03249986469745636,0.0037527955137193203,0.0037527955137193203
1467,1467,0.0016112062148749828,,,,,,,,,
1468,1468,,,0.2458224594593048,0.1861351728439331,0.20166467130184174,0.05077366903424263,0.031800322234630585,0.03247230127453804,0.003739230101928115,0.003739230101928115
1468,1468,0.0016055714804679155,,,,,,,,,
1469,1469,,,0.24541296064853668,0.1853644996881485,0.2012244313955307,0.05069907382130623,0.03175384923815727,0.03244548290967941,0.003725779242813587,0.003725779242813587
1469,1469,0.0015999660827219486,,,,,,,,,
1470,1470,,,0.24500435590744019,0.18460068106651306,0.20078596472740173,0.050623830407857895,0.03170737624168396,0.03241792693734169,0.0037123605143278837,0.0037123605143278837
1470,1470,0.0015944024780765176,,,,,,,,,
1471,1471,,,0.2445952594280243,0.18384477496147156,0.20034806430339813,0.050549112260341644,0.03166080638766289,0.03239038959145546,0.0036989992950111628,0.0036989992950111628
1471,1471,0.0015888707712292671,,,,,,,,,
1472,1472,,,0.2441876232624054,0.18309511244297028,0.19991205632686615,0.05047550052404404,0.03161429986357689,0.03236375376582146,0.0036857654340565205,0.0036857654340565205
1472,1472,0.0015833716606721282,,,,,,,,,
1473,1473,,,0.2437816858291626,0.18235161900520325,0.19947828352451324,0.05040072649717331,0.03156783804297447,0.03233616426587105,0.0036725541576743126,0.0036725541576743126
1473,1473,0.0015779108507558703,,,,,,,,,
1474,1474,,,0.24337635934352875,0.1816151887178421,0.19904594123363495,0.0503259114921093,0.03152144327759743,0.03230828791856766,0.003659395966678858,0.003659395966678858
1474,1474,0.0015724810073152184,,,,,,,,,
1475,1475,,,0.24297083914279938,0.18088603019714355,0.19861432909965515,0.05025339871644974,0.031474947929382324,0.032282035797834396,0.003646387718617916,0.003646387718617916
1475,1475,0.0015670876018702984,,,,,,,,,
1476,1476,,,0.24256646633148193,0.18016353249549866,0.19818466901779175,0.05017930269241333,0.03142859786748886,0.03225431218743324,0.0036333694588392973,0.0036333694588392973
1476,1476,0.0015617258613929152,,,,,,,,,
1477,1477,,,0.24216416478157043,0.17944668233394623,0.19775733351707458,0.050105318427085876,0.03138243407011032,0.032226815819740295,0.0036204420030117035,0.0036204420030117035
1477,1477,0.0015563997440040112,,,,,,,,,
1478,1478,,,0.2417619824409485,0.17873671650886536,0.19733095169067383,0.05003251135349274,0.031336210668087006,0.032200027257204056,0.0036076135002076626,0.0036076135002076626
1478,1478,0.0015511027304455638,,,,,,,,,
1479,1479,,,0.241359680891037,0.17803408205509186,0.19690553843975067,0.04995923861861229,0.03128994628787041,0.03217244893312454,0.00359480082988739,0.00359480082988739
1479,1479,0.0015458418056368828,,,,,,,,,
1480,1480,,,0.24095909297466278,0.17733721435070038,0.19648239016532898,0.04988637939095497,0.031243648380041122,0.03214525803923607,0.0035820852499455214,0.0035820852499455214
1480,1480,0.0015406138263642788,,,,,,,,,
1481,1481,,,0.24056006968021393,0.1766461879014969,0.1960611641407013,0.049813881516456604,0.03119751065969467,0.03211836889386177,0.003569458844140172,0.003569458844140172
1481,1481,0.0015354170463979244,,,,,,,,,
1482,1482,,,0.24016056954860687,0.17596246302127838,0.19564063847064972,0.04974083974957466,0.031151220202445984,0.03209058195352554,0.00355683546513319,0.00355683546513319
1482,1482,0.0015302536776289344,,,,,,,,,
1483,1483,,,0.2397623062133789,0.17528465390205383,0.19522185623645782,0.04966894909739494,0.031105078756809235,0.03206371143460274,0.0035443322267383337,0.0035443322267383337
1483,1483,0.0015251190634444356,,,,,,,,,
1484,1484,,,0.23936545848846436,0.17461267113685608,0.1948050707578659,0.04959690943360329,0.03105899877846241,0.032036736607551575,0.003531892318278551,0.003531892318278551
1484,1484,0.0015200212365016341,,,,,,,,,
1485,1485,,,0.23896890878677368,0.1739475280046463,0.1943894922733307,0.04952424392104149,0.03101303242146969,0.032008953392505646,0.0035194673109799623,0.0035194673109799623
1485,1485,0.0015149503014981747,,,,,,,,,
1486,1486,,,0.23857277631759644,0.17328862845897675,0.1939750760793686,0.0494530163705349,0.030967017635703087,0.03198217228055,0.0035071573220193386,0.0035071573220193386
1486,1486,0.0015099128941074014,,,,,,,,,
1487,1487,,,0.2381780445575714,0.17263545095920563,0.19356262683868408,0.049381792545318604,0.03092104196548462,0.03195536136627197,0.003494915319606662,0.003494915319606662
1487,1487,0.0015049075009301305,,,,,,,,,
1488,1488,,,0.23778414726257324,0.17198829352855682,0.1931518018245697,0.04930924251675606,0.030875012278556824,0.03192733973264694,0.0034826660994440317,0.0034826660994440317
1488,1488,0.0014999313279986382,,,,,,,,,
1489,1489,,,0.2373911291360855,0.17134694755077362,0.19274240732192993,0.049238596111536026,0.03082890622317791,0.03190072998404503,0.003470560535788536,0.003470560535788536
1489,1489,0.0014949884498491883,,,,,,,,,
1490,1490,,,0.23699794709682465,0.1707123965024948,0.19233392179012299,0.049167849123477936,0.03078291192650795,0.03187369182705879,0.003458484774455428,0.003458484774455428
1490,1490,0.0014900716487318277,,,,,,,,,
1491,1491,,,0.23660661280155182,0.1700831949710846,0.19192776083946228,0.04909626394510269,0.03073704056441784,0.03184599429368973,0.003446444869041443,0.003446444869041443
1491,1491,0.0014851876767352223,,,,,,,,,
1492,1492,,,0.23621635138988495,0.16945941746234894,0.19152311980724335,0.04902602359652519,0.030691366642713547,0.03181948512792587,0.003434528596699238,0.003434528596699238
1492,1492,0.0014803323429077864,,,,,,,,,
1493,1493,,,0.23582613468170166,0.16884244978427887,0.19111956655979156,0.04895537719130516,0.030645495280623436,0.03179223835468292,0.0034226300194859505,0.0034226300194859505
1493,1493,0.0014755082083866,,,,,,,,,
1494,1494,,,0.2354363054037094,0.16823141276836395,0.19071726500988007,0.04888474941253662,0.030599726364016533,0.03176475688815117,0.00341077521443367,0.00341077521443367
1494,1494,0.0014707110822200775,,,,,,,,,
1495,1495,,,0.23504866659641266,0.16762474179267883,0.1903173327445984,0.04881523177027702,0.030553797259926796,0.03173838555812836,0.003399052657186985,0.003399052657186985
1495,1495,0.0014659453881904483,,,,,,,,,
1496,1496,,,0.2346615344285965,0.16702406108379364,0.1899189054965973,0.04874454438686371,0.030508004128932953,0.03171081095933914,0.0033873217180371284,0.0033873217180371284
1496,1496,0.001461206004023552,,,,,,,,,
1497,1497,,,0.2342744767665863,0.16642959415912628,0.18952128291130066,0.04867464303970337,0.030462153255939484,0.031683582812547684,0.0033756624907255173,0.0033756624907255173
1497,1497,0.0014564965385943651,,,,,,,,,
1498,1498,,,0.23388847708702087,0.1658402979373932,0.1891252100467682,0.0486057884991169,0.030416492372751236,0.03165724501013756,0.003364109667018056,0.003364109667018056
1498,1498,0.0014518159441649914,,,,,,,,,
1499,1499,,0.0014471638714894652,,,,,,,,
1499,1499,,,0.23350368440151215,0.1652565896511078,0.18873116374015808,0.048535462468862534,0.030370891094207764,0.031629569828510284,0.003352548461407423,0.003352548461407423
1499,1499,0.0014471638714894652,,,,,,,,,
1500,1500,,,0.23311977088451385,0.16467835009098053,0.18833863735198975,0.048466164618730545,0.030325355008244514,0.03160259500145912,0.0033410866744816303,0.0033410866744816303
1500,1500,0.001442540087737143,,,,,,,,,
1501,1501,,,0.23273634910583496,0.16410546004772186,0.18794727325439453,0.04839786887168884,0.030279768630862236,0.03157629072666168,0.0033297145273536444,0.0033297145273536444
1501,1501,0.0014379420317709446,,,,,,,,,
1502,1502,,,0.2323533594608307,0.16353817284107208,0.18755720555782318,0.048328109085559845,0.030234189704060555,0.03154861181974411,0.003318317700177431,0.003318317700177431
1502,1502,0.0014333758736029267,,,,,,,,,
1503,1503,,,0.23197193443775177,0.16297562420368195,0.18716901540756226,0.04825941473245621,0.03018866293132305,0.03152189031243324,0.003307035192847252,0.003307035192847252
1503,1503,0.001428831135854125,,,,,,,,,
1504,1504,,,0.2315906137228012,0.1624188870191574,0.18678194284439087,0.04819082096219063,0.030143043026328087,0.03149493411183357,0.003295792732387781,0.003295792732387781
1504,1504,0.0014243187615647912,,,,,,,,,
1505,1505,,,0.2312096208333969,0.16186760365962982,0.18639610707759857,0.0481225810945034,0.030097423121333122,0.03146808594465256,0.003284607082605362,0.003284607082605362
1505,1505,0.0014198296703398228,,,,,,,,,
1506,1506,,,0.23083028197288513,0.1613209843635559,0.18601228296756744,0.04805395379662514,0.03005189634859562,0.031440943479537964,0.003273468930274248,0.003273468930274248
1506,1506,0.0014153702650219202,,,,,,,,,
1507,1507,,,0.23045213520526886,0.1607791632413864,0.18563006818294525,0.04798591136932373,0.030006570741534233,0.031414229422807693,0.003262412268668413,0.003262412268668413
1507,1507,0.0014109323965385556,,,,,,,,,
1508,1508,,,0.230073943734169,0.1602429896593094,0.18524877727031708,0.04791763424873352,0.029961150139570236,0.03138701245188713,0.003251375863328576,0.003251375863328576
1508,1508,0.0014065238647162914,,,,,,,,,
1509,1509,,,0.22969652712345123,0.159711554646492,0.1848689615726471,0.04785044118762016,0.029915783554315567,0.03136061131954193,0.003240437712520361,0.003240437712520361
1509,1509,0.0014021418755874038,,,,,,,,,
1510,1510,,,0.22932037711143494,0.15918481349945068,0.18449094891548157,0.04778245463967323,0.029870599508285522,0.031333547085523605,0.0032295205164700747,0.0032295205164700747
1510,1510,0.0013977843336760998,,,,,,,,,
1511,1511,,,0.22894470393657684,0.1586633175611496,0.18411409854888916,0.0477147251367569,0.029825355857610703,0.03130647540092468,0.0032186543103307486,0.0032186543103307486
1511,1511,0.0013934529852122068,,,,,,,,,
1512,1512,,,0.22856973111629486,0.158146470785141,0.183738574385643,0.047647763043642044,0.029780061915516853,0.031279902905225754,0.003207867033779621,0.003207867033779621
1512,1512,0.001389146433211863,,,,,,,,,
1513,1513,,,0.22819556295871735,0.15763431787490845,0.1833646595478058,0.047580596059560776,0.029734773561358452,0.031253110617399216,0.003197119338437915,0.003197119338437915
1513,1513,0.001384867005981505,,,,,,,,,
1514,1514,,,0.2278224229812622,0.15712712705135345,0.1829923838376999,0.047513168305158615,0.029689500108361244,0.031225861981511116,0.0031864074990153313,0.0031864074990153313
1514,1514,0.0013806113274767995,,,,,,,,,
1515,1515,,,0.22745004296302795,0.15662454068660736,0.1826213300228119,0.04744720086455345,0.02964424341917038,0.031199771910905838,0.0031758081167936325,0.0031758081167936325
1515,1515,0.0013763783499598503,,,,,,,,,
1516,1516,,,0.22707858681678772,0.156126469373703,0.18225187063217163,0.04737997427582741,0.02959909476339817,0.03117256611585617,0.003165199188515544,0.003165199188515544
1516,1516,0.0013721711002290249,,,,,,,,,
1517,1517,,,0.22670705616474152,0.15563319623470306,0.1818833202123642,0.04731319844722748,0.029554106295108795,0.031145643442869186,0.0031546440441161394,0.0031546440441161394
1517,1517,0.0013679880648851395,,,,,,,,,
1518,1518,,,0.22633667290210724,0.15514443814754486,0.1815163642168045,0.04724758863449097,0.02950914017856121,0.031119616702198982,0.003144192975014448,0.003144192975014448
1518,1518,0.0013638295931741595,,,,,,,,,
1519,1519,,,0.2259667068719864,0.1546606570482254,0.1811506152153015,0.04718073830008507,0.029464134946465492,0.031092269346117973,0.0031337204854935408,0.0031337204854935408
1519,1519,0.001359694404527545,,,,,,,,,
1520,1520,,,0.2255985289812088,0.15418043732643127,0.1807868778705597,0.047114793211221695,0.02941913902759552,0.03106573037803173,0.0031233516056090593,0.0031233516056090593
1520,1520,0.0013555821496993303,,,,,,,,,
1521,1521,,,0.22523106634616852,0.1537047177553177,0.1804245412349701,0.04704916477203369,0.029374178498983383,0.031039362773299217,0.0031130407005548477,0.0031130407005548477
1521,1521,0.001351495971903205,,,,,,,,,
1522,1522,,,0.22486315667629242,0.1532340794801712,0.18006286025047302,0.04698292538523674,0.029329150915145874,0.031012162566184998,0.003102722577750683,0.003102722577750683
1522,1522,0.0013474305160343647,,,,,,,,,
1523,1523,,,0.22449658811092377,0.15276703238487244,0.1797027885913849,0.04691792279481888,0.02928435616195202,0.030986065044999123,0.00309251481667161,0.00309251481667161
1523,1523,0.001343387528322637,,,,,,,,,
1524,1524,,,0.2241302877664566,0.15230458974838257,0.1793438345193863,0.04685216024518013,0.029239537194371223,0.030959155410528183,0.0030823065899312496,0.0030823065899312496
1524,1524,0.0013393685221672058,,,,,,,,,
1525,1525,,,0.2237650603055954,0.15184639394283295,0.17898651957511902,0.046786680817604065,0.029194675385951996,0.030932342633605003,0.0030721579678356647,0.0030721579678356647
1525,1525,0.0013353724498301744,,,,,,,,,
1526,1526,,,0.22340144217014313,0.15139204263687134,0.17863106727600098,0.046722251921892166,0.029149923473596573,0.030906330794095993,0.003062113653868437,0.003062113653868437
1526,1526,0.0013313988456502557,,,,,,,,,
1527,1527,,,0.2230379581451416,0.15094193816184998,0.1782766431570053,0.04665670916438103,0.029105152934789658,0.030879266560077667,0.0030520500149577856,0.0030520500149577856
1527,1527,0.0013274449156597257,,,,,,,,,
1528,1528,,,0.22267493605613708,0.15049585700035095,0.1779233068227768,0.04659196361899376,0.029060551896691322,0.030852772295475006,0.003042059252038598,0.003042059252038598
1528,1528,0.001323515665717423,,,,,,,,,
1529,1529,,,0.22231249511241913,0.15005360543727875,0.17757119238376617,0.046527691185474396,0.02901606075465679,0.030826658010482788,0.003032130189239979,0.003032130189239979
1529,1529,0.0013196064392104745,,,,,,,,,
1530,1530,,,0.2219502478837967,0.14961595833301544,0.1772201806306839,0.04646240547299385,0.02897152304649353,0.03079942800104618,0.0030221850611269474,0.0030221850611269474
1530,1530,0.0013157213106751442,,,,,,,,,
1531,1531,,,0.22159039974212646,0.14918117225170135,0.17687152326107025,0.04639874026179314,0.028926946222782135,0.030773621052503586,0.003012381959706545,0.003012381959706545
1531,1531,0.0013118546921759844,,,,,,,,,
1532,1532,,,0.2212301790714264,0.14875110983848572,0.17652344703674316,0.046334050595760345,0.028882380574941635,0.030746743083000183,0.0030025532469153404,0.0030025532469153404
1532,1532,0.0013080101925879717,,,,,,,,,
1533,1533,,,0.22087061405181885,0.14832481741905212,0.17617668211460114,0.04626986011862755,0.028837887570261955,0.030720174312591553,0.0029927860014140606,0.0029927860014140606
1533,1533,0.0013041866477578878,,,,,,,,,
1534,1534,,,0.22051210701465607,0.14790193736553192,0.1758313775062561,0.04620644077658653,0.0287934597581625,0.030694225803017616,0.0029830990824848413,0.0029830990824848413
1534,1534,0.0013003852218389511,,,,,,,,,
1535,1535,,,0.22015410661697388,0.14748327434062958,0.17548736929893494,0.04614213854074478,0.028749052435159683,0.030667345970869064,0.002973407506942749,0.002973407506942749
1535,1535,0.0012966024223715067,,,,,,,,,
1536,1536,,,0.21979650855064392,0.147068053483963,0.17514434456825256,0.046078480780124664,0.028704864904284477,0.030640972778201103,0.002963779494166374,0.002963779494166374
1536,1536,0.0012928411597386003,,,,,,,,,
1537,1537,,,0.2194400131702423,0.1466561108827591,0.17480285465717316,0.046015262603759766,0.02866070717573166,0.030614910647273064,0.002954215742647648,0.002954215742647648
1537,1537,0.0012890989892184734,,,,,,,,,
1538,1538,,,0.21908384561538696,0.14624834060668945,0.1744624525308609,0.04595150053501129,0.028616398572921753,0.030588097870349884,0.002944657113403082,0.002944657113403082
1538,1538,0.0012853761436417699,,,,,,,,,
1539,1539,,,0.21872928738594055,0.14584338665008545,0.17412394285202026,0.045888543128967285,0.028572212904691696,0.030562015250325203,0.0029351888224482536,0.0029351888224482536
1539,1539,0.0012816737871617079,,,,,,,,,
1540,1540,,,0.21837477385997772,0.14544232189655304,0.1737862527370453,0.0458255335688591,0.028528135269880295,0.030535751953721046,0.0029257452115416527,0.0029257452115416527
1540,1540,0.0012779937824234366,,,,,,,,,
1541,1541,,,0.21802003681659698,0.14504508674144745,0.17344923317432404,0.04576219245791435,0.028484098613262177,0.03050905652344227,0.002916308818385005,0.002916308818385005
1541,1541,0.001274332171306014,,,,,,,,,
1542,1542,,,0.21766678988933563,0.14465060830116272,0.17311373353004456,0.04569970443844795,0.02844012901186943,0.03048310987651348,0.002906959969550371,0.002906959969550371
1542,1542,0.0012706884881481528,,,,,,,,,
1543,1543,,,0.21731382608413696,0.14426004886627197,0.1727793961763382,0.04563702642917633,0.02839617431163788,0.030456768348813057,0.0028976318426430225,0.0028976318426430225
1543,1543,0.001267066691070795,,,,,,,,,
1544,1544,,,0.21696215867996216,0.1438726782798767,0.1724468469619751,0.04557409510016441,0.028352318331599236,0.030430123209953308,0.0028883398044854403,0.0028883398044854403
1544,1544,0.0012634588638320565,,,,,,,,,
1545,1545,,,0.21661141514778137,0.14348824322223663,0.17211563885211945,0.04551257938146591,0.02830846607685089,0.03040466643869877,0.002879152074456215,0.002879152074456215
1545,1545,0.0012598742032423615,,,,,,,,,
1546,1546,,,0.2162606120109558,0.14310765266418457,0.1717851459980011,0.045449331402778625,0.028264708817005157,0.030377574265003204,0.0028699098620563745,0.0028699098620563745
1546,1546,0.0012563049094751477,,,,,,,,,
1547,1547,,,0.21591012179851532,0.14273013174533844,0.171455517411232,0.04538783058524132,0.02822101302444935,0.030351925641298294,0.0028607756830751896,0.0028607756830751896
1547,1547,0.0012527547078207135,,,,,,,,,
1548,1548,,,0.2155604213476181,0.14235585927963257,0.17112722992897034,0.04532570391893387,0.028177443891763687,0.03032563254237175,0.002851651282981038,0.002851651282981038
1548,1548,0.001249224180355668,,,,,,,,,
1549,1549,,0.0012457111151888967,,,,,,,,
1549,1549,,,0.21521183848381042,0.1419844627380371,0.1708006113767624,0.045263439416885376,0.028133831918239594,0.030299101024866104,0.0028425625059753656,0.0028425625059753656
1549,1549,0.0012457111151888967,,,,,,,,,
1550,1550,,,0.21486426889896393,0.14161601662635803,0.1704753339290619,0.045202288776636124,0.028090158477425575,0.030273426324129105,0.0028335624374449253,0.0028335624374449253
1550,1550,0.0012422153959050775,,,,,,,,,
1551,1551,,,0.21451698243618011,0.14125078916549683,0.17015083134174347,0.045140452682971954,0.02804652601480484,0.030247023329138756,0.0028245579451322556,0.0028245579451322556
1551,1551,0.001238739350810647,,,,,,,,,
1552,1552,,,0.2141699343919754,0.1408882886171341,0.16982732713222504,0.045078523457050323,0.028003135696053505,0.030220597982406616,0.0028155811596661806,0.0028155811596661806
1552,1552,0.0012352770427241921,,,,,,,,,
1553,1553,,,0.21382294595241547,0.14052921533584595,0.16950470209121704,0.04501790553331375,0.027959808707237244,0.030195076018571854,0.002806686330586672,0.002806686330586672
1553,1553,0.0012318356893956661,,,,,,,,,
1554,1554,,,0.21347714960575104,0.14017298817634583,0.16918355226516724,0.04495616257190704,0.027916613966226578,0.030168525874614716,0.002797783585265279,0.002797783585265279
1554,1554,0.001228408538736403,,,,,,,,,
1555,1555,,,0.2131325602531433,0.13981935381889343,0.1688639223575592,0.04489503800868988,0.027873454615473747,0.03014250099658966,0.002788951387628913,0.002788951387628913
1555,1555,0.0012250004801899195,,,,,,,,,
1556,1556,,,0.2127886563539505,0.13946861028671265,0.16854558885097504,0.044834475964307785,0.02783033438026905,0.03011680766940117,0.002780177630484104,0.002780177630484104
1556,1556,0.00122160988394171,,,,,,,,,
1557,1557,,,0.21244490146636963,0.13912107050418854,0.16822804510593414,0.04477306082844734,0.02778715081512928,0.030090145766735077,0.0027713882736861706,0.0027713882736861706
1557,1557,0.00121823709923774,,,,,,,,,
1558,1558,,,0.21210220456123352,0.13877546787261963,0.16791172325611115,0.04471302032470703,0.027744047343730927,0.03006475232541561,0.002762699732556939,0.002762699732556939
1558,1558,0.0012148768873885274,,,,,,,,,
1559,1559,,,0.2117590457201004,0.1384332776069641,0.16759593784809113,0.044652145355939865,0.027701077982783318,0.030038470402359962,0.002753990236669779,0.002753990236669779
1559,1559,0.001211534719914198,,,,,,,,,
1560,1560,,,0.211416557431221,0.13809360563755035,0.1672813594341278,0.044591207057237625,0.027658073231577873,0.030012011528015137,0.0027453098446130753,0.0027453098446130753
1560,1560,0.0012082107132300735,,,,,,,,,
1561,1561,,,0.2110753208398819,0.13775627315044403,0.16696831583976746,0.044532086700201035,0.027615180239081383,0.029987109825015068,0.002736753085628152,0.002736753085628152
1561,1561,0.0012048983480781317,,,,,,,,,
1562,1562,,,0.21073482930660248,0.1374220997095108,0.16665644943714142,0.04447060823440552,0.027572404593229294,0.029960017651319504,0.0027281236834824085,0.0027281236834824085
1562,1562,0.0012016075197607279,,,,,,,,,
1563,1563,,,0.2103954702615738,0.1370900273323059,0.1663459837436676,0.04441125690937042,0.027529703453183174,0.029934750869870186,0.002719628857448697,0.002719628857448697
1563,1563,0.0011983331060037017,,,,,,,,,
1564,1564,,,0.21005569398403168,0.13676074147224426,0.16603605449199677,0.04435129091143608,0.02748715877532959,0.02990884892642498,0.0027111228555440903,0.0027111228555440903
1564,1564,0.0011950687039643526,,,,,,,,,
1565,1565,,,0.20971634984016418,0.13643403351306915,0.16572709381580353,0.04429054632782936,0.02744469977915287,0.029882226139307022,0.0027026119641959667,0.0027026119641959667
1565,1565,0.0011918212985619903,,,,,,,,,
1566,1566,,,0.20937760174274445,0.13610957562923431,0.1654190719127655,0.04423202574253082,0.027402251958847046,0.029857387766242027,0.0026942268013954163,0.0026942268013954163
1566,1566,0.0011885918211191893,,,,,,,,,
1567,1567,,,0.2090393751859665,0.13578802347183228,0.16511216759681702,0.04417146369814873,0.027359792962670326,0.02983061410486698,0.002685780171304941,0.002685780171304941
1567,1567,0.001185375964269042,,,,,,,,,
1568,1568,,,0.20870277285575867,0.13546819984912872,0.16480697691440582,0.04411228746175766,0.027317333966493607,0.02980508841574192,0.0026774415746331215,0.0026774415746331215
1568,1568,0.0011821759399026632,,,,,,,,,
1569,1569,,,0.20836618542671204,0.13515089452266693,0.16450254619121552,0.04405325651168823,0.027275023981928825,0.02977951616048813,0.002669129753485322,0.002669129753485322
1569,1569,0.0011789881391450763,,,,,,,,,
1570,1570,,,0.20802944898605347,0.13483649492263794,0.1641986072063446,0.043993111699819565,0.02723277546465397,0.029752828180789948,0.0026607858017086983,0.0026607858017086983
1570,1570,0.0011758179171010852,,,,,,,,,
1571,1571,,,0.20769421756267548,0.13452376425266266,0.16389627754688263,0.043935175985097885,0.027190744876861572,0.02972809039056301,0.0026525836437940598,0.0026525836437940598
1571,1571,0.001172661897726357,,,,,,,,,
1572,1572,,,0.2073587328195572,0.1342138648033142,0.16359451413154602,0.04387517645955086,0.027148857712745667,0.029701441526412964,0.002644308377057314,0.002644308377057314
1572,1572,0.0011695210123434663,,,,,,,,,
1573,1573,,,0.20702426135540009,0.13390564918518066,0.16329419612884521,0.04381662607192993,0.0271068774163723,0.029675956815481186,0.0026361318305134773,0.0026361318305134773
1573,1573,0.0011663922341540456,,,,,,,,,
1574,1574,,,0.20669065415859222,0.13359962403774261,0.16299493610858917,0.043758172541856766,0.027064966037869453,0.029650473967194557,0.0026279911398887634,0.0026279911398887634
1574,1574,0.0011632810346782207,,,,,,,,,
1575,1575,,,0.20635682344436646,0.13329629600048065,0.16269613802433014,0.04369870200753212,0.027023160830140114,0.0296239722520113,0.00261982181109488,0.00261982181109488
1575,1575,0.0011601811274886131,,,,,,,,,
1576,1576,,,0.2060246765613556,0.1329944133758545,0.16239912807941437,0.043641068041324615,0.026981405913829803,0.029599102213978767,0.002611779607832432,0.002611779607832432
1576,1576,0.0011570944916456938,,,,,,,,,
1577,1577,,,0.20569203794002533,0.13269516825675964,0.16210252046585083,0.04358188062906265,0.026939883828163147,0.02957272157073021,0.0026036815252155066,0.0026036815252155066
1577,1577,0.00115402287337929,,,,,,,,,
1578,1578,,,0.20535992085933685,0.13239797949790955,0.1618068516254425,0.04352373257279396,0.02689831703901291,0.029547180980443954,0.0025956560857594013,0.0025956560857594013
1578,1578,0.001150966389104724,,,,,,,,,
1579,1579,,,0.20502865314483643,0.13210272789001465,0.16151230037212372,0.04346591606736183,0.026856867596507072,0.029521817341446877,0.0025876760482788086,0.0025876760482788086
1579,1579,0.001147924573160708,,,,,,,,,
1580,1580,,,0.20469798147678375,0.1318095177412033,0.1612187623977661,0.04340696707367897,0.02681546099483967,0.02949543297290802,0.0025796745903789997,0.0025796745903789997
1580,1580,0.0011448919540271163,,,,,,,,,
1581,1581,,,0.20436817407608032,0.1315181851387024,0.16092652082443237,0.04334964230656624,0.02677418291568756,0.029470369219779968,0.0025717769749462605,0.0025717769749462605
1581,1581,0.0011418734211474657,,,,,,,,,
1582,1582,,,0.2040383666753769,0.1312291920185089,0.16063489019870758,0.043291669338941574,0.02673288993537426,0.02944454550743103,0.0025638677179813385,0.0025638677179813385
1582,1582,0.0011388725833967328,,,,,,,,,
1583,1583,,,0.2037094533443451,0.13094156980514526,0.16034431755542755,0.04323362559080124,0.02669179067015648,0.02941877394914627,0.002555989660322666,0.002555989660322666
1583,1583,0.001135880360379815,,,,,,,,,
1584,1584,,,0.20338071882724762,0.13065601885318756,0.1600545048713684,0.04317576438188553,0.0266506876796484,0.029393041506409645,0.0025481400080025196,0.0025481400080025196
1584,1584,0.0011329029221087694,,,,,,,,,
1585,1585,,,0.20305152237415314,0.13037270307540894,0.15976504981517792,0.04311881959438324,0.02660968154668808,0.02936781756579876,0.002540338784456253,0.002540338784456253
1585,1585,0.0011299364268779755,,,,,,,,,
1586,1586,,,0.20272408425807953,0.13009072840213776,0.1594773679971695,0.043060898780822754,0.02656889334321022,0.02934190258383751,0.0025325436145067215,0.0025325436145067215
1586,1586,0.0011269841343164444,,,,,,,,,
1587,1587,,,0.2023976743221283,0.12981009483337402,0.159190833568573,0.043003108352422714,0.026528241112828255,0.029316134750843048,0.0025247882585972548,0.0025247882585972548
1587,1587,0.0011240442981943488,,,,,,,,,
1588,1588,,,0.2020706832408905,0.12953229248523712,0.15890465676784515,0.042946528643369675,0.026487549766898155,0.029290994629263878,0.002517090179026127,0.002517090179026127
1588,1588,0.0011211157543584704,,,,,,,,,
1589,1589,,,0.20174433290958405,0.129256010055542,0.15861950814723969,0.04288910701870918,0.026446977630257607,0.029265061020851135,0.00250938325189054,0.00250938325189054
1589,1589,0.0011182032758370042,,,,,,,,,
1590,1590,,,0.2014198750257492,0.12898050248622894,0.15833604335784912,0.042832084000110626,0.026406479999423027,0.029239743947982788,0.0025017429143190384,0.0025017429143190384
1590,1590,0.0011153006926178932,,,,,,,,,
1591,1591,,,0.2010943740606308,0.1287076622247696,0.1580524742603302,0.04277488589286804,0.026365989819169044,0.02921389602124691,0.002494092797860503,0.002494092797860503
1591,1591,0.001112410333007574,,,,,,,,,
1592,1592,,,0.20076875388622284,0.1284368336200714,0.15776954591274261,0.042718514800071716,0.026325523853302002,0.02918863482773304,0.0024864953011274338,0.0024864953011274338
1592,1592,0.001109532080590725,,,,,,,,,
1593,1593,,,0.2004447728395462,0.1281670182943344,0.15748810768127441,0.042661599814891815,0.02628525346517563,0.02916307933628559,0.002478917594999075,0.002478917594999075
1593,1593,0.0011066667502745986,,,,,,,,,
1594,1594,,,0.2001219093799591,0.1278984248638153,0.15720802545547485,0.042604345828294754,0.026245152577757835,0.029137171804904938,0.002471359446644783,0.002471359446644783
1594,1594,0.001103810966014862,,,,,,,,,
1595,1595,,,0.19979846477508545,0.12763236463069916,0.156928151845932,0.04254857823252678,0.026205120608210564,0.029112204909324646,0.002463869983330369,0.002463869983330369
1595,1595,0.001100967638194561,,,,,,,,,
1596,1596,,,0.1994752585887909,0.12736760079860687,0.15664896368980408,0.042492009699344635,0.026165219023823738,0.029086578637361526,0.002456368412822485,0.002456368412822485
1596,1596,0.0010981346713379025,,,,,,,,,
1597,1597,,,0.1991530954837799,0.12710388004779816,0.15637099742889404,0.0424349308013916,0.026125598698854446,0.029060693457722664,0.002448881743475795,0.002448881743475795
1597,1597,0.0010953149758279324,,,,,,,,,
1598,1598,,,0.19883129000663757,0.1268421858549118,0.1560937613248825,0.04237952455878258,0.026085877791047096,0.029035918414592743,0.0024414826184511185,0.0024414826184511185
1598,1598,0.0010925080860033631,,,,,,,,,
1599,1599,,0.0010897103929892182,,,,,,,,
1599,1599,,,0.19850938022136688,0.12658222019672394,0.1558171808719635,0.042322609573602676,0.026046112179756165,0.029009662568569183,0.002434033900499344,0.002434033900499344
1599,1599,0.0010897103929892182,,,,,,,,,
1600,1600,,,0.19818921387195587,0.12632256746292114,0.15554209053516388,0.042267318814992905,0.026006480678915977,0.02898504212498665,0.0024266988039016724,0.0024266988039016724
1600,1600,0.0010869249235838652,,,,,,,,,
1601,1601,,,0.19786886870861053,0.12606528401374817,0.15526746213436127,0.04221033304929733,0.02596701867878437,0.028958668932318687,0.002419303171336651,0.002419303171336651
1601,1601,0.0010841493494808674,,,,,,,,,
1602,1602,,,0.19754868745803833,0.12580978870391846,0.1549934595823288,0.04215547814965248,0.02592763863503933,0.02893398329615593,0.0024120151065289974,0.0024120151065289974
1602,1602,0.0010813823901116848,,,,,,,,,
1603,1603,,,0.19722971320152283,0.1255548894405365,0.15472079813480377,0.04209938272833824,0.025888357311487198,0.028908371925354004,0.002404711442068219,0.002404711442068219
1603,1603,0.0010786309139803052,,,,,,,,,
1604,1604,,,0.1969107985496521,0.12530162930488586,0.1544487476348877,0.042042870074510574,0.025849230587482452,0.028882339596748352,0.002397407777607441,0.002397407777607441
1604,1604,0.0010758882854133844,,,,,,,,,
1605,1605,,,0.19659164547920227,0.12505020201206207,0.1541769653558731,0.041988879442214966,0.025810156017541885,0.028858184814453125,0.0023902191314846277,0.0023902191314846277
1605,1605,0.0010731560178101063,,,,,,,,,
1606,1606,,,0.1962733417749405,0.12480004131793976,0.15390628576278687,0.04193203151226044,0.025771241635084152,0.028831586241722107,0.002382939448580146,0.002382939448580146
1606,1606,0.0010704346932470798,,,,,,,,,
1607,1607,,,0.1959567666053772,0.12455016374588013,0.15363727509975433,0.04187716171145439,0.025732429698109627,0.028806883841753006,0.00237578758969903,0.00237578758969903
1607,1607,0.0010677240788936615,,,,,,,,,
1608,1608,,,0.19563911855220795,0.12430264800786972,0.15336807072162628,0.041821788996458054,0.0256936177611351,0.028781328350305557,0.002368608955293894,0.002368608955293894
1608,1608,0.0010650226613506675,,,,,,,,,
1609,1609,,,0.1953219771385193,0.12405633181333542,0.1530996412038803,0.04176657646894455,0.02565498650074005,0.02875589206814766,0.0023614608217030764,0.0023614608217030764
1609,1609,0.0010623328853398561,,,,,,,,,
1610,1610,,,0.19500598311424255,0.12381067872047424,0.15283244848251343,0.041711512953042984,0.025616560131311417,0.028730804100632668,0.002354355063289404,0.002354355063289404
1610,1610,0.0010596540523692966,,,,,,,,,
1611,1611,,,0.19469000399112701,0.12356685847043991,0.1525658667087555,0.04165585711598396,0.025578154250979424,0.02870493195950985,0.0023472378961741924,0.0023472378961741924
1611,1611,0.0010569829028099775,,,,,,,,,
1612,1612,,,0.1943739503622055,0.1233244463801384,0.15229973196983337,0.04160185903310776,0.02553972415626049,0.028680257499217987,0.002340201288461685,0.002340201288461685
1612,1612,0.0010543238604441285,,,,,,,,,
1613,1613,,,0.1940595507621765,0.12308284640312195,0.15203502774238586,0.04154633730649948,0.02550138533115387,0.02865440770983696,0.002333141164854169,0.002333141164854169
1613,1613,0.0010516721522435546,,,,,,,,,
1614,1614,,,0.1937456727027893,0.12284218519926071,0.1517711728811264,0.04149173945188522,0.025463363155722618,0.028629371896386147,0.002326144138351083,0.002326144138351083
1614,1614,0.0010490338318049908,,,,,,,,,
1615,1615,,,0.19343043863773346,0.12260350584983826,0.1515069603919983,0.04143708571791649,0.025425301864743233,0.028603894636034966,0.0023191357031464577,0.0023191357031464577
1615,1615,0.0010464036604389548,,,,,,,,,
1616,1616,,,0.19311605393886566,0.12236548960208893,0.15124376118183136,0.04138276353478432,0.025387272238731384,0.02857876569032669,0.0023121696431189775,0.0023121696431189775
1616,1616,0.0010437819873914123,,,,,,,,,
1617,1617,,,0.19280336797237396,0.12212797999382019,0.150982066988945,0.041327930986881256,0.025349583476781845,0.028553355485200882,0.0023052236065268517,0.0023052236065268517
1617,1617,0.0010411727707833052,,,,,,,,,
1618,1618,,,0.19249069690704346,0.12189217656850815,0.15072081983089447,0.04127337411046028,0.025311874225735664,0.02852793224155903,0.002298300852999091,0.002298300852999091
1618,1618,0.0010385699570178986,,,,,,,,,
1619,1619,,,0.19217820465564728,0.12165768444538116,0.15046031773090363,0.04121946170926094,0.025274261832237244,0.02850291319191456,0.0022914218716323376,0.0022914218716323376
1619,1619,0.0010359782027080655,,,,,,,,,
1620,1620,,,0.19186638295650482,0.12142373621463776,0.1502007693052292,0.041164837777614594,0.025236904621124268,0.028477419167757034,0.0022845410276204348,0.0022845410276204348
1620,1620,0.0010333965765312314,,,,,,,,,
1621,1621,,,0.191554456949234,0.12119076400995255,0.14994142949581146,0.041110605001449585,0.025199539959430695,0.028452172875404358,0.002277686959132552,0.002277686959132552
1621,1621,0.0010308215860277414,,,,,,,,,
1622,1622,,,0.19124306738376617,0.12095929682254791,0.14968281984329224,0.041056759655475616,0.025162348523736,0.02842704765498638,0.002270868280902505,0.002270868280902505
1622,1622,0.0010282574221491814,,,,,,,,,
1623,1623,,,0.19093212485313416,0.12072895467281342,0.14942505955696106,0.0410025529563427,0.025125203654170036,0.02840154990553856,0.0022640558890998363,0.0022640558890998363
1623,1623,0.0010257016401737928,,,,,,,,,
1624,1624,,,0.19062237441539764,0.12049901485443115,0.14916853606700897,0.04094894975423813,0.025088053196668625,0.028376678004860878,0.0022573010064661503,0.0022573010064661503
1624,1624,0.0010231573833152652,,,,,,,,,
1625,1625,,,0.19031231105327606,0.12027046829462051,0.1489122360944748,0.04089444875717163,0.02505100704729557,0.028350846841931343,0.00225051655434072,0.00225051655434072
1625,1625,0.001020618132315576,,,,,,,,,
1626,1626,,,0.19000248610973358,0.12004314363002777,0.14865642786026,0.04084157198667526,0.025014083832502365,0.028326282277703285,0.002243814989924431,0.002243814989924431
1626,1626,0.0010180904064327478,,,,,,,,,
1627,1627,,,0.18969283998012543,0.11981678754091263,0.14840130507946014,0.040787242352962494,0.02497754991054535,0.028300467878580093,0.002237072680145502,0.002237072680145502
1627,1627,0.0010155726922675967,,,,,,,,,
1628,1628,,,0.18938438594341278,0.11959076672792435,0.14814738929271698,0.040733702480793,0.02494104765355587,0.028275446966290474,0.0022303955629467964,0.0022303955629467964
1628,1628,0.001013061497360468,,,,,,,,,
1629,1629,,,0.18907588720321655,0.11936619877815247,0.14789384603500366,0.04068039730191231,0.024904588237404823,0.028250349685549736,0.002223737072199583,0.002223737072199583
1629,1629,0.0010105588007718325,,,,,,,,,
1630,1630,,,0.18876786530017853,0.11914253979921341,0.1476409137248993,0.040626708418130875,0.024868296459317207,0.02822483517229557,0.0022170813754200935,0.0022170813754200935
1630,1630,0.0010080643696710467,,,,,,,,,
1631,1631,,,0.18846093118190765,0.11891916394233704,0.14738906919956207,0.04057371988892555,0.02483201213181019,0.028200071305036545,0.0022104857489466667,0.0022104857489466667
1631,1631,0.0010055792517960072,,,,,,,,,
1632,1632,,,0.1881534606218338,0.11869720369577408,0.14713750779628754,0.04051966592669487,0.024795809760689735,0.028174180537462234,0.0022038514725863934,0.0022038514725863934
1632,1632,0.0010031018173322082,,,,,,,,,
1633,1633,,,0.18784600496292114,0.11847659200429916,0.14688633382320404,0.040467582643032074,0.024759801104664803,0.028149781748652458,0.0021973098628222942,0.0021973098628222942
1633,1633,0.0010006356751546264,,,,,,,,,
1634,1634,,,0.1875394880771637,0.11825641244649887,0.14663614332675934,0.04041367396712303,0.024723844602704048,0.028123946860432625,0.0021907221525907516,0.0021907221525907516
1634,1634,0.0009981741895899177,,,,,,,,,
1635,1635,,,0.18723411858081818,0.11803646385669708,0.14638696610927582,0.04036072641611099,0.02468809299170971,0.028099006041884422,0.0021842028945684433,0.0021842028945684433
1635,1635,0.0009957217844203115,,,,,,,,,
1636,1636,,,0.18692760169506073,0.11781833320856094,0.146137535572052,0.040308136492967606,0.024652335792779922,0.028073983266949654,0.002177691552788019,0.002177691552788019
1636,1636,0.0009932806715369225,,,,,,,,,
1637,1637,,,0.18662209808826447,0.11760062724351883,0.1458892822265625,0.04025460034608841,0.024616815149784088,0.028048213571310043,0.002171171363443136,0.002171171363443136
1637,1637,0.0009908421197906137,,,,,,,,,
1638,1638,,,0.1863180249929428,0.11738307029008865,0.1456422507762909,0.040202558040618896,0.024581464007496834,0.02802392840385437,0.0021647473331540823,0.0021647473331540823
1638,1638,0.0009884174214676023,,,,,,,,,
1639,1639,,,0.18601295351982117,0.11716743558645248,0.14539486169815063,0.04014839977025986,0.02454620972275734,0.027997426688671112,0.0021582311019301414,0.0021582311019301414
1639,1639,0.0009859964484348893,,,,,,,,,
1640,1640,,,0.18570883572101593,0.11695210635662079,0.14514851570129395,0.040097638964653015,0.024510832503437996,0.027973802760243416,0.002151878084987402,0.002151878084987402
1640,1640,0.000983583857305348,,,,,,,,,
1641,1641,,,0.18540526926517487,0.11673722416162491,0.1449030041694641,0.04004327580332756,0.02447585202753544,0.027947235852479935,0.002145403763279319,0.002145403763279319
1641,1641,0.0009811820928007364,,,,,,,,,
1642,1642,,,0.18510262668132782,0.11652339994907379,0.1446584165096283,0.0399918295443058,0.02444101683795452,0.027923069894313812,0.0021390714682638645,0.0021390714682638645
1642,1642,0.0009787855669856071,,,,,,,,,
1643,1643,,,0.184798926115036,0.11631078273057938,0.14441357553005219,0.03993897885084152,0.02440606988966465,0.027897344902157784,0.00213267607614398,0.00213267607614398
1643,1643,0.0009763970738276839,,,,,,,,,
1644,1644,,,0.18449635803699493,0.1160982996225357,0.14416974782943726,0.03988667204976082,0.024371113628149033,0.027872266247868538,0.002126332838088274,0.002126332838088274
1644,1644,0.0009740164969116449,,,,,,,,,
1645,1645,,,0.18419410288333893,0.11588650196790695,0.14392642676830292,0.03983444347977638,0.024336514994502068,0.027847303077578545,0.002120011253282428,0.002120011253282428
1645,1645,0.0009716444183140993,,,,,,,,,
1646,1646,,,0.18389146029949188,0.11567626148462296,0.14368340373039246,0.039781734347343445,0.024302048608660698,0.027821527794003487,0.0021136736031621695,0.0021136736031621695
1646,1646,0.0009692785097286105,,,,,,,,,
1647,1647,,,0.183590367436409,0.11546553671360016,0.14344164729118347,0.03973083570599556,0.02426770143210888,0.02779756858944893,0.0021074453834444284,0.0021074453834444284
1647,1647,0.0009669199935160577,,,,,,,,,
1648,1648,,,0.18328924477100372,0.11525601148605347,0.14320020377635956,0.03967670723795891,0.02423354610800743,0.02777070179581642,0.0021010981872677803,0.0021010981872677803
1648,1648,0.0009645698592066765,,,,,,,,,
1649,1649,,0.0009622262441553175,,,,,,,,
1649,1649,,,0.18298833072185516,0.11504735797643661,0.14295917749404907,0.03962693735957146,0.024199403822422028,0.027747463434934616,0.002094939351081848,0.002094939351081848
1649,1649,0.0009622262441553175,,,,,,,,,
1650,1650,,,0.18268702924251556,0.11483967304229736,0.14271841943264008,0.03957303240895271,0.024165399372577667,0.02772054448723793,0.002088621724396944,0.002088621724396944
1650,1650,0.0009598894976079464,,,,,,,,,
1651,1651,,,0.1823877990245819,0.11463180184364319,0.14247937500476837,0.0395226888358593,0.02413163147866726,0.027696911245584488,0.0020824908278882504,0.0020824908278882504
1651,1651,0.0009575625881552696,,,,,,,,,
1652,1652,,,0.18208739161491394,0.114425428211689,0.14223982393741608,0.03946946933865547,0.024097774177789688,0.02767041325569153,0.002076234668493271,0.002076234668493271
1652,1652,0.0009552406263537705,,,,,,,,,
1653,1653,,,0.18178826570510864,0.11421892791986465,0.1420014202594757,0.039418775588274,0.02406393736600876,0.027646183967590332,0.002070110058411956,0.002070110058411956
1653,1653,0.0009529260569252074,,,,,,,,,
1654,1654,,,0.18148918449878693,0.11401335895061493,0.14176340401172638,0.03936685994267464,0.024030273780226707,0.027620848268270493,0.002063949592411518,0.002063949592411518
1654,1654,0.0009506189380772412,,,,,,,,,
1655,1655,,,0.18119041621685028,0.11380859464406967,0.1415259838104248,0.03931422904133797,0.023996978998184204,0.027594879269599915,0.002057777950540185,0.002057777950540185
1655,1655,0.0009483186877332628,,,,,,,,,
1656,1656,,,0.1808921843767166,0.11360445618629456,0.14128917455673218,0.03926463797688484,0.023963725194334984,0.027571382001042366,0.0020517439115792513,0.0020517439115792513
1656,1656,0.0009460250148549676,,,,,,,,,
1657,1657,,,0.18059393763542175,0.11340101808309555,0.14105282723903656,0.03921063616871834,0.023930586874485016,0.02754398249089718,0.0020455459598451853,0.0020455459598451853
1657,1657,0.0009437398985028267,,,,,,,,,
1658,1658,,,0.18029716610908508,0.11319728195667267,0.14081761240959167,0.03916218876838684,0.0238975640386343,0.02752160094678402,0.0020396029576659203,0.0020396029576659203
1658,1658,0.000941461359616369,,,,,,,,,
1659,1659,,,0.17999905347824097,0.11299546808004379,0.14058184623718262,0.039107516407966614,0.02386460267007351,0.02749340981245041,0.002033400582149625,0.002033400582149625
1659,1659,0.0009391871280968189,,,,,,,,,
1660,1660,,,0.17970286309719086,0.11279315501451492,0.1403476446866989,0.03905966505408287,0.02383177913725376,0.027471335604786873,0.0020275095012038946,0.0020275095012038946
1660,1660,0.0009369220933876932,,,,,,,,,
1661,1661,,,0.17940513789653778,0.11259222030639648,0.14011289179325104,0.039005097001791,0.02379901334643364,0.02744321897625923,0.0020213420502841473,0.0020213420502841473
1661,1661,0.0009346648585051298,,,,,,,,,
1662,1662,,,0.1791093349456787,0.11239109933376312,0.13987956941127777,0.03895688056945801,0.023766517639160156,0.027420727536082268,0.0020154640078544617,0.0020154640078544617
1662,1662,0.000932410592213273,,,,,,,,,
1663,1663,,,0.1788129359483719,0.11219162493944168,0.1396462768316269,0.038903381675481796,0.02373412810266018,0.02739338018000126,0.002009378047659993,0.002009378047659993
1663,1663,0.0009301643585786223,,,,,,,,,
1664,1664,,,0.1785181611776352,0.11199169605970383,0.13941417634487152,0.038854192942380905,0.023701785132288933,0.02736995741724968,0.00200349697843194,0.00200349697843194
1664,1664,0.000927925924770534,,,,,,,,,
1665,1665,,,0.17822222411632538,0.11179302632808685,0.13918180763721466,0.03880174085497856,0.02366953343153,0.02734341472387314,0.001997480634599924,0.001997480634599924
1665,1665,0.0009256952907890081,,,,,,,,,
1666,1666,,,0.17792759835720062,0.1115945354104042,0.13895057141780853,0.03875211998820305,0.023637499660253525,0.02731941267848015,0.001991606317460537,0.001991606317460537
1666,1666,0.0009234683820977807,,,,,,,,,
1667,1667,,,0.17763273417949677,0.11139649897813797,0.13871943950653076,0.03870001807808876,0.023605572059750557,0.02729324996471405,0.0019856421276926994,0.0019856421276926994
1667,1667,0.0009212486329488456,,,,,,,,,
1668,1668,,,0.17733781039714813,0.11119941622018814,0.1384885460138321,0.03865029290318489,0.02357371337711811,0.027268938720226288,0.0019797796849161386,0.0019797796849161386
1668,1668,0.0009190347045660019,,,,,,,,,
1669,1669,,,0.1770438402891159,0.11100246757268906,0.13825851678848267,0.0385986864566803,0.023541923612356186,0.027242988348007202,0.0019738655537366867,0.0019738655537366867
1669,1669,0.000916827644687146,,,,,,,,,
1670,1670,,,0.17675155401229858,0.11080541461706161,0.13802994787693024,0.0385487824678421,0.02351037599146366,0.027218613773584366,0.001968054100871086,0.001968054100871086
1670,1670,0.0009146273951046169,,,,,,,,,
1671,1671,,,0.1764581948518753,0.11060968786478043,0.13780097663402557,0.038497194647789,0.02347898855805397,0.027192560955882072,0.0019621714018285275,0.0019621714018285275
1671,1671,0.0009124347707256675,,,,,,,,,
1672,1672,,,0.17616496980190277,0.11041458696126938,0.13757231831550598,0.03844797983765602,0.02344772033393383,0.027168530970811844,0.001956394175067544,0.001956394175067544
1672,1672,0.0009102456970140338,,,,,,,,,
1673,1673,,,0.17587189376354218,0.11021961271762848,0.13734404742717743,0.0383959636092186,0.02341645210981369,0.027142060920596123,0.0019505199743434787,0.0019505199743434787
1673,1673,0.0009080651798285544,,,,,,,,,
1674,1674,,,0.17557990550994873,0.1100250780582428,0.13711684942245483,0.03834715858101845,0.023385316133499146,0.02711835317313671,0.0019447971135377884,0.0019447971135377884
1674,1674,0.0009058893192559481,,,,,,,,,
1675,1675,,,0.17528769373893738,0.10983192175626755,0.13688980042934418,0.03829502686858177,0.023354390636086464,0.02709154598414898,0.0019389500375837088,0.0019389500375837088
1675,1675,0.0009037185809575021,,,,,,,,,
1676,1676,,,0.1749967485666275,0.10963844507932663,0.1366637796163559,0.03824666514992714,0.023323478177189827,0.02706807851791382,0.0019332775846123695,0.0019332775846123695
1676,1676,0.0009015563991852105,,,,,,,,,
1677,1677,,,0.174705371260643,0.1094454675912857,0.13643778860569,0.038194235414266586,0.023292753845453262,0.02704099752008915,0.0019274508813396096,0.0019274508813396096
1677,1677,0.0008993984083645046,,,,,,,,,
1678,1678,,,0.17441467940807343,0.10925251990556717,0.13621237874031067,0.03814654052257538,0.023262254893779755,0.027018094435334206,0.0019218290690332651,0.0019218290690332651
1678,1678,0.0008972474606707692,,,,,,,,,
1679,1679,,,0.17412298917770386,0.10906099528074265,0.1359865814447403,0.03809361904859543,0.023231778293848038,0.026990335434675217,0.0019159974763169885,0.0019159974763169885
1679,1679,0.0008951012860052288,,,,,,,,,
1680,1680,,,0.17383340001106262,0.10886868089437485,0.13576248288154602,0.03804659843444824,0.023201456293463707,0.02696800045669079,0.0019104378297924995,0.0019104378297924995
1680,1680,0.0008929610485211015,,,,,,,,,
1681,1681,,,0.17354300618171692,0.10867796093225479,0.135538250207901,0.03799290582537651,0.023171190172433853,0.026939552277326584,0.0019046158995479345,0.0019046158995479345
1681,1681,0.0008908277377486229,,,,,,,,,
1682,1682,,,0.1732541173696518,0.10848736017942429,0.13531513512134552,0.037947166711091995,0.02314104698598385,0.026918012648820877,0.0018991318065673113,0.0018991318065673113
1682,1682,0.0008887003059498966,,,,,,,,,
1683,1683,,,0.1729644238948822,0.10829733312129974,0.13509176671504974,0.03789249062538147,0.023111112415790558,0.02688867226243019,0.0018933017272502184,0.0018933017272502184
1683,1683,0.0008865793352015316,,,,,,,,,
1684,1684,,,0.17267630994319916,0.10810696333646774,0.13486967980861664,0.037847671657800674,0.023081285879015923,0.026868052780628204,0.0018878860864788294,0.0018878860864788294
1684,1684,0.0008844624389894307,,,,,,,,,
1685,1685,,,0.17238545417785645,0.10791885107755661,0.13464611768722534,0.03779248148202896,0.02305152267217636,0.026837820187211037,0.0018820378463715315,0.0018820378463715315
1685,1685,0.0008823536918498576,,,,,,,,,
1686,1686,,,0.1720985621213913,0.10772906988859177,0.13442523777484894,0.037749141454696655,0.023021938279271126,0.026818471029400826,0.0018767148721963167,0.0018767148721963167
1686,1686,0.0008802487864159048,,,,,,,,,
1687,1687,,,0.1718095988035202,0.1075412929058075,0.13420332968235016,0.03769160062074661,0.022992445155978203,0.02678629197180271,0.001870822161436081,0.001870822161436081
1687,1687,0.0008781497017480433,,,,,,,,,
1688,1688,,,0.1715238094329834,0.10735245794057846,0.13398374617099762,0.03765110298991203,0.022962935268878937,0.026769204065203667,0.0018656400498002768,0.0018656400498002768
1688,1688,0.0008760549826547503,,,,,,,,,
1689,1689,,,0.17123350501060486,0.10716620832681656,0.1337616741657257,0.03759075328707695,0.022933688014745712,0.02673426829278469,0.0018596418667584658,0.0018596418667584658
1689,1689,0.0008739691693335772,,,,,,,,,
1690,1690,,,0.17094962298870087,0.10697760432958603,0.1335437297821045,0.03755410388112068,0.022904708981513977,0.02672082930803299,0.001854656613431871,0.001854656613431871
1690,1690,0.0008718852768652141,,,,,,,,,
1691,1691,,,0.17065884172916412,0.10679318010807037,0.13332168757915497,0.03748862072825432,0.022875849157571793,0.02668112888932228,0.0018484732136130333,0.0018484732136130333
1691,1691,0.0008698090678080916,,,,,,,,,
1692,1692,,,0.17037717998027802,0.10660441219806671,0.1331055909395218,0.03745919093489647,0.022846899926662445,0.02667388692498207,0.001843808451667428,0.001843808451667428
1692,1692,0.0008677386795170605,,,,,,,,,
1693,1693,,,0.17008554935455322,0.10642097145318985,0.13288351893424988,0.03738502040505409,0.02281820774078369,0.02662629634141922,0.0018372992053627968,0.0018372992053627968
1693,1693,0.0008656727150082588,,,,,,,,,
1694,1694,,,0.16980686783790588,0.10623197257518768,0.13266973197460175,0.03736681863665581,0.02278950996696949,0.02662915550172329,0.0018331243190914392,0.0018331243190914392
1694,1694,0.0008636151906102896,,,,,,,,,
1695,1695,,,0.16951167583465576,0.1060514748096466,0.13244585692882538,0.03727780282497406,0.022761063650250435,0.026568057015538216,0.001826019724830985,0.001826019724830985
1695,1695,0.0008615603437647223,,,,,,,,,
1696,1696,,,0.1692381501197815,0.10586163401603699,0.13223586976528168,0.03727974370121956,0.022732479497790337,0.026588916778564453,0.0018227014224976301,0.0018227014224976301
1696,1696,0.0008595113758929074,,,,,,,,,
1697,1697,,,0.16893798112869263,0.10568443685770035,0.13200944662094116,0.03716433048248291,0.02270449697971344,0.026503944769501686,0.0018145432695746422,0.0018145432695746422
1697,1697,0.0008574679959565401,,,,,,,,,
1698,1698,,,0.1686733365058899,0.10549140721559525,0.13180549442768097,0.03720153868198395,0.022676168009638786,0.02655651979148388,0.0018127051880583167,0.0018127051880583167
1698,1698,0.0008554315427318215,,,,,,,,,
1699,1699,,0.0008533989894203842,,,,,,,,
1699,1699,,,0.16836360096931458,0.10531958937644958,0.1315733641386032,0.03703945875167847,0.022648608312010765,0.02642938867211342,0.0018026612233370543,0.0018026612233370543
1699,1699,0.0008533989894203842,,,,,,,,,
1700,1700,,,0.16811351478099823,0.10512121766805649,0.13137900829315186,0.03713956102728844,0.022620195522904396,0.02653859369456768,0.0018034277018159628,0.0018026612233370543
1700,1700,0.0008513771463185549,,,,,,,,,
1701,1701,,,0.16778472065925598,0.10495834797620773,0.13113528490066528,0.03689291328191757,0.02259308286011219,0.026335014030337334,0.0017899376107379794,0.0017899376107379794
1701,1701,0.0008493652567267418,,,,,,,,,
1702,1702,,,0.1675616204738617,0.10474947839975357,0.1309586465358734,0.0371088981628418,0.022564513608813286,0.02654869668185711,0.0017954843351617455,0.0017899376107379794
1702,1702,0.0008473636698909104,,,,,,,,,
1703,1703,,,0.16719767451286316,0.10460289567708969,0.13069294393062592,0.03670446574687958,0.0225383248180151,0.026202792301774025,0.001775573706254363,0.001775573706254363
1703,1703,0.0008453837363049388,,,,,,,,,
1704,1704,,,0.16702385246753693,0.1043752059340477,0.13054804503917694,0.037139054387807846,0.022509105503559113,0.026613356545567513,0.001790083246305585,0.001775573706254363
1704,1704,0.0008434338960796595,,,,,,,,,
1705,1705,,,0.16659361124038696,0.10425779968500137,0.13024058938026428,0.036436159163713455,0.02248457819223404,0.025998437777161598,0.0017580535495653749,0.0017580535495653749
1705,1705,0.0008415425545535982,,,,,,,,,
1706,1706,,,0.16651402413845062,0.10399328172206879,0.1301565021276474,0.03729040548205376,0.022453857585787773,0.02678717114031315,0.001789744128473103,0.0017580535495653749
1706,1706,0.000839751330204308,,,,,,,,,
1707,1707,,,0.16595393419265747,0.10393324494361877,0.1297665536403656,0.03601377084851265,0.022432364523410797,0.02565477043390274,0.0017344551160931587,0.0017344551160931587
1707,1707,0.0008381534134969115,,,,,,,,,
1708,1708,,,0.1660577952861786,0.10359955579042435,0.1298006772994995,0.03769331052899361,0.0223983321338892,0.027187470346689224,0.0017999578267335892,0.0017344551160931587
1708,1708,0.0008369251154363155,,,,,,,,,
1709,1709,,,0.16524231433868408,0.10365274548530579,0.12924811244010925,0.035299114882946014,0.02238292619585991,0.02504786103963852,0.0016995391342788935,0.0016995391342788935
1709,1709,0.0008364195236936212,,,,,,,,,
1710,1710,,,0.16571001708507538,0.10319429636001587,0.12951809167861938,0.03863353282213211,0.022342799231410027,0.028071176260709763,0.0018332652980461717,0.0016995391342788935
1710,1710,0.0008373376913368702,,,,,,,,,
1711,1711,,,0.1643858402967453,0.10348770022392273,0.12864206731319427,0.03408246114850044,0.022340329363942146,0.023990655317902565,0.0016458880854770541,0.0016458880854770541
1711,1711,0.0008410721202380955,,,,,,,,,
1712,1712,,,0.16558431088924408,0.10282082855701447,0.1293889731168747,0.04073899984359741,0.022291237488389015,0.02999960631132126,0.0019195349887013435,0.0016458880854770541
1712,1712,0.0008503404096700251,,,,,,,,,
1713,1713,,,0.16325195133686066,0.10364513844251633,0.12787626683712006,0.03227919340133667,0.022311648353934288,0.022425463423132896,0.0015718545764684677,0.0015718545764684677
1713,1713,0.0008703987114131451,,,,,,,,,
1714,1714,,,0.16588415205478668,0.10269533842802048,0.12956717610359192,0.045140285044908524,0.02226315625011921,0.03396802023053169,0.0021231691353023052,0.0015718545764684677
1714,1714,0.0009102990734390914,,,,,,,,,
1715,1715,,,0.16167974472045898,0.1046159416437149,0.12689098715782166,0.03090444579720497,0.02229795604944229,0.021362774074077606,0.0015129528474062681,0.0015129528474062681
1715,1715,0.0009844490559771657,,,,,,,,,
1716,1716,,,0.16679249703884125,0.10318692028522491,0.13019424676895142,0.05210023373365402,0.02229643426835537,0.04017665237188339,0.0024954574182629585,0.0015129528474062681
1716,1716,0.0011057867668569088,,,,,,,,,
1717,1717,,,0.15990211069583893,0.10635489225387573,0.1258627325296402,0.031789060682058334,0.02226511389017105,0.02244725450873375,0.001528176013380289,0.0015129528474062681
1717,1717,0.0012731694150716066,,,,,,,,,
1718,1718,,,0.16752205789089203,0.10320306569337845,0.13064029812812805,0.05557757988572121,0.02233077585697174,0.043337684124708176,0.0027067491319030523,0.0015129528474062681
1718,1718,0.001426758710294962,,,,,,,,,
1719,1719,,,0.15954174101352692,0.10553957521915436,0.12555421888828278,0.031316570937633514,0.022157572209835052,0.021823840215802193,0.001504199462942779,0.001504199462942779
1719,1719,0.0014650814700871706,,,,,,,,,
1720,1720,,,0.1655537188053131,0.10138129442930222,0.12916208803653717,0.04592136666178703,0.02216489613056183,0.03489644452929497,0.0021597754675894976,0.001504199462942779
1720,1720,0.0012966652866452932,,,,,,,,,
1721,1721,,,0.16207252442836761,0.1018364280462265,0.12688152492046356,0.034194257110357285,0.022045724093914032,0.024211138486862183,0.0016212583286687732,0.001504199462942779
1721,1721,0.001014013309031725,,,,,,,,,
1722,1722,,,0.16135378181934357,0.10204338282346725,0.12642307579517365,0.033069148659706116,0.022018687799572945,0.023181842640042305,0.001573827932588756,0.001504199462942779
1722,1722,0.0008235974819399416,,,,,,,,,
1723,1723,,,0.16485413908958435,0.10116830468177795,0.1286735236644745,0.0458119660615921,0.02209223434329033,0.0348346009850502,0.002146562095731497,0.001504199462942779
1723,1723,0.0008490321924909949,,,,,,,,,
1724,1724,,,0.15931905806064606,0.10347850620746613,0.12519016861915588,0.030691983178257942,0.021998027339577675,0.02119179256260395,0.0014769593253731728,0.0014769593253731728
1724,1724,0.0010061291977763176,,,,,,,,,
1725,1725,,,0.16463106870651245,0.10093305259943008,0.12844836711883545,0.04701128229498863,0.02204091288149357,0.03588276356458664,0.002201912458986044,0.0014769593253731728
1725,1725,0.0011068688472732902,,,,,,,,,
1726,1726,,,0.16006529331207275,0.10163876414299011,0.12546630203723907,0.03189784660935402,0.02191556990146637,0.02218460477888584,0.0015194743173196912,0.0014769593253731728
1726,1726,0.001045611104927957,,,,,,,,,
1727,1727,,,0.1615140289068222,0.10027500987052917,0.1262933313846588,0.0364869050681591,0.021890411153435707,0.026454361155629158,0.0016991549637168646,0.0014769593253731728
1727,1727,0.0008886951836757362,,,,,,,,,
1728,1728,,,0.16195636987686157,0.10016664117574692,0.1265663504600525,0.04027121514081955,0.021876221522688866,0.029872223734855652,0.0018571229884400964,0.0014769593253731728
1728,1728,0.0007993178442120552,,,,,,,,,
1729,1729,,,0.15852516889572144,0.10163109004497528,0.12442579865455627,0.03122975304722786,0.02181432768702507,0.02159884199500084,0.0014802340883761644,0.0014769593253731728
1729,1729,0.0008433106122538447,,,,,,,,,
1730,1730,,,0.1627945601940155,0.09983596205711365,0.12711244821548462,0.044452160596847534,0.02185433730483055,0.03373615816235542,0.0020568931940943003,0.0014769593253731728
1730,1730,0.0009353532223030925,,,,,,,,,
1731,1731,,,0.15851520001888275,0.1008698046207428,0.12434162199497223,0.03174366429448128,0.02174738608300686,0.022075500339269638,0.001495606149546802,0.0014769593253731728
1731,1731,0.0009562151972204447,,,,,,,,,
1732,1732,,,0.16045017540454865,0.09943383932113647,0.1254788190126419,0.03798423707485199,0.021747766062617302,0.02786298282444477,0.0017448689322918653,0.0014769593253731728
1732,1732,0.0008831484010443091,,,,,,,,,
1733,1733,,,0.15995073318481445,0.09916843473911285,0.12511655688285828,0.03733394667506218,0.02172756940126419,0.02732047066092491,0.0017137208487838507,0.0014769593253731728
1733,1733,0.0008030470926314592,,,,,,,,,
1734,1734,,,0.15766164660453796,0.10002536326646805,0.1236666813492775,0.032192207872867584,0.02168285846710205,0.022544341161847115,0.0015001276042312384,0.0014769593253731728
1734,1734,0.000795649946667254,,,,,,,,,
1735,1735,,,0.1604730635881424,0.09883387386798859,0.1254415363073349,0.04204050451517105,0.021688420325517654,0.03160552680492401,0.0019177795620635152,0.0014769593253731728
1735,1735,0.0008463317062705755,,,,,,,,,
1736,1736,,,0.15718813240528107,0.09970723092556,0.12333342432975769,0.031879909336566925,0.02160179615020752,0.02227967418730259,0.0014841752126812935,0.0014769593253731728
1736,1736,0.0008799143834039569,,,,,,,,,
1737,1737,,,0.1592046618461609,0.09845487028360367,0.12456969171762466,0.03828524425625801,0.021593594923615456,0.028242498636245728,0.0017431362066417933,0.0014769593253731728
1737,1737,0.0008541190181858838,,,,,,,,,
1738,1738,,,0.1579613834619522,0.09859944134950638,0.12374913692474365,0.03578895702958107,0.021560903638601303,0.025922110304236412,0.0016306489706039429,0.0014769593253731728
1738,1738,0.0008016815991140902,,,,,,,,,
1739,1739,,,0.15670153498649597,0.0988541916012764,0.1229291781783104,0.033163152635097504,0.021547118201851845,0.02351277694106102,0.0015216964529827237,0.0014769593253731728
1739,1739,0.000779248250182718,,,,,,,,,
1740,1740,,,0.1585492342710495,0.09795520454645157,0.124083012342453,0.03989974781870842,0.021564321592450142,0.0297723188996315,0.0018031495856121182,0.0014769593253731728
1740,1740,0.0007999763474799693,,,,,,,,,
1741,1741,,,0.15576417744159698,0.09879464656114578,0.12228237837553024,0.03221498429775238,0.021502381190657616,0.022635802626609802,0.001478490885347128,0.0014769593253731728
1741,1741,0.0008270753896795213,,,,,,,,,
1742,1742,,,0.15768350660800934,0.09761849790811539,0.12346874177455902,0.03822289779782295,0.02148454636335373,0.028251327574253082,0.001723136636428535,0.0014769593253731728
1742,1742,0.0008239435264840722,,,,,,,,,
1743,1743,,,0.15638627111911774,0.09773316979408264,0.12261519581079483,0.03466658666729927,0.021444635465741158,0.024994168430566788,0.0015714924084022641,0.0014769593253731728
1743,1743,0.0007947993581183255,,,,,,,,,
1744,1744,,,0.15572679042816162,0.09779030829668045,0.12217910587787628,0.0340166911482811,0.021431850269436836,0.024386310949921608,0.0015405187150463462,0.0014769593253731728
1744,1744,0.0007718331762589514,,,,,,,,,
1745,1745,,,0.1566966474056244,0.09728193283081055,0.1227901354432106,0.038200560957193375,0.021438464522361755,0.02828224003314972,0.001711623277515173,0.0014769593253731728
1745,1745,0.0007746932678855956,,,,,,,,,
1746,1746,,,0.15468786656856537,0.09777757525444031,0.12148571759462357,0.032475415617227554,0.021401382982730865,0.022996654734015465,0.0014756120508536696,0.0014756120508536696
1746,1746,0.0007912766886875033,,,,,,,,,
1747,1747,,,0.15630264580249786,0.096865713596344,0.12249226868152618,0.03786385804414749,0.02139383926987648,0.028014857321977615,0.0016936853062361479,0.0014756120508536696
1747,1747,0.0007971436716616154,,,,,,,,,
1748,1748,,,0.1548670530319214,0.09707508236169815,0.121541328728199,0.033962998539209366,0.02135760709643364,0.024402078241109848,0.001528940163552761,0.0014756120508536696
1748,1748,0.0007844080682843924,,,,,,,,,
1749,1749,,0.0007667153840884566,,,,,,,,
1749,1749,,,0.15489467978477478,0.09672186523675919,0.12153523415327072,0.034693170338869095,0.021340303122997284,0.025121605023741722,0.001555983442813158,0.0014756120508536696
1749,1749,0.0007667153840884566,,,,,,,,,
1750,1750,,,0.15519101917743683,0.09637024253606796,0.12171298265457153,0.03670210391283035,0.02132643386721611,0.027001431211829185,0.0016354036051779985,0.0014756120508536696
1750,1750,0.0007605947903357446,,,,,,,,,
1751,1751,,,0.15365073084831238,0.09674619138240814,0.12071105092763901,0.032888054847717285,0.021296774968504906,0.023451481014490128,0.0014778503682464361,0.0014756120508536696
1751,1751,0.0007672079955227673,,,,,,,,,
1752,1752,,,0.1549852192401886,0.09599054604768753,0.1215556338429451,0.03730407729744911,0.021291224285960197,0.02758883871138096,0.001656941371038556,0.0014756120508536696
1752,1752,0.0007742486195638776,,,,,,,,,
1753,1753,,,0.153647780418396,0.09618551284074783,0.12067191302776337,0.033420268446207047,0.021264255046844482,0.02400324121117592,0.0014965685550123453,0.0014756120508536696
1753,1753,0.000771517341490835,,,,,,,,,
1754,1754,,,0.15399108827114105,0.09578661620616913,0.1208728477358818,0.035254333168268204,0.021249568089842796,0.025716572999954224,0.0015667590778321028,0.0014756120508536696
1754,1754,0.0007609767490066588,,,,,,,,,
1755,1755,,,0.15378139913082123,0.09557933360338211,0.120717354118824,0.035457778722047806,0.021232057362794876,0.025929098948836327,0.0015722117386758327,0.0014756120508536696
1755,1755,0.000752354389987886,,,,,,,,,
1756,1756,,,0.15281756222248077,0.09567499160766602,0.12007605284452438,0.033316720277071,0.021209178492426872,0.023958895355463028,0.0014838437782600522,0.0014756120508536696
1756,1756,0.0007515708566643298,,,,,,,,,
1757,1757,,,0.1535857766866684,0.09517522901296616,0.1205596774816513,0.036579228937625885,0.02118934504687786,0.02699504978954792,0.0016130220610648394,0.0014756120508536696
1757,1757,0.000755548186134547,,,,,,,,,
1758,1758,,,0.15233482420444489,0.09537094831466675,0.11973349004983902,0.033172857016325,0.021157685667276382,0.023843824863433838,0.0014733289135619998,0.0014733289135619998
1758,1758,0.0007571373134851456,,,,,,,,,
1759,1759,,,0.15294229984283447,0.09487917274236679,0.12011159956455231,0.03552749752998352,0.021137570962309837,0.026065444573760033,0.0015658385818824172,0.0014733289135619998
1759,1759,0.0007530104485340416,,,,,,,,,
1760,1760,,,0.1523158848285675,0.09487365931272507,0.11968754231929779,0.03443227708339691,0.021120021119713783,0.025057654827833176,0.0015182847855612636,0.0014733289135619998
1760,1760,0.0007461837376467884,,,,,,,,,
1761,1761,,,0.15181994438171387,0.09482578188180923,0.11934836208820343,0.03384867683053017,0.021106723695993423,0.0245280172675848,0.0014918179949745536,0.0014733289135619998
1761,1761,0.0007417285232804716,,,,,,,,,
1762,1762,,,0.1521560251712799,0.09446021914482117,0.1195511743426323,0.035669371485710144,0.02109016291797161,0.02624683640897274,0.001562860794365406,0.0014733289135619998
1762,1762,0.0007414832944050431,,,,,,,,,
1763,1763,,,0.1511184126138687,0.09459466487169266,0.11885769665241241,0.033136606216430664,0.02106485143303871,0.02389991283416748,0.0014590605860576034,0.0014590605860576034
1763,1763,0.000742946402169764,,,,,,,,,
1764,1764,,,0.1516658365726471,0.09416741132736206,0.11919708549976349,0.035532522946596146,0.02103809453547001,0.02614002302289009,0.001552174100652337,0.0014590605860576034
1764,1764,0.0007425420335493982,,,,,,,,,
1765,1765,,,0.15088193118572235,0.09418410062789917,0.11866697669029236,0.033676471561193466,0.021013451740145683,0.024436719715595245,0.0014755578013136983,0.0014590605860576034
1765,1765,0.0007391858962364495,,,,,,,,,
1766,1766,,,0.150808647274971,0.09398108720779419,0.11860467493534088,0.034304723143577576,0.020992865785956383,0.025037795305252075,0.0014974719379097223,0.0014590605860576034
1766,1766,0.0007347501232288778,,,,,,,,,
1767,1767,,,0.15064534544944763,0.09383611381053925,0.11848461627960205,0.03474029526114464,0.02097531594336033,0.02545173652470112,0.0015116690192371607,0.0014590605860576034
1767,1767,0.000731753243599087,,,,,,,,,
1768,1768,,,0.1499786674976349,0.09384315460920334,0.11803127080202103,0.033333275467157364,0.020958783105015755,0.024160481989383698,0.0014537335373461246,0.0014537335373461246
1768,1768,0.0007309302454814315,,,,,,,,,
1769,1769,,,0.15035854279994965,0.09348875284194946,0.11826270073652267,0.03515588864684105,0.020937370136380196,0.025874696671962738,0.001524170394986868,0.0014537335373461246
1769,1769,0.0007309569627977908,,,,,,,,,
1770,1770,,,0.14953385293483734,0.09354162961244583,0.11770272254943848,0.033266760408878326,0.020915864035487175,0.024123407900333405,0.0014464857522398233,0.0014464857522398233
1770,1770,0.0007300447905436158,,,,,,,,,
1771,1771,,,0.1497209668159485,0.09322972595691681,0.11780768632888794,0.03458922728896141,0.020892556756734848,0.02537498250603676,0.0014962025452405214,0.0014464857522398233
1771,1771,0.0007275990792550147,,,,,,,,,
1772,1772,,,0.14924846589565277,0.09314610064029694,0.1174791008234024,0.033879321068525314,0.020873140543699265,0.02473391592502594,0.0014653673861175776,0.0014464857522398233
1772,1772,0.0007244828739203513,,,,,,,,,
1773,1773,,,0.14891394972801208,0.09304625540971756,0.11724268645048141,0.03367219492793083,0.020854094997048378,0.024551035836338997,0.0014543101424351335,0.0014464857522398233
1773,1773,0.0007219626568257809,,,,,,,,,
1774,1774,,,0.14896246790885925,0.09281713515520096,0.11725921928882599,0.034513428807258606,0.02083336003124714,0.025350570678710938,0.0014853740576654673,0.0014464857522398233
1774,1774,0.0007205686415545642,,,,,,,,,
1775,1775,,,0.14835289120674133,0.09279508143663406,0.11684015393257141,0.03316047787666321,0.020816223695874214,0.024108773097395897,0.0014302455820143223,0.0014302455820143223
1775,1775,0.0007198014645837247,,,,,,,,,
1776,1776,,,0.14855298399925232,0.09251759201288223,0.11695615202188492,0.03452591598033905,0.02079625241458416,0.025393405929207802,0.0014815072063356638,0.0014302455820143223
1776,1776,0.0007187622832134366,,,,,,,,,
1777,1777,,,0.1479209065437317,0.09249655157327652,0.11652050167322159,0.03329337015748024,0.020780382677912712,0.02425973489880562,0.0014303007628768682,0.0014302455820143223
1777,1777,0.0007169675664044917,,,,,,,,,
1778,1778,,,0.14789219200611115,0.09226372092962265,0.11648441106081009,0.03395460546016693,0.020759789273142815,0.024897240102291107,0.0014537334209308028,0.0014302455820143223
1778,1778,0.0007146391435526311,,,,,,,,,
1779,1779,,,0.14759181439876556,0.09213365614414215,0.11626921594142914,0.033759962767362595,0.02074000984430313,0.02472955547273159,0.0014435129705816507,0.0014302455820143223
1779,1779,0.0007123787072487175,,,,,,,,,
1780,1780,,,0.147240549325943,0.09202698618173599,0.11602054536342621,0.03332843258976936,0.02072189934551716,0.024340258911252022,0.0014243624173104763,0.0014243624173104763
1780,1780,0.0007106269476935267,,,,,,,,,
1781,1781,,,0.14728540182113647,0.09178812056779861,0.1160353347659111,0.034087397158145905,0.02070274017751217,0.025067424401640892,0.0014521643752232194,0.0014243624173104763
1781,1781,0.0007093503954820335,,,,,,,,,
1782,1782,,,0.14673300087451935,0.09174637496471405,0.11565342545509338,0.03303562477231026,0.020688822492957115,0.02410195581614971,0.001408760086633265,0.001408760086633265
1782,1782,0.0007081722724251449,,,,,,,,,
1783,1783,,,0.14678148925304413,0.09151660650968552,0.11567191034555435,0.03398614376783371,0.02067045494914055,0.02500203624367714,0.0014432136667892337,0.001408760086633265
1783,1783,0.0007067278493195772,,,,,,,,,
1784,1784,,,0.14629635214805603,0.0914391353726387,0.11533352732658386,0.03315271809697151,0.02065623737871647,0.02424437925219536,0.0014083681162446737,0.0014083681162446737
1784,1784,0.0007049283594824374,,,,,,,,,
1785,1785,,,0.14619700610637665,0.09124381840229034,0.1152527928352356,0.03353909030556679,0.020637299865484238,0.024620918557047844,0.0014210750814527273,0.0014083681162446737
1785,1785,0.0007029591943137348,,,,,,,,,
1786,1786,,,0.1459517627954483,0.09109977632761002,0.11507514864206314,0.03345927968621254,0.020618431270122528,0.024559050798416138,0.0014156214892864227,0.0014083681162446737
1786,1786,0.0007010993431322277,,,,,,,,,
1787,1787,,,0.14562638103961945,0.09097383171319962,0.11484380811452866,0.033090587705373764,0.02060120739042759,0.024232588708400726,0.0013991801533848047,0.0013991801533848047
1787,1787,0.0006994899013079703,,,,,,,,,
1788,1788,,,0.14556670188903809,0.09077285975217819,0.11479099839925766,0.033638846129179,0.020582998171448708,0.0247607734054327,0.001418119529262185,0.0013991801533848047
1788,1788,0.0006980854668654501,,,,,,,,,
1789,1789,,,0.14508305490016937,0.0907103568315506,0.11445446312427521,0.032874468713998795,0.020570727065205574,0.024061279371380806,0.001385971438139677,0.001385971438139677
1789,1789,0.0006967111839912832,,,,,,,,,
1790,1790,,,0.1450638771057129,0.09049807488918304,0.11442911624908447,0.033546000719070435,0.020552854984998703,0.0247045811265707,0.0014096163213253021,0.001385971438139677
1790,1790,0.0006952124531380832,,,,,,,,,
1791,1791,,,0.1446557641029358,0.0903988629579544,0.11414176970720291,0.03291281685233116,0.02053869515657425,0.024131201207637787,0.0013829610543325543,0.0013829610543325543
1791,1791,0.000693553127348423,,,,,,,,,
1792,1792,,,0.14453117549419403,0.0902203842997551,0.11404498666524887,0.03323575481772423,0.020520396530628204,0.024445535615086555,0.0013930466957390308,0.0013829610543325543
1792,1792,0.0006918100989423692,,,,,,,,,
1793,1793,,,0.14425908029079437,0.09008128196001053,0.11384903639554977,0.033087097108364105,0.020503904670476913,0.02432243898510933,0.0013849838869646192,0.0013829610543325543
1793,1793,0.0006901001906953752,,,,,,,,,
1794,1794,,,0.14396728575229645,0.08994743973016739,0.11364025622606277,0.03289375826716423,0.020487958565354347,0.024158900603652,0.0013752015074715018,0.0013752015074715018
1794,1794,0.0006884968024678528,,,,,,,,,
1795,1795,,,0.14382073283195496,0.089781254529953,0.11353011429309845,0.033206306397914886,0.020470300689339638,0.02446393109858036,0.0013847267255187035,0.0013752015074715018
1795,1795,0.0006869997596368194,,,,,,,,,
1796,1796,,,0.14343303442001343,0.0896860659122467,0.11325664818286896,0.032685376703739166,0.020456992089748383,0.023992501199245453,0.0013624189887195826,0.0013624189887195826
1796,1796,0.0006855448009446263,,,,,,,,,
1797,1797,,,0.14336587488651276,0.08949270099401474,0.11319942772388458,0.03316021338105202,0.020438723266124725,0.024452319368720055,0.001378473942168057,0.0013624189887195826
1797,1797,0.0006840644055046141,,,,,,,,,
1798,1798,,,0.14298132061958313,0.08939659595489502,0.11292784661054611,0.032639481127262115,0.020425116643309593,0.02398020401597023,0.001356219407171011,0.001356219407171011
1798,1798,0.0006825184682384133,,,,,,,,,
1799,1799,,0.0006809144979342818,,,,,,,,
1799,1799,,,0.1428489238023758,0.08922507613897324,0.1128271147608757,0.032967545092105865,0.02040725387632847,0.024300729855895042,0.0013663754798471928,0.001356219407171011
1799,1799,0.0006809144979342818,,,,,,,,,
1800,1800,,,0.14253763854503632,0.08910036832094193,0.1126047819852829,0.032701920717954636,0.020392412319779396,0.024069560691714287,0.0013539098436012864,0.0013539098436012864
1800,1800,0.0006792946951463819,,,,,,,,,
1801,1801,,,0.14230749011039734,0.0889577716588974,0.11243774741888046,0.03271134942770004,0.02037595957517624,0.024092745035886765,0.0013519007479771972,0.0013519007479771972
1801,1801,0.0006777018425054848,,,,,,,,,
1802,1802,,,0.14210183918476105,0.0888107568025589,0.1122874915599823,0.032777249813079834,0.020359192043542862,0.02416815608739853,0.0013521178625524044,0.0013519007479771972
1802,1802,0.0006761561962775886,,,,,,,,,
1803,1803,,,0.14180226624011993,0.08868828415870667,0.11207320541143417,0.03249780461192131,0.020344732329249382,0.023923499509692192,0.0013393526896834373,0.0013393526896834373
1803,1803,0.0006746536819264293,,,,,,,,,
1804,1804,,,0.14166249334812164,0.0885263979434967,0.11196814477443695,0.03277587890625,0.02032751776278019,0.024197738617658615,0.0013476666063070297,0.0013393526896834373
1804,1804,0.0006731717730872333,,,,,,,,,
1805,1805,,,0.14130926132202148,0.08842618018388748,0.11171773076057434,0.032379940152168274,0.020314384251832962,0.023841993883252144,0.0013302951119840145,0.0013302951119840145
1805,1805,0.000671683344990015,,,,,,,,,
1806,1806,,,0.14117319881916046,0.08825987577438354,0.11161540448665619,0.03267820551991463,0.020296704024076462,0.02413647621870041,0.0013393444241955876,0.0013302951119840145
1806,1806,0.0006701719248667359,,,,,,,,,
1807,1807,,,0.14084815979003906,0.08814655244350433,0.1113838478922844,0.03234505280852318,0.0202826876193285,0.023840397596359253,0.001324486918747425,0.001324486918747425
1807,1807,0.0006686372798867524,,,,,,,,,
1808,1808,,,0.14067530632019043,0.08799368143081665,0.11125638335943222,0.03251168876886368,0.020265625789761543,0.024009617045521736,0.0013285328168421984,0.001324486918747425
1808,1808,0.0006670940201729536,,,,,,,,,
1809,1809,,,0.14041070640087128,0.08786316215991974,0.11106597632169724,0.03235798329114914,0.020250793546438217,0.023881714791059494,0.001320561277680099,0.001320561277680099
1809,1809,0.0006655552424490452,,,,,,,,,
1810,1810,,,0.14017626643180847,0.08772693574428558,0.11089661717414856,0.03232375532388687,0.020235557109117508,0.02386491373181343,0.0013170494930818677,0.0013170494930818677
1810,1810,0.0006640328210778534,,,,,,,,,
1811,1811,,,0.1399589329957962,0.08759051561355591,0.11073941737413406,0.03236643224954605,0.020220261067152023,0.023918699473142624,0.0013163660187274218,0.0013163660187274218
1811,1811,0.0006625305977649987,,,,,,,,,
1812,1812,,,0.139675572514534,0.08746901154518127,0.1105366125702858,0.032165590673685074,0.02020685002207756,0.023746473714709282,0.0013066198443993926,0.0013066198443993926
1812,1812,0.0006610449636355042,,,,,,,,,
1813,1813,,,0.13950669765472412,0.08731578290462494,0.11041244119405746,0.03233150392770767,0.02019043266773224,0.023916617035865784,0.001310697989538312,0.0013066198443993926
1813,1813,0.0006595669547095895,,,,,,,,,
1814,1814,,,0.13920164108276367,0.08720118552446365,0.11019471287727356,0.032056041061878204,0.020177002996206284,0.023673102259635925,0.0012981570325791836,0.0012981570325791836
1814,1814,0.0006580885965377092,,,,,,,,,
1815,1815,,,0.1390380561351776,0.08704651892185211,0.11007444560527802,0.0322485975921154,0.020160168409347534,0.023867886513471603,0.0013031929265707731,0.0012981570325791836
1815,1815,0.000656604883261025,,,,,,,,,
1816,1816,,,0.1387372761964798,0.0869285836815834,0.10985960811376572,0.031990259885787964,0.020147284492850304,0.023641876876354218,0.0012913374230265617,0.0012913374230265617
1816,1816,0.000655116920825094,,,,,,,,,
1817,1817,,,0.1385505050420761,0.08678455650806427,0.10972388088703156,0.032126545906066895,0.02013169229030609,0.023782972246408463,0.0012941861059516668,0.0012913374230265617
1817,1817,0.0006536248838528991,,,,,,,,,
1818,1818,,,0.13827845454216003,0.08666098117828369,0.1095290258526802,0.03195551410317421,0.020118536427617073,0.023637959733605385,0.0012856395915150642,0.0012856395915150642
1818,1818,0.0006521338364109397,,,,,,,,,
1819,1819,,,0.13807091116905212,0.08651991933584213,0.10937861353158951,0.031986355781555176,0.020103828981518745,0.0236820038408041,0.0012846793979406357,0.0012846793979406357
1819,1819,0.0006506491918116808,,,,,,,,,
1820,1820,,,0.13783052563667297,0.08639104664325714,0.1092057153582573,0.031926218420267105,0.020090017467737198,0.023639444261789322,0.0012802566634491086,0.0012802566634491086
1820,1820,0.0006491706590168178,,,,,,,,,
1821,1821,,,0.13758593797683716,0.08626110851764679,0.10903001576662064,0.031852755695581436,0.02007642388343811,0.02358529530465603,0.001275357324630022,0.001275357324630022
1821,1821,0.0006477010319940746,,,,,,,,,
1822,1822,,,0.13737332820892334,0.0861213281750679,0.10887649655342102,0.031884461641311646,0.02006198652088642,0.023630129173398018,0.001274386770091951,0.001274386770091951
1822,1822,0.0006462372257374227,,,,,,,,,
1823,1823,,,0.1371030956506729,0.08600033074617386,0.10868309438228607,0.03173467144370079,0.0200490765273571,0.023503664880990982,0.0012666289694607258,0.0012666289694607258
1823,1823,0.0006447803461924195,,,,,,,,,
1824,1824,,,0.1369103491306305,0.08585895597934723,0.10854334384202957,0.03182633966207504,0.020034225657582283,0.023603525012731552,0.001267890678718686,0.0012666289694607258
1824,1824,0.0006433285307139158,,,,,,,,,
1825,1825,,,0.13663741946220398,0.08573732525110245,0.10834776610136032,0.031636059284210205,0.020022209733724594,0.023440783843398094,0.001258769305422902,0.001258769305422902
1825,1825,0.0006418752018362284,,,,,,,,,
1826,1826,,,0.1364472657442093,0.08559901267290115,0.10821039229631424,0.03174669295549393,0.020007723942399025,0.023557722568511963,0.001260697259567678,0.001258769305422902
1826,1826,0.000640426529571414,,,,,,,,,
1827,1827,,,0.13616842031478882,0.08548182249069214,0.10801105946302414,0.031558021903038025,0.019995976239442825,0.023395661264657974,0.0012515881098806858,0.0012515881098806858
1827,1827,0.0006389779737219214,,,,,,,,,
1828,1828,,,0.13597585260868073,0.08534210920333862,0.10787183046340942,0.031650666147470474,0.019981341436505318,0.02349713072180748,0.0012528966180980206,0.0012515881098806858
1828,1828,0.0006375291850417852,,,,,,,,,
1829,1829,,,0.1357063204050064,0.08522341400384903,0.10767890512943268,0.03149065002799034,0.01996932178735733,0.02336125820875168,0.0012448651250451803,0.0012448651250451803
1829,1829,0.000636083772405982,,,,,,,,,
1830,1830,,,0.13550417125225067,0.08508766442537308,0.10753310471773148,0.031547654420137405,0.01995536871254444,0.023428626358509064,0.00124486128333956,0.00124486128333956
1830,1830,0.000634641561191529,,,,,,,,,
1831,1831,,,0.13525140285491943,0.08496364951133728,0.10735182464122772,0.03142835572361946,0.019943227991461754,0.023331869393587112,0.0012384087312966585,0.0012384087312966585
1831,1831,0.0006332009215839207,,,,,,,,,
1832,1832,,,0.1350332349538803,0.08483513444662094,0.10719502717256546,0.03144106641411781,0.019929898902773857,0.023357398808002472,0.0012367514427751303,0.0012367514427751303
1832,1832,0.0006317659863270819,,,,,,,,,
1833,1833,,,0.1347903460264206,0.08471240848302841,0.10702091455459595,0.03136821091175079,0.019917620345950127,0.02330327406525612,0.0012319735251367092,0.0012319735251367092
1833,1833,0.0006303349509835243,,,,,,,,,
1834,1834,,,0.13456283509731293,0.08458483964204788,0.10685744881629944,0.03133610263466835,0.01990491896867752,0.023287860676646233,0.0012287342688068748,0.0012287342688068748
1834,1834,0.0006289059529080987,,,,,,,,,
1835,1835,,,0.13433393836021423,0.08445928990840912,0.10669320821762085,0.03130370378494263,0.019892269745469093,0.023271173238754272,0.0012254632310941815,0.0012254632310941815
1835,1835,0.0006274827173911035,,,,,,,,,
1836,1836,,,0.1340961456298828,0.08433541655540466,0.10652264207601547,0.031236428767442703,0.019879905506968498,0.023222221061587334,0.0012209428241476417,0.0012209428241476417
1836,1836,0.0006260616355575621,,,,,,,,,
1837,1837,,,0.13387858867645264,0.08420685678720474,0.10636623948812485,0.031234702095389366,0.019866937771439552,0.023234961554408073,0.0012188327964395285,0.0012188327964395285
1837,1837,0.0006246467819437385,,,,,,,,,
1838,1838,,,0.13363046944141388,0.08408742398023605,0.10618856549263,0.031140144914388657,0.019855216145515442,0.02316037192940712,0.0012133114505559206,0.0012133114505559206
1838,1838,0.0006232323357835412,,,,,,,,,
1839,1839,,,0.13341742753982544,0.08396032452583313,0.1060357391834259,0.031162841245532036,0.01984223909676075,0.02319529466331005,0.0012120651081204414,0.0012120651081204414
1839,1839,0.0006218217313289642,,,,,,,,,
1840,1840,,,0.13316762447357178,0.08384086936712265,0.10585673898458481,0.031047716736793518,0.019830897450447083,0.023102091625332832,0.001205863431096077,0.001205863431096077
1840,1840,0.0006204142118804157,,,,,,,,,
1841,1841,,,0.13296250998973846,0.0837131068110466,0.10570947825908661,0.031086498871445656,0.019817912951111794,0.02315208874642849,0.0012052375823259354,0.0012052375823259354
1841,1841,0.0006190120475366712,,,,,,,,,
1842,1842,,,0.13270749151706696,0.08359702676534653,0.1055268868803978,0.030958937481045723,0.01980685442686081,0.023046357557177544,0.0011985762976109982,0.0011985762976109982
1842,1842,0.0006176112219691277,,,,,,,,,
1843,1843,,,0.13250508904457092,0.08346764743328094,0.10538165271282196,0.031008964404463768,0.019793719053268433,0.023107433691620827,0.0011983632575720549,0.0011983632575720549
1843,1843,0.0006162137724459171,,,,,,,,,
1844,1844,,,0.13224586844444275,0.08335325866937637,0.10519623011350632,0.030870016664266586,0.019782980903983116,0.022991180419921875,0.0011913047637790442,0.0011913047637790442
1844,1844,0.0006148199900053442,,,,,,,,,
1845,1845,,,0.1320468783378601,0.08322588354349136,0.10505353659391403,0.03093216009438038,0.01976994425058365,0.02306288667023182,0.0011915224604308605,0.0011913047637790442
1845,1845,0.0006134281284175813,,,,,,,,,
1846,1846,,,0.13178856670856476,0.08311103284358978,0.10486853867769241,0.030780645087361336,0.019759589806199074,0.022935234010219574,0.0011840788647532463,0.0011840788647532463
1846,1846,0.0006120393518358469,,,,,,,,,
1847,1847,,,0.1315946877002716,0.08298345655202866,0.10472960770130157,0.03085579164326191,0.01974642090499401,0.023019220679998398,0.0011847815476357937,0.0011840788647532463
1847,1847,0.0006106561631895602,,,,,,,,,
1848,1848,,,0.13132907450199127,0.08287277072668076,0.10453957319259644,0.03068990632891655,0.01973656751215458,0.02287749946117401,0.001176806166768074,0.001176806166768074
1848,1848,0.0006092739058658481,,,,,,,,,
1849,1849,,0.0006078964797779918,,,,,,,,
1849,1849,,,0.13113993406295776,0.08274468034505844,0.10440409183502197,0.0307833943516016,0.019723407924175262,0.022978922352194786,0.001178167061880231,0.001176806166768074
1849,1849,0.0006078964797779918,,,,,,,,,
1850,1850,,,0.13086913526058197,0.08263588696718216,0.10421032458543777,0.030594024807214737,0.019713956862688065,0.02281540259718895,0.0011693910928443074,0.0011693910928443074
1850,1850,0.0006065216148272157,,,,,,,,,
1851,1851,,,0.13068895041942596,0.0825079157948494,0.1040814220905304,0.030716951936483383,0.01970043033361435,0.022943690419197083,0.0011718003079295158,0.0011693910928443074
1851,1851,0.0006051522796042264,,,,,,,,,
1852,1852,,,0.13041062653064728,0.08240010589361191,0.1038820743560791,0.03049197979271412,0.019691668450832367,0.022747179493308067,0.0011618066346272826,0.0011618066346272826
1852,1852,0.0006037856801413,,,,,,,,,
1853,1853,,,0.13024313747882843,0.08227040618658066,0.10376244783401489,0.030658014118671417,0.019677776843309402,0.022915977984666824,0.0011657578870654106,0.0011618066346272826
1853,1853,0.0006024250178597867,,,,,,,,,
1854,1854,,,0.12994682788848877,0.08216938376426697,0.10355036705732346,0.030380524694919586,0.019670045003294945,0.022669728845357895,0.0011538881808519363,0.0011538881808519363
1854,1854,0.0006010698270983994,,,,,,,,,
1855,1855,,,0.12979945540428162,0.08203542977571487,0.10344517976045609,0.0306121576577425,0.01965533196926117,0.02290036529302597,0.0011601867154240608,0.0011538881808519363
1855,1855,0.0005997203406877816,,,,,,,,,
1856,1856,,,0.12948182225227356,0.08193967491388321,0.10321757942438126,0.030253153294324875,0.01964906044304371,0.022577742114663124,0.0011454718187451363,0.0011454718187451363
1856,1856,0.0005983794690109789,,,,,,,,,
1857,1857,,,0.12936410307884216,0.08180190622806549,0.10313400626182556,0.03058701381087303,0.019632985815405846,0.022903453558683395,0.0011553866788744926,0.0011454718187451363
1857,1857,0.0005970493657514453,,,,,,,,,
1858,1858,,,0.12901197373867035,0.08171332627534866,0.10288134962320328,0.03010178916156292,0.019628535956144333,0.022463034838438034,0.0011362608056515455,0.0011362608056515455
1858,1858,0.0005957346875220537,,,,,,,,,
1859,1859,,,0.1289382129907608,0.0815683975815773,0.10282974690198898,0.030593784525990486,0.019610341638326645,0.022936638444662094,0.0011517496313899755,0.0011362608056515455
1859,1859,0.00059443962527439,,,,,,,,,
1860,1860,,,0.12852810323238373,0.08149411529302597,0.10253524035215378,0.029912637546658516,0.01960918866097927,0.022312238812446594,0.0011257326696068048,0.0011257326696068048
1860,1860,0.0005931751220487058,,,,,,,,,
1861,1861,,,0.1285279542207718,0.08133450895547867,0.10253708809614182,0.030654875561594963,0.019587386399507523,0.023020310327410698,0.0011500711552798748,0.0011257326696068048
1861,1861,0.0005919553805142641,,,,,,,,,
1862,1862,,,0.12802933156490326,0.08127959817647934,0.10217810422182083,0.02965998277068138,0.019591396674513817,0.02210201323032379,0.0011130886850878596,0.0011130886850878596
1862,1862,0.0005908080493099988,,,,,,,,,
1863,1863,,,0.12814384698867798,0.08110044151544571,0.10226353257894516,0.03080884926021099,0.019563453271985054,0.023189714178442955,0.0011517348466441035,0.0011130886850878596
1863,1863,0.0005897669470869005,,,,,,,,,
1864,1864,,,0.12750031054019928,0.08107609301805496,0.10179915279150009,0.029305942356586456,0.019575588405132294,0.02179570123553276,0.001097032567486167,0.001097032567486167
1864,1864,0.0005889026797376573,,,,,,,,,
1865,1865,,,0.12780249118804932,0.08086487650871277,0.10202180594205856,0.031124018132686615,0.019537772983312607,0.023508813232183456,0.0011592573719099164,0.001097032567486167
1865,1865,0.0005883212434127927,,,,,,,,,
1866,1866,,,0.1269167810678482,0.08089675009250641,0.10138116776943207,0.02878919616341591,0.019564194604754448,0.02133399248123169,0.001075550215318799,0.001075550215318799
1866,1866,0.0005882017430849373,,,,,,,,,
1867,1867,,,0.12753567099571228,0.08063287287950516,0.10183563083410263,0.03173347935080528,0.01950916089117527,0.024098189547657967,0.0011776479659602046,0.001075550215318799
1867,1867,0.0005888501764275134,,,,,,,,,
1868,1868,,,0.12624533474445343,0.08076047897338867,0.1009003072977066,0.028023067861795425,0.019559800624847412,0.020632129162549973,0.0010459936456754804,0.0010459936456754804
1868,1868,0.0005907870945520699,,,,,,,,,
1869,1869,,,0.1273983269929886,0.08042239397764206,0.10174737870693207,0.03289314731955528,0.019476132467389107,0.02518821321427822,0.001217088894918561,0.0010459936456754804
1869,1869,0.0005948778707534075,,,,,,,,,
1870,1870,,,0.12541669607162476,0.08073233813047409,0.10030938684940338,0.026935359463095665,0.019570007920265198,0.01961115002632141,0.0010062651708722115,0.0010062651708722115
1870,1870,0.0006026494083926082,,,,,,,,,
1871,1871,,,0.12748956680297852,0.08029358088970184,0.10183495283126831,0.035099465399980545,0.0194382444024086,0.02721775323152542,0.0012993670534342527,0.0010062651708722115
1871,1871,0.0006166084203869104,,,,,,,,,
1872,1872,,,0.12432914972305298,0.0809679850935936,0.09954330325126648,0.025673430413007736,0.01960879936814308,0.018390700221061707,0.0009607046376913786,0.0009607046376913786
1872,1872,0.0006411493523046374,,,,,,,,,
1873,1873,,,0.12797419726848602,0.08042978495359421,0.10223206877708435,0.03922445327043533,0.01940138265490532,0.030935000628232956,0.0014703272609040141,0.0009607046376913786
1873,1873,0.0006830247584730387,,,,,,,,,
1874,1874,,,0.12286656349897385,0.08182848244905472,0.09854273498058319,0.025270886719226837,0.019703902304172516,0.017950860783457756,0.0009367430466227233,0.0009367430466227233
1874,1874,0.0007533969474025071,,,,,,,,,
1875,1875,,,0.12904050946235657,0.081200510263443,0.10309749096632004,0.04615732654929161,0.019390247762203217,0.03706565126776695,0.0018020584248006344,0.0009367430466227233
1875,1875,0.0008654202683828771,,,,,,,,,
1876,1876,,,0.12107152491807938,0.08374415338039398,0.09738072007894516,0.027816999703645706,0.01987575739622116,0.02028694376349449,0.0009941004682332277,0.0009367430466227233
1876,1876,0.0010344705078750849,,,,,,,,,
1877,1877,,,0.1305159628391266,0.08249002695083618,0.10427675396203995,0.054116345942020416,0.019434966146945953,0.04402729123830795,0.002250879304483533,0.0009367430466227233
1877,1877,0.001253007911145687,,,,,,,,,
1878,1878,,,0.11974547058343887,0.08547920733690262,0.09656894207000732,0.03092637099325657,0.02001403085887432,0.023095156997442245,0.0010811308166012168,0.0009367430466227233
1878,1878,0.0014803064987063408,,,,,,,,,
1879,1879,,,0.13075315952301025,0.08186767250299454,0.10438656061887741,0.05388766527175903,0.019435297697782516,0.04391266778111458,0.0022414778359234333,0.0009367430466227233
1879,1879,0.001589122461155057,,,,,,,,,
1880,1880,,,0.12075840681791306,0.08315695077180862,0.09715994447469711,0.026508022099733353,0.019804321229457855,0.01902610808610916,0.0009524073684588075,0.0009367430466227233
1880,1880,0.0014668223448097706,,,,,,,,,
1881,1881,,,0.1273542195558548,0.07938675582408905,0.1017397865653038,0.03822377696633339,0.019338050857186317,0.030236633494496346,0.0014254070119932294,0.0009367430466227233
1881,1881,0.0011019727680832148,,,,,,,,,
1882,1882,,,0.12467263638973236,0.07958535850048065,0.09980146586894989,0.029564937576651573,0.019386107102036476,0.022278279066085815,0.0010811974061653018,0.0009367430466227233
1882,1882,0.0007184579153545201,,,,,,,,,
1883,1883,,,0.12243811041116714,0.08059481531381607,0.09824341535568237,0.025206178426742554,0.01950479857623577,0.01801946386694908,0.0009314798517152667,0.0009314798517152667
1883,1883,0.0005638475413434207,,,,,,,,,
1884,1884,,,0.12817803025245667,0.07988695055246353,0.10240817815065384,0.04359893873333931,0.019287051633000374,0.0350169874727726,0.0016727689653635025,0.0009314798517152667
1884,1884,0.0006876702536828816,,,,,,,,,
1885,1885,,,0.12052281945943832,0.08202367275953293,0.09692184627056122,0.025578850880265236,0.019698450341820717,0.018272550776600838,0.000924721360206604,0.000924721360206604
1885,1885,0.0009123350610025227,,,,,,,,,
1886,1886,,,0.12752193212509155,0.07943733036518097,0.10185529291629791,0.04297829419374466,0.01928000897169113,0.034436967223882675,0.001635836553759873,0.000924721360206604
1886,1886,0.001004909980110824,,,,,,,,,
1887,1887,,,0.12185917794704437,0.07980089634656906,0.09772498160600662,0.025228405371308327,0.01949450746178627,0.01811639778316021,0.0009266078122891486,0.000924721360206604
1887,1887,0.000881583197042346,,,,,,,,,
1888,1888,,,0.12347710132598877,0.07870909571647644,0.09886067360639572,0.029761167243123055,0.01931920275092125,0.022540831938385963,0.0010765197221189737,0.000924721360206604
1888,1888,0.0006645718240179121,,,,,,,,,
1889,1889,,,0.1245194599032402,0.07876888662576675,0.09966164082288742,0.03498004749417305,0.019229575991630554,0.02731918916106224,0.0012693030294030905,0.000924721360206604
1889,1889,0.0005574611132033169,,,,,,,,,
1890,1890,,,0.12030114978551865,0.08008486032485962,0.0966595932841301,0.02477799542248249,0.019459757953882217,0.017579352483153343,0.0008997187833301723,0.0008997187833301723
1890,1890,0.0006245308904908597,,,,,,,,,
1891,1891,,,0.12575137615203857,0.07862149924039841,0.10058049112558365,0.040366463363170624,0.019164470955729485,0.03222673758864403,0.0015026000328361988,0.0008997187833301723
1891,1891,0.0007508973358199,,,,,,,,,
1892,1892,,,0.1201072633266449,0.07953222841024399,0.09647545218467712,0.02503812126815319,0.019424626603722572,0.017809340730309486,0.000903962180018425,0.0008997187833301723
1892,1892,0.000786590448115021,,,,,,,,,
1893,1893,,,0.12313847243785858,0.07774855941534042,0.09859336167573929,0.0327671580016613,0.019205959513783455,0.0253848135471344,0.0011755020823329687,0.0008997187833301723
1893,1893,0.0006965254433453083,,,,,,,,,
1894,1894,,,0.12197236716747284,0.07772912830114365,0.09774729609489441,0.03029490076005459,0.0192297101020813,0.023081855848431587,0.0010798561852425337,0.0008997187833301723
1894,1894,0.000582434528041631,,,,,,,,,
1895,1895,,,0.11973712593317032,0.07857025414705276,0.09617463499307632,0.02581752836704254,0.01933128759264946,0.018651867285370827,0.000922034028917551,0.0008997187833301723
1895,1895,0.0005535684758797288,,,,,,,,,
1896,1896,,,0.12337394058704376,0.0775497779250145,0.09882624447345734,0.036808207631111145,0.019116325303912163,0.02909386157989502,0.00133129779715091,0.0008997187833301723
1896,1896,0.0006129067623987794,,,,,,,,,
1897,1897,,,0.11896956712007523,0.07868784666061401,0.09565380215644836,0.025100206956267357,0.01932581514120102,0.0179134514182806,0.0008952549542300403,0.0008952549542300403
1897,1897,0.000673458504024893,,,,,,,,,
1898,1898,,,0.1220000609755516,0.07753292471170425,0.09784286469221115,0.03379460796713829,0.019115295261144638,0.02633524127304554,0.0012025641044601798,0.0008952549542300403
1898,1898,0.0006634832825511694,,,,,,,,,
1899,1899,,0.0005984070594422519,,,,,,,,
1899,1899,,,0.11987800151109695,0.07771512866020203,0.09629206359386444,0.028046196326613426,0.01919606141746044,0.020944135263562202,0.0009896372212097049,0.0008952549542300403
1899,1899,0.0005984070594422519,,,,,,,,,
1900,1900,,,0.11927273124456406,0.07772818207740784,0.09585241228342056,0.027273477986454964,0.019223319366574287,0.0202056635171175,0.0009610500419512391,0.0008952549542300403
1900,1900,0.0005481797270476818,,,,,,,,,
1901,1901,,,0.12107791006565094,0.07719451934099197,0.0971708595752716,0.03369767591357231,0.01912633888423443,0.026284411549568176,0.0011910803150385618,0.0008952549542300403
1901,1901,0.0005553405499085784,,,,,,,,,
1902,1902,,,0.11797434836626053,0.07804478704929352,0.0949212834239006,0.025422099977731705,0.0193005483597517,0.01831674948334694,0.0008957676473073661,0.0008952549542300403
1902,1902,0.0005954168736934662,,,,,,,,,
1903,1903,,,0.12084922194480896,0.07689014822244644,0.09701438993215561,0.03356015682220459,0.01910681463778019,0.02621435932815075,0.0011847742134705186,0.0008952549542300403
1903,1903,0.0006151985144242644,,,,,,,,,
1904,1904,,,0.11830983310937881,0.07749205082654953,0.09518493711948395,0.02694127708673477,0.0192086324095726,0.019897902384400368,0.0009428436169400811,0.0008952549542300403
1904,1904,0.0005930648767389357,,,,,,,,,
1905,1905,,,0.11877234280109406,0.07716694474220276,0.09553669393062592,0.02871674858033657,0.01916186511516571,0.021679099649190903,0.0010017255553975701,0.0008952549542300403
1905,1905,0.0005545453750528395,,,,,,,,,
1906,1906,,,0.11938934028148651,0.07688208669424057,0.09599851816892624,0.031093090772628784,0.01912410743534565,0.023962290957570076,0.0010853598359972239,0.0008952549542300403
1906,1906,0.0005377298803068697,,,,,,,,,
1907,1907,,,0.11734601855278015,0.07747125625610352,0.0945136696100235,0.02599051222205162,0.019244583323597908,0.018991908058524132,0.0009073744877241552,0.0008952549542300403
1907,1907,0.0005514764925464988,,,,,,,,,
1908,1908,,,0.11964964121580124,0.07650145888328552,0.09619466215372086,0.03271820396184921,0.01910785213112831,0.025485746562480927,0.0011443401454016566,0.0008952549542300403
1908,1908,0.0005722619825974107,,,,,,,,,
1909,1909,,,0.11734960228204727,0.07694225758314133,0.09451815485954285,0.026344407349824905,0.01922605372965336,0.01941683329641819,0.0009181430796161294,0.0008952549542300403
1909,1909,0.00057438132353127,,,,,,,,,
1910,1910,,,0.1183379590511322,0.07642826437950134,0.09526260197162628,0.02980121225118637,0.019135627895593643,0.022777704522013664,0.001033281092531979,0.0008952549542300403
1910,1910,0.000555886363144964,,,,,,,,,
1911,1911,,,0.11797706037759781,0.07636525481939316,0.09501834213733673,0.029158519580960274,0.019131945446133614,0.022192059084773064,0.0010097407503053546,0.0008952549542300403
1911,1911,0.000536099192686379,,,,,,,,,
1912,1912,,,0.1170412227511406,0.07653432339429855,0.09434518218040466,0.026751622557640076,0.019178714603185654,0.019880687817931175,0.0009280574740841985,0.0008952549542300403
1912,1912,0.0005319956107996404,,,,,,,,,
1913,1913,,,0.11849324405193329,0.07602415978908539,0.09542478621006012,0.03143254294991493,0.019088493660092354,0.024352295324206352,0.0010899348417297006,0.0008952549542300403
1913,1913,0.0005419752560555935,,,,,,,,,
1914,1914,,,0.11657050997018814,0.07642465829849243,0.09401543438434601,0.026224225759506226,0.019198622554540634,0.019372427836060524,0.000908741494640708,0.0008952549542300403
1914,1914,0.0005511563504114747,,,,,,,,,
1915,1915,,,0.11782228201627731,0.0757821798324585,0.09494441747665405,0.030300233513116837,0.019097600132226944,0.02333555370569229,0.001046298537403345,0.0008952549542300403
1915,1915,0.0005484537105076015,,,,,,,,,
1916,1916,,,0.11670512706041336,0.07597051560878754,0.09413784742355347,0.027792060747742653,0.01914089359343052,0.02094198577105999,0.0009567074594087899,0.0008952549542300403
1916,1916,0.0005365568795241416,,,,,,,,,
1917,1917,,,0.11651209741830826,0.07588396966457367,0.09400933235883713,0.02771865576505661,0.019133443012833595,0.020888391882181168,0.0009530177339911461,0.0008952549542300403
1917,1917,0.0005264736246317625,,,,,,,,,
1918,1918,,,0.11714748293161392,0.07558008283376694,0.09449156373739243,0.029925938695669174,0.019076643511652946,0.023018252104520798,0.001028579194098711,0.0008952549542300403
1918,1918,0.0005254542920738459,,,,,,,,,
1919,1919,,,0.11575539410114288,0.07595410943031311,0.09347815811634064,0.026453418657183647,0.01914830133318901,0.019666247069835663,0.0009090662351809442,0.0008952549542300403
1919,1919,0.000530876568518579,,,,,,,,,
1920,1920,,,0.11686217039823532,0.07549851387739182,0.09430930763483047,0.030216943472623825,0.019053291529417038,0.023305214941501617,0.0010359198786318302,0.0008952549542300403
1920,1920,0.0005347223486751318,,,,,,,,,
1921,1921,,,0.11554807424545288,0.07573165744543076,0.09334398806095123,0.026945538818836212,0.0191192589700222,0.02019483596086502,0.0009222505614161491,0.0008952549542300403
1921,1921,0.0005320998025126755,,,,,,,,,
1922,1922,,,0.11586618423461914,0.07549376040697098,0.0935882106423378,0.028556175529956818,0.019074980169534683,0.02175329253077507,0.0009740492678247392,0.0008952549542300403
1922,1922,0.0005250332760624588,,,,,,,,,
1923,1923,,,0.11570175737142563,0.0753839984536171,0.09347062557935715,0.02853601984679699,0.01906614936888218,0.02174641378223896,0.0009720937814563513,0.0008952549542300403
1923,1923,0.0005192425451241434,,,,,,,,,
1924,1924,,,0.1150217205286026,0.07545801252126694,0.09297157824039459,0.02696506306529045,0.01909342035651207,0.020242415368556976,0.0009184979717247188,0.0008952549542300403
1924,1924,0.0005182033637538552,,,,,,,,,
1925,1925,,,0.11568333208560944,0.0751878023147583,0.09347707778215408,0.02955419383943081,0.019023066386580467,0.02272900938987732,0.001004544785246253,0.0008952549542300403
1925,1925,0.0005205384222790599,,,,,,,,,
1926,1926,,,0.11448228359222412,0.07545605301856995,0.09259677678346634,0.026655474677681923,0.01907961443066597,0.019949834793806076,0.0009049179498106241,0.0008952549542300403
1926,1926,0.0005222267936915159,,,,,,,,,
1927,1927,,,0.11509919166564941,0.07514596730470657,0.09306558221578598,0.028981639072299004,0.019010405987501144,0.022214898839592934,0.0009815423982217908,0.0008952549542300403
1927,1927,0.000520643952768296,,,,,,,,,
1928,1928,,,0.11439770460128784,0.07523905485868454,0.09254725277423859,0.027461353689432144,0.019038718193769455,0.020757824182510376,0.0009283869876526296,0.0008952549542300403
1928,1928,0.000516542699187994,,,,,,,,,
1929,1929,,,0.11432448774576187,0.07510684430599213,0.0924915298819542,0.027655042707920074,0.01902787759900093,0.020957348868250847,0.0009336908115074039,0.0008952549542300403
1929,1929,0.0005126815522089601,,,,,,,,,
1930,1930,,,0.1144724041223526,0.07490084320306778,0.09260250627994537,0.028536466881632805,0.01899883523583412,0.02182019129395485,0.0009622887009754777,0.0008952549542300403
1930,1930,0.000511095451656729,,,,,,,,,
1931,1931,,,0.11365744471549988,0.07503165304660797,0.09200170636177063,0.026799626648426056,0.01903257519006729,0.020144985988736153,0.0009025104809552431,0.0008952549542300403
1931,1931,0.0005115444655530155,,,,,,,,,
1932,1932,,,0.11415649205446243,0.07476392388343811,0.09238416701555252,0.02885015495121479,0.018972622230648994,0.02213519625365734,0.000969647488091141,0.0008952549542300403
1932,1932,0.000512190570589155,,,,,,,,,
1933,1933,,,0.11331808567047119,0.07489261776208878,0.09176269918680191,0.02684185281395912,0.019011516124010086,0.020218605175614357,0.0009012286318466067,0.0008952549542300403
1933,1933,0.0005114287487231195,,,,,,,,,
1934,1934,,,0.11361147463321686,0.07470540702342987,0.09198777377605438,0.02817181684076786,0.018971247598528862,0.021510064601898193,0.0009440004359930754,0.0008952549542300403
1934,1934,0.0005091216880828142,,,,,,,,,
1935,1935,,,0.11325673013925552,0.07468100637197495,0.0917242169380188,0.027538999915122986,0.018979554995894432,0.020915348082780838,0.0009217314654961228,0.0008952549542300403
1935,1935,0.0005063925636932254,,,,,,,,,
1936,1936,,,0.11298537999391556,0.07462078332901001,0.09152424335479736,0.027225324884057045,0.01898203417658806,0.020628882572054863,0.0009101479081436992,0.0008952549542300403
1936,1936,0.0005044882418587804,,,,,,,,,
1937,1937,,,0.11309902369976044,0.07446518540382385,0.0916171669960022,0.028189316391944885,0.01895499788224697,0.021564029157161713,0.0009405544260516763,0.0008952549542300403
1937,1937,0.0005037753144279122,,,,,,,,,
1938,1938,,,0.11242837458848953,0.07452675700187683,0.09111940115690231,0.02673696167767048,0.018985148519277573,0.020176975056529045,0.0008911576005630195,0.0008911576005630195
1938,1938,0.0005036556394770741,,,,,,,,,
1939,1939,,,0.11278186738491058,0.07428566366434097,0.09139097481966019,0.028207581490278244,0.018941352143883705,0.02161235734820366,0.0009387668687850237,0.0008911576005630195
1939,1939,0.0005032125627622008,,,,,,,,,
1940,1940,,,0.1121741384267807,0.07435465604066849,0.09093999117612839,0.0268581360578537,0.018969247117638588,0.02032148465514183,0.0008928508032113314,0.0008911576005630195
1940,1940,0.0005019711097702384,,,,,,,,,
1941,1941,,,0.11229279637336731,0.07420232892036438,0.09103663265705109,0.027653606608510017,0.018944354727864265,0.02110539935529232,0.000917889061383903,0.0008911576005630195
1941,1941,0.000500140362419188,,,,,,,,,
1942,1942,,,0.11201608180999756,0.07415959239006042,0.09083609282970428,0.02733219601213932,0.018947534263134003,0.0208128672093153,0.0009060364682227373,0.0008911576005630195
1942,1942,0.0004983245162293315,,,,,,,,,
1943,1943,,,0.11170880496501923,0.07413379102945328,0.09061330556869507,0.02700156718492508,0.018952514976263046,0.020502375438809395,0.0008936673984862864,0.0008911576005630195
1943,1943,0.0004969966830685735,,,,,,,,,
1944,1944,,,0.11178553849458694,0.0739751085639,0.09067798405885696,0.027727456763386726,0.018931051716208458,0.021215423941612244,0.0009163187933154404,0.0008911576005630195
1944,1944,0.0004961997619830072,,,,,,,,,
1945,1945,,,0.11127320677042007,0.07398691028356552,0.09029614180326462,0.026654208078980446,0.01895533874630928,0.02019486203789711,0.0008800445357337594,0.0008800445357337594
1945,1945,0.0004956090124323964,,,,,,,,,
1946,1946,,,0.11145517975091934,0.07381637394428253,0.09044241160154343,0.027708396315574646,0.018925003707408905,0.02122006006538868,0.0009132054983638227,0.0008800445357337594
1946,1946,0.0004948313580825925,,,,,,,,,
1947,1947,,,0.11095376312732697,0.07384209334850311,0.09007170796394348,0.02671966329216957,0.01894511841237545,0.020281801000237465,0.0008795562898740172,0.0008795562898740172
1947,1947,0.0004936832119710743,,,,,,,,,
1948,1948,,,0.110976941883564,0.0737193301320076,0.09009888768196106,0.02731417305767536,0.018925024196505547,0.020870212465524673,0.0008976152748800814,0.0008795562898740172
1948,1948,0.0004922686493955553,,,,,,,,,
1949,1949,,0.0004908492555841804,,,,,,,,
1949,1949,,,0.11069604754447937,0.07369013130664825,0.08989454805850983,0.027020353823900223,0.018929414451122284,0.020596476271748543,0.0008865873096510768,0.0008795562898740172
1949,1949,0.0004908492555841804,,,,,,,,,
1950,1950,,,0.11047680675983429,0.07362321019172668,0.08973439037799835,0.02684865891933441,0.01893051527440548,0.0204437468200922,0.0008797970949672163,0.0008795562898740172
1950,1950,0.0004896362079307437,,,,,,,,,
1951,1951,,,0.11045518517494202,0.07349502295255661,0.08972427248954773,0.027274684980511665,0.018916139379143715,0.02086672931909561,0.0008924372377805412,0.0008795562898740172
1951,1951,0.0004886742681264877,,,,,,,,,
1952,1952,,,0.11003033071756363,0.07349719852209091,0.08940920978784561,0.02656026929616928,0.018931947648525238,0.020185772329568863,0.0008678031153976917,0.0008678031153976917
1952,1952,0.0004878476320300251,,,,,,,,,
1953,1953,,,0.11009269207715988,0.07335676997900009,0.08946578949689865,0.027292080223560333,0.01890784129500389,0.020904332399368286,0.0008901760447770357,0.0008678031153976917
1953,1953,0.00048698150203563273,,,,,,,,,
1954,1954,,,0.10965994000434875,0.0733664408326149,0.08914507925510406,0.026524309068918228,0.01892283372581005,0.020176252350211143,0.0008639649022370577,0.0008639649022370577
1954,1954,0.0004859701730310917,,,,,,,,,
1955,1955,,,0.1096644178032875,0.07325918227434158,0.08915748447179794,0.02706153690814972,0.0189037062227726,0.0207036342471838,0.0008799644419923425,0.0008639649022370577
1955,1955,0.00048481326666660607,,,,,,,,,
1956,1956,,,0.10937558114528656,0.07322534918785095,0.0889442041516304,0.026672838255763054,0.018909217789769173,0.020341603085398674,0.0008662021718919277,0.0008639649022370577
1956,1956,0.0004835978033952415,,,,,,,,,
1957,1957,,,0.10922375321388245,0.07314984500408173,0.08883579075336456,0.02672501839697361,0.018903158605098724,0.020403748378157616,0.0008666074718348682,0.0008639649022370577
1957,1957,0.00048242969205603004,,,,,,,,,
1958,1958,,,0.10907914489507675,0.07307525724172592,0.0887339636683464,0.02684515155851841,0.018895184621214867,0.02052903175354004,0.0008690620888955891,0.0008639649022370577
1958,1958,0.0004813663545064628,,,,,,,,,
1959,1959,,,0.10877340286970139,0.07304105162620544,0.08850834518671036,0.02645496465265751,0.018900426104664803,0.020165111869573593,0.0008552171639166772,0.0008552171639166772
1959,1959,0.00048039969988167286,,,,,,,,,
1960,1960,,,0.10874951630830765,0.07293343544006348,0.08849862217903137,0.026899700984358788,0.018883218988776207,0.020605525001883507,0.0008682279731146991,0.0008552171639166772
1960,1960,0.00047947518760338426,,,,,,,,,
1961,1961,,,0.1083938404917717,0.072929248213768,0.0882343202829361,0.026334047317504883,0.018893420696258545,0.020069444552063942,0.0008488098392263055,0.0008488098392263055
1961,1961,0.000478526228107512,,,,,,,,,
1962,1962,,,0.1083846390247345,0.07282453775405884,0.08823596686124802,0.02679782547056675,0.018874621018767357,0.020529786124825478,0.000862468674313277,0.0008488098392263055
1962,1962,0.0004775191191583872,,,,,,,,,
1963,1963,,,0.10806260257959366,0.07281264662742615,0.0879981592297554,0.026347627863287926,0.01888132281601429,0.020106744021177292,0.0008467682055197656,0.0008467682055197656
1963,1963,0.00047645371523685753,,,,,,,,,
1964,1964,,,0.1079639345407486,0.0727357491850853,0.08793212473392487,0.026587527245283127,0.01886945776641369,0.02034902572631836,0.0008530913619324565,0.0008467682055197656
1964,1964,0.0004753642133437097,,,,,,,,,
1965,1965,,,0.10774268954992294,0.07268443703651428,0.08777059614658356,0.02642890252172947,0.01886867731809616,0.02020856738090515,0.0008467844454571605,0.0008467682055197656
1965,1965,0.0004742872260976583,,,,,,,,,
1966,1966,,,0.10755094885826111,0.07262606173753738,0.08763144910335541,0.0263551976531744,0.018865762278437614,0.020148441195487976,0.0008431919268332422,0.0008431919268332422
1966,1966,0.00047325133346021175,,,,,,,,,
1967,1967,,,0.10742897540330887,0.07255175709724426,0.08754652738571167,0.02649356611073017,0.018856961280107498,0.020292731001973152,0.000846352893859148,0.0008431919268332422
1967,1967,0.00047225586604326963,,,,,,,,,
1968,1968,,,0.10715831816196442,0.0725209042429924,0.08734727650880814,0.026178494095802307,0.018860461190342903,0.02000090852379799,0.000835136161185801,0.000835136161185801
1968,1968,0.0004712899390142411,,,,,,,,,
1969,1969,,,0.10708514600992203,0.07243982702493668,0.08730132132768631,0.026481138542294502,0.018846701830625534,0.020304230973124504,0.0008434739429503679,0.000835136161185801
1969,1969,0.00047032744623720646,,,,,,,,,
1970,1970,,,0.10678433626890182,0.07242192327976227,0.08707915246486664,0.026088358834385872,0.018852492794394493,0.019935855641961098,0.0008297639433294535,0.0008297639433294535
1970,1970,0.0004693513619713485,,,,,,,,,
1971,1971,,,0.10671766847372055,0.07233134657144547,0.08703730255365372,0.026384498924016953,0.018839431926608086,0.0202339980751276,0.0008379426435567439,0.0008297639433294535
1971,1971,0.00046835688408464193,,,,,,,,,
1972,1972,,,0.1064472571015358,0.07229824364185333,0.08683762699365616,0.0260684322565794,0.018844123929739,0.019939478486776352,0.0008267193334177136,0.0008267193334177136
1972,1972,0.00046734229545108974,,,,,,,,,
1973,1973,,,0.10633261501789093,0.07222077995538712,0.08675891160964966,0.026233535259962082,0.018835315480828285,0.02010979689657688,0.0008306850213557482,0.0008267193334177136
1973,1973,0.0004663222935050726,,,,,,,,,
1974,1974,,,0.10611459612846375,0.0721723809838295,0.08660030364990234,0.02608395554125309,0.018834907561540604,0.01997731439769268,0.0008247426012530923,0.0008247426012530923
1974,1974,0.000465307297417894,,,,,,,,,
1975,1975,,,0.10593760758638382,0.07211857289075851,0.0864739790558815,0.02606823481619358,0.018831022083759308,0.019972672685980797,0.0008229904342442751,0.0008229904342442751
1975,1975,0.00046430560178123415,,,,,,,,,
1976,1976,,,0.10578037053346634,0.07205864787101746,0.08636260032653809,0.026096563786268234,0.018825965002179146,0.02001107484102249,0.0008226732606999576,0.0008226732606999576
1976,1976,0.0004633205244317651,,,,,,,,,
1977,1977,,,0.10556086897850037,0.07201435416936874,0.08620239049196243,0.025925099849700928,0.01882699504494667,0.019856968894600868,0.0008161166333593428,0.0008161166333593428
1977,1977,0.00046234921319410205,,,,,,,,,
1978,1978,,,0.10544247925281525,0.07194249331951141,0.08612097054719925,0.026076368987560272,0.018818659707903862,0.020013388246297836,0.0008196334820240736,0.0008161166333593428
1978,1978,0.0004613853816408664,,,,,,,,,
1979,1979,,,0.1051904559135437,0.07190588116645813,0.0859355553984642,0.025822404772043228,0.01882220432162285,0.019779233261942863,0.0008104613516479731,0.0008104613516479731
1979,1979,0.0004604207933880389,,,,,,,,,
1980,1980,,,0.10508295893669128,0.07182987779378891,0.08586300164461136,0.026014484465122223,0.01881316304206848,0.01997591182589531,0.0008152372902259231,0.0008104613516479731
1980,1980,0.0004594553611241281,,,,,,,,,
1981,1981,,,0.104829803109169,0.0717976838350296,0.08567675203084946,0.025758281350135803,0.018817225471138954,0.019738826900720596,0.0008060077088885009,0.0008060077088885009
1981,1981,0.00045848541776649654,,,,,,,,,
1982,1982,,,0.10471764206886292,0.0717264711856842,0.08560031652450562,0.025919517502188683,0.018808765336871147,0.01990571804344654,0.0008098521502688527,0.0008060077088885009
1982,1982,0.00045751017751172185,,,,,,,,,
1983,1983,,,0.10448760539293289,0.0716906487941742,0.0854317843914032,0.025720324367284775,0.018811112269759178,0.019724147394299507,0.000802464026492089,0.000802464026492089
1983,1983,0.0004565351118799299,,,,,,,,,
1984,1984,,,0.10434698313474655,0.07163124531507492,0.08533349633216858,0.025805944576859474,0.01880500651896,0.019817335531115532,0.0008039135718718171,0.000802464026492089
1984,1984,0.0004555625200737268,,,,,,,,,
1985,1985,,,0.10414323955774307,0.07158619910478592,0.08518561720848083,0.025693712756037712,0.018804509192705154,0.01972038485109806,0.000799237925093621,0.000799237925093621
1985,1985,0.00045459115062840283,,,,,,,,,
1986,1986,,,0.10397318005561829,0.07153264433145523,0.0850641205906868,0.025687742978334427,0.018801294267177582,0.019725095480680466,0.0007978463545441628,0.0007978463545441628
1986,1986,0.00045362688251771033,,,,,,,,,
1987,1987,,,0.1038002148270607,0.07147926837205887,0.08493995666503906,0.025665679946541786,0.018798736855387688,0.019714567810297012,0.0007959789945743978,0.0007959789945743978
1987,1987,0.0004526678239926696,,,,,,,,,
1988,1988,,,0.10360783338546753,0.07143162935972214,0.08480046689510345,0.025577036663889885,0.01879783533513546,0.019640104845166206,0.0007920787902548909,0.0007920787902548909
1988,1988,0.000451715721283108,,,,,,,,,
1989,1989,,,0.10345741361379623,0.07137618958950043,0.08469429612159729,0.02562578395009041,0.018792618066072464,0.019697705283761024,0.0007924005622044206,0.0007920787902548909
1989,1989,0.00045076667447574437,,,,,,,,,
1990,1990,,,0.10324455797672272,0.07133953273296356,0.08453920483589172,0.02548106200993061,0.01879327930510044,0.01956872083246708,0.0007867651293054223,0.0007867651293054223
1990,1990,0.0004498200723901391,,,,,,,,,
1991,1991,,,0.10310844331979752,0.07128161191940308,0.08444447815418243,0.025571199133992195,0.018787045031785965,0.019666792824864388,0.000788377074059099,0.0007867651293054223
1991,1991,0.00044887562398798764,,,,,,,,,
1992,1992,,,0.10288751870393753,0.0712466835975647,0.08428274095058441,0.025399308651685715,0.018788572400808334,0.019511111080646515,0.000781919457949698,0.000781919457949698
1992,1992,0.0004479339986573905,,,,,,,,,
1993,1993,,,0.10275787115097046,0.07118440419435501,0.08419264853000641,0.02550365962088108,0.01878168061375618,0.019622908905148506,0.0007839742465876043,0.000781919457949698
1993,1993,0.0004469922569114715,,,,,,,,,
1994,1994,,,0.10253717750310898,0.07114765793085098,0.08403071761131287,0.025328397750854492,0.01878347247838974,0.019464420154690742,0.0007774445693939924,0.0007774445693939924
1994,1994,0.00044605197035707533,,,,,,,,,
1995,1995,,,0.10240302979946136,0.07109025865793228,0.08393746614456177,0.025426557287573814,0.018777111545205116,0.019569624215364456,0.0007792816031724215,0.0007774445693939924
1995,1995,0.0004451132845133543,,,,,,,,,
1996,1996,,,0.1021878644824028,0.07105467468500137,0.08378005772829056,0.025265974923968315,0.018778307363390923,0.019425559788942337,0.0007732305093668401,0.0007732305093668401
1996,1996,0.00044417529716156423,,,,,,,,,
1997,1997,,,0.10204886645078659,0.0710003599524498,0.08368293941020966,0.02534315176308155,0.018771998584270477,0.01951073668897152,0.0007744408212602139,0.0007732305093668401
1997,1997,0.0004432398418430239,,,,,,,,,
1998,1998,,,0.10184185206890106,0.07096490263938904,0.08353181183338165,0.02520783059298992,0.018772462382912636,0.019390488043427467,0.0007691701757721603,0.0007691701757721603
1998,1998,0.0004423063655849546,,,,,,,,,
1999,1999,,0.0004413756250869483,,,,,,,,
1999,1999,,,0.10169524699449539,0.07091112434864044,0.08342856913805008,0.025257721543312073,0.01876741461455822,0.019449669867753983,0.0007695599924772978,0.0007691701757721603
1999,1999,0.0004413756250869483,,,,,,,,,
2000,2000,,,0.10149627923965454,0.07087279856204987,0.0832839235663414,0.025150004774332047,0.018767379224300385,0.01935589499771595,0.0007651355117559433,0.0007651355117559433
2000,2000,0.0004404467181302607,,,,,,,,,
2001,2001,,,0.10134008526802063,0.07082295417785645,0.08317311853170395,0.025173654779791832,0.018763108178973198,0.019389282912015915,0.0007647143793292344,0.0007647143793292344
2001,2001,0.00043952034320682287,,,,,,,,,
2002,2002,,,0.10115140676498413,0.07078200578689575,0.08303635567426682,0.025090927258133888,0.01876213774085045,0.019320163875818253,0.0007610834436491132,0.0007610834436491132
2002,2002,0.0004385962965898216,,,,,,,,,
2003,2003,,,0.10098891705274582,0.07073639333248138,0.08292049169540405,0.02509070746600628,0.018758783116936684,0.019330238923430443,0.0007599502569064498,0.0007599502569064498
2003,2003,0.00043767510214820504,,,,,,,,,
2004,2004,,,0.1008077934384346,0.0706963837146759,0.08278990536928177,0.025030851364135742,0.018757162615656853,0.019282914698123932,0.0007570222951471806,0.0007570222951471806
2004,2004,0.00043675684719346464,,,,,,,,,
2005,2005,,,0.10063961148262024,0.07065180689096451,0.08266949653625488,0.02500987984240055,0.018754398450255394,0.019273484125733376,0.0007552800234407187,0.0007552800234407187
2005,2005,0.000435841444414109,,,,,,,,,
2006,2006,,,0.10046305507421494,0.0706111267209053,0.08254250138998032,0.02496817335486412,0.018752479925751686,0.019243407994508743,0.0007528954301960766,0.0007528954301960766
2006,2006,0.0004349280206952244,,,,,,,,,
2007,2007,,,0.10028985142707825,0.07056821137666702,0.08241796493530273,0.024931950494647026,0.018750209361314774,0.019218875095248222,0.0007506930269300938,0.0007506930269300938
2007,2007,0.00043401718721725047,,,,,,,,,
2008,2008,,,0.10012052953243256,0.07052426785230637,0.0822964757680893,0.02490328624844551,0.018747959285974503,0.019201958552002907,0.0007487368420697749,0.0007487368420697749
2008,2008,0.0004331086529418826,,,,,,,,,
2009,2009,,,0.09994277358055115,0.07048548012971878,0.08216843754053116,0.02485576458275318,0.018746722489595413,0.019165877252817154,0.0007461898494511843,0.0007461898494511843
2009,2009,0.0004322023596614599,,,,,,,,,
2010,2010,,,0.0997774749994278,0.0704418197274208,0.0820501297712326,0.024838043376803398,0.01874404586851597,0.019159721210598946,0.0007445748778991401,0.0007445748778991401
2010,2010,0.00043129725963808596,,,,,,,,,
2011,2011,,,0.09959758818149567,0.0704042837023735,0.08192027360200882,0.024779222905635834,0.018742775544524193,0.019113289192318916,0.0007417150191031396,0.0007417150191031396
2011,2011,0.00043039696174673736,,,,,,,,,
2012,2012,,,0.09943397343158722,0.07036319375038147,0.08180341869592667,0.02477332390844822,0.018739785999059677,0.019117502495646477,0.0007404315983876586,0.0007404315983876586
2012,2012,0.0004294957034289837,,,,,,,,,
2013,2013,,,0.09925375133752823,0.07032424211502075,0.08167293667793274,0.02470327541232109,0.018739186227321625,0.0190607700496912,0.0007372746476903558,0.0007372746476903558
2013,2013,0.00042859857785515487,,,,,,,,,
2014,2014,,,0.099094919860363,0.0702817291021347,0.08155981451272964,0.02470814436674118,0.018736371770501137,0.01907556690275669,0.000736329413484782,0.000736329413484782
2014,2014,0.00042770366417244077,,,,,,,,,
2015,2015,,,0.09890909492969513,0.0702461302280426,0.08142490684986115,0.024626966565847397,0.018735922873020172,0.019007408991456032,0.0007328271167352796,0.0007328271167352796
2015,2015,0.00042681119521148503,,,,,,,,,
2016,2016,,,0.09875530004501343,0.07020165026187897,0.08131572604179382,0.024644844233989716,0.01873224973678589,0.0190352201461792,0.0007322832243517041,0.0007322832243517041
2016,2016,0.00042592105455696583,,,,,,,,,
2017,2017,,,0.09856544435024261,0.07016874849796295,0.08117756992578506,0.024547962471842766,0.018732549622654915,0.01895185373723507,0.0007283329614438117,0.0007283329614438117
2017,2017,0.0004250318161211908,,,,,,,,,
2018,2018,,,0.0984187051653862,0.07012561708688736,0.08107408136129379,0.02458520606160164,0.018728746101260185,0.01899806410074234,0.0007283713785000145,0.0007283329614438117
2018,2018,0.0004241475835442543,,,,,,,,,
2019,2019,,,0.09822294861078262,0.07009490579366684,0.08093096315860748,0.02446477673947811,0.01872984878718853,0.01889222301542759,0.0007237504469230771,0.0007237504469230771
2019,2019,0.0004232643696013838,,,,,,,,,
2020,2020,,,0.09808462113142014,0.07004919648170471,0.08083423227071762,0.024530233815312386,0.018724510446190834,0.018965700641274452,0.0007246187888085842,0.0007237504469230771
2020,2020,0.00042238313471898437,,,,,,,,,
2021,2021,,,0.09787751734256744,0.07002216577529907,0.08068195730447769,0.024376073852181435,0.01872675120830536,0.018826887011528015,0.0007190059404820204,0.0007190059404820204
2021,2021,0.0004215063527226448,,,,,,,,,
2022,2022,,,0.09775377810001373,0.06997308880090714,0.08059702813625336,0.024483339861035347,0.01872093230485916,0.01894102431833744,0.0007211214397102594,0.0007190059404820204
2022,2022,0.00042063300497829914,,,,,,,,,
2023,2023,,,0.09753160923719406,0.0699506551027298,0.08043226599693298,0.024277161806821823,0.01872483268380165,0.018751809373497963,0.0007140012457966805,0.0007140012457966805
2023,2023,0.00041976364445872605,,,,,,,,,
2024,2024,,,0.09742846339941025,0.06989741325378418,0.08036398142576218,0.024450024589896202,0.01871616579592228,0.01892915740609169,0.0007180386455729604,0.0007140012457966805
2024,2024,0.00041889934800565243,,,,,,,,,
2025,2025,,,0.09718099236488342,0.06988290697336197,0.0801786258816719,0.024162039160728455,0.01872292347252369,0.01866103522479534,0.0007085447432473302,0.0007085447432473302
2025,2025,0.00041804072679951787,,,,,,,,,
2026,2026,,,0.09711020439863205,0.06982281804084778,0.08013679832220078,0.024438515305519104,0.018711181357502937,0.018938392400741577,0.0007156127830967307,0.0007085447432473302
2026,2026,0.0004171913315076381,,,,,,,,,
2027,2027,,,0.0968223363161087,0.06981976330280304,0.07991849631071091,0.024020005017518997,0.018722422420978546,0.018543897196650505,0.0007023310754448175,0.0007023310754448175
2027,2027,0.00041635637171566486,,,,,,,,,
2028,2028,,,0.09680493921041489,0.06974618136882782,0.07992003858089447,0.024464786052703857,0.01870492659509182,0.018983792513608932,0.0007143142865970731,0.0007023310754448175
2028,2028,0.00041554178460501134,,,,,,,,,
2029,2029,,,0.09645060449838638,0.06976191699504852,0.07964731007814407,0.02383340708911419,0.01872348226606846,0.01838298700749874,0.0006948622176423669,0.0006948622176423669
2029,2029,0.00041475764010101557,,,,,,,,,
2030,2030,,,0.09651976823806763,0.06966644525527954,0.07971955090761185,0.024555493146181107,0.018696973100304604,0.019090944901108742,0.000714927795343101,0.0006948622176423669
2030,2030,0.0004140251548960805,,,,,,,,,
2031,2031,,,0.09605468809604645,0.06971336156129837,0.07935628294944763,0.023572126403450966,0.018727421760559082,0.01814897544682026,0.0006852986407466233,0.0006852986407466233
2031,2031,0.0004133735492359847,,,,,,,,,
2032,2032,,,0.09626800566911697,0.06958363950252533,0.07954669743776321,0.024762552231550217,0.018685635179281235,0.019308319315314293,0.0007189886528067291,0.0006852986407466233
2032,2032,0.0004128566069994122,,,,,,,,,
2033,2033,,,0.09561705589294434,0.06968094408512115,0.07903110980987549,0.02318659983575344,0.018736714497208595,0.0177918653935194,0.0006722871912643313,0.0006722871912643313
2033,2033,0.00041256562690250576,,,,,,,,,
2034,2034,,,0.09607790410518646,0.06949195265769958,0.0794244259595871,0.025183122605085373,0.018668418750166893,0.019727207720279694,0.0007294918177649379,0.0006722871912643313
2034,2034,0.00041266012703999877,,,,,,,,,
2035,2035,,,0.09510406106710434,0.06968218088150024,0.07864419370889664,0.022603539749979973,0.018755333498120308,0.017234211787581444,0.0006538591696880758,0.0006538591696880758
2035,2035,0.00041341441101394594,,,,,,,,,
2036,2036,,,0.09599586576223373,0.06939403712749481,0.07939177751541138,0.026013487949967384,0.01864161528646946,0.020527323707938194,0.0007526942063122988,0.0006538591696880758
2036,2036,0.00041530848830007017,,,,,,,,,
2037,2037,,,0.09445684403181076,0.06975596398115158,0.07814820110797882,0.021738626062870026,0.018792755901813507,0.016377590596675873,0.0006278523942455649,0.0006278523942455649
2037,2037,0.0004192015912849456,,,,,,,,,
2038,2038,,,0.09611078351736069,0.06930945068597794,0.07952369004487991,0.027660902589559555,0.01859947107732296,0.022071203216910362,0.0008026754367165267,0.0006278523942455649
2038,2038,0.000426597980549559,,,,,,,,,
2039,2039,,,0.09357558935880661,0.07000181078910828,0.07746364921331406,0.020639793947339058,0.018866488710045815,0.01521951612085104,0.0005951788043603301,0.0005951788043603301
2039,2039,0.000440217467257753,,,,,,,,,
2040,2040,,,0.09659230709075928,0.06932525336742401,0.07996518909931183,0.03095937892794609,0.018536271527409554,0.025079546496272087,0.0009130978723987937,0.0005951788043603301
2040,2040,0.00046477364958263934,,,,,,,,,
2041,2041,,,0.09229759871959686,0.0706954076886177,0.07646729797124863,0.020133864134550095,0.019016074016690254,0.01446859072893858,0.000572798540815711,0.000572798540815711
2041,2041,0.0005087633617222309,,,,,,,,,
2042,2042,,,0.09773407876491547,0.06973918527364731,0.08097043633460999,0.03740585595369339,0.01845994032919407,0.03080183081328869,0.0011641860473901033,0.000572798540815711
2042,2042,0.0005860175588168204,,,,,,,,,
2043,2043,,,0.09045559167861938,0.07248019427061081,0.07505177706480026,0.023232605308294296,0.019314879551529884,0.016986975446343422,0.000628921901807189,0.000572798540815711
2043,2043,0.0007197687518782914,,,,,,,,,
2044,2044,,,0.09989294409751892,0.07118411362171173,0.08284566551446915,0.04839722067117691,0.01842963509261608,0.040351588279008865,0.0016983561217784882,0.000572798540815711
2044,2044,0.0009389397455379367,,,,,,,,,
2045,2045,,,0.0882459506392479,0.07601694762706757,0.0734289288520813,0.03224677965044975,0.01981133408844471,0.024801140651106834,0.0008791676955297589,0.000572798540815711
2045,2045,0.001274568377994001,,,,,,,,,
2046,2046,,,0.1026255339384079,0.07321614027023315,0.08514874428510666,0.05998081713914871,0.018526239320635796,0.05032679811120033,0.002408834407106042,0.000572798540815711
2046,2046,0.001701915985904634,,,,,,,,,
2047,2047,,,0.08717884868383408,0.07839789241552353,0.07270783185958862,0.03715519979596138,0.02012924663722515,0.029019780457019806,0.0010545743862167,0.000572798540815711
2047,2047,0.002100123791024089,,,,,,,,,
2048,2048,,,0.10242413729429245,0.07137497514486313,0.0848173126578331,0.05509207770228386,0.01851295493543148,0.04623584449291229,0.0021009950432926416,0.000572798540815711
2048,2048,0.0021669354755431414,,,,,,,,,
2049,2049,,0.001713304896838963,,,,,,,,
2049,2049,,,0.08999256789684296,0.07344600558280945,0.07481597363948822,0.022777818143367767,0.019421353936195374,0.01658223755657673,0.0006160603370517492,0.000572798540815711
2049,2049,0.001713304896838963,,,,,,,,,
2050,2050,,,0.09600790590047836,0.06903914362192154,0.07956105470657349,0.02735259383916855,0.018576685339212418,0.022072648629546165,0.000797104905359447,0.000572798540815711
2050,2050,0.0009346383740194142,,,,,,,,,
2051,2051,,,0.09680810570716858,0.06968992203474045,0.08029691129922867,0.032256316393613815,0.01844758354127407,0.026365378871560097,0.0009627834660932422,0.000572798540815711
2051,2051,0.0004299352876842022,,,,,,,,,
2052,2052,,,0.08981826901435852,0.07324375957250595,0.07471859455108643,0.022848039865493774,0.019293976947665215,0.01677042804658413,0.0006177576724439859,0.000572798540815711
2052,2052,0.0005302101490087807,,,,,,,,,
2053,2053,,,0.10113772749900818,0.07011020183563232,0.08373361080884933,0.047764766961336136,0.018362371250987053,0.03999664634466171,0.0016788796056061983,0.000572798540815711
2053,2053,0.0009707616409286857,,,,,,,,,
2054,2054,,,0.08979552239179611,0.07308855652809143,0.07462266087532043,0.022835342213511467,0.019461069256067276,0.016766546294093132,0.0006172199500724673,0.000572798540815711
2054,2054,0.0012099718442186713,,,,,,,,,
2055,2055,,,0.09667981415987015,0.0688435435295105,0.08005288988351822,0.03298665210604668,0.018522825092077255,0.027050839737057686,0.0009875952964648604,0.000572798540815711
2055,2055,0.000973448739387095,,,,,,,,,
2056,2056,,,0.09414439648389816,0.06895311921834946,0.07804154604673386,0.02502024546265602,0.018656868487596512,0.019904518499970436,0.0007152498001232743,0.000572798540815711
2056,2056,0.0005475006764754653,,,,,,,,,
2057,2057,,,0.0902191624045372,0.07123307883739471,0.0749821662902832,0.01972566358745098,0.019069314002990723,0.014149848371744156,0.000550983939319849,0.000550983939319849
2057,2057,0.0003989530960097909,,,,,,,,,
2058,2058,,,0.09771089255809784,0.06947070360183716,0.08104883879423141,0.0404060035943985,0.01835406944155693,0.03361254185438156,0.0012961486354470253,0.000550983939319849
2058,2058,0.0006077517173253,,,,,,,,,
2059,2059,,,0.08952050656080246,0.07139353454113007,0.07438045740127563,0.020900338888168335,0.019190307706594467,0.01500723510980606,0.0005690502584911883,0.000550983939319849
2059,2059,0.0008292389684356749,,,,,,,,,
2060,2060,,,0.0951915830373764,0.06842619925737381,0.07890522480010986,0.03154730796813965,0.01844683103263378,0.025804413482546806,0.0009256936609745026,0.000550983939319849
2060,2060,0.0007635327056050301,,,,,,,,,
2061,2061,,,0.09228184819221497,0.06867363303899765,0.07655835151672363,0.023846996948122978,0.018647897988557816,0.018662016838788986,0.0006677795317955315,0.000550983939319849
2061,2061,0.000512144819367677,,,,,,,,,
2062,2062,,,0.08972974121570587,0.06967867165803909,0.07451844215393066,0.01978873461484909,0.018946142867207527,0.014381206594407558,0.0005489954492077231,0.0005489954492077231
2062,2062,0.00039032596396282315,,,,,,,,,
2063,2063,,,0.0949619933962822,0.06810833513736725,0.07878304272890091,0.035483479499816895,0.018402226269245148,0.029338490217924118,0.0010698861442506313,0.0005489954492077231
2063,2063,0.0005008807056583464,,,,,,,,,
2064,2064,,,0.08863309025764465,0.0703718438744545,0.07363782078027725,0.02019551210105419,0.01906089298427105,0.014298216439783573,0.000545985996723175,0.000545985996723175
2064,2064,0.0006406600587069988,,,,,,,,,
2065,2065,,,0.09331455081701279,0.06791672110557556,0.07742706686258316,0.02907549776136875,0.0184713676571846,0.023651743307709694,0.0008301049820147455,0.000545985996723175
2065,2065,0.0006082798354327679,,,,,,,,,
2066,2066,,,0.0908137857913971,0.06889063864946365,0.07547298073768616,0.023764504119753838,0.018612341955304146,0.01851406693458557,0.0006545645883306861,0.000545985996723175
2066,2066,0.0004585821588989347,,,,,,,,,
2067,2067,,,0.08858398348093033,0.0699186697602272,0.07369237393140793,0.02026480622589588,0.018836021423339844,0.014786646701395512,0.0005510567571036518,0.000545985996723175
2067,2067,0.00038694136310368776,,,,,,,,,
2068,2068,,,0.09282127767801285,0.06826434284448624,0.07713999599218369,0.032072514295578,0.01844295859336853,0.02638568915426731,0.0009289576555602252,0.000545985996723175
2068,2068,0.00045528847840614617,,,,,,,,,
2069,2069,,,0.08780892193317413,0.07031811028718948,0.07301030308008194,0.02002635970711708,0.018991757184267044,0.014286084100604057,0.0005380620714277029,0.0005380620714277029
2069,2069,0.0005368002457544208,,,,,,,,,
2070,2070,,,0.09140677005052567,0.06822113692760468,0.07592683285474777,0.02726130187511444,0.018589720129966736,0.021964149549603462,0.0007596441428177059,0.0005380620714277029
2070,2070,0.0005123959272168577,,,,,,,,,
2071,2071,,,0.08989697694778442,0.0686882808804512,0.07474730908870697,0.02365681901574135,0.018673202022910118,0.018530121073126793,0.0006466795457527041,0.0005380620714277029
2071,2071,0.00042212693369947374,,,,,,,,,
2072,2072,,,0.08781693130731583,0.06988530606031418,0.07312923669815063,0.020535552874207497,0.0188237726688385,0.015149621292948723,0.0005529022892005742,0.0005380620714277029
2072,2072,0.0003838320844806731,,,,,,,,,
2073,2073,,,0.09117939323186874,0.06862317025661469,0.07593541592359543,0.029740339145064354,0.018485285341739655,0.02429068274796009,0.0008381414227187634,0.0005380620714277029
2073,2073,0.0004276317486073822,,,,,,,,,
2074,2074,,,0.08753786981105804,0.06999054551124573,0.07290872186422348,0.019966918975114822,0.01888633705675602,0.014561367221176624,0.0005382468225434422,0.0005380620714277029
2074,2074,0.0004737421404570341,,,,,,,,,
2075,2075,,,0.09017225354909897,0.06865842640399933,0.07507941871881485,0.025999732315540314,0.01862746849656105,0.02078862674534321,0.0007143201655708253,0.0005380620714277029
2075,2075,0.00045515678357332945,,,,,,,,,
2076,2076,,,0.08926162123680115,0.06872671097517014,0.07435619086027145,0.02355160564184189,0.018707426264882088,0.01848585531115532,0.0006406697211787105,0.0005380620714277029
2076,2076,0.000400927645387128,,,,,,,,,
2077,2077,,,0.08766862750053406,0.06938838958740234,0.07310751080513,0.020633289590477943,0.018839174881577492,0.015473035164177418,0.0005565346218645573,0.0005380620714277029
2077,2077,0.00038046680856496096,,,,,,,,,
2078,2078,,,0.090144082903862,0.06839732080698013,0.0752137079834938,0.028006544336676598,0.018560519441962242,0.02271576225757599,0.0007757113198749721,0.0005380620714277029
2078,2078,0.00040767001337371767,,,,,,,,,
2079,2079,,,0.08744408935308456,0.06933221966028214,0.07297375798225403,0.020149605348706245,0.018842803314328194,0.014975972473621368,0.0005440235836431384,0.0005380620714277029
2079,2079,0.0004338578146416694,,,,,,,,,
2080,2080,,,0.08959882706403732,0.06826914101839066,0.07476750016212463,0.02502606250345707,0.018616819754242897,0.019973890855908394,0.000684271682985127,0.0005380620714277029
2080,2080,0.0004212903731968254,,,,,,,,,
2081,2081,,,0.08880781382322311,0.06854253262281418,0.07415459305047989,0.023310184478759766,0.018674960359930992,0.018297087401151657,0.0006321680848486722,0.0005380620714277029
2081,2081,0.00038875621976330876,,,,,,,,,
2082,2082,,,0.0875832810997963,0.06895745545625687,0.07318424433469772,0.02084485813975334,0.018787004053592682,0.015836523845791817,0.0005626693600788713,0.0005380620714277029
2082,2082,0.00037675461499020457,,,,,,,,,
2083,2083,,,0.08940769731998444,0.06814339756965637,0.074739471077919,0.026541952043771744,0.01858210191130638,0.021437635645270348,0.000727497972548008,0.0005380620714277029
2083,2083,0.0003926703066099435,,,,,,,,,
2084,2084,,,0.08709241449832916,0.0690644383430481,0.07282587140798569,0.020446307957172394,0.01883952133357525,0.015383483842015266,0.000549778516869992,0.0005380620714277029
2084,2084,0.0004080370126757771,,,,,,,,,
2085,2085,,,0.08881858736276627,0.06813570111989975,0.07426223903894424,0.02439514547586441,0.018659086897969246,0.019437596201896667,0.0006626128451898694,0.0005380620714277029
2085,2085,0.00040077485027723014,,,,,,,,,
2086,2086,,,0.08812420815229416,0.06843933463096619,0.07372362166643143,0.02289925329387188,0.01870366372168064,0.017971064895391464,0.0006180616328492761,0.0005380620714277029
2086,2086,0.00038121361285448074,,,,,,,,,
2087,2087,,,0.0871167704463005,0.068921759724617,0.07293636351823807,0.02116250805556774,0.01876603625714779,0.016200952231884003,0.0005678759189322591,0.0005380620714277029
2087,2087,0.00037292452179826796,,,,,,,,,
2088,2088,,,0.0884937196969986,0.06828813999891281,0.07411417365074158,0.02536918595433235,0.018585966899991035,0.020390886813402176,0.0006883111200295389,0.0005380620714277029
2088,2088,0.00038136556395329535,,,,,,,,,
2089,2089,,,0.08662008494138718,0.06901988387107849,0.07255366444587708,0.020650217309594154,0.018795404583215714,0.015682466328144073,0.0005525341839529574,0.0005380620714277029
2089,2089,0.0003908183425664902,,,,,,,,,
2090,2090,,,0.08792386204004288,0.06832190603017807,0.07363688945770264,0.02400924451649189,0.018657738342881203,0.019078101962804794,0.0006464782054536045,0.0005380620714277029
2090,2090,0.00038753057015128434,,,,,,,,,
2091,2091,,,0.08731590956449509,0.06842344254255295,0.07313785701990128,0.02246944047510624,0.018713152036070824,0.01759612001478672,0.0006022668676450849,0.0005380620714277029
2091,2091,0.0003758406382985413,,,,,,,,,
2092,2092,,,0.08660189062356949,0.06873569637537003,0.0725829228758812,0.02143675461411476,0.01874660514295101,0.016526464372873306,0.0005715602310374379,0.0005380620714277029
2092,2092,0.0003693372418638319,,,,,,,,,
2093,2093,,,0.087485671043396,0.06836774200201035,0.07336121797561646,0.024470174685120583,0.018604358658194542,0.019538093358278275,0.0006564640789292753,0.0005380620714277029
2093,2093,0.0003729375312104821,,,,,,,,,
2094,2094,,,0.08606833964586258,0.06889692693948746,0.07218068093061447,0.020802630111575127,0.01874799095094204,0.015891103073954582,0.0005530202761292458,0.0005380620714277029
2094,2094,0.00037882852484472096,,,,,,,,,
2095,2095,,,0.08712470531463623,0.06840936094522476,0.07306824624538422,0.023703377693891525,0.01862066052854061,0.01880113035440445,0.0006332396878860891,0.0005380620714277029
2095,2095,0.0003781269770115614,,,,,,,,,
2096,2096,,,0.08648212999105453,0.0685412660241127,0.07252897322177887,0.02210472896695137,0.01867932453751564,0.017233721911907196,0.0005875758361071348,0.0005380620714277029
2096,2096,0.00037140893982723355,,,,,,,,,
2097,2097,,,0.0861426442861557,0.06854669004678726,0.07225941866636276,0.02167440950870514,0.01869073696434498,0.016817156225442886,0.0005747700924985111,0.0005380620714277029
2097,2097,0.0003661244409158826,,,,,,,,,
2098,2098,,,0.08662894368171692,0.0682806596159935,0.07269484549760818,0.02370344288647175,0.018605079501867294,0.018821485340595245,0.000630070804618299,0.0005380620714277029
2098,2098,0.0003666935081128031,,,,,,,,,
2099,2099,,0.00037008002982474864,,,,,,,,
2099,2099,,,0.08551088720560074,0.06864961236715317,0.07176262885332108,0.020950453355908394,0.01871342957019806,0.01607554592192173,0.0005529922782443464,0.0005380620714277029
2099,2099,0.00037008002982474864,,,,,,,,,
2100,2100,,,0.08642695844173431,0.06818988174200058,0.07253582775592804,0.023405646905303,0.018599960952997208,0.018561165779829025,0.0006210844148881733,0.0005380620714277029
2100,2100,0.00037071859696879983,,,,,,,,,
2101,2101,,,0.08572318404912949,0.06845197081565857,0.07195433974266052,0.02175395004451275,0.018659111112356186,0.01691499724984169,0.0005740864435210824,0.0005380620714277029
2101,2101,0.00036725704558193684,,,,,,,,,
2102,2102,,,0.08564390987157822,0.06840991973876953,0.07190550863742828,0.021890783682465553,0.018644904717803,0.017077632248401642,0.0005772392032667994,0.0005380620714277029
2102,2102,0.0003631936851888895,,,,,,,,,
2103,2103,,,0.08586680889129639,0.06824430078268051,0.0721152052283287,0.023001747205853462,0.018599124625325203,0.018195468932390213,0.0006071679526939988,0.0005380620714277029
2103,2103,0.00036204003845341504,,,,,,,,,
2104,2104,,,0.08499281108379364,0.06853650510311127,0.07139043509960175,0.021068016067147255,0.018685415387153625,0.016252512112259865,0.0005529740010388196,0.0005380620714277029
2104,2104,0.0003634740714915097,,,,,,,,,
2105,2105,,,0.08573011308908463,0.06810973584651947,0.07201365381479263,0.023096857592463493,0.018605157732963562,0.01831163838505745,0.000608956441283226,0.0005380620714277029
2105,2105,0.0003644535900093615,,,,,,,,,
2106,2106,,,0.08505821228027344,0.0683106929063797,0.07145422697067261,0.021425161510705948,0.018671775236725807,0.01665917970240116,0.0005624269251711667,0.0005380620714277029
2106,2106,0.0003630541614256799,,,,,,,,,
2107,2107,,,0.08514919131994247,0.0682360902428627,0.07155407965183258,0.022038986906409264,0.018640441820025444,0.017284169793128967,0.0005783193046227098,0.0005380620714277029
2107,2107,0.0003602930228225887,,,,,,,,,
2108,2108,,,0.08514556288719177,0.06817790120840073,0.07157522439956665,0.022378532215952873,0.01861850544810295,0.01764753833413124,0.0005871871835552156,0.0005380620714277029
2108,2108,0.00035845243837684393,,,,,,,,,
2109,2109,,,0.08455774933099747,0.06838084757328033,0.07109709084033966,0.02116381749510765,0.018669968470931053,0.01643507182598114,0.0005533846560865641,0.0005380620714277029
2109,2109,0.00035841375938616693,,,,,,,,,
2110,2110,,,0.08505763113498688,0.06811164319515228,0.07153037190437317,0.02273799665272236,0.018614795058965683,0.018015021458268166,0.0005959960399195552,0.0005380620714277029
2110,2110,0.00035902700619772077,,,,,,,,,
2111,2111,,,0.08444088697433472,0.06825985759496689,0.0710139125585556,0.0211881622672081,0.01868525892496109,0.01649128645658493,0.0005535261007025838,0.0005380620714277029
2111,2111,0.00035871146246790886,,,,,,,,,
2112,2112,,,0.08464238047599792,0.06811050325632095,0.07120409607887268,0.022096415981650352,0.01865353435277939,0.0174083448946476,0.0005772864678874612,0.0005380620714277029
2112,2112,0.00035716555430553854,,,,,,,,,
2113,2113,,,0.08439996093511581,0.06815122067928314,0.07102333009243011,0.021856533363461494,0.018663370981812477,0.017181357368826866,0.0005698977038264275,0.0005380620714277029
2113,2113,0.000355409225448966,,,,,,,,,
2114,2114,,,0.08407358825206757,0.06822656840085983,0.07076628506183624,0.021289458498358727,0.01868472993373871,0.016629990190267563,0.0005540841957554221,0.0005380620714277029
2114,2114,0.00035448448034003377,,,,,,,,,
2115,2115,,,0.08434852957725525,0.06807862967252731,0.07101522386074066,0.022325588390231133,0.018644459545612335,0.01766514964401722,0.0005815938930027187,0.0005380620714277029
2115,2115,0.000354408664861694,,,,,,,,,
2116,2116,,,0.08381044119596481,0.06823096424341202,0.07056785374879837,0.021071583032608032,0.018699489533901215,0.016423199325799942,0.0005472898483276367,0.0005380620714277029
2116,2116,0.00035436433972790837,,,,,,,,,
2117,2117,,,0.08406726270914078,0.06804082542657852,0.07080099731683731,0.022061172872781754,0.018662743270397186,0.01742907613515854,0.0005733963917009532,0.0005380620714277029
2117,2117,0.00035367600503377616,,,,,,,,,
2118,2118,,,0.08367017656564713,0.06813357025384903,0.07048436999320984,0.021436726674437523,0.018692007288336754,0.016809990629553795,0.0005554492818191648,0.0005380620714277029
2118,2118,0.000352434377418831,,,,,,,,,
2119,2119,,,0.08353462815284729,0.06810576468706131,0.07038690894842148,0.02143086865544319,0.01869317516684532,0.01681709662079811,0.000554580008611083,0.0005380620714277029
2119,2119,0.0003512524417601526,,,,,,,,,
2120,2120,,,0.08359956741333008,0.0680118054151535,0.0704563558101654,0.02188815176486969,0.01867545209825039,0.017282551154494286,0.0005663685733452439,0.0005380620714277029
2120,2120,0.00035057219793088734,,,,,,,,,
2121,2121,,,0.08318621665239334,0.06813699752092361,0.07011783868074417,0.021051274612545967,0.01871144399046898,0.016446352005004883,0.0005432938341982663,0.0005380620714277029
2121,2121,0.0003502792969811708,,,,,,,,,
2122,2122,,,0.08340411633253098,0.06798785924911499,0.07031958550214767,0.021921172738075256,0.018672790378332138,0.017329778522253036,0.0005661190953105688,0.0005380620714277029
2122,2122,0.0003499267331790179,,,,,,,,,
2123,2123,,,0.08297623693943024,0.0681021437048912,0.06997347623109818,0.021131327375769615,0.018700899556279182,0.01655021868646145,0.0005441433750092983,0.0005380620714277029
2123,2123,0.0003492163959890604,,,,,,,,,
2124,2124,,,0.08297602832317352,0.0680384710431099,0.06999173760414124,0.021522730588912964,0.01868259347975254,0.016947906464338303,0.0005537135293707252,0.0005380620714277029
2124,2124,0.0003482428437564522,,,,,,,,,
2125,2125,,,0.0828578770160675,0.06800176948308945,0.06990251690149307,0.021469129249453545,0.018684877082705498,0.016908373683691025,0.0005517839454114437,0.0005380620714277029
2125,2125,0.00034732534550130367,,,,,,,,,
2126,2126,,,0.08261734247207642,0.06803232431411743,0.06970822066068649,0.021090399473905563,0.01870153844356537,0.016535326838493347,0.0005411305464804173,0.0005380620714277029
2126,2126,0.00034667167346924543,,,,,,,,,
2127,2127,,,0.08271277695894241,0.06793835014104843,0.06980516016483307,0.02166568674147129,0.018675217404961586,0.01711677759885788,0.0005558152915909886,0.0005380620714277029
2127,2127,0.00034621896338649094,,,,,,,,,
2128,2128,,,0.08233080804347992,0.06803674250841141,0.0694960355758667,0.02095310017466545,0.018697386607527733,0.016417859122157097,0.0005362530937418342,0.0005362530937418342
2128,2128,0.0003457439015619457,,,,,,,,,
2129,2129,,,0.08239436149597168,0.06797060370445251,0.0695706307888031,0.02150409109890461,0.018669551238417625,0.016975976526737213,0.0005500747356563807,0.0005362530937418342
2129,2129,0.000345088163157925,,,,,,,,,
2130,2130,,,0.0821395292878151,0.06802254170179367,0.0693674087524414,0.021114181727170944,0.018682850524783134,0.016595615074038506,0.0005391040467657149,0.0005362530937418342
2130,2130,0.00034428740036673844,,,,,,,,,
2131,2131,,,0.0820600762963295,0.06798899918794632,0.06931100785732269,0.021149087697267532,0.01867993175983429,0.016642974689602852,0.0005395669140852988,0.0005362530937418342
2131,2131,0.0003434939426369965,,,,,,,,,
2132,2132,,,0.0820077508687973,0.06795325130224228,0.06928061693906784,0.02132895030081272,0.018671851605176926,0.016828211024403572,0.0005436483188532293,0.0005362530937418342
2132,2132,0.0003428251948207617,,,,,,,,,
2133,2133,,,0.08172455430030823,0.06800524145364761,0.06905408203601837,0.020893443375825882,0.018686827272176743,0.016402970999479294,0.0005315030575729907,0.0005315030575729907
2133,2133,0.00034227786818519235,,,,,,,,,
2134,2134,,,0.08176878839731216,0.06793025881052017,0.0691104382276535,0.021355224773287773,0.018664026632905006,0.016875874251127243,0.0005430284654721618,0.0005315030575729907
2134,2134,0.00034174611209891737,,,,,,,,,
2135,2135,,,0.08147071301937103,0.06800446659326553,0.06887106597423553,0.020864203572273254,0.018680326640605927,0.01639118604362011,0.0005294194561429322,0.0005294194561429322
2135,2135,0.000341140606906265,,,,,,,,,
2136,2136,,,0.08148299902677536,0.06794464588165283,0.06889623403549194,0.021162882447242737,0.018665028735995293,0.016701053828001022,0.0005367714911699295,0.0005294194561429322
2136,2136,0.0003404467133805156,,,,,,,,,
2137,2137,,,0.0813131034374237,0.06795749068260193,0.06876535713672638,0.020988676697015762,0.018670478835701942,0.016536181792616844,0.0005316257011145353,0.0005294194561429322
2137,2137,0.00033972831442952156,,,,,,,,,
2138,2138,,,0.08115474134683609,0.06796610355377197,0.0686468705534935,0.02090274728834629,0.01867285557091236,0.016456611454486847,0.0005286617670208216,0.0005286617670208216
2138,2138,0.0003390575002413243,,,,,,,,,
2139,2139,,,0.08110605180263519,0.0679200291633606,0.06862274557352066,0.021100550889968872,0.018663305789232254,0.016665389761328697,0.0005332183209247887,0.0005286617670208216
2139,2139,0.00033845342113636434,,,,,,,,,
2140,2140,,,0.08085662871599197,0.0679609552025795,0.06842444092035294,0.020738914608955383,0.018677519634366035,0.016311200335621834,0.0005231226095929742,0.0005231226095929742
2140,2140,0.0003378844994585961,,,,,,,,,
2141,2141,,,0.08086909353733063,0.06790106743574142,0.06845124065876007,0.021069597452878952,0.01866360567510128,0.01664910838007927,0.0005311669665388763,0.0005231226095929742
2141,2141,0.00033730300492607057,,,,,,,,,
2142,2142,,,0.08064433932304382,0.0679328441619873,0.06827278435230255,0.02072947844862938,0.018675783649086952,0.016319720074534416,0.0005217804573476315,0.0005217804573476315
2142,2142,0.00033667508978396654,,,,,,,,,
2143,2143,,,0.08058574050664902,0.0679059624671936,0.068240687251091,0.02090086042881012,0.018666936084628105,0.016497917473316193,0.0005255708238109946,0.0005217804573476315
2143,2143,0.00033601548057049513,,,,,,,,,
2144,2144,,,0.08043169230222702,0.06791133433580399,0.06812595576047897,0.020809603855013847,0.01866932585835457,0.01641576737165451,0.0005225527565926313,0.0005217804573476315
2144,2144,0.00033535907277837396,,,,,,,,,
2145,2145,,,0.08027951419353485,0.0679115504026413,0.06801125407218933,0.020705226808786392,0.018673554062843323,0.016320819035172462,0.0005192459793761373,0.0005192459793761373
2145,2145,0.000334732118062675,,,,,,,,,
2146,2146,,,0.08022318035364151,0.06787698715925217,0.06797877699136734,0.020861584693193436,0.018668217584490776,0.016483746469020844,0.0005226815119385719,0.0005192459793761373
2146,2146,0.0003341350529808551,,,,,,,,,
2147,2147,,,0.08001656085252762,0.06790008395910263,0.06781554967164993,0.020586468279361725,0.018679920583963394,0.016217786818742752,0.0005150024662725627,0.0005150024662725627
2147,2147,0.00033355015330016613,,,,,,,,,
2148,2148,,,0.07998359203338623,0.06785907596349716,0.06780475378036499,0.02081340365111828,0.018670206889510155,0.016453517600893974,0.000520263914950192,0.0005150024662725627
2148,2148,0.0003329574246890843,,,,,,,,,
2149,2149,,0.00033234505099244416,,,,,,,,
2149,2149,,,0.07977227121591568,0.06789530813694,0.06764031946659088,0.020567452535033226,0.018679015338420868,0.016214869916439056,0.0005132483784109354,0.0005132483784109354
2149,2149,0.00033234505099244416,,,,,,,,,
2150,2150,,,0.07970093935728073,0.06787127256393433,0.06759624928236008,0.020681429654359818,0.01867278851568699,0.016338761895895004,0.0005156086990609765,0.0005132483784109354
2150,2150,0.00033171780523844063,,,,,,,,,
2151,2151,,,0.07956285774707794,0.0678730309009552,0.06749287247657776,0.02060036174952984,0.018675655126571655,0.016266027465462685,0.0005129468627274036,0.0005129468627274036
2151,2151,0.0003310923057142645,,,,,,,,,
2152,2152,,,0.07942826300859451,0.06787239015102386,0.0673922523856163,0.020532773807644844,0.01867888681590557,0.016205919906497,0.0005106211174279451,0.0005106211174279451
2152,2152,0.00033048129989765584,,,,,,,,,
2153,2153,,,0.07934892177581787,0.0678451806306839,0.06734010577201843,0.020618973299860954,0.018674703314900398,0.01630205288529396,0.0005122701986692846,0.0005106211174279451
2153,2153,0.00032988624298013747,,,,,,,,,
2154,2154,,,0.0791599377989769,0.06786824762821198,0.06719384342432022,0.020425815135240555,0.018681440502405167,0.01611671783030033,0.0005066822050139308,0.0005066822050139308
2154,2154,0.0003292998007964343,,,,,,,,,
2155,2155,,,0.07910020649433136,0.06784199178218842,0.06716000288724899,0.020579399541020393,0.01867399364709854,0.01627848669886589,0.0005100113921798766,0.0005066822050139308
2155,2155,0.0003287092549726367,,,,,,,,,
2156,2156,,,0.07892367243766785,0.06786080449819565,0.06702303886413574,0.020382307469844818,0.018680233508348465,0.01609111949801445,0.0005044363206252456,0.0005044363206252456
2156,2156,0.00032811323762871325,,,,,,,,,
2157,2157,,,0.07884830981492996,0.06784290820360184,0.06697466969490051,0.020481109619140625,0.018674755468964577,0.0161968395113945,0.000506365264300257,0.0005044363206252456
2157,2157,0.0003275106428191066,,,,,,,,,
2158,2158,,,0.07870239019393921,0.06784787774085999,0.0668647438287735,0.02038237452507019,0.018677162006497383,0.01610727794468403,0.0005032781045883894,0.0005032781045883894
2158,2158,0.0003269047592766583,,,,,,,,,
2159,2159,,,0.07857988029718399,0.06784304976463318,0.06677578389644623,0.02036026492714882,0.01867682859301567,0.01609405316412449,0.0005021219258196652,0.0005021219258196652
2159,2159,0.00032630612258799374,,,,,,,,,
2160,2160,,,0.07847198098897934,0.06783497333526611,0.06669951230287552,0.020383059978485107,0.01867450587451458,0.016124140471220016,0.0005020836251787841,0.0005020836251787841
2160,2160,0.0003257149364799261,,,,,,,,,
2161,2161,,,0.07832042872905731,0.06784197688102722,0.06658393144607544,0.020259667187929153,0.01867767795920372,0.01600996032357216,0.0004984037368558347,0.0004984037368558347
2161,2161,0.00032512948382645845,,,,,,,,,
2162,2162,,,0.07824476808309555,0.06782303005456924,0.0665350928902626,0.020350918173789978,0.018672319129109383,0.016109315678477287,0.0005001569516025484,0.0004984037368558347
2162,2162,0.0003245468542445451,,,,,,,,,
2163,2163,,,0.07807772606611252,0.06784183531999588,0.06640675663948059,0.020198006182909012,0.018676498904824257,0.01596393622457981,0.0004956949851475656,0.0004956949851475656
2163,2163,0.0003239631187170744,,,,,,,,,
2164,2164,,,0.07799598574638367,0.06782356649637222,0.066353440284729,0.020281003788113594,0.01867068000137806,0.016056204214692116,0.0004972278256900609,0.0004956949851475656
2164,2164,0.00032337778247892857,,,,,,,,,
2165,2165,,,0.07784055173397064,0.06783662736415863,0.06623554229736328,0.020167572423815727,0.018673762679100037,0.01595035009086132,0.000493760104291141,0.000493760104291141
2165,2165,0.0003227900597266853,,,,,,,,,
2166,2166,,,0.07773824036121368,0.06782689690589905,0.06616334617137909,0.020189447328448296,0.01867152750492096,0.015980154275894165,0.0004937399062328041,0.0004937399062328041
2166,2166,0.0003222030645702034,,,,,,,,,
2167,2167,,,0.07761707156896591,0.06782280653715134,0.0660741776227951,0.020149104297161102,0.01867162436246872,0.015948796644806862,0.0004921820946037769,0.0004921820946037769
2167,2167,0.00032162031857296824,,,,,,,,,
2168,2168,,,0.07748627662658691,0.06782680749893188,0.06597722321748734,0.020096294581890106,0.01867240108549595,0.015903105959296227,0.0004902668297290802,0.0004902668297290802
2168,2168,0.0003210403665434569,,,,,,,,,
2169,2169,,,0.07738489657640457,0.06781825423240662,0.06590648740530014,0.020123329013586044,0.018669549375772476,0.015938803553581238,0.000490382022690028,0.0004902668297290802
2169,2169,0.00032046405249275267,,,,,,,,,
2170,2170,,,0.07723663747310638,0.06782875210046768,0.06579442322254181,0.020019078627228737,0.018671736121177673,0.015842847526073456,0.00048719969345256686,0.00048719969345256686
2170,2170,0.0003198897757101804,,,,,,,,,
2171,2171,,,0.07714665681123734,0.06781693547964096,0.0657334253191948,0.020076466724276543,0.01866769604384899,0.015907706692814827,0.0004880653868895024,0.00048719969345256686
2171,2171,0.0003193174197804183,,,,,,,,,
2172,2172,,,0.07700099050998688,0.0678241029381752,0.06562261283397675,0.01996499113738537,0.01867075078189373,0.0158049538731575,0.00048474251525476575,0.00048474251525476575
2172,2172,0.0003187443653587252,,,,,,,,,
2173,2173,,,0.07690716534852982,0.06781172752380371,0.06555787473917007,0.020008204504847527,0.018668144941329956,0.015855984762310982,0.0004852614947594702,0.00048474251525476575
2173,2173,0.00031817128183320165,,,,,,,,,
2174,2174,,,0.0767676904797554,0.06781754642724991,0.06545315682888031,0.019927768036723137,0.018670223653316498,0.015783654525876045,0.0004826885415241122,0.0004826885415241122
2174,2174,0.00031759831472299993,,,,,,,,,
2175,2175,,,0.0766582041978836,0.06781165301799774,0.065374955534935,0.019929414615035057,0.018668510019779205,0.015793761238455772,0.0004821726761292666,0.0004821726761292666
2175,2175,0.0003170270938426256,,,,,,,,,
2176,2176,,,0.0765373706817627,0.0678120106458664,0.06528647243976593,0.019895177334547043,0.018668415024876595,0.015767380595207214,0.0004807673685718328,0.0004807673685718328
2176,2176,0.00031645860872231424,,,,,,,,,
2177,2177,,,0.07641629874706268,0.06781207770109177,0.06519737094640732,0.019851790741086006,0.01866903156042099,0.015732260420918465,0.0004791590035893023,0.0004791590035893023
2177,2177,0.000315891724312678,,,,,,,,,
2178,2178,,,0.07631125301122665,0.06780562549829483,0.06512260437011719,0.019857261329889297,0.018667619675397873,0.01574593596160412,0.0004787563520949334,0.0004787563520949334
2178,2178,0.0003153274010401219,,,,,,,,,
2179,2179,,,0.0761752799153328,0.06781104952096939,0.06502073258161545,0.01978299766778946,0.01866922527551651,0.015679646283388138,0.00047636081581003964,0.00047636081581003964
2179,2179,0.0003147646493744105,,,,,,,,,
2180,2180,,,0.07607577741146088,0.06780151277780533,0.06495101749897003,0.019808918237686157,0.018666774034500122,0.015713797882199287,0.0004764546756632626,0.00047636081581003964
2180,2180,0.00031420448794960976,,,,,,,,,
2181,2181,,,0.0759391337633133,0.06780686229467392,0.06484811007976532,0.019725613296031952,0.018669137731194496,0.015638742595911026,0.00047385948710143566,0.00047385948710143566
2181,2181,0.0003136428422294557,,,,,,,,,
2182,2182,,,0.07584166526794434,0.06779829412698746,0.0647798478603363,0.019749879837036133,0.018667196854948997,0.015670813620090485,0.0004739243595395237,0.00047385948710143566
2182,2182,0.0003130828554276377,,,,,,,,,
2183,2183,,,0.07571049779653549,0.06780268251895905,0.06468166410923004,0.0196779016405344,0.018668614327907562,0.015607086941599846,0.00047162361443042755,0.00047162361443042755
2183,2183,0.00031252510962076485,,,,,,,,,
2184,2184,,,0.07560526579618454,0.0677974671125412,0.06460681557655334,0.01968352124094963,0.01866677775979042,0.015620856545865536,0.0004712265217676759,0.0004712265217676759
2184,2184,0.00031196785857900977,,,,,,,,,
2185,2185,,,0.07548002153635025,0.06780058890581131,0.06451427191495895,0.019634705036878586,0.01866731606423855,0.015580053441226482,0.0004694869858212769,0.0004694869858212769
2185,2185,0.00031141244107857347,,,,,,,,,
2186,2186,,,0.07536698132753372,0.06779826432466507,0.06443227082490921,0.019615299999713898,0.018666764721274376,0.015568879432976246,0.0004684838349930942,0.0004684838349930942
2186,2186,0.0003108573146164417,,,,,,,,,
2187,2187,,,0.07525379210710526,0.0677957534790039,0.06434974819421768,0.019591104239225388,0.018666313961148262,0.015552802011370659,0.00046737113734707236,0.00046737113734707236
2187,2187,0.0003103046619798988,,,,,,,,,
2188,2188,,,0.07513374835252762,0.06779637187719345,0.06426118314266205,0.01954960823059082,0.018666433170437813,0.015519220381975174,0.0004658304387703538,0.0004658304387703538
2188,2188,0.00030975363915786147,,,,,,,,,
2189,2189,,,0.07502531260251999,0.06779346615076065,0.0641833171248436,0.01954421028494835,0.018665354698896408,0.015522008761763573,0.0004651722265407443,0.0004651722265407443
2189,2189,0.0003092047409154475,,,,,,,,,
2190,2190,,,0.07489866763353348,0.06779780983924866,0.06408926099538803,0.019488085061311722,0.01866607740521431,0.015473926439881325,0.000463273492641747,0.000463273492641747
2190,2190,0.00030865607550367713,,,,,,,,,
2191,2191,,,0.07479509711265564,0.06779336929321289,0.0640154555439949,0.019493138417601585,0.018663989380002022,0.015486831776797771,0.00046287383884191513,0.00046287383884191513
2191,2191,0.00030810970929451287,,,,,,,,,
2192,2192,,,0.07466939091682434,0.06779751181602478,0.06392170488834381,0.01943124644458294,0.018664835020899773,0.015433150343596935,0.0004608578165061772,0.0004608578165061772
2192,2192,0.00030756372143514454,,,,,,,,,
2193,2193,,,0.07456662505865097,0.06779330968856812,0.06384856253862381,0.019437897950410843,0.018663430586457253,0.01544750016182661,0.0004604993446264416,0.0004604993446264416
2193,2193,0.0003070197126362473,,,,,,,,,
2194,2194,,,0.07444005459547043,0.06779781728982925,0.06375428289175034,0.019378380849957466,0.01866423338651657,0.015396109782159328,0.0004585361748468131,0.0004585361748468131
2194,2194,0.0003064769844058901,,,,,,,,,
2195,2195,,,0.07433460652828217,0.06779450178146362,0.06367886811494827,0.01937958039343357,0.018662387505173683,0.015405175276100636,0.000458043155958876,0.000458043155958876
2195,2195,0.00030593466362915933,,,,,,,,,
2196,2196,,,0.0742124691605568,0.06779774278402328,0.06358811259269714,0.019328318536281586,0.018662964925169945,0.015361673198640347,0.0004562895919661969,0.0004562895919661969
2196,2196,0.00030539388535544276,,,,,,,,,
2197,2197,,,0.07410658150911331,0.06779499351978302,0.063511922955513,0.019319700077176094,0.018661994487047195,0.01536119170486927,0.0004555812629405409,0.0004555812629405409
2197,2197,0.0003048557264264673,,,,,,,,,
2198,2198,,,0.07398770749568939,0.06779780238866806,0.06342428177595139,0.01927909255027771,0.018661824986338615,0.01532827503979206,0.00045408683945424855,0.00045408683945424855
2198,2198,0.0003043180040549487,,,,,,,,,
2199,2199,,0.00030378196970559657,,,,,,,,
2199,2199,,,0.07387636601924896,0.06779760867357254,0.06334344297647476,0.01925990730524063,0.018660850822925568,0.01531687006354332,0.00045311215217225254,0.00045311215217225254
2199,2199,0.00030378196970559657,,,,,,,,,
2200,2200,,,0.0737622082233429,0.06779839098453522,0.06325995177030563,0.0192298274487257,0.018660515546798706,0.015294925309717655,0.0004518860951066017,0.0004518860951066017
2200,2200,0.00030324686667881906,,,,,,,,,
2201,2201,,,0.07364784926176071,0.06780026108026505,0.06317625939846039,0.01920061744749546,0.018660232424736023,0.015273256227374077,0.00045067412429489195,0.00045067412429489195
2201,2201,0.00030271406285464764,,,,,,,,,
2202,2202,,,0.07353829592466354,0.06779947876930237,0.06309657543897629,0.019180189818143845,0.01865958422422409,0.01526073832064867,0.0004496873007155955,0.0004496873007155955
2202,2202,0.0003021803859155625,,,,,,,,,
2203,2203,,,0.07342255860567093,0.06780131906270981,0.06301137804985046,0.019142303615808487,0.018659556284546852,0.015230736695230007,0.00044828280806541443,0.00044828280806541443
2203,2203,0.0003016500559169799,,,,,,,,,
2204,2204,,,0.07331468164920807,0.0678008571267128,0.06293343007564545,0.019129473716020584,0.018658440560102463,0.01522571500390768,0.00044747485662810504,0.00044747485662810504
2204,2204,0.0003011208900716156,,,,,,,,,
2205,2205,,,0.07319628447294235,0.06780437380075455,0.06284598261117935,0.019085368141531944,0.018658602610230446,0.015189418569207191,0.0004459227784536779,0.0004459227784536779
2205,2205,0.0003005928883794695,,,,,,,,,
2206,2206,,,0.07309150695800781,0.06780300289392471,0.06277064234018326,0.01907779648900032,0.01865733228623867,0.015189644880592823,0.00044524966506287456,0.00044524966506287456
2206,2206,0.00030006529414094985,,,,,,,,,
2207,2207,,,0.07297328859567642,0.06780645996332169,0.06268293410539627,0.01902967132627964,0.018657518550753593,0.015149248763918877,0.0004436130402609706,0.0004436130402609706
2207,2207,0.0002995398244820535,,,,,,,,,
2208,2208,,,0.07287026941776276,0.06780418008565903,0.06260905414819717,0.01902514323592186,0.018656117841601372,0.015152683481574059,0.0004430195549502969,0.0004430195549502969
2208,2208,0.00029901607194915414,,,,,,,,,
2209,2209,,,0.07274995744228363,0.06780994683504105,0.06251974403858185,0.018974676728248596,0.01865674927830696,0.015109791420400143,0.00044132504262961447,0.00044132504262961447
2209,2209,0.00029849313432350755,,,,,,,,,
2210,2210,,,0.07264800369739532,0.06780748069286346,0.062446754425764084,0.01897229440510273,0.018655315041542053,0.015115300193428993,0.0004407853411976248,0.0004407853411976248
2210,2210,0.0002979710989166051,,,,,,,,,
2211,2211,,,0.07252918928861618,0.06781185418367386,0.062358420342206955,0.018920181319117546,0.018655631691217422,0.015071140602231026,0.00043907028157263994,0.00043907028157263994
2211,2211,0.0002974511298816651,,,,,,,,,
2212,2212,,,0.07242700457572937,0.06781142204999924,0.06228524446487427,0.01891918107867241,0.01865389756858349,0.015077474527060986,0.0004385558422654867,0.0004385558422654867
2212,2212,0.000296931917546317,,,,,,,,,
2213,2213,,,0.07230882346630096,0.06781555712223053,0.062197405844926834,0.018866240978240967,0.018654566258192062,0.015032866038382053,0.00043683548574335873,0.00043683548574335873
2213,2213,0.0002964141604024917,,,,,,,,,
2214,2214,,,0.07220755517482758,0.06781426817178726,0.062124934047460556,0.018865473568439484,0.018652992323040962,0.015039428137242794,0.0004363324260339141,0.0004363324260339141
2214,2214,0.00029589777113869786,,,,,,,,,
2215,2215,,,0.07208885997533798,0.06781891733407974,0.06203659251332283,0.01881292089819908,0.01865318790078163,0.014994729310274124,0.0004346166388131678,0.0004346166388131678
2215,2215,0.0002953826333396137,,,,,,,,,
2216,2216,,,0.0719880610704422,0.06781713664531708,0.06196451187133789,0.018812283873558044,0.018651599064469337,0.015001840889453888,0.00043412455124780536,0.00043412455124780536
2216,2216,0.0002948689798358828,,,,,,,,,
2217,2217,,,0.07186932116746902,0.06782285869121552,0.06187603622674942,0.01875928044319153,0.018652252852916718,0.01495630107820034,0.0004324006149545312,0.0004324006149545312
2217,2217,0.0002943561121355742,,,,,,,,,
2218,2218,,,0.07177058607339859,0.06782034784555435,0.06180548667907715,0.01876003108918667,0.01865037903189659,0.014964793808758259,0.0004319502622820437,0.0004319502622820437
2218,2218,0.00029384519439190626,,,,,,,,,
2219,2219,,,0.07165217399597168,0.06782624870538712,0.061717234551906586,0.018704693764448166,0.018650956451892853,0.014917313121259212,0.0004301867447793484,0.0004301867447793484
2219,2219,0.0002933346841018647,,,,,,,,,
2220,2220,,,0.07155318558216095,0.0678253248333931,0.06164669618010521,0.018708564341068268,0.01864893175661564,0.014928427524864674,0.0004297996056266129,0.0004297996056266129
2220,2220,0.00029282597824931145,,,,,,,,,
2221,2221,,,0.07143417745828629,0.06783048063516617,0.06155771017074585,0.018649902194738388,0.01864941231906414,0.01487784180790186,0.0004279670538380742,0.0004279670538380742
2221,2221,0.0002923186984844506,,,,,,,,,
2222,2222,,,0.07133810222148895,0.06782781332731247,0.061489518731832504,0.018657727167010307,0.018647512421011925,0.014892986975610256,0.0004276821855455637,0.0004276821855455637
2222,2222,0.00029181220452301204,,,,,,,,,
2223,2223,,,0.07121755927801132,0.06783470511436462,0.06139903888106346,0.01859438046813011,0.01864849403500557,0.014837234281003475,0.000425742007791996,0.000425742007791996
2223,2223,0.0002913069911301136,,,,,,,,,
2224,2224,,,0.07112381607294083,0.067830890417099,0.06133303791284561,0.018608462065458298,0.018646052107214928,0.014859194867312908,0.00042560999281704426,0.00042560999281704426
2224,2224,0.00029080433887429535,,,,,,,,,
2225,2225,,,0.07099958509206772,0.06783990561962128,0.061239201575517654,0.018536826595664024,0.018646864220499992,0.014794769696891308,0.000423473451519385,0.000423473451519385
2225,2225,0.00029030104633420706,,,,,,,,,
2226,2226,,,0.0709112212061882,0.0678340420126915,0.06117788702249527,0.018561994656920433,0.018644243478775024,0.014827793464064598,0.00042360779480077326,0.000423473451519385
2226,2226,0.0002898002276197076,,,,,,,,,
2227,2227,,,0.07078348100185394,0.06784482300281525,0.06108072027564049,0.01847643032670021,0.018646063283085823,0.014749717898666859,0.00042116513941437006,0.00042116513941437006
2227,2227,0.0002893013006541878,,,,,,,,,
2228,2228,,,0.07070044428110123,0.06783780455589294,0.061024270951747894,0.01851906254887581,0.018642470240592957,0.014799762517213821,0.00042169535299763083,0.00042116513941437006
2228,2228,0.00028880330501124263,,,,,,,,,
2229,2229,,,0.07056591659784317,0.06785068660974503,0.06092078983783722,0.018412169069051743,0.018644841387867928,0.014700738713145256,0.0004187723097857088,0.0004187723097857088
2229,2229,0.0002883067645598203,,,,,,,,,
2230,2230,,,0.0704922154545784,0.06784115731716156,0.06087278947234154,0.018481573089957237,0.018640441820025444,0.014777015894651413,0.00041991559555754066,0.0004187723097857088
2230,2230,0.0002878121449612081,,,,,,,,,
2231,2231,,,0.07034824788570404,0.06785716116428375,0.06076028198003769,0.018341688439249992,0.01864411123096943,0.014645426534116268,0.0004162539553362876,0.0004162539553362876
2231,2231,0.0002873185439966619,,,,,,,,,
2232,2232,,,0.07028862833976746,0.0678422674536705,0.06072516739368439,0.018452100455760956,0.018637919798493385,0.014762493781745434,0.00041833665454760194,0.0004162539553362876
2232,2232,0.0002868291630875319,,,,,,,,,
2233,2233,,,0.07012579590082169,0.0678664967417717,0.06059569492936134,0.01826191507279873,0.018643755465745926,0.014580437913537025,0.00041352020343765616,0.00041352020343765616
2233,2233,0.00028634225600399077,,,,,,,,,
2234,2234,,,0.07008948177099228,0.06784293055534363,0.060581859201192856,0.018435342237353325,0.018635015934705734,0.01476075779646635,0.0004170576576143503,0.00041352020343765616
2234,2234,0.0002858585794456303,,,,,,,,,
2235,2235,,,0.06990038603544235,0.0678776428103447,0.06042787432670593,0.01816634275019169,0.018643688410520554,0.014499601908028126,0.00041044922545552254,0.00041044922545552254
2235,2235,0.00028538197511807084,,,,,,,,,
2236,2236,,,0.06989963352680206,0.06783999502658844,0.06044650450348854,0.01844051666557789,0.018630914390087128,0.014780513010919094,0.00041629147017374635,0.00041044922545552254
2236,2236,0.00028491203556768596,,,,,,,,,
2237,2237,,,0.06966596096754074,0.06789245456457138,0.0602516233921051,0.018044576048851013,0.018645327538251877,0.014392519369721413,0.00040679960511624813,0.00040679960511624813
2237,2237,0.00028445367934182286,,,,,,,,,
2238,2238,,,0.0697212964296341,0.0678340494632721,0.06032182648777962,0.018483154475688934,0.018625793978571892,0.014836804009974003,0.00041637985850684345,0.00040679960511624813
2238,2238,0.0002840148808900267,,,,,,,,,
2239,2239,,,0.06941760331392288,0.0679125115275383,0.0600622296333313,0.017879188060760498,0.01864783465862274,0.01424176525324583,0.0004021960776299238,0.0004021960776299238
2239,2239,0.00028360536089167,,,,,,,,,
2240,2240,,,0.06956435739994049,0.06782174855470657,0.06021679565310478,0.018590139225125313,0.01861824467778206,0.01495590154081583,0.00041795242577791214,0.0004021960776299238
2240,2240,0.0002832452591974288,,,,,,,,,
2241,2241,,,0.06914326548576355,0.06794473528862,0.05984875559806824,0.01764337718486786,0.018654247745871544,0.014018628746271133,0.00039604405174031854,0.00039604405174031854
2241,2241,0.0002829600707627833,,,,,,,,,
2242,2242,,,0.06944551318883896,0.06779696047306061,0.06014645844697952,0.018811361864209175,0.01860659383237362,0.015185990370810032,0.0004221912531647831,0.00039604405174031854
2242,2242,0.00028280552942305803,,,,,,,,,
2243,2243,,,0.06882423162460327,0.06799737364053726,0.05959354341030121,0.017293795943260193,0.018666068091988564,0.013676394708454609,0.0003874151152558625,0.0003874151152558625
2243,2243,0.0002828676369972527,,,,,,,,,
2244,2244,,,0.06938941031694412,0.06775394827127457,0.06013399362564087,0.01924532651901245,0.018588487058877945,0.015619110316038132,0.0004314514808356762,0.0003874151152558625
2244,2244,0.0002832957834471017,,,,,,,,,
2245,2245,,,0.06842555105686188,0.06808993220329285,0.05926436558365822,0.01677006483078003,0.0186885055154562,0.013145001605153084,0.00037504182546399534,0.00037504182546399534
2245,2245,0.0002843531547114253,,,,,,,,,
2246,2246,,,0.06944919377565384,0.0676836296916008,0.060227833688259125,0.020090792328119278,0.018559077754616737,0.0164365042001009,0.0004507963021751493,0.00037504182546399534
2246,2246,0.00028649327578023076,,,,,,,,,
2247,2247,,,0.06788860261440277,0.068260058760643,0.058805856853723526,0.016032395884394646,0.018730906769633293,0.012353232130408287,0.0003580080810934305,0.0003580080810934305
2247,2247,0.0002905248838942498,,,,,,,,,
2248,2248,,,0.06971713155508041,0.06758272647857666,0.060513079166412354,0.021759528666734695,0.018512964248657227,0.01800130121409893,0.0004918033955618739,0.0003580080810934305
2248,2248,0.00029785820515826344,,,,,,,,,
2249,2249,,0.0003110254183411598,,,,,,,,
2249,2249,,,0.06710810214281082,0.06860468536615372,0.05811907723546028,0.015269980765879154,0.01881304197013378,0.01140080951154232,0.0003390208585187793,0.0003390208585187793
2249,2249,0.0003110254183411598,,,,,,,,,
2250,2250,,,0.07037805765867233,0.06748039275407791,0.06115688383579254,0.025098565965890884,0.018442977219820023,0.021033810451626778,0.0005832288879901171,0.0003390208585187793
2250,2250,0.0003344677679706365,,,,,,,,,
2251,2251,,,0.0659269317984581,0.06935593485832214,0.057052552700042725,0.01571565680205822,0.018978599458932877,0.011357299983501434,0.0003368949401192367,0.0003368949401192367
2251,2251,0.00037613502354361117,,,,,,,,,
2252,2252,,,0.07176656275987625,0.06754504144191742,0.06245765835046768,0.03165389224886894,0.018357522785663605,0.026811445131897926,0.0007980458321981132,0.0003368949401192367
2252,2252,0.00044943811371922493,,,,,,,,,
2253,2253,,,0.0641704648733139,0.07105695456266403,0.05543149635195732,0.02078614942729473,0.019313544034957886,0.015487789176404476,0.00042227463563904166,0.0003368949401192367
2253,2253,0.0005772871663793921,,,,,,,,,
2254,2254,,,0.07438503950834274,0.06827504187822342,0.06484013050794601,0.0432574488222599,0.018320655450224876,0.03682281821966171,0.0012939333682879806,0.0003368949401192367
2254,2254,0.0007926446269266307,,,,,,,,,
2255,2255,,,0.06197519972920418,0.0744977593421936,0.053364742547273636,0.03263228014111519,0.019926119595766068,0.02557089366018772,0.0007453832658939064,0.0003368949401192367
2255,2255,0.0011385991238057613,,,,,,,,,
2256,2256,,,0.07822153717279434,0.06996630132198334,0.06820324808359146,0.05803301930427551,0.018469221889972687,0.04945455491542816,0.002142357174307108,0.0003368949401192367
2256,2256,0.0016309552593156695,,,,,,,,,
2257,2257,,,0.06053322181105614,0.07821221649646759,0.05199918523430824,0.04304951801896095,0.020552726462483406,0.03439895063638687,0.0011594236129894853,0.0003368949401192367
2257,2257,0.0022045248188078403,,,,,,,,,
2258,2258,,,0.0799601748585701,0.06957415491342545,0.06954871863126755,0.06040945276618004,0.01856440119445324,0.051537226885557175,0.002309666248038411,0.0003368949401192367
2258,2258,0.0025805451441556215,,,,,,,,,
2259,2259,,,0.062221307307481766,0.07520660012960434,0.053730353713035583,0.030616216361522675,0.020007017999887466,0.0239874217659235,0.0006825567688792944,0.0003368949401192367
2259,2259,0.002392958616837859,,,,,,,,,
2260,2260,,,0.07379424571990967,0.06688456237316132,0.06419724225997925,0.03237609565258026,0.01833132468163967,0.027668103575706482,0.0008397194324061275,0.0003368949401192367
2260,2260,0.001534915529191494,,,,,,,,,
2261,2261,,,0.06934799253940582,0.06885655969381332,0.060478322207927704,0.020269116386771202,0.0184659194201231,0.01660493202507496,0.0004559821682050824,0.0003368949401192367
2261,2261,0.0005880944663658738,,,,,,,,,
2262,2262,,,0.06517639011144638,0.07098616659641266,0.056616779416799545,0.017904013395309448,0.019090047106146812,0.01347306277602911,0.00037476609577424824,0.0003368949401192367
2262,2262,0.00028393769753165543,,,,,,,,,
2263,2263,,,0.07735475897789001,0.06781874597072601,0.06728619337081909,0.045739877969026566,0.018162578344345093,0.039050620049238205,0.0014360074419528246,0.0003368949401192367
2263,2263,0.0007040258496999741,,,,,,,,,
2264,2264,,,0.06307683885097504,0.07373764365911484,0.054575804620981216,0.026011589914560318,0.01976144313812256,0.02018754370510578,0.0005501164705492556,0.0003368949401192367
2264,2264,0.001234204974025488,,,,,,,,,
2265,2265,,,0.07486182451248169,0.06638854742050171,0.06500604003667831,0.03595731779932976,0.018291180953383446,0.030764007940888405,0.0009809831390157342,0.0003368949401192367
2265,2265,0.0012351922923699021,,,,,,,,,
2266,2266,,,0.06731852144002914,0.06893114745616913,0.05857686325907707,0.015582161024212837,0.018825924023985863,0.012188427150249481,0.000350527698174119,0.0003368949401192367
2266,2266,0.00072035554330796,,,,,,,,,
2267,2267,,,0.06570349633693695,0.06972533464431763,0.057177506387233734,0.014612325467169285,0.018963219597935677,0.01081821508705616,0.0003226993721909821,0.0003226993721909821
2267,2267,0.00029956543585285544,,,,,,,,,
2268,2268,,,0.07385638356208801,0.06688753515481949,0.06433188915252686,0.0363897904753685,0.01823286898434162,0.03115794248878956,0.0009933800902217627,0.0003226993721909821
2268,2268,0.0003952859260607511,,,,,,,,,
2269,2269,,,0.06319336593151093,0.07170414924621582,0.05475766211748123,0.020759746432304382,0.01943979412317276,0.015446194447577,0.00041745416820049286,0.0003226993721909821
2269,2269,0.0007472988800145686,,,,,,,,,
2270,2270,,,0.07229895889759064,0.06650100648403168,0.06288981437683105,0.03154541552066803,0.018286902457475662,0.026931164786219597,0.0008005188428796828,0.0003226993721909821
2270,2270,0.0008349238778464496,,,,,,,,,
2271,2271,,,0.0665801540017128,0.06785602122545242,0.05785160884261131,0.015780959278345108,0.01873692125082016,0.012368359602987766,0.0003486805653665215,0.0003226993721909821
2271,2271,0.0005550080677494407,,,,,,,,,
2272,2272,,,0.06480288505554199,0.06885948032140732,0.05629204586148262,0.015154163353145123,0.018907666206359863,0.011182965710759163,0.0003244070103392005,0.0003226993721909821
2272,2272,0.00028993948944844306,,,,,,,,,
2273,2273,,,0.07094822078943253,0.06608030200004578,0.06173720210790634,0.03127126768231392,0.01831761933863163,0.026745345443487167,0.0007836753502488136,0.0003226993721909821
2273,2273,0.00034328424953855574,,,,,,,,,
2274,2274,,,0.06305219978094101,0.07015302777290344,0.0545421801507473,0.017781933769583702,0.01923493482172489,0.012729920446872711,0.00035440915962681174,0.0003226993721909821
2274,2274,0.0005561418947763741,,,,,,,,,
2275,2275,,,0.0693562775850296,0.06685534864664078,0.06035400927066803,0.026927659288048744,0.018408557400107384,0.022819560021162033,0.0006324431160464883,0.0003226993721909821
2275,2275,0.0005950181512162089,,,,,,,,,
2276,2276,,,0.06560216844081879,0.06807324290275574,0.05702304467558861,0.016738159582018852,0.018665775656700134,0.013230604119598866,0.0003602698561735451,0.0003226993721909821
2276,2276,0.0004163510166108608,,,,,,,,,
2277,2277,,,0.0636586919426918,0.06936122477054596,0.05528275668621063,0.015346323139965534,0.018836211413145065,0.011265802197158337,0.000320831430144608,0.000320831430144608
2277,2277,0.00027341704117134213,,,,,,,,,
2278,2278,,,0.06842708587646484,0.0672767236828804,0.059614960104227066,0.028064532205462456,0.018412167206406593,0.023870551958680153,0.0006631354917772114,0.000320831430144608
2278,2278,0.00032899039797484875,,,,,,,,,
2279,2279,,,0.06272074580192566,0.0700860321521759,0.054228827357292175,0.01602296717464924,0.019122056663036346,0.011332771740853786,0.00032300304155796766,0.000320831430144608
2279,2279,0.0004537351487670094,,,,,,,,,
2280,2280,,,0.06721203029155731,0.06746722012758255,0.058432068675756454,0.02345694601535797,0.018575351685285568,0.019712526351213455,0.0005228932132013142,0.000320831430144608
2280,2280,0.00045204185880720615,,,,,,,,,
2281,2281,,,0.06485509872436523,0.068487249314785,0.05636758729815483,0.017719611525535583,0.01868954859673977,0.01419174112379551,0.00037564910599030554,0.000320831430144608
2281,2281,0.0003349108446855098,,,,,,,,,
2282,2282,,,0.06308241188526154,0.06951553374528885,0.05478120967745781,0.015222044661641121,0.018808044493198395,0.0113053098320961,0.00031699202372692525,0.00031699202372692525
2282,2282,0.0002672133850865066,,,,,,,,,
2283,2283,,,0.06701809912919998,0.06796704977750778,0.058494683355093,0.02567601017653942,0.018439821898937225,0.021740222349762917,0.0005841453094035387,0.00031699202372692525
2283,2283,0.0003182461950927973,,,,,,,,,
2284,2284,,,0.06270327419042587,0.07006824761629105,0.054400622844696045,0.015171869657933712,0.018961293622851372,0.010917523875832558,0.0003120476030744612,0.0003120476030744612
2284,2284,0.0003862417652271688,,,,,,,,,
2285,2285,,,0.0661366805434227,0.06794017553329468,0.05763282999396324,0.021057117730379105,0.01861674152314663,0.01757803186774254,0.0004583476693369448,0.0003120476030744612
2285,2285,0.0003669046564027667,,,,,,,,,
2286,2286,,,0.06471005082130432,0.06861240416765213,0.05642133951187134,0.018335668370127678,0.01867995597422123,0.014862043783068657,0.0003887995262630284,0.0003120476030744612
2286,2286,0.0002936001110356301,,,,,,,,,
2287,2287,,,0.0630270391702652,0.06937838345766068,0.05490424111485481,0.015119301155209541,0.01882568560540676,0.011405601166188717,0.00031697243684902787,0.0003120476030744612
2287,2287,0.0002664569183252752,,,,,,,,,
2288,2288,,,0.06651229411363602,0.0676678791642189,0.058193765580654144,0.023653432726860046,0.01848333328962326,0.019994592294096947,0.0005267148953862488,0.0003120476030744612
2288,2288,0.00030566134955734015,,,,,,,,,
2289,2289,,,0.06310142576694489,0.06945367157459259,0.05500325933098793,0.015001138672232628,0.018829138949513435,0.011143682524561882,0.00031443455372937024,0.0003120476030744612
2289,2289,0.0003396741230972111,,,,,,,,,
2290,2290,,,0.06569017469882965,0.06785982102155685,0.05743710696697235,0.019468965008854866,0.018550477921962738,0.016160476952791214,0.0004206197627354413,0.0003120476030744612
2290,2290,0.0003180819912813604,,,,,,,,,
2291,2291,,,0.064900703728199,0.06830603629350662,0.05680180713534355,0.01844635047018528,0.018578218296170235,0.015105859376490116,0.0003938499721698463,0.0003120476030744612
2291,2291,0.0002745908859651536,,,,,,,,,
2292,2292,,,0.0631004124879837,0.06926090270280838,0.055173467844724655,0.015180359594523907,0.018776729702949524,0.011609268374741077,0.0003199664643034339,0.0003120476030744612
2292,2292,0.00026600531418807805,,,,,,,,,
2293,2293,,,0.0660044252872467,0.06766211241483688,0.05788157880306244,0.021948369219899178,0.01851702854037285,0.018513523042201996,0.0004814616695512086,0.0003120476030744612
2293,2293,0.0002925443113781512,,,,,,,,,
2294,2294,,,0.06325366348028183,0.06919677555561066,0.05531452223658562,0.01517675444483757,0.018823454156517982,0.011586709879338741,0.00032061932142823935,0.0003120476030744612
2294,2294,0.00030847510788589716,,,,,,,,,
2295,2295,,,0.06498223543167114,0.06817930191755295,0.056952331215143204,0.018532777205109596,0.018618842586874962,0.015269325114786625,0.0003971701371483505,0.0003120476030744612
2295,2295,0.00029111074400134385,,,,,,,,,
2296,2296,,,0.06465133279561996,0.06836125254631042,0.05671131610870361,0.018254393711686134,0.018599284812808037,0.015011525712907314,0.00038984924321994185,0.0003120476030744612
2296,2296,0.00026603729929775,,,,,,,,,
2297,2297,,,0.06296675652265549,0.06935103982686996,0.05518050864338875,0.015361894853413105,0.018748262897133827,0.011866647750139236,0.0003233670722693205,0.0003120476030744612
2297,2297,0.00026424042880535126,,,,,,,,,
2298,2298,,,0.065276600420475,0.0680384561419487,0.05732336267828941,0.020626123994588852,0.018514230847358704,0.017298506572842598,0.0004461138159967959,0.0003120476030744612
2298,2298,0.00028078112518414855,,,,,,,,,
2299,2299,,0.00028822061722166836,,,,,,,,
2299,2299,,,0.06320781260728836,0.0690649002790451,0.05535699427127838,0.015415175817906857,0.01877288520336151,0.011979279108345509,0.00032580719562247396,0.0003120476030744612
2299,2299,0.00028822061722166836,,,,,,,,,
2300,2300,,,0.0643131211400032,0.06839700788259506,0.05641062557697296,0.018017280846834183,0.01864139549434185,0.014737877063453197,0.0003827136242762208,0.0003120476030744612
2300,2300,0.000276331789791584,,,,,,,,,
2301,2301,,,0.06417317688465118,0.0683407112956047,0.056320127099752426,0.017955154180526733,0.01861640438437462,0.014730856753885746,0.00038123311242088675,0.0003120476030744612
2301,2301,0.00026177443214692175,,,,,,,,,
2302,2302,,,0.06278820335865021,0.06913069635629654,0.05506567284464836,0.015560771338641644,0.01871674880385399,0.01212487742304802,0.0003263140097260475,0.0003120476030744612
2302,2302,0.00026153025100938976,,,,,,,,,
2303,2303,,,0.06451231241226196,0.06821129471063614,0.056689631193876266,0.01966465450823307,0.01851217821240425,0.016353799030184746,0.0004196302033960819,0.0003120476030744612
2303,2303,0.00027132852119393647,,,,,,,,,
2304,2304,,,0.06300058215856552,0.0688771903514862,0.05523763597011566,0.015615380369126797,0.01868671178817749,0.012237118557095528,0.0003286346618551761,0.0003120476030744612
2304,2304,0.00027522497111931443,,,,,,,,,
2305,2305,,,0.06379921734333038,0.06838998198509216,0.0560007318854332,0.017721060663461685,0.018580501899123192,0.01442965492606163,0.0003737041261047125,0.0003120476030744612
2305,2305,0.0002678744203876704,,,,,,,,,
2306,2306,,,0.06364687532186508,0.06826987117528915,0.05587812140583992,0.01762855239212513,0.018567131832242012,0.014380072243511677,0.0003713464247994125,0.0003120476030744612
2306,2306,0.00025907030794769526,,,,,,,,,
2307,2307,,,0.06263472884893417,0.06869354099035263,0.0549473874270916,0.015735849738121033,0.01864653080701828,0.012376085855066776,0.0003289067535661161,0.0003120476030744612
2307,2307,0.0002585941692814231,,,,,,,,,
2308,2308,,,0.06387980282306671,0.06801890581846237,0.05612831562757492,0.018926972523331642,0.018499620258808136,0.015637824311852455,0.00039964786265045404,0.0003120476030744612
2308,2308,0.0002641731407493353,,,,,,,,,
2309,2309,,,0.06270880997180939,0.06852173805236816,0.055006496608257294,0.015738070011138916,0.01862412691116333,0.012406466528773308,0.0003294142661616206,0.0003120476030744612
2309,2309,0.00026664562756195664,,,,,,,,,
2310,2310,,,0.06337989866733551,0.06816119700670242,0.055660489946603775,0.017509164288640022,0.0185305867344141,0.014260933734476566,0.00036741013173013926,0.0003120476030744612
2310,2310,0.0002624816552270204,,,,,,,,,
2311,2311,,,0.0631120502948761,0.06823675334453583,0.05544326826930046,0.01726875640451908,0.018529392778873444,0.01402745395898819,0.0003613067383412272,0.0003120476030744612
2311,2311,0.0002569213684182614,,,,,,,,,
2312,2312,,,0.06243417412042618,0.06847721338272095,0.05481915548443794,0.015884004533290863,0.018589738756418228,0.012612399645149708,0.0003311852633487433,0.0003120476030744612
2312,2312,0.000255915685556829,,,,,,,,,
2313,2313,,,0.06335156410932541,0.0679701417684555,0.05568886920809746,0.018299201503396034,0.01850149780511856,0.015074307098984718,0.0003839072887785733,0.0003120476030744612
2313,2313,0.00025887248921208084,,,,,,,,,
2314,2314,,,0.06239615008234978,0.06837290525436401,0.054775647819042206,0.015783147886395454,0.01861371286213398,0.012516915798187256,0.00032914261100813746,0.0003120476030744612
2314,2314,0.00026065975544042885,,,,,,,,,
2315,2315,,,0.06303614377975464,0.06798738986253738,0.05539693310856819,0.017332691699266434,0.018538203090429306,0.014163392595946789,0.00036278649349696934,0.0003120476030744612
2315,2315,0.00025856992579065263,,,,,,,,,
2316,2316,,,0.0626859962940216,0.06816742569208145,0.055108290165662766,0.01688191667199135,0.018541235476732254,0.013697508722543716,0.00035202817525714636,0.0003120476030744612
2316,2316,0.0002549988857936114,,,,,,,,,
2317,2317,,,0.06227261200547218,0.06832826137542725,0.05473983287811279,0.016013963147997856,0.018569255247712135,0.012830084189772606,0.0003335252986289561,0.0003120476030744612
2317,2317,0.00025362588348798454,,,,,,,,,
2318,2318,,,0.06294714659452438,0.06797448545694351,0.05538560450077057,0.01774461939930916,0.018511494621634483,0.01460229977965355,0.00037111862911842763,0.0003120476030744612
2318,2318,0.0002549065393395722,,,,,,,,,
2319,2319,,,0.06213536113500595,0.06835540384054184,0.05462081357836723,0.01578950509428978,0.01861359365284443,0.012593108229339123,0.0003286859719082713,0.0003120476030744612
2319,2319,0.00025618672952987254,,,,,,,,,
2320,2320,,,0.06270758807659149,0.06798426061868668,0.05517632141709328,0.01719011552631855,0.018562009558081627,0.014082265086472034,0.00035900698276236653,0.0003120476030744612
2320,2320,0.000255359715083614,,,,,,,,,
2321,2321,,,0.06228533014655113,0.06817846745252609,0.054813891649246216,0.016530804336071014,0.018587127327919006,0.01340365782380104,0.0003439026768319309,0.0003120476030744612
2321,2321,0.00025313295191153884,,,,,,,,,
2322,2322,,,0.062047410756349564,0.06826963275671005,0.054614778608083725,0.016151627525687218,0.018599901348352432,0.01302445400506258,0.00033560662996023893,0.0003120476030744612
2322,2322,0.0002516682434361428,,,,,,,,,
2323,2323,,,0.06250183284282684,0.06801722198724747,0.0550544410943985,0.01727774553000927,0.01855708658695221,0.014191724359989166,0.0003600675263442099,0.0003120476030744612
2323,2323,0.0002518714754842222,,,,,,,,,
2324,2324,,,0.061845552176237106,0.0683467760682106,0.054443322122097015,0.01580660231411457,0.018625712022185326,0.012663927860558033,0.00032817351166158915,0.0003120476030744612
2324,2324,0.00025264063151553273,,,,,,,,,
2325,2325,,,0.062329038977622986,0.06803572177886963,0.05491594597697258,0.01706431247293949,0.018573610112071037,0.013988046906888485,0.0003550640249159187,0.0003120476030744612
2325,2325,0.0002524814917705953,,,,,,,,,
2326,2326,,,0.06187260150909424,0.06820977479219437,0.05451176315546036,0.01625017635524273,0.01860940270125866,0.013161211274564266,0.00033699406776577234,0.0003120476030744612
2326,2326,0.00025122007355093956,,,,,,,,,
2327,2327,,,0.061772871762514114,0.06821990758180618,0.05444096028804779,0.01627940870821476,0.018613560125231743,0.013188786804676056,0.00033706723479554057,0.0003120476030744612
2327,2327,0.00024992204271256924,,,,,,,,,
2328,2328,,,0.062010761350393295,0.06804757565259933,0.05467450991272926,0.016885217279195786,0.018590444698929787,0.013827848248183727,0.00035017990740016103,0.0003120476030744612
2328,2328,0.00024949281942099333,,,,,,,,,
2329,2329,,,0.06152454763650894,0.06828347593545914,0.054226044565439224,0.01584407314658165,0.018632706254720688,0.012744709849357605,0.00032770930556580424,0.0003120476030744612
2329,2329,0.0002497433451935649,,,,,,,,,
2330,2330,,,0.06190111115574837,0.06806213408708572,0.054602764546871185,0.01691867597401142,0.018579276278614998,0.01386107038706541,0.000350322516169399,0.0003120476030744612
2330,2330,0.00024981191381812096,,,,,,,,,
2331,2331,,,0.06145715340971947,0.06823047250509262,0.054205141961574554,0.016040420159697533,0.01860607974231243,0.012977114878594875,0.00033131864620372653,0.0003120476030744612
2331,2331,0.0002492035273462534,,,,,,,,,
2332,2332,,,0.06148867681622505,0.06817730516195297,0.05425455793738365,0.01636635884642601,0.018588993698358536,0.013308261521160603,0.00033763557439669967,0.0003120476030744612
2332,2332,0.0002482350682839751,,,,,,,,,
2333,2333,,,0.06154090538620949,0.0680842399597168,0.0543089397251606,0.016538698226213455,0.01858055777847767,0.013501187786459923,0.0003413317317608744,0.0003120476030744612
2333,2333,0.0002475381479598582,,,,,,,,,
2334,2334,,,0.061229243874549866,0.06819774955511093,0.0540216863155365,0.015894239768385887,0.018605299293994904,0.012839553877711296,0.0003275419003330171,0.0003120476030744612
2334,2334,0.0002473480999469757,,,,,,,,,
2335,2335,,,0.06148013845086098,0.06804574280977249,0.05427918955683708,0.01672147959470749,0.01856355369091034,0.01368993241339922,0.0003446140617597848,0.0003120476030744612
2335,2335,0.00024734422913752496,,,,,,,,,
2336,2336,,,0.06106702610850334,0.06821013242006302,0.05390845239162445,0.015893055126070976,0.018583986908197403,0.012857753783464432,0.0003269091830588877,0.0003120476030744612
2336,2336,0.0002470826148055494,,,,,,,,,
2337,2337,,,0.06118183955550194,0.06813647598028183,0.05403752624988556,0.016391528770327568,0.01855408400297165,0.013370759785175323,0.00033692922443151474,0.0003120476030744612
2337,2337,0.00024647419922985137,,,,,,,,,
2338,2338,,,0.0610748790204525,0.06815505027770996,0.0539458766579628,0.016232982277870178,0.01855618506669998,0.013216930441558361,0.00033344351686537266,0.0003120476030744612
2338,2338,0.0002457930240780115,,,,,,,,,
2339,2339,,,0.060919806361198425,0.06818603724241257,0.0538073405623436,0.015954332426190376,0.018565362319350243,0.012941328808665276,0.0003275081398896873,0.0003120476030744612
2339,2339,0.00024533289251849055,,,,,,,,,
2340,2340,,,0.06103835627436638,0.06809476763010025,0.053937818855047226,0.016478579491376877,0.018540410324931145,0.013476955704391003,0.0003380477137397975,0.0003120476030744612
2340,2340,0.0002451213076710701,,,,,,,,,
2341,2341,,,0.06068897247314453,0.06821878999471664,0.0536242313683033,0.015810204669833183,0.01855897344648838,0.012804575264453888,0.00032380555057898164,0.0003120476030744612
2341,2341,0.000244939757976681,,,,,,,,,
2342,2342,,,0.06083538755774498,0.06811752915382385,0.053781766444444656,0.016349690034985542,0.018529647961258888,0.01336428802460432,0.0003347547899466008,0.0003120476030744612
2342,2342,0.00024458803818561137,,,,,,,,,
2343,2343,,,0.06063172593712807,0.06819699704647064,0.05360174924135208,0.015983670949935913,0.01853851042687893,0.012991421855986118,0.0003268504806328565,0.0003120476030744612
2343,2343,0.0002440704411128536,,,,,,,,,
2344,2344,,,0.06060484051704407,0.06817423552274704,0.05358867719769478,0.01601174846291542,0.01853267475962639,0.013032768853008747,0.000327356334310025,0.0003120476030744612
2344,2344,0.0002435485366731882,,,,,,,,,
2345,2345,,,0.06059914827346802,0.06814933568239212,0.05360313877463341,0.016216684132814407,0.018521228805184364,0.013242113403975964,0.0003312145418021828,0.0003120476030744612
2345,2345,0.00024315802147611976,,,,,,,,,
2346,2346,,,0.06034209206700325,0.06823345273733139,0.0533781498670578,0.015789011493325233,0.018535126000642776,0.01280985213816166,0.00032200911664403975,0.0003120476030744612
2346,2346,0.00024288921849802136,,,,,,,,,
2347,2347,,,0.06046370044350624,0.06813079118728638,0.05351055786013603,0.016240578144788742,0.01851547509431839,0.013281997293233871,0.00033116742270067334,0.0003120476030744612
2347,2347,0.00024262373335659504,,,,,,,,,
2348,2348,,,0.0602257177233696,0.06822094321250916,0.053298432379961014,0.015808800235390663,0.018531208857893944,0.012838227674365044,0.00032189986086450517,0.0003120476030744612
2348,2348,0.00024226700770668685,,,,,,,,,
2349,2349,,0.00024182547349482775,,,,,,,,
2349,2349,,,0.060276422649621964,0.06815985590219498,0.05336117744445801,0.01603907346725464,0.018518075346946716,0.01308609452098608,0.00032655216637067497,0.0003120476030744612
2349,2349,0.00024182547349482775,,,,,,,,,
2350,2350,,,0.06017075106501579,0.06818540394306183,0.053280316293239594,0.0159679614007473,0.01851612515747547,0.01301654800772667,0.0003247545682825148,0.0003120476030744612
2350,2350,0.0002413831534795463,,,,,,,,,
2351,2351,,,0.060022201389074326,0.06822877377271652,0.05315903201699257,0.01580539345741272,0.018518786877393723,0.012853125110268593,0.00032105675200000405,0.0003120476030744612
2351,2351,0.00024100721930153668,,,,,,,,,
2352,2352,,,0.06007331982254982,0.06816373765468597,0.053223639726638794,0.01607070304453373,0.018506856635212898,0.013135476037859917,0.00032636316609568894,0.0003120476030744612
2352,2352,0.00024069775827229023,,,,,,,,,
2353,2353,,,0.05986013263463974,0.06823961436748505,0.053034890443086624,0.01570657081902027,0.01852257363498211,0.012762214057147503,0.0003185634268447757,0.0003120476030744612
2353,2353,0.00024039510753937066,,,,,,,,,
2354,2354,,,0.05992574989795685,0.06817148625850677,0.053112685680389404,0.016003789380192757,0.01851068064570427,0.013075883500277996,0.0003244951367378235,0.0003120476030744612
2354,2354,0.00024005045997910202,,,,,,,,,
2355,2355,,,0.059755370020866394,0.06822405755519867,0.0529688261449337,0.015761589631438255,0.01851711980998516,0.01283442322164774,0.00031923784990794957,0.0003120476030744612
2355,2355,0.00023965911532286555,,,,,,,,,
2356,2356,,,0.05969957634806633,0.06822892278432846,0.05293569713830948,0.015822414308786392,0.01851051114499569,0.01289950031787157,0.0003201424260623753,0.0003120476030744612
2356,2356,0.00023925743880681694,,,,,,,,,
2357,2357,,,0.05966336652636528,0.06821408122777939,0.05291708558797836,0.01586652547121048,0.018505394458770752,0.012954829260706902,0.0003208875423297286,0.0003120476030744612
2357,2357,0.00023888758732937276,,,,,,,,,
2358,2358,,,0.05952072516083717,0.06825654208660126,0.052795786410570145,0.01566549763083458,0.018511837348341942,0.012751391157507896,0.00031652054167352617,0.0003120476030744612
2358,2358,0.0002385535481153056,,,,,,,,,
2359,2359,,,0.05955331772565842,0.06820639222860336,0.052842479199171066,0.015893206000328064,0.018501123413443565,0.012991328723728657,0.0003209587302990258,0.0003120476030744612
2359,2359,0.00023823285300750285,,,,,,,,,
2360,2360,,,0.059375397861003876,0.06825581938028336,0.05268971994519234,0.015620440244674683,0.018508628010749817,0.012719976715743542,0.0003151438431814313,0.0003120476030744612
2360,2360,0.00023789772239979357,,,,,,,,,
2361,2361,,,0.059372130781412125,0.06822873651981354,0.05270543694496155,0.015800269320607185,0.018497886136174202,0.012907619588077068,0.0003184878150932491,0.0003120476030744612
2361,2361,0.0002375382900936529,,,,,,,,,
2362,2362,,,0.059262730181217194,0.06825044006109238,0.05261686071753502,0.0156699251383543,0.018498944118618965,0.012782368808984756,0.00031563977245241404,0.0003120476030744612
2362,2362,0.00023716538271401078,,,,,,,,,
2363,2363,,,0.059198882430791855,0.06825518608093262,0.05257147178053856,0.01565377227962017,0.018495840951800346,0.012770931236445904,0.00031509442487731576,0.0003120476030744612
2363,2363,0.0002368011191720143,,,,,,,,,
2364,2364,,,0.0591631680727005,0.0682455524802208,0.05255431309342384,0.015726646408438683,0.018488401547074318,0.012849765829741955,0.00031631471938453615,0.0003120476030744612
2364,2364,0.00023645503097213805,,,,,,,,,
2365,2365,,,0.05902506038546562,0.06827742606401443,0.05243945121765137,0.015547435730695724,0.018490543588995934,0.012674322351813316,0.000312446994939819,0.0003120476030744612
2365,2365,0.00023612235963810235,,,,,,,,,
2366,2366,,,0.059019483625888824,0.06824853271245956,0.052451904863119125,0.015713844448328018,0.01848074048757553,0.012848499231040478,0.00031551707070320845,0.0003120476030744612
2366,2366,0.0002357910416321829,,,,,,,,,
2367,2367,,,0.05888155847787857,0.06828133016824722,0.052335113286972046,0.015521875582635403,0.018484607338905334,0.012658333405852318,0.0003114040591754019,0.0003114040591754019
2367,2367,0.0002354504249524325,,,,,,,,,
2368,2368,,,0.05886629968881607,0.06825768202543259,0.05233568325638771,0.015625981613993645,0.018476376309990883,0.012771311216056347,0.00031329545890912414,0.0003114040591754019
2368,2368,0.0002350982540519908,,,,,,,,,
2369,2369,,,0.05876682326197624,0.06827991455793381,0.05225729942321777,0.015549324452877045,0.01847410388290882,0.012696065939962864,0.0003114602295681834,0.0003114040591754019
2369,2369,0.00023474446788895875,,,,,,,,,
2370,2370,,,0.05868830159306526,0.06828674674034119,0.052199434489011765,0.015515131875872612,0.018470048904418945,0.012668964453041553,0.0003105426440015435,0.0003105426440015435
2370,2370,0.00023439619690179825,,,,,,,,,
2371,2371,,,0.05863942578434944,0.06828286498785019,0.05217016860842705,0.015571204014122486,0.018463468179106712,0.0127297667786479,0.00031137591577135026,0.0003105426440015435
2371,2371,0.00023405806859955192,,,,,,,,,
2372,2372,,,0.05852317065000534,0.06830688565969467,0.05207400023937225,0.01543617807328701,0.018464861437678337,0.012597206048667431,0.00030842420528642833,0.00030842420528642833
2372,2372,0.00023372482974082232,,,,,,,,,
2373,2373,,,0.05850823223590851,0.06828059256076813,0.052074745297431946,0.015546473674476147,0.018457505851984024,0.012716309167444706,0.0003104176721535623,0.00030842420528642833
2373,2373,0.00023339201288763434,,,,,,,,,
2374,2374,,,0.05838300660252571,0.0683118924498558,0.051971178501844406,0.015407927334308624,0.018459344282746315,0.012577883899211884,0.00030734945903532207,0.00030734945903532207
2374,2374,0.00023305538343265653,,,,,,,,,
2375,2375,,,0.05834672227501869,0.0682969018816948,0.05195312574505806,0.015476590022444725,0.018451852723956108,0.012655417434871197,0.00030849245376884937,0.00030734945903532207
2375,2375,0.0002327139227418229,,,,,,,,,
2376,2376,,,0.05825395882129669,0.06831257045269012,0.051880717277526855,0.015411077998578548,0.018449392169713974,0.012593043968081474,0.0003069168596994132,0.0003069168596994132
2376,2376,0.00023237185087054968,,,,,,,,,
2377,2377,,,0.05818413943052292,0.06831733882427216,0.0518295057117939,0.015391244553029537,0.018446236848831177,0.012577461078763008,0.00030627913656644523,0.00030627913656644523
2377,2377,0.00023203193268273026,,,,,,,,,
2378,2378,,,0.058135632425546646,0.06830771267414093,0.05179824307560921,0.01541346125304699,0.018441902473568916,0.012607174925506115,0.0003065187484025955,0.00030627913656644523
2378,2378,0.00023169843188952655,,,,,,,,,
2379,2379,,,0.058031048625707626,0.06832724809646606,0.05171402543783188,0.015321891754865646,0.018441714346408844,0.012517034076154232,0.0003044145996682346,0.0003044145996682346
2379,2379,0.00023136730305850506,,,,,,,,,
2380,2380,,,0.057994794100522995,0.06831065565347672,0.05169568210840225,0.015390337444841862,0.01843550056219101,0.012593884021043777,0.0003055438573937863,0.0003044145996682346
2380,2380,0.00023103713465388864,,,,,,,,,
2381,2381,,,0.057887002825737,0.06833090633153915,0.05160846561193466,0.01528299693018198,0.018436571583151817,0.012489505112171173,0.0003031622909475118,0.0003031622909475118
2381,2381,0.00023070559836924076,,,,,,,,,
2382,2382,,,0.05784660577774048,0.06832045316696167,0.05158550664782524,0.015336899086833,0.018430911004543304,0.012549216859042645,0.0003039892762899399,0.0003031622909475118
2382,2382,0.00023037221399135888,,,,,,,,,
2383,2383,,,0.05776238813996315,0.06832821667194366,0.05151967331767082,0.01526924129575491,0.018429355695843697,0.012486944906413555,0.0003024440084118396,0.0003024440084118396
2383,2383,0.00023003818932920694,,,,,,,,,
2384,2384,,,0.057696226984262466,0.06833028048276901,0.05147271975874901,0.01526705827564001,0.018425919115543365,0.012489196844398975,0.0003021443553734571,0.0003021443553734571
2384,2384,0.00022970694408286363,,,,,,,,,
2385,2385,,,0.05763022601604462,0.06832971423864365,0.05142579227685928,0.015261655673384666,0.018422694876790047,0.0124895591288805,0.0003017983981408179,0.0003017983981408179
2385,2385,0.000229375742492266,,,,,,,,,
2386,2386,,,0.05754565820097923,0.06833630800247192,0.0513601116836071,0.015202118083834648,0.01842133142054081,0.012435128912329674,0.0003003999881912023,0.0003003999881912023
2386,2386,0.0002290473785251379,,,,,,,,,
2387,2387,,,0.057498540729284286,0.06832834333181381,0.05133049190044403,0.015240325592458248,0.01841670088469982,0.012478317134082317,0.0003009062784258276,0.0003003999881912023
2387,2387,0.00022872109548188746,,,,,,,,,
2388,2388,,,0.05740748345851898,0.06833881884813309,0.05125824362039566,0.015156933106482029,0.01841636374592781,0.012400195002555847,0.00029906121199019253,0.00029906121199019253
2388,2388,0.00022839549637865275,,,,,,,,,
2389,2389,,,0.05736011266708374,0.06833180785179138,0.05122915282845497,0.015197429805994034,0.01841128058731556,0.012446476146578789,0.00029961386462673545,0.00029906121199019253
2389,2389,0.0002280691551277414,,,,,,,,,
2390,2390,,,0.05727003887295723,0.06834448873996735,0.051158834248781204,0.015130897983908653,0.01840953156352043,0.012383969500660896,0.0002980660065077245,0.0002980660065077245
2390,2390,0.00022774250828661025,,,,,,,,,
2391,2391,,,0.057214848697185516,0.06833896040916443,0.05112149938941002,0.015140797011554241,0.018405037000775337,0.012400614097714424,0.00029804755467921495,0.00029804755467921495
2391,2391,0.00022741580323781818,,,,,,,,,
2392,2392,,,0.05714192986488342,0.06834405660629272,0.05106682330369949,0.015112372115254402,0.01840270310640335,0.012375800870358944,0.0002972484799101949,0.0002972484799101949
2392,2392,0.0002270912955282256,,,,,,,,,
2393,2393,,,0.05707252770662308,0.0683441087603569,0.05101524665951729,0.015083425678312778,0.01840045303106308,0.01235303096473217,0.00029647722840309143,0.00029647722840309143
2393,2393,0.00022676732623949647,,,,,,,,,
2394,2394,,,0.05701155215501785,0.06834239512681961,0.05097257345914841,0.015089345164597034,0.018396317958831787,0.01236405223608017,0.0002963494334835559,0.0002963494334835559
2394,2394,0.00022644508862867951,,,,,,,,,
2395,2395,,,0.05692651495337486,0.06835292279720306,0.05090675130486488,0.015034833922982216,0.01839401386678219,0.012313516810536385,0.00029504357371479273,0.00029504357371479273
2395,2395,0.0002261227637063712,,,,,,,,,
2396,2396,,,0.056876566261053085,0.0683458149433136,0.05087433382868767,0.01505610253661871,0.01838919334113598,0.01234176941215992,0.0002952505892608315,0.00029504357371479273
2396,2396,0.00022580211225431412,,,,,,,,,
2397,2397,,,0.0567910261452198,0.06835873425006866,0.05080738291144371,0.014997140504419804,0.01838749460875988,0.012285364791750908,0.0002938561956398189,0.0002938561956398189
2397,2397,0.00022548233391717076,,,,,,,,,
2398,2398,,,0.05674003064632416,0.06835099309682846,0.050773486495018005,0.015013601630926132,0.018382849171757698,0.012308727949857712,0.00029397133039310575,0.0002938561956398189
2398,2398,0.00022516176977660507,,,,,,,,,
2399,2399,,0.00022484216606244445,,,,,,,,
2399,2399,,,0.056657832115888596,0.06835943460464478,0.05071021616458893,0.014966914430260658,0.018380511552095413,0.012265987694263458,0.0002928198082372546,0.0002928198082372546
2399,2399,0.00022484216606244445,,,,,,,,,
2400,2400,,,0.05659390240907669,0.06835993379354477,0.050664737820625305,0.014965550042688847,0.018376579508185387,0.012269615195691586,0.00029255205299705267,0.00029255205299705267
2400,2400,0.00022452317352872342,,,,,,,,,
2401,2401,,,0.056525930762290955,0.06836088001728058,0.05061432719230652,0.01494037825614214,0.018373310565948486,0.012250155210494995,0.0002918551326729357,0.0002918551326729357
2401,2401,0.00022420471941586584,,,,,,,,,
2402,2402,,,0.05645632743835449,0.06836604326963425,0.05056246370077133,0.014916588552296162,0.018370138481259346,0.012230081483721733,0.000291161413770169,0.000291161413770169
2402,2402,0.00022388760407920927,,,,,,,,,
2403,2403,,,0.056396350264549255,0.0683642327785492,0.05052008479833603,0.014912604354321957,0.018366312608122826,0.01223207451403141,0.00029087404254823923,0.00029087404254823923
2403,2403,0.00022357149282470345,,,,,,,,,
2404,2404,,,0.05631788820028305,0.06837188452482224,0.05046029016375542,0.014871539548039436,0.018363431096076965,0.01219517644494772,0.00028984577511437237,0.00028984577511437237
2404,2404,0.000223255978198722,,,,,,,,,
2405,2405,,,0.05626000091433525,0.06836875528097153,0.05042009800672531,0.014879700727760792,0.01835882104933262,0.012208432890474796,0.0002897706290241331,0.0002897706290241331
2405,2405,0.00022294162772595882,,,,,,,,,
2406,2406,,,0.056183163076639175,0.06837359815835953,0.050361067056655884,0.014833121560513973,0.018356868997216225,0.012166770175099373,0.0002886613365262747,0.0002886613365262747
2406,2406,0.00022262736456468701,,,,,,,,,
2407,2407,,,0.05612630024552345,0.06837098300457001,0.050321586430072784,0.014839916490018368,0.018352840095758438,0.012178477831184864,0.0002885667490772903,0.0002885667490772903
2407,2407,0.0002223134652012959,,,,,,,,,
2408,2408,,,0.056051939725875854,0.06837667524814606,0.050265099853277206,0.01480039581656456,0.01834994927048683,0.012143692933022976,0.00028759203269146383,0.00028759203269146383
2408,2408,0.00022200045350473374,,,,,,,,,
2409,2409,,,0.055990565568208694,0.06837711483240128,0.05022145435214043,0.014796711504459381,0.018345514312386513,0.012145022861659527,0.00028729753103107214,0.00028729753103107214
2409,2409,0.00022168728173710406,,,,,,,,,
2410,2410,,,0.055920571088790894,0.06838061660528183,0.0501694530248642,0.014769526198506355,0.01834251917898655,0.012122943066060543,0.00028656108770519495,0.00028656108770519495
2410,2410,0.0002213770931120962,,,,,,,,,
2411,2411,,,0.05585490167140961,0.06838210672140121,0.05012134835124016,0.014752727933228016,0.018339576199650764,0.012110835872590542,0.0002860201057046652,0.0002860201057046652
2411,2411,0.00022106563847046345,,,,,,,,,
2412,2412,,,0.05579202249646187,0.0683811604976654,0.05007552728056908,0.014738455414772034,0.018335996195673943,0.012101897038519382,0.00028553864103741944,0.00028553864103741944
2412,2412,0.00022075558081269264,,,,,,,,,
2413,2413,,,0.055721938610076904,0.06838491559028625,0.05002307519316673,0.014710146002471447,0.018332768231630325,0.01207815296947956,0.00028477952582761645,0.00028477952582761645
2413,2413,0.0002204459742642939,,,,,,,,,
2414,2414,,,0.05566084012389183,0.06838490068912506,0.04997967556118965,0.01470551360398531,0.01832868903875351,0.012078871950507164,0.00028447475051507354,0.00028447475051507354
2414,2414,0.00022013814304955304,,,,,,,,,
2415,2415,,,0.055588893592357635,0.06839010864496231,0.049925316125154495,0.014670077711343765,0.018325883895158768,0.012048141099512577,0.00028358882991597056,0.00028358882991597056
2415,2415,0.00021982988982927054,,,,,,,,,
2416,2416,,,0.055530935525894165,0.06838834285736084,0.049884457141160965,0.01467016153037548,0.01832173950970173,0.01205321867018938,0.00028337532421573997,0.00028337532421573997
2416,2416,0.00021952216047793627,,,,,,,,,
2417,2417,,,0.05545837804675102,0.06839258968830109,0.04982943832874298,0.014633282087743282,0.01831921935081482,0.012020975351333618,0.00028246280271559954,0.00028246280271559954
2417,2417,0.00021921558072790504,,,,,,,,,
2418,2418,,,0.05540022253990173,0.06839042156934738,0.04978840425610542,0.014631891623139381,0.018315019086003304,0.012024937197566032,0.0002822263340931386,0.0002822263340931386
2418,2418,0.0002189093065680936,,,,,,,,,
2419,2419,,,0.055328771471977234,0.06839492172002792,0.04973430186510086,0.014598892070353031,0.018312057480216026,0.011996163055300713,0.00028138310881331563,0.00028138310881331563
2419,2419,0.00021860413835383952,,,,,,,,,
2420,2420,,,0.05526944249868393,0.06839346140623093,0.04969204217195511,0.014591841027140617,0.018308183178305626,0.011994860135018826,0.00028104911325499415,0.00028104911325499415
2420,2420,0.00021830011974088848,,,,,,,,,
2421,2421,,,0.05520041286945343,0.06839758157730103,0.049640510231256485,0.014565628953278065,0.01830497570335865,0.011972984299063683,0.00028033589478582144,0.00028033589478582144
2421,2421,0.00021799579553771764,,,,,,,,,
2422,2422,,,0.05513804405927658,0.06839744001626968,0.049595046788454056,0.014551660977303982,0.018301118165254593,0.011964041739702225,0.0002798647037707269,0.0002798647037707269
2422,2422,0.00021769247541669756,,,,,,,,,
2423,2423,,,0.05507379025220871,0.06839819997549057,0.04954782500863075,0.014532250352203846,0.01829749159514904,0.0119497524574399,0.0002792945597320795,0.0002792945597320795
2423,2423,0.00021738999930676073,,,,,,,,,
2424,2424,,,0.05500760301947594,0.06840072572231293,0.04949893429875374,0.014512204565107822,0.0182944368571043,0.011933972127735615,0.0002787003177218139,0.0002787003177218139
2424,2424,0.0002170879888581112,,,,,,,,,
2425,2425,,,0.054946113377809525,0.06839945167303085,0.04945429787039757,0.014498399570584297,0.01829071156680584,0.011925662867724895,0.0002782410301733762,0.0002782410301733762
2425,2425,0.00021678669145330787,,,,,,,,,
2426,2426,,,0.054878946393728256,0.06840220093727112,0.0494040846824646,0.01447360496968031,0.018287058919668198,0.011905230581760406,0.00027756232884712517,0.00027756232884712517
2426,2426,0.0002164869219996035,,,,,,,,,
2427,2427,,,0.05481794849038124,0.06840184330940247,0.049360018223524094,0.0144639378413558,0.01828308030962944,0.011900420300662518,0.00027717146440409124,0.00027717146440409124
2427,2427,0.0002161869197152555,,,,,,,,,
2428,2428,,,0.054751381278038025,0.06840306520462036,0.04931022226810455,0.014436027966439724,0.018279898911714554,0.011877734214067459,0.0002764511154964566,0.0002764511154964566
2428,2428,0.0002158873830921948,,,,,,,,,
2429,2429,,,0.05469033494591713,0.06840331107378006,0.04926600679755211,0.01442890614271164,0.018276052549481392,0.0118745481595397,0.00027609645621851087,0.00027609645621851087
2429,2429,0.0002155887195840478,,,,,,,,,
2430,2430,,,0.05462448671460152,0.06840383261442184,0.049216799437999725,0.014399311505258083,0.018272915855050087,0.011850629933178425,0.00027535605477169156,0.00027535605477169156
2430,2430,0.00021529090008698404,,,,,,,,,
2431,2431,,,0.054563894867897034,0.0684041753411293,0.04917313903570175,0.014392802491784096,0.01826872117817402,0.011848346330225468,0.00027501684962771833,0.00027501684962771833
2431,2431,0.0002149930951418355,,,,,,,,,
2432,2432,,,0.05449638143181801,0.06840699166059494,0.04912244901061058,0.014363395050168037,0.018265364691615105,0.011823805049061775,0.00027426803717389703,0.00027426803717389703
2432,2432,0.00021469713828992099,,,,,,,,,
2433,2433,,,0.0544382706284523,0.0684051588177681,0.04908081889152527,0.0143563412129879,0.018261337652802467,0.011822083033621311,0.0002739393967203796,0.0002739393967203796
2433,2433,0.0002144007448805496,,,,,,,,,
2434,2434,,,0.05436953529715538,0.06840962916612625,0.049028921872377396,0.014328290708363056,0.018258189782500267,0.01179767120629549,0.00027320042136125267,0.00027320042136125267
2434,2434,0.00021410583576653153,,,,,,,,,
2435,2435,,,0.05431323125958443,0.06840524822473526,0.04898861423134804,0.014319593086838722,0.018254084512591362,0.011795181781053543,0.00027285810210742056,0.00027285810210742056
2435,2435,0.0002138109557563439,,,,,,,,,
2436,2436,,,0.05424473434686661,0.06840869784355164,0.04893696680665016,0.014293009415268898,0.018250836059451103,0.01177214179188013,0.00027214482543058693,0.00027214482543058693
2436,2436,0.00021351712348405272,,,,,,,,,
2437,2437,,,0.05418647825717926,0.06840667128562927,0.04889516904950142,0.014283430762588978,0.018246814608573914,0.011768083088099957,0.00027177625452168286,0.00027177625452168286
2437,2437,0.00021322339307516813,,,,,,,,,
2438,2438,,,0.054120659828186035,0.06840881705284119,0.048845935612916946,0.014257525093853474,0.018243174999952316,0.011746806092560291,0.00027109571965411305,0.00027109571965411305
2438,2438,0.00021293140889611095,,,,,,,,,
2439,2439,,,0.05406131595373154,0.06840889155864716,0.04880290478467941,0.014247280545532703,0.018238892778754234,0.011740950867533684,0.00027070307987742126,0.00027070307987742126
2439,2439,0.000212638929951936,,,,,,,,,
2440,2440,,,0.05399810150265694,0.06840885430574417,0.04875591769814491,0.014222769066691399,0.018235549330711365,0.011721787042915821,0.0002700639015529305,0.0002700639015529305
2440,2440,0.00021234751329757273,,,,,,,,,
2441,2441,,,0.05393737927079201,0.06840840727090836,0.04871148616075516,0.014210487715899944,0.018231915310025215,0.011713771149516106,0.0002696311566978693,0.0002696311566978693
2441,2441,0.0002120572025887668,,,,,,,,,
2442,2442,,,0.05387379974126816,0.06840832531452179,0.048664163798093796,0.014188706874847412,0.01822814531624317,0.011696872301399708,0.0002690324909053743,0.0002690324909053743
2442,2442,0.00021176693553570658,,,,,,,,,
2443,2443,,,0.053813256323337555,0.06840772181749344,0.04861992970108986,0.01417364738881588,0.018224308267235756,0.01168672926723957,0.000268560484983027,0.000268560484983027
2443,2443,0.0002114773669745773,,,,,,,,,
2444,2444,,,0.05375036969780922,0.06840983778238297,0.04857359081506729,0.014154745265841484,0.018220771104097366,0.011672105640172958,0.0002680117613635957,0.0002680117613635957
2444,2444,0.00021118785662110895,,,,,,,,,
2445,2445,,,0.05369117856025696,0.06840842962265015,0.04853015020489693,0.014136970974504948,0.0182166937738657,0.01165960542857647,0.00026750325923785567,0.00026750325923785567
2445,2445,0.00021090084919705987,,,,,,,,,
2446,2446,,,0.05362922325730324,0.06840937584638596,0.04848436638712883,0.014120935462415218,0.018212540075182915,0.01164756715297699,0.00026700267335399985,0.00026700267335399985
2446,2446,0.00021061240113340318,,,,,,,,,
2447,2447,,,0.05356733128428459,0.06840848922729492,0.048438653349876404,0.014100484549999237,0.018209150061011314,0.011632431298494339,0.0002664408239070326,0.0002664408239070326
2447,2447,0.0002103260048897937,,,,,,,,,
2448,2448,,,0.05350662022829056,0.06840809434652328,0.048394154757261276,0.01408714335411787,0.018205512315034866,0.011623311787843704,0.0002659934398252517,0.0002659934398252517
2448,2448,0.0002100393467117101,,,,,,,,,
2449,2449,,0.00020975369261577725,,,,,,,,
2449,2449,,,0.053445346653461456,0.06840766966342926,0.04834850877523422,0.01406425517052412,0.018201559782028198,0.01160537637770176,0.0002653910487424582,0.0002653910487424582
2449,2449,0.00020975369261577725,,,,,,,,,
2450,2450,,,0.053387440741062164,0.0684063658118248,0.0483064167201519,0.014053101651370525,0.018197406083345413,0.011598839424550533,0.00026499497471377254,0.00026499497471377254
2450,2450,0.00020946930453646928,,,,,,,,,
2451,2451,,,0.05332288146018982,0.06840845197439194,0.04825828969478607,0.014027952216565609,0.018193939700722694,0.011578337289392948,0.0002643429033923894,0.0002643429033923894
2451,2451,0.00020918391237501055,,,,,,,,,
2452,2452,,,0.053265661001205444,0.06840786337852478,0.048217106610536575,0.014019779860973358,0.018189458176493645,0.011574837379157543,0.00026400075876154006,0.00026400075876154006
2452,2452,0.00020890103769488633,,,,,,,,,
2453,2453,,,0.05320243537425995,0.06840822100639343,0.04816937819123268,0.01399139128625393,0.01818578876554966,0.01155114732682705,0.00026330031687393785,0.00026330031687393785
2453,2453,0.000208617391763255,,,,,,,,,
2454,2454,,,0.05314704775810242,0.06840544193983078,0.04812967777252197,0.013986964710056782,0.018181724473834038,0.011551112867891788,0.0002630250237416476,0.0002630250237416476
2454,2454,0.00020833523012697697,,,,,,,,,
2455,2455,,,0.053081486374139786,0.06840638071298599,0.048080023378133774,0.013954558409750462,0.018178841099143028,0.011523745954036713,0.0002622546162456274,0.0002622546162456274
2455,2455,0.00020805292297154665,,,,,,,,,
2456,2456,,,0.05302692577242851,0.06840389966964722,0.048041217029094696,0.01395439449697733,0.018174124881625175,0.011527813039720058,0.0002620514133013785,0.0002620514133013785
2456,2456,0.00020777195459231734,,,,,,,,,
2457,2457,,,0.05296092852950096,0.06840590387582779,0.04799078777432442,0.013917619362473488,0.01817035861313343,0.011495907790958881,0.00026120676193386316,0.00026120676193386316
2457,2457,0.0002074907679343596,,,,,,,,,
2458,2458,,,0.05291016027331352,0.06840197741985321,0.04795565828680992,0.013922544196248055,0.01816573366522789,0.011505578644573689,0.00026110795442946255,0.00026110795442946255
2458,2458,0.00020721093460451812,,,,,,,,,
2459,2459,,,0.05283969268202782,0.06840702146291733,0.04790111631155014,0.013880053535103798,0.01816284842789173,0.011466938070952892,0.00026014712057076395,0.00026014712057076395
2459,2459,0.00020693168335128576,,,,,,,,,
2460,2460,,,0.05279354751110077,0.0683986246585846,0.047870054841041565,0.013891958631575108,0.01815768890082836,0.01148462388664484,0.00026018687640316784,0.00026014712057076395
2460,2460,0.000206653363420628,,,,,,,,,
2461,2461,,,0.052718840539455414,0.06840500980615616,0.047811150550842285,0.013840585947036743,0.01815493032336235,0.011436475440859795,0.00025905988877639174,0.00025905988877639174
2461,2461,0.00020637463603634387,,,,,,,,,
2462,2462,,,0.05267686769366264,0.06839612871408463,0.04778458923101425,0.013864696957170963,0.018150048330426216,0.011466329917311668,0.0002593175449874252,0.00025905988877639174
2462,2462,0.00020609777129720896,,,,,,,,,
2463,2463,,,0.05259847640991211,0.06840477138757706,0.04772180691361427,0.013797454535961151,0.018147628754377365,0.011402919888496399,0.000257925596088171,0.000257925596088171
2463,2463,0.00020582160505000502,,,,,,,,,
2464,2464,,,0.052563589066267014,0.06839356571435928,0.04770192876458168,0.01384162437170744,0.01814110204577446,0.011451812461018562,0.0002585272304713726,0.000257925596088171
2464,2464,0.00020554542425088584,,,,,,,,,
2465,2465,,,0.05247669667005539,0.06840448826551437,0.047630757093429565,0.013750041835010052,0.018139366060495377,0.011364810168743134,0.00025671449839137495,0.00025671449839137495
2465,2465,0.0002052706986432895,,,,,,,,,
2466,2466,,,0.05245164409279823,0.06838894635438919,0.04762095585465431,0.013824005611240864,0.018132785335183144,0.0114433066919446,0.00025783758610486984,0.00025671449839137495
2466,2466,0.00020499785023275763,,,,,,,,,
2467,2467,,,0.05235160514712334,0.06840541213750839,0.047536298632621765,0.013695862144231796,0.018132319673895836,0.011319384910166264,0.0002553808153606951,0.0002553808153606951
2467,2467,0.0002047257439699024,,,,,,,,,
2468,2468,,,0.05234622582793236,0.06838103383779526,0.047545578330755234,0.01381613314151764,0.01812361180782318,0.011444764211773872,0.0002573335077613592,0.0002553808153606951
2468,2468,0.00020445631525944918,,,,,,,,,
2469,2469,,,0.052221883088350296,0.0684097409248352,0.04743732139468193,0.013630109839141369,0.018125424161553383,0.011262035928666592,0.00025384529726579785,0.00025384529726579785
2469,2469,0.00020418954954948276,,,,,,,,,
2470,2470,,,0.05224636569619179,0.06837180256843567,0.047476138919591904,0.013824130408465862,0.01811441034078598,0.011462181806564331,0.0002571137738414109,0.00025384529726579785
2470,2470,0.0002039269165834412,,,,,,,,,
2471,2471,,,0.052085597068071365,0.06841740757226944,0.047331493347883224,0.013544882647693157,0.018118612468242645,0.011184717528522015,0.0002519745612516999,0.0002519745612516999
2471,2471,0.000203670933842659,,,,,,,,,
2472,2472,,,0.05215837061405182,0.06835678964853287,0.04741791635751724,0.013860813342034817,0.018103672191500664,0.011507928371429443,0.000257405627053231,0.0002519745612516999
2472,2472,0.00020342621428426355,,,,,,,,,
2473,2473,,,0.051935672760009766,0.06843002140522003,0.04721207916736603,0.013425975106656551,0.018113533034920692,0.01107320748269558,0.00024952300009317696,0.00024952300009317696
2473,2473,0.00020319742907304317,,,,,,,,,
2474,2474,,,0.05208746716380119,0.06833377480506897,0.04737691953778267,0.013947619125247002,0.018092023208737373,0.011602835729718208,0.00025858450680971146,0.00024952300009317696
2474,2474,0.00020299848983995616,,,,,,,,,
2475,2475,,,0.05176408961415291,0.0684526264667511,0.047070492058992386,0.013252024538815022,0.018110163509845734,0.01090481597930193,0.0002461303083691746,0.0002461303083691746
2475,2475,0.0002028456947300583,,,,,,,,,
2476,2476,,,0.052050355821847916,0.06829815357923508,0.0473686121404171,0.014124707318842411,0.018077515065670013,0.011785564944148064,0.00026139005785807967,0.0002461303083691746
2476,2476,0.00020277206203900278,,,,,,,,,
2477,2477,,,0.05155082792043686,0.0684969499707222,0.04688776284456253,0.012989426031708717,0.0181107334792614,0.010642219334840775,0.00024121830938383937,0.00024121830938383937
2477,2477,0.00020283128833398223,,,,,,,,,
2478,2478,,,0.052069228142499924,0.06824001669883728,0.047415729612112045,0.014470444992184639,0.01805887371301651,0.012130236253142357,0.0002672758128028363,0.00024121830938383937
2478,2478,0.00020312091510277241,,,,,,,,,
2479,2479,,,0.05126684904098511,0.06857720762491226,0.04663320258259773,0.012593254446983337,0.01811768300831318,0.010229820385575294,0.0002340233331779018,0.0002340233331779018
2479,2479,0.00020380756177473813,,,,,,,,,
2480,2480,,,0.0521923266351223,0.06814278662204742,0.04756438359618187,0.015148243866860867,0.018033865839242935,0.012785396538674831,0.0002794453175738454,0.0002340233331779018
2480,2480,0.00020518821838777512,,,,,,,,,
2481,2481,,,0.0508553683757782,0.06872905045747757,0.04624936357140541,0.012041304260492325,0.01813829503953457,0.009613829664885998,0.00022402478498406708,0.00022402478498406708
2481,2481,0.0002077928656945005,,,,,,,,,
2482,2482,,,0.05250692367553711,0.06798800081014633,0.047898728400468826,0.016503408551216125,0.017997803166508675,0.01405387930572033,0.00030538911232724786,0.00022402478498406708
2482,2482,0.00021256304171402007,,,,,,,,,
2483,2483,,,0.05022234097123146,0.06902764737606049,0.045636288821697235,0.011529085226356983,0.01818624511361122,0.008896755054593086,0.00021323487453628331,0.00021323487453628331
2483,2483,0.00022119906498119235,,,,,,,,,
2484,2484,,,0.05318642780184746,0.06775473058223724,0.04858070984482765,0.01926490105688572,0.017949199303984642,0.016553450375795364,0.0003643237869255245,0.00021323487453628331
2484,2484,0.0002367618290008977,,,,,,,,,
2485,2485,,,0.049210306257009506,0.06964698433876038,0.04461858794093132,0.012218122370541096,0.01829463616013527,0.009059705771505833,0.00021509238285943866,0.00021323487453628331
2485,2485,0.00026479476946406066,,,,,,,,,
2486,2486,,,0.05457263067364693,0.06747636944055557,0.04991632327437401,0.02485053613781929,0.017897823825478554,0.021456947550177574,0.0005086043966002762,0.00021323487453628331
2486,2486,0.00031516296439804137,,,,,,,,,
2487,2487,,,0.04763314872980118,0.07099351286888123,0.04294893145561218,0.017248235642910004,0.01854078657925129,0.013082691468298435,0.00028416034183464944,0.00021323487453628331
2487,2487,0.0004053639422636479,,,,,,,,,
2488,2488,,,0.05728393420577049,0.06741713732481003,0.05242406204342842,0.035436391830444336,0.017909230664372444,0.030560102313756943,0.0008757174946367741,0.00021323487453628331
2488,2488,0.0005645780474878848,,,,,,,,,
2489,2489,,,0.04550537094473839,0.07388031482696533,0.04048167169094086,0.0294963289052248,0.019079767167568207,0.02342068776488304,0.0005783048691228032,0.00021323487453628331
2489,2489,0.0008385877008549869,,,,,,,,,
2490,2490,,,0.06200103089213371,0.06821545958518982,0.05657542124390602,0.052052706480026245,0.018169965595006943,0.04472331702709198,0.001702384790405631,0.00021323487453628331
2490,2490,0.0012827522587031126,,,,,,,,,
2491,2491,,,0.0437052845954895,0.07853452861309052,0.03797518461942673,0.04586073011159897,0.019963975995779037,0.03721114248037338,0.0012309005251154304,0.00021323487453628331
2491,2491,0.0019297663820907474,,,,,,,,,
2492,2492,,,0.06701146066188812,0.06909845769405365,0.06071394309401512,0.06558514386415482,0.018642619252204895,0.056255120784044266,0.0026072440668940544,0.00021323487453628331
2492,2492,0.0026759756729006767,,,,,,,,,
2493,2493,,,0.043705739080905914,0.07968784123659134,0.03797952085733414,0.046934157609939575,0.020181024447083473,0.03824256360530853,0.001288668834604323,0.00021323487453628331
2493,2493,0.0031617386266589165,,,,,,,,,
2494,2494,,,0.0641716793179512,0.06664988398551941,0.0581967867910862,0.04949571192264557,0.018165867775678635,0.04263794422149658,0.0015719544608145952,0.00021323487453628331
2494,2494,0.002848220057785511,,,,,,,,,
2495,2495,,,0.04841315746307373,0.07214594632387161,0.04412437230348587,0.014398626051843166,0.01845485530793667,0.010870059952139854,0.0002439348609186709,0.00021323487453628331
2495,2495,0.0016738902777433395,,,,,,,,,
2496,2496,,,0.052285101264715195,0.06842154264450073,0.04788097366690636,0.01003861054778099,0.017965806648135185,0.008730970323085785,0.0002120302087860182,0.0002120302087860182
2496,2496,0.0004872059798799455,,,,,,,,,
2497,2497,,,0.06001519411802292,0.06815783679485321,0.054944660514593124,0.03854013979434967,0.017566798254847527,0.03299460932612419,0.0010118044447153807,0.0002120302087860182
2497,2497,0.00025287800235673785,,,,,,,,,
2498,2498,,,0.0463021956384182,0.07449176162481308,0.04157669097185135,0.030519666150212288,0.01910240948200226,0.024787424132227898,0.0006237229681573808,0.0002120302087860182
2498,2498,0.0009125028154812753,,,,,,,,,
2499,2499,,0.0015137933660298586,,,,,,,,
2499,2499,,,0.0641234740614891,0.06581912934780121,0.05802076682448387,0.04483737796545029,0.017838772386312485,0.03866780921816826,0.001327843521721661,0.0002120302087860182
2499,2499,0.0015137933660298586,,,,,,,,,
2500,2500,,,0.047874290496110916,0.07245083153247833,0.04361390322446823,0.015501698479056358,0.018755758181214333,0.011809582822024822,0.0002594715915620327,0.0002120302087860182
2500,2500,0.0012998264282941818,,,,,,,,,
2501,2501,,,0.053416986018419266,0.06726136058568954,0.04891743138432503,0.012780742719769478,0.018021682277321815,0.011501861736178398,0.0002546033647377044,0.0002120302087860182
2501,2501,0.0005571196088567376,,,,,,,,,
2502,2502,,,0.0565718375146389,0.06783082336187363,0.05197041481733322,0.030229074880480766,0.01770884357392788,0.025961527600884438,0.000681040168274194,0.0002120302087860182
2502,2502,0.00020354009757284075,,,,,,,,,
2503,2503,,,0.0464840903878212,0.07258802652359009,0.04204082861542702,0.022523988038301468,0.018921084702014923,0.017757905647158623,0.00039378032670356333,0.0002120302087860182
2503,2503,0.0005364199168980122,,,,,,,,,
2504,2504,,,0.06053266301751137,0.06523127853870392,0.05500081554055214,0.035497743636369705,0.017809605225920677,0.03093288093805313,0.0008990266360342503,0.0002120302087860182
2504,2504,0.0009340944816358387,,,,,,,,,
2505,2505,,,0.04786517471075058,0.07085711508989334,0.0436113104224205,0.013158444315195084,0.018467208370566368,0.009382680989801884,0.000220163565245457,0.0002120302087860182
2505,2505,0.0008032371988520026,,,,,,,,,
2506,2506,,,0.05129215493798256,0.06697527319192886,0.04681520164012909,0.011490295641124249,0.018079198896884918,0.009977109730243683,0.00022370282385963947,0.0002120302087860182
2506,2506,0.00035775770084001124,,,,,,,,,
2507,2507,,,0.05487087368965149,0.06648869812488556,0.0501953661441803,0.027433739975094795,0.017788752913475037,0.023724326863884926,0.0005848896107636392,0.0002120302087860182
2507,2507,0.00021159491734579206,,,,,,,,,
2508,2508,,,0.04602504149079323,0.07159723341464996,0.04135551676154137,0.018883351236581802,0.018808819353580475,0.01416938379406929,0.00030600992613472044,0.0002120302087860182
2508,2508,0.00046408415073528886,,,,,,,,,
2509,2509,,,0.05667007714509964,0.0649370327591896,0.05151480436325073,0.027118518948554993,0.017939535900950432,0.02394271083176136,0.0005904496065340936,0.0002120302087860182
2509,2509,0.0006501493044197559,,,,,,,,,
2510,2510,,,0.047719329595565796,0.07033615559339523,0.04339303821325302,0.012893544510006905,0.018211359158158302,0.009292200207710266,0.00021597552404273301,0.0002120302087860182
2510,2510,0.00048529496416449547,,,,,,,,,
2511,2511,,,0.04858968406915665,0.0685940682888031,0.04414995387196541,0.011273869313299656,0.018171435222029686,0.008889924734830856,0.0002040727558778599,0.0002040727558778599
2511,2511,0.00023436042829416692,,,,,,,,,
2512,2512,,,0.05333000048995018,0.06696953624486923,0.048683445900678635,0.025438092648983,0.017925232648849487,0.02216985449194908,0.000521673820912838,0.0002040727558778599
2512,2512,0.00024019177362788469,,,,,,,,,
2513,2513,,,0.045584581792354584,0.07198616862297058,0.04073680192232132,0.015951057896018028,0.01866281032562256,0.011361639946699142,0.0002486156881786883,0.0002040727558778599
2513,2513,0.00041895726462826133,,,,,,,,,
2514,2514,,,0.05334889143705368,0.0659734383225441,0.0484398752450943,0.020750761032104492,0.018090086057782173,0.018469832837581635,0.0004042087239213288,0.0002040727558778599
2514,2514,0.00045820343075320125,,,,,,,,,
2515,2515,,,0.047994162887334824,0.069977767765522,0.04357520490884781,0.01417564507573843,0.018105365335941315,0.011159670539200306,0.00024005633895285428,0.0002040727558778599
2515,2515,0.0003057126305066049,,,,,,,,,
2516,2516,,,0.04705098271369934,0.0698830857872963,0.042538631707429886,0.011695724911987782,0.01820697821676731,0.00876258872449398,0.00020020458032377064,0.00020020458032377064
2516,2516,0.00019805622287094593,,,,,,,,,
2517,2517,,,0.05253534018993378,0.06723367422819138,0.04798290506005287,0.023264342918992043,0.0179595984518528,0.02041744254529476,0.00046092073898762465,0.00020020458032377064
2517,2517,0.00026456144405528903,,,,,,,,,
2518,2518,,,0.04587877169251442,0.07184755802154541,0.04129024222493172,0.013456329703330994,0.01840153895318508,0.00937223806977272,0.00021376389486249536,0.00020020458032377064
2518,2518,0.0003598004986997694,,,,,,,,,
2519,2519,,,0.05131852626800537,0.06721190363168716,0.04677944257855415,0.01646520383656025,0.018094642087817192,0.014613579958677292,0.00030461858841590583,0.00020020458032377064
2519,2519,0.00032584063592366874,,,,,,,,,
2520,2520,,,0.048878248780965805,0.06933839619159698,0.044683463871479034,0.01566958799958229,0.018028253689408302,0.013063390739262104,0.0002731441636569798,0.00020020458032377064
2520,2520,0.00022319643176160753,,,,,,,,,
2521,2521,,,0.04668983072042465,0.0703677386045456,0.042411383241415024,0.011731583625078201,0.018224412575364113,0.00871153362095356,0.00019947634427808225,0.00019947634427808225
2521,2521,0.00020241244055796415,,,,,,,,,
2522,2522,,,0.052368275821208954,0.066872239112854,0.048000819981098175,0.02079611085355282,0.017934482544660568,0.018361404538154602,0.00040037179132923484,0.00019947634427808225
2522,2522,0.0002675099822226912,,,,,,,,,
2523,2523,,,0.04696197062730789,0.07073675841093063,0.04276387393474579,0.012229342944920063,0.01813463866710663,0.008883434347808361,0.00020556984236463904,0.00019947634427808225
2523,2523,0.00029796455055475235,,,,,,,,,
2524,2524,,,0.050347473472356796,0.06776179373264313,0.0461304746568203,0.013861052691936493,0.01793729141354561,0.012122373096644878,0.00025448843371123075,0.00019947634427808225
2524,2524,0.0002474113425705582,,,,,,,,,
2525,2525,,,0.04994931071996689,0.06852929294109344,0.04594126343727112,0.01642804965376854,0.017882483080029488,0.01408661063760519,0.0002945480227936059,0.00019947634427808225
2525,2525,0.00019668356981128454,,,,,,,,,
2526,2526,,,0.04688015207648277,0.07049030810594559,0.04283760488033295,0.01163604948669672,0.01818201318383217,0.008690816350281239,0.00020005495753139257,0.00019947634427808225
2526,2526,0.00021242376533336937,,,,,,,,,
2527,2527,,,0.051876626908779144,0.06711329519748688,0.047679584473371506,0.018305275589227676,0.017937147989869118,0.01622125878930092,0.0003440195869188756,0.00019947634427808225
2527,2527,0.0002528789918869734,,,,,,,,,
2528,2528,,,0.047789376229047775,0.07019124925136566,0.04378378763794899,0.012263293378055096,0.01810970902442932,0.009478396736085415,0.00021319961524568498,0.00019947634427808225
2528,2528,0.0002490784099791199,,,,,,,,,
2529,2529,,,0.04933418333530426,0.06864282488822937,0.04530513286590576,0.012605535797774792,0.018002251163125038,0.010738455690443516,0.0002301473869010806,0.00019947634427808225
2529,2529,0.0002096181851811707,,,,,,,,,
2530,2530,,,0.050266165286302567,0.06835220754146576,0.04631047323346138,0.016378795728087425,0.017881276085972786,0.01422339677810669,0.00029686265042982996,0.00019947634427808225
2530,2530,0.00019327613699715585,,,,,,,,,
2531,2531,,,0.047073762863874435,0.07053463906049728,0.04309132322669029,0.01169231440871954,0.018137726932764053,0.008820663206279278,0.0002021670516114682,0.00019947634427808225
2531,2531,0.0002149185020243749,,,,,,,,,
2532,2532,,,0.0510794073343277,0.06756877154111862,0.046948328614234924,0.0162548515945673,0.017909402027726173,0.014359535649418831,0.000299883569823578,0.00019947634427808225
2532,2532,0.0002325469395145774,,,,,,,,,
2533,2533,,,0.04832415282726288,0.0696454867720604,0.04431834816932678,0.012714243493974209,0.018060192465782166,0.010242086835205555,0.00022366625489667058,0.00019947634427808225
2533,2533,0.00021823351562488824,,,,,,,,,
2534,2534,,,0.04859274625778198,0.0690573900938034,0.04457911103963852,0.012210874818265438,0.018040206283330917,0.010111802257597446,0.00021975036361254752,0.00019947634427808225
2534,2534,0.0001951505255419761,,,,,,,,,
2535,2535,,,0.050156719982624054,0.0680670291185379,0.046160511672496796,0.01587565988302231,0.017880599945783615,0.013830231502652168,0.00028741941787302494,0.00019947634427808225
2535,2535,0.00019474615692161024,,,,,,,,,
2536,2536,,,0.04725225269794464,0.07013555616140366,0.04327252134680748,0.011851903982460499,0.018054159358143806,0.009058354422450066,0.00020514312200248241,0.00019947634427808225
2536,2536,0.00021070963703095913,,,,,,,,,
2537,2537,,,0.050248436629772186,0.06776656210422516,0.04616918787360191,0.01488003320991993,0.017865275964140892,0.012989462353289127,0.0002705126826185733,0.00019947634427808225
2537,2537,0.00021512618695851415,,,,,,,,,
2538,2538,,,0.04856870695948601,0.06896690279245377,0.04456741735339165,0.0130680026486516,0.01792609505355358,0.01074818056076765,0.00023050112940836698,0.00019947634427808225
2538,2538,0.00020178771228529513,,,,,,,,,
2539,2539,,,0.04811294004321098,0.06892646849155426,0.04410906881093979,0.012164734303951263,0.017941072583198547,0.009882230311632156,0.0002154981339117512,0.00019947634427808225
2539,2539,0.00019063289801124483,,,,,,,,,
2540,2540,,,0.04984363541007042,0.06758015602827072,0.045814529061317444,0.015242582187056541,0.01780795119702816,0.013249835930764675,0.00027417996898293495,0.00019947634427808225
2540,2540,0.00019491114653646946,,,,,,,,,
2541,2541,,,0.04740830510854721,0.06931135803461075,0.04340991750359535,0.011988186277449131,0.017935680225491524,0.00934369582682848,0.0002078342076856643,0.00019947634427808225
2541,2541,0.00020413663878571242,,,,,,,,,
2542,2542,,,0.04952855408191681,0.06759946793317795,0.04546637460589409,0.014045076444745064,0.017814427614212036,0.012103931047022343,0.0002522028225939721,0.00019947634427808225
2542,2542,0.00020315026631578803,,,,,,,,,
2543,2543,,,0.048564862459897995,0.06830482929944992,0.04457078129053116,0.013191201724112034,0.017827076837420464,0.010999462567269802,0.00023276559659279883,0.00019947634427808225
2543,2543,0.00019381563470233232,,,,,,,,,
2544,2544,,,0.04776326194405556,0.06870376318693161,0.04379824176430702,0.012169161811470985,0.017856132239103317,0.009848471730947495,0.00021357911464292556,0.00019947634427808225
2544,2544,0.00018914281099569052,,,,,,,,,
2545,2545,,,0.04940938204526901,0.06741683185100555,0.045407507568597794,0.014629380777478218,0.01777530275285244,0.012685584835708141,0.00026159457047469914,0.00019947634427808225
2545,2545,0.00019341132428962737,,,,,,,,,
2546,2546,,,0.04750228300690651,0.06878966093063354,0.043524276465177536,0.01205863431096077,0.017883848398923874,0.009612321853637695,0.0002101231657434255,0.00019947634427808225
2546,2546,0.0001980730303330347,,,,,,,,,
2547,2547,,,0.04897511005401611,0.06757775694131851,0.04495318979024887,0.013524429872632027,0.01782240718603134,0.011571039445698261,0.0002411527675576508,0.00019947634427808225
2547,2547,0.0001957734493771568,,,,,,,,,
2548,2548,,,0.04849289357662201,0.06790289282798767,0.04452168941497803,0.013128831051290035,0.017817996442317963,0.011072459630668163,0.00023227918427437544,0.00019947634427808225
2548,2548,0.00018996201106347144,,,,,,,,,
2549,2549,,0.00018816630472429097,,,,,,,,
2549,2549,,,0.04765590652823448,0.0684603601694107,0.043728750199079514,0.012155052274465561,0.017837893217802048,0.00991044845432043,0.0002133237721864134,0.00019947634427808225
2549,2549,0.00018816630472429097,,,,,,,,,
2550,2550,,,0.04912593960762024,0.06737152487039566,0.04516439512372017,0.014090453274548054,0.01777884177863598,0.012202935293316841,0.0002516180684324354,0.00019947634427808225
2550,2550,0.00019119741045869887,,,,,,,,,
2551,2551,,,0.047660548239946365,0.06847352534532547,0.04373263940215111,0.012088479474186897,0.017870193347334862,0.009828121401369572,0.0002123568265233189,0.00019947634427808225
2551,2551,0.00019338710990268737,,,,,,,,,
2552,2552,,,0.04864250496029854,0.06768939644098282,0.04469916224479675,0.013194533996284008,0.017845790833234787,0.011249423027038574,0.0002347870176890865,0.00019947634427808225
2552,2552,0.00019131720182485878,,,,,,,,,
2553,2553,,,0.04839833825826645,0.06780616194009781,0.04449290782213211,0.012990862131118774,0.01785276085138321,0.011026388965547085,0.00023056604550220072,0.00019947634427808225
2553,2553,0.00018782814731821418,,,,,,,,,
2554,2554,,,0.047624990344047546,0.06835544854402542,0.04376370087265968,0.012171011418104172,0.017880650237202644,0.01000519935041666,0.00021409423789009452,0.00019947634427808225
2554,2554,0.00018709059804677963,,,,,,,,,
2555,2555,,,0.04883681237697601,0.06745576858520508,0.044945430010557175,0.013672642409801483,0.01783294789493084,0.01180826686322689,0.00024388173187617213,0.00019947634427808225
2555,2555,0.00018894769891630858,,,,,,,,,
2556,2556,,,0.04770198464393616,0.06830104440450668,0.04384639486670494,0.01212225016206503,0.017891719937324524,0.009977891109883785,0.000213884370168671,0.00019947634427808225
2556,2556,0.0001899658964248374,,,,,,,,,
2557,2557,,,0.04835892468690872,0.06778718531131744,0.044504906982183456,0.013003092259168625,0.01785755529999733,0.01105378195643425,0.00023080792743712664,0.00019947634427808225
2557,2557,0.00018848224135581404,,,,,,,,,
2558,2558,,,0.04822295904159546,0.06779893487691879,0.04439396411180496,0.012843217700719833,0.0178612619638443,0.010915962047874928,0.00022799526050221175,0.00019947634427808225
2558,2558,0.00018635574087966233,,,,,,,,,
2559,2559,,,0.04757044464349747,0.06826411187648773,0.04377756640315056,0.012215674854815006,0.01789434440433979,0.010103439912199974,0.0002149753854610026,0.00019947634427808225
2559,2559,0.00018591816478874534,,,,,,,,,
2560,2560,,,0.048516158014535904,0.06754310429096222,0.04469676315784454,0.01336449384689331,0.01785956136882305,0.01149461604654789,0.00023770082043483853,0.00019947634427808225
2560,2560,0.00018694516620598733,,,,,,,,,
2561,2561,,,0.04762191325426102,0.0681813657283783,0.043835222721099854,0.012151299975812435,0.01789674535393715,0.010071643628180027,0.00021447500330395997,0.00019947634427808225
2561,2561,0.00018744581029750407,,,,,,,,,
2562,2562,,,0.04808211699128151,0.06783080101013184,0.04430767148733139,0.01289286371320486,0.017851578071713448,0.010936107486486435,0.00022803775209467858,0.00019947634427808225
2562,2562,0.00018648881814442575,,,,,,,,,
2563,2563,,,0.04799143597483635,0.06780441850423813,0.04423350468277931,0.012699959799647331,0.01784181036055088,0.010782473720610142,0.0002250175311928615,0.00019947634427808225
2563,2563,0.00018513515533413738,,,,,,,,,
2564,2564,,,0.047501686960458755,0.06815150380134583,0.04376818239688873,0.01226034015417099,0.017855200916528702,0.010190662927925587,0.00021561502944678068,0.00019947634427808225
2564,2564,0.00018473660747986287,,,,,,,,,
2565,2565,,,0.04822676256299019,0.06756950914859772,0.04446571320295334,0.0131212854757905,0.01782073825597763,0.011242026463150978,0.0002326057874597609,0.00019947634427808225
2565,2565,0.0001852257119026035,,,,,,,,,
2566,2566,,,0.047516949474811554,0.06803155690431595,0.04377918317914009,0.012156347744166851,0.017843665555119514,0.010124675929546356,0.00021435620146803558,0.00019947634427808225
2566,2566,0.0001854864676715806,,,,,,,,,
2567,2567,,,0.04785982519388199,0.06776665896177292,0.044135287404060364,0.01280667819082737,0.017804384231567383,0.010857956483960152,0.00022581106168217957,0.00019947634427808225
2567,2567,0.00018490615184418857,,,,,,,,,
2568,2568,,,0.04775986820459366,0.06775694340467453,0.0440470315515995,0.012555806897580624,0.01779465563595295,0.010647039860486984,0.00022191254538483918,0.00019947634427808225
2568,2568,0.00018400634871795774,,,,,,,,,
2569,2569,,,0.04740912467241287,0.06802650541067123,0.04371735453605652,0.012288758531212807,0.017793778330087662,0.010262751020491123,0.00021584985370282084,0.00019947634427808225
2569,2569,0.00018359336536377668,,,,,,,,,
2570,2570,,,0.04792806878685951,0.06760614365339279,0.04421922191977501,0.012911509722471237,0.017764674499630928,0.01102970726788044,0.0002280850021634251,0.00019947634427808225
2570,2570,0.00018374412320554256,,,,,,,,,
2571,2571,,,0.04735180735588074,0.06796124577522278,0.04366414621472359,0.012144322507083416,0.017781538888812065,0.010150597430765629,0.00021370465401560068,0.00019947634427808225
2571,2571,0.00018386845476925373,,,,,,,,,
2572,2572,,,0.047622378915548325,0.06774073094129562,0.043946489691734314,0.012727664783596992,0.017752600833773613,0.01079277228564024,0.00022369557700585574,0.00019947634427808225
2572,2572,0.0001835296134231612,,,,,,,,,
2573,2573,,,0.04749898612499237,0.06773559749126434,0.04382961615920067,0.012419640086591244,0.01775016076862812,0.010518139228224754,0.0002188313374063,0.00019947634427808225
2573,2573,0.00018291712331119925,,,,,,,,,
2574,2574,,,0.04727103188633919,0.06791467219591141,0.04362015053629875,0.012310218065977097,0.017745284363627434,0.010320881381630898,0.00021576513245236129,0.00019947634427808225
2574,2574,0.00018250319408252835,,,,,,,,,
2575,2575,,,0.04762827977538109,0.06761742383241653,0.04397125169634819,0.012727092020213604,0.01772318035364151,0.010845600627362728,0.00022403014008887112,0.00019947634427808225
2575,2575,0.00018244270177092403,,,,,,,,,
2576,2576,,,0.047170042991638184,0.06790264695882797,0.04353697597980499,0.012135442346334457,0.017734508961439133,0.010167052038013935,0.00021297988132573664,0.00019947634427808225
2576,2576,0.00018246355466544628,,,,,,,,,
2577,2577,,,0.04739920794963837,0.06772584468126297,0.04378125071525574,0.012652742676436901,0.017713351175189018,0.010728836059570312,0.00022174081823322922,0.00019947634427808225
2577,2577,0.0001822596532292664,,,,,,,,,
2578,2578,,,0.04725053533911705,0.06774724274873734,0.04364047199487686,0.012306450866162777,0.01772010698914528,0.010403805412352085,0.0002161846059607342,0.00019947634427808225
2578,2578,0.00018184019427280873,,,,,,,,,
2579,2579,,,0.04712848737835884,0.0678466260433197,0.0435350239276886,0.01233046967536211,0.017717808485031128,0.01036606915295124,0.00021566088253166527,0.00019947634427808225
2579,2579,0.00018145525245927274,,,,,,,,,
2580,2580,,,0.04735294356942177,0.06763957440853119,0.04375908523797989,0.012566622346639633,0.01770508661866188,0.010682330466806889,0.00022053277643863112,0.00019947634427808225
2580,2580,0.00018126741633750498,,,,,,,,,
2581,2581,,,0.04700014367699623,0.0678572729229927,0.04342985525727272,0.01213479321449995,0.017711089923977852,0.01018364354968071,0.00021243144874460995,0.00019947634427808225
2581,2581,0.0001811958645703271,,,,,,,,,
2582,2582,,,0.04719815030694008,0.0677109956741333,0.04364245757460594,0.012573227286338806,0.017691191285848618,0.010659768246114254,0.0002198548463638872,0.00019947634427808225
2582,2582,0.0001810503745218739,,,,,,,,,
2583,2583,,,0.04703429713845253,0.06776079535484314,0.04348689317703247,0.012212692759931087,0.017698802053928375,0.010310037061572075,0.00021400829427875578,0.00019947634427808225
2583,2583,0.00018076119886245579,,,,,,,,,
2584,2584,,,0.04699157923460007,0.06780724972486496,0.043458905071020126,0.012338449247181416,0.017695749178528786,0.010396737605333328,0.00021542381728067994,0.00019947634427808225
2584,2584,0.00018042790179606527,,,,,,,,,
2585,2585,,,0.04709820821881294,0.06768200546503067,0.043569404631853104,0.012418064288794994,0.01769186183810234,0.010535810142755508,0.00021739843941759318,0.00019947634427808225
2585,2585,0.00018017881666310132,,,,,,,,,
2586,2586,,,0.04683273285627365,0.06784609705209732,0.043326105922460556,0.012135626748204231,0.01769648864865303,0.010203315876424313,0.0002119648124789819,0.00019947634427808225
2586,2586,0.00018003012519329786,,,,,,,,,
2587,2587,,,0.04699062183499336,0.06772822886705399,0.04349662363529205,0.012480015866458416,0.017679588869214058,0.010580960661172867,0.00021781149553135037,0.00019947634427808225
2587,2587,0.00017988949548453093,,,,,,,,,
2588,2588,,,0.046823084354400635,0.0677938386797905,0.043337706476449966,0.012135381810367107,0.017684422433376312,0.01023908518254757,0.0002121686702594161,0.00019947634427808225
2588,2588,0.0001796786964405328,,,,,,,,,
2589,2589,,,0.04683558642864227,0.06779830157756805,0.04336453229188919,0.012328148819506168,0.017675304785370827,0.010410013608634472,0.00021487000049091876,0.00019947634427808225
2589,2589,0.00017940574616659433,,,,,,,,,
2590,2590,,,0.04685257002711296,0.0677279606461525,0.04338819533586502,0.012280312366783619,0.017671726644039154,0.010405183769762516,0.00021452008513733745,0.00019947634427808225
2590,2590,0.00017914331692736596,,,,,,,,,
2591,2591,,,0.04667454585433006,0.06782980263233185,0.0432293638586998,0.01213697250932455,0.017670447006821632,0.0102256890386343,0.0002115382085321471,0.00019947634427808225
2591,2591,0.00017893991025630385,,,,,,,,,
2592,2592,,,0.04678673297166824,0.06773270666599274,0.043351802974939346,0.012372083961963654,0.01765713468194008,0.010489456355571747,0.00021556613501161337,0.00019947634427808225
2592,2592,0.000178774498635903,,,,,,,,,
2593,2593,,,0.04663010314106941,0.06779621541500092,0.043205030262470245,0.012077534571290016,0.01766003668308258,0.01019219122827053,0.00021068881324026734,0.00019947634427808225
2593,2593,0.00017859568470157683,,,,,,,,,
2594,2594,,,0.046669673174619675,0.06777620315551758,0.04325943812727928,0.0122970100492239,0.017647331580519676,0.010400844737887383,0.00021394010400399566,0.00019947634427808225
2594,2594,0.00017837427731137723,,,,,,,,,
2595,2595,,,0.04662178084254265,0.06775122880935669,0.043221041560173035,0.012160290032625198,0.01764257252216339,0.010293425992131233,0.00021196645684540272,0.00019947634427808225
2595,2595,0.00017813043086789548,,,,,,,,,
2596,2596,,,0.04651676490902901,0.06780733168125153,0.043133482336997986,0.012137521058321,0.01763569563627243,0.010244245640933514,0.00021106759959366173,0.00019947634427808225
2596,2596,0.00017790286801755428,,,,,,,,,
2597,2597,,,0.046576354652643204,0.06773320585489273,0.0432012602686882,0.012256502173841,0.017626004293560982,0.01038779690861702,0.00021316691709216684,0.00019947634427808225
2597,2597,0.00017770833801478148,,,,,,,,,
2598,2598,,,0.04644150286912918,0.06778334826231003,0.04307590797543526,0.012040886096656322,0.017626579850912094,0.010165148414671421,0.00020950062025804073,0.00019947634427808225
2598,2598,0.0001775279815774411,,,,,,,,,
2599,2599,,0.00017733455752022564,,,,,,,,
2599,2599,,,0.04648422822356224,0.06774788349866867,0.04313138127326965,0.01224329974502325,0.017613546922802925,0.010365081019699574,0.0002125533646903932,0.00019947634427808225
2599,2599,0.00017733455752022564,,,,,,,,,
2600,2600,,,0.046394720673561096,0.06775373220443726,0.04305208846926689,0.012063499540090561,0.017609773203730583,0.01020329724997282,0.00020973784558009356,0.00019947634427808225
2600,2600,0.00017711894179228693,,,,,,,,,
2601,2601,,,0.046345729380846024,0.06777780503034592,0.043018512427806854,0.012129663489758968,0.01760055311024189,0.010251399129629135,0.00021038218983449042,0.00019947634427808225
2601,2601,0.0001768955698935315,,,,,,,,,
2602,2602,,,0.04635236784815788,0.06773660331964493,0.04303254932165146,0.012140646576881409,0.017594411969184875,0.010282251052558422,0.00021068887144792825,0.00019947634427808225
2602,2602,0.00017668335931375623,,,,,,,,,
2603,2603,,,0.04625004157423973,0.06777381896972656,0.042940475046634674,0.01202016044408083,0.017592595890164375,0.010152913630008698,0.00020851519366260618,0.00019947634427808225
2603,2603,0.0001764882035786286,,,,,,,,,
2604,2604,,,0.04627561569213867,0.06773794442415237,0.042977556586265564,0.012166902422904968,0.017582176253199577,0.010302923619747162,0.00021072918025311083,0.00019947634427808225
2604,2604,0.0001762992760632187,,,,,,,,,
2605,2605,,,0.04617370292544365,0.0677546039223671,0.04288557171821594,0.01199162658303976,0.017580030485987663,0.010137462988495827,0.00020789282280020416,0.00019947634427808225
2605,2605,0.00017610318900551647,,,,,,,,,
2606,2606,,,0.046163029968738556,0.06775105744600296,0.04288780316710472,0.012103928253054619,0.017570598050951958,0.010239431634545326,0.0002093845105264336,0.00019947634427808225
2606,2606,0.00017589546041563153,,,,,,,,,
2607,2607,,,0.04612848907709122,0.0677323117852211,0.04286052659153938,0.012033052742481232,0.017566312104463577,0.010184084996581078,0.00020833403686992824,0.00019947634427808225
2607,2607,0.00017568412295076996,,,,,,,,,
2608,2608,,,0.0460658073425293,0.0677495151758194,0.04280896857380867,0.012004351243376732,0.017561018466949463,0.010147571563720703,0.00020763333304785192,0.00019947634427808225
2608,2608,0.00017547902825754136,,,,,,,,,
2609,2609,,,0.046063899993896484,0.06772301346063614,0.04281838610768318,0.012073046527802944,0.01755324751138687,0.010222738608717918,0.00020864332327619195,0.00019947634427808225
2609,2609,0.00017528269381728023,,,,,,,,,
2610,2610,,,0.04597458243370056,0.06773846596479416,0.042739443480968475,0.011942443437874317,0.01755177602171898,0.010096983052790165,0.00020647633937187493,0.00019947634427808225
2610,2610,0.00017509059398435056,,,,,,,,,
2611,2611,,,0.04597683995962143,0.06772150099277496,0.042753275483846664,0.01205367036163807,0.017543824389576912,0.010203763842582703,0.00020803337974939495,0.00019947634427808225
2611,2611,0.0001748949580360204,,,,,,,,,
2612,2612,,,0.04591696336865425,0.06771689653396606,0.042701322585344315,0.011943372897803783,0.01754106767475605,0.010105214081704617,0.00020630887593142688,0.00019947634427808225
2612,2612,0.00017469441809225827,,,,,,,,,
2613,2613,,,0.04588409140706062,0.0677180141210556,0.04268079251050949,0.011982071213424206,0.017534147948026657,0.010138127952814102,0.00020669358491431922,0.00019947634427808225
2613,2613,0.00017449056031182408,,,,,,,,,
2614,2614,,,0.045854173600673676,0.06770216673612595,0.0426616445183754,0.011973178014159203,0.017528561875224113,0.010137807577848434,0.0002065059234155342,0.00019947634427808225
2614,2614,0.00017428897263016552,,,,,,,,,
2615,2615,,,0.04578982666134834,0.06770917028188705,0.0426078736782074,0.01190908718854189,0.017524734139442444,0.010075000114738941,0.00020536070223897696,0.00019947634427808225
2615,2615,0.00017409288557246327,,,,,,,,,
2616,2616,,,0.04578547924757004,0.06768931448459625,0.042614106088876724,0.011980514973402023,0.017517777159810066,0.010147005319595337,0.00020635414693970233,0.00019947634427808225
2616,2616,0.00017389921413268894,,,,,,,,,
2617,2617,,,0.04571857675909996,0.06769117712974548,0.042556196451187134,0.011875271797180176,0.017515625804662704,0.010049846023321152,0.0002046623849309981,0.00019947634427808225
2617,2617,0.00017370586283504963,,,,,,,,,
2618,2618,,,0.0457022488117218,0.06768164783716202,0.04255184158682823,0.011942993849515915,0.017508363351225853,0.010114414617419243,0.0002055335498880595,0.00019947634427808225
2618,2618,0.00017350925190839916,,,,,,,,,
2619,2619,,,0.04565022885799408,0.0676775574684143,0.04251014441251755,0.011880157515406609,0.017504330724477768,0.010060076601803303,0.000204502692213282,0.00019947634427808225
2619,2619,0.00017331037088297307,,,,,,,,,
2620,2620,,,0.04561113566160202,0.06767620146274567,0.042482294142246246,0.01188028883188963,0.01749839074909687,0.010059789754450321,0.00020435180340427905,0.00019947634427808225
2620,2620,0.00017311317787971348,,,,,,,,,
2621,2621,,,0.045587800443172455,0.06766289472579956,0.04246880114078522,0.011892514303326607,0.01749228872358799,0.010075710713863373,0.00020445469999685884,0.00019947634427808225
2621,2621,0.00017291749827563763,,,,,,,,,
2622,2622,,,0.04553169384598732,0.06766343116760254,0.042422059923410416,0.011828177608549595,0.017488470301032066,0.010015775449573994,0.00020336249144747853,0.00019947634427808225
2622,2622,0.00017272448167204857,,,,,,,,,
2623,2623,,,0.0455142967402935,0.06764999032020569,0.04241614416241646,0.01188193541020155,0.017481528222560883,0.010069441050291061,0.00020404777023941278,0.00019947634427808225
2623,2623,0.00017253261466976255,,,,,,,,,
2624,2624,,,0.045454010367393494,0.06765040755271912,0.04236561059951782,0.011805479414761066,0.01747753471136093,0.009999574162065983,0.00020278539159335196,0.00019947634427808225
2624,2624,0.00017233953985851258,,,,,,,,,
2625,2625,,,0.04543294012546539,0.06764087826013565,0.042354945093393326,0.011842603795230389,0.01747039519250393,0.010036131367087364,0.00020321774354670197,0.00019947634427808225
2625,2625,0.00017214519903063774,,,,,,,,,
2626,2626,,,0.04538939520716667,0.06763722747564316,0.04232089966535568,0.011805162765085697,0.017465675249695778,0.010003393515944481,0.00020255555864423513,0.00019947634427808225
2626,2626,0.00017195104737766087,,,,,,,,,
2627,2627,,,0.04534921422600746,0.06763321161270142,0.042291171848773956,0.011791774071753025,0.01746038906276226,0.009992473758757114,0.00020222965395078063,0.00019947634427808225
2627,2627,0.00017175727407447994,,,,,,,,,
2628,2628,,,0.04531743377447128,0.06762553751468658,0.04227002337574959,0.011805377900600433,0.01745378039777279,0.010007212869822979,0.000202302384423092,0.00019947634427808225
2628,2628,0.00017156481044366956,,,,,,,,,
2629,2629,,,0.04526583105325699,0.06762266904115677,0.04222765192389488,0.01175133977085352,0.01744929887354374,0.009958403185009956,0.00020138148101978004,0.00019947634427808225
2629,2629,0.0001713744131848216,,,,,,,,,
2630,2630,,,0.04524429887533188,0.06761206686496735,0.04221651330590248,0.011788330040872097,0.017442971467971802,0.00999498926103115,0.00020180956926196814,0.00019947634427808225
2630,2630,0.00017118451069109142,,,,,,,,,
2631,2631,,,0.04519223794341087,0.06761083006858826,0.04217366874217987,0.011731024831533432,0.017438307404518127,0.00994286872446537,0.0002008432347793132,0.00019947634427808225
2631,2631,0.00017099318210966885,,,,,,,,,
2632,2632,,,0.045165032148361206,0.06760202348232269,0.04215696081519127,0.01175251230597496,0.0174308642745018,0.009965399280190468,0.00020104108261875808,0.00019947634427808225
2632,2632,0.00017080167890526354,,,,,,,,,
2633,2633,,,0.04511910304427147,0.0675995796918869,0.04212113097310066,0.01172472070902586,0.01742541790008545,0.009940193966031075,0.00020049366867169738,0.00019947634427808225
2633,2633,0.00017061037942767143,,,,,,,,,
2634,2634,,,0.045083340257406235,0.06759106367826462,0.04209500178694725,0.011710486374795437,0.017420688644051552,0.009929859079420567,0.00020018228678964078,0.00019947634427808225
2634,2634,0.00017042001127265394,,,,,,,,,
2635,2635,,,0.04505124315619469,0.06758440285921097,0.04207271710038185,0.011716973036527634,0.01741492561995983,0.009936846792697906,0.000200150185264647,0.00019947634427808225
2635,2635,0.00017023058899212629,,,,,,,,,
2636,2636,,,0.04500541090965271,0.06757970154285431,0.04203611612319946,0.011676181107759476,0.017409607768058777,0.00990088377147913,0.00019943725783377886,0.00019943725783377886
2636,2636,0.0001700424327282235,,,,,,,,,
2637,2637,,,0.04497708007693291,0.06757131218910217,0.04201854392886162,0.011697727255523205,0.017402540892362595,0.009923269040882587,0.00019963023078162223,0.00019943725783377886
2637,2637,0.00016985360707622021,,,,,,,,,
2638,2638,,,0.04492794722318649,0.06757073104381561,0.04197924584150314,0.01165454089641571,0.01739807054400444,0.00988394021987915,0.00019887019880115986,0.00019887019880115986
2638,2638,0.00016966494149528444,,,,,,,,,
2639,2639,,,0.044902775436639786,0.06755944341421127,0.04196346923708916,0.011666697449982166,0.017391718924045563,0.009898588061332703,0.0001989538432098925,0.00019887019880115986
2639,2639,0.00016947663971222937,,,,,,,,,
2640,2640,,,0.04485948756337166,0.06755656749010086,0.041929662227630615,0.011641716584563255,0.01738639920949936,0.009875534102320671,0.00019845367933157831,0.00019845367933157831
2640,2640,0.00016928892000578344,,,,,,,,,
2641,2641,,,0.04482462257146835,0.06754665076732635,0.04190460219979286,0.011631133034825325,0.01738094352185726,0.009869329631328583,0.00019819976296275854,0.00019819976296275854
2641,2641,0.00016910159320104867,,,,,,,,,
2642,2642,,,0.0447872020304203,0.06754212081432343,0.04187746345996857,0.011629076674580574,0.01737527921795845,0.009868144989013672,0.00019803308532573283,0.00019803308532573283
2642,2642,0.00016891414998099208,,,,,,,,,
2643,2643,,,0.04474673047661781,0.06753688305616379,0.041846197098493576,0.011599533259868622,0.017370115965604782,0.009842991828918457,0.00019749821512959898,0.00019749821512959898
2643,2643,0.00016872769629117101,,,,,,,,,
2644,2644,,,0.04471934959292412,0.06752797961235046,0.04182834178209305,0.011610273271799088,0.017363691702485085,0.009855324402451515,0.0001975484046852216,0.00019749821512959898
2644,2644,0.00016854175191838294,,,,,,,,,
2645,2645,,,0.04467329755425453,0.06752566248178482,0.041791882365942,0.011575380340218544,0.017358889803290367,0.00982365757226944,0.00019691328634507954,0.00019691328634507954
2645,2645,0.0001683551527094096,,,,,,,,,
2646,2646,,,0.04464498907327652,0.06751410663127899,0.04177353158593178,0.01158368680626154,0.017352767288684845,0.009835141710937023,0.00019693642389029264,0.00019691328634507954
2646,2646,0.0001681701687630266,,,,,,,,,
2647,2647,,,0.044600315392017365,0.06751137971878052,0.04173842445015907,0.011557896621525288,0.017347656190395355,0.009811297990381718,0.0001964232505997643,0.0001964232505997643
2647,2647,0.00016798412252683192,,,,,,,,,
2648,2648,,,0.044570114463567734,0.06750093400478363,0.04171731323003769,0.011553035117685795,0.01734200306236744,0.009810150600969791,0.00019626165158115327,0.00019626165158115327
2648,2648,0.00016779967700131238,,,,,,,,,
2649,2649,,0.00016761478036642075,,,,,,,,
2649,2649,,,0.04453301429748535,0.06749601662158966,0.0416899211704731,0.011542052030563354,0.01733645237982273,0.009801066480576992,0.00019598087237682194,0.00019598087237682194
2649,2649,0.00016761478036642075,,,,,,,,,
2650,2650,,,0.04449466988444328,0.0674898698925972,0.041661061346530914,0.011523093096911907,0.017330866307020187,0.00978553295135498,0.00019559537759050727,0.00019559537759050727
2650,2650,0.00016743032028898597,,,,,,,,,
2651,2651,,,0.0444631353020668,0.06748066842556,0.04163902997970581,0.011523566208779812,0.017324749380350113,0.009788517840206623,0.0001954942854354158,0.0001954942854354158
2651,2651,0.00016724721353966743,,,,,,,,,
2652,2652,,,0.04441952332854271,0.06747672706842422,0.04160487651824951,0.011497385799884796,0.01731978729367256,0.009764697402715683,0.00019498444453347474,0.00019498444453347474
2652,2652,0.0001670636993367225,,,,,,,,,
2653,2653,,,0.04439227655529976,0.06746350973844528,0.04158678278326988,0.011500728316605091,0.017314082011580467,0.009771689772605896,0.00019494505249895155,0.00019494505249895155
2653,2653,0.00016688073810655624,,,,,,,,,
2654,2654,,,0.04434840753674507,0.06746102124452591,0.04155227169394493,0.011476143263280392,0.017308803275227547,0.009748520329594612,0.0001944506511790678,0.0001944506511790678
2654,2654,0.0001666976895648986,,,,,,,,,
2655,2655,,,0.04431895911693573,0.06744983792304993,0.04153204336762428,0.011474695056676865,0.01730283536016941,0.009750867262482643,0.00019433925626799464,0.00019433925626799464
2655,2655,0.00016651474288664758,,,,,,,,,
2656,2656,,,0.04427865892648697,0.06744616478681564,0.04150128737092018,0.011456994339823723,0.017297443002462387,0.00973513349890709,0.00019395691924728453,0.00019395691924728453
2656,2656,0.00016633240738883615,,,,,,,,,
2657,2657,,,0.04424386844038963,0.06743772327899933,0.04147572070360184,0.011447671800851822,0.017291657626628876,0.009728643111884594,0.00019371259259060025,0.00019371259259060025
2657,2657,0.0001661514543229714,,,,,,,,,
2658,2658,,,0.04421018436551094,0.06742821633815765,0.04145100712776184,0.011437836103141308,0.01728598214685917,0.009722048416733742,0.00019346768385730684,0.00019346768385730684
2658,2658,0.00016596906061749905,,,,,,,,,
2659,2659,,,0.044171180576086044,0.06742239743471146,0.041421085596084595,0.011421190574765205,0.017280789092183113,0.009707418270409107,0.00019310417701490223,0.00019310417701490223
2659,2659,0.00016578816575929523,,,,,,,,,
2660,2660,,,0.04414002597332001,0.06741134822368622,0.0413990318775177,0.011417627334594727,0.017275024205446243,0.009707268327474594,0.0001929551362991333,0.0001929551362991333
2660,2660,0.0001656074746279046,,,,,,,,,
2661,2661,,,0.0440991148352623,0.06740649044513702,0.041367266327142715,0.011396534740924835,0.017269369214773178,0.009688452817499638,0.00019252626225352287,0.00019252626225352287
2661,2661,0.00016542733646929264,,,,,,,,,
2662,2662,,,0.04406827688217163,0.06739697605371475,0.04134557023644447,0.011395328678190708,0.01726352423429489,0.009690037928521633,0.0001924073148984462,0.0001924073148984462
2662,2662,0.00016524712555110455,,,,,,,,,
2663,2663,,,0.04402992129325867,0.06739035248756409,0.04131599888205528,0.01137438602745533,0.0172581784427166,0.009672106243669987,0.0001919950300361961,0.0001919950300361961
2663,2663,0.00016506691463291645,,,,,,,,,
2664,2664,,,0.043996408581733704,0.06738225370645523,0.041291743516922,0.011371171101927757,0.01725243404507637,0.009670781902968884,0.00019183360564056784,0.00019183360564056784
2664,2664,0.0001648878533160314,,,,,,,,,
2665,2665,,,0.04396061599254608,0.06737308204174042,0.041264794766902924,0.011353869922459126,0.01724701002240181,0.009657415561378002,0.00019148597493767738,0.00019148597493767738
2665,2665,0.0001647087192395702,,,,,,,,,
2666,2666,,,0.04392397031188011,0.06736701726913452,0.04123733565211296,0.011345740407705307,0.017241233959794044,0.009650517255067825,0.00019124269601888955,0.00019124269601888955
2666,2666,0.00016453038551844656,,,,,,,,,
2667,2667,,,0.04389207065105438,0.06735546886920929,0.0412139892578125,0.011334293521940708,0.01723572425544262,0.009643349796533585,0.00019099014753010124,0.00019099014753010124
2667,2667,0.00016435155703220516,,,,,,,,,
2668,2668,,,0.043853409588336945,0.06735051423311234,0.04118434712290764,0.011320083402097225,0.01723024621605873,0.00963036809116602,0.00019065826199948788,0.00019065826199948788
2668,2668,0.0001641739800106734,,,,,,,,,
2669,2669,,,0.043822914361953735,0.0673392042517662,0.041162703186273575,0.011314219795167446,0.017224250361323357,0.009628473781049252,0.00019048470130655915,0.00019048470130655915
2669,2669,0.00016399536980316043,,,,,,,,,
2670,2670,,,0.04378315061330795,0.06733398884534836,0.04113192483782768,0.01129557378590107,0.017218831926584244,0.009611748158931732,0.00019009390962310135,0.00019009390962310135
2670,2670,0.00016381828754674643,,,,,,,,,
2671,2671,,,0.04375273734331131,0.06732332706451416,0.04111030325293541,0.01129278913140297,0.01721314713358879,0.009611954912543297,0.0001899563940241933,0.0001899563940241933
2671,2671,0.00016364152543246746,,,,,,,,,
2672,2672,,,0.043714992702007294,0.06731594353914261,0.0410812646150589,0.011272617615759373,0.017207620665431023,0.009594837203621864,0.0001895594468805939,0.0001895594468805939
2672,2672,0.0001634643558645621,,,,,,,,,
2673,2673,,,0.043682198971509933,0.06730713695287704,0.04105747491121292,0.011269950307905674,0.017201993614435196,0.009593956172466278,0.00018940778682008386,0.00018940778682008386
2673,2673,0.00016328848141711205,,,,,,,,,
2674,2674,,,0.04364652559161186,0.06729786843061447,0.04103035479784012,0.011251501739025116,0.01719634234905243,0.009579379111528397,0.00018904655007645488,0.00018904655007645488
2674,2674,0.0001631116756470874,,,,,,,,,
2675,2675,,,0.043612461537122726,0.06729026883840561,0.04100513458251953,0.011245625093579292,0.017190532758831978,0.009575048461556435,0.00018884579185396433,0.00018884579185396433
2675,2675,0.00016293616499751806,,,,,,,,,
2676,2676,,,0.04357897862792015,0.06728067994117737,0.04098028317093849,0.011231383308768272,0.01718512549996376,0.009564519859850407,0.00018854931113310158,0.00018854931113310158
2676,2676,0.00016276062524411827,,,,,,,,,
2677,2677,,,0.04354355111718178,0.06727274507284164,0.040953557938337326,0.011221014894545078,0.017179366201162338,0.009556060656905174,0.00018828555766958743,0.00018828555766958743
2677,2677,0.0001625853474251926,,,,,,,,,
2678,2678,,,0.04351025074720383,0.0672631710767746,0.040928903967142105,0.011211488395929337,0.017173750326037407,0.009549482725560665,0.00018804764840751886,0.00018804764840751886
2678,2678,0.00016241126286331564,,,,,,,,,
2679,2679,,,0.04347465932369232,0.06725486367940903,0.04090199992060661,0.011196952313184738,0.017168322578072548,0.009537779726088047,0.00018773462215904146,0.00018773462215904146
2679,2679,0.00016223623242694885,,,,,,,,,
2680,2680,,,0.04344211146235466,0.06724580377340317,0.04087815061211586,0.011190293356776237,0.017162516713142395,0.0095335328951478,0.00018753480981104076,0.00018753480981104076
2680,2680,0.0001620628754608333,,,,,,,,,
2681,2681,,,0.043406590819358826,0.06723737716674805,0.04085100442171097,0.011174260638654232,0.01715683378279209,0.009520408697426319,0.00018720216758083552,0.00018720216758083552
2681,2681,0.00016188796143978834,,,,,,,,,
2682,2682,,,0.043374668806791306,0.06722765415906906,0.04082760587334633,0.01116860006004572,0.01715124398469925,0.009517254307866096,0.0001870185078587383,0.0001870185078587383
2682,2682,0.00016171508468687534,,,,,,,,,
2683,2683,,,0.04333792254328728,0.06721995770931244,0.04079955443739891,0.011151865124702454,0.017145834863185883,0.009503327310085297,0.00018667303083930165,0.00018667303083930165
2683,2683,0.0001615420333109796,,,,,,,,,
2684,2684,,,0.04330643638968468,0.06720950454473495,0.040776561945676804,0.01114670280367136,0.0171401035040617,0.009500707499682903,0.0001864975201897323,0.0001864975201897323
2684,2684,0.0001613693020772189,,,,,,,,,
2685,2685,,,0.043270550668239594,0.06720159202814102,0.04074912518262863,0.011130074970424175,0.017134524881839752,0.009486813098192215,0.0001861561177065596,0.0001861561177065596
2685,2685,0.00016119635256472975,,,,,,,,,
2686,2686,,,0.04323958978056908,0.0671909973025322,0.040726471692323685,0.011123950593173504,0.01712873950600624,0.00948341190814972,0.0001859709300333634,0.0001859709300333634
2686,2686,0.00016102418885566294,,,,,,,,,
2687,2687,,,0.04320367053151131,0.06718282401561737,0.040699031203985214,0.011109137907624245,0.017123281955718994,0.009471132420003414,0.00018565260688774288,0.00018565260688774288
2687,2687,0.00016085212701000273,,,,,,,,,
2688,2688,,,0.04317142814397812,0.06717287003993988,0.04067523777484894,0.01110096089541912,0.01711742766201496,0.009465713985264301,0.00018543636542744935,0.00018543636542744935
2688,2688,0.00016068115655798465,,,,,,,,,
2689,2689,,,0.043137166649103165,0.06716400384902954,0.04064923897385597,0.011088275350630283,0.017111901193857193,0.009455529972910881,0.00018515200645197183,0.00018515200645197183
2689,2689,0.00016050990961957723,,,,,,,,,
2690,2690,,,0.043104611337184906,0.06715378165245056,0.04062497988343239,0.011078475043177605,0.01710631512105465,0.009448484517633915,0.0001849133986979723,0.0001849133986979723
2690,2690,0.00016033812426030636,,,,,,,,,
2691,2691,,,0.04307002201676369,0.06714491546154022,0.040598995983600616,0.01106716226786375,0.017100540921092033,0.009439640678465366,0.00018464632739778608,0.00018464632739778608
2691,2691,0.000160167837748304,,,,,,,,,
2692,2692,,,0.04303738474845886,0.0671352967619896,0.040574509650468826,0.01105622760951519,0.017094776034355164,0.009431404992938042,0.00018439236737322062,0.00018439236737322062
2692,2692,0.00015999775496311486,,,,,,,,,
2693,2693,,,0.043004684150218964,0.06712520122528076,0.040549926459789276,0.011046072468161583,0.01708919182419777,0.009423881769180298,0.0001841479679569602,0.0001841479679569602
2693,2693,0.00015982755576260388,,,,,,,,,
2694,2694,,,0.04297056421637535,0.06711623817682266,0.04052417352795601,0.011033998802304268,0.017083613201975822,0.009414439089596272,0.00018387421732768416,0.00018387421732768416
2694,2694,0.00015965783677529544,,,,,,,,,
2695,2695,,,0.042938102036714554,0.06710614264011383,0.040499959141016006,0.011024896055459976,0.017077982425689697,0.009408049285411835,0.00018364566494710743,0.00018364566494710743
2695,2695,0.00015948862710502,,,,,,,,,
2696,2696,,,0.04290397837758064,0.0670972689986229,0.040474001318216324,0.01101193018257618,0.017072351649403572,0.009397528134286404,0.00018335907952859998,0.00018335907952859998
2696,2696,0.00015931969392113388,,,,,,,,,
2697,2697,,,0.04287218302488327,0.06708691269159317,0.04045041278004646,0.011004060506820679,0.017066562548279762,0.009392212145030499,0.00018314812041353434,0.00018314812041353434
2697,2697,0.0001591507316334173,,,,,,,,,
2698,2698,,,0.04283829405903816,0.06707722693681717,0.0404246523976326,0.010989753529429436,0.017061136662960052,0.009380817413330078,0.0001828481472330168,0.0001828481472330168
2698,2698,0.00015898208948783576,,,,,,,,,
2699,2699,,0.00015881413128226995,,,,,,,,
2699,2699,,,0.04280625283718109,0.0670672282576561,0.040400777012109756,0.010983054526150227,0.017055148258805275,0.0093761645257473,0.000182648393092677,0.000182648393092677
2699,2699,0.00015881413128226995,,,,,,,,,
2700,2700,,,0.042773015797138214,0.06705673784017563,0.04037538915872574,0.01096823439002037,0.017049258574843407,0.009364590048789978,0.0001823452184908092,0.0001823452184908092
2700,2700,0.00015864669694565237,,,,,,,,,
2701,2701,,,0.04274020716547966,0.0670476108789444,0.040350936353206635,0.010961869731545448,0.01704373024404049,0.009359932504594326,0.0001821464393287897,0.0001821464393287897
2701,2701,0.00015847884060349315,,,,,,,,,
2702,2702,,,0.04270755127072334,0.06703676283359528,0.040326252579689026,0.010946830734610558,0.017038529738783836,0.009348474442958832,0.00018184634973295033,0.00018184634973295033
2702,2702,0.00015831153723411262,,,,,,,,,
2703,2703,,,0.042675647884607315,0.06702745705842972,0.040302373468875885,0.010940689593553543,0.017032690346240997,0.009343856945633888,0.0001816520089050755,0.0001816520089050755
2703,2703,0.00015814503422006965,,,,,,,,,
2704,2704,,,0.04264260455965996,0.06701771169900894,0.04027726873755455,0.010925965383648872,0.017026856541633606,0.009332340210676193,0.00018135231221094728,0.00018135231221094728
2704,2704,0.0001579783856868744,,,,,,,,,
2705,2705,,,0.04261091351509094,0.06700798124074936,0.04025377333164215,0.010919117368757725,0.017020883038640022,0.009327712468802929,0.0001811542606446892,0.0001811542606446892
2705,2705,0.00015781272668391466,,,,,,,,,
2706,2706,,,0.04257730394601822,0.0669977068901062,0.04022809863090515,0.010904884897172451,0.01701568067073822,0.009316428564488888,0.00018085802730638534,0.00018085802730638534
2706,2706,0.0001576460781507194,,,,,,,,,
2707,2707,,,0.042546458542346954,0.06698635965585709,0.040204968303442,0.010897498577833176,0.017009662464261055,0.009311405010521412,0.00018065552285406739,0.00018065552285406739
2707,2707,0.0001574803318362683,,,,,,,,,
2708,2708,,,0.04251296818256378,0.06697585433721542,0.040179286152124405,0.010884230956435204,0.01700390689074993,0.00930080097168684,0.0001803696941351518,0.0001803696941351518
2708,2708,0.00015731496387161314,,,,,,,,,
2709,2709,,,0.042481373995542526,0.06696581840515137,0.04015588015317917,0.010875792242586613,0.016998395323753357,0.009295014664530754,0.00018015530076809227,0.00018015530076809227
2709,2709,0.00015714993060100824,,,,,,,,,
2710,2710,,,0.04244830459356308,0.06695655733346939,0.04013067111372948,0.01086369901895523,0.016992783173918724,0.009285232983529568,0.00017988559557124972,0.00017988559557124972
2710,2710,0.00015698531933594495,,,,,,,,,
2711,2711,,,0.042417656630277634,0.06694570928812027,0.04010765254497528,0.010854614898562431,0.016986720263957977,0.009278778918087482,0.00017966440645977855,0.00017966440645977855
2711,2711,0.00015682019875384867,,,,,,,,,
2712,2712,,,0.0423847958445549,0.0669359639286995,0.04008285328745842,0.010843129828572273,0.016981353983283043,0.0092697748914361,0.0001794052659533918,0.0001794052659533918
2712,2712,0.00015665651881136,,,,,,,,,
2713,2713,,,0.04235263541340828,0.06692531704902649,0.04005861654877663,0.010833336971700191,0.016975698992609978,0.009262464940547943,0.00017916968499775976,0.00017916968499775976
2713,2713,0.00015649264969397336,,,,,,,,,
2714,2714,,,0.04232143238186836,0.06691382825374603,0.04003483057022095,0.010822894051671028,0.016969893127679825,0.009254551492631435,0.00017892818141262978,0.00017892818141262978
2714,2714,0.00015632911527063698,,,,,,,,,
2715,2715,,,0.04228970780968666,0.06690298020839691,0.04001084715127945,0.010811918415129185,0.016964280977845192,0.009246183559298515,0.0001786797947715968,0.0001786797947715968
2715,2715,0.00015616540622431785,,,,,,,,,
2716,2716,,,0.0422576367855072,0.06689298897981644,0.03998680040240288,0.010802607983350754,0.01695849373936653,0.009239157661795616,0.00017845045658759773,0.00017845045658759773
2716,2716,0.00015600280312355608,,,,,,,,,
2717,2717,,,0.04222618415951729,0.06688211858272552,0.03996284678578377,0.01079076249152422,0.016952723264694214,0.009230133146047592,0.00017819300410337746,0.00017819300410337746
2717,2717,0.00015584006905555725,,,,,,,,,
2718,2718,,,0.04219508916139603,0.06687163561582565,0.03993934020400047,0.010782314464449883,0.016946882009506226,0.009223799221217632,0.00017797655891627073,0.00017797655891627073
2718,2718,0.00015567746595479548,,,,,,,,,
2719,2719,,,0.04216284677386284,0.06686083227396011,0.03991491720080376,0.010769486427307129,0.016941338777542114,0.009213992394506931,0.00017770611157175153,0.00017770611157175153
2719,2719,0.00015551586693618447,,,,,,,,,
2720,2720,,,0.04213131591677666,0.0668504536151886,0.03989117592573166,0.010762394405901432,0.016935693100094795,0.00920866522938013,0.00017750411643646657,0.00017750411643646657
2720,2720,0.00015535420970991254,,,,,,,,,
2721,2721,,,0.042100027203559875,0.06683887541294098,0.039867185056209564,0.010748244822025299,0.01692984066903591,0.009197892621159554,0.00017722124175634235,0.00017722124175634235
2721,2721,0.00015519250882789493,,,,,,,,,
2722,2722,,,0.0420687161386013,0.06682880967855453,0.0398436114192009,0.010742575861513615,0.01692425087094307,0.009193653240799904,0.0001770365925040096,0.0001770365925040096
2722,2722,0.00015503093891311437,,,,,,,,,
2723,2723,,,0.04203687608242035,0.06681723892688751,0.039819322526454926,0.010726988315582275,0.016918808221817017,0.009181701578199863,0.00017673640104476362,0.00017673640104476362
2723,2723,0.0001548698201077059,,,,,,,,,
2724,2724,,,0.04200642555952072,0.06680703163146973,0.03979645296931267,0.010723104700446129,0.016912782564759254,0.009178956039249897,0.00017657529679127038,0.00017657529679127038
2724,2724,0.000154709312482737,,,,,,,,,
2725,2725,,,0.04197406396269798,0.0667954832315445,0.03977154195308685,0.010705285705626011,0.016907285898923874,0.009165099821984768,0.00017624691827222705,0.00017624691827222705
2725,2725,0.00015454903768841177,,,,,,,,,
2726,2726,,,0.04194459319114685,0.06678488105535507,0.03974970430135727,0.01070451084524393,0.016901282593607903,0.009165084920823574,0.00017612692317925394,0.00017612692317925394
2726,2726,0.0001543892576592043,,,,,,,,,
2727,2727,,,0.04191186651587486,0.06677310913801193,0.03972427546977997,0.010682725347578526,0.01689586043357849,0.009147796779870987,0.00017575029050931334,0.00017575029050931334
2727,2727,0.00015422908472828567,,,,,,,,,
2728,2728,,,0.04188321530818939,0.06676311045885086,0.03970339521765709,0.01068683248013258,0.0168899055570364,0.009151861071586609,0.00017569128249306232,0.00017569128249306232
2728,2728,0.00015406913007609546,,,,,,,,,
2729,2729,,,0.041850123554468155,0.06675009429454803,0.03967728838324547,0.010659243911504745,0.01688436232507229,0.009129796177148819,0.0001752451207721606,0.0001752451207721606
2729,2729,0.00015391151828225702,,,,,,,,,
2730,2730,,,0.041821807622909546,0.06674133986234665,0.03965697064995766,0.010670674033463001,0.01687803864479065,0.00913968961685896,0.00017527161980979145,0.0001752451207721606
2730,2730,0.00015375169459730387,,,,,,,,,
2731,2731,,,0.04178731143474579,0.06672800332307816,0.039629388600587845,0.010634408332407475,0.016873115673661232,0.009110607206821442,0.00017472180479671806,0.00017472180479671806
2731,2731,0.0001535930932732299,,,,,,,,,
2732,2732,,,0.04176163673400879,0.06671873480081558,0.03961159288883209,0.010656030848622322,0.01686646230518818,0.009129203855991364,0.00017487703007645905,0.00017472180479671806
2732,2732,0.0001534350885776803,,,,,,,,,
2733,2733,,,0.04172423481941223,0.06670500338077545,0.039580732583999634,0.010607264004647732,0.016861552372574806,0.009089204482734203,0.0001741678424878046,0.0001741678424878046
2733,2733,0.00015327766595873982,,,,,,,,,
2734,2734,,,0.04170185327529907,0.06669621914625168,0.039566852152347565,0.010644763708114624,0.016854755580425262,0.009121688082814217,0.0001745249901432544,0.0001741678424878046
2734,2734,0.00015312038885895163,,,,,,,,,
2735,2735,,,0.041660748422145844,0.06668248027563095,0.03953174874186516,0.010575844906270504,0.01685033179819584,0.00906422920525074,0.0001735649857437238,0.0001735649857437238
2735,2735,0.00015296331548597664,,,,,,,,,
2736,2736,,,0.041644491255283356,0.06667427718639374,0.03952421993017197,0.01063934899866581,0.016842946410179138,0.009119084104895592,0.00017425042460672557,0.0001735649857437238
2736,2736,0.0001528076536487788,,,,,,,,,
2737,2737,,,0.04159536212682724,0.06666053086519241,0.0394805446267128,0.01053805835545063,0.01683936081826687,0.00903343316167593,0.00017287975060753524,0.00017287975060753524
2737,2737,0.00015265241381712258,,,,,,,,,
2738,2738,,,0.04158957302570343,0.06665029376745224,0.03948415443301201,0.01064235158264637,0.016831127926707268,0.009124292992055416,0.00017408718122169375,0.00017287975060753524
2738,2738,0.00015249861462507397,,,,,,,,,
2739,2739,,,0.04152650386095047,0.06663799285888672,0.03942572697997093,0.010489827953279018,0.016828438267111778,0.00899295974522829,0.00017205675248987973,0.00017205675248987973
2739,2739,0.0001523459068266675,,,,,,,,,
2740,2740,,,0.0415397472679615,0.06662490218877792,0.03944912552833557,0.0106601407751441,0.016818517819046974,0.009142778813838959,0.0001741196756483987,0.00017205675248987973
2740,2740,0.0001521963276900351,,,,,,,,,
2741,2741,,,0.04145277291536331,0.0666174665093422,0.039365679025650024,0.010423338040709496,0.016818037256598473,0.008935808204114437,0.0001710023934720084,0.0001710023934720084
2741,2741,0.00015205224917735904,,,,,,,,,
2742,2742,,,0.041497357189655304,0.06659821420907974,0.03942204639315605,0.01070410292595625,0.016805684193968773,0.009185044094920158,0.00017449907318223268,0.0001710023934720084
2742,2742,0.00015191514103207737,,,,,,,,,
2743,2743,,,0.04136805981397629,0.06660006940364838,0.03929420933127403,0.01032647117972374,0.01680837757885456,0.008850518614053726,0.00016955331375356764,0.00016955331375356764
2743,2743,0.0001517902419436723,,,,,,,,,
2744,2744,,,0.04147059842944145,0.0665665864944458,0.03941056877374649,0.010794081725180149,0.016792181879281998,0.009269078262150288,0.00017549993935972452,0.00016955331375356764
2744,2744,0.0001516865158919245,,,,,,,,,
2745,2745,,,0.04126622900366783,0.06658735871315002,0.03920441493391991,0.010178507305681705,0.016800176352262497,0.008717228658497334,0.0001674511149758473,0.0001674511149758473
2745,2745,0.0001516189513495192,,,,,,,,,
2746,2746,,,0.04146837815642357,0.06652907282114029,0.03942481428384781,0.010969643481075764,0.016776807606220245,0.009430240839719772,0.0001776599820004776,0.0001674511149758473
2746,2746,0.00015161288320086896,,,,,,,,,
2747,2747,,,0.04112933948636055,0.06658721715211868,0.03907874599099159,0.009947825223207474,0.01679384522140026,0.008504698053002357,0.00016428859089501202,0.00016428859089501202
2747,2747,0.00015171276754699647,,,,,,,,,
2748,2748,,,0.04151337221264839,0.06647927314043045,0.039487022906541824,0.01130883302539587,0.016758669167757034,0.009737620130181313,0.00018210131383966655,0.00016428859089501202
2748,2748,0.00015200008056126535,,,,,,,,,
2749,2749,,0.00015261732914950699,,,,,,,,
2749,2749,,,0.04093416407704353,0.0666075050830841,0.03889131918549538,0.009595261886715889,0.016792790964245796,0.008169992826879025,0.0001595838984940201,0.0001595838984940201
2749,2749,0.00015261732914950699,,,,,,,,,
2750,2750,,,0.041644468903541565,0.06640876829624176,0.039636917412281036,0.01197550818324089,0.016736872494220734,0.01033343281596899,0.00019133411115035415,0.0001595838984940201
2750,2750,0.000153820714331232,,,,,,,,,
2751,2751,,,0.04062936455011368,0.0666729286313057,0.03858816623687744,0.009122822433710098,0.016800807788968086,0.007691612932831049,0.00015321874525398016,0.00015321874525398016
2751,2751,0.0001560745295137167,,,,,,,,,
2752,2752,,,0.04194146767258644,0.06630757451057434,0.0399533286690712,0.013323604129254818,0.016708754003047943,0.011518873274326324,0.00021154971909709275,0.00015321874525398016
2752,2752,0.0001602228730916977,,,,,,,,,
2753,2753,,,0.04013018310070038,0.06683983653783798,0.03807545825839043,0.008830905891954899,0.016829418018460274,0.007274342235177755,0.0001477315090596676,0.0001477315090596676
2753,2753,0.000167812206200324,,,,,,,,,
2754,2754,,,0.042562335729599,0.06617303937673569,0.04058755934238434,0.016104785725474358,0.016675999388098717,0.013923028483986855,0.0002594334364403039,0.0001477315090596676
2754,2754,0.0001816682779463008,,,,,,,,,
2755,2755,,,0.039290934801101685,0.06724496930837631,0.037181176245212555,0.0101882703602314,0.01690664328634739,0.0081403199583292,0.00015718014037702233,0.0001477315090596676
2755,2755,0.0002070030168397352,,,,,,,,,
2756,2756,,,0.04382799565792084,0.06605346500873566,0.04183254390954971,0.02178122103214264,0.01665681228041649,0.01876443810760975,0.0003831861540675163,0.0001477315090596676
2756,2756,0.00025331598590128124,,,,,,,,,
2757,2757,,,0.03792446851730347,0.06824934482574463,0.035638052970170975,0.016337061300873756,0.017106346786022186,0.013109601102769375,0.0002379479119554162,0.0001477315090596676
2757,2757,0.0003378646797500551,,,,,,,,,
2758,2758,,,0.046397194266319275,0.06620517373085022,0.04424260929226875,0.03269469738006592,0.016733737662434578,0.028011368587613106,0.0007205228903330863,0.0001477315090596676
2758,2758,0.0004906539106741548,,,,,,,,,
2759,2759,,,0.03600398078560829,0.07071872800588608,0.033184170722961426,0.029843444004654884,0.0176034364849329,0.02436118759214878,0.000564328976906836,0.0001477315090596676
2759,2759,0.000761398347094655,,,,,,,,,
2760,2760,,,0.05129840597510338,0.06720615178346634,0.048564061522483826,0.05063905566930771,0.017155665904283524,0.04322082921862602,0.0015626947861164808,0.0001477315090596676
2760,2760,0.0012189734261482954,,,,,,,,,
2761,2761,,,0.03432602062821388,0.07555542886257172,0.03020954132080078,0.04890484735369682,0.01858147792518139,0.04030154272913933,0.0013651439221575856,0.0001477315090596676
2761,2761,0.001927349716424942,,,,,,,,,
2762,2762,,,0.058237362653017044,0.06799405068159103,0.05419684201478958,0.06815381348133087,0.018037976697087288,0.058200716972351074,0.0027411889750510454,0.0001477315090596676
2762,2762,0.0028381722513586283,,,,,,,,,
2763,2763,,,0.03391168639063835,0.07900072634220123,0.028666239231824875,0.05499480292201042,0.01920509524643421,0.045540787279605865,0.0017095437506213784,0.0001477315090596676
2763,2763,0.003611205844208598,,,,,,,,,
2764,2764,,,0.05987792834639549,0.06325943768024445,0.055136505514383316,0.05621769279241562,0.01779620349407196,0.04845479130744934,0.0019432336557656527,0.0001477315090596676
2764,2764,0.0035803879145532846,,,,,,,,,
2765,2765,,,0.034813445061445236,0.0752255916595459,0.03218225762248039,0.02242972142994404,0.01752282865345478,0.01771973818540573,0.0003517298027873039,0.0001477315090596676
2765,2765,0.0023797594476491213,,,,,,,,,
2766,2766,,,0.04927097633481026,0.06135755032300949,0.04640937224030495,0.012129547074437141,0.016716692596673965,0.012174856849014759,0.0002340956125408411,0.0001477315090596676
2766,2766,0.0008202536846511066,,,,,,,,,
2767,2767,,,0.04447450488805771,0.07315131276845932,0.04330241680145264,0.038545168936252594,0.01616135984659195,0.03147062659263611,0.0009140713373199105,0.0001477315090596676
2767,2767,0.00023920445528347045,,,,,,,,,
2768,2768,,,0.04008924588561058,0.06842952221632004,0.03791613131761551,0.033820636570453644,0.0174886342138052,0.028289388865232468,0.00072516780346632,0.0001477315090596676
2768,2768,0.0008937701350077987,,,,,,,,,
2769,2769,,,0.053413331508636475,0.06693266332149506,0.05025923252105713,0.04747810959815979,0.0166457612067461,0.040203023701906204,0.0013918377226218581,0.0001477315090596676
2769,2769,0.0016764116007834673,,,,,,,,,
2770,2770,,,0.0370267815887928,0.07143986225128174,0.0352180041372776,0.017261134460568428,0.01754215732216835,0.013948502950370312,0.00025550523423589766,0.0001477315090596676
2770,2770,0.0015059432480484247,,,,,,,,,
2771,2771,,,0.048811886459589005,0.06155521422624588,0.04602135345339775,0.012820261530578136,0.01681285724043846,0.012773274444043636,0.0002426875871606171,0.0001477315090596676
2771,2771,0.000629359157755971,,,,,,,,,
2772,2772,,,0.04049428924918175,0.07421281933784485,0.039935402572155,0.03389440104365349,0.016551930457353592,0.027065329253673553,0.0007110920851118863,0.0001477315090596676
2772,2772,0.0002233558479929343,,,,,,,,,
2773,2773,,,0.04237329959869385,0.06526007503271103,0.04011671990156174,0.02562519535422325,0.017398830503225327,0.021441709250211716,0.0004688254848588258,0.0001477315090596676
2773,2773,0.0006502746837213635,,,,,,,,,
2774,2774,,,0.0468088798224926,0.06780532747507095,0.04481757432222366,0.03519134223461151,0.016578055918216705,0.029538670554757118,0.0008045524591580033,0.0001477315090596676
2774,2774,0.0010562449460849166,,,,,,,,,
2775,2775,,,0.038136254996061325,0.06858993321657181,0.03642374649643898,0.010956413112580776,0.01715852878987789,0.008016812615096569,0.0001591715554241091,0.0001477315090596676
2775,2775,0.0007741770823486149,,,,,,,,,
2776,2776,,,0.04530950263142586,0.06180274486541748,0.04275619611144066,0.010855318047106266,0.01696920022368431,0.01078513078391552,0.00019816924759652466,0.0001477315090596676
2776,2776,0.0002635956625454128,,,,,,,,,
2777,2777,,,0.0388290174305439,0.07311656326055527,0.037755873054265976,0.03301743417978287,0.016666581854224205,0.026208188384771347,0.0006698514334857464,0.0001477315090596676
2777,2777,0.0002715676964726299,,,,,,,,,
2778,2778,,,0.04228093847632408,0.06398803740739822,0.03972664847970009,0.019496100023388863,0.01739136315882206,0.016313184052705765,0.0003177076578140259,0.0001477315090596676
2778,2778,0.0006314697675406933,,,,,,,,,
2779,2779,,,0.04214375838637352,0.06708938628435135,0.040217719972133636,0.022610481828451157,0.01671008951961994,0.0188932903110981,0.00038997625233605504,0.0001477315090596676
2779,2779,0.0006627236143685877,,,,,,,,,
2780,2780,,,0.03765231370925903,0.06913081556558609,0.0357886366546154,0.013992667198181152,0.016826987266540527,0.010446370579302311,0.00019516964675858617,0.0001477315090596676
2780,2780,0.00032095881761051714,,,,,,,,,
2781,2781,,,0.0422540046274662,0.06308377534151077,0.039753105491399765,0.013230334967374802,0.01720462180674076,0.011781781911849976,0.0002117331459885463,0.0001477315090596676
2781,2781,0.00016527299885638058,,,,,,,,,
2782,2782,,,0.037707943469285965,0.07306826114654541,0.03593369200825691,0.029662128537893295,0.016683118417859077,0.023434875532984734,0.0005541080026887357,0.0001477315090596676
2782,2782,0.000372457318007946,,,,,,,,,
2783,2783,,,0.041217684745788574,0.06429790705442429,0.03852657973766327,0.011940274387598038,0.01733418181538582,0.01039903424680233,0.00018797017401084304,0.0001477315090596676
2783,2783,0.000511227990500629,,,,,,,,,
2784,2784,,,0.039655108004808426,0.06664367020130157,0.03736214339733124,0.012618541717529297,0.016887309029698372,0.010615630075335503,0.0001902843068819493,0.0001477315090596676
2784,2784,0.000333716394379735,,,,,,,,,
2785,2785,,,0.037381209433078766,0.07029366493225098,0.0354057252407074,0.019601022824645042,0.01665513589978218,0.015456494875252247,0.0002955461968667805,0.0001477315090596676
2785,2785,0.0001536541967652738,,,,,,,,,
2786,2786,,,0.040973179042339325,0.06402111053466797,0.03844304755330086,0.013144923374056816,0.01724674366414547,0.01155079435557127,0.00020479493832681328,0.0001477315090596676
2786,2786,0.00023644744942430407,,,,,,,,,
2787,2787,,,0.03762928023934364,0.07152784615755081,0.03573058173060417,0.023092616349458694,0.016670770943164825,0.018183352425694466,0.00037359894486144185,0.0001477315090596676
2787,2787,0.00037432563840411603,,,,,,,,,
2788,2788,,,0.04049201309680939,0.06545481085777283,0.0381888747215271,0.00881307851523161,0.017059721052646637,0.008253413252532482,0.00015312983305193484,0.0001477315090596676
2788,2788,0.00031080309418030083,,,,,,,,,
2789,2789,,,0.03902297094464302,0.0664081797003746,0.036891404539346695,0.008639589883387089,0.01697680354118347,0.0076317209750413895,0.000144199060741812,0.000144199060741812
2789,2789,0.00016770638467278332,,,,,,,,,
2790,2790,,,0.03797789290547371,0.07001329958438873,0.03639989718794823,0.02147958241403103,0.01656941883265972,0.017281342297792435,0.0003417399129830301,0.000144199060741812
2790,2790,0.0001781827595550567,,,,,,,,,
2791,2791,,,0.04099017009139061,0.06453737616539001,0.03876659274101257,0.00992112047970295,0.017074935138225555,0.009246704168617725,0.00016683025751262903,0.000144199060741812
2791,2791,0.0002785948454402387,,,,,,,,,
2792,2792,,,0.03872372955083847,0.0686393678188324,0.0369909442961216,0.01550852507352829,0.016614118590950966,0.012344173155725002,0.00022689237084705383,0.000144199060741812
2792,2792,0.0002702016499824822,,,,,,,,,
2793,2793,,,0.040596261620521545,0.06629804521799088,0.038800422102212906,0.013001312501728535,0.01665492355823517,0.011325313709676266,0.0002025755966315046,0.000144199060741812
2793,2793,0.00017574835510458797,,,,,,,,,
2794,2794,,,0.039503421634435654,0.066049724817276,0.03760084882378578,0.008637748658657074,0.016882620751857758,0.007823421619832516,0.00014707341324537992,0.000144199060741812
2794,2794,0.00015772043843753636,,,,,,,,,
2795,2795,,,0.03913198783993721,0.06885175406932831,0.0377146415412426,0.019146542996168137,0.01658444106578827,0.01563342660665512,0.00029847779660485685,0.000144199060741812
2795,2795,0.00022085366072133183,,,,,,,,,
2796,2796,,,0.040851034224033356,0.06551303714513779,0.03891466557979584,0.008285964839160442,0.01691596955060959,0.00791916809976101,0.0001505359832663089,0.000144199060741812
2796,2796,0.00023399713973049074,,,,,,,,,
2797,2797,,,0.039514798671007156,0.06720781326293945,0.03774425387382507,0.01030507031828165,0.016791125759482384,0.008617849089205265,0.00016195670468732715,0.000144199060741812
2797,2797,0.00017549644690006971,,,,,,,,,
2798,2798,,,0.040288638323545456,0.06732980161905289,0.03870244696736336,0.0158592090010643,0.01663723960518837,0.013412912376224995,0.00024491699878126383,0.000144199060741812
2798,2798,0.0001493595918873325,,,,,,,,,
2799,2799,,0.00018655683379620314,,,,,,,,
2799,2799,,,0.03960782289505005,0.0661911591887474,0.03771555796265602,0.008453821763396263,0.0168974120169878,0.007637093309313059,0.00014566260506398976,0.000144199060741812
2799,2799,0.00018655683379620314,,,,,,,,,
2800,2800,,,0.039967481046915054,0.06757016479969025,0.03830640763044357,0.014937683939933777,0.016678977757692337,0.012498139403760433,0.0002271230041515082,0.000144199060741812
2800,2800,0.00020684466289822012,,,,,,,,,
2801,2801,,,0.040379393845796585,0.06645847111940384,0.03848722577095032,0.010443511418998241,0.016796350479125977,0.009125685319304466,0.0001684371381998062,0.000144199060741812
2801,2801,0.00017360036144964397,,,,,,,,,
2802,2802,,,0.039917562156915665,0.06628724932670593,0.03795503452420235,0.008602806366980076,0.016879785805940628,0.007628269027918577,0.00014743709471076727,0.000144199060741812
2802,2802,0.000146599137224257,,,,,,,,,
2803,2803,,,0.04000689089298248,0.06736361235380173,0.03831896185874939,0.01574600860476494,0.01667039282619953,0.013227073475718498,0.0002409387525403872,0.000144199060741812
2803,2803,0.00016475013399031013,,,,,,,,,
2804,2804,,,0.039555057883262634,0.06619013100862503,0.03759746998548508,0.008517732843756676,0.016831781715154648,0.007485825568437576,0.00014479235687758774,0.000144199060741812
2804,2804,0.0001855751615948975,,,,,,,,,
2805,2805,,,0.04038297012448311,0.06613076478242874,0.03847530856728554,0.011442435905337334,0.016681354492902756,0.009919475764036179,0.00017979892436414957,0.000144199060741812
2805,2805,0.00017060792015399784,,,,,,,,,
2806,2806,,,0.03981819003820419,0.06674420088529587,0.03793787583708763,0.01265825517475605,0.016640108078718185,0.010550020262598991,0.00019127926498185843,0.000144199060741812
2806,2806,0.00014783639926463366,,,,,,,,,
2807,2807,,,0.04001080244779587,0.06526725739240646,0.037952084094285965,0.008420152589678764,0.016752203926444054,0.007598484866321087,0.00014569310587830842,0.000144199060741812
2807,2807,0.00015274995530489832,,,,,,,,,
2808,2808,,,0.03980020806193352,0.06635783612728119,0.037960484623909,0.014037915505468845,0.016554327681660652,0.0117929857224226,0.000211499776924029,0.000144199060741812
2808,2808,0.000169009726960212,,,,,,,,,
2809,2809,,,0.03949353098869324,0.0656634271144867,0.03747826814651489,0.009545549750328064,0.016641760244965553,0.008130709640681744,0.00015289001748897135,0.000144199060741812
2809,2809,0.0001653904328122735,,,,,,,,,
2810,2810,,,0.040418196469545364,0.06477806717157364,0.038341034203767776,0.009623756632208824,0.016621455550193787,0.008614376187324524,0.00015887714107520878,0.000144199060741812
2810,2810,0.00014936110528651625,,,,,,,,,
2811,2811,,,0.039320603013038635,0.06637807190418243,0.03741975873708725,0.0133868008852005,0.016509968787431717,0.011007530614733696,0.0001980574452318251,0.000144199060741812
2811,2811,0.0001473170705139637,,,,,,,,,
2812,2812,,,0.039863064885139465,0.0645841509103775,0.03778037056326866,0.00853253249078989,0.016631826758384705,0.007746224291622639,0.00014585490862373263,0.000144199060741812
2812,2812,0.0001579438685439527,,,,,,,,,
2813,2813,,,0.0395207516849041,0.06554655730724335,0.037579648196697235,0.0121126938611269,0.01651228405535221,0.010254896245896816,0.00018295939662493765,0.000144199060741812
2813,2813,0.00015980434545781463,,,,,,,,,
2814,2814,,,0.039391450583934784,0.0653587132692337,0.03736664727330208,0.010694758966565132,0.016560837626457214,0.009042661637067795,0.0001645419397391379,0.000144199060741812
2814,2814,0.0001498792553320527,,,,,,,,,
2815,2815,,,0.04017705097794533,0.06418942660093307,0.03803815320134163,0.008943901397287846,0.016632482409477234,0.008158771321177483,0.0001510845177108422,0.000144199060741812
2815,2815,0.00014486131840385497,,,,,,,,,
2816,2816,,,0.03909675031900406,0.06587903201580048,0.03715872764587402,0.012933604419231415,0.01649538241326809,0.0106938062235713,0.00019091012654826045,0.000144199060741812
2816,2816,0.0001506120606791228,,,,,,,,,
2817,2817,,,0.039839230477809906,0.06429246068000793,0.037759289145469666,0.008931725285947323,0.016597578302025795,0.008109720423817635,0.000149612344102934,0.000144199060741812
2817,2817,0.00015480535512324423,,,,,,,,,
2818,2818,,,0.03951206058263779,0.06503176689147949,0.03750543296337128,0.010682075284421444,0.016549574211239815,0.009178293868899345,0.0001655693049542606,0.000144199060741812
2818,2818,0.0001499543577665463,,,,,,,,,
2819,2819,,,0.03955172747373581,0.0651816725730896,0.037553783506155014,0.011335931718349457,0.01656397059559822,0.009644858539104462,0.00017317698802798986,0.000144199060741812
2819,2819,0.00014433838077820837,,,,,,,,,
2820,2820,,,0.039991434663534164,0.0642021968960762,0.037901800125837326,0.008828260004520416,0.016665834933519363,0.008059702813625336,0.0001493702147854492,0.000144199060741812
2820,2820,0.00014594546519219875,,,,,,,,,
2821,2821,,,0.03918202593922615,0.0655260756611824,0.03726498782634735,0.012028281576931477,0.016562337055802345,0.01008666679263115,0.0001800249592633918,0.000144199060741812
2821,2821,0.00015002823784016073,,,,,,,,,
2822,2822,,,0.03985515609383583,0.06439535319805145,0.0378427691757679,0.009531528688967228,0.016634710133075714,0.008551866747438908,0.00015576777514070272,0.000144199060741812
2822,2822,0.00014900237147230655,,,,,,,,,
2823,2823,,,0.03954876959323883,0.06482330709695816,0.03755898401141167,0.00989544577896595,0.016625666990876198,0.008599827997386456,0.00015732922474853694,0.000144199060741812
2823,2823,0.00014472848852165043,,,,,,,,,
2824,2824,,,0.03967144340276718,0.06504449248313904,0.0377386100590229,0.011456445790827274,0.016588902100920677,0.00981997698545456,0.00017569148621987551,0.000144199060741812
2824,2824,0.00014376002945937216,,,,,,,,,
2825,2825,,,0.039758723229169846,0.06441252678632736,0.037764277309179306,0.009008217602968216,0.016656290739774704,0.008108990266919136,0.00015004337183199823,0.000144199060741812
2825,2825,0.0001462912478018552,,,,,,,,,
2826,2826,,,0.03935132548213005,0.06520704180002213,0.03746933862566948,0.011159060522913933,0.016593489795923233,0.009518055245280266,0.000170691724633798,0.000144199060741812
2826,2826,0.0001471424475312233,,,,,,,,,
2827,2827,,,0.03976236656308174,0.06463216245174408,0.037829622626304626,0.01005255151540041,0.016634630039334297,0.008877039887011051,0.0001607313024578616,0.000144199060741812
2827,2827,0.00014477898366749287,,,,,,,,,
2828,2828,,,0.039518751204013824,0.06477854400873184,0.037581298500299454,0.00955167505890131,0.01664607971906662,0.008358522318303585,0.00015391252236440778,0.000144199060741812
2828,2828,0.00014292352716438472,,,,,,,,,
2829,2829,,,0.039631035178899765,0.06498841196298599,0.037763919681310654,0.011262317188084126,0.016578424721956253,0.009710630401968956,0.00017356721218675375,0.000144199060741812
2829,2829,0.00014384565292857587,,,,,,,,,
2830,2830,,,0.03950616717338562,0.06464926898479462,0.03759728744626045,0.009302385151386261,0.01660449057817459,0.00823565386235714,0.00015167705714702606,0.000144199060741812
2830,2830,0.00014517917588818818,,,,,,,,,
2831,2831,,,0.03947960212826729,0.06491494923830032,0.03761812672019005,0.010522396303713322,0.01655539683997631,0.00911666639149189,0.000164269600645639,0.000144199060741812
2831,2831,0.00014439919323194772,,,,,,,,,
2832,2832,,,0.03959517553448677,0.06478321552276611,0.03771562501788139,0.010369033552706242,0.01655145362019539,0.009033587761223316,0.00016309837519656867,0.000144199060741812
2832,2832,0.00014265449135564268,,,,,,,,,
2833,2833,,,0.03950987011194229,0.06464267522096634,0.037602584809064865,0.00943706650286913,0.016560403630137444,0.008306536823511124,0.00015279147191904485,0.000144199060741812
2833,2833,0.00014234617992769927,,,,,,,,,
2834,2834,,,0.03954034671187401,0.0648726150393486,0.037695128470659256,0.010957767255604267,0.016495030373334885,0.009480726905167103,0.00016954808961600065,0.000144199060741812
2834,2834,0.00014330940030049533,,,,,,,,,
2835,2835,,,0.03936940059065819,0.06471603363752365,0.03749480098485947,0.009572992101311684,0.01650809682905674,0.008390516974031925,0.00015356720541603863,0.000144199060741812
2835,2835,0.00014354917220771313,,,,,,,,,
2836,2836,,,0.03953254967927933,0.06467960774898529,0.03766775131225586,0.010119784623384476,0.016475899145007133,0.008866245858371258,0.00016017128655221313,0.000144199060741812
2836,2836,0.00014253311383072287,,,,,,,,,
2837,2837,,,0.03938545286655426,0.06487341970205307,0.037535037845373154,0.010487870313227177,0.01644738018512726,0.009060055948793888,0.00016320415306836367,0.000144199060741812
2837,2837,0.0001416743325535208,,,,,,,,,
2838,2838,,,0.039449337869882584,0.06452848017215729,0.03756412863731384,0.009431520476937294,0.01646040938794613,0.008342649787664413,0.000152581837028265,0.000144199060741812
2838,2838,0.0001418900501448661,,,,,,,,,
2839,2839,,,0.03934026136994362,0.06481339782476425,0.037506457418203354,0.010660002939403057,0.016411999240517616,0.009226425550878048,0.00016512005822733045,0.000144199060741812
2839,2839,0.00014236527204047889,,,,,,,,,
2840,2840,,,0.03926108404994011,0.06466592848300934,0.03740185499191284,0.00975839514285326,0.016423014923930168,0.008527224883437157,0.00015492185775656253,0.000144199060741812
2840,2840,0.00014208607899490744,,,,,,,,,
2841,2841,,,0.03942399099469185,0.06453479081392288,0.03756193444132805,0.009895914234220982,0.01640801876783371,0.008704690262675285,0.0001572769833728671,0.000144199060741812
2841,2841,0.000141337703098543,,,,,,,,,
2842,2842,,,0.03918362408876419,0.06485433131456375,0.037356942892074585,0.010470868088304996,0.01637745462357998,0.009018149226903915,0.00016203471750486642,0.000144199060741812
2842,2842,0.0001410339173162356,,,,,,,,,
2843,2843,,,0.039342764765024185,0.06445479393005371,0.03748823329806328,0.009485653601586819,0.016397809609770775,0.008402246981859207,0.00015276874182745814,0.000144199060741812
2843,2843,0.00014128047041594982,,,,,,,,,
2844,2844,,,0.039140861481428146,0.06480012089014053,0.03733425587415695,0.010426415130496025,0.01636590249836445,0.009010247886180878,0.00016153979231603444,0.000144199060741812
2844,2844,0.0001413787977071479,,,,,,,,,
2845,2845,,,0.039199165999889374,0.0646071508526802,0.037374965846538544,0.009865882806479931,0.01637890748679638,0.008624881505966187,0.0001558750809635967,0.000144199060741812
2845,2845,0.0001409794349456206,,,,,,,,,
2846,2846,,,0.039243750274181366,0.06453265249729156,0.037419892847537994,0.009799954481422901,0.0163760706782341,0.008598780259490013,0.00015544738562311977,0.000144199060741812
2846,2846,0.0001405069779139012,,,,,,,,,
2847,2847,,,0.0390750877559185,0.06478134542703629,0.03728725016117096,0.01038175169378519,0.016350921243429184,0.0089572723954916,0.0001606987207196653,0.000144199060741812
2847,2847,0.00014041467511560768,,,,,,,,,
2848,2848,,,0.03921907767653465,0.06445176899433136,0.037410736083984375,0.009562928229570389,0.016367781907320023,0.008446726948022842,0.00015306036220863461,0.000144199060741812
2848,2848,0.00014054516213946044,,,,,,,,,
2849,2849,,0.00014046607248019427,,,,,,,,
2849,2849,,,0.039030738174915314,0.06476345658302307,0.0372609868645668,0.010246840305626392,0.01634214073419571,0.00885822158306837,0.0001591086620464921,0.000144199060741812
2849,2849,0.00014046607248019427,,,,,,,,,
2850,2850,,,0.03915886580944061,0.06457781046628952,0.03737829998135567,0.00991041213274002,0.016351088881492615,0.008673190139234066,0.00015630864072591066,0.000144199060741812
2850,2850,0.0001401212066411972,,,,,,,,,
2851,2851,,,0.0390859916806221,0.06460537016391754,0.037311431020498276,0.009761562570929527,0.016354018822312355,0.008535763248801231,0.00015438388800248504,0.000144199060741812
2851,2851,0.00013983080862089992,,,,,,,,,
2852,2852,,,0.03903024271130562,0.06474004685878754,0.037285253405570984,0.010260265320539474,0.016337327659130096,0.00889529101550579,0.0001594425702933222,0.000144199060741812
2852,2852,0.00013978107017464936,,,,,,,,,
2853,2853,,,0.039069999009370804,0.0645572692155838,0.037313126027584076,0.009628276340663433,0.01634812355041504,0.008465200662612915,0.00015313529002014548,0.000144199060741812
2853,2853,0.00013979620416648686,,,,,,,,,
2854,2854,,,0.03897266462445259,0.0647452101111412,0.0372416228055954,0.01010090857744217,0.016326509416103363,0.008764210157096386,0.00015748059377074242,0.000144199060741812
2854,2854,0.00013965042307972908,,,,,,,,,
2855,2855,,,0.03905528783798218,0.06462530046701431,0.037321120500564575,0.009914197027683258,0.016326099634170532,0.008671978488564491,0.00015603043721057475,0.000144199060741812
2855,2855,0.00013938207121100277,,,,,,,,,
2856,2856,,,0.03895645961165428,0.06466016918420792,0.03722984343767166,0.009739561006426811,0.016323504969477654,0.008508051745593548,0.00015370536129921675,0.000144199060741812
2856,2856,0.00013919065531808883,,,,,,,,,
2857,2857,,,0.038969025015830994,0.06470935791730881,0.03726470470428467,0.010142304003238678,0.016306070610880852,0.008827664889395237,0.00015810446348041296,0.000144199060741812
2857,2857,0.0001391330879414454,,,,,,,,,
2858,2858,,,0.03893045336008072,0.06463466584682465,0.037220507860183716,0.009672192856669426,0.01631079614162445,0.008469914086163044,0.00015299579536076635,0.000144199060741812
2858,2858,0.00013907997345086187,,,,,,,,,
2859,2859,,,0.038934629410505295,0.0646914467215538,0.037240926176309586,0.009988142177462578,0.016294367611408234,0.008705292828381062,0.0001563062978675589,0.000144199060741812
2859,2859,0.0001389207027386874,,,,,,,,,
2860,2860,,,0.038914166390895844,0.06467535346746445,0.03722721338272095,0.009900487959384918,0.01628694497048855,0.00863973330706358,0.00015531200915575027,0.000144199060741812
2860,2860,0.000138706891448237,,,,,,,,,
2861,2861,,,0.03887571766972542,0.06464351713657379,0.03719467669725418,0.009718896821141243,0.01627984642982483,0.008503487333655357,0.00015328405424952507,0.000144199060741812
2861,2861,0.00013855451834388077,,,,,,,,,
2862,2862,,,0.038864701986312866,0.06469465047121048,0.037201862782239914,0.010050657205283642,0.016260460019111633,0.008752917870879173,0.00015672908921260387,0.000144199060741812
2862,2862,0.0001384777424391359,,,,,,,,,
2863,2863,,,0.038829490542411804,0.06462940573692322,0.03716102987527847,0.009687339887022972,0.01626162976026535,0.008472890593111515,0.00015274528414011002,0.000144199060741812
2863,2863,0.0001383915514452383,,,,,,,,,
2864,2864,,,0.038852110505104065,0.06463240087032318,0.037194572389125824,0.009912654757499695,0.01624816097319126,0.008656327612698078,0.000155235844431445,0.000144199060741812
2864,2864,0.00013824233610648662,,,,,,,,,
2865,2865,,,0.03877193108201027,0.06466719508171082,0.037123557180166245,0.009869386442005634,0.016238363459706306,0.008598314598202705,0.00015436937974300236,0.000144199060741812
2865,2865,0.00013806618517264724,,,,,,,,,
2866,2866,,,0.03879421204328537,0.06458383053541183,0.03714679554104805,0.009703313931822777,0.01623271033167839,0.008502942509949207,0.00015285916742868721,0.000144199060741812
2866,2866,0.00013792792742606252,,,,,,,,,
2867,2867,,,0.03872701898217201,0.06468131393194199,0.03709559142589569,0.009976953268051147,0.01621670462191105,0.008677597157657146,0.00015532899124082178,0.000144199060741812
2867,2867,0.00013783236499875784,,,,,,,,,
2868,2868,,,0.03874099254608154,0.06458359211683273,0.03710304573178291,0.009681976400315762,0.016218135133385658,0.008475606329739094,0.00015238096239045262,0.000144199060741812
2868,2868,0.0001377299049636349,,,,,,,,,
2869,2869,,,0.038706932216882706,0.0646212100982666,0.037080224603414536,0.009863216429948807,0.016205566003918648,0.008603612892329693,0.00015409775369334966,0.000144199060741812
2869,2869,0.00013758947898168117,,,,,,,,,
2870,2870,,,0.03865254297852516,0.06462589651346207,0.037032146006822586,0.009822355583310127,0.01619827188551426,0.008562381379306316,0.00015342110418714583,0.000144199060741812
2870,2870,0.0001374356506858021,,,,,,,,,
2871,2871,,,0.038668882101774216,0.06455369293689728,0.037047918885946274,0.009694508276879787,0.016194889321923256,0.008488730527460575,0.0001522512175142765,0.000144199060741812
2871,2871,0.00013730426144320518,,,,,,,,,
2872,2872,,,0.03859928995370865,0.06463904678821564,0.036990754306316376,0.009906203486025333,0.016181787475943565,0.008615011349320412,0.00015404328587464988,0.000144199060741812
2872,2872,0.00013719790149480104,,,,,,,,,
2873,2873,,,0.03863300755620003,0.06453223526477814,0.03701992332935333,0.0096660815179348,0.016181329265236855,0.00846580695360899,0.00015180662740021944,0.000144199060741812
2873,2873,0.00013708864571526647,,,,,,,,,
2874,2874,,,0.038558561354875565,0.0646030455827713,0.03695911169052124,0.009822308085858822,0.016169197857379913,0.008555995300412178,0.00015303006512112916,0.000144199060741812
2874,2874,0.00013695663074031472,,,,,,,,,
2875,2875,,,0.03855983167886734,0.06455954164266586,0.03696412965655327,0.009765766561031342,0.01616516150534153,0.00852841604501009,0.00015251588774845004,0.000144199060741812
2875,2875,0.00013681553537026048,,,,,,,,,
2876,2876,,,0.03853188827633858,0.06454227864742279,0.03693889081478119,0.009686651639640331,0.016162050887942314,0.008464863523840904,0.00015157292364165187,0.000144199060741812
2876,2876,0.00013668625615537167,,,,,,,,,
2877,2877,,,0.038506459444761276,0.06456999480724335,0.03692334145307541,0.009833630174398422,0.016152022406458855,0.008567707613110542,0.000152965250890702,0.000144199060741812
2877,2877,0.0001365722855553031,,,,,,,,,
2878,2878,,,0.03850077465176582,0.06450583785772324,0.03691818192601204,0.009650076739490032,0.016149844974279404,0.008442611433565617,0.0001511005830252543,0.000144199060741812
2878,2878,0.00013645985745824873,,,,,,,,,
2879,2879,,,0.038449715822935104,0.06454802304506302,0.0368792898952961,0.009777115657925606,0.016138937324285507,0.008522342890501022,0.00015215505845844746,0.000144199060741812
2879,2879,0.00013633439084514976,,,,,,,,,
2880,2880,,,0.038453709334135056,0.0645032599568367,0.03688638284802437,0.009714930318295956,0.016134701669216156,0.008488842286169529,0.00015158332826104015,0.000144199060741812
2880,2880,0.00013620214303955436,,,,,,,,,
2881,2881,,,0.03841443359851837,0.06450386345386505,0.036852285265922546,0.0096715297549963,0.016130095347762108,0.008445843122899532,0.00015094337868504226,0.000144199060741812
2881,2881,0.00013607434812001884,,,,,,,,,
2882,2882,,,0.038410257548093796,0.06449982523918152,0.03685654327273369,0.009767613373696804,0.01612229272723198,0.008524329401552677,0.00015194894513115287,0.000144199060741812
2882,2882,0.00013595663767773658,,,,,,,,,
2883,2883,,,0.0383717380464077,0.06447723507881165,0.036821525543928146,0.009630841203033924,0.016119293868541718,0.008417287841439247,0.00015038065612316132,0.000144199060741812
2883,2883,0.0001358418958261609,,,,,,,,,
2884,2884,,,0.03836040198802948,0.06448067724704742,0.03681940585374832,0.00973067618906498,0.016110394150018692,0.008495718240737915,0.00015138273010961711,0.000144199060741812
2884,2884,0.00013572048919741064,,,,,,,,,
2885,2885,,,0.038330063223838806,0.06446883082389832,0.03679361194372177,0.009670097380876541,0.016105344519019127,0.008445470593869686,0.0001506234984844923,0.000144199060741812
2885,2885,0.00013559419312514365,,,,,,,,,
2886,2886,,,0.038321878761053085,0.06444387882947922,0.03678971529006958,0.009646905586123466,0.01609930954873562,0.008433477953076363,0.00015037518460303545,0.000144199060741812
2886,2886,0.0001354683336103335,,,,,,,,,
2887,2887,,,0.038289960473775864,0.06445527821779251,0.036765944212675095,0.009711372666060925,0.016090944409370422,0.008475479669868946,0.0001508896821178496,0.000144199060741812
2887,2887,0.0001353486586594954,,,,,,,,,
2888,2888,,,0.03827217221260071,0.064417764544487,0.03675083816051483,0.00960317999124527,0.016087587922811508,0.008399476297199726,0.00014973641373217106,0.000144199060741812
2888,2888,0.00013523193774744868,,,,,,,,,
2889,2889,,,0.03825013339519501,0.06442801654338837,0.03673688694834709,0.00968952663242817,0.01607903093099594,0.008461060002446175,0.0001505235122749582,0.000144199060741812
2889,2889,0.00013511367433238775,,,,,,,,,
2890,2890,,,0.03822676092386246,0.06440902501344681,0.03671703487634659,0.00962336827069521,0.016073869541287422,0.008409923873841763,0.00014974847726989537,0.000144199060741812
2890,2890,0.00013499060878530145,,,,,,,,,
2891,2891,,,0.03821601718664169,0.06439074128866196,0.03671138733625412,0.009623409248888493,0.016067052260041237,0.0084144938737154,0.00014972605276852846,0.000144199060741812
2891,2891,0.00013486760144587606,,,,,,,,,
2892,2892,,,0.03817657381296158,0.06440331786870956,0.036679502576589584,0.00965751800686121,0.016059350222349167,0.008430872112512589,0.00014988814655225724,0.000144199060741812
2892,2892,0.00013474748993758112,,,,,,,,,
2893,2893,,,0.03817170485854149,0.06435967236757278,0.036676812916994095,0.009576911106705666,0.016055434942245483,0.00838039442896843,0.00014908669982105494,0.000144199060741812
2893,2893,0.00013463001232594252,,,,,,,,,
2894,2894,,,0.038133520632982254,0.0643797442317009,0.03664632514119148,0.00964989885687828,0.016046792268753052,0.00842380803078413,0.0001496363984188065,0.000144199060741812
2894,2894,0.00013451230188366026,,,,,,,,,
2895,2895,,,0.03812677040696144,0.06434101611375809,0.036641884595155716,0.009579705074429512,0.016042131930589676,0.008379321545362473,0.0001489253918407485,0.000144199060741812
2895,2895,0.0001343929470749572,,,,,,,,,
2896,2896,,,0.03809311240911484,0.0643458217382431,0.036614783108234406,0.0096009261906147,0.016034608706831932,0.00838871393352747,0.0001489862916059792,0.000144199060741812
2896,2896,0.00013427130761556327,,,,,,,,,
2897,2897,,,0.03807486221194267,0.06433272361755371,0.03660192713141441,0.009604078717529774,0.01602773554623127,0.008392705582082272,0.00014895522326696664,0.000144199060741812
2897,2897,0.00013415141438599676,,,,,,,,,
2898,2898,,,0.038052983582019806,0.06431214511394501,0.036583755165338516,0.009554596617817879,0.01602219045162201,0.008355624042451382,0.00014836655464023352,0.000144199060741812
2898,2898,0.00013403399498201907,,,,,,,,,
2899,2899,,0.00013391656102612615,,,,,,,,
2899,2899,,,0.038029156625270844,0.06431484967470169,0.036566395312547684,0.009605254977941513,0.016014548018574715,0.008389931172132492,0.0001487733970861882,0.000144199060741812
2899,2899,0.00013391656102612615,,,,,,,,,
2900,2900,,,0.03801221773028374,0.06428662687540054,0.036552730947732925,0.009542779996991158,0.016010120511054993,0.008346660993993282,0.00014808858395554125,0.000144199060741812
2900,2900,0.00013379934534896165,,,,,,,,,
2901,2901,,,0.03798215836286545,0.06428959965705872,0.036529090255498886,0.009572049602866173,0.016002556309103966,0.008363522589206696,0.0001482495863456279,0.000144199060741812
2901,2901,0.00013368044164963067,,,,,,,,,
2902,2902,,,0.03796771913766861,0.06426893919706345,0.03651908412575722,0.00955515168607235,0.015996145084500313,0.008354121819138527,0.00014803447993472219,0.000144199060741812
2902,2902,0.00013356142153497785,,,,,,,,,
2903,2903,,,0.037940725684165955,0.06425952166318893,0.036496661603450775,0.009530824609100819,0.01598985306918621,0.008332155644893646,0.00014766766980756074,0.000144199060741812
2903,2903,0.00013344363833311945,,,,,,,,,
2904,2904,,,0.03792603313922882,0.06424875557422638,0.03648760914802551,0.009558958001434803,0.015982935205101967,0.008355128578841686,0.00014790287241339684,0.000144199060741812
2904,2904,0.0001333266991423443,,,,,,,,,
2905,2905,,,0.037896543741226196,0.06423414498567581,0.036462366580963135,0.00951037835329771,0.01597774587571621,0.008315899409353733,0.00014728758833371103,0.000144199060741812
2905,2905,0.00013321022561285645,,,,,,,,,
2906,2906,,,0.03788300231099129,0.0642220601439476,0.03645406663417816,0.009536594152450562,0.015970762819051743,0.008337989449501038,0.00014750869013369083,0.000144199060741812
2906,2906,0.0001330932427663356,,,,,,,,,
2907,2907,,,0.037853702902793884,0.06421487033367157,0.03642965480685234,0.009512516669929028,0.015965167433023453,0.00831570290029049,0.00014713677228428423,0.000144199060741812
2907,2907,0.00013297551777213812,,,,,,,,,
2908,2908,,,0.03784213215112686,0.06419416517019272,0.03642262518405914,0.009501312859356403,0.01595916599035263,0.00831169169396162,0.00014699687017127872,0.000144199060741812
2908,2908,0.00013285902969073504,,,,,,,,,
2909,2909,,,0.03781070187687874,0.06419570744037628,0.03639712929725647,0.009515786543488503,0.015952231362462044,0.00831658486276865,0.00014699842722620815,0.000144199060741812
2909,2909,0.0001327428180957213,,,,,,,,,
2910,2910,,,0.03779909759759903,0.06416712701320648,0.03638904541730881,0.00947586540132761,0.015947187319397926,0.008291980251669884,0.00014657208521384746,0.000144199060741812
2910,2910,0.00013262660650070757,,,,,,,,,
2911,2911,,,0.037769418209791183,0.06416843831539154,0.03636555373668671,0.009502256289124489,0.015940293669700623,0.008306315168738365,0.00014670175733044744,0.000144199060741812
2911,2911,0.00013251070049591362,,,,,,,,,
2912,2912,,,0.037755370140075684,0.06414380669593811,0.03635520488023758,0.00946896430104971,0.015935011208057404,0.008284823037683964,0.00014632506645284593,0.000144199060741812
2912,2912,0.00013239451800473034,,,,,,,,,
2913,2913,,,0.03773091733455658,0.06413687020540237,0.036335963755846024,0.009474090300500393,0.01592852920293808,0.008285937830805779,0.00014627070049755275,0.000144199060741812
2913,2913,0.00013227864110376686,,,,,,,,,
2914,2914,,,0.03771091252565384,0.06412341445684433,0.036320947110652924,0.009469736367464066,0.01592271402478218,0.008282962255179882,0.00014615153486374766,0.000144199060741812
2914,2914,0.00013216312800068408,,,,,,,,,
2915,2915,,,0.03769058361649513,0.0641065239906311,0.03630499169230461,0.009446628391742706,0.01591716706752777,0.008266016840934753,0.0001458426850149408,0.000144199060741812
2915,2915,0.000132047658553347,,,,,,,,,
2916,2916,,,0.03766782209277153,0.06410018354654312,0.03628756105899811,0.009462902322411537,0.015910496935248375,0.008275890722870827,0.0001459076884202659,0.000144199060741812
2916,2916,0.00013193271297495812,,,,,,,,,
2917,2917,,,0.03765042871236801,0.06407754868268967,0.036274030804634094,0.00943130161613226,0.01590551994740963,0.008254188112914562,0.0001455307356081903,0.000144199060741812
2917,2917,0.00013181802933104336,,,,,,,,,
2918,2918,,,0.037625376135110855,0.06407125294208527,0.03625418618321419,0.00944342091679573,0.01589915156364441,0.008260315284132957,0.0001455428428016603,0.000144199060741812
2918,2918,0.0001317032874794677,,,,,,,,,
2919,2919,,,0.03760847821831703,0.06405152380466461,0.03624150529503822,0.009425776079297066,0.01589323580265045,0.00824917946010828,0.00014530817861668766,0.000144199060741812
2919,2919,0.00013158873480278999,,,,,,,,,
2920,2920,,,0.037583474069833755,0.06404184550046921,0.036221206188201904,0.009418783709406853,0.015887033194303513,0.008241115137934685,0.0001451292773708701,0.000144199060741812
2920,2920,0.00013147386198397726,,,,,,,,,
2921,2921,,,0.03756800293922424,0.06402618438005447,0.03621025010943413,0.009420463815331459,0.01588108018040657,0.008244103752076626,0.0001450920826755464,0.000144199060741812
2921,2921,0.00013135986228007823,,,,,,,,,
2922,2922,,,0.0375417098402977,0.06401360780000687,0.03618816286325455,0.00939895585179329,0.015875717625021935,0.00822534691542387,0.00014476481010206044,0.000144199060741812
2922,2922,0.00013124577526468784,,,,,,,,,
2923,2923,,,0.03752589970827103,0.06399764865636826,0.03617706149816513,0.009407220408320427,0.015869276598095894,0.008233582600951195,0.0001447927497792989,0.000144199060741812
2923,2923,0.00013113209570292383,,,,,,,,,
2924,2924,,,0.03749857470393181,0.06398659944534302,0.03615416958928108,0.009387721307575703,0.015863412991166115,0.008215692825615406,0.0001444791560061276,0.000144199060741812
2924,2924,0.00013101872173137963,,,,,,,,,
2925,2925,,,0.03748559579253197,0.06396765261888504,0.03614528849720955,0.009386876598000526,0.0158575177192688,0.008217855356633663,0.00014442921383306384,0.000144199060741812
2925,2925,0.00013090489665046334,,,,,,,,,
2926,2926,,,0.03745760768651962,0.06396114826202393,0.036121830344200134,0.009381072595715523,0.015851398929953575,0.008209222927689552,0.00014424555411096662,0.000144199060741812
2926,2926,0.0001307915081270039,,,,,,,,,
2927,2927,,,0.03744441270828247,0.06393785029649734,0.036112572997808456,0.009365485049784184,0.015845561400055885,0.00820158515125513,0.00014405391993932426,0.00014405391993932426
2927,2927,0.00013067857071291655,,,,,,,,,
2928,2928,,,0.0374138243496418,0.06393510848283768,0.03608737885951996,0.009371981956064701,0.01583915576338768,0.008201074786484241,0.00014397967606782913,0.00014397967606782913
2928,2928,0.00013056534226052463,,,,,,,,,
2929,2929,,,0.03740428760647774,0.06390825659036636,0.036080922931432724,0.009349369443953037,0.01583372987806797,0.008188924752175808,0.00014373315207194537,0.00014373315207194537
2929,2929,0.0001304526231251657,,,,,,,,,
2930,2930,,,0.037374347448349,0.0639050230383873,0.0360557958483696,0.009356638416647911,0.015827352181077003,0.0081885801628232,0.00014366513642016798,0.00014366513642016798
2930,2930,0.00013033987488597631,,,,,,,,,
2931,2931,,,0.03736232593655586,0.06387954950332642,0.036047857254743576,0.009338945150375366,0.015821773558855057,0.008180294185876846,0.0001434619480278343,0.0001434619480278343
2931,2931,0.0001302278833463788,,,,,,,,,
2932,2932,,,0.037330955266952515,0.06387578696012497,0.03602152317762375,0.009337473660707474,0.015815259888768196,0.008173391222953796,0.00014330311387311667,0.00014330311387311667
2932,2932,0.0001301152806263417,,,,,,,,,
2933,2933,,,0.037322912365198135,0.0638512447476387,0.03601686283946037,0.00932999886572361,0.01580938510596752,0.008172689937055111,0.0001432128483429551,0.0001432128483429551
2933,2933,0.00013000366743654013,,,,,,,,,
2934,2934,,,0.03729161620140076,0.0638461783528328,0.03599025309085846,0.009319400414824486,0.015803717076778412,0.008158881217241287,0.00014296433073468506,0.00014296433073468506
2934,2934,0.00012989138485863805,,,,,,,,,
2935,2935,,,0.037281956523656845,0.06382238864898682,0.035984862595796585,0.009318049065768719,0.01579785905778408,0.008163271471858025,0.00014293333515524864,0.00014293333515524864
2935,2935,0.00012977930600754917,,,,,,,,,
2936,2936,,,0.037248462438583374,0.06381785869598389,0.03595589101314545,0.00930545199662447,0.015791751444339752,0.008147113025188446,0.00014265251229517162,0.00014265251229517162
2936,2936,0.0001296685222769156,,,,,,,,,
2937,2937,,,0.03724355250597,0.06379026919603348,0.03595449775457382,0.009301874786615372,0.015785913914442062,0.008151219226419926,0.00014262055628933012,0.00014262055628933012
2937,2937,0.00012955664715263993,,,,,,,,,
2938,2938,,,0.03720748797059059,0.06379052996635437,0.03592319414019585,0.009295343421399593,0.01577993854880333,0.008137599565088749,0.0001423825742676854,0.0001423825742676854
2938,2938,0.00012944525224156678,,,,,,,,,
2939,2939,,,0.03720559552311897,0.06375804543495178,0.03592485189437866,0.0092830965295434,0.015774469822645187,0.00813779141753912,0.00014228862710297108,0.00014228862710297108
2939,2939,0.00012933462858200073,,,,,,,,,
2940,2940,,,0.037162747234106064,0.06376560032367706,0.035887353122234344,0.009286032989621162,0.015767959877848625,0.00812824908643961,0.0001421074557583779,0.0001421074557583779
2940,2940,0.00012922346650157124,,,,,,,,,
2941,2941,,,0.03716867417097092,0.06372462213039398,0.03589584305882454,0.00926570501178503,0.01576269418001175,0.008125890046358109,0.00014197513519320637,0.00014197513519320637
2941,2941,0.0001291125372517854,,,,,,,,,
2942,2942,,,0.03711903840303421,0.06373969465494156,0.035851992666721344,0.009273995645344257,0.015756577253341675,0.008116290904581547,0.00014180567814037204,0.00014180567814037204
2942,2942,0.00012900252477265894,,,,,,,,,
2943,2943,,,0.03713390603661537,0.06368980556726456,0.03586918115615845,0.00925122294574976,0.01575157232582569,0.008116908371448517,0.00014170233043842018,0.00014170233043842018
2943,2943,0.00012889248318970203,,,,,,,,,
2944,2944,,,0.03707265853881836,0.06371515989303589,0.0358138307929039,0.009260127320885658,0.015744440257549286,0.00810195691883564,0.00014147111505735666,0.00014147111505735666
2944,2944,0.00012878225243184716,,,,,,,,,
2945,2945,,,0.03710097447037697,0.06365302205085754,0.03584408387541771,0.009237876161932945,0.015739694237709045,0.00810992531478405,0.00014145101886242628,0.00014145101886242628
2945,2945,0.00012867248733527958,,,,,,,,,
2946,2946,,,0.03702271729707718,0.06369399279356003,0.03577273339033127,0.009246277622878551,0.015732981264591217,0.008086029440164566,0.00014111987547948956,0.00014111987547948956
2946,2946,0.0001285631296923384,,,,,,,,,
2947,2947,,,0.03707413002848625,0.06361169368028641,0.035824742168188095,0.009223289787769318,0.015728482976555824,0.00810418650507927,0.00014121882850304246,0.00014111987547948956
2947,2947,0.00012845438322983682,,,,,,,,,
2948,2948,,,0.03696879744529724,0.06367697566747665,0.035727083683013916,0.009235620498657227,0.015720948576927185,0.008069556206464767,0.00014077065861783922,0.00014077065861783922
2948,2948,0.00012834620429202914,,,,,,,,,
2949,2949,,0.00012823818542528898,,,,,,,,
2949,2949,,,0.03705216944217682,0.0635632798075676,0.035810068249702454,0.009205112233757973,0.015717163681983948,0.008099318481981754,0.00014098413521423936,0.00014077065861783922
2949,2949,0.00012823818542528898,,,,,,,,,
2950,2950,,,0.036904074251651764,0.06367013603448868,0.03567201644182205,0.009229562245309353,0.015708837658166885,0.008052121847867966,0.00014041300164535642,0.00014041300164535642
2950,2950,0.0001281316945096478,,,,,,,,,
2951,2951,,,0.03704391047358513,0.06350331753492355,0.03580808266997337,0.009182589128613472,0.01570633053779602,0.008096819743514061,0.00014077863306738436,0.00014041300164535642
2951,2951,0.00012802709534298629,,,,,,,,,
2952,2952,,,0.036828700453042984,0.06367482244968414,0.03560559079051018,0.009229565039277077,0.015696287155151367,0.00803198292851448,0.00014004264085087925,0.00014004264085087925
2952,2952,0.00012792441702913493,,,,,,,,,
2953,2953,,,0.037051208317279816,0.06342649459838867,0.035821087658405304,0.009154900908470154,0.015695948153734207,0.008099676109850407,0.00014061867841519415,0.00014004264085087925
2953,2953,0.00012782594421878457,,,,,,,,,
2954,2954,,,0.0367269292473793,0.06370434910058975,0.03551483526825905,0.009238524362444878,0.01568353734910488,0.008006754331290722,0.00013962161028757691,0.00013962161028757691
2954,2954,0.0001277328556170687,,,,,,,,,
2955,2955,,,0.03709164261817932,0.06332073360681534,0.03586481884121895,0.009121263399720192,0.01568603329360485,0.008113233372569084,0.00014058098895475268,0.00013962161028757691
2955,2955,0.00012764960411004722,,,,,,,,,
2956,2956,,,0.03659040853381157,0.06376945227384567,0.03538952395319939,0.009262753650546074,0.015670185908675194,0.007972965016961098,0.00013914081500843167,0.00013914081500843167
2956,2956,0.0001275821850867942,,,,,,,,,
2957,2957,,,0.03718152269721031,0.06316758692264557,0.03595566749572754,0.009081773459911346,0.015677964314818382,0.008147493936121464,0.0001407712697982788,0.00013914081500843167
2957,2957,0.00012753963528666645,,,,,,,,,
2958,2958,,,0.036387257277965546,0.06389938294887543,0.03519992530345917,0.009316761046648026,0.01565522328019142,0.007927794009447098,0.000138579256599769,0.000138579256599769
2958,2958,0.00012753890769090503,,,,,,,,,
2959,2959,,,0.037362903356552124,0.06293381005525589,0.03613140806555748,0.009039032272994518,0.015671906992793083,0.008221535943448544,0.00014143511361908168,0.000138579256599769
2959,2959,0.00012760756362695247,,,,,,,,,
2960,2960,,,0.03607688099145889,0.06414280086755753,0.034904394298791885,0.009436788968741894,0.01563972793519497,0.007873776368796825,0.0001380539033561945,0.0001380539033561945
2960,2960,0.00012779314420185983,,,,,,,,,
2961,2961,,,0.03770429268479347,0.06256023794412613,0.036454375833272934,0.009012829512357712,0.015671687200665474,0.008378889411687851,0.0001431421551387757,0.0001380539033561945
2961,2961,0.00012817711103707552,,,,,,,,,
2962,2962,,,0.03557779639959335,0.0645897313952446,0.0344187393784523,0.00970864575356245,0.015622779726982117,0.007834886200726032,0.00013799098087474704,0.00013799098087474704
2962,2962,0.00012889981735497713,,,,,,,,,
2963,2963,,,0.03833761066198349,0.06195063516497612,0.037040166556835175,0.009087471291422844,0.015683326870203018,0.008722683414816856,0.00014740215556230396,0.00013799098087474704
2963,2963,0.00013020452752243727,,,,,,,,,
2964,2964,,,0.03477226942777634,0.06541014462709427,0.03360956907272339,0.010343934409320354,0.015609108842909336,0.007915087044239044,0.0001400499459123239,0.00013799098087474704
2964,2964,0.0001325182820437476,,,,,,,,,
2965,2965,,,0.03951605409383774,0.060948338359594345,0.03810003399848938,0.00955138262361288,0.01572338491678238,0.009501928463578224,0.0001584312558406964,0.00013799098087474704
2965,2965,0.00013658007082995027,,,,,,,,,
2966,2966,,,0.03348593786358833,0.06692887842655182,0.032242581248283386,0.011836954392492771,0.015613400377333164,0.008462629280984402,0.0001497361809015274,0.00013799098087474704
2966,2966,0.00014370674034580588,,,,,,,,,
2967,2967,,,0.04173051565885544,0.05934326723217964,0.040018487721681595,0.011205890215933323,0.015836143866181374,0.011278718709945679,0.00018849698244594038,0.00013799098087474704
2967,2967,0.00015616556629538536,,,,,,,,,
2968,2968,,,0.03160010650753975,0.06977131962776184,0.02997738867998123,0.015184069983661175,0.015692057088017464,0.010370714589953423,0.00018475459364708513,0.00013799098087474704
2968,2968,0.00017800538626033813,,,,,,,,,
2969,2969,,,0.04590192809700966,0.05701333284378052,0.04345887526869774,0.015589732676744461,0.016138974577188492,0.015084635466337204,0.0002727957325987518,0.00013799098087474704
2969,2969,0.00021591433323919773,,,,,,,,,
2970,2970,,,0.029574809595942497,0.07499463111162186,0.026545703411102295,0.021815788000822067,0.016011010855436325,0.015026112087070942,0.00029511965112760663,0.00013799098087474704
2970,2970,0.0002813444007188082,,,,,,,,,
2971,2971,,,0.05329405143857002,0.05457155779004097,0.04923012852668762,0.02429315820336342,0.016872897744178772,0.022109663113951683,0.000496328342705965,0.00013799098087474704
2971,2971,0.0003904499753843993,,,,,,,,,
2972,2972,,,0.029569853097200394,0.08338507264852524,0.022745776921510696,0.03231189027428627,0.016873857006430626,0.022987907752394676,0.0005719137843698263,0.00013799098087474704
2972,2972,0.0005655935383401811,,,,,,,,,
2973,2973,,,0.0634731873869896,0.054010551422834396,0.05680295452475548,0.03619952127337456,0.018138324841856956,0.031595006585121155,0.0009357166709378362,0.00013799098087474704
2973,2973,0.0008172647212632,,,,,,,,,
2974,2974,,,0.032123763114213943,0.09103000164031982,0.021188000217080116,0.04160073772072792,0.01802525855600834,0.030259931460022926,0.0009203100926242769,0.00013799098087474704
2974,2974,0.0011269706301391125,,,,,,,,,
2975,2975,,,0.0680282935500145,0.05406414344906807,0.060044512152671814,0.04102928563952446,0.01859009824693203,0.03550151735544205,0.0011612639063969254,0.00013799098087474704
2975,2975,0.0013738597044721246,,,,,,,,,
2976,2976,,,0.02935098484158516,0.08446672558784485,0.022494325414299965,0.03435526043176651,0.017438482493162155,0.024991191923618317,0.0006467769271694124,0.00013799098087474704
2976,2976,0.001386198797263205,,,,,,,,,
2977,2977,,,0.053818028420209885,0.05338270217180252,0.04948543757200241,0.024703333154320717,0.016393886879086494,0.02252477966248989,0.000509346486069262,0.00013799098087474704
2977,2977,0.001034375629387796,,,,,,,,,
2978,2978,,,0.035613298416137695,0.0627932921051979,0.034709539264440536,0.00777447922155261,0.015621754340827465,0.006664852146059275,0.00012152096314821392,0.00012152096314821392
2978,2978,0.0005108551122248173,,,,,,,,,
2979,2979,,,0.032582059502601624,0.06803973019123077,0.03196272999048233,0.017748001962900162,0.01562916301190853,0.012907348573207855,0.0002337505284231156,0.00012152096314821392
2979,2979,0.0001847212406573817,,,,,,,,,
2980,2980,,,0.05458015576004982,0.05275899916887283,0.049791157245635986,0.024010151624679565,0.016387511044740677,0.021390702575445175,0.0004844738286919892,0.00012152096314821392
2980,2980,0.00024384814605582505,,,,,,,,,
2981,2981,,,0.02806399203836918,0.07814912497997284,0.025030311197042465,0.02768418751657009,0.017038803547620773,0.019507037475705147,0.0004350583185441792,0.00012152096314821392
2981,2981,0.000508829252794385,,,,,,,,,
2982,2982,,,0.05408360809087753,0.05220726132392883,0.04927113652229309,0.024781081825494766,0.016453444957733154,0.02250376157462597,0.0005097331595607102,0.00012152096314821392
2982,2982,0.0006439090939238667,,,,,,,,,
2983,2983,,,0.031489793211221695,0.06684496998786926,0.03046305850148201,0.012850882485508919,0.016285773366689682,0.009164538234472275,0.00015650654677301645,0.00012152096314821392
2983,2983,0.0005078176618553698,,,,,,,,,
2984,2984,,,0.03711710870265961,0.06242655962705612,0.035941652953624725,0.016199365258216858,0.015704741701483727,0.013475021347403526,0.00023371173301711679,0.00012152096314821392
2984,2984,0.0002670575922820717,,,,,,,,,
2985,2985,,,0.04572474956512451,0.054720211774110794,0.04276525601744652,0.015091000124812126,0.01605457067489624,0.014200417324900627,0.00025608541909605265,0.00012152096314821392
2985,2985,0.00018620683113113046,,,,,,,,,
2986,2986,,,0.028998805209994316,0.07375117391347885,0.027326982468366623,0.023907968774437904,0.016340479254722595,0.01673927716910839,0.0003424190217629075,0.00012152096314821392
2986,2986,0.0002973669907078147,,,,,,,,,
2987,2987,,,0.04853690788149834,0.05314810574054718,0.04485141485929489,0.018432125449180603,0.01617101952433586,0.017196865752339363,0.0003318859089631587,0.00012152096314821392
2987,2987,0.0004015715094283223,,,,,,,,,
2988,2988,,,0.031467873603105545,0.06615325063467026,0.0300639346241951,0.013487490825355053,0.015946755185723305,0.009362847544252872,0.00016126268019434065,0.00012152096314821392
2988,2988,0.0003469215880613774,,,,,,,,,
2989,2989,,,0.03676718473434448,0.06073920801281929,0.035280898213386536,0.013130598701536655,0.015644153580069542,0.01133878342807293,0.00018564813944976777,0.00012152096314821392
2989,2989,0.00020266450883354992,,,,,,,,,
2990,2990,,,0.04142553359270096,0.05618337541818619,0.03917247802019119,0.01118936762213707,0.015923723578453064,0.011127603240311146,0.000183273630682379,0.00012152096314821392
2990,2990,0.00014833266322966665,,,,,,,,,
2991,2991,,,0.03013821877539158,0.07074614614248276,0.02847307175397873,0.02162022888660431,0.015728594735264778,0.015352173708379269,0.00029618883854709566,0.00012152096314821392
2991,2991,0.0002249889075756073,,,,,,,,,
2992,2992,,,0.04367353022098541,0.055016301572322845,0.04097815603017807,0.014025778509676456,0.016092203557491302,0.013516836799681187,0.0002325110835954547,0.00012152096314821392
2992,2992,0.00030359794618561864,,,,,,,,,
2993,2993,,,0.03199194744229317,0.06579530239105225,0.030530773103237152,0.014442435465753078,0.01566174067556858,0.010452155955135822,0.00017754899454303086,0.00012152096314821392
2993,2993,0.0002718835894484073,,,,,,,,,
2994,2994,,,0.03517906740307808,0.06122275069355965,0.03366447985172272,0.009572016075253487,0.015633748844265938,0.008405942469835281,0.0001363819610560313,0.00012152096314821392
2994,2994,0.00017108548490796238,,,,,,,,,
2995,2995,,,0.039171554148197174,0.05749788135290146,0.037222638726234436,0.009620456956326962,0.01578689180314541,0.009980988688766956,0.00015780435933265835,0.00012152096314821392
2995,2995,0.00012486283958423883,,,,,,,,,
2996,2996,,,0.030447538942098618,0.06870432943105698,0.028770368546247482,0.017916886135935783,0.015568356961011887,0.012753307819366455,0.00022648814774584025,0.00012152096314821392
2996,2996,0.0001699537388049066,,,,,,,,,
2997,2997,,,0.04054943472146988,0.05681359022855759,0.03846602886915207,0.011397832073271275,0.015848081558942795,0.011382185854017735,0.00018386570445727557,0.00012152096314821392
2997,2997,0.00022636873472947627,,,,,,,,,
2998,2998,,,0.03256954997777939,0.0654105544090271,0.03126368299126625,0.014126940630376339,0.015421022661030293,0.010804991237819195,0.0001788702793419361,0.00012152096314821392
2998,2998,0.00021727562125306576,,,,,,,,,
2999,2999,,0.00016106574912555516,,,,,,,,
2999,2999,,,0.034407325088977814,0.06225861608982086,0.03310421481728554,0.00795181468129158,0.015547318384051323,0.0071644531562924385,0.00011957377864746377,0.00011957377864746377
2999,2999,0.00016106574912555516,,,,,,,,,
3000,3000,,,0.034407325088977814,0.06225861608982086,0.03310421481728554,0.00795181468129158,0.015547318384051323,0.0071644531562924385,0.00011957377864746377,0.00011957377864746377
