epoch,step,train/loss_epoch,train/loss_step,val/error_qq,val/error_xx,val/loss,val/loss_best
0,0,,,1.3712549209594727,1.2271389961242676,0.49668535590171814,0.49668535590171814
0,0,0.7053903937339783,,,,,
1,1,,,1.0092021226882935,1.072674036026001,0.37040960788726807,0.37040960788726807
1,1,0.46513181924819946,,,,,
2,2,,,0.9327093958854675,0.9672265648841858,0.30207526683807373,0.30207526683807373
2,2,0.3228018581867218,,,,,
3,3,,,1.0646580457687378,0.9001460671424866,0.26990169286727905,0.26990169286727905
3,3,0.26263490319252014,,,,,
4,4,,,1.1985087394714355,0.8488624691963196,0.2493501901626587,0.2493501901626587
4,4,0.2489384561777115,,,,,
5,5,,,1.2542729377746582,0.7957006096839905,0.2258678376674652,0.2258678376674652
5,5,0.2439011186361313,,,,,
6,6,,,1.236814022064209,0.733852744102478,0.1962905377149582,0.1962905377149582
6,6,0.2271937131881714,,,,,
7,7,,,1.1747394800186157,0.6644802689552307,0.16367292404174805,0.16367292404174805
7,7,0.1964166909456253,,,,,
8,8,,,1.099880576133728,0.5931591391563416,0.1328195035457611,0.1328195035457611
8,8,0.15803378820419312,,,,,
9,9,,,1.0399549007415771,0.5276612043380737,0.10781000554561615,0.10781000554561615
9,9,0.12061415612697601,,,,,
10,10,,,1.0111571550369263,0.47567373514175415,0.09073767066001892,0.09073767066001892
10,10,0.09127811342477798,,,,,
11,11,,,1.0121197700500488,0.44129106402397156,0.08123824000358582,0.08123824000358582
11,11,0.07378145307302475,,,,,
12,12,,,1.0273284912109375,0.4220162034034729,0.07687737792730331,0.07687737792730331
12,12,0.067689448595047,,,,,
13,13,,,1.039020299911499,0.41018572449684143,0.0744236409664154,0.0744236409664154
13,13,0.06895817816257477,,,,,
14,14,,,1.0367727279663086,0.3983033001422882,0.07141458988189697,0.07141458988189697
14,14,0.07209298759698868,,,,,
15,15,,,1.0195260047912598,0.3830100893974304,0.06702622771263123,0.06702622771263123
15,15,0.0728483572602272,,,,,
16,16,,,0.9929458498954773,0.3655947148799896,0.06191600114107132,0.06191600114107132
16,16,0.06976784765720367,,,,,
17,17,,,0.9657099843025208,0.3503999710083008,0.05746202915906906,0.05746202915906906
17,17,0.06399008631706238,,,,,
18,18,,,0.9460439085960388,0.34214481711387634,0.05491328239440918,0.05491328239440918
18,18,0.05800275504589081,,,,,
19,19,,,0.9388883113861084,0.3428691625595093,0.05476981773972511,0.05476981773972511
19,19,0.05420030653476715,,,,,
20,20,,,0.94436115026474,0.35040202736854553,0.05657472833991051,0.05476981773972511
20,20,0.05378785729408264,,,,,
21,21,,,0.9581770300865173,0.35981568694114685,0.059170402586460114,0.05476981773972511
21,21,0.05635204166173935,,,,,
22,22,,,0.9737260937690735,0.3663299083709717,0.06125596538186073,0.05476981773972511
22,22,0.06021697819232941,,,,,
23,23,,,0.9846179485321045,0.36726319789886475,0.06192753463983536,0.05476981773972511
23,23,0.06334638595581055,,,,,
24,24,,,0.9866044521331787,0.3624565899372101,0.060951247811317444,0.05476981773972511
24,24,0.06425954401493073,,,,,
25,25,,,0.9785261154174805,0.3537488281726837,0.05871816724538803,0.05476981773972511
25,25,0.06251885741949081,,,,,
26,26,,,0.9623702764511108,0.34404465556144714,0.05598613619804382,0.05476981773972511
26,26,0.058689557015895844,,,,,
27,27,,,0.9424942135810852,0.336246132850647,0.053556255996227264,0.053556255996227264
27,27,0.05394071340560913,,,,,
28,28,,,0.9241553544998169,0.33224576711654663,0.05200167000293732,0.05200167000293732
28,28,0.04952840134501457,,,,,
29,29,,,0.9116759300231934,0.332341730594635,0.05152221769094467,0.05152221769094467
29,29,0.04635980725288391,,,,,
30,30,,,0.9068270921707153,0.33541202545166016,0.05195074528455734,0.05152221769094467
30,30,0.04476294293999672,,,,,
31,31,,,0.9082539677619934,0.3397121727466583,0.0528857558965683,0.05152221769094467
31,31,0.04450042173266411,,,,,
32,32,,,0.9123570322990417,0.3437440097332001,0.053882353007793427,0.05152221769094467
32,32,0.04498099535703659,,,,,
33,33,,,0.9151327610015869,0.3467433452606201,0.054619573056697845,0.05152221769094467
33,33,0.04555666446685791,,,,,
34,34,,,0.9139596223831177,0.34869566559791565,0.054983776062726974,0.05152221769094467
34,34,0.04577578976750374,,,,,
35,35,,,0.9085587859153748,0.35003572702407837,0.05505286902189255,0.05152221769094467
35,35,0.04550257325172424,,,,,
36,36,,,0.9008758068084717,0.35125041007995605,0.05500803887844086,0.05152221769094467
36,36,0.04488537460565567,,,,,
37,37,,,0.8940460085868835,0.3525691032409668,0.05502205342054367,0.05152221769094467
37,37,0.04421877861022949,,,,,
38,38,,,0.8908895254135132,0.353849858045578,0.05517321825027466,0.05152221769094467
38,38,0.043775156140327454,,,,,
39,39,,,0.8925799131393433,0.3546745777130127,0.055415697395801544,0.05152221769094467
39,39,0.04367838427424431,,,,,
40,40,,,0.8981356620788574,0.354572057723999,0.05561027675867081,0.05152221769094467
40,40,0.04386304318904877,,,,,
41,41,,,0.9049815535545349,0.3532446026802063,0.055594637989997864,0.05152221769094467
41,41,0.044123392552137375,,,,,
42,42,,,0.910198986530304,0.3506966233253479,0.055257976055145264,0.05152221769094467
42,42,0.04421905428171158,,,,,
43,43,,,0.9117572903633118,0.3472255766391754,0.054586611688137054,0.05152221769094467
43,43,0.04398542642593384,,,,,
44,44,,,0.909179151058197,0.3432988226413727,0.053663771599531174,0.05152221769094467
44,44,0.043399713933467865,,,,,
45,45,,,0.9034770131111145,0.3393799960613251,0.052629075944423676,0.05152221769094467
45,45,0.04257858172059059,,,,,
46,46,,,0.896517276763916,0.33578091859817505,0.05162092298269272,0.05152221769094467
46,46,0.04171571880578995,,,,,
47,47,,,0.8901536464691162,0.3325985074043274,0.0507296547293663,0.0507296547293663
47,47,0.04099391773343086,,,,,
48,48,,,0.8855322599411011,0.32975292205810547,0.04998058080673218,0.04998058080673218
48,48,0.04051334038376808,,,,,
49,49,,0.04026544466614723,,,,
49,49,,,0.8828715085983276,0.32709354162216187,0.049349479377269745,0.049349479377269745
49,49,0.04026544466614723,,,,,
50,50,,,0.8817692995071411,0.3245086967945099,0.04879738390445709,0.04879738390445709
50,50,0.04015824943780899,,,,,
51,51,,,0.8817885518074036,0.32198458909988403,0.048304252326488495,0.048304252326488495
51,51,0.040074001997709274,,,,,
52,52,,,0.8829261064529419,0.31959494948387146,0.04788395017385483,0.04788395017385483
52,52,0.03992864489555359,,,,,
53,53,,,0.8856686949729919,0.31744444370269775,0.047574933618307114,0.047574933618307114
53,53,0.03970421105623245,,,,,
54,54,,,0.8906099200248718,0.3156069219112396,0.04741395264863968,0.04741395264863968
54,54,0.03944281116127968,,,,,
55,55,,,0.8978701233863831,0.31409382820129395,0.047408267855644226,0.047408267855644226
55,55,0.03921039402484894,,,,,
56,56,,,0.906694769859314,0.3128643035888672,0.04752165824174881,0.047408267855644226
56,56,0.03905307501554489,,,,,
57,57,,,0.9155088663101196,0.31186091899871826,0.047681596130132675,0.047408267855644226
57,57,0.03896977752447128,,,,,
58,58,,,0.9224283695220947,0.31104394793510437,0.047804441303014755,0.047408267855644226
58,58,0.03891412913799286,,,,,
59,59,,,0.9259583353996277,0.3104041516780853,0.04782615229487419,0.047408267855644226
59,59,0.03882218897342682,,,,,
60,60,,,0.925527036190033,0.30995115637779236,0.047723717987537384,0.047408267855644226
60,60,0.03864879161119461,,,,,
61,61,,,0.9216240644454956,0.30968889594078064,0.04751758277416229,0.047408267855644226
61,61,0.03839151933789253,,,,,
62,62,,,0.9155319333076477,0.30959564447402954,0.047256454825401306,0.047256454825401306
62,62,0.038089413195848465,,,,,
63,63,,,0.9088214039802551,0.30961835384368896,0.04699418693780899,0.04699418693780899
63,63,0.037799086421728134,,,,,
64,64,,,0.902856171131134,0.309682697057724,0.04677097871899605,0.04677097871899605
64,64,0.037564005702733994,,,,,
65,65,,,0.8985227942466736,0.3097120523452759,0.04660654067993164,0.04660654067993164
65,65,0.037394486367702484,,,,,
66,66,,,0.8962382674217224,0.309644877910614,0.04650468751788139,0.04650468751788139
66,66,0.037268467247486115,,,,,
67,67,,,0.8961231112480164,0.30944472551345825,0.04646269232034683,0.04646269232034683
67,67,0.03714994713664055,,,,,
68,68,,,0.8981437683105469,0.30910053849220276,0.046477191150188446,0.04646269232034683
68,68,0.03701206296682358,,,,,
69,69,,,0.9021043181419373,0.3086206912994385,0.0465427041053772,0.04646269232034683
69,69,0.036850638687610626,,,,,
70,70,,,0.9075301289558411,0.3080246150493622,0.04664521664381027,0.04646269232034683
70,70,0.03668152168393135,,,,,
71,71,,,0.9135925769805908,0.3073362708091736,0.04675736650824547,0.04646269232034683
71,71,0.036525748670101166,,,,,
72,72,,,0.9192033410072327,0.3065805733203888,0.04684082791209221,0.04646269232034683
72,72,0.036393873393535614,,,,,
73,73,,,0.9232897162437439,0.305783212184906,0.046856965869665146,0.04646269232034683
73,73,0.036279164254665375,,,,,
74,74,,,0.9251214265823364,0.30497121810913086,0.046780578792095184,0.04646269232034683
74,74,0.03616342693567276,,,,,
75,75,,,0.9245346188545227,0.3041720986366272,0.04660962522029877,0.04646269232034683
75,75,0.03602973371744156,,,,,
76,76,,,0.9219509363174438,0.30341070890426636,0.04636576026678085,0.04636576026678085
76,76,0.03587321937084198,,,,,
77,77,,,0.9182019829750061,0.3027039170265198,0.04608592391014099,0.04608592391014099
77,77,0.035702913999557495,,,,,
78,78,,,0.9142577648162842,0.3020550608634949,0.04580981656908989,0.04580981656908989
78,78,0.03553469479084015,,,,,
79,79,,,0.9109789729118347,0.3014509677886963,0.04556919261813164,0.04556919261813164
79,79,0.03538084030151367,,,,,
80,80,,,0.90897136926651,0.3008645474910736,0.045382753014564514,0.045382753014564514
80,80,0.03524357080459595,,,,,
81,81,,,0.908549427986145,0.30026260018348694,0.045256540179252625,0.045256540179252625
81,81,0.035115908831357956,,,,,
82,82,,,0.9097540378570557,0.2996174097061157,0.0451870933175087,0.0451870933175087
82,82,0.03498832881450653,,,,,
83,83,,,0.9123764038085938,0.298917293548584,0.04516429454088211,0.04516429454088211
83,83,0.03485563397407532,,,,,
84,84,,,0.9159790873527527,0.29817238450050354,0.045173078775405884,0.04516429454088211
84,84,0.034719500690698624,,,,,
85,85,,,0.9199444651603699,0.297412633895874,0.04519462585449219,0.04516429454088211
85,85,0.034585706889629364,,,,,
86,86,,,0.9235817790031433,0.29668039083480835,0.045208945870399475,0.04516429454088211
86,86,0.03445874899625778,,,,,
87,87,,,0.9262829422950745,0.29601970314979553,0.045199207961559296,0.04516429454088211
87,87,0.034338269382715225,,,,,
88,88,,,0.9276748895645142,0.29546669125556946,0.04515639320015907,0.04515639320015907
88,88,0.03421957418322563,,,,,
89,89,,,0.9277084469795227,0.2950425148010254,0.04508194327354431,0.04508194327354431
89,89,0.0340973325073719,,,,,
90,90,,,0.9266486763954163,0.2947486639022827,0.04498670995235443,0.04498670995235443
90,90,0.03396952152252197,,,,,
91,91,,,0.9249792098999023,0.2945643961429596,0.04488654434680939,0.04488654434680939
91,91,0.03383849188685417,,,,,
92,92,,,0.9232630133628845,0.29444754123687744,0.0447966605424881,0.0447966605424881
92,92,0.03370889648795128,,,,,
93,93,,,0.9220081567764282,0.29434117674827576,0.044727299362421036,0.044727299362421036
93,93,0.033584196120500565,,,,,
94,94,,,0.921575665473938,0.2941857576370239,0.04468225687742233,0.04468225687742233
94,94,0.03346461057662964,,,,,
95,95,,,0.922133207321167,0.29393550753593445,0.04466009512543678,0.04466009512543678
95,95,0.03334762156009674,,,,,
96,96,,,0.9236467480659485,0.2935717701911926,0.044656239449977875,0.044656239449977875
96,96,0.03323046863079071,,,,,
97,97,,,0.925900399684906,0.2931084930896759,0.044664718210697174,0.044656239449977875
97,97,0.033112265169620514,,,,,
98,98,,,0.9285411834716797,0.2925869822502136,0.04467888921499252,0.044656239449977875
98,98,0.03299436345696449,,,,,
99,99,,0.032878607511520386,,,,
99,99,,,0.9311504364013672,0.29206305742263794,0.04469182342290878,0.044656239449977875
99,99,0.032878607511520386,,,,,
100,100,,,0.9333333969116211,0.29159149527549744,0.04469712823629379,0.044656239449977875
100,100,0.03276565298438072,,,,,
101,101,,,0.9348101615905762,0.29121270775794983,0.04469037801027298,0.044656239449977875
101,101,0.03265434503555298,,,,,
102,102,,,0.9354780912399292,0.29094451665878296,0.04467031732201576,0.044656239449977875
102,102,0.03254278376698494,,,,,
103,103,,,0.9354285001754761,0.2907787263393402,0.04463911056518555,0.04463911056518555
103,103,0.03242996335029602,,,,,
104,104,,,0.9349126815795898,0.2906843423843384,0.044601500034332275,0.044601500034332275
104,104,0.032316457480192184,,,,,
105,105,,,0.9342688918113708,0.29061558842658997,0.04456320405006409,0.04456320405006409
105,105,0.03220374137163162,,,,,
106,106,,,0.9338376522064209,0.29052484035491943,0.04452970623970032,0.04452970623970032
106,106,0.032092928886413574,,,,,
107,107,,,0.9338834881782532,0.29037681221961975,0.04450554400682449,0.04450554400682449
107,107,0.03198399022221565,,,,,
108,108,,,0.9345431327819824,0.29015862941741943,0.04449404776096344,0.04449404776096344
108,108,0.03187602758407593,,,,,
109,109,,,0.9358020424842834,0.2898823618888855,0.0444968082010746,0.04449404776096344
109,109,0.03176829218864441,,,,,
110,110,,,0.9375024437904358,0.28957927227020264,0.04451299458742142,0.04449404776096344
110,110,0.0316607691347599,,,,,
111,111,,,0.9393825531005859,0.2892882525920868,0.04453883320093155,0.04449404776096344
111,111,0.03155406191945076,,,,,
112,112,,,0.9411397576332092,0.2890439033508301,0.044568002223968506,0.04449404776096344
112,112,0.031448639929294586,,,,,
113,113,,,0.9425076842308044,0.28886643052101135,0.04459305852651596,0.04449404776096344
113,113,0.0313444621860981,,,,,
114,114,,,0.9433261156082153,0.28875765204429626,0.04460764303803444,0.04449404776096344
114,114,0.03124094009399414,,,,,
115,115,,,0.9435822367668152,0.2887022793292999,0.04460848867893219,0.04449404776096344
115,115,0.031137563288211823,,,,,
116,116,,,0.9434108138084412,0.2886737585067749,0.04459645599126816,0.04449404776096344
116,116,0.03103436529636383,,,,,
117,117,,,0.9430495500564575,0.2886428236961365,0.04457622021436691,0.04449404776096344
117,117,0.030931729823350906,,,,,
118,118,,,0.9427694082260132,0.28858673572540283,0.04455491900444031,0.04449404776096344
118,118,0.030830085277557373,,,,,
119,119,,,0.9427996277809143,0.28849485516548157,0.04454011470079422,0.04449404776096344
119,119,0.030729463323950768,,,,,
120,120,,,0.9432682991027832,0.2883705198764801,0.04453764855861664,0.04449404776096344
120,120,0.030629608780145645,,,,,
121,121,,,0.9441729784011841,0.28822800517082214,0.04454994946718216,0.04449404776096344
121,121,0.030530216172337532,,,,,
122,122,,,0.945387065410614,0.28808706998825073,0.04457531124353409,0.04449404776096344
122,122,0.030431263148784637,,,,,
123,123,,,0.9466991424560547,0.28796645998954773,0.044608328491449356,0.04449404776096344
123,123,0.03033295087516308,,,,,
124,124,,,0.9478769302368164,0.2878793179988861,0.04464171826839447,0.04449404776096344
124,124,0.030235419049859047,,,,,
125,125,,,0.9487353563308716,0.28783097863197327,0.04466874152421951,0.04449404776096344
125,125,0.030138634145259857,,,,,
126,126,,,0.9491918683052063,0.28781917691230774,0.044685546308755875,0.04449404776096344
126,126,0.0300423763692379,,,,,
127,127,,,0.9492868185043335,0.28783634305000305,0.04469246417284012,0.04449404776096344
127,127,0.02994648739695549,,,,,
128,128,,,0.9491644501686096,0.2878721058368683,0.044693633913993835,0.04449404776096344
128,128,0.02985103242099285,,,,,
129,129,,,0.9490217566490173,0.28791558742523193,0.04469531774520874,0.04449404776096344
129,129,0.029756132513284683,,,,,
130,130,,,0.949044942855835,0.28795745968818665,0.04470357298851013,0.04449404776096344
130,130,0.029661931097507477,,,,,
131,131,,,0.9493531584739685,0.28799086809158325,0.04472213611006737,0.04449404776096344
131,131,0.029568374156951904,,,,,
132,132,,,0.9499673843383789,0.28801199793815613,0.04475121200084686,0.04449404776096344
132,132,0.029475323855876923,,,,,
133,133,,,0.9508105516433716,0.2880205810070038,0.04478760063648224,0.04449404776096344
133,133,0.029382746666669846,,,,,
134,134,,,0.9517384767532349,0.28801992535591125,0.04482591897249222,0.04449404776096344
134,134,0.029290657490491867,,,,,
135,135,,,0.952589213848114,0.28801655769348145,0.0448606014251709,0.04449404776096344
135,135,0.02919914200901985,,,,,
136,136,,,0.9532358050346375,0.2880186140537262,0.044887788593769073,0.04449404776096344
136,136,0.029108241200447083,,,,,
137,137,,,0.9536250829696655,0.28803369402885437,0.044906578958034515,0.04449404776096344
137,137,0.029017845168709755,,,,,
138,138,,,0.953789472579956,0.28806596994400024,0.04491903632879257,0.04449404776096344
138,138,0.028927907347679138,,,,,
139,139,,,0.9538288116455078,0.28811436891555786,0.044929105788469315,0.04449404776096344
139,139,0.028838401660323143,,,,,
140,140,,,0.9538721442222595,0.2881721556186676,0.04494098573923111,0.04449404776096344
140,140,0.02874944359064102,,,,,
141,141,,,0.9540334343910217,0.2882286608219147,0.044957540929317474,0.04449404776096344
141,141,0.028661005198955536,,,,,
142,142,,,0.954375684261322,0.2882732152938843,0.044979535043239594,0.04449404776096344
142,142,0.028573093935847282,,,,,
143,143,,,0.9548963308334351,0.2882988452911377,0.04500564932823181,0.04449404776096344
143,143,0.028485659509897232,,,,,
144,144,,,0.9555332660675049,0.2883055508136749,0.04503330588340759,0.04449404776096344
144,144,0.0283986646682024,,,,,
145,145,,,0.9561911225318909,0.288301020860672,0.045059897005558014,0.04449404776096344
145,145,0.02831212803721428,,,,,
146,146,,,0.9567759037017822,0.28829777240753174,0.045083679258823395,0.04449404776096344
146,146,0.028226062655448914,,,,,
147,147,,,0.9572249054908752,0.28830865025520325,0.04510429501533508,0.04449404776096344
147,147,0.02814045548439026,,,,,
148,148,,,0.957525372505188,0.28834179043769836,0.045122601091861725,0.04449404776096344
148,148,0.028055289760231972,,,,,
149,149,,0.027970530092716217,,,,
149,149,,,0.9577133059501648,0.28839677572250366,0.04514002799987793,0.04449404776096344
149,149,0.027970530092716217,,,,,
150,150,,,0.9578567743301392,0.28846466541290283,0.04515787214040756,0.04449404776096344
150,150,0.02788618765771389,,,,,
151,151,,,0.9580312967300415,0.2885313630104065,0.04517679288983345,0.04449404776096344
151,151,0.027802275493741035,,,,,
152,152,,,0.9582921862602234,0.28858205676078796,0.045196533203125,0.04449404776096344
152,152,0.027718814089894295,,,,,
153,153,,,0.9586600661277771,0.28860750794410706,0.045216333121061325,0.04449404776096344
153,153,0.02763575315475464,,,,,
154,154,,,0.9591158032417297,0.2886064648628235,0.045235175639390945,0.04449404776096344
154,154,0.02755308710038662,,,,,
155,155,,,0.9596108794212341,0.2885855734348297,0.045252203941345215,0.04449404776096344
155,155,0.027470815926790237,,,,,
156,156,,,0.9600863456726074,0.2885560095310211,0.04526691138744354,0.04449404776096344
156,156,0.02738894335925579,,,,,
157,157,,,0.9604936242103577,0.2885282337665558,0.04527909308671951,0.04449404776096344
157,157,0.027307473123073578,,,,,
158,158,,,0.9608094096183777,0.2885075509548187,0.04528868943452835,0.04449404776096344
158,158,0.027226366102695465,,,,,
159,159,,,0.9610428214073181,0.28849196434020996,0.045295730233192444,0.04449404776096344
159,159,0.027145635336637497,,,,,
160,160,,,0.9612292647361755,0.2884734570980072,0.045300304889678955,0.04449404776096344
160,160,0.02706526778638363,,,,,
161,161,,,0.9614168405532837,0.2884421944618225,0.04530269280076027,0.04449404776096344
161,161,0.02698523923754692,,,,,
162,162,,,0.9616477489471436,0.28839007019996643,0.045303259044885635,0.04449404776096344
162,162,0.026905596256256104,,,,,
163,163,,,0.9619445204734802,0.2883142828941345,0.04530246555805206,0.04449404776096344
163,163,0.026826277375221252,,,,,
164,164,,,0.9623022079467773,0.28821825981140137,0.045300692319869995,0.04449404776096344
164,164,0.026747308671474457,,,,,
165,165,,,0.9626924395561218,0.28810915350914,0.0452980101108551,0.04449404776096344
165,165,0.02666865848004818,,,,,
166,166,,,0.9630746841430664,0.2879948914051056,0.04529411345720291,0.04449404776096344
166,166,0.02659033238887787,,,,,
167,167,,,0.9634113907814026,0.28788039088249207,0.04528828710317612,0.04449404776096344
167,167,0.026512324810028076,,,,,
168,168,,,0.9636838436126709,0.28776583075523376,0.04527974873781204,0.04449404776096344
168,168,0.026434607803821564,,,,,
169,169,,,0.9638964533805847,0.2876468598842621,0.04526795446872711,0.04449404776096344
169,169,0.026357192546129227,,,,,
170,170,,,0.9640758037567139,0.28751707077026367,0.04525288939476013,0.04449404776096344
170,170,0.026280071586370468,,,,,
171,171,,,0.9642574787139893,0.2873697876930237,0.04523489251732826,0.04449404776096344
171,171,0.026203224435448647,,,,,
172,172,,,0.9644722938537598,0.28720128536224365,0.045214612036943436,0.04449404776096344
172,172,0.026126667857170105,,,,,
173,173,,,0.9647336602210999,0.2870108485221863,0.04519249126315117,0.04449404776096344
173,173,0.026050377637147903,,,,,
174,174,,,0.9650331139564514,0.28680044412612915,0.04516853392124176,0.04449404776096344
174,174,0.025974351912736893,,,,,
175,175,,,0.9653453826904297,0.2865734100341797,0.04514226317405701,0.04449404776096344
175,175,0.025898601859807968,,,,,
176,176,,,0.9656395316123962,0.2863325774669647,0.04511287063360214,0.04449404776096344
176,176,0.02582307904958725,,,,,
177,177,,,0.9658913612365723,0.2860791087150574,0.0450795479118824,0.04449404776096344
177,177,0.02574780583381653,,,,,
178,178,,,0.9660947322845459,0.2858128249645233,0.0450420081615448,0.04449404776096344
178,178,0.025672778487205505,,,,,
179,179,,,0.9662622213363647,0.2855319082736969,0.045000482350587845,0.04449404776096344
179,179,0.02559797279536724,,,,,
180,180,,,0.9664180874824524,0.28523409366607666,0.04495559632778168,0.04449404776096344
180,180,0.025523405522108078,,,,,
181,181,,,0.9665878415107727,0.28491735458374023,0.044908083975315094,0.04449404776096344
181,181,0.02544904500246048,,,,,
182,182,,,0.9667866230010986,0.28458061814308167,0.0448584109544754,0.04449404776096344
182,182,0.02537490427494049,,,,,
183,183,,,0.9670124650001526,0.2842239439487457,0.04480651766061783,0.04449404776096344
183,183,0.025300975888967514,,,,,
184,184,,,0.9672505855560303,0.2838485836982727,0.044752009212970734,0.04449404776096344
184,184,0.025227218866348267,,,,,
185,185,,,0.9674782156944275,0.28345608711242676,0.0446942076086998,0.04449404776096344
185,185,0.025153666734695435,,,,,
186,186,,,0.9676766991615295,0.283048152923584,0.04463262856006622,0.04449404776096344
186,186,0.025080308318138123,,,,,
187,187,,,0.9678396582603455,0.2826259732246399,0.04456721246242523,0.04449404776096344
187,187,0.025007110089063644,,,,,
188,188,,,0.9679731130599976,0.28218916058540344,0.04449817165732384,0.04449404776096344
188,188,0.02493409812450409,,,,,
189,189,,,0.9680933952331543,0.2817360758781433,0.04442591220140457,0.04442591220140457
189,189,0.024861227720975876,,,,,
190,190,,,0.9682174324989319,0.28126436471939087,0.044350765645504,0.044350765645504
190,190,0.024788543581962585,,,,,
191,191,,,0.968355119228363,0.28077131509780884,0.04427270591259003,0.04427270591259003
191,191,0.024716012179851532,,,,,
192,192,,,0.9685059189796448,0.28025540709495544,0.04419146478176117,0.04419146478176117
192,192,0.02464361861348152,,,,,
193,193,,,0.9686594605445862,0.27971675992012024,0.044106654822826385,0.044106654822826385
193,193,0.024571357294917107,,,,,
194,194,,,0.9688016176223755,0.2791569232940674,0.04401795193552971,0.04401795193552971
194,194,0.024499233812093735,,,,,
195,195,,,0.9689207077026367,0.2785782814025879,0.04392530396580696,0.04392530396580696
195,195,0.024427242577075958,,,,,
196,196,,,0.9690132141113281,0.2779829204082489,0.043828923255205154,0.043828923255205154
196,196,0.024355366826057434,,,,,
197,197,,,0.9690837860107422,0.2773715555667877,0.04372914880514145,0.04372914880514145
197,197,0.024283602833747864,,,,,
198,198,,,0.9691417813301086,0.276743084192276,0.043626196682453156,0.043626196682453156
198,198,0.024211954325437546,,,,,
199,199,,0.024140406399965286,,,,
199,199,,,0.9691972136497498,0.276095449924469,0.04352017864584923,0.04352017864584923
199,199,0.024140406399965286,,,,,
200,200,,,0.9692556262016296,0.2754268944263458,0.043411046266555786,0.043411046266555786
200,200,0.024068955332040787,,,,,
201,201,,,0.9693155288696289,0.27473634481430054,0.043298594653606415,0.043298594653606415
201,201,0.02399759367108345,,,,,
202,202,,,0.9693707823753357,0.27402493357658386,0.043182775378227234,0.043182775378227234
202,202,0.023926304653286934,,,,,
203,203,,,0.9694131016731262,0.2732945382595062,0.04306357353925705,0.04306357353925705
203,203,0.023855116218328476,,,,,
204,204,,,0.9694361090660095,0.27254748344421387,0.0429411306977272,0.0429411306977272
204,204,0.023783981800079346,,,,,
205,205,,,0.9694379568099976,0.2717849612236023,0.04281558841466904,0.04281558841466904
205,205,0.023712918162345886,,,,,
206,206,,,0.9694214463233948,0.2710064649581909,0.042687006294727325,0.042687006294727325
206,206,0.02364191599190235,,,,,
207,207,,,0.969391942024231,0.2702103853225708,0.04255536198616028,0.04255536198616028
207,207,0.023570969700813293,,,,,
208,208,,,0.9693549871444702,0.26939481496810913,0.04242061451077461,0.04242061451077461
208,208,0.02350008115172386,,,,,
209,209,,,0.9693135619163513,0.26855844259262085,0.04228269308805466,0.04228269308805466
209,209,0.023429222404956818,,,,,
210,210,,,0.9692664742469788,0.2677016258239746,0.04214164614677429,0.04214164614677429
210,210,0.023358413949608803,,,,,
211,211,,,0.9692096710205078,0.26682573556900024,0.041997551918029785,0.041997551918029785
211,211,0.023287635296583176,,,,,
212,212,,,0.9691383242607117,0.2659330368041992,0.041850604116916656,0.041850604116916656
212,212,0.023216892033815384,,,,,
213,213,,,0.9690481424331665,0.2650250196456909,0.04170088469982147,0.04170088469982147
213,213,0.023146163672208786,,,,,
214,214,,,0.9689382910728455,0.264102041721344,0.04154844954609871,0.04154844954609871
214,214,0.023075463250279427,,,,,
215,215,,,0.9688111543655396,0.2631637156009674,0.04139333963394165,0.04139333963394165
215,215,0.023004785180091858,,,,,
216,216,,,0.9686707258224487,0.2622089982032776,0.04123562574386597,0.04123562574386597
216,216,0.02293410897254944,,,,,
217,217,,,0.9685205221176147,0.2612375020980835,0.04107538238167763,0.04107538238167763
217,217,0.02286345511674881,,,,,
218,218,,,0.9683623909950256,0.2602492570877075,0.04091274365782738,0.04091274365782738
218,218,0.022792808711528778,,,,,
219,219,,,0.9681946635246277,0.2592453956604004,0.04074783995747566,0.04074783995747566
219,219,0.0227221567183733,,,,,
220,220,,,0.9680134654045105,0.25822731852531433,0.04058075696229935,0.04058075696229935
220,220,0.02265150472521782,,,,,
221,221,,,0.967815637588501,0.2571962773799896,0.040411584079265594,0.040411584079265594
221,221,0.022580847144126892,,,,,
222,222,,,0.9675986766815186,0.2561527490615845,0.040240317583084106,0.040240317583084106
222,222,0.02251017838716507,,,,,
223,223,,,0.9673638939857483,0.2550967335700989,0.040067028254270554,0.040067028254270554
223,223,0.022439513355493546,,,,,
224,224,,,0.9671136736869812,0.2540278732776642,0.039891794323921204,0.039891794323921204
224,224,0.022368833422660828,,,,,
225,225,,,0.9668509364128113,0.2529458701610565,0.039714716374874115,0.039714716374874115
225,225,0.022298136726021767,,,,,
226,226,,,0.9665777683258057,0.25185108184814453,0.03953596204519272,0.03953596204519272
226,226,0.022227415814995766,,,,,
227,227,,,0.9662937521934509,0.25074419379234314,0.03935564309358597,0.03935564309358597
227,227,0.022156693041324615,,,,,
228,228,,,0.9659969806671143,0.24962635338306427,0.039173875004053116,0.039173875004053116
228,228,0.022085949778556824,,,,,
229,229,,,0.9656840562820435,0.24849870800971985,0.03899071738123894,0.03899071738123894
229,229,0.02201518416404724,,,,,
230,230,,,0.9653534293174744,0.24736210703849792,0.0388062447309494,0.0388062447309494
230,230,0.021944407373666763,,,,,
231,231,,,0.9650054574012756,0.246217280626297,0.03862060606479645,0.03862060606479645
231,231,0.02187359146773815,,,,,
232,232,,,0.9646416306495667,0.245064377784729,0.038433901965618134,0.038433901965618134
232,232,0.02180277183651924,,,,,
233,233,,,0.9642648696899414,0.24390356242656708,0.03824629634618759,0.03824629634618759
233,233,0.021731924265623093,,,,,
234,234,,,0.963876485824585,0.2427350878715515,0.038057900965213776,0.038057900965213776
234,234,0.02166105806827545,,,,,
235,235,,,0.9634765386581421,0.24155957996845245,0.03786882013082504,0.03786882013082504
235,235,0.021590163931250572,,,,,
236,236,,,0.9630629420280457,0.24037793278694153,0.037679120898246765,0.037679120898246765
236,236,0.0215192511677742,,,,,
237,237,,,0.9626344442367554,0.2391911745071411,0.0374889113008976,0.0374889113008976
237,237,0.02144831418991089,,,,,
238,238,,,0.9621896743774414,0.23800009489059448,0.03729826211929321,0.03729826211929321
238,238,0.021377351135015488,,,,,
239,239,,,0.9617291688919067,0.23680518567562103,0.037107259035110474,0.037107259035110474
239,239,0.021306386217474937,,,,,
240,240,,,0.9612542986869812,0.23560701310634613,0.03691606968641281,0.03691606968641281
240,240,0.021235380321741104,,,,,
241,241,,,0.9607662558555603,0.23440568149089813,0.0367247648537159,0.0367247648537159
241,241,0.021164368838071823,,,,,
242,242,,,0.9602665901184082,0.2332017868757248,0.03653348982334137,0.03653348982334137
242,242,0.021093331277370453,,,,,
243,243,,,0.9597551226615906,0.2319958657026291,0.036342330276966095,0.036342330276966095
243,243,0.021022295579314232,,,,,
244,244,,,0.9592308402061462,0.23078852891921997,0.036151327192783356,0.036151327192783356
244,244,0.020951222628355026,,,,,
245,245,,,0.9586923122406006,0.229580819606781,0.035960569977760315,0.035960569977760315
245,245,0.02088014781475067,,,,,
246,246,,,0.9581395387649536,0.22837357223033905,0.03577017784118652,0.03577017784118652
246,246,0.020809058099985123,,,,,
247,247,,,0.9575730562210083,0.22716741263866425,0.035580262541770935,0.035580262541770935
247,247,0.02073795720934868,,,,,
248,248,,,0.9569940567016602,0.22596272826194763,0.03539091721177101,0.03539091721177101
248,248,0.020666848868131638,,,,,
249,249,,0.02059573493897915,,,,
249,249,,,0.9564030170440674,0.22475987672805786,0.03520221635699272,0.03520221635699272
249,249,0.02059573493897915,,,,,
250,250,,,0.9558008313179016,0.22355914115905762,0.03501422703266144,0.03501422703266144
250,250,0.020524606108665466,,,,,
251,251,,,0.9551869630813599,0.22236096858978271,0.034826986491680145,0.034826986491680145
251,251,0.02045348286628723,,,,,
252,252,,,0.9545615315437317,0.2211659699678421,0.03464057669043541,0.03464057669043541
252,252,0.020382355898618698,,,,,
253,253,,,0.9539238810539246,0.2199748307466507,0.03445505350828171,0.03445505350828171
253,253,0.020311228930950165,,,,,
254,254,,,0.9532740712165833,0.21878808736801147,0.03427048400044441,0.03427048400044441
254,254,0.02024010568857193,,,,,
255,255,,,0.9526128768920898,0.21760624647140503,0.034086957573890686,0.034086957573890686
255,255,0.02016899175941944,,,,,
256,256,,,0.951940655708313,0.21642963588237762,0.033904530107975006,0.033904530107975006
256,256,0.020097874104976654,,,,,
257,257,,,0.9512580633163452,0.21525833010673523,0.033723216503858566,0.033723216503858566
257,257,0.02002677321434021,,,,,
258,258,,,0.9505656361579895,0.21409259736537933,0.033543068915605545,0.033543068915605545
258,258,0.01995568349957466,,,,,
259,259,,,0.9498629570007324,0.2129327952861786,0.033364105969667435,0.033364105969667435
259,259,0.019884612411260605,,,,,
260,260,,,0.949150800704956,0.21177957952022552,0.033186428248882294,0.033186428248882294
260,260,0.019813545048236847,,,,,
261,261,,,0.9484286308288574,0.2106332629919052,0.033010050654411316,0.033010050654411316
261,261,0.019742507487535477,,,,,
262,262,,,0.9476969242095947,0.20949426293373108,0.03283502161502838,0.03283502161502838
262,262,0.019671492278575897,,,,,
263,263,,,0.9469555616378784,0.2083626389503479,0.032661329954862595,0.032661329954862595
263,263,0.01960049755871296,,,,,
264,264,,,0.9462058544158936,0.20723854005336761,0.03248904272913933,0.03248904272913933
264,264,0.019529540091753006,,,,,
265,265,,,0.9454477429389954,0.20612215995788574,0.03231815993785858,0.03231815993785858
265,265,0.019458619877696037,,,,,
266,266,,,0.9446821212768555,0.20501351356506348,0.032148703932762146,0.032148703932762146
266,266,0.01938772201538086,,,,,
267,267,,,0.9439086318016052,0.20391279458999634,0.03198067843914032,0.03198067843914032
267,267,0.019316866993904114,,,,,
268,268,,,0.9431278109550476,0.20282022655010223,0.03181410953402519,0.03181410953402519
268,268,0.019246060401201248,,,,,
269,269,,,0.9423396587371826,0.20173601806163788,0.03164900839328766,0.03164900839328766
269,269,0.01917530596256256,,,,,
270,270,,,0.9415441751480103,0.2006603628396988,0.031485386192798615,0.031485386192798615
270,270,0.019104598090052605,,,,,
271,271,,,0.940742552280426,0.19959309697151184,0.031323254108428955,0.031323254108428955
271,271,0.019033949822187424,,,,,
272,272,,,0.9399347901344299,0.1985343098640442,0.031162600964307785,0.031162600964307785
272,272,0.01896335929632187,,,,,
273,273,,,0.9391217827796936,0.19748391211032867,0.031003449112176895,0.031003449112176895
273,273,0.018892835825681686,,,,,
274,274,,,0.9383037090301514,0.19644194841384888,0.03084578923881054,0.03084578923881054
274,274,0.018822405487298965,,,,,
275,275,,,0.9374807476997375,0.1954084038734436,0.03068961203098297,0.03068961203098297
275,275,0.01875203847885132,,,,,
276,276,,,0.936653196811676,0.19438348710536957,0.030534937977790833,0.030534937977790833
276,276,0.018681759014725685,,,,,
277,277,,,0.9358214735984802,0.193367138504982,0.030381761491298676,0.030381761491298676
277,277,0.018611568957567215,,,,,
278,278,,,0.9349859952926636,0.19235916435718536,0.030230067670345306,0.030230067670345306
278,278,0.018541492521762848,,,,,
279,279,,,0.93414705991745,0.1913594752550125,0.030079832300543785,0.030079832300543785
279,279,0.018471503630280495,,,,,
280,280,,,0.9333054423332214,0.1903678923845291,0.02993106096982956,0.02993106096982956
280,280,0.018401645123958588,,,,,
281,281,,,0.932461678981781,0.189384326338768,0.029783744364976883,0.029783744364976883
281,281,0.01833190582692623,,,,,
282,282,,,0.9316158294677734,0.18840858340263367,0.029637852683663368,0.029637852683663368
282,282,0.01826229691505432,,,,,
283,283,,,0.930768609046936,0.18744061887264252,0.02949339896440506,0.02949339896440506
283,283,0.018192825838923454,,,,,
284,284,,,0.9299198985099792,0.1864805966615677,0.02935037575662136,0.02935037575662136
284,284,0.018123505637049675,,,,,
285,285,,,0.9290706515312195,0.18552803993225098,0.02920876070857048,0.02920876070857048
285,285,0.018054336309432983,,,,,
286,286,,,0.9282207489013672,0.1845828741788864,0.02906852588057518,0.02906852588057518
286,286,0.017985349521040916,,,,,
287,287,,,0.9273710250854492,0.18364480137825012,0.028929654508829117,0.028929654508829117
287,287,0.017916537821292877,,,,,
288,288,,,0.9265222549438477,0.18271362781524658,0.028792154043912888,0.028792154043912888
288,288,0.01784791611135006,,,,,
289,289,,,0.9256741404533386,0.18178941309452057,0.028655998408794403,0.028655998408794403
289,289,0.01777949556708336,,,,,
290,290,,,0.9248278141021729,0.1808718591928482,0.02852119319140911,0.02852119319140911
290,290,0.01771128922700882,,,,,
291,291,,,0.9239832758903503,0.17996060848236084,0.028387688100337982,0.028387688100337982
291,291,0.017643310129642487,,,,,
292,292,,,0.9231403470039368,0.17905552685260773,0.02825545147061348,0.02825545147061348
292,292,0.01757556013762951,,,,,
293,293,,,0.9223002195358276,0.17815645039081573,0.028124498203396797,0.028124498203396797
293,293,0.017508061602711678,,,,,
294,294,,,0.9214634895324707,0.1772632747888565,0.027994833886623383,0.027994833886623383
294,294,0.017440825700759888,,,,,
295,295,,,0.9206303358078003,0.17637549340724945,0.027866408228874207,0.027866408228874207
295,295,0.017373867332935333,,,,,
296,296,,,0.9198011159896851,0.175493061542511,0.027739210054278374,0.027739210054278374
296,296,0.017307188361883163,,,,,
297,297,,,0.9189760088920593,0.1746157854795456,0.02761322632431984,0.02761322632431984
297,297,0.01724080555140972,,,,,
298,298,,,0.9181557893753052,0.1737433224916458,0.027488436549901962,0.027488436549901962
298,298,0.017174741253256798,,,,,
299,299,,0.017109008505940437,,,,
299,299,,,0.9173405170440674,0.17287571728229523,0.02736484445631504,0.02736484445631504
299,299,0.017109008505940437,,,,,
300,300,,,0.9165306091308594,0.17201270163059235,0.027242427691817284,0.027242427691817284
300,300,0.01704360917210579,,,,,
301,301,,,0.915726900100708,0.1711539775133133,0.027121182531118393,0.027121182531118393
301,301,0.016978565603494644,,,,,
302,302,,,0.9149298071861267,0.17029932141304016,0.027001094073057175,0.027001094073057175
302,302,0.01691387966275215,,,,,
303,303,,,0.9141390323638916,0.1694486439228058,0.02688213624060154,0.02688213624060154
303,303,0.016849569976329803,,,,,
304,304,,,0.9133555889129639,0.16860172152519226,0.026764318346977234,0.026764318346977234
304,304,0.016785655170679092,,,,,
305,305,,,0.9125797152519226,0.16775858402252197,0.026647645980119705,0.026647645980119705
305,305,0.016722146421670914,,,,,
306,306,,,0.9118115901947021,0.16691884398460388,0.02653208002448082,0.02653208002448082
306,306,0.016659053042531013,,,,,
307,307,,,0.911051869392395,0.16608260571956635,0.026417654007673264,0.026417654007673264
307,307,0.016596386209130287,,,,,
308,308,,,0.9103009104728699,0.16524970531463623,0.02630435675382614,0.02630435675382614
308,308,0.016534162685275078,,,,,
309,309,,,0.9095591306686401,0.16441990435123444,0.026192177087068558,0.026192177087068558
309,309,0.01647239923477173,,,,,
310,310,,,0.9088268876075745,0.1635933816432953,0.026081137359142303,0.026081137359142303
310,310,0.016411088407039642,,,,,
311,311,,,0.9081043601036072,0.1627698838710785,0.025971218943595886,0.025971218943595886
311,311,0.016350263729691505,,,,,
312,312,,,0.9073922038078308,0.16194942593574524,0.0258624404668808,0.0258624404668808
312,312,0.01628991961479187,,,,,
313,313,,,0.9066904187202454,0.1611320674419403,0.02575480192899704,0.02575480192899704
313,313,0.016230078414082527,,,,,
314,314,,,0.9059996604919434,0.1603178232908249,0.0256483294069767,0.0256483294069767
314,314,0.016170740127563477,,,,,
315,315,,,0.9053207039833069,0.15950661897659302,0.025543035939335823,0.025543035939335823
315,315,0.01611192151904106,,,,,
316,316,,,0.9046531319618225,0.1586986482143402,0.02543891966342926,0.02543891966342926
316,316,0.01605362817645073,,,,,
317,317,,,0.9039976000785828,0.15789379179477692,0.025335989892482758,0.025335989892482758
317,317,0.01599586382508278,,,,,
318,318,,,0.9033543467521667,0.15709234774112701,0.025234278291463852,0.025234278291463852
318,318,0.0159386545419693,,,,,
319,319,,,0.9027233123779297,0.15629415214061737,0.025133762508630753,0.025133762508630753
319,319,0.015881981700658798,,,,,
320,320,,,0.9021055102348328,0.15549950301647186,0.025034502148628235,0.025034502148628235
320,320,0.015825875103473663,,,,,
321,321,,,0.9015013575553894,0.15470850467681885,0.02493651770055294,0.02493651770055294
321,321,0.01577032543718815,,,,,
322,322,,,0.900910496711731,0.15392127633094788,0.024839799851179123,0.024839799851179123
322,322,0.015715342015028,,,,,
323,323,,,0.9003334641456604,0.15313784778118134,0.024744367226958275,0.024744367226958275
323,323,0.015660936012864113,,,,,
324,324,,,0.8997704386711121,0.15235863626003265,0.02465025708079338,0.02465025708079338
324,324,0.015607103705406189,,,,,
325,325,,,0.8992215991020203,0.15158367156982422,0.02455747500061989,0.02455747500061989
325,325,0.015553857199847698,,,,,
326,326,,,0.8986871838569641,0.1508132368326187,0.024466048926115036,0.024466048926115036
326,326,0.015501193702220917,,,,,
327,327,,,0.8981674909591675,0.15004725754261017,0.024375973269343376,0.024375973269343376
327,327,0.015449108555912971,,,,,
328,328,,,0.8976630568504333,0.14928598701953888,0.024287287145853043,0.024287287145853043
328,328,0.015397620387375355,,,,,
329,329,,,0.8971739411354065,0.14852958917617798,0.024199998006224632,0.024199998006224632
329,329,0.015346718952059746,,,,,
330,330,,,0.8966996073722839,0.1477784365415573,0.024114113301038742,0.024114113301038742
330,330,0.015296397730708122,,,,,
331,331,,,0.8962406516075134,0.1470327377319336,0.02402966469526291,0.02402966469526291
331,331,0.015246675349771976,,,,,
332,332,,,0.8957971334457397,0.14629259705543518,0.023946654051542282,0.023946654051542282
332,332,0.015197526663541794,,,,,
333,333,,,0.8953695297241211,0.1455579698085785,0.023865092545747757,0.023865092545747757
333,333,0.015148980543017387,,,,,
334,334,,,0.8949577212333679,0.14482903480529785,0.023784978315234184,0.023784978315234184
334,334,0.015101009979844093,,,,,
335,335,,,0.894561767578125,0.1441059410572052,0.02370632253587246,0.02370632253587246
335,335,0.01505362056195736,,,,,
336,336,,,0.8941816687583923,0.14338898658752441,0.023629138246178627,0.023629138246178627
336,336,0.015006808564066887,,,,,
337,337,,,0.8938168883323669,0.14267827570438385,0.023553408682346344,0.023553408682346344
337,337,0.014960572123527527,,,,,
338,338,,,0.8934682607650757,0.14197391271591187,0.023479163646697998,0.023479163646697998
338,338,0.014914910309016705,,,,,
339,339,,,0.8931354880332947,0.1412758082151413,0.02340637519955635,0.02340637519955635
339,339,0.014869817532598972,,,,,
340,340,,,0.892818808555603,0.14058402180671692,0.0233350470662117,0.0233350470662117
340,340,0.014825273305177689,,,,,
341,341,,,0.8925179839134216,0.1398986130952835,0.0232651736587286,0.0232651736587286
341,341,0.014781296253204346,,,,,
342,342,,,0.8922326564788818,0.13921977579593658,0.023196741938591003,0.023196741938591003
342,342,0.014737874269485474,,,,,
343,343,,,0.8919626474380493,0.13854749500751495,0.023129738867282867,0.023129738867282867
343,343,0.014694987796247005,,,,,
344,344,,,0.891707718372345,0.13788171112537384,0.02306414023041725,0.02306414023041725
344,344,0.014652644284069538,,,,,
345,345,,,0.8914679288864136,0.13722243905067444,0.022999940440058708,0.022999940440058708
345,345,0.014610839076340199,,,,,
346,346,,,0.8912436962127686,0.13656951487064362,0.02293713390827179,0.02293713390827179
346,346,0.01456955075263977,,,,,
347,347,,,0.8910342454910278,0.13592298328876495,0.02287568897008896,0.02287568897008896
347,347,0.014528781175613403,,,,,
348,348,,,0.8908389806747437,0.13528265058994293,0.022815555334091187,0.022815555334091187
348,348,0.014488531276583672,,,,,
349,349,,0.01444877590984106,,,,
349,349,,,0.8906577229499817,0.13464847207069397,0.02275671809911728,0.02275671809911728
349,349,0.01444877590984106,,,,,
350,350,,,0.8904902338981628,0.13402050733566284,0.022699160501360893,0.022699160501360893
350,350,0.01440952904522419,,,,,
351,351,,,0.8903366923332214,0.13339878618717194,0.022642888128757477,0.022642888128757477
351,351,0.01437076460570097,,,,,
352,352,,,0.8901963233947754,0.13278299570083618,0.022587839514017105,0.022587839514017105
352,352,0.014332490973174572,,,,,
353,353,,,0.8900684714317322,0.1321728676557541,0.02253396064043045,0.02253396064043045
353,353,0.014294685795903206,,,,,
354,354,,,0.8899528384208679,0.13156817853450775,0.022481214255094528,0.022481214255094528
354,354,0.014257349073886871,,,,,
355,355,,,0.8898491859436035,0.1309690624475479,0.02242959477007389,0.02242959477007389
355,355,0.01422046683728695,,,,,
356,356,,,0.889757513999939,0.13037538528442383,0.022379085421562195,0.022379085421562195
356,356,0.014184044674038887,,,,,
357,357,,,0.889677107334137,0.12978705763816833,0.022329645231366158,0.022329645231366158
357,357,0.014148062095046043,,,,,
358,358,,,0.8896070122718811,0.1292039006948471,0.0222812220454216,0.0222812220454216
358,358,0.014112520962953568,,,,,
359,359,,,0.889546811580658,0.12862546741962433,0.02223375253379345,0.02223375253379345
359,359,0.01407739706337452,,,,,
360,360,,,0.8894964456558228,0.12805183231830597,0.022187238559126854,0.022187238559126854
360,360,0.014042699709534645,,,,,
361,361,,,0.8894553780555725,0.1274828463792801,0.022141646593809128,0.022141646593809128
361,361,0.0140084158629179,,,,,
362,362,,,0.8894233107566833,0.1269184798002243,0.022096950560808182,0.022096950560808182
362,362,0.013974523171782494,,,,,
363,363,,,0.8893994092941284,0.1263585239648819,0.022053102031350136,0.022053102031350136
363,363,0.013941040262579918,,,,,
364,364,,,0.8893828392028809,0.12580277025699615,0.022010046988725662,0.022010046988725662
364,364,0.01390794012695551,,,,,
365,365,,,0.8893734812736511,0.12525106966495514,0.02196776680648327,0.02196776680648327
365,365,0.013875218108296394,,,,,
366,366,,,0.8893709182739258,0.1247032880783081,0.02192622795701027,0.02192622795701027
366,366,0.013842865824699402,,,,,
367,367,,,0.889374852180481,0.12415957450866699,0.021885428577661514,0.021885428577661514
367,367,0.013810881413519382,,,,,
368,368,,,0.8893847465515137,0.1236196756362915,0.021845325827598572,0.021845325827598572
368,368,0.013779256492853165,,,,,
369,369,,,0.8893997073173523,0.12308347970247269,0.021805869415402412,0.021805869415402412
369,369,0.01374797336757183,,,,,
370,370,,,0.8894190192222595,0.12255076318979263,0.021767016500234604,0.021767016500234604
370,370,0.01371703576296568,,,,,
371,371,,,0.8894429802894592,0.12202157825231552,0.021728772670030594,0.021728772670030594
371,371,0.013686422258615494,,,,,
372,372,,,0.8894712924957275,0.12149585783481598,0.021691124886274338,0.021691124886274338
372,372,0.013656146824359894,,,,,
373,373,,,0.8895033001899719,0.12097343057394028,0.021654026582837105,0.021654026582837105
373,373,0.01362618524581194,,,,,
374,374,,,0.8895383477210999,0.12045444548130035,0.021617460995912552,0.021617460995912552
374,374,0.013596530072391033,,,,,
375,375,,,0.8895761370658875,0.11993888020515442,0.021581415086984634,0.021581415086984634
375,375,0.013567186892032623,,,,,
376,376,,,0.889616072177887,0.11942650377750397,0.02154584228992462,0.02154584228992462
376,376,0.013538138940930367,,,,,
377,377,,,0.8896580934524536,0.11891712993383408,0.02151072770357132,0.02151072770357132
377,377,0.013509380631148815,,,,,
378,378,,,0.8897024989128113,0.11841083317995071,0.021476082503795624,0.021476082503795624
378,378,0.013480906374752522,,,,,
379,379,,,0.8897488117218018,0.11790781468153,0.021441901102662086,0.021441901102662086
379,379,0.013452710583806038,,,,,
380,380,,,0.8897964358329773,0.1174079179763794,0.021408144384622574,0.021408144384622574
380,380,0.013424788601696491,,,,,
381,381,,,0.8898444771766663,0.11691102385520935,0.021374765783548355,0.021374765783548355
381,381,0.013397129252552986,,,,,
382,382,,,0.8898929953575134,0.11641710996627808,0.02134176902472973,0.02134176902472973
382,382,0.013369734399020672,,,,,
383,383,,,0.8899429440498352,0.11592628061771393,0.02130919136106968,0.02130919136106968
383,383,0.013342594727873802,,,,,
384,384,,,0.8899940848350525,0.11543858796358109,0.02127702161669731,0.02127702161669731
384,384,0.013315700925886631,,,,,
385,385,,,0.8900452256202698,0.11495382338762283,0.021245203912258148,0.021245203912258148
385,385,0.013289057649672031,,,,,
386,386,,,0.8900963068008423,0.11447188258171082,0.021213717758655548,0.021213717758655548
386,386,0.013262650929391384,,,,,
387,387,,,0.8901474475860596,0.11399292200803757,0.021182583644986153,0.021182583644986153
387,387,0.01323647703975439,,,,,
388,388,,,0.8901991844177246,0.11351713538169861,0.021151825785636902,0.021151825785636902
388,388,0.013210545293986797,,,,,
389,389,,,0.8902508616447449,0.1130443662405014,0.02112141251564026,0.02112141251564026
389,389,0.013184832409024239,,,,,
390,390,,,0.8903027176856995,0.11257440596818924,0.021091332659125328,0.021091332659125328
390,390,0.013159351423382759,,,,,
391,391,,,0.8903542757034302,0.11210717260837555,0.02106155827641487,0.02106155827641487
391,391,0.01313408650457859,,,,,
392,392,,,0.8904059529304504,0.11164280027151108,0.021032115444540977,0.021032115444540977
392,392,0.013109033927321434,,,,,
393,393,,,0.8904578685760498,0.11118149012327194,0.02100301906466484,0.02100301906466484
393,393,0.013084201142191887,,,,,
394,394,,,0.8905094265937805,0.11072314530611038,0.020974237471818924,0.020974237471818924
394,394,0.013059576041996479,,,,,
395,395,,,0.890561044216156,0.11026766896247864,0.020945774391293526,0.020945774391293526
395,395,0.013035155832767487,,,,,
396,396,,,0.8906123042106628,0.10981494933366776,0.020917607471346855,0.020917607471346855
396,396,0.013010947033762932,,,,,
397,397,,,0.8906642198562622,0.10936502367258072,0.020889773964881897,0.020889773964881897
397,397,0.012986941263079643,,,,,
398,398,,,0.8907161951065063,0.10891775041818619,0.020862244069576263,0.020862244069576263
398,398,0.01296312641352415,,,,,
399,399,,0.012939522042870522,,,,
399,399,,,0.8907684683799744,0.1084732860326767,0.0208350270986557,0.0208350270986557
399,399,0.012939522042870522,,,,,
400,400,,,0.8908206820487976,0.10803158581256866,0.020808110013604164,0.020808110013604164
400,400,0.012916108593344688,,,,,
401,401,,,0.8908730149269104,0.10759276151657104,0.02078150026500225,0.02078150026500225
401,401,0.012892884202301502,,,,,
402,402,,,0.8909258246421814,0.10715662688016891,0.020755205303430557,0.020755205303430557
402,402,0.012869860976934433,,,,,
403,403,,,0.8909787535667419,0.10672309994697571,0.020729195326566696,0.020729195326566696
403,403,0.012847021222114563,,,,,
404,404,,,0.8910322189331055,0.10629215091466904,0.02070348709821701,0.02070348709821701
404,404,0.012824371457099915,,,,,
405,405,,,0.8910864591598511,0.1058637797832489,0.020678086206316948,0.020678086206316948
405,405,0.012801911681890488,,,,,
406,406,,,0.891140878200531,0.10543809831142426,0.020652975887060165,0.020652975887060165
406,406,0.012779641896486282,,,,,
407,407,,,0.8911958336830139,0.10501508414745331,0.02062816545367241,0.02062816545367241
407,407,0.012757549062371254,,,,,
408,408,,,0.8912514448165894,0.10459458082914352,0.020603645592927933,0.020603645592927933
408,408,0.012735642492771149,,,,,
409,409,,,0.8913076519966125,0.10417652130126953,0.020579412579536438,0.020579412579536438
409,409,0.012713918462395668,,,,,
410,410,,,0.8913643956184387,0.10376102477312088,0.020555468276143074,0.020555468276143074
410,410,0.01269238255918026,,,,,
411,411,,,0.8914217352867126,0.1033480241894722,0.020531803369522095,0.020531803369522095
411,411,0.012671011500060558,,,,,
412,412,,,0.8914797306060791,0.10293757915496826,0.020508430898189545,0.020508430898189545
412,412,0.012649835087358952,,,,,
413,413,,,0.8915382027626038,0.1025296002626419,0.020485330373048782,0.020485330373048782
413,413,0.012628834694623947,,,,,
414,414,,,0.8915975093841553,0.10212413221597672,0.02046251855790615,0.02046251855790615
414,414,0.012608010321855545,,,,,
415,415,,,0.8916574716567993,0.10172101855278015,0.020439976826310158,0.020439976826310158
415,415,0.012587357312440872,,,,,
416,416,,,0.8917182087898254,0.10132046043872833,0.020417720079421997,0.020417720079421997
416,416,0.012566883116960526,,,,,
417,417,,,0.8917796015739441,0.10092227160930634,0.020395733416080475,0.020395733416080475
417,417,0.012546584941446781,,,,,
418,418,,,0.891841471195221,0.10052662342786789,0.020374011248350143,0.020374011248350143
418,418,0.01252645906060934,,,,,
419,419,,,0.8919037580490112,0.10013330727815628,0.020352546125650406,0.020352546125650406
419,419,0.012506506405770779,,,,,
420,420,,,0.8919668197631836,0.09974250197410583,0.020331352949142456,0.020331352949142456
420,420,0.012486724182963371,,,,,
421,421,,,0.8920304179191589,0.0993540957570076,0.0203104205429554,0.0203104205429554
421,421,0.01246711891144514,,,,,
422,422,,,0.8920947313308716,0.09896817803382874,0.020289752632379532,0.020289752632379532
422,422,0.012447681277990341,,,,,
423,423,,,0.8921594023704529,0.09858470410108566,0.02026933990418911,0.02026933990418911
423,423,0.012428410351276398,,,,,
424,424,,,0.8922246098518372,0.09820374101400375,0.020249182358384132,0.020249182358384132
424,424,0.012409319169819355,,,,,
425,425,,,0.8922900557518005,0.09782534092664719,0.0202292762696743,0.0202292762696743
425,425,0.012390386313199997,,,,,
426,426,,,0.8923559784889221,0.09744937717914581,0.020209617912769318,0.020209617912769318
426,426,0.012371629476547241,,,,,
427,427,,,0.8924222588539124,0.09707590937614441,0.020190205425024033,0.020190205425024033
427,427,0.012353036552667618,,,,,
428,428,,,0.892488956451416,0.09670493006706238,0.020171040669083595,0.020171040669083595
428,428,0.012334612198174,,,,,
429,429,,,0.8925560116767883,0.09633657336235046,0.020152123644948006,0.020152123644948006
429,429,0.012316349893808365,,,,,
430,430,,,0.8926230072975159,0.09597074240446091,0.02013343758881092,0.02013343758881092
430,430,0.012298256158828735,,,,,
431,431,,,0.8926903605461121,0.09560749679803848,0.020114993676543236,0.020114993676543236
431,431,0.012280323542654514,,,,,
432,432,,,0.8927580118179321,0.09524697810411453,0.020096799358725548,0.020096799358725548
432,432,0.012262562289834023,,,,,
433,433,,,0.8928261995315552,0.09488913416862488,0.020078856498003006,0.020078856498003006
433,433,0.012244954705238342,,,,,
434,434,,,0.8928939700126648,0.09453388303518295,0.020061124116182327,0.020061124116182327
434,434,0.012227518483996391,,,,,
435,435,,,0.892961859703064,0.0941813662648201,0.0200436320155859,0.0200436320155859
435,435,0.012210234999656677,,,,,
436,436,,,0.893030047416687,0.09383156895637512,0.020026378333568573,0.020026378333568573
436,436,0.012193117290735245,,,,,
437,437,,,0.8930984735488892,0.09348450601100922,0.020009363070130348,0.020009363070130348
437,437,0.012176159769296646,,,,,
438,438,,,0.8931669592857361,0.09314028173685074,0.019992584362626076,0.019992584362626076
438,438,0.012159362435340881,,,,,
439,439,,,0.8932352662086487,0.0927988588809967,0.019976027309894562,0.019976027309894562
439,439,0.012142720632255077,,,,,
440,440,,,0.8933039307594299,0.09246034920215607,0.019959717988967896,0.019959717988967896
440,440,0.012126235291361809,,,,,
441,441,,,0.893372654914856,0.09212468564510345,0.019943639636039734,0.019943639636039734
441,441,0.012109911069273949,,,,,
442,442,,,0.8934413194656372,0.09179191291332245,0.01992778852581978,0.01992778852581978
442,442,0.012093732133507729,,,,,
443,443,,,0.8935100436210632,0.09146203845739365,0.01991216652095318,0.01991216652095318
443,443,0.012077722698450089,,,,,
444,444,,,0.8935790061950684,0.09113530069589615,0.019896794110536575,0.019896794110536575
444,444,0.012061864137649536,,,,,
445,445,,,0.8936478495597839,0.09081157296895981,0.01988164521753788,0.01988164521753788
445,445,0.012046152725815773,,,,,
446,446,,,0.8937166929244995,0.09049082547426224,0.01986672356724739,0.01986672356724739
446,446,0.012030595913529396,,,,,
447,447,,,0.8937857151031494,0.0901731476187706,0.019852038472890854,0.019852038472890854
447,447,0.012015191838145256,,,,,
448,448,,,0.8938549757003784,0.08985855430364609,0.019837593659758568,0.019837593659758568
448,448,0.011999942362308502,,,,,
449,449,,0.011984838172793388,,,,
449,449,,,0.8939249515533447,0.08954714238643646,0.019823409616947174,0.019823409616947174
449,449,0.011984838172793388,,,,,
450,450,,,0.8939947485923767,0.08923889696598053,0.01980944722890854,0.01980944722890854
450,450,0.011969884857535362,,,,,
451,451,,,0.8940640687942505,0.08893383294343948,0.019795693457126617,0.019795693457126617
451,451,0.011955078691244125,,,,,
452,452,,,0.8941338658332825,0.0886320099234581,0.019782191142439842,0.019782191142439842
452,452,0.011940417811274529,,,,,
453,453,,,0.894204318523407,0.08833347260951996,0.01976894401013851,0.01976894401013851
453,453,0.011925910599529743,,,,,
454,454,,,0.894274890422821,0.08803824335336685,0.019755935296416283,0.019755935296416283
454,454,0.01191154308617115,,,,,
455,455,,,0.8943458199501038,0.08774621784687042,0.019743161275982857,0.019743161275982857
455,455,0.011897318996489048,,,,,
456,456,,,0.8944169878959656,0.08745753020048141,0.019730625674128532,0.019730625674128532
456,456,0.011883242055773735,,,,,
457,457,,,0.8944883346557617,0.08717219531536102,0.019718321040272713,0.019718321040272713
457,457,0.011869296431541443,,,,,
458,458,,,0.8945599794387817,0.08689026534557343,0.019706260412931442,0.019706260412931442
458,458,0.011855497024953365,,,,,
459,459,,,0.8946319818496704,0.08661170303821564,0.019694438204169273,0.019694438204169273
459,459,0.011841841973364353,,,,,
460,460,,,0.8947047591209412,0.08633657544851303,0.01968287117779255,0.01968287117779255
460,460,0.011828320100903511,,,,,
461,461,,,0.8947780132293701,0.08606482297182083,0.019671546295285225,0.019671546295285225
461,461,0.011814942583441734,,,,,
462,462,,,0.8948512077331543,0.08579649776220322,0.01966044120490551,0.01966044120490551
462,462,0.011801697313785553,,,,,
463,463,,,0.8949249982833862,0.08553160727024078,0.019649581983685493,0.019649581983685493
463,463,0.011788580566644669,,,,,
464,464,,,0.8949998617172241,0.0852702334523201,0.019638987258076668,0.019638987258076668
464,464,0.011775610968470573,,,,,
465,465,,,0.8950749039649963,0.08501233905553818,0.019628621637821198,0.019628621637821198
465,465,0.011762768030166626,,,,,
466,466,,,0.8951504826545715,0.08475781977176666,0.01961848884820938,0.01961848884820938
466,466,0.011750063858926296,,,,,
467,467,,,0.8952261209487915,0.08450675755739212,0.019608575850725174,0.019608575850725174
467,467,0.011737477034330368,,,,,
468,468,,,0.8953028321266174,0.08425917476415634,0.01959891989827156,0.01959891989827156
468,468,0.011725025251507759,,,,,
469,469,,,0.8953803777694702,0.08401506394147873,0.019589511677622795,0.019589511677622795
469,469,0.011712701991200447,,,,,
470,470,,,0.8954588174819946,0.08377450704574585,0.019580353051424026,0.019580353051424026
470,470,0.011700507253408432,,,,,
471,471,,,0.8955371379852295,0.08353734016418457,0.019571399316191673,0.019571399316191673
471,471,0.011688439175486565,,,,,
472,472,,,0.8956155180931091,0.08330364525318146,0.019562654197216034,0.019562654197216034
472,472,0.011676487512886524,,,,,
473,473,,,0.8956955075263977,0.08307339996099472,0.019554179161787033,0.019554179161787033
473,473,0.011664669960737228,,,,,
474,474,,,0.8957764506340027,0.08284663408994675,0.01954594999551773,0.01954594999551773
474,474,0.011652964167296886,,,,,
475,475,,,0.8958578705787659,0.08262321352958679,0.01953793689608574,0.01953793689608574
475,475,0.011641382239758968,,,,,
476,476,,,0.895939826965332,0.08240319788455963,0.019530143588781357,0.019530143588781357
476,476,0.011629924178123474,,,,,
477,477,,,0.8960222601890564,0.08218657225370407,0.019522568210959435,0.019522568210959435
477,477,0.01161858532577753,,,,,
478,478,,,0.8961057066917419,0.0819733589887619,0.019515233114361763,0.019515233114361763
478,478,0.011607356369495392,,,,,
479,479,,,0.8961900472640991,0.08176352828741074,0.019508125260472298,0.019508125260472298
479,479,0.011596247553825378,,,,,
480,480,,,0.8962748646736145,0.08155697584152222,0.019501224160194397,0.019501224160194397
480,480,0.011585250496864319,,,,,
481,481,,,0.896360456943512,0.08135371655225754,0.019494542852044106,0.019494542852044106
481,481,0.011574371717870235,,,,,
482,482,,,0.896446704864502,0.0811537653207779,0.019488073885440826,0.019488073885440826
482,482,0.011563599109649658,,,,,
483,483,,,0.896533727645874,0.0809570923447609,0.019481824710965157,0.019481824710965157
483,483,0.011552933603525162,,,,,
484,484,,,0.8966217637062073,0.08076364547014236,0.019475791603326797,0.019475791603326797
484,484,0.011542384512722492,,,,,
485,485,,,0.8967106938362122,0.08057334274053574,0.01946997083723545,0.01946997083723545
485,485,0.01153193973004818,,,,,
486,486,,,0.8968000411987305,0.0803861916065216,0.019464343786239624,0.019464343786239624
486,486,0.011521603912115097,,,,,
487,487,,,0.8968904614448547,0.0802021473646164,0.01945892907679081,0.01945892907679081
487,487,0.011511370539665222,,,,,
488,488,,,0.8969818949699402,0.08002124726772308,0.019453728571534157,0.019453728571534157
488,488,0.01150124054402113,,,,,
489,489,,,0.8970738649368286,0.07984340935945511,0.019448714330792427,0.019448714330792427
489,489,0.011491218581795692,,,,,
490,490,,,0.8971667289733887,0.07966859638690948,0.019443903118371964,0.019443903118371964
490,490,0.011481288820505142,,,,,
491,491,,,0.8972602486610413,0.07949674129486084,0.019439280033111572,0.019439280033111572
491,491,0.011471466161310673,,,,,
492,492,,,0.8973549604415894,0.07932784408330917,0.019434859976172447,0.019434859976172447
492,492,0.011461741290986538,,,,,
493,493,,,0.8974500894546509,0.07916181534528732,0.01943061500787735,0.01943061500787735
493,493,0.011452113278210163,,,,,
494,494,,,0.8975462317466736,0.07899865508079529,0.019426561892032623,0.019426561892032623
494,494,0.011442581191658974,,,,,
495,495,,,0.8976430892944336,0.07883837074041367,0.019422687590122223,0.019422687590122223
495,495,0.01143314316868782,,,,,
496,496,,,0.8977411389350891,0.0786808580160141,0.01941901445388794,0.01941901445388794
496,496,0.01142379641532898,,,,,
497,497,,,0.8978402614593506,0.07852604985237122,0.01941552199423313,0.01941552199423313
497,497,0.011414549313485622,,,,,
498,498,,,0.8979398012161255,0.07837385684251785,0.01941218599677086,0.01941218599677086
498,498,0.01140538789331913,,,,,
499,499,,0.011396312154829502,,,,
499,499,,,0.8980401754379272,0.07822439819574356,0.019409025087952614,0.019409025087952614
499,499,0.011396312154829502,,,,,
500,500,,,0.8981414437294006,0.07807757705450058,0.019406042993068695,0.019406042993068695
500,500,0.011387333273887634,,,,,
501,501,,,0.8982436656951904,0.07793331146240234,0.019403228536248207,0.019403228536248207
501,501,0.011378444731235504,,,,,
502,502,,,0.8983469605445862,0.07779152691364288,0.01940058544278145,0.01940058544278145
502,502,0.011369630694389343,,,,,
503,503,,,0.8984510898590088,0.07765217125415802,0.019398102536797523,0.019398102536797523
503,503,0.01136090885847807,,,,,
504,504,,,0.8985559344291687,0.07751523703336716,0.019395774230360985,0.019395774230360985
504,504,0.011352267116308212,,,,,
505,505,,,0.8986617922782898,0.0773807168006897,0.01939360797405243,0.01939360797405243
505,505,0.011343715712428093,,,,,
506,506,,,0.8987683653831482,0.07724852114915848,0.01939159259200096,0.01939159259200096
506,506,0.011335238814353943,,,,,
507,507,,,0.8988757729530334,0.07711861282587051,0.01938972808420658,0.01938972808420658
507,507,0.01132684014737606,,,,,
508,508,,,0.8989841341972351,0.0769909992814064,0.019388016313314438,0.019388016313314438
508,508,0.011318525299429893,,,,,
509,509,,,0.8990936279296875,0.07686557620763779,0.01938646286725998,0.01938646286725998
509,509,0.011310288682579994,,,,,
510,510,,,0.8992039561271667,0.07674223184585571,0.019385047256946564,0.019385047256946564
510,510,0.011302128434181213,,,,,
511,511,,,0.8993149399757385,0.07662099599838257,0.019383765757083893,0.019383765757083893
511,511,0.011294044554233551,,,,,
512,512,,,0.8994269371032715,0.07650184631347656,0.019382629543542862,0.019382629543542862
512,512,0.011286025866866112,,,,,
513,513,,,0.8995394110679626,0.07638470828533173,0.01938161440193653,0.01938161440193653
513,513,0.011278089135885239,,,,,
514,514,,,0.8996532559394836,0.07626955211162567,0.019380751997232437,0.019380751997232437
514,514,0.011270230636000633,,,,,
515,515,,,0.8997679948806763,0.07615628838539124,0.01938002184033394,0.01938002184033394
515,515,0.011262435466051102,,,,,
516,516,,,0.899883508682251,0.07604491710662842,0.019379418343305588,0.019379418343305588
516,516,0.01125471293926239,,,,,
517,517,,,0.8999996185302734,0.07593539357185364,0.01937893033027649,0.01937893033027649
517,517,0.011247057467699051,,,,,
518,518,,,0.9001165628433228,0.07582772523164749,0.01937856897711754,0.01937856897711754
518,518,0.011239475570619106,,,,,
519,519,,,0.9002346396446228,0.07572178542613983,0.019378336146473885,0.019378336146473885
519,519,0.011231950484216213,,,,,
520,520,,,0.9003536105155945,0.07561752200126648,0.01937822438776493,0.01937822438776493
520,520,0.011224501766264439,,,,,
521,521,,,0.9004732370376587,0.07551492750644684,0.01937822252511978,0.01937822252511978
521,521,0.011217113584280014,,,,,
522,522,,,0.9005936980247498,0.07541396468877792,0.019378334283828735,0.01937822252511978
522,522,0.011209791526198387,,,,,
523,523,,,0.9007152318954468,0.07531461119651794,0.01937856525182724,0.01937822252511978
523,523,0.011202534660696983,,,,,
524,524,,,0.9008374810218811,0.07521684467792511,0.01937890611588955,0.01937822252511978
524,524,0.011195334605872631,,,,,
525,525,,,0.9009602069854736,0.07512056827545166,0.01937934011220932,0.01937822252511978
525,525,0.011188200674951077,,,,,
526,526,,,0.9010839462280273,0.07502578943967819,0.019379887729883194,0.01937822252511978
526,526,0.011181119829416275,,,,,
527,527,,,0.9012083411216736,0.07493243366479874,0.019380532205104828,0.01937822252511978
527,527,0.011174103245139122,,,,,
528,528,,,0.9013339877128601,0.07484046369791031,0.019381292164325714,0.01937822252511978
528,528,0.011167138814926147,,,,,
529,529,,,0.9014604687690735,0.07474987953901291,0.019382158294320107,0.01937822252511978
529,529,0.011160239577293396,,,,,
530,530,,,0.9015873074531555,0.07466062158346176,0.019383098930120468,0.01937822252511978
530,530,0.011153392493724823,,,,,
531,531,,,0.9017149209976196,0.07457266747951508,0.01938413642346859,0.01937822252511978
531,531,0.011146603152155876,,,,,
532,532,,,0.9018434882164001,0.07448600232601166,0.01938527636229992,0.01937822252511978
532,532,0.011139871552586555,,,,,
533,533,,,0.9019730091094971,0.07440058887004852,0.01938651315867901,0.01937822252511978
533,533,0.011133192107081413,,,,,
534,534,,,0.9021034836769104,0.0743163526058197,0.01938784494996071,0.01937822252511978
534,534,0.0111265629529953,,,,,
535,535,,,0.9022340178489685,0.0742332935333252,0.019389238208532333,0.01937822252511978
535,535,0.011119990609586239,,,,,
536,536,,,0.9023653268814087,0.07415137439966202,0.019390719011425972,0.01937822252511978
536,536,0.011113470420241356,,,,,
537,537,,,0.9024979472160339,0.07407058030366898,0.019392304122447968,0.01937822252511978
537,537,0.011106997728347778,,,,,
538,538,,,0.9026314616203308,0.0739908516407013,0.019393978640437126,0.01937822252511978
538,538,0.011100574396550655,,,,,
539,539,,,0.9027654528617859,0.07391220331192017,0.019395725801587105,0.01937822252511978
539,539,0.011094199493527412,,,,,
540,540,,,0.9028996825218201,0.07383459806442261,0.01939753070473671,0.01937822252511978
540,540,0.011087877675890923,,,,,
541,541,,,0.9030347466468811,0.07375801354646683,0.01939942128956318,0.01937822252511978
541,541,0.01108159963041544,,,,,
542,542,,,0.9031708240509033,0.07368235290050507,0.019401395693421364,0.01937822252511978
542,542,0.011075365357100964,,,,,
543,543,,,0.9033080339431763,0.0736076682806015,0.01940346322953701,0.01937822252511978
543,543,0.01106918603181839,,,,,
544,544,,,0.9034457802772522,0.07353390008211136,0.01940559595823288,0.01937822252511978
544,544,0.011063051410019398,,,,,
545,545,,,0.9035835862159729,0.07346101850271225,0.01940777339041233,0.01937822252511978
545,545,0.011056959629058838,,,,,
546,546,,,0.9037224650382996,0.07338906079530716,0.019410038366913795,0.01937822252511978
546,546,0.011050907894968987,,,,,
547,547,,,0.9038621187210083,0.07331795245409012,0.01941237784922123,0.01937822252511978
547,547,0.011044898070394993,,,,,
548,548,,,0.9040023684501648,0.07324764877557755,0.01941477693617344,0.01937822252511978
548,548,0.011038938537240028,,,,,
549,549,,0.011033017188310623,,,,
549,549,,,0.9041430950164795,0.07317815721035004,0.019417239353060722,0.01937822252511978
549,549,0.011033017188310623,,,,,
550,550,,,0.9042848348617554,0.0731094554066658,0.019419778138399124,0.01937822252511978
550,550,0.011027134023606777,,,,,
551,551,,,0.904427170753479,0.07304155081510544,0.01942237839102745,0.01937822252511978
551,551,0.011021297425031662,,,,,
552,552,,,0.9045701026916504,0.07297440618276596,0.0194250401109457,0.01937822252511978
552,552,0.011015504598617554,,,,,
553,553,,,0.9047135710716248,0.07290799915790558,0.01942775957286358,0.01937822252511978
553,553,0.011009742505848408,,,,,
554,554,,,0.9048578143119812,0.0728423222899437,0.01943054609000683,0.01937822252511978
554,554,0.011004023253917694,,,,,
555,555,,,0.9050027132034302,0.07277735322713852,0.019433392211794853,0.01937822252511978
555,555,0.010998344980180264,,,,,
556,556,,,0.9051483869552612,0.07271306216716766,0.019436299800872803,0.01937822252511978
556,556,0.010992701165378094,,,,,
557,557,,,0.9052945375442505,0.07264945656061172,0.01943926140666008,0.01937822252511978
557,557,0.010987093672156334,,,,,
558,558,,,0.9054410457611084,0.07258651405572891,0.019442271441221237,0.01937822252511978
558,558,0.010981524363160133,,,,,
559,559,,,0.9055883288383484,0.07252424210309982,0.01944534294307232,0.01937822252511978
559,559,0.010975993238389492,,,,,
560,560,,,0.90573650598526,0.07246259599924088,0.019448481500148773,0.01937822252511978
560,560,0.01097049843519926,,,,,
561,561,,,0.9058851599693298,0.07240157574415207,0.019451668485999107,0.01937822252511978
561,561,0.010965034365653992,,,,,
562,562,,,0.9060341715812683,0.07234115153551102,0.019454898312687874,0.01937822252511978
562,562,0.010959604755043983,,,,,
563,563,,,0.9061838388442993,0.07228130102157593,0.019458185881376266,0.01937822252511978
563,563,0.010954213328659534,,,,,
564,564,,,0.9063344597816467,0.07222206890583038,0.019461536779999733,0.01937822252511978
564,564,0.010948853567242622,,,,,
565,565,,,0.9064854383468628,0.0721634030342102,0.01946493238210678,0.01937822252511978
565,565,0.010943527333438396,,,,,
566,566,,,0.9066368937492371,0.0721052810549736,0.01946837268769741,0.01937822252511978
566,566,0.010938229039311409,,,,,
567,567,,,0.9067886471748352,0.07204771041870117,0.019471853971481323,0.01937822252511978
567,567,0.01093297079205513,,,,,
568,568,,,0.9069410562515259,0.07199069857597351,0.019475385546684265,0.01937822252511978
568,568,0.01092773862183094,,,,,
569,569,,,0.9070945382118225,0.07193420082330704,0.01947898603975773,0.01937822252511978
569,569,0.010922541841864586,,,,,
570,570,,,0.9072485566139221,0.07187818735837936,0.019482631236314774,0.01937822252511978
570,570,0.01091737300157547,,,,,
571,571,,,0.907402515411377,0.07182270288467407,0.01948629878461361,0.01937822252511978
571,571,0.010912233963608742,,,,,
572,572,,,0.9075573086738586,0.07176771759986877,0.01949002780020237,0.01937822252511978
572,572,0.010907122865319252,,,,,
573,573,,,0.9077127575874329,0.07171329855918884,0.01949380710721016,0.01937822252511978
573,573,0.010902045294642448,,,,,
574,574,,,0.9078682661056519,0.07165934145450592,0.019497614353895187,0.01937822252511978
574,574,0.010896995663642883,,,,,
575,575,,,0.9080246090888977,0.0716058537364006,0.019501471891999245,0.01937822252511978
575,575,0.01089197676628828,,,,,
576,576,,,0.9081814885139465,0.07155286520719528,0.01950538158416748,0.01937822252511978
576,576,0.01088697835803032,,,,,
577,577,,,0.9083389639854431,0.07150031626224518,0.019509332254529,0.01937822252511978
577,577,0.010882018133997917,,,,,
578,578,,,0.9084967374801636,0.07144826650619507,0.019513320177793503,0.01937822252511978
578,578,0.01087708119302988,,,,,
579,579,,,0.9086549878120422,0.07139667123556137,0.01951735094189644,0.01937822252511978
579,579,0.010872170329093933,,,,,
580,580,,,0.9088138341903687,0.07134553790092468,0.019521428272128105,0.01937822252511978
580,580,0.010867290198802948,,,,,
581,581,,,0.9089733362197876,0.0712948739528656,0.019525552168488503,0.01937822252511978
581,581,0.01086242962628603,,,,,
582,582,,,0.9091331958770752,0.07124467194080353,0.019529713317751884,0.01937822252511978
582,582,0.010857594199478626,,,,,
583,583,,,0.9092930555343628,0.07119490206241608,0.019533896818757057,0.01937822252511978
583,583,0.010852796025574207,,,,,
584,584,,,0.9094535708427429,0.07114557176828384,0.01953812502324581,0.01937822252511978
584,584,0.010848010890185833,,,,,
585,585,,,0.9096147418022156,0.07109667360782623,0.019542405381798744,0.01937822252511978
585,585,0.010843259282410145,,,,,
586,586,,,0.9097768664360046,0.07104820013046265,0.019546741619706154,0.01937822252511978
586,586,0.010838528163731098,,,,,
587,587,,,0.9099391102790833,0.07100017368793488,0.019551102072000504,0.01937822252511978
587,587,0.010833821259438992,,,,,
588,588,,,0.910101056098938,0.07095259428024292,0.019555475562810898,0.01937822252511978
588,588,0.010829136706888676,,,,,
589,589,,,0.91026371717453,0.070905402302742,0.019559895619750023,0.01937822252511978
589,589,0.010824478231370449,,,,,
590,590,,,0.9104272127151489,0.07085862755775452,0.019564369693398476,0.01937822252511978
590,590,0.010819843970239162,,,,,
591,591,,,0.9105912446975708,0.07081227004528046,0.01956888474524021,0.01937822252511978
591,591,0.010815226472914219,,,,,
592,592,,,0.9107555747032166,0.07076631486415863,0.019573431462049484,0.01937822252511978
592,592,0.010810636915266514,,,,,
593,593,,,0.9109199047088623,0.07072082906961441,0.019578002393245697,0.01937822252511978
593,593,0.0108060697093606,,,,,
594,594,,,0.9110845923423767,0.07067571580410004,0.019582603126764297,0.01937822252511978
594,594,0.010801522061228752,,,,,
595,595,,,0.9112498760223389,0.07063101977109909,0.01958724856376648,0.01937822252511978
595,595,0.01079699955880642,,,,,
596,596,,,0.9114158749580383,0.07058669626712799,0.019591940566897392,0.01937822252511978
596,596,0.010792498476803303,,,,,
597,597,,,0.9115824103355408,0.07054281234741211,0.019596675410866737,0.01937822252511978
597,597,0.010788016021251678,,,,,
598,598,,,0.9117490649223328,0.07049933075904846,0.019601434469223022,0.01937822252511978
598,598,0.010783562436699867,,,,,
599,599,,0.010779119096696377,,,,
599,599,,,0.9119157195091248,0.07045631110668182,0.0196062158793211,0.01937822252511978
599,599,0.010779119096696377,,,,,
600,600,,,0.912082850933075,0.07041364163160324,0.01961103454232216,0.01937822252511978
600,600,0.010774699971079826,,,,,
601,601,,,0.9122506976127625,0.07037140429019928,0.01961589977145195,0.01937822252511978
601,601,0.010770308785140514,,,,,
602,602,,,0.9124187231063843,0.07032953202724457,0.01962079294025898,0.01937822252511978
602,602,0.010765922255814075,,,,,
603,603,,,0.9125872254371643,0.07028808444738388,0.019625723361968994,0.01937822252511978
603,603,0.010761570185422897,,,,,
604,604,,,0.9127563238143921,0.07024703919887543,0.01963069476187229,0.01937822252511978
604,604,0.01075723022222519,,,,,
605,605,,,0.9129250049591064,0.07020643353462219,0.019635675475001335,0.01937822252511978
605,605,0.010752910748124123,,,,,
606,606,,,0.9130943417549133,0.07016618549823761,0.019640695303678513,0.01937822252511978
606,606,0.010748608037829399,,,,,
607,607,,,0.9132643342018127,0.07012635469436646,0.01964576356112957,0.01937822252511978
607,607,0.010744328610599041,,,,,
608,608,,,0.9134347438812256,0.07008694112300873,0.019650869071483612,0.01937822252511978
608,608,0.010740067809820175,,,,,
609,609,,,0.9136050343513489,0.07004790753126144,0.01965598575770855,0.01937822252511978
609,609,0.010735820047557354,,,,,
610,610,,,0.9137759208679199,0.0700092539191246,0.01966114528477192,0.01937822252511978
610,610,0.010731589049100876,,,,,
611,611,,,0.9139471650123596,0.06997100263834,0.019666340202093124,0.01937822252511978
611,611,0.01072738692164421,,,,,
612,612,,,0.9141185879707336,0.06993315368890762,0.01967155747115612,0.01937822252511978
612,612,0.010723195038735867,,,,,
613,613,,,0.9142902493476868,0.06989574432373047,0.019676808267831802,0.01937822252511978
613,613,0.010719023644924164,,,,,
614,614,,,0.9144623279571533,0.06985870748758316,0.01968209072947502,0.01937822252511978
614,614,0.01071486622095108,,,,,
615,615,,,0.9146347641944885,0.06982205808162689,0.019687408581376076,0.01937822252511978
615,615,0.01071072742342949,,,,,
616,616,,,0.9148074388504028,0.06978581100702286,0.01969275437295437,0.01937822252511978
616,616,0.010706598870456219,,,,,
617,617,,,0.9149803519248962,0.06974996626377106,0.0196981281042099,0.01937822252511978
617,617,0.010702497325837612,,,,,
618,618,,,0.9151536226272583,0.06971454620361328,0.019703539088368416,0.01937822252511978
618,618,0.010698409751057625,,,,,
619,619,,,0.9153273105621338,0.06967955082654953,0.01970898173749447,0.01937822252511978
619,619,0.010694338008761406,,,,,
620,620,,,0.9155009388923645,0.06964493542909622,0.019714444875717163,0.01937822252511978
620,620,0.010690282098948956,,,,,
621,621,,,0.9156748652458191,0.06961072236299515,0.019719934090971947,0.01937822252511978
621,621,0.010686240158975124,,,,,
622,622,,,0.9158495664596558,0.06957690417766571,0.019725477322936058,0.01937822252511978
622,622,0.01068221777677536,,,,,
623,623,,,0.9160242676734924,0.0695434957742691,0.019731037318706512,0.01937822252511978
623,623,0.010678206570446491,,,,,
624,624,,,0.9161989092826843,0.06951046735048294,0.01973661221563816,0.01937822252511978
624,624,0.010674216784536839,,,,,
625,625,,,0.9163743257522583,0.0694778561592102,0.019742241129279137,0.01937822252511978
625,625,0.010670233517885208,,,,,
626,626,,,0.9165499210357666,0.06944567710161209,0.019747892394661903,0.01937822252511978
626,626,0.010666275396943092,,,,,
627,627,,,0.9167250394821167,0.06941387802362442,0.01975354738533497,0.01937822252511978
627,627,0.010662326589226723,,,,,
628,628,,,0.9169008135795593,0.069382444024086,0.019759241491556168,0.01937822252511978
628,628,0.010658392682671547,,,,,
629,629,,,0.9170775413513184,0.0693514347076416,0.01976499706506729,0.01937822252511978
629,629,0.010654473677277565,,,,,
630,630,,,0.9172542095184326,0.06932087242603302,0.01977076753973961,0.01937822252511978
630,630,0.010650569573044777,,,,,
631,631,,,0.917430579662323,0.06929066777229309,0.019776547327637672,0.01937822252511978
631,631,0.010646677576005459,,,,,
632,632,,,0.9176070690155029,0.06926089525222778,0.019782347604632378,0.01937822252511978
632,632,0.010642806068062782,,,,,
633,633,,,0.9177842140197754,0.0692315325140953,0.019788196310400963,0.01937822252511978
633,633,0.010638945735991001,,,,,
634,634,,,0.9179617762565613,0.06920257210731506,0.019794080406427383,0.01937822252511978
634,634,0.010635096579790115,,,,,
635,635,,,0.9181394577026367,0.06917400658130646,0.019799983128905296,0.01937822252511978
635,635,0.0106312595307827,,,,,
636,636,,,0.9183171391487122,0.06914585828781128,0.0198059119284153,0.01937822252511978
636,636,0.010627442970871925,,,,,
637,637,,,0.9184948205947876,0.06911813467741013,0.019811855629086494,0.01937822252511978
637,637,0.010623632930219173,,,,,
638,638,,,0.9186732172966003,0.06909080594778061,0.01981784589588642,0.01937822252511978
638,638,0.01061983872205019,,,,,
639,639,,,0.9188514351844788,0.06906391680240631,0.019823851063847542,0.01937822252511978
639,639,0.01061606127768755,,,,,
640,640,,,0.9190300703048706,0.06903742253780365,0.019829891622066498,0.01937822252511978
640,640,0.010612289421260357,,,,,
641,641,,,0.919208824634552,0.06901130080223083,0.019835952669382095,0.01937822252511978
641,641,0.010608533397316933,,,,,
642,642,,,0.919387936592102,0.06898557394742966,0.01984204724431038,0.01937822252511978
642,642,0.010604795068502426,,,,,
643,643,,,0.9195674657821655,0.0689602643251419,0.019848179072141647,0.01937822252511978
643,643,0.010601064190268517,,,,,
644,644,,,0.9197468161582947,0.06893541663885117,0.01985432207584381,0.01937822252511978
644,644,0.010597343556582928,,,,,
645,645,,,0.919926106929779,0.06891097873449326,0.019860483705997467,0.01937822252511978
645,645,0.010593641549348831,,,,,
646,646,,,0.9201052784919739,0.06888695061206818,0.019866660237312317,0.01937822252511978
646,646,0.010589955374598503,,,,,
647,647,,,0.9202852845191956,0.06886329501867294,0.019872883334755898,0.01937822252511978
647,647,0.010586269199848175,,,,,
648,648,,,0.9204660058021545,0.06884004175662994,0.019879158586263657,0.01937822252511978
648,648,0.01058259978890419,,,,,
649,649,,0.01057894341647625,,,,
649,649,,,0.9206463694572449,0.06881723552942276,0.019885439425706863,0.01937822252511978
649,649,0.01057894341647625,,,,,
650,650,,,0.920826256275177,0.06879483163356781,0.01989171653985977,0.01937822252511978
650,650,0.010575298219919205,,,,,
651,651,,,0.921006441116333,0.06877284497022629,0.019898027181625366,0.01937822252511978
651,651,0.01057166513055563,,,,,
652,652,,,0.9211876392364502,0.06875129789113998,0.019904393702745438,0.01937822252511978
652,652,0.010568046942353249,,,,,
653,653,,,0.9213688373565674,0.06873010098934174,0.0199107825756073,0.01937822252511978
653,653,0.010564437136054039,,,,,
654,654,,,0.9215499758720398,0.06870933622121811,0.019917186349630356,0.01937822252511978
654,654,0.010560836642980576,,,,,
655,655,,,0.9217307567596436,0.0686890259385109,0.01992359571158886,0.01937822252511978
655,655,0.010557246394455433,,,,,
656,656,,,0.9219120740890503,0.0686691403388977,0.019930046051740646,0.01937822252511978
656,656,0.01055366825312376,,,,,
657,657,,,0.9220935106277466,0.06864965707063675,0.019936520606279373,0.01937822252511978
657,657,0.010550104081630707,,,,,
658,658,,,0.9222752451896667,0.06863055378198624,0.019943024963140488,0.01937822252511978
658,658,0.010546546429395676,,,,,
659,659,,,0.9224569201469421,0.06861185282468796,0.019949542358517647,0.01937822252511978
659,659,0.010543005540966988,,,,,
660,660,,,0.9226389527320862,0.06859355419874191,0.01995609514415264,0.01937822252511978
660,660,0.010539473965764046,,,,,
661,661,,,0.9228212833404541,0.06857571750879288,0.019962679594755173,0.01937822252511978
661,661,0.010535942390561104,,,,,
662,662,,,0.9230032563209534,0.06855829060077667,0.019969267770648003,0.01937822252511978
662,662,0.010532433167099953,,,,,
663,663,,,0.9231849908828735,0.06854124367237091,0.01997586525976658,0.01937822252511978
663,663,0.010528933256864548,,,,,
664,664,,,0.9233675003051758,0.06852459907531738,0.019982511177659035,0.01937822252511978
664,664,0.01052543893456459,,,,,
665,665,,,0.9235506057739258,0.06850843131542206,0.01998920366168022,0.01937822252511978
665,665,0.01052195392549038,,,,,
666,666,,,0.9237335324287415,0.06849265843629837,0.019995905458927155,0.01937822252511978
666,666,0.01051848754286766,,,,,
667,667,,,0.9239159822463989,0.06847728043794632,0.020002607256174088,0.01937822252511978
667,667,0.010515021160244942,,,,,
668,668,,,0.9240981340408325,0.0684622973203659,0.020009316504001617,0.01937822252511978
668,668,0.010511571541428566,,,,,
669,669,,,0.9242814183235168,0.06844773143529892,0.020016085356473923,0.01937822252511978
669,669,0.010508132167160511,,,,,
670,670,,,0.9244654178619385,0.06843366473913193,0.020022910088300705,0.01937822252511978
670,670,0.010504694655537605,,,,,
671,671,,,0.9246482849121094,0.06841988116502762,0.0200297012925148,0.01937822252511978
671,671,0.01050126925110817,,,,,
672,672,,,0.924830973148346,0.06840655207633972,0.020036503672599792,0.01937822252511978
672,672,0.010497860610485077,,,,,
673,673,,,0.9250146150588989,0.0683937594294548,0.020043369382619858,0.01937822252511978
673,673,0.010494450107216835,,,,,
674,674,,,0.9251985549926758,0.06838138401508331,0.02005026489496231,0.01937822252511978
674,674,0.010491060093045235,,,,,
675,675,,,0.9253820180892944,0.06836924701929092,0.020057154819369316,0.01937822252511978
675,675,0.010487674735486507,,,,,
676,676,,,0.9255655407905579,0.06835747510194778,0.020064063370227814,0.01937822252511978
676,676,0.010484293103218079,,,,,
677,677,,,0.9257498383522034,0.06834627687931061,0.02007102780044079,0.01937822252511978
677,677,0.010480928234755993,,,,,
678,678,,,0.925933837890625,0.06833557784557343,0.02007800154387951,0.01937822252511978
678,678,0.010477566160261631,,,,,
679,679,,,0.926116943359375,0.06832517683506012,0.020084954798221588,0.01937822252511978
679,679,0.01047422457486391,,,,,
680,680,,,0.9263005256652832,0.06831514090299606,0.020091945305466652,0.01937822252511978
680,680,0.01047087274491787,,,,,
681,681,,,0.9264854192733765,0.06830552220344543,0.020099002867937088,0.01937822252511978
681,681,0.010467542335391045,,,,,
682,682,,,0.926670491695404,0.0682964026927948,0.02010609395802021,0.01937822252511978
682,682,0.010464214719831944,,,,,
683,683,,,0.9268544316291809,0.0682876780629158,0.020113153383135796,0.01937822252511978
683,683,0.01046090479940176,,,,,
684,684,,,0.9270378947257996,0.06827931851148605,0.02012021280825138,0.01937822252511978
684,684,0.010457593947649002,,,,,
685,685,,,0.927222490310669,0.06827142834663391,0.02012733742594719,0.01937822252511978
685,685,0.01045429427176714,,,,,
686,686,,,0.9274076819419861,0.0682639628648758,0.02013450860977173,0.01937822252511978
686,686,0.010451005771756172,,,,,
687,687,,,0.9275925159454346,0.06825680285692215,0.02014167606830597,0.01937822252511978
687,687,0.010447721928358078,,,,,
688,688,,,0.9277766346931458,0.06825008988380432,0.020148834213614464,0.01937822252511978
688,688,0.010444444604218006,,,,,
689,689,,,0.9279608130455017,0.06824380904436111,0.0201560165733099,0.01937822252511978
689,689,0.010441184975206852,,,,,
690,690,,,0.9281461834907532,0.0682380422949791,0.020163269713521004,0.01937822252511978
690,690,0.0104379216209054,,,,,
691,691,,,0.9283313751220703,0.06823255121707916,0.020170526579022408,0.01937822252511978
691,691,0.01043467316776514,,,,,
692,692,,,0.9285157918930054,0.06822741031646729,0.020177768543362617,0.01937822252511978
692,692,0.01043142843991518,,,,,
693,693,,,0.9287006258964539,0.06822288036346436,0.020185057073831558,0.01937822252511978
693,693,0.010428193025290966,,,,,
694,694,,,0.9288859367370605,0.06821870058774948,0.020192377269268036,0.01937822252511978
694,694,0.010424966923892498,,,,,
695,695,,,0.9290710091590881,0.06821485608816147,0.02019970491528511,0.01937822252511978
695,695,0.010421751998364925,,,,,
696,696,,,0.9292558431625366,0.06821136921644211,0.020207036286592484,0.01937822252511978
696,696,0.010418541729450226,,,,,
697,697,,,0.9294410347938538,0.06820838898420334,0.02021440863609314,0.01937822252511978
697,697,0.010415335185825825,,,,,
698,698,,,0.9296266436576843,0.06820589303970337,0.02022181637585163,0.01937822252511978
698,698,0.010412135161459446,,,,,
699,699,,0.010408945381641388,,,,
699,699,,,0.9298118948936462,0.06820367276668549,0.020229224115610123,0.01937822252511978
699,699,0.010408945381641388,,,,,
700,700,,,0.929996907711029,0.06820185482501984,0.02023664116859436,0.01937822252511978
700,700,0.010405763983726501,,,,,
701,701,,,0.9301820993423462,0.06820052117109299,0.020244086161255836,0.01937822252511978
701,701,0.010402588173747063,,,,,
702,702,,,0.9303677678108215,0.06819960474967957,0.020251568406820297,0.01937822252511978
702,702,0.010399422608315945,,,,,
703,703,,,0.9305533766746521,0.06819910556077957,0.020259065553545952,0.01937822252511978
703,703,0.010396262630820274,,,,,
704,704,,,0.9307385087013245,0.06819890439510345,0.020266558974981308,0.01937822252511978
704,704,0.010393109172582626,,,,,
705,705,,,0.9309237599372864,0.06819913536310196,0.020274076610803604,0.01937822252511978
705,705,0.010389965958893299,,,,,
706,706,,,0.9311097264289856,0.06819991022348404,0.020281648263335228,0.01937822252511978
706,706,0.010386823676526546,,,,,
707,707,,,0.9312951564788818,0.06820110976696014,0.020289216190576553,0.01937822252511978
707,707,0.010383689776062965,,,,,
708,708,,,0.9314801692962646,0.06820254027843475,0.02029677852988243,0.01937822252511978
708,708,0.010380567982792854,,,,,
709,709,,,0.9316661953926086,0.06820441782474518,0.020304398611187935,0.01937822252511978
709,709,0.010377448052167892,,,,,
710,710,,,0.9318524599075317,0.06820682436227798,0.020312055945396423,0.01937822252511978
710,710,0.010374331846833229,,,,,
711,711,,,0.9320378303527832,0.06820955872535706,0.02031969092786312,0.01937822252511978
711,711,0.010371226817369461,,,,,
712,712,,,0.9322226643562317,0.06821273267269135,0.02032732404768467,0.01937822252511978
712,712,0.01036812737584114,,,,,
713,713,,,0.9324082732200623,0.06821625679731369,0.02033500373363495,0.01937822252511978
713,713,0.010365037247538567,,,,,
714,714,,,0.9325947165489197,0.06822019815444946,0.020342735573649406,0.01937822252511978
714,714,0.010361948050558567,,,,,
715,715,,,0.9327806830406189,0.06822453439235687,0.020350465551018715,0.01937822252511978
715,715,0.010358866304159164,,,,,
716,716,,,0.932965874671936,0.06822927296161652,0.02035818248987198,0.01937822252511978
716,716,0.010355792939662933,,,,,
717,717,,,0.9331514835357666,0.0682343915104866,0.020365936681628227,0.01937822252511978
717,717,0.01035272516310215,,,,,
718,718,,,0.933337926864624,0.0682399719953537,0.020373743027448654,0.01937822252511978
718,718,0.010349664837121964,,,,,
719,719,,,0.9335238337516785,0.06824596226215363,0.020381547510623932,0.01937822252511978
719,719,0.010346608236432076,,,,,
720,720,,,0.9337090253829956,0.0682523250579834,0.020389338955283165,0.01937822252511978
720,720,0.01034355629235506,,,,,
721,721,,,0.9338945150375366,0.06825911998748779,0.020397158339619637,0.01937822252511978
721,721,0.01034051924943924,,,,,
722,722,,,0.9340804815292358,0.06826630979776382,0.02040502056479454,0.01937822252511978
722,722,0.01033747661858797,,,,,
723,723,,,0.9342669248580933,0.06827393174171448,0.02041291631758213,0.01937822252511978
723,723,0.010334448888897896,,,,,
724,724,,,0.9344526529312134,0.06828185170888901,0.020420800894498825,0.01937822252511978
724,724,0.010331421159207821,,,,,
725,725,,,0.9346381425857544,0.06829022616147995,0.020428696647286415,0.01937822252511978
725,725,0.01032840646803379,,,,,
726,726,,,0.9348242282867432,0.06829921156167984,0.020436638966202736,0.01937822252511978
726,726,0.01032539363950491,,,,,
727,727,,,0.9350099563598633,0.06830837577581406,0.020444577559828758,0.01937822252511978
727,727,0.010322382673621178,,,,,
728,728,,,0.9351956844329834,0.06831792742013931,0.020452534779906273,0.01937822252511978
728,728,0.010319383814930916,,,,,
729,729,,,0.9353818297386169,0.06832792609930038,0.020460529252886772,0.01937822252511978
729,729,0.010316388681530952,,,,,
730,730,,,0.9355677366256714,0.06833837181329727,0.020468533039093018,0.01937822252511978
730,730,0.010313397273421288,,,,,
731,731,,,0.9357534646987915,0.06834926456212997,0.020476549863815308,0.01937822252511978
731,731,0.010310410521924496,,,,,
732,732,,,0.9359388947486877,0.06836043298244476,0.020484566688537598,0.01937822252511978
732,732,0.0103074349462986,,,,,
733,733,,,0.9361245036125183,0.06837198138237,0.020492611452937126,0.01937822252511978
733,733,0.010304459370672703,,,,,
734,734,,,0.9363109469413757,0.06838396191596985,0.020500706508755684,0.01937822252511978
734,734,0.010301483795046806,,,,,
735,735,,,0.9364972114562988,0.0683964267373085,0.020508816465735435,0.01937822252511978
735,735,0.010298523120582104,,,,,
736,736,,,0.9366827607154846,0.06840910017490387,0.020516907796263695,0.01937822252511978
736,736,0.010295568034052849,,,,,
737,737,,,0.9368680119514465,0.06842240691184998,0.020525015890598297,0.01937822252511978
737,737,0.010292616672813892,,,,,
738,738,,,0.9370536208152771,0.06843610107898712,0.020533153787255287,0.01937822252511978
738,738,0.010289669036865234,,,,,
739,739,,,0.9372395277023315,0.06845004111528397,0.020541315898299217,0.01937822252511978
739,739,0.010286727920174599,,,,,
740,740,,,0.9374256134033203,0.06846437603235245,0.020549505949020386,0.01937822252511978
740,740,0.010283790528774261,,,,,
741,741,,,0.9376118779182434,0.06847922503948212,0.020557725802063942,0.01937822252511978
741,741,0.010280855931341648,,,,,
742,742,,,0.9377968907356262,0.06849444657564163,0.020565908402204514,0.01937822252511978
742,742,0.010277929715812206,,,,,
743,743,,,0.9379822015762329,0.06851007789373398,0.020574122667312622,0.01937822252511978
743,743,0.010275008156895638,,,,,
744,744,,,0.9381682276725769,0.06852607429027557,0.02058238536119461,0.01937822252511978
744,744,0.010272093117237091,,,,,
745,745,,,0.9383543133735657,0.06854252517223358,0.02059067040681839,0.01937822252511978
745,745,0.010269182734191418,,,,,
746,746,,,0.9385398626327515,0.06855921447277069,0.020598944276571274,0.01937822252511978
746,746,0.010266272351145744,,,,,
747,747,,,0.9387249946594238,0.06857635825872421,0.020607223734259605,0.01937822252511978
747,747,0.01026337593793869,,,,,
748,748,,,0.9389103651046753,0.06859409064054489,0.020615534856915474,0.01937822252511978
748,748,0.010260474868118763,,,,,
749,749,,0.010257580317556858,,,,
749,749,,,0.9390962719917297,0.06861219555139542,0.020623890683054924,0.01937822252511978
749,749,0.010257580317556858,,,,,
750,750,,,0.9392816424369812,0.06863031536340714,0.020632222294807434,0.01937822252511978
750,750,0.010254692286252975,,,,,
751,751,,,0.9394674897193909,0.06864909082651138,0.020640600472688675,0.01937822252511978
751,751,0.010251807980239391,,,,,
752,752,,,0.9396531581878662,0.06866838037967682,0.020648999139666557,0.01937822252511978
752,752,0.010248929262161255,,,,,
753,753,,,0.9398379921913147,0.06868802756071091,0.020657377317547798,0.01937822252511978
753,753,0.010246056132018566,,,,,
754,754,,,0.9400231838226318,0.06870793551206589,0.020665787160396576,0.01937822252511978
754,754,0.010243188589811325,,,,,
755,755,,,0.9402090907096863,0.06872814893722534,0.020674236118793488,0.01937822252511978
755,755,0.010240322910249233,,,,,
756,756,,,0.9403946995735168,0.0687488242983818,0.020682696253061295,0.01937822252511978
756,756,0.01023745909333229,,,,,
757,757,,,0.9405798316001892,0.06877011060714722,0.0206911638379097,0.01937822252511978
757,757,0.010234610177576542,,,,,
758,758,,,0.9407643675804138,0.06879158318042755,0.02069961279630661,0.01937822252511978
758,758,0.010231755673885345,,,,,
759,759,,,0.9409497976303101,0.06881345808506012,0.020708121359348297,0.01937822252511978
759,759,0.010228907689452171,,,,,
760,760,,,0.9411357045173645,0.06883572041988373,0.02071666717529297,0.01937822252511978
760,760,0.010226067155599594,,,,,
761,761,,,0.9413208961486816,0.06885839253664017,0.020725199952721596,0.01937822252511978
761,761,0.010223228484392166,,,,,
762,762,,,0.9415053725242615,0.06888142973184586,0.020733721554279327,0.01937822252511978
762,762,0.010220394469797611,,,,,
763,763,,,0.9416901469230652,0.06890489906072617,0.020742280408740044,0.01937822252511978
763,763,0.010217562317848206,,,,,
764,764,,,0.9418758749961853,0.0689288079738617,0.02075088955461979,0.01937822252511978
764,764,0.01021474041044712,,,,,
765,765,,,0.9420609474182129,0.06895296275615692,0.02075948752462864,0.01937822252511978
765,765,0.010211920365691185,,,,,
766,766,,,0.9422456622123718,0.06897765398025513,0.020768096670508385,0.01937822252511978
766,766,0.010209104046225548,,,,,
767,767,,,0.9424303770065308,0.06900262087583542,0.020776718854904175,0.01937822252511978
767,767,0.010206290520727634,,,,,
768,768,,,0.9426155090332031,0.06902803480625153,0.0207853764295578,0.01937822252511978
768,768,0.010203483514487743,,,,,
769,769,,,0.9428003430366516,0.06905382871627808,0.020794039592146873,0.01937822252511978
769,769,0.010200677439570427,,,,,
770,770,,,0.9429849982261658,0.06908002495765686,0.02080271579325199,0.01937822252511978
770,770,0.010197876021265984,,,,,
771,771,,,0.9431694149971008,0.06910661607980728,0.020811401307582855,0.01937822252511978
771,771,0.010195080190896988,,,,,
772,772,,,0.9433545470237732,0.06913358718156815,0.02082013338804245,0.01937822252511978
772,772,0.01019228808581829,,,,,
773,773,,,0.9435392618179321,0.0691608265042305,0.020828859880566597,0.01937822252511978
773,773,0.010189496912062168,,,,,
774,774,,,0.9437236785888672,0.06918850541114807,0.02083759754896164,0.01937822252511978
774,774,0.010186711326241493,,,,,
775,775,,,0.9439083337783813,0.06921665370464325,0.02084636315703392,0.01937822252511978
775,775,0.010183928534388542,,,,,
776,776,,,0.9440927505493164,0.06924515217542648,0.020855138078331947,0.01937822252511978
776,776,0.010181155055761337,,,,,
777,777,,,0.9442769885063171,0.06927398592233658,0.02086392231285572,0.01937822252511978
777,777,0.010178378783166409,,,,,
778,778,,,0.944461464881897,0.06930312514305115,0.020872730761766434,0.01937822252511978
778,778,0.010175613686442375,,,,,
779,779,,,0.9446455240249634,0.06933275610208511,0.020881541073322296,0.01937822252511978
779,779,0.010172845795750618,,,,,
780,780,,,0.9448297023773193,0.06936275959014893,0.020890377461910248,0.01937822252511978
780,780,0.010170083492994308,,,,,
781,781,,,0.9450144171714783,0.06939306855201721,0.020899249240756035,0.01937822252511978
781,781,0.010167326778173447,,,,,
782,782,,,0.945198655128479,0.06942366063594818,0.020908117294311523,0.01937822252511978
782,782,0.010164565406739712,,,,,
783,783,,,0.9453823566436768,0.06945477426052094,0.020916985347867012,0.01937822252511978
783,783,0.01016182266175747,,,,,
784,784,,,0.9455665349960327,0.06948642432689667,0.020925898104906082,0.01937822252511978
784,784,0.010159071534872055,,,,,
785,785,,,0.9457504153251648,0.06951829046010971,0.020934807136654854,0.01937822252511978
785,785,0.010156323201954365,,,,,
786,786,,,0.9459341168403625,0.06955038011074066,0.02094372548162937,0.01937822252511978
786,786,0.010153579525649548,,,,,
787,787,,,0.9461180567741394,0.0695829913020134,0.020952673628926277,0.01937822252511978
787,787,0.010150848887860775,,,,,
788,788,,,0.9463022351264954,0.06961619853973389,0.020961660891771317,0.01937822252511978
788,788,0.010148112662136555,,,,,
789,789,,,0.9464857578277588,0.06964953243732452,0.020970629528164864,0.01937822252511978
789,789,0.010145382955670357,,,,,
790,790,,,0.9466688632965088,0.06968311965465546,0.020979592576622963,0.01937822252511978
790,790,0.010142656043171883,,,,,
791,791,,,0.9468526840209961,0.06971714645624161,0.02098860591650009,0.01937822252511978
791,791,0.010139930993318558,,,,,
792,792,,,0.9470366835594177,0.0697517991065979,0.020997654646635056,0.01937822252511978
792,792,0.010137212462723255,,,,,
793,793,,,0.9472200870513916,0.0697866752743721,0.021006690338253975,0.01937822252511978
793,793,0.010134492069482803,,,,,
794,794,,,0.9474028944969177,0.06982168555259705,0.02101570926606655,0.01937822252511978
794,794,0.010131780058145523,,,,,
795,795,,,0.9475861191749573,0.06985720247030258,0.02102477103471756,0.01937822252511978
795,795,0.010129072703421116,,,,,
796,796,,,0.947770357131958,0.06989334523677826,0.02103390172123909,0.01937822252511978
796,796,0.010126367211341858,,,,,
797,797,,,0.9479531645774841,0.06992954015731812,0.021042976528406143,0.01937822252511978
797,797,0.01012365985661745,,,,,
798,798,,,0.9481354355812073,0.06996602565050125,0.0210520438849926,0.01937822252511978
798,798,0.010120960883796215,,,,,
799,799,,0.010118260979652405,,,,
799,799,,,0.9483188390731812,0.07000327855348587,0.02106119506061077,0.01937822252511978
799,799,0.010118260979652405,,,,,
800,800,,,0.948502242565155,0.07004079967737198,0.021070359274744987,0.01937822252511978
800,800,0.01011557038873434,,,,,
801,801,,,0.9486843347549438,0.07007814198732376,0.02107946202158928,0.01937822252511978
801,801,0.010112879797816277,,,,,
802,802,,,0.9488676190376282,0.07011624425649643,0.021088652312755585,0.01937822252511978
802,802,0.010110187344253063,,,,,
803,803,,,0.949050784111023,0.07015495002269745,0.021097863093018532,0.01937822252511978
803,803,0.010107503272593021,,,,,
804,804,,,0.9492329955101013,0.0701938048005104,0.02110704407095909,0.01937822252511978
804,804,0.010104816406965256,,,,,
805,805,,,0.9494152069091797,0.07023271173238754,0.0211162269115448,0.01937822252511978
805,805,0.01010214164853096,,,,,
806,806,,,0.9495983719825745,0.07027222216129303,0.02112548053264618,0.01937822252511978
806,806,0.010099463164806366,,,,,
807,807,,,0.9497808218002319,0.07031211256980896,0.021134722977876663,0.01937822252511978
807,807,0.010096795856952667,,,,,
808,808,,,0.9499627947807312,0.07035236805677414,0.02114396169781685,0.01937822252511978
808,808,0.010094118304550648,,,,,
809,809,,,0.9501447081565857,0.07039285451173782,0.02115321159362793,0.01937822252511978
809,809,0.010091455653309822,,,,,
810,810,,,0.9503273963928223,0.07043388485908508,0.021162519231438637,0.01937822252511978
810,810,0.010088786482810974,,,,,
811,811,,,0.9505096077919006,0.07047509402036667,0.021171817556023598,0.01937822252511978
811,811,0.010086128488183022,,,,,
812,812,,,0.9506913423538208,0.07051665335893631,0.02118111215531826,0.01937822252511978
812,812,0.010083465836942196,,,,,
813,813,,,0.9508731961250305,0.07055874168872833,0.02119043655693531,0.01937822252511978
813,813,0.01008081715553999,,,,,
814,814,,,0.9510551691055298,0.07060099393129349,0.021199777722358704,0.01937822252511978
814,814,0.010078156366944313,,,,,
815,815,,,0.9512370824813843,0.07064361870288849,0.02120913378894329,0.01937822252511978
815,815,0.010075508616864681,,,,,
816,816,,,0.951418399810791,0.0706866979598999,0.02121848426759243,0.01937822252511978
816,816,0.0100728590041399,,,,,
817,817,,,0.9515998363494873,0.07073003798723221,0.02122785709798336,0.01937822252511978
817,817,0.010070210322737694,,,,,
818,818,,,0.9517815709114075,0.0707738846540451,0.021237265318632126,0.01937822252511978
818,818,0.010067570023238659,,,,,
819,819,,,0.951962947845459,0.07081769406795502,0.021246658638119698,0.01937822252511978
819,819,0.010064929723739624,,,,,
820,820,,,0.9521443843841553,0.07086187601089478,0.02125607430934906,0.01937822252511978
820,820,0.010062290355563164,,,,,
821,821,,,0.9523257613182068,0.07090674340724945,0.02126551978290081,0.01937822252511978
821,821,0.010059657506644726,,,,,
822,822,,,0.9525067806243896,0.07095186412334442,0.02127496525645256,0.01937822252511978
822,822,0.010057022795081139,,,,,
823,823,,,0.9526869654655457,0.07099702954292297,0.021284379065036774,0.01937822252511978
823,823,0.010054395534098148,,,,,
824,824,,,0.9528682231903076,0.07104270160198212,0.02129386179149151,0.01937822252511978
824,824,0.010051770135760307,,,,,
825,825,,,0.9530496597290039,0.07108880579471588,0.021303370594978333,0.01937822252511978
825,825,0.010049146600067616,,,,,
826,826,,,0.9532299637794495,0.0711350366473198,0.02131284587085247,0.01937822252511978
826,826,0.0100465202704072,,,,,
827,827,,,0.9534103870391846,0.07118148356676102,0.021322334185242653,0.01937822252511978
827,827,0.010043904185295105,,,,,
828,828,,,0.9535912871360779,0.07122863829135895,0.021331876516342163,0.01937822252511978
828,828,0.01004128810018301,,,,,
829,829,,,0.9537720084190369,0.07127615064382553,0.02134143002331257,0.01937822252511978
829,829,0.010038669221103191,,,,,
830,830,,,0.9539515972137451,0.07132350653409958,0.021350931376218796,0.01937822252511978
830,830,0.010036061517894268,,,,,
831,831,,,0.9541319608688354,0.07137153297662735,0.021360499784350395,0.01937822252511978
831,831,0.010033449158072472,,,,,
832,832,,,0.9543126225471497,0.071419857442379,0.021370094269514084,0.01937822252511978
832,832,0.01003083772957325,,,,,
833,833,,,0.9544928073883057,0.07146840542554855,0.021379679441452026,0.01937822252511978
833,833,0.0100282346829772,,,,,
834,834,,,0.9546718597412109,0.07151710987091064,0.021389231085777283,0.01937822252511978
834,834,0.010025629773736,,,,,
835,835,,,0.9548521637916565,0.07156659662723541,0.021398868411779404,0.01937822252511978
835,835,0.010023025795817375,,,,,
836,836,,,0.9550319910049438,0.07161615043878555,0.02140849269926548,0.01937822252511978
836,836,0.010020432062447071,,,,,
837,837,,,0.9552111029624939,0.07166574895381927,0.021418092772364616,0.01937822252511978
837,837,0.010017834603786469,,,,,
838,838,,,0.9553909301757812,0.07171600311994553,0.021427754312753677,0.01937822252511978
838,838,0.01001523993909359,,,,,
839,839,,,0.9555712938308716,0.07176664471626282,0.021437454968690872,0.01937822252511978
839,839,0.010012642480432987,,,,,
840,840,,,0.9557498693466187,0.07181711494922638,0.02144707925617695,0.01937822252511978
840,840,0.010010058991611004,,,,,
841,841,,,0.955928385257721,0.07186803966760635,0.021456722170114517,0.01937822252511978
841,841,0.010007468983530998,,,,,
842,842,,,0.9561083316802979,0.07191982865333557,0.021466463804244995,0.01937822252511978
842,842,0.010004885494709015,,,,,
843,843,,,0.9562872052192688,0.07197145372629166,0.02147616073489189,0.01937822252511978
843,843,0.010002300143241882,,,,,
844,844,,,0.9564657211303711,0.07202301174402237,0.021485842764377594,0.01937822252511978
844,844,0.00999971479177475,,,,,
845,845,,,0.9566449522972107,0.07207538187503815,0.02149558998644352,0.01937822252511978
845,845,0.009997142478823662,,,,,
846,846,,,0.9568237662315369,0.07212816178798676,0.021505344659090042,0.01937822252511978
846,846,0.009994564577937126,,,,,
847,847,,,0.9570015072822571,0.07218074798583984,0.021515045315027237,0.01937822252511978
847,847,0.009991982020437717,,,,,
848,848,,,0.9571800231933594,0.0722336694598198,0.02152479626238346,0.01937822252511978
848,848,0.00998940784484148,,,,,
849,849,,0.00998684298247099,,,,
849,849,,,0.9573590755462646,0.07228733599185944,0.02153460867702961,0.01937822252511978
849,849,0.00998684298247099,,,,,
850,850,,,0.9575369954109192,0.07234112173318863,0.021544380113482475,0.01937822252511978
850,850,0.009984270669519901,,,,,
851,851,,,0.957714319229126,0.07239481806755066,0.021554123610258102,0.01937822252511978
851,851,0.00998170580714941,,,,,
852,852,,,0.957892894744873,0.07244911044836044,0.021563952788710594,0.01937822252511978
852,852,0.009979134425520897,,,,,
853,853,,,0.9580711126327515,0.0725037157535553,0.021573780104517937,0.01937822252511978
853,853,0.009976575151085854,,,,,
854,854,,,0.9582481384277344,0.07255859673023224,0.021583575755357742,0.01937822252511978
854,854,0.009974007494747639,,,,,
855,855,,,0.9584256410598755,0.07261363416910172,0.021593401208519936,0.01937822252511978
855,855,0.009971451945602894,,,,,
856,856,,,0.9586036205291748,0.07266906648874283,0.021603263914585114,0.01937822252511978
856,856,0.009968889877200127,,,,,
857,857,,,0.9587808847427368,0.07272462546825409,0.0216131079941988,0.01937822252511978
857,857,0.009966336190700531,,,,,
858,858,,,0.9589580297470093,0.0727805569767952,0.021622968837618828,0.01937822252511978
858,858,0.00996377132833004,,,,,
859,859,,,0.9591351747512817,0.07283676415681839,0.0216328427195549,0.01937822252511978
859,859,0.009961221367120743,,,,,
860,860,,,0.9593121409416199,0.07289310544729233,0.021642716601490974,0.01937822252511978
860,860,0.009958671405911446,,,,,
861,861,,,0.9594892859458923,0.07294978201389313,0.021652618423104286,0.01937822252511978
861,861,0.009956123307347298,,,,,
862,862,,,0.9596659541130066,0.07300679385662079,0.02166251838207245,0.01937822252511978
862,862,0.009953567758202553,,,,,
863,863,,,0.9598422646522522,0.0730639174580574,0.021672412753105164,0.01937822252511978
863,863,0.009951025247573853,,,,,
864,864,,,0.9600187540054321,0.07312149554491043,0.021682336926460266,0.01937822252511978
864,864,0.009948477149009705,,,,,
865,865,,,0.9601957201957703,0.07317929714918137,0.021692292764782906,0.01937822252511978
865,865,0.009945935569703579,,,,,
866,866,,,0.9603715538978577,0.0732370913028717,0.021702205762267113,0.01937822252511978
866,866,0.009943386539816856,,,,,
867,867,,,0.9605474472045898,0.07329539954662323,0.02171214669942856,0.01937822252511978
867,867,0.009940849617123604,,,,,
868,868,,,0.9607235789299011,0.0733540952205658,0.02172212116420269,0.01937822252511978
868,868,0.009938315488398075,,,,,
869,869,,,0.9608994126319885,0.07341260462999344,0.02173207327723503,0.01937822252511978
869,869,0.0099357720464468,,,,,
870,870,,,0.9610751867294312,0.07347142696380615,0.021742044016718864,0.01937822252511978
870,870,0.009933235123753548,,,,,
871,871,,,0.9612508416175842,0.07353081554174423,0.02175203710794449,0.01937822252511978
871,871,0.009930705651640892,,,,,
872,872,,,0.9614266157150269,0.07359029352664948,0.021762041375041008,0.01937822252511978
872,872,0.009928167797625065,,,,,
873,873,,,0.961601197719574,0.07364979386329651,0.021772004663944244,0.01937822252511978
873,873,0.009925635531544685,,,,,
874,874,,,0.9617761969566345,0.07370966672897339,0.021781999617815018,0.01937822252511978
874,874,0.00992310605943203,,,,,
875,875,,,0.9619520902633667,0.07377000898122787,0.021792061626911163,0.01937822252511978
875,875,0.009920578449964523,,,,,
876,876,,,0.9621270298957825,0.07383035868406296,0.021802086383104324,0.01937822252511978
876,876,0.009918048046529293,,,,,
877,877,,,0.9623007774353027,0.07389062643051147,0.021812058985233307,0.01937822252511978
877,877,0.009915522299706936,,,,,
878,878,,,0.9624761343002319,0.0739515870809555,0.021822134032845497,0.01937822252511978
878,878,0.009912999346852303,,,,,
879,879,,,0.9626510739326477,0.07401279360055923,0.021832207217812538,0.01937822252511978
879,879,0.009910475462675095,,,,,
880,880,,,0.9628248810768127,0.07407382875680923,0.0218422282487154,0.01937822252511978
880,880,0.00990794412791729,,,,,
881,881,,,0.9629988074302673,0.07413516193628311,0.021852271631360054,0.01937822252511978
881,881,0.009905424900352955,,,,,
882,882,,,0.9631733298301697,0.07419712096452713,0.021862370893359184,0.01937822252511978
882,882,0.00990290567278862,,,,,
883,883,,,0.9633472561836243,0.07425905019044876,0.021872447803616524,0.01937822252511978
883,883,0.009900381788611412,,,,,
884,884,,,0.9635207056999207,0.07432089745998383,0.02188250608742237,0.01937822252511978
884,884,0.009897865355014801,,,,,
885,885,,,0.9636949896812439,0.07438325881958008,0.021892623975872993,0.01937822252511978
885,885,0.00989534892141819,,,,,
886,886,,,0.9638684391975403,0.07444608211517334,0.02190273255109787,0.01937822252511978
886,886,0.00989283062517643,,,,,
887,887,,,0.9640410542488098,0.07450857013463974,0.021912792697548866,0.01937822252511978
887,887,0.009890316054224968,,,,,
888,888,,,0.964214563369751,0.07457137107849121,0.02192290872335434,0.01937822252511978
888,888,0.009887803345918655,,,,,
889,889,,,0.9643886089324951,0.07463464140892029,0.021933073177933693,0.01937822252511978
889,889,0.009885288774967194,,,,,
890,890,,,0.9645608067512512,0.07469819486141205,0.02194317802786827,0.01937822252511978
890,890,0.009882773272693157,,,,,
891,891,,,0.9647325873374939,0.07476125657558441,0.021953245624899864,0.01937822252511978
891,891,0.009880266152322292,,,,,
892,892,,,0.9649065136909485,0.07482513785362244,0.021963445469737053,0.01937822252511978
892,892,0.009877757169306278,,,,,
893,893,,,0.9650800824165344,0.074889175593853,0.021973639726638794,0.01937822252511978
893,893,0.00987524539232254,,,,,
894,894,,,0.9652509689331055,0.07495301961898804,0.021983714774250984,0.01937822252511978
894,894,0.009872732684016228,,,,,
895,895,,,0.9654223322868347,0.07501707971096039,0.02199382521212101,0.01937822252511978
895,895,0.009870227426290512,,,,,
896,896,,,0.9655956625938416,0.07508189976215363,0.022004058584570885,0.01937822252511978
896,896,0.009867724031209946,,,,,
897,897,,,0.9657678008079529,0.07514631003141403,0.022014223039150238,0.01937822252511978
897,897,0.009865215048193932,,,,,
898,898,,,0.9659386873245239,0.07521093636751175,0.022024350240826607,0.01937822252511978
898,898,0.009862706065177917,,,,,
899,899,,0.0098602045327425,,,,
899,899,,,0.9661104679107666,0.07527604699134827,0.02203454077243805,0.01937822252511978
899,899,0.0098602045327425,,,,,
900,900,,,0.9662825465202332,0.07534130662679672,0.022044755518436432,0.01937822252511978
900,900,0.00985769834369421,,,,,
901,901,,,0.9664532542228699,0.07540620118379593,0.022054895758628845,0.01937822252511978
901,901,0.009855197742581367,,,,,
902,902,,,0.9666246771812439,0.07547171413898468,0.02206510305404663,0.01937822252511978
902,902,0.009852689690887928,,,,,
903,903,,,0.9667958617210388,0.07553769648075104,0.02207532338798046,0.01937822252511978
903,903,0.009850189089775085,,,,,
904,904,,,0.9669658541679382,0.07560304552316666,0.022085469216108322,0.01937822252511978
904,904,0.009847691282629967,,,,,
905,905,,,0.9671370387077332,0.07566890865564346,0.02209569327533245,0.01937822252511978
905,905,0.009845188818871975,,,,,
906,906,,,0.9673082828521729,0.07573530822992325,0.022105947136878967,0.01937822252511978
906,906,0.009842690080404282,,,,,
907,907,,,0.9674780368804932,0.07580139487981796,0.022116128355264664,0.01937822252511978
907,907,0.00984018761664629,,,,,
908,908,,,0.9676477313041687,0.07586754858493805,0.02212631329894066,0.01937822252511978
908,908,0.009837684221565723,,,,,
909,909,,,0.9678187966346741,0.07593431323766708,0.022136589512228966,0.01937822252511978
909,909,0.009835188277065754,,,,,
910,910,,,0.9679887294769287,0.07600100338459015,0.022146817296743393,0.01937822252511978
910,910,0.009832690469920635,,,,,
911,911,,,0.9681569337844849,0.07606764882802963,0.02215697430074215,0.01937822252511978
911,911,0.009830191731452942,,,,,
912,912,,,0.9683273434638977,0.07613468915224075,0.022167246788740158,0.01937822252511978
912,912,0.009827690199017525,,,,,
913,913,,,0.968497633934021,0.07620168477296829,0.02217751555144787,0.01937822252511978
913,913,0.009825194254517555,,,,,
914,914,,,0.9686662554740906,0.0762687399983406,0.022187720984220505,0.01937822252511978
914,914,0.009822698310017586,,,,,
915,915,,,0.9688348770141602,0.07633627951145172,0.02219795435667038,0.01937822252511978
915,915,0.00982020515948534,,,,,
916,916,,,0.9690042734146118,0.07640372216701508,0.022208217531442642,0.01937822252511978
916,916,0.00981770921498537,,,,,
917,917,,,0.9691734313964844,0.07647113502025604,0.022218473255634308,0.01937822252511978
917,917,0.009815210476517677,,,,,
918,918,,,0.9693416953086853,0.07653877884149551,0.022228706628084183,0.01937822252511978
918,918,0.00981271080672741,,,,,
919,919,,,0.9695100784301758,0.07660680264234543,0.022238966077566147,0.01937822252511978
919,919,0.009810222312808037,,,,,
920,920,,,0.9696784615516663,0.07667464017868042,0.022249221801757812,0.01937822252511978
920,920,0.009807726368308067,,,,,
921,921,,,0.9698470234870911,0.07674235850572586,0.022259483113884926,0.01937822252511978
921,921,0.009805230423808098,,,,,
922,922,,,0.9700146913528442,0.07681076228618622,0.02226974442601204,0.01937822252511978
922,922,0.009802731685340405,,,,,
923,923,,,0.970181941986084,0.07687902450561523,0.022279983386397362,0.01937822252511978
923,923,0.00980023667216301,,,,,
924,924,,,0.9703496694564819,0.07694735378026962,0.022290248423814774,0.01937822252511978
924,924,0.009797746315598488,,,,,
925,925,,,0.970517635345459,0.07701562345027924,0.02230053022503853,0.01937822252511978
925,925,0.009795241057872772,,,,,
926,926,,,0.9706852436065674,0.07708442211151123,0.02231081947684288,0.01937822252511978
926,926,0.009792746044695377,,,,,
927,927,,,0.9708518385887146,0.0771530494093895,0.0223210658878088,0.01937822252511978
927,927,0.00979025661945343,,,,,
928,928,,,0.9710187315940857,0.07722164690494537,0.022331327199935913,0.01937822252511978
928,928,0.00978776067495346,,,,,
929,929,,,0.9711861610412598,0.07729049772024155,0.02234162576496601,0.01937822252511978
929,929,0.009785263799130917,,,,,
930,930,,,0.9713525772094727,0.07735968381166458,0.022351901978254318,0.01937822252511978
930,930,0.009782771579921246,,,,,
931,931,,,0.9715181589126587,0.07742855697870255,0.022362131625413895,0.01937822252511978
931,931,0.00978027656674385,,,,,
932,932,,,0.9716852903366089,0.07749766111373901,0.02237243950366974,0.01937822252511978
932,932,0.00977778248488903,,,,,
933,933,,,0.9718518853187561,0.07756666094064713,0.02238272875547409,0.01937822252511978
933,933,0.009775280021131039,,,,,
934,934,,,0.9720178246498108,0.07763595879077911,0.022393004968762398,0.01937822252511978
934,934,0.009772785939276218,,,,,
935,935,,,0.9721828699111938,0.07770554721355438,0.022403264418244362,0.01937822252511978
935,935,0.0097702881321311,,,,,
936,936,,,0.9723483920097351,0.07777465134859085,0.022413522005081177,0.01937822252511978
936,936,0.00976779218763113,,,,,
937,937,,,0.9725146889686584,0.07784409821033478,0.02242383547127247,0.01937822252511978
937,937,0.009765293449163437,,,,,
938,938,,,0.9726800918579102,0.07791374623775482,0.022434120997786522,0.01937822252511978
938,938,0.009762800298631191,,,,,
939,939,,,0.9728440046310425,0.07798334956169128,0.0224443469196558,0.01937822252511978
939,939,0.009760296903550625,,,,,
940,940,,,0.9730098843574524,0.07805316895246506,0.022454671561717987,0.01937822252511978
940,940,0.009757796302437782,,,,,
941,941,,,0.9731752276420593,0.07812264561653137,0.022464962676167488,0.01937822252511978
941,941,0.009755300357937813,,,,,
942,942,,,0.9733394980430603,0.07819235324859619,0.022475218400359154,0.01937822252511978
942,942,0.009752800688147545,,,,,
943,943,,,0.9735032320022583,0.07826241105794907,0.02248547598719597,0.01937822252511978
943,943,0.009750302881002426,,,,,
944,944,,,0.9736676216125488,0.07833252847194672,0.02249576896429062,0.01937822252511978
944,944,0.009747803211212158,,,,,
945,945,,,0.9738322496414185,0.07840201258659363,0.022506045177578926,0.01937822252511978
945,945,0.009745302610099316,,,,,
946,946,,,0.9739964008331299,0.07847198098897934,0.022516323253512383,0.01937822252511978
946,946,0.009742802008986473,,,,,
947,947,,,0.9741601943969727,0.07854245603084564,0.02252662181854248,0.01937822252511978
947,947,0.009740294888615608,,,,,
948,948,,,0.9743231534957886,0.07861220091581345,0.022536853328347206,0.01937822252511978
948,948,0.009737793356180191,,,,,
949,949,,0.009735288098454475,,,,
949,949,,,0.9744870066642761,0.07868214696645737,0.022547133266925812,0.01937822252511978
949,949,0.009735288098454475,,,,,
950,950,,,0.9746509194374084,0.07875259220600128,0.022557446733117104,0.01937822252511978
950,950,0.00973278284072876,,,,,
951,951,,,0.9748126864433289,0.0788227841258049,0.022567659616470337,0.01937822252511978
951,951,0.009730275720357895,,,,,
952,952,,,0.9749756455421448,0.0788927972316742,0.022577917203307152,0.01937822252511978
952,952,0.009727771393954754,,,,,
953,953,,,0.9751391410827637,0.07896299660205841,0.02258821204304695,0.01937822252511978
953,953,0.00972526241093874,,,,,
954,954,,,0.9753023386001587,0.07903345674276352,0.02259851060807705,0.01937822252511978
954,954,0.0097227543592453,,,,,
955,955,,,0.975463330745697,0.07910360395908356,0.02260870486497879,0.01937822252511978
955,955,0.00972025003284216,,,,,
956,956,,,0.9756259322166443,0.07917412370443344,0.022618988528847694,0.01937822252511978
956,956,0.009717736393213272,,,,,
957,957,,,0.9757882356643677,0.07924433052539825,0.022629251703619957,0.01937822252511978
957,957,0.009715228341519833,,,,,
958,958,,,0.9759501218795776,0.07931455969810486,0.022639498114585876,0.01937822252511978
958,958,0.009712712839245796,,,,,
959,959,,,0.976111650466919,0.07938515394926071,0.022649753838777542,0.01937822252511978
959,959,0.009710201062262058,,,,,
960,960,,,0.9762730002403259,0.07945547252893448,0.022659994661808014,0.01937822252511978
960,960,0.009707686491310596,,,,,
961,961,,,0.9764348864555359,0.07952568680047989,0.02267025224864483,0.01937822252511978
961,961,0.009705173783004284,,,,,
962,962,,,0.9765964150428772,0.07959619164466858,0.02268051728606224,0.01937822252511978
962,962,0.0097026526927948,,,,,
963,963,,,0.976756751537323,0.07966642081737518,0.02269071899354458,0.01937822252511978
963,963,0.00970013253390789,,,,,
964,964,,,0.9769174456596375,0.07973700761795044,0.0227009579539299,0.01937822252511978
964,964,0.009697618894279003,,,,,
965,965,,,0.9770783185958862,0.07980752736330032,0.02271120809018612,0.01937822252511978
965,965,0.009695098735392094,,,,,
966,966,,,0.9772390723228455,0.07987755537033081,0.022721432149410248,0.01937822252511978
966,966,0.009692579507827759,,,,,
967,967,,,0.9773996472358704,0.0799483209848404,0.022731687873601913,0.01937822252511978
967,967,0.009690054692327976,,,,,
968,968,,,0.9775597453117371,0.08001866936683655,0.022741906344890594,0.01937822252511978
968,968,0.009687530808150768,,,,,
969,969,,,0.9777191281318665,0.08008868247270584,0.022752083837985992,0.01937822252511978
969,969,0.00968499667942524,,,,,
970,970,,,0.977879524230957,0.08015947788953781,0.022762345150113106,0.01937822252511978
970,970,0.009682477451860905,,,,,
971,971,,,0.9780387282371521,0.0802297294139862,0.02277253568172455,0.01937822252511978
971,971,0.009679947979748249,,,,,
972,972,,,0.9781980514526367,0.08029983937740326,0.02278272621333599,0.01937822252511978
972,972,0.00967741571366787,,,,,
973,973,,,0.9783579111099243,0.08037023991346359,0.022792959585785866,0.01937822252511978
973,973,0.00967488344758749,,,,,
974,974,,,0.9785177111625671,0.08044072985649109,0.02280319854617119,0.01937822252511978
974,974,0.00967235304415226,,,,,
975,975,,,0.9786754250526428,0.08051083981990814,0.022813333198428154,0.01937822252511978
975,975,0.009669813327491283,,,,,
976,976,,,0.9788339734077454,0.08058109134435654,0.02282351441681385,0.01937822252511978
976,976,0.009667281061410904,,,,,
977,977,,,0.9789936542510986,0.08065164089202881,0.02283376455307007,0.01937822252511978
977,977,0.009664739482104778,,,,,
978,978,,,0.9791515469551086,0.08072126656770706,0.022843895480036736,0.01937822252511978
978,978,0.009662197902798653,,,,,
979,979,,,0.9793097972869873,0.08079158514738083,0.02285408042371273,0.01937822252511978
979,979,0.009659660048782825,,,,,
980,980,,,0.9794682264328003,0.0808621421456337,0.022864285856485367,0.01937822252511978
980,980,0.009657113812863827,,,,,
981,981,,,0.979625403881073,0.08093194663524628,0.022874407470226288,0.01937822252511978
981,981,0.009654566645622253,,,,,
982,982,,,0.9797840714454651,0.08100176602602005,0.02288459986448288,0.01937822252511978
982,982,0.00965201947838068,,,,,
983,983,,,0.9799419641494751,0.0810721218585968,0.022894784808158875,0.01937822252511978
983,983,0.009649470448493958,,,,,
984,984,,,0.9800980091094971,0.08114197105169296,0.02290487289428711,0.01937822252511978
984,984,0.009646916761994362,,,,,
985,985,,,0.9802554249763489,0.08121191710233688,0.022915028035640717,0.01937822252511978
985,985,0.009644361212849617,,,,,
986,986,,,0.9804132580757141,0.0812821015715599,0.02292521670460701,0.01937822252511978
986,986,0.009641806595027447,,,,,
987,987,,,0.9805698990821838,0.08135144412517548,0.02293531782925129,0.01937822252511978
987,987,0.009639246389269829,,,,,
988,988,,,0.9807265996932983,0.08142155408859253,0.022945461794734,0.01937822252511978
988,988,0.00963668990880251,,,,,
989,989,,,0.9808829426765442,0.08149141073226929,0.022955581545829773,0.01937822252511978
989,989,0.009634125977754593,,,,,
990,990,,,0.9810394644737244,0.08156073093414307,0.02296569012105465,0.01937822252511978
990,990,0.009631559252738953,,,,,
991,991,,,0.9811959862709045,0.08163059502840042,0.022975824773311615,0.01937822252511978
991,991,0.009628993459045887,,,,,
992,992,,,0.981351375579834,0.08170031011104584,0.02298590913414955,0.01937822252511978
992,992,0.009626426734030247,,,,,
993,993,,,0.9815071225166321,0.08176963031291962,0.022995997220277786,0.01937822252511978
993,993,0.009623857215046883,,,,,
994,994,,,0.9816640019416809,0.08183901011943817,0.02300613559782505,0.01937822252511978
994,994,0.009621280245482922,,,,,
995,995,,,0.9818190336227417,0.0819084420800209,0.023016203194856644,0.01937822252511978
995,995,0.009618701413273811,,,,,
996,996,,,0.9819738268852234,0.08197798579931259,0.023026270791888237,0.01937822252511978
996,996,0.009616122581064701,,,,,
997,997,,,0.982128918170929,0.08204717934131622,0.02303633652627468,0.01937822252511978
997,997,0.00961354374885559,,,,,
998,998,,,0.9822845458984375,0.08211605995893478,0.02304641716182232,0.01937822252511978
998,998,0.009610956534743309,,,,,
999,999,,0.009608371183276176,,,,
999,999,,,0.9824399948120117,0.08218558877706528,0.023056522011756897,0.01937822252511978
999,999,0.009608371183276176,,,,,
1000,1000,,,0.9824399948120117,0.08218558877706528,0.023056522011756897,0.01937822252511978
