epoch,step,train/loss_epoch,train/loss_step,val/error_qq,val/error_xx,val/loss,val/loss_best
0,0,,,1.4645129442214966,1.072805404663086,0.3938523530960083,0.3938523530960083
0,0,2.0165390968322754,,,,,
1,1,,,0.9186611175537109,0.8200312256813049,0.22099947929382324,0.22099947929382324
1,1,1.6209853887557983,,,,,
2,2,,,1.4849276542663574,0.5516704320907593,0.14064764976501465,0.14064764976501465
2,2,0.9514357447624207,,,,,
3,3,,,1.3060096502304077,0.5726831555366516,0.13662341237068176,0.13662341237068176
3,3,0.5563431978225708,,,,,
4,4,,,0.9995660781860352,0.4442390203475952,0.08160430938005447,0.08160430938005447
4,4,0.407793253660202,,,,,
5,5,,,0.930279016494751,0.27698060870170593,0.04235352575778961,0.04235352575778961
5,5,0.20986446738243103,,,,,
6,6,,,0.9569501280784607,0.5355417728424072,0.10664398968219757,0.04235352575778961
6,6,0.06356357783079147,,,,,
7,7,,,0.9587680697441101,0.6487382650375366,0.1470295935869217,0.04235352575778961
7,7,0.13831429183483124,,,,,
8,8,,,0.9377673864364624,0.5943217873573303,0.1258031725883484,0.04235352575778961
8,8,0.20392803847789764,,,,,
9,9,,,0.9731229543685913,0.6147419810295105,0.13473233580589294,0.04235352575778961
9,9,0.18512247502803802,,,,,
10,10,,,1.0944198369979858,0.6513314843177795,0.1542501002550125,0.04235352575778961
10,10,0.2326086163520813,,,,,
11,11,,,1.1611794233322144,0.5950986742973328,0.13653112947940826,0.04235352575778961
11,11,0.27552875876426697,,,,,
12,12,,,1.074399471282959,0.5379865169525146,0.11274991929531097,0.04235352575778961
12,12,0.22171878814697266,,,,,
13,13,,,0.9491700530052185,0.5380475521087646,0.10712238401174545,0.04235352575778961
13,13,0.1519269049167633,,,,,
14,14,,,0.908494234085083,0.5070585012435913,0.09570042043924332,0.04235352575778961
14,14,0.1323019117116928,,,,,
15,15,,,0.9196872115135193,0.4066767394542694,0.06857741624116898,0.04235352575778961
15,15,0.11594965308904648,,,,,
16,16,,,1.0007877349853516,0.30975258350372314,0.05116938054561615,0.04235352575778961
16,16,0.07297474145889282,,,,,
17,17,,,1.1127495765686035,0.29188188910484314,0.053210027515888214,0.04235352575778961
17,17,0.05094997584819794,,,,,
18,18,,,1.1285760402679443,0.2948196232318878,0.054518766701221466,0.04235352575778961
18,18,0.0699293315410614,,,,,
19,19,,,1.0402929782867432,0.26968833804130554,0.04598606377840042,0.04235352575778961
19,19,0.08811884373426437,,,,,
20,20,,,0.9462434649467468,0.2646418809890747,0.041011713445186615,0.041011713445186615
20,20,0.08520342409610748,,,,,
21,21,,,0.9085474610328674,0.30553722381591797,0.04646472632884979,0.041011713445186615
21,21,0.08591701835393906,,,,,
22,22,,,0.9192115068435669,0.3300902247428894,0.0515916645526886,0.041011713445186615
22,22,0.10156277567148209,,,,,
23,23,,,0.9584341645240784,0.30501696467399597,0.04844479262828827,0.041011713445186615
23,23,0.11048341542482376,,,,,
24,24,,,1.0010722875595093,0.2664637863636017,0.04368200898170471,0.041011713445186615
24,24,0.10000880807638168,,,,,
25,25,,,1.02735435962677,0.2630448341369629,0.04432571679353714,0.041011713445186615
25,25,0.08640319854021072,,,,,
26,26,,,1.0363843441009521,0.27357053756713867,0.04643932357430458,0.041011713445186615
26,26,0.08304070681333542,,,,,
27,27,,,1.029118537902832,0.27249860763549805,0.04592888057231903,0.041011713445186615
27,27,0.07887007296085358,,,,,
28,28,,,0.9995440244674683,0.28866615891456604,0.04731981083750725,0.041011713445186615
28,28,0.06457586586475372,,,,,
29,29,,,0.9533404111862183,0.33050376176834106,0.05309800058603287,0.041011713445186615
29,29,0.05231837183237076,,,,,
30,30,,,0.9175513982772827,0.3590944707393646,0.057534076273441315,0.041011713445186615
30,30,0.051828235387802124,,,,,
31,31,,,0.915565013885498,0.3602653443813324,0.057706188410520554,0.041011713445186615
31,31,0.053978994488716125,,,,,
32,32,,,0.9544554948806763,0.3572706878185272,0.05868079885840416,0.041011713445186615
32,32,0.051418885588645935,,,,,
33,33,,,1.0123178958892822,0.36497557163238525,0.06289011240005493,0.041011713445186615
33,33,0.051706038415431976,,,,,
34,34,,,1.0325253009796143,0.3722149729728699,0.0654156357049942,0.041011713445186615
34,34,0.05874026566743851,,,,,
35,35,,,0.9960089921951294,0.3747878968715668,0.06434277445077896,0.041011713445186615
35,35,0.06273307651281357,,,,,
36,36,,,0.9490817189216614,0.3807586431503296,0.06366506218910217,0.041011713445186615
36,36,0.060055118054151535,,,,,
37,37,,,0.9327709078788757,0.3846485912799835,0.06387627124786377,0.041011713445186615
37,37,0.058640800416469574,,,,,
38,38,,,0.950251579284668,0.3719450533390045,0.061719860881567,0.041011713445186615
38,38,0.058896731585264206,,,,,
39,39,,,0.9832764267921448,0.34617480635643005,0.057578448206186295,0.041011713445186615
39,39,0.05497729405760765,,,,,
40,40,,,1.0027388334274292,0.3251171410083771,0.054189469665288925,0.041011713445186615
40,40,0.049481187015771866,,,,,
41,41,,,1.0000286102294922,0.3124696612358093,0.051643867045640945,0.041011713445186615
41,41,0.047938551753759384,,,,,
42,42,,,0.9896653294563293,0.30229365825653076,0.04930335655808449,0.041011713445186615
42,42,0.04818055406212807,,,,,
43,43,,,0.9807759523391724,0.2994057238101959,0.04839053004980087,0.041011713445186615
43,43,0.04675208032131195,,,,,
44,44,,,0.970569908618927,0.3027934432029724,0.04856012016534805,0.041011713445186615
44,44,0.046504128724336624,,,,,
45,45,,,0.9605383276939392,0.29948824644088745,0.04752986133098602,0.041011713445186615
45,45,0.04889422655105591,,,,,
46,46,,,0.9619814157485962,0.28905677795410156,0.04574570059776306,0.041011713445186615
46,46,0.050208594650030136,,,,,
47,47,,,0.9812441468238831,0.28264182806015015,0.04547715187072754,0.041011713445186615
47,47,0.04967794939875603,,,,,
48,48,,,1.0041019916534424,0.2826201915740967,0.04648479074239731,0.041011713445186615
48,48,0.049790918827056885,,,,,
49,49,,0.05014776438474655,,,,
49,49,,,1.0023577213287354,0.2856499254703522,0.04692447930574417,0.041011713445186615
49,49,0.05014776438474655,,,,,
50,50,,,0.9720117449760437,0.2928979992866516,0.04685014486312866,0.041011713445186615
50,50,0.048837099224328995,,,,,
51,51,,,0.9428947567939758,0.3033040463924408,0.047473058104515076,0.041011713445186615
51,51,0.04709756374359131,,,,,
52,52,,,0.9390460252761841,0.3106447458267212,0.04866675287485123,0.041011713445186615
52,52,0.04667755588889122,,,,,
53,53,,,0.9579163193702698,0.3126991093158722,0.04984951764345169,0.041011713445186615
53,53,0.04624030739068985,,,,,
54,54,,,0.9767791628837585,0.3140273094177246,0.05091307312250137,0.041011713445186615
54,54,0.045330218970775604,,,,,
55,55,,,0.9766635894775391,0.31768807768821716,0.05160338431596756,0.041011713445186615
55,55,0.04542895033955574,,,,,
56,56,,,0.9646427631378174,0.3227289915084839,0.052054014056921005,0.041011713445186615
56,56,0.04615309461951256,,,,,
57,57,,,0.9566601514816284,0.329179972410202,0.05297672748565674,0.041011713445186615
57,57,0.046237654983997345,,,,,
58,58,,,0.9557066559791565,0.33473119139671326,0.054044246673583984,0.041011713445186615
58,58,0.046229857951402664,,,,,
59,59,,,0.9566201567649841,0.3340594172477722,0.053948089480400085,0.041011713445186615
59,59,0.046648088842630386,,,,,
60,60,,,0.9598420262336731,0.32795798778533936,0.05287116765975952,0.041011713445186615
60,60,0.046493999660015106,,,,,
61,61,,,0.9696293473243713,0.32180464267730713,0.05208983272314072,0.041011713445186615
61,61,0.04588351026177406,,,,,
62,62,,,0.9807998538017273,0.31744539737701416,0.0517374724149704,0.041011713445186615
62,62,0.04567832872271538,,,,,
63,63,,,0.9798519611358643,0.31475743651390076,0.05118510127067566,0.041011713445186615
63,63,0.04545815289020538,,,,,
64,64,,,0.9659227132797241,0.3132880628108978,0.0503036230802536,0.041011713445186615
64,64,0.044998180121183395,,,,,
65,65,,,0.955913782119751,0.31081318855285645,0.049410540610551834,0.041011713445186615
65,65,0.04490070417523384,,,,,
66,66,,,0.961763858795166,0.3062180280685425,0.048808012157678604,0.041011713445186615
66,66,0.04507613554596901,,,,,
67,67,,,0.9759345650672913,0.30143803358078003,0.048546575009822845,0.041011713445186615
67,67,0.04502116143703461,,,,,
68,68,,,0.9807040691375732,0.2986451983451843,0.048250626772642136,0.041011713445186615
68,68,0.045057449489831924,,,,,
69,69,,,0.9718780517578125,0.29829511046409607,0.04780374467372894,0.041011713445186615
69,69,0.04524926096200943,,,,,
70,70,,,0.9618933200836182,0.30024638772010803,0.04772462695837021,0.041011713445186615
70,70,0.0451861135661602,,,,,
71,71,,,0.9592116475105286,0.30327606201171875,0.04815960302948952,0.041011713445186615
71,71,0.045025479048490524,,,,,
72,72,,,0.960631787776947,0.3049736022949219,0.04853082448244095,0.041011713445186615
72,72,0.04498648643493652,,,,,
73,73,,,0.961736798286438,0.30527544021606445,0.04863354563713074,0.041011713445186615
73,73,0.044836945831775665,,,,,
74,74,,,0.9637492299079895,0.30624428391456604,0.04889804124832153,0.041011713445186615
74,74,0.044624123722314835,,,,,
75,75,,,0.9666251540184021,0.3086300194263458,0.049462832510471344,0.041011713445186615
75,75,0.044595494866371155,,,,,
76,76,,,0.9650002717971802,0.31200116872787476,0.050021979957818985,0.041011713445186615
76,76,0.04456848278641701,,,,,
77,77,,,0.9579132795333862,0.3151518702507019,0.05031242221593857,0.041011713445186615
77,77,0.044505976140499115,,,,,
78,78,,,0.953976035118103,0.3165009319782257,0.05040089040994644,0.041011713445186615
78,78,0.044557053595781326,,,,,
79,79,,,0.9593305587768555,0.31593838334083557,0.050522223114967346,0.041011713445186615
79,79,0.04459446668624878,,,,,
80,80,,,0.9677258133888245,0.31465157866477966,0.05063876882195473,0.041011713445186615
80,80,0.04453602805733681,,,,,
81,81,,,0.9687334895133972,0.3135424852371216,0.05047276243567467,0.041011713445186615
81,81,0.04451907053589821,,,,,
82,82,,,0.9631294012069702,0.31287881731987,0.05010649189352989,0.041011713445186615
82,82,0.04447675496339798,,,,,
83,83,,,0.959862470626831,0.31236836314201355,0.049870528280735016,0.041011713445186615
83,83,0.044368498027324677,,,,,
84,84,,,0.9617680311203003,0.3110683262348175,0.04970843344926834,0.041011713445186615
84,84,0.04431375488638878,,,,,
85,85,,,0.9644674062728882,0.30864468216896057,0.04937269911170006,0.041011713445186615
85,85,0.044279538094997406,,,,,
86,86,,,0.9655630588531494,0.30621907114982605,0.04897138476371765,0.041011713445186615
86,86,0.04422209784388542,,,,,
87,87,,,0.9663777947425842,0.30487269163131714,0.04875907301902771,0.041011713445186615
87,87,0.04421672970056534,,,,,
88,88,,,0.9660342335700989,0.30473649501800537,0.048719312995672226,0.041011713445186615
88,88,0.044221181422472,,,,,
89,89,,,0.9626516103744507,0.30518803000450134,0.048656731843948364,0.041011713445186615
89,89,0.04419070482254028,,,,,
90,90,,,0.9593899846076965,0.3053708076477051,0.04855058342218399,0.041011713445186615
90,90,0.04417842626571655,,,,,
91,91,,,0.9608847498893738,0.30522072315216064,0.04858699440956116,0.041011713445186615
91,91,0.04415520280599594,,,,,
92,92,,,0.9649320840835571,0.3053343594074249,0.048781558871269226,0.041011713445186615
92,92,0.04410106688737869,,,,,
93,93,,,0.9650448560714722,0.3060767948627472,0.04892289638519287,0.041011713445186615
93,93,0.04406600445508957,,,,,
94,94,,,0.9609326720237732,0.30736616253852844,0.048984214663505554,0.041011713445186615
94,94,0.04403197765350342,,,,,
95,95,,,0.9584059119224548,0.3087399899959564,0.0491306409239769,0.041011713445186615
95,95,0.04398927465081215,,,,,
96,96,,,0.9595990180969238,0.30952924489974976,0.04932837188243866,0.041011713445186615
96,96,0.04397149011492729,,,,,
97,97,,,0.9613065123558044,0.30955085158348083,0.04940548539161682,0.041011713445186615
97,97,0.04395392909646034,,,,,
98,98,,,0.9617054462432861,0.30932489037513733,0.04938053339719772,0.041011713445186615
98,98,0.04392867907881737,,,,,
99,99,,0.04391518980264664,,,,
99,99,,,0.9618837833404541,0.30930736660957336,0.04938491806387901,0.041011713445186615
99,99,0.04391518980264664,,,,,
100,100,,,0.9616203904151917,0.30943673849105835,0.04939769580960274,0.041011713445186615
100,100,0.04389116168022156,,,,,
101,101,,,0.9601877331733704,0.3092605173587799,0.049303557723760605,0.041011713445186615
101,101,0.043859370052814484,,,,,
102,102,,,0.9597314596176147,0.308502197265625,0.049143172800540924,0.041011713445186615
102,102,0.04383503645658493,,,,,
103,103,,,0.962006151676178,0.30746573209762573,0.04904863238334656,0.041011713445186615
103,103,0.04380378499627113,,,,,
104,104,,,0.9641940593719482,0.30661240220069885,0.048984989523887634,0.041011713445186615
104,104,0.04377415403723717,,,,,
105,105,,,0.9631797075271606,0.3061389625072479,0.048854194581508636,0.041011713445186615
105,105,0.043753743171691895,,,,,
106,106,,,0.9610081315040588,0.30595663189888,0.04872751608490944,0.041011713445186615
106,106,0.04372917860746384,,,,,
107,107,,,0.9609774351119995,0.30578938126564026,0.048695437610149384,0.041011713445186615
107,107,0.04370862618088722,,,,,
108,108,,,0.9622665643692017,0.3054639995098114,0.04869088530540466,0.041011713445186615
108,108,0.043690599501132965,,,,,
109,109,,,0.9625888466835022,0.3051769733428955,0.04865201190114021,0.041011713445186615
109,109,0.04366660118103027,,,,,
110,110,,,0.9621405601501465,0.30523473024368286,0.04864338040351868,0.041011713445186615
110,110,0.04364438354969025,,,,,
111,111,,,0.9616379141807556,0.30565187335014343,0.04869845509529114,0.041011713445186615
111,111,0.043621212244033813,,,,,
112,112,,,0.9606115818023682,0.30612146854400635,0.048740871250629425,0.041011713445186615
112,112,0.04359469562768936,,,,,
113,113,,,0.9597171545028687,0.3063548505306244,0.048745572566986084,0.041011713445186615
113,113,0.043572261929512024,,,,,
114,114,,,0.9603810906410217,0.306400328874588,0.048782363533973694,0.041011713445186615
114,114,0.043549418449401855,,,,,
115,115,,,0.9615223407745361,0.3064609169960022,0.0488424077630043,0.041011713445186615
115,115,0.043527036905288696,,,,,
116,116,,,0.9609826803207397,0.306607186794281,0.04884624853730202,0.041011713445186615
116,116,0.043507833033800125,,,,,
117,117,,,0.9596261382102966,0.3067455291748047,0.048813700675964355,0.041011713445186615
117,117,0.04348667711019516,,,,,
118,118,,,0.9596781134605408,0.3067064583301544,0.04880871623754501,0.041011713445186615
118,118,0.043465860188007355,,,,,
119,119,,,0.9607481360435486,0.3064117133617401,0.04880017042160034,0.041011713445186615
119,119,0.04344527795910835,,,,,
120,120,,,0.9612370729446411,0.306001216173172,0.0487455278635025,0.041011713445186615
120,120,0.04342262074351311,,,,,
121,121,,,0.9612393379211426,0.3056839406490326,0.04868726804852486,0.041011713445186615
121,121,0.04340115934610367,,,,,
122,122,,,0.961258053779602,0.30549657344818115,0.04865363985300064,0.041011713445186615
122,122,0.043379802256822586,,,,,
123,123,,,0.9609865546226501,0.30529654026031494,0.04860527068376541,0.041011713445186615
123,123,0.04335832595825195,,,,,
124,124,,,0.9608426094055176,0.3049940764904022,0.04854360967874527,0.041011713445186615
124,124,0.043338626623153687,,,,,
125,125,,,0.9615277647972107,0.30469170212745667,0.04851752519607544,0.041011713445186615
125,125,0.04331844300031662,,,,,
126,126,,,0.9620704054832458,0.30452609062194824,0.04851045086979866,0.041011713445186615
126,126,0.04329853132367134,,,,,
127,127,,,0.9614042639732361,0.3045191168785095,0.048480622470378876,0.041011713445186615
127,127,0.04327899217605591,,,,,
128,128,,,0.960582971572876,0.3045893609523773,0.04845830798149109,0.041011713445186615
128,128,0.0432584322988987,,,,,
129,129,,,0.9607256650924683,0.3046312928199768,0.048472099006175995,0.041011713445186615
129,129,0.04323844984173775,,,,,
130,130,,,0.9610843062400818,0.30461883544921875,0.048485174775123596,0.041011713445186615
130,130,0.04321829974651337,,,,,
131,131,,,0.9609407186508179,0.3046301603317261,0.04848109930753708,0.041011713445186615
131,131,0.04319816827774048,,,,,
132,132,,,0.960711658000946,0.30472129583358765,0.04848799109458923,0.041011713445186615
132,132,0.043178822845220566,,,,,
133,133,,,0.9605163931846619,0.30482417345046997,0.04849848523736,0.041011713445186615
133,133,0.043159324675798416,,,,,
134,134,,,0.9602482914924622,0.30482563376426697,0.04848727583885193,0.041011713445186615
134,134,0.043140262365341187,,,,,
135,135,,,0.9604185223579407,0.304716557264328,0.048474568873643875,0.041011713445186615
135,135,0.04312128573656082,,,,,
136,136,,,0.9609749913215637,0.30457645654678345,0.04847273230552673,0.041011713445186615
136,136,0.04310208559036255,,,,,
137,137,,,0.9609998464584351,0.3044548034667969,0.04845152050256729,0.041011713445186615
137,137,0.04308316484093666,,,,,
138,138,,,0.9605786204338074,0.3043366074562073,0.04841184616088867,0.041011713445186615
138,138,0.04306406527757645,,,,,
139,139,,,0.9606457352638245,0.3041797876358032,0.048386022448539734,0.041011713445186615
139,139,0.043045155704021454,,,,,
140,140,,,0.9610850811004639,0.30397239327430725,0.04836691543459892,0.041011713445186615
140,140,0.043026480823755264,,,,,
141,141,,,0.9612292647361755,0.3037685453891754,0.04833584278821945,0.041011713445186615
141,141,0.04300783574581146,,,,,
142,142,,,0.9611851572990417,0.3036354184150696,0.04830964282155037,0.041011713445186615
142,142,0.042989518493413925,,,,,
143,143,,,0.9611408710479736,0.3035688102245331,0.048295579850673676,0.041011713445186615
143,143,0.042971234768629074,,,,,
144,144,,,0.960978627204895,0.303509920835495,0.04827788099646568,0.041011713445186615
144,144,0.042953018099069595,,,,,
145,145,,,0.9609808921813965,0.30343931913375854,0.04826509207487106,0.041011713445186615
145,145,0.042934905737638474,,,,,
146,146,,,0.9612576961517334,0.3033921420574188,0.04826834425330162,0.041011713445186615
146,146,0.04291674867272377,,,,,
147,147,,,0.9612417221069336,0.30339011549949646,0.048267289996147156,0.041011713445186615
147,147,0.0428987517952919,,,,,
148,148,,,0.9608882665634155,0.30341267585754395,0.04825626686215401,0.041011713445186615
148,148,0.04288085177540779,,,,,
149,149,,0.04286305606365204,,,,
149,149,,,0.9608179926872253,0.30341818928718567,0.048254258930683136,0.041011713445186615
149,149,0.04286305606365204,,,,,
150,150,,,0.961014449596405,0.3033802807331085,0.048255760222673416,0.041011713445186615
150,150,0.04284544289112091,,,,,
151,151,,,0.961060106754303,0.3033149540424347,0.04824579507112503,0.041011713445186615
151,151,0.04282785952091217,,,,,
152,152,,,0.9610308408737183,0.30325353145599365,0.04823334515094757,0.041011713445186615
152,152,0.042810454964637756,,,,,
153,153,,,0.9610191583633423,0.30319079756736755,0.0482214093208313,0.041011713445186615
153,153,0.04279307276010513,,,,,
154,154,,,0.9609498381614685,0.3030962347984314,0.048201192170381546,0.041011713445186615
154,154,0.04277576133608818,,,,,
155,155,,,0.9610360264778137,0.30296894907951355,0.0481816902756691,0.041011713445186615
155,155,0.04275856167078018,,,,,
156,156,,,0.9612851738929749,0.3028405010700226,0.04816897213459015,0.041011713445186615
156,156,0.042741380631923676,,,,,
157,157,,,0.9613012671470642,0.30273357033729553,0.048150189220905304,0.041011713445186615
157,157,0.042724378407001495,,,,,
158,158,,,0.961159884929657,0.3026466369628906,0.04812830314040184,0.041011713445186615
158,158,0.04270746558904648,,,,,
159,159,,,0.9612289071083069,0.30256515741348267,0.04811643809080124,0.041011713445186615
159,159,0.04269063100218773,,,,,
160,160,,,0.96137535572052,0.3024832606315613,0.04810781031847,0.041011713445186615
160,160,0.04267391562461853,,,,,
161,161,,,0.9614032506942749,0.3024166226387024,0.04809688404202461,0.041011713445186615
161,161,0.042657218873500824,,,,,
162,162,,,0.9614105224609375,0.30237868428230286,0.04809029400348663,0.041011713445186615
162,162,0.042640674859285355,,,,,
163,163,,,0.9613741040229797,0.3023546040058136,0.04808436334133148,0.041011713445186615
163,163,0.04262416064739227,,,,,
164,164,,,0.9613121151924133,0.3023214042186737,0.04807566478848457,0.041011713445186615
164,164,0.04260773956775665,,,,,
165,165,,,0.9614023566246033,0.3022770583629608,0.048071473836898804,0.041011713445186615
165,165,0.0425913967192173,,,,,
166,166,,,0.9615009427070618,0.3022313714027405,0.04806739091873169,0.041011713445186615
166,166,0.0425751656293869,,,,,
167,167,,,0.9614171981811523,0.30218642950057983,0.048055633902549744,0.041011713445186615
167,167,0.042559027671813965,,,,,
168,168,,,0.9613634347915649,0.30213409662246704,0.04804382473230362,0.041011713445186615
168,168,0.042542945593595505,,,,,
169,169,,,0.9614470601081848,0.30206453800201416,0.04803476855158806,0.041011713445186615
169,169,0.042526960372924805,,,,,
170,170,,,0.9615069031715393,0.30198100209236145,0.04802216589450836,0.041011713445186615
170,170,0.04251105338335037,,,,,
171,171,,,0.9615450501441956,0.3018990159034729,0.048008911311626434,0.041011713445186615
171,171,0.042495205998420715,,,,,
172,172,,,0.9615781903266907,0.30182456970214844,0.04799681529402733,0.041011713445186615
172,172,0.04247944429516792,,,,,
173,173,,,0.9615576863288879,0.30175015330314636,0.047982435673475266,0.041011713445186615
173,173,0.0424637533724308,,,,,
174,174,,,0.9616086483001709,0.30167362093925476,0.0479707345366478,0.041011713445186615
174,174,0.04244818538427353,,,,,
175,175,,,0.9617332220077515,0.3016025424003601,0.047963179647922516,0.041011713445186615
175,175,0.04243265837430954,,,,,
176,176,,,0.961747944355011,0.30154329538345337,0.04795306175947189,0.041011713445186615
176,176,0.04241722449660301,,,,,
177,177,,,0.961715579032898,0.3014947175979614,0.0479428693652153,0.041011713445186615
177,177,0.04240185394883156,,,,,
178,178,,,0.9617596864700317,0.30144885182380676,0.047936443239450455,0.041011713445186615
178,178,0.042386557906866074,,,,,
179,179,,,0.9618058204650879,0.30140072107315063,0.04792969673871994,0.041011713445186615
179,179,0.04237134009599686,,,,,
180,180,,,0.961836576461792,0.3013542592525482,0.04792259633541107,0.041011713445186615
180,180,0.04235619306564331,,,,,
181,181,,,0.9618644714355469,0.30131208896636963,0.04791615158319473,0.041011713445186615
181,181,0.042341120541095734,,,,,
182,182,,,0.9618417620658875,0.30126798152923584,0.047907184809446335,0.041011713445186615
182,182,0.04232611134648323,,,,,
183,183,,,0.9618527889251709,0.30121663212776184,0.04789835214614868,0.041011713445186615
183,183,0.042311206459999084,,,,,
184,184,,,0.9619334936141968,0.30115941166877747,0.04789145290851593,0.041011713445186615
184,184,0.04229634255170822,,,,,
185,185,,,0.9619604349136353,0.3011005222797394,0.04788193851709366,0.041011713445186615
185,185,0.04228156432509422,,,,,
186,186,,,0.9619526863098145,0.3010420799255371,0.04787103086709976,0.041011713445186615
186,186,0.042266845703125,,,,,
187,187,,,0.9619895219802856,0.3009820878505707,0.047861747443675995,0.041011713445186615
187,187,0.042252201586961746,,,,,
188,188,,,0.9620313048362732,0.3009189963340759,0.04785212129354477,0.041011713445186615
188,188,0.042237620800733566,,,,,
189,189,,,0.9620795845985413,0.30085718631744385,0.04784300923347473,0.041011713445186615
189,189,0.042223114520311356,,,,,
190,190,,,0.9621249437332153,0.30080077052116394,0.04783474653959274,0.041011713445186615
190,190,0.042208656668663025,,,,,
191,191,,,0.962126612663269,0.30074843764305115,0.04782535508275032,0.041011713445186615
191,191,0.04219429939985275,,,,,
192,192,,,0.9621520042419434,0.30069786310195923,0.04781729727983475,0.041011713445186615
192,192,0.04217998683452606,,,,,
193,193,,,0.9622176289558411,0.300648957490921,0.04781126230955124,0.041011713445186615
193,193,0.04216573014855385,,,,,
194,194,,,0.9622448682785034,0.3006030321121216,0.04780413582921028,0.041011713445186615
194,194,0.042151570320129395,,,,,
195,195,,,0.9622553586959839,0.30056032538414,0.047796860337257385,0.041011713445186615
195,195,0.042137447744607925,,,,,
196,196,,,0.9622828960418701,0.3005177974700928,0.04779035970568657,0.041011713445186615
196,196,0.042123399674892426,,,,,
197,197,,,0.9623094797134399,0.3004729449748993,0.04778338968753815,0.041011713445186615
197,197,0.042109414935112,,,,,
198,198,,,0.9623529314994812,0.30042657256126404,0.047776877880096436,0.041011713445186615
198,198,0.042095497250556946,,,,,
199,199,,0.042081624269485474,,,,
199,199,,,0.9623862504959106,0.3003799617290497,0.04776988551020622,0.041011713445186615
199,199,0.042081624269485474,,,,,
200,200,,,0.9623902440071106,0.30033212900161743,0.04776141792535782,0.041011713445186615
200,200,0.04206782206892967,,,,,
201,201,,,0.962424635887146,0.30028221011161804,0.04775387793779373,0.041011713445186615
201,201,0.04205407574772835,,,,,
202,202,,,0.9624728560447693,0.3002307116985321,0.047746650874614716,0.041011713445186615
202,202,0.042040396481752396,,,,,
203,203,,,0.9624989032745361,0.30017971992492676,0.047738559544086456,0.041011713445186615
203,203,0.042026784271001816,,,,,
204,204,,,0.9625271558761597,0.3001304864883423,0.047730885446071625,0.041011713445186615
204,204,0.04201320931315422,,,,,
205,205,,,0.9625509977340698,0.30008241534233093,0.047723233699798584,0.041011713445186615
205,205,0.04199972748756409,,,,,
206,206,,,0.9625838398933411,0.3000352680683136,0.047716133296489716,0.041011713445186615
206,206,0.04198627918958664,,,,,
207,207,,,0.9626309871673584,0.299990177154541,0.04771002382040024,0.041011713445186615
207,207,0.04197287559509277,,,,,
208,208,,,0.9626531004905701,0.2999475300312042,0.04770328104496002,0.041011713445186615
208,208,0.041959527879953384,,,,,
209,209,,,0.9626725912094116,0.29990655183792114,0.04769672453403473,0.041011713445186615
209,209,0.04194625839591026,,,,,
210,210,,,0.9627113342285156,0.2998659312725067,0.04769105836749077,0.041011713445186615
210,210,0.04193302243947983,,,,,
211,211,,,0.9627444744110107,0.2998252213001251,0.04768513888120651,0.041011713445186615
211,211,0.04191986471414566,,,,,
212,212,,,0.9627757668495178,0.299784779548645,0.04767919331789017,0.041011713445186615
212,212,0.04190674051642418,,,,,
213,213,,,0.9628030061721802,0.2997440695762634,0.047673024237155914,0.041011713445186615
213,213,0.04189367592334747,,,,,
214,214,,,0.9628248810768127,0.2997022271156311,0.04766641929745674,0.041011713445186615
214,214,0.041880667209625244,,,,,
215,215,,,0.9628652930259705,0.29965940117836,0.04766043648123741,0.041011713445186615
215,215,0.041867684572935104,,,,,
216,216,,,0.9629002213478088,0.29961615800857544,0.04765414446592331,0.041011713445186615
216,216,0.04185478389263153,,,,,
217,217,,,0.9629203081130981,0.2995730936527252,0.047647248953580856,0.041011713445186615
217,217,0.04184192046523094,,,,,
218,218,,,0.9629520177841187,0.29953038692474365,0.04764091596007347,0.041011713445186615
218,218,0.04182910919189453,,,,,
219,219,,,0.9629828333854675,0.2994880676269531,0.04763461649417877,0.041011713445186615
219,219,0.0418163537979126,,,,,
220,220,,,0.9630159139633179,0.2994467318058014,0.04762859269976616,0.041011713445186615
220,220,0.04180362820625305,,,,,
221,221,,,0.9630478024482727,0.29940685629844666,0.04762278124690056,0.041011713445186615
221,221,0.04179093986749649,,,,,
222,222,,,0.9630694389343262,0.29936811327934265,0.047616731375455856,0.041011713445186615
222,222,0.04177835211157799,,,,,
223,223,,,0.9631013870239258,0.2993301749229431,0.04761127755045891,0.041011713445186615
223,223,0.04176577925682068,,,,,
224,224,,,0.9631379842758179,0.29929283261299133,0.047606125473976135,0.041011713445186615
224,224,0.04175323620438576,,,,,
225,225,,,0.9631639719009399,0.29925602674484253,0.04760061204433441,0.041011713445186615
225,225,0.0417407751083374,,,,,
226,226,,,0.9631929397583008,0.29921936988830566,0.04759526252746582,0.041011713445186615
226,226,0.04172832891345024,,,,,
227,227,,,0.963221549987793,0.2991824448108673,0.04758984595537186,0.041011713445186615
227,227,0.04171592369675636,,,,,
228,228,,,0.9632542729377747,0.2991451621055603,0.04758454114198685,0.041011713445186615
228,228,0.041703589260578156,,,,,
229,229,,,0.9632880687713623,0.2991076409816742,0.04757924750447273,0.041011713445186615
229,229,0.041691266000270844,,,,,
230,230,,,0.9633119702339172,0.2990701198577881,0.047573525458574295,0.041011713445186615
230,230,0.0416790135204792,,,,,
231,231,,,0.9633426666259766,0.299032598733902,0.047568097710609436,0.041011713445186615
231,231,0.04166678339242935,,,,,
232,232,,,0.963374674320221,0.2989952266216278,0.047562748193740845,0.041011713445186615
232,232,0.04165460541844368,,,,,
233,233,,,0.9634050130844116,0.29895830154418945,0.04755741357803345,0.041011713445186615
233,233,0.041642460972070694,,,,,
234,234,,,0.9634348154067993,0.2989220917224884,0.047552186995744705,0.041011713445186615
234,234,0.04163035377860069,,,,,
235,235,,,0.9634596705436707,0.2988865375518799,0.047546856105327606,0.041011713445186615
235,235,0.04161828011274338,,,,,
236,236,,,0.9634923338890076,0.2988515794277191,0.04754197597503662,0.041011713445186615
236,236,0.04160625487565994,,,,,
237,237,,,0.9635233283042908,0.2988171875476837,0.04753713309764862,0.041011713445186615
237,237,0.04159427434206009,,,,,
238,238,,,0.9635499715805054,0.2987832725048065,0.047532178461551666,0.041011713445186615
238,238,0.04158230870962143,,,,,
239,239,,,0.9635791182518005,0.2987496554851532,0.04752739146351814,0.041011713445186615
239,239,0.04157041758298874,,,,,
240,240,,,0.9636077880859375,0.29871615767478943,0.04752260446548462,0.041011713445186615
240,240,0.04155851528048515,,,,,
241,241,,,0.9636388421058655,0.29868263006210327,0.047517918050289154,0.041011713445186615
241,241,0.04154668375849724,,,,,
242,242,,,0.96366947889328,0.2986491322517395,0.047513216733932495,0.041011713445186615
242,242,0.041534874588251114,,,,,
243,243,,,0.9636944532394409,0.29861560463905334,0.04750826954841614,0.041011713445186615
243,243,0.04152308404445648,,,,,
244,244,,,0.9637266397476196,0.2985821068286896,0.04750363528728485,0.041011713445186615
244,244,0.04151133820414543,,,,,
245,245,,,0.963756799697876,0.29854875802993774,0.04749894142150879,0.041011713445186615
245,245,0.04149963706731796,,,,,
246,246,,,0.9637852907180786,0.2985156178474426,0.04749421775341034,0.041011713445186615
246,246,0.04148795083165169,,,,,
247,247,,,0.9638147354125977,0.2984828054904938,0.04748959094285965,0.041011713445186615
247,247,0.0414763018488884,,,,,
248,248,,,0.9638416767120361,0.2984503507614136,0.047484926879405975,0.041011713445186615
248,248,0.04146469384431839,,,,,
249,249,,0.041453104466199875,,,,
249,249,,,0.9638739228248596,0.2984182834625244,0.04748055338859558,0.041011713445186615
249,249,0.041453104466199875,,,,,
250,250,,,0.9639014005661011,0.2983866035938263,0.04747605323791504,0.041011713445186615
250,250,0.041441548615694046,,,,,
251,251,,,0.9639285206794739,0.29835525155067444,0.04747159034013748,0.041011713445186615
251,251,0.0414300337433815,,,,,
252,252,,,0.9639582633972168,0.2983241677284241,0.04746729135513306,0.041011713445186615
252,252,0.041418518871068954,,,,,
253,253,,,0.963986337184906,0.2982933223247528,0.04746296629309654,0.041011713445186615
253,253,0.04140704870223999,,,,,
254,254,,,0.9640161991119385,0.2982625663280487,0.04745873063802719,0.041011713445186615
254,254,0.041395608335733414,,,,,
255,255,,,0.9640429019927979,0.29823189973831177,0.04745437949895859,0.041011713445186615
255,255,0.04138416796922684,,,,,
256,256,,,0.9640712738037109,0.298201322555542,0.04745011031627655,0.041011713445186615
256,256,0.041372790932655334,,,,,
257,257,,,0.9641022682189941,0.2981707751750946,0.04744596406817436,0.041011713445186615
257,257,0.04136142134666443,,,,,
258,258,,,0.9641292095184326,0.298140287399292,0.04744165763258934,0.041011713445186615
258,258,0.041350074112415314,,,,,
259,259,,,0.9641587734222412,0.29810988903045654,0.047437481582164764,0.041011713445186615
259,259,0.04133874922990799,,,,,
260,260,,,0.9641856551170349,0.2980796992778778,0.04743322357535362,0.041011713445186615
260,260,0.041327450424432755,,,,,
261,261,,,0.9642165899276733,0.29804977774620056,0.04742918908596039,0.041011713445186615
261,261,0.0413161925971508,,,,,
262,262,,,0.9642437100410461,0.29802003502845764,0.04742502421140671,0.041011713445186615
262,262,0.04130493849515915,,,,,
263,263,,,0.9642711281776428,0.2979905605316162,0.0474209189414978,0.041011713445186615
263,263,0.04129369929432869,,,,,
264,264,,,0.9643005132675171,0.2979613244533539,0.047416944056749344,0.041011713445186615
264,264,0.04128248989582062,,,,,
265,265,,,0.9643267393112183,0.29793229699134827,0.047412872314453125,0.041011713445186615
265,265,0.04127131402492523,,,,,
266,266,,,0.9643577337265015,0.2979033887386322,0.047409024089574814,0.041011713445186615
266,266,0.04126012325286865,,,,,
267,267,,,0.9643818736076355,0.2978746294975281,0.04740491136908531,0.041011713445186615
267,267,0.04124898090958595,,,,,
268,268,,,0.9644128084182739,0.2978459298610687,0.04740109667181969,0.041011713445186615
268,268,0.04123784229159355,,,,,
269,269,,,0.9644386172294617,0.2978173494338989,0.04739708825945854,0.041011713445186615
269,269,0.041226740926504135,,,,,
270,270,,,0.9644684195518494,0.2977887690067291,0.047393254935741425,0.041011713445186615
270,270,0.04121564328670502,,,,,
271,271,,,0.964494526386261,0.2977602481842041,0.04738926887512207,0.041011713445186615
271,271,0.04120456799864769,,,,,
272,272,,,0.9645228981971741,0.29773181676864624,0.04738539457321167,0.041011713445186615
272,272,0.04119347408413887,,,,,
273,273,,,0.9645512700080872,0.29770347476005554,0.04738154262304306,0.041011713445186615
273,273,0.04118242487311363,,,,,
274,274,,,0.9645786285400391,0.2976752817630768,0.04737766832113266,0.041011713445186615
274,274,0.041171394288539886,,,,,
275,275,,,0.9646066427230835,0.2976471483707428,0.04737383872270584,0.041011713445186615
275,275,0.041160374879837036,,,,,
276,276,,,0.964633047580719,0.2976192235946655,0.047369975596666336,0.041011713445186615
276,276,0.04114935174584389,,,,,
277,277,,,0.9646621942520142,0.2975914180278778,0.04736625403165817,0.041011713445186615
277,277,0.04113835468888283,,,,,
278,278,,,0.9646884202957153,0.297563761472702,0.04736243188381195,0.041011713445186615
278,278,0.041127368807792664,,,,,
279,279,,,0.9647166132926941,0.297536164522171,0.04735870659351349,0.041011713445186615
279,279,0.04111640900373459,,,,,
280,280,,,0.9647420048713684,0.2975086569786072,0.04735487699508667,0.041011713445186615
280,280,0.04110544174909592,,,,,
281,281,,,0.9647723436355591,0.2974812388420105,0.04735127463936806,0.041011713445186615
281,281,0.04109450802206993,,,,,
282,282,,,0.9647958278656006,0.2974538207054138,0.047347381711006165,0.041011713445186615
282,282,0.04108354449272156,,,,,
283,283,,,0.9648277163505554,0.29742640256881714,0.047343842685222626,0.041011713445186615
283,283,0.04107262194156647,,,,,
284,284,,,0.964847981929779,0.29739904403686523,0.047339826822280884,0.041011713445186615
284,284,0.04106169193983078,,,,,
285,285,,,0.9648840427398682,0.29737168550491333,0.04733648523688316,0.041011713445186615
285,285,0.04105079174041748,,,,,
286,286,,,0.9649015069007874,0.297344446182251,0.047332361340522766,0.041011713445186615
286,286,0.041039880365133286,,,,,
287,287,,,0.9649384021759033,0.29731714725494385,0.047329068183898926,0.041011713445186615
287,287,0.041028980165719986,,,,,
288,288,,,0.9649540781974792,0.29729005694389343,0.047324903309345245,0.041011713445186615
288,288,0.04101807251572609,,,,,
289,289,,,0.9649946689605713,0.29726290702819824,0.04732178896665573,0.041011713445186615
289,289,0.04100717976689339,,,,,
290,290,,,0.9650055766105652,0.2972359359264374,0.04731743782758713,0.041011713445186615
290,290,0.04099629819393158,,,,,
291,291,,,0.9650500416755676,0.2972088158130646,0.04731450602412224,0.041011713445186615
291,291,0.04098539799451828,,,,,
292,292,,,0.9650556445121765,0.29718202352523804,0.047309957444667816,0.041011713445186615
292,292,0.04097452387213707,,,,,
293,293,,,0.9651097655296326,0.29715487360954285,0.047307439148426056,0.041011713445186615
293,293,0.04096363112330437,,,,,
294,294,,,0.9650997519493103,0.29712820053100586,0.0473022386431694,0.041011713445186615
294,294,0.04095277190208435,,,,,
295,295,,,0.965174674987793,0.2971009314060211,0.047300584614276886,0.041011713445186615
295,295,0.04094190150499344,,,,,
296,296,,,0.9651354551315308,0.29707449674606323,0.04729417711496353,0.041011713445186615
296,296,0.040931034833192825,,,,,
297,297,,,0.9652538895606995,0.29704681038856506,0.04729432612657547,0.041011713445186615
297,297,0.04092014953494072,,,,,
298,298,,,0.9651496410369873,0.29702088236808777,0.04728521406650543,0.041011713445186615
298,298,0.040909282863140106,,,,,
299,299,,0.040898397564888,,,,
299,299,,,0.9653624892234802,0.2969924211502075,0.04728928580880165,0.041011713445186615
299,299,0.040898397564888,,,,,
300,300,,,0.9651197195053101,0.29696768522262573,0.047274425625801086,0.041011713445186615
300,300,0.04088752344250679,,,,,
301,301,,,0.9655389189720154,0.29693737626075745,0.047287046909332275,0.041011713445186615
301,301,0.04087665304541588,,,,,
302,302,,,0.9649842381477356,0.29691535234451294,0.04725924879312515,0.041011713445186615
302,302,0.04086579382419586,,,,,
303,303,,,0.9658794403076172,0.2968808710575104,0.04729161411523819,0.041011713445186615
303,303,0.04085491970181465,,,,,
304,304,,,0.9645927548408508,0.29686546325683594,0.04723351076245308,0.041011713445186615
304,304,0.04084407538175583,,,,,
305,305,,,0.9666262865066528,0.2968205511569977,0.047313012182712555,0.041011713445186615
305,305,0.04083326831459999,,,,,
306,306,,,0.9635582566261292,0.2968217730522156,0.04718125984072685,0.041011713445186615
306,306,0.04082256928086281,,,,,
307,307,,,0.9684231281280518,0.29675060510635376,0.04737801104784012,0.041011713445186615
307,307,0.04081220179796219,,,,,
308,308,,,0.9608584046363831,0.29679548740386963,0.047060780227184296,0.041011713445186615
308,308,0.04080259054899216,,,,,
309,309,,,0.9730406999588013,0.29665616154670715,0.04756094515323639,0.041011713445186615
309,309,0.040794990956783295,,,,,
310,310,,,0.9537678360939026,0.2968220114707947,0.04676298052072525,0.041011713445186615
310,310,0.04079258814454079,,,,,
311,311,,,0.9856318235397339,0.29650598764419556,0.04808374494314194,0.041011713445186615
311,311,0.04080407693982124,,,,,
312,312,,,0.9352644681930542,0.29703283309936523,0.046021681278944016,0.041011713445186615
312,312,0.04085294157266617,,,,,
313,313,,,1.022269368171692,0.29629069566726685,0.04968477040529251,0.041011713445186615
313,313,0.04100419580936432,,,,,
314,314,,,0.8914573192596436,0.2980262041091919,0.044416092336177826,0.041011713445186615
314,314,0.041436053812503815,,,,,
315,315,,,1.1332976818084717,0.2965885400772095,0.055071327835321426,0.041011713445186615
315,315,0.04263366013765335,,,,,
316,316,,,0.8366593718528748,0.30244123935699463,0.04310288280248642,0.041011713445186615
316,316,0.0457666739821434,,,,,
317,317,,,1.3724761009216309,0.30026984214782715,0.06908802688121796,0.041011713445186615
317,317,0.05299638584256172,,,,,
318,318,,,0.853918194770813,0.30847930908203125,0.04486224055290222,0.041011713445186615
318,318,0.06416178494691849,,,,,
319,319,,,1.2442541122436523,0.2970346212387085,0.06102985143661499,0.041011713445186615
319,319,0.06870953738689423,,,,,
320,320,,,0.9615276455879211,0.2950550317764282,0.04677972197532654,0.041011713445186615
320,320,0.05328294262290001,,,,,
321,321,,,0.840675413608551,0.30075350403785706,0.04294690489768982,0.041011713445186615
321,321,0.04069291055202484,,,,,
322,322,,,1.2698073387145996,0.29766443371772766,0.0625741183757782,0.041011713445186615
322,322,0.050367359071969986,,,,,
323,323,,,0.8794559240341187,0.29808786511421204,0.04395350441336632,0.041011713445186615
323,323,0.05539516359567642,,,,,
324,324,,,0.8825254440307617,0.2983863353729248,0.04412756487727165,0.041011713445186615
324,324,0.0434405617415905,,,,,
325,325,,,1.2129888534545898,0.2977459132671356,0.05944497883319855,0.041011713445186615
325,325,0.04320043697953224,,,,,
326,326,,,0.8729956150054932,0.29954174160957336,0.04396246746182442,0.041011713445186615
326,326,0.050896454602479935,,,,,
327,327,,,0.910127580165863,0.2978360652923584,0.045131608843803406,0.041011713445186615
327,327,0.04415540769696236,,,,,
328,328,,,1.1666115522384644,0.2969607412815094,0.05684520676732063,0.041011713445186615
328,328,0.04162979871034622,,,,,
329,329,,,0.8844090700149536,0.2985590696334839,0.04423273727297783,0.041011713445186615
329,329,0.04768097400665283,,,,,
330,330,,,0.9157607555389404,0.29692763090133667,0.045198362320661545,0.041011713445186615
330,330,0.04319139942526817,,,,,
331,331,,,1.1330492496490479,0.29573774337768555,0.05490725114941597,0.041011713445186615
331,331,0.04142216220498085,,,,,
332,332,,,0.9033743739128113,0.29719725251197815,0.04474438726902008,0.041011713445186615
332,332,0.04570518434047699,,,,,
333,333,,,0.9107726216316223,0.29691141843795776,0.04499242827296257,0.041011713445186615
333,333,0.04196624085307121,,,,,
334,334,,,1.104185700416565,0.29555147886276245,0.05343508720397949,0.041011713445186615
334,334,0.041595570743083954,,,,,
335,335,,,0.9263246059417725,0.29687169194221497,0.04562203213572502,0.041011713445186615
335,335,0.044247690588235855,,,,,
336,336,,,0.9043725728988647,0.2977907955646515,0.044890787452459335,0.041011713445186615
336,336,0.04104376956820488,,,,,
337,337,,,1.0756607055664062,0.2959003746509552,0.052111439406871796,0.041011713445186615
337,337,0.04184000939130783,,,,,
338,338,,,0.9510123133659363,0.2966783344745636,0.04662037268280983,0.041011713445186615
338,338,0.04299258813261986,,,,,
339,339,,,0.9012455940246582,0.29808419942855835,0.04481752961874008,0.041011713445186615
339,339,0.040582507848739624,,,,,
340,340,,,1.04707932472229,0.2956539988517761,0.05071556568145752,0.041011713445186615
340,340,0.04196394234895706,,,,,
341,341,,,0.9747762680053711,0.29592135548591614,0.04750535637140274,0.041011713445186615
341,341,0.041919492185115814,,,,,
342,342,,,0.9028741717338562,0.29759156703948975,0.044794775545597076,0.041011713445186615
342,342,0.04050630331039429,,,,,
343,343,,,1.0198436975479126,0.29525020718574524,0.0493893139064312,0.041011713445186615
343,343,0.04186805710196495,,,,,
344,344,,,0.9942386746406555,0.29538607597351074,0.04826418682932854,0.041011713445186615
344,344,0.04111836478114128,,,,,
345,345,,,0.9089010953903198,0.297270268201828,0.044980645179748535,0.041011713445186615
345,345,0.04064079001545906,,,,,
346,346,,,0.9956132173538208,0.29546812176704407,0.04833971709012985,0.041011713445186615
346,346,0.041572049260139465,,,,,
347,347,,,1.0065808296203613,0.29546675086021423,0.048828840255737305,0.041011713445186615
347,347,0.04063517600297928,,,,,
348,348,,,0.9180572032928467,0.29721036553382874,0.04534272104501724,0.041011713445186615
348,348,0.04079466685652733,,,,,
349,349,,0.04118405282497406,,,,
349,349,,,0.9757530689239502,0.29589036107063293,0.04754230007529259,0.041011713445186615
349,349,0.04118405282497406,,,,,
350,350,,,1.0112833976745605,0.2954963147640228,0.04904555529356003,0.041011713445186615
350,350,0.04042560234665871,,,,,
351,351,,,0.9289237260818481,0.29681578278541565,0.045719511806964874,0.041011713445186615
351,351,0.04085700213909149,,,,,
352,352,,,0.9610588550567627,0.29593122005462646,0.046915337443351746,0.041011713445186615
352,352,0.04082100838422775,,,,,
353,353,,,1.0100390911102295,0.29519742727279663,0.04893641546368599,0.041011713445186615
353,353,0.04038190096616745,,,,,
354,354,,,0.940304696559906,0.29619595408439636,0.046083077788352966,0.041011713445186615
354,354,0.040809113532304764,,,,,
355,355,,,0.9515961408615112,0.29586488008499146,0.04650019481778145,0.041011713445186615
355,355,0.04055095463991165,,,,,
356,356,,,1.0052247047424316,0.29504114389419556,0.04869246482849121,0.041011713445186615
356,356,0.04040222242474556,,,,,
357,357,,,0.9510804414749146,0.29585856199264526,0.04647720232605934,0.041011713445186615
357,357,0.04068924859166145,,,,,
358,358,,,0.9466244578361511,0.2959936559200287,0.04631280153989792,0.041011713445186615
358,358,0.04038393869996071,,,,,
359,359,,,0.9987305998802185,0.29514527320861816,0.04842093586921692,0.041011713445186615
359,359,0.04041896387934685,,,,,
360,360,,,0.960224449634552,0.29571616649627686,0.04684135317802429,0.041011713445186615
360,360,0.04054657742381096,,,,,
361,361,,,0.94492107629776,0.2960423529148102,0.046249665319919586,0.041011713445186615
361,361,0.04029518738389015,,,,,
362,362,,,0.9917758703231812,0.29514744877815247,0.048112817108631134,0.041011713445186615
362,362,0.04040722921490669,,,,,
363,363,,,0.9670981168746948,0.2954467833042145,0.04708869755268097,0.041011713445186615
363,363,0.04041629284620285,,,,,
364,364,,,0.9452815055847168,0.29584354162216187,0.046229466795921326,0.041011713445186615
364,364,0.040249817073345184,,,,,
365,365,,,0.9851698279380798,0.295011430978775,0.04779764264822006,0.041011713445186615
365,365,0.040368061512708664,,,,,
366,366,,,0.9716294407844543,0.2951681911945343,0.047234997153282166,0.041011713445186615
366,366,0.040312256664037704,,,,,
367,367,,,0.9468278884887695,0.2956565320491791,0.046261414885520935,0.041011713445186615
367,367,0.04022139683365822,,,,,
368,368,,,0.9794856905937195,0.294988751411438,0.047544755041599274,0.041011713445186615
368,368,0.04031297564506531,,,,,
369,369,,,0.9741933941841125,0.2950711250305176,0.04732895269989967,0.041011713445186615
369,369,0.04023389890789986,,,,,
370,370,,,0.9489990472793579,0.29558876156806946,0.04634109139442444,0.041011713445186615
370,370,0.040194664150476456,,,,,
371,371,,,0.9750466346740723,0.295038640499115,0.04736025631427765,0.041011713445186615
371,371,0.04025251790881157,,,,,
372,372,,,0.975369393825531,0.29500627517700195,0.04736854135990143,0.041011713445186615
372,372,0.04017462208867073,,,,,
373,373,,,0.9514287114143372,0.29545557498931885,0.046420320868492126,0.041011713445186615
373,373,0.04016405716538429,,,,,
374,374,,,0.9718849062919617,0.29497191309928894,0.04721123352646828,0.041011713445186615
374,374,0.040193505585193634,,,,,
375,375,,,0.9756757616996765,0.29484447836875916,0.04735316336154938,0.041011713445186615
375,375,0.04012685269117355,,,,,
376,376,,,0.9538326859474182,0.29523491859436035,0.046483203768730164,0.041011713445186615
376,376,0.040128760039806366,,,,,
377,377,,,0.9697913527488708,0.29485058784484863,0.04709912836551666,0.041011713445186615
377,377,0.040138594806194305,,,,,
378,378,,,0.975427508354187,0.2947086989879608,0.04731830209493637,0.041011713445186615
378,378,0.04008512198925018,,,,,
379,379,,,0.955971896648407,0.29507917165756226,0.04654660448431969,0.041011713445186615
379,379,0.0400901734828949,,,,,
380,380,,,0.9684568643569946,0.29479506611824036,0.04703164100646973,0.041011713445186615
380,380,0.04008812457323074,,,,,
381,381,,,0.974787175655365,0.29465365409851074,0.04728071391582489,0.041011713445186615
381,381,0.04004589840769768,,,,,
382,382,,,0.9577140212059021,0.29497700929641724,0.0466027706861496,0.041011713445186615
382,382,0.040049564093351364,,,,,
383,383,,,0.9676349759101868,0.2947322428226471,0.046985045075416565,0.041011713445186615
383,383,0.0400412455201149,,,,,
384,384,,,0.9739056825637817,0.29456761479377747,0.047227196395397186,0.041011713445186615
384,384,0.04000744968652725,,,,,
385,385,,,0.9590796232223511,0.2948237955570221,0.04663393273949623,0.041011713445186615
385,385,0.040008071810007095,,,,,
386,386,,,0.9672073721885681,0.2945968508720398,0.04694261774420738,0.041011713445186615
386,386,0.03999679908156395,,,,,
387,387,,,0.9729611277580261,0.294432669878006,0.04716230928897858,0.041011713445186615
387,387,0.039968863129615784,,,,,
388,388,,,0.9601777791976929,0.29465463757514954,0.04665092006325722,0.041011713445186615
388,388,0.03996621444821358,,,,,
389,389,,,0.9671196341514587,0.2944640517234802,0.046915315091609955,0.041011713445186615
389,389,0.03995389863848686,,,,,
390,390,,,0.9720786213874817,0.294329434633255,0.047105781733989716,0.041011713445186615
390,390,0.03992985561490059,,,,,
391,391,,,0.9610974192619324,0.29453131556510925,0.04666844755411148,0.041011713445186615
391,391,0.0399242602288723,,,,,
392,392,,,0.9672853350639343,0.2943632900714874,0.04690461605787277,0.041011713445186615
392,392,0.03991175442934036,,,,,
393,393,,,0.97127765417099,0.29424402117729187,0.04705598205327988,0.041011713445186615
393,393,0.03989030048251152,,,,,
394,394,,,0.9618678689002991,0.2944056987762451,0.04667922481894493,0.041011713445186615
394,394,0.03988221660256386,,,,,
395,395,,,0.9675797820091248,0.29423436522483826,0.04689449444413185,0.041011713445186615
395,395,0.03986985608935356,,,,,
396,396,,,0.9705186486244202,0.29412221908569336,0.047001585364341736,0.041011713445186615
396,396,0.03985016420483589,,,,,
397,397,,,0.9625020623207092,0.29424700140953064,0.046678327023983,0.041011713445186615
397,397,0.03984001651406288,,,,,
398,398,,,0.967902660369873,0.2940802276134491,0.04688115417957306,0.041011713445186615
398,398,0.03982781618833542,,,,,
399,399,,0.039809465408325195,,,,
399,399,,,0.9697759747505188,0.29399457573890686,0.04694690555334091,0.041011713445186615
399,399,0.039809465408325195,,,,,
400,400,,,0.9630426168441772,0.29410168528556824,0.04667581617832184,0.041011713445186615
400,400,0.039797600358724594,,,,,
401,401,,,0.9682149291038513,0.2939484417438507,0.04687132686376572,0.041011713445186615
401,401,0.03978544473648071,,,,,
402,402,,,0.9690609574317932,0.2938917279243469,0.04689783602952957,0.041011713445186615
402,402,0.039768099784851074,,,,,
403,403,,,0.963557243347168,0.29397472739219666,0.04667546600103378,0.041011713445186615
403,403,0.039754848927259445,,,,,
404,404,,,0.9685097932815552,0.2938213348388672,0.04686158895492554,0.041011713445186615
404,404,0.03974255174398422,,,,,
405,405,,,0.9684014320373535,0.293777734041214,0.04684921354055405,0.041011713445186615
405,405,0.03972604498267174,,,,,
406,406,,,0.9640977382659912,0.2938259243965149,0.046672385185956955,0.041011713445186615
406,406,0.03971170634031296,,,,,
407,407,,,0.9687700867652893,0.2936696708202362,0.04684603586792946,0.041011713445186615
407,407,0.03969903662800789,,,,,
408,408,,,0.9678097367286682,0.2936405837535858,0.04679945483803749,0.041011713445186615
408,408,0.03968324512243271,,,,,
409,409,,,0.9646770358085632,0.29366347193717957,0.046668585389852524,0.041011713445186615
409,409,0.03966809809207916,,,,,
410,410,,,0.9689567685127258,0.29351872205734253,0.04682745039463043,0.041011713445186615
410,410,0.03965483605861664,,,,,
411,411,,,0.9672843813896179,0.2935108542442322,0.0467538982629776,0.041011713445186615
411,411,0.03963957726955414,,,,,
412,412,,,0.9652839303016663,0.29351314902305603,0.046668149530887604,0.041011713445186615
412,412,0.03962392359972,,,,,
413,413,,,0.9690278768539429,0.29338204860687256,0.04680640250444412,0.041011713445186615
413,413,0.03960997611284256,,,,,
414,414,,,0.9668325185775757,0.2933848798274994,0.04671218991279602,0.041011713445186615
414,414,0.03959501162171364,,,,,
415,415,,,0.9659005999565125,0.29335805773735046,0.046667322516441345,0.041011713445186615
415,415,0.03957909345626831,,,,,
416,416,,,0.9689633846282959,0.2932359278202057,0.04677784442901611,0.041011713445186615
416,416,0.03956436738371849,,,,,
417,417,,,0.9664814472198486,0.29323965311050415,0.04667145013809204,0.041011713445186615
417,417,0.03954947367310524,,,,,
418,418,,,0.9665108323097229,0.29318562150001526,0.04666318744421005,0.041011713445186615
418,418,0.03953350707888603,,,,,
419,419,,,0.9687713384628296,0.2930798828601837,0.046742040663957596,0.041011713445186615
419,419,0.03951806575059891,,,,,
420,420,,,0.9662680625915527,0.29308563470840454,0.04663510620594025,0.041011713445186615
420,420,0.039502982050180435,,,,,
421,421,,,0.9670928716659546,0.2930147051811218,0.046658143401145935,0.041011713445186615
421,421,0.03948700428009033,,,,,
422,422,,,0.9684770107269287,0.2929314076900482,0.04670317471027374,0.041011713445186615
422,422,0.03947099670767784,,,,,
423,423,,,0.9662209749221802,0.2929333448410034,0.046606242656707764,0.041011713445186615
423,423,0.03945547714829445,,,,,
424,424,,,0.967606782913208,0.2928476333618164,0.04665087163448334,0.041011713445186615
424,424,0.03943949192762375,,,,,
425,425,,,0.9681169986724854,0.2927812933921814,0.046661198139190674,0.041011713445186615
425,425,0.03942311182618141,,,,,
426,426,,,0.9663411378860474,0.2927679121494293,0.04658228158950806,0.041011713445186615
426,426,0.03940704092383385,,,,,
427,427,,,0.9680007696151733,0.29267051815986633,0.046636685729026794,0.041011713445186615
427,427,0.039390865713357925,,,,,
428,428,,,0.9677339792251587,0.29261845350265503,0.04661601409316063,0.041011713445186615
428,428,0.03937424719333649,,,,,
429,429,,,0.9666039943695068,0.29258766770362854,0.04656188562512398,0.041011713445186615
429,429,0.03935765475034714,,,,,
430,430,,,0.968229353427887,0.2924904525279999,0.046614862978458405,0.041011713445186615
430,430,0.03934115543961525,,,,,
431,431,,,0.9673838019371033,0.29245302081108093,0.04657180607318878,0.041011713445186615
431,431,0.039324332028627396,,,,,
432,432,,,0.9669666290283203,0.29240596294403076,0.04654555395245552,0.041011713445186615
432,432,0.03930727392435074,,,,,
433,433,,,0.9682779312133789,0.2923165261745453,0.046586379408836365,0.041011713445186615
433,433,0.03929030895233154,,,,,
434,434,,,0.9671346545219421,0.2922855019569397,0.046531613916158676,0.041011713445186615
434,434,0.0392732247710228,,,,,
435,435,,,0.967373251914978,0.2922198176383972,0.046530358493328094,0.041011713445186615
435,435,0.03925582766532898,,,,,
436,436,,,0.9681681394577026,0.29213905334472656,0.046550452709198,0.041011713445186615
436,436,0.039238374680280685,,,,,
437,437,,,0.9670407176017761,0.29210391640663147,0.04649565741419792,0.041011713445186615
437,437,0.03922088444232941,,,,,
438,438,,,0.9677505493164062,0.29202279448509216,0.04651201516389847,0.041011713445186615
438,438,0.03920317813754082,,,,,
439,439,,,0.9679539799690247,0.2919536828994751,0.04650866240262985,0.041011713445186615
439,439,0.03918525576591492,,,,,
440,440,,,0.9671180248260498,0.2919102609157562,0.046464983373880386,0.041011713445186615
440,440,0.03916730359196663,,,,,
441,441,,,0.9680232405662537,0.29182347655296326,0.046488791704177856,0.041011713445186615
441,441,0.03914922475814819,,,,,
442,442,,,0.9677090644836426,0.29176682233810425,0.04646529257297516,0.041011713445186615
442,442,0.03913092613220215,,,,,
443,443,,,0.9673370718955994,0.2917112410068512,0.046439506113529205,0.041011713445186615
443,443,0.039112478494644165,,,,,
444,444,,,0.9681411385536194,0.2916252613067627,0.04645910486578941,0.041011713445186615
444,444,0.03909393772482872,,,,,
445,445,,,0.9675174355506897,0.29157376289367676,0.04642316699028015,0.041011713445186615
445,445,0.03907523304224014,,,,,
446,446,,,0.9676308631896973,0.2915026545524597,0.04641559347510338,0.041011713445186615
446,446,0.039056308567523956,,,,,
447,447,,,0.968101441860199,0.29142120480537415,0.04642161726951599,0.041011713445186615
447,447,0.03903726860880852,,,,,
448,448,,,0.967448890209198,0.2913670837879181,0.046383991837501526,0.041011713445186615
448,448,0.03901810199022293,,,,,
449,449,,0.03899872303009033,,,,
449,449,,,0.967909038066864,0.29128435254096985,0.04638934135437012,0.041011713445186615
449,449,0.03899872303009033,,,,,
450,450,,,0.9679562449455261,0.2912115752696991,0.04637862741947174,0.041011713445186615
450,450,0.03897916525602341,,,,,
451,451,,,0.9675291776657104,0.29115045070648193,0.046349506825208664,0.041011713445186615
451,451,0.038959477096796036,,,,,
452,452,,,0.9680907130241394,0.29106366634368896,0.04635853320360184,0.041011713445186615
452,452,0.03893960267305374,,,,,
453,453,,,0.9677948951721191,0.29099804162979126,0.04633428901433945,0.041011713445186615
453,453,0.03891953453421593,,,,,
454,454,,,0.9677265882492065,0.2909255623817444,0.0463186576962471,0.041011713445186615
454,454,0.03889928385615349,,,,,
455,455,,,0.9681356549263,0.2908394932746887,0.04632125049829483,0.041011713445186615
455,455,0.03887889161705971,,,,,
456,456,,,0.9677095413208008,0.29077380895614624,0.04629138112068176,0.041011713445186615
456,456,0.038858309388160706,,,,,
457,457,,,0.9679582715034485,0.29068952798843384,0.046287380158901215,0.041011713445186615
457,457,0.0388374961912632,,,,,
458,458,,,0.9680650234222412,0.2906077206134796,0.04627768695354462,0.041011713445186615
458,458,0.03881652653217316,,,,,
459,459,,,0.9677494764328003,0.29053619503974915,0.0462515726685524,0.041011713445186615
459,459,0.0387953482568264,,,,,
460,460,,,0.9681285619735718,0.290446013212204,0.04625217244029045,0.041011713445186615
460,460,0.038773976266384125,,,,,
461,461,,,0.9679543375968933,0.2903693914413452,0.04623126983642578,0.041011713445186615
461,461,0.03875240683555603,,,,,
462,462,,,0.9678980112075806,0.29028886556625366,0.046214789152145386,0.041011713445186615
462,462,0.03873062878847122,,,,,
463,463,,,0.9681821465492249,0.2901986241340637,0.04621129482984543,0.041011713445186615
463,463,0.03870861977338791,,,,,
464,464,,,0.967894971370697,0.2901221215724945,0.04618555307388306,0.041011713445186615
464,464,0.03868642821907997,,,,,
465,465,,,0.9680820107460022,0.2900318205356598,0.04617787152528763,0.041011713445186615
465,465,0.03866400942206383,,,,,
466,466,,,0.9681339263916016,0.28994378447532654,0.04616476222872734,0.041011713445186615
466,466,0.038641344755887985,,,,,
467,467,,,0.9679434895515442,0.2898609936237335,0.04614211246371269,0.041011713445186615
467,467,0.038618482649326324,,,,,
468,468,,,0.9682123064994812,0.2897648215293884,0.046136945486068726,0.041011713445186615
468,468,0.03859538957476616,,,,,
469,469,,,0.9680605530738831,0.2896786630153656,0.046115387231111526,0.041011713445186615
469,469,0.03857206925749779,,,,,
470,470,,,0.9680811762809753,0.28958719968795776,0.04610034450888634,0.041011713445186615
470,470,0.03854849189519882,,,,,
471,471,,,0.9682409167289734,0.2894909381866455,0.04609048366546631,0.041011713445186615
471,471,0.03852468729019165,,,,,
472,472,,,0.9680487513542175,0.2894027531147003,0.04606683552265167,0.041011713445186615
472,472,0.038500625640153885,,,,,
473,473,,,0.9682267308235168,0.28930360078811646,0.046057261526584625,0.041011713445186615
473,473,0.03847632184624672,,,,,
474,474,,,0.9681984186172485,0.28920862078666687,0.04603951796889305,0.041011713445186615
474,474,0.03845175355672836,,,,,
475,475,,,0.9681289196014404,0.2891131341457367,0.046019915491342545,0.041011713445186615
475,475,0.038426920771598816,,,,,
476,476,,,0.9683042764663696,0.2890096604824066,0.046009499579668045,0.041011713445186615
476,476,0.03840184956789017,,,,,
477,477,,,0.9681650400161743,0.28891342878341675,0.04598677158355713,0.041011713445186615
477,477,0.03837648779153824,,,,,
478,478,,,0.9682572484016418,0.2888094484806061,0.045972682535648346,0.041011713445186615
478,478,0.03835085406899452,,,,,
479,479,,,0.968298614025116,0.2887055277824402,0.04595642536878586,0.041011713445186615
479,479,0.03832494094967842,,,,,
480,480,,,0.9682044386863708,0.28860414028167725,0.045934759080410004,0.041011713445186615
480,480,0.03829873725771904,,,,,
481,481,,,0.9683527946472168,0.28849464654922485,0.045922163873910904,0.041011713445186615
481,481,0.03827224671840668,,,,,
482,482,,,0.9682694673538208,0.28839001059532166,0.04590041562914848,0.041011713445186615
482,482,0.03824547305703163,,,,,
483,483,,,0.9683062434196472,0.2882806956768036,0.04588305205106735,0.041011713445186615
483,483,0.038218364119529724,,,,,
484,484,,,0.9683760404586792,0.288168728351593,0.04586665704846382,0.041011713445186615
484,484,0.03819098323583603,,,,,
485,485,,,0.9682878255844116,0.2880594730377197,0.04584392160177231,0.041011713445186615
485,485,0.038163281977176666,,,,,
486,486,,,0.968404233455658,0.2879428267478943,0.045828744769096375,0.041011713445186615
486,486,0.03813524916768074,,,,,
487,487,,,0.9683582782745361,0.28782910108566284,0.04580707103013992,0.041011713445186615
487,487,0.038106877356767654,,,,,
488,488,,,0.9683704972267151,0.28771209716796875,0.045787349343299866,0.041011713445186615
488,488,0.038078196346759796,,,,,
489,489,,,0.9684412479400635,0.28759175539016724,0.0457695871591568,0.041011713445186615
489,489,0.038049157708883286,,,,,
490,490,,,0.9683700799942017,0.2874738574028015,0.045746125280857086,0.041011713445186615
490,490,0.038019780069589615,,,,,
491,491,,,0.9684607982635498,0.28734952211380005,0.04572855308651924,0.041011713445186615
491,491,0.037990059703588486,,,,,
492,492,,,0.9684333801269531,0.2872266471385956,0.045706138014793396,0.041011713445186615
492,492,0.03795996680855751,,,,,
493,493,,,0.9684388637542725,0.2871010899543762,0.04568469524383545,0.041011713445186615
493,493,0.037929512560367584,,,,,
494,494,,,0.9685009121894836,0.28697189688682556,0.04566507786512375,0.041011713445186615
494,494,0.03789867088198662,,,,,
495,495,,,0.9684454202651978,0.28684401512145996,0.04564061015844345,0.041011713445186615
495,495,0.037867460399866104,,,,,
496,496,,,0.9685196876525879,0.2867105007171631,0.045620791614055634,0.041011713445186615
496,496,0.03783586621284485,,,,,
497,497,,,0.968498945236206,0.28657758235931396,0.04559698700904846,0.041011713445186615
497,497,0.037803858518600464,,,,,
498,498,,,0.9685080647468567,0.28644177317619324,0.04557398706674576,0.041011713445186615
498,498,0.03777145966887474,,,,,
499,499,,0.03773864358663559,,,,
499,499,,,0.9685563445091248,0.2863028645515442,0.045552145689725876,0.041011713445186615
499,499,0.03773864358663559,,,,,
500,500,,,0.9685154557228088,0.2861643135547638,0.04552653059363365,0.041011713445186615
500,500,0.03770541772246361,,,,,
501,501,,,0.9685790538787842,0.28602057695388794,0.04550454393029213,0.041011713445186615
501,501,0.03767172247171402,,,,,
502,502,,,0.9685577750205994,0.28587695956230164,0.0454789362847805,0.041011713445186615
502,502,0.037637609988451004,,,,,
503,503,,,0.9685755968093872,0.28572985529899597,0.045454420149326324,0.041011713445186615
503,503,0.037603043019771576,,,,,
504,504,,,0.9686078429222107,0.2855798304080963,0.04543004184961319,0.041011713445186615
504,504,0.037568025290966034,,,,,
505,505,,,0.9685807824134827,0.2854291796684265,0.04540300369262695,0.041011713445186615
505,505,0.03753253445029259,,,,,
506,506,,,0.9686347842216492,0.2852736711502075,0.045378655195236206,0.041011713445186615
506,506,0.037496570497751236,,,,,
507,507,,,0.968611478805542,0.28511783480644226,0.04535091668367386,0.041011713445186615
507,507,0.037460099905729294,,,,,
508,508,,,0.9686390161514282,0.28495800495147705,0.04532471299171448,0.041011713445186615
508,508,0.03742315620183945,,,,,
509,509,,,0.9686532616615295,0.2847959101200104,0.04529755562543869,0.041011713445186615
509,509,0.03738567978143692,,,,,
510,510,,,0.9686422944068909,0.2846318483352661,0.04526899755001068,0.041011713445186615
510,510,0.0373477004468441,,,,,
511,511,,,0.9686836004257202,0.28446346521377563,0.04524196311831474,0.041011713445186615
511,511,0.0373091846704483,,,,,
512,512,,,0.9686616063117981,0.2842940092086792,0.0452120341360569,0.041011713445186615
512,512,0.03727010264992714,,,,,
513,513,,,0.9686957597732544,0.28412002325057983,0.04518377035856247,0.041011713445186615
513,513,0.037230491638183594,,,,,
514,514,,,0.9686934947967529,0.2839440107345581,0.04515361040830612,0.041011713445186615
514,514,0.037190306931734085,,,,,
515,515,,,0.9686993956565857,0.28376463055610657,0.04512324929237366,0.041011713445186615
515,515,0.037149544805288315,,,,,
516,516,,,0.968723714351654,0.28358182311058044,0.0450931116938591,0.041011713445186615
516,516,0.037108197808265686,,,,,
517,517,,,0.9687098264694214,0.28339678049087524,0.04506096616387367,0.041011713445186615
517,517,0.037066224962472916,,,,,
518,518,,,0.9687409996986389,0.2832070291042328,0.04502998664975166,0.041011713445186615
518,518,0.03702365234494209,,,,,
519,519,,,0.9687306880950928,0.2830154001712799,0.04499691724777222,0.041011713445186615
519,519,0.03698045387864113,,,,,
520,520,,,0.9687483310699463,0.28281933069229126,0.044964320957660675,0.041011713445186615
520,520,0.03693658113479614,,,,,
521,521,,,0.9687554240226746,0.28261998295783997,0.04493073374032974,0.041011713445186615
521,521,0.03689205273985863,,,,,
522,522,,,0.9687528014183044,0.2824172377586365,0.04489617794752121,0.041011713445186615
522,522,0.03684687986969948,,,,,
523,523,,,0.9687748551368713,0.28221026062965393,0.044861987233161926,0.041011713445186615
523,523,0.03680099546909332,,,,,
524,524,,,0.9687632322311401,0.28200018405914307,0.04482584446668625,0.041011713445186615
524,524,0.036754392087459564,,,,,
525,525,,,0.968784749507904,0.28178539872169495,0.0447903648018837,0.041011713445186615
525,525,0.0367070734500885,,,,,
526,526,,,0.9687787294387817,0.2815674841403961,0.044753193855285645,0.041011713445186615
526,526,0.03665903955698013,,,,,
527,527,,,0.9687884449958801,0.28134486079216003,0.04471592977643013,0.041011713445186615
527,527,0.03661022707819939,,,,,
528,528,,,0.9687944054603577,0.2811180651187897,0.04467783868312836,0.041011713445186615
528,528,0.03656063601374626,,,,,
529,529,,,0.968790590763092,0.2808874547481537,0.044638700783252716,0.041011713445186615
529,529,0.03651028126478195,,,,,
530,530,,,0.9688061475753784,0.280651718378067,0.04459957033395767,0.041011713445186615
530,530,0.03645911067724228,,,,,
531,531,,,0.9687942862510681,0.2804122269153595,0.044558655470609665,0.041011713445186615
531,531,0.03640711307525635,,,,,
532,532,,,0.9688113331794739,0.28016722202301025,0.04451809450984001,0.041011713445186615
532,532,0.03635425865650177,,,,,
533,533,,,0.9687997102737427,0.2799183130264282,0.044475674629211426,0.041011713445186615
533,533,0.036300551146268845,,,,,
534,534,,,0.968811571598053,0.27966371178627014,0.0444333516061306,0.041011713445186615
534,534,0.036245930939912796,,,,,
535,535,,,0.9688045978546143,0.27940472960472107,0.0443895123898983,0.041011713445186615
535,535,0.03619043156504631,,,,,
536,536,,,0.9688075184822083,0.27914029359817505,0.044345226138830185,0.041011713445186615
536,536,0.03613400086760521,,,,,
537,537,,,0.9688076972961426,0.278870552778244,0.044299978762865067,0.041011713445186615
537,537,0.036076620221138,,,,,
538,538,,,0.9688016176223755,0.27859553694725037,0.04425361752510071,0.041011713445186615
538,538,0.03601827472448349,,,,,
539,539,,,0.9688054919242859,0.2783146798610687,0.04420675337314606,0.041011713445186615
539,539,0.03595892712473869,,,,,
540,540,,,0.9687953591346741,0.2780284881591797,0.0441584438085556,0.041011713445186615
540,540,0.03589857742190361,,,,,
541,541,,,0.9687984585762024,0.2777358889579773,0.04410967975854874,0.041011713445186615
541,541,0.03583716228604317,,,,,
542,542,,,0.9687871336936951,0.2774377167224884,0.04405941814184189,0.041011713445186615
542,542,0.03577468916773796,,,,,
543,543,,,0.9687867760658264,0.2771330177783966,0.04400859773159027,0.041011713445186615
543,543,0.035711150616407394,,,,,
544,544,,,0.9687766432762146,0.2768222391605377,0.043956391513347626,0.041011713445186615
544,544,0.0356464758515358,,,,,
545,545,,,0.96877121925354,0.2765046954154968,0.043903328478336334,0.041011713445186615
545,545,0.035580649971961975,,,,,
546,546,,,0.9687620997428894,0.2761804759502411,0.04384905844926834,0.041011713445186615
546,546,0.03551367670297623,,,,,
547,547,,,0.9687522649765015,0.27584943175315857,0.043793685734272,0.041011713445186615
547,547,0.03544548898935318,,,,,
548,548,,,0.9687426090240479,0.27551108598709106,0.043737176805734634,0.041011713445186615
548,548,0.03537609428167343,,,,,
549,549,,0.035305432975292206,,,,
549,549,,,0.9687303900718689,0.2751655876636505,0.04367943853139877,0.041011713445186615
549,549,0.035305432975292206,,,,,
550,550,,,0.9687178730964661,0.27481257915496826,0.043620526790618896,0.041011713445186615
550,550,0.0352335050702095,,,,,
551,551,,,0.9687040448188782,0.2744516432285309,0.043560318648815155,0.041011713445186615
551,551,0.03516026586294174,,,,,
552,552,,,0.9686885476112366,0.2740829885005951,0.04349885135889053,0.041011713445186615
552,552,0.03508567065000534,,,,,
553,553,,,0.9686726927757263,0.2737061679363251,0.043436095118522644,0.041011713445186615
553,553,0.035009704530239105,,,,,
554,554,,,0.9686548709869385,0.273320734500885,0.043371930718421936,0.041011713445186615
554,554,0.03493235260248184,,,,,
555,555,,,0.9686354994773865,0.27292686700820923,0.04330640286207199,0.041011713445186615
555,555,0.03485355153679848,,,,,
556,556,,,0.9686157703399658,0.27252402901649475,0.04323948174715042,0.041011713445186615
556,556,0.034773290157318115,,,,,
557,557,,,0.9685936570167542,0.2721119821071625,0.043171051889657974,0.041011713445186615
557,557,0.03469150885939598,,,,,
558,558,,,0.9685706496238708,0.2716904580593109,0.04310113564133644,0.041011713445186615
558,558,0.03460819646716118,,,,,
559,559,,,0.9685451984405518,0.2712595462799072,0.04302968829870224,0.041011713445186615
559,559,0.03452333062887192,,,,,
560,560,,,0.9685206413269043,0.270818293094635,0.04295670986175537,0.041011713445186615
560,560,0.03443683683872223,,,,,
561,561,,,0.9684895873069763,0.2703670561313629,0.042881935834884644,0.041011713445186615
561,561,0.03434872254729271,,,,,
562,562,,,0.9684646725654602,0.269905149936676,0.04280582815408707,0.041011713445186615
562,562,0.034258924424648285,,,,,
563,563,,,0.9684277176856995,0.26943239569664,0.04272756725549698,0.041011713445186615
563,563,0.034167397767305374,,,,,
564,564,,,0.9684014916419983,0.26894819736480713,0.04264805465936661,0.041011713445186615
564,564,0.03407412767410278,,,,,
565,565,,,0.9683591723442078,0.26845306158065796,0.04256622493267059,0.041011713445186615
565,565,0.03397909179329872,,,,,
566,566,,,0.9683316946029663,0.2679452896118164,0.042483139783144,0.041011713445186615
566,566,0.03388220816850662,,,,,
567,567,,,0.9682831764221191,0.2674260139465332,0.042397454380989075,0.041011713445186615
567,567,0.03378346934914589,,,,,
568,568,,,0.9682549238204956,0.26689350605010986,0.0423106849193573,0.041011713445186615
568,568,0.033682823181152344,,,,,
569,569,,,0.968199610710144,0.26634877920150757,0.04222095385193825,0.041011713445186615
569,569,0.03358025848865509,,,,,
570,570,,,0.9681713581085205,0.2657897472381592,0.04213029146194458,0.041011713445186615
570,570,0.033475689589977264,,,,,
571,571,,,0.9681068062782288,0.2652181088924408,0.042036235332489014,0.041011713445186615
571,571,0.03336913138628006,,,,,
572,572,,,0.9680821299552917,0.2646309435367584,0.041941627860069275,0.041011713445186615
572,572,0.03326050564646721,,,,,
573,573,,,0.968004584312439,0.2640308737754822,0.04184289276599884,0.041011713445186615
573,573,0.03314979001879692,,,,,
574,574,,,0.9679872989654541,0.26341384649276733,0.04174429178237915,0.041011713445186615
574,574,0.03303694352507591,,,,,
575,575,,,0.9678909778594971,0.2627839148044586,0.041640475392341614,0.041011713445186615
575,575,0.0329219214618206,,,,,
576,576,,,0.9678896069526672,0.2621348202228546,0.041537970304489136,0.041011713445186615
576,576,0.0328047089278698,,,,,
577,577,,,0.9677639007568359,0.2614735960960388,0.04142843931913376,0.041011713445186615
577,577,0.03268526494503021,,,,,
578,578,,,0.9677922129631042,0.26078999042510986,0.041322313249111176,0.041011713445186615
578,578,0.032563526183366776,,,,,
579,579,,,0.9676182270050049,0.2600962221622467,0.041206151247024536,0.041011713445186615
579,579,0.032439496368169785,,,,,
580,580,,,0.9677015542984009,0.25937560200691223,0.041097190231084824,0.041011713445186615
580,580,0.03231310471892357,,,,,
581,581,,,0.9674454927444458,0.258648544549942,0.04097290337085724,0.04097290337085724
581,581,0.03218434378504753,,,,,
582,582,,,0.967630922794342,0.25788694620132446,0.040862612426280975,0.040862612426280975
582,582,0.03205317258834839,,,,,
583,583,,,0.9672273397445679,0.2571273148059845,0.04072757810354233,0.04072757810354233
583,583,0.03191955015063286,,,,,
584,584,,,0.9676088690757751,0.2563191056251526,0.04061925411224365,0.04061925411224365
584,584,0.03178348392248154,,,,,
585,585,,,0.9669238924980164,0.2555293142795563,0.04046817123889923,0.04046817123889923
585,585,0.03164491057395935,,,,,
586,586,,,0.9676910638809204,0.2546658515930176,0.040368787944316864,0.040368787944316864
586,586,0.031503815203905106,,,,,
587,587,,,0.9664584398269653,0.25385403633117676,0.04019153118133545,0.04019153118133545
587,587,0.0313602089881897,,,,,
588,588,,,0.9679927825927734,0.2529183328151703,0.04011509567499161,0.04011509567499161
588,588,0.031214049085974693,,,,,
589,589,,,0.9656642079353333,0.252103716135025,0.03989105671644211,0.03989105671644211
589,589,0.031065363436937332,,,,,
590,590,,,0.9687648415565491,0.25106364488601685,0.03986736387014389,0.03986736387014389
590,590,0.03091416321694851,,,,,
591,591,,,0.9641817808151245,0.2502877712249756,0.03955298662185669,0.03955298662185669
591,591,0.03076057881116867,,,,,
592,592,,,0.9705568552017212,0.24907708168029785,0.03964607045054436,0.03955298662185669
592,592,0.030604783445596695,,,,,
593,593,,,0.9612310528755188,0.248434379696846,0.03914844989776611,0.03914844989776611
593,593,0.030447298660874367,,,,,
594,594,,,0.9746149182319641,0.24691009521484375,0.039498813450336456,0.03914844989776611
594,594,0.030289126560091972,,,,,
595,595,,,0.9551015496253967,0.24661394953727722,0.03861571475863457,0.03861571475863457
595,595,0.030132567510008812,,,,,
596,596,,,0.9838822484016418,0.24446073174476624,0.03954140469431877,0.03861571475863457
596,596,0.029982542619109154,,,,,
597,597,,,0.9421406388282776,0.24500250816345215,0.037829525768756866,0.037829525768756866
597,597,0.029850181192159653,,,,,
598,598,,,1.0056405067443848,0.24152013659477234,0.040076397359371185,0.037829525768756866
598,598,0.02976030483841896,,,,,
599,599,,0.02976851910352707,,,,
599,599,,,0.9154557585716248,0.24406079947948456,0.03658638149499893,0.03658638149499893
599,599,0.02976851910352707,,,,,
600,600,,,1.0585743188858032,0.23773491382598877,0.04196595400571823,0.03658638149499893
600,600,0.030000941827893257,,,,,
601,601,,,0.8689224720001221,0.2450178861618042,0.03487672656774521,0.03487672656774521
601,601,0.03072977066040039,,,,,
602,602,,,1.1842957735061646,0.23300211131572723,0.04757994785904884,0.03487672656774521
602,602,0.03253499045968056,,,,,
603,603,,,0.8343859314918518,0.25021204352378845,0.03433921933174133,0.03433921933174133
603,603,0.03637506812810898,,,,,
604,604,,,1.3798296451568604,0.22893807291984558,0.058188606053590775,0.03433921933174133
604,604,0.04332275688648224,,,,,
605,605,,,0.8491134643554688,0.2539375424385071,0.03545648977160454,0.03433921933174133
605,605,0.05147603899240494,,,,,
606,606,,,1.2694381475448608,0.225505992770195,0.05120223015546799,0.03433921933174133
606,606,0.05358400568366051,,,,,
607,607,,,0.9056321382522583,0.23528128862380981,0.03492233157157898,0.03433921933174133
607,607,0.04192480072379112,,,,,
608,608,,,0.8715039491653442,0.23661521077156067,0.03376000374555588,0.03376000374555588
608,608,0.028925711289048195,,,,,
609,609,,,1.2440189123153687,0.22428281605243683,0.04961300641298294,0.03376000374555588
609,609,0.0308722835034132,,,,,
610,610,,,0.8404194712638855,0.24203267693519592,0.03335379809141159,0.03335379809141159
610,610,0.039550937712192535,,,,,
611,611,,,1.0220286846160889,0.22257131338119507,0.03817275911569595,0.03335379809141159
611,611,0.03677675500512123,,,,,
612,612,,,1.089569091796875,0.21990913152694702,0.04099682345986366,0.03335379809141159
612,612,0.027753835543990135,,,,,
613,613,,,0.8453351259231567,0.236162468791008,0.03269442543387413,0.03269442543387413
613,613,0.029674412682652473,,,,,
614,614,,,1.0983384847640991,0.2177407145500183,0.04113905131816864,0.03269442543387413
614,614,0.03466013818979263,,,,,
615,615,,,0.9933531284332275,0.22108173370361328,0.03668614849448204,0.03269442543387413
615,615,0.029815515503287315,,,,,
616,616,,,0.8641945123672485,0.2288341224193573,0.03238829970359802,0.03238829970359802
616,616,0.026348352432250977,,,,,
617,617,,,1.1097931861877441,0.21189142763614655,0.04094709828495979,0.03238829970359802
617,617,0.03041185811161995,,,,,
618,618,,,0.9497206211090088,0.21745248138904572,0.03431824967265129,0.03238829970359802
618,618,0.029742982238531113,,,,,
619,619,,,0.887366771697998,0.22030307352542877,0.03214070945978165,0.03214070945978165
619,619,0.02566918171942234,,,,,
620,620,,,1.0940556526184082,0.20813044905662537,0.03969920054078102,0.03214070945978165
620,620,0.02751261740922928,,,,,
621,621,,,0.9312774538993835,0.21525032818317413,0.03325863182544708,0.03214070945978165
621,621,0.028462624177336693,,,,,
622,622,,,0.9064210653305054,0.21351206302642822,0.032016586512327194,0.032016586512327194
622,622,0.025306791067123413,,,,,
623,623,,,1.0734235048294067,0.20260727405548096,0.038020506501197815,0.032016586512327194
623,623,0.025766203179955482,,,,,
624,624,,,0.9260105490684509,0.20952121913433075,0.0323089137673378,0.032016586512327194
624,624,0.02700098045170307,,,,,
625,625,,,0.9205417633056641,0.20650173723697662,0.03170616552233696,0.03170616552233696
625,625,0.02479763701558113,,,,,
626,626,,,1.0549330711364746,0.1985018253326416,0.036648355424404144,0.03170616552233696
626,626,0.024632511660456657,,,,,
627,627,,,0.9263004660606384,0.20512592792510986,0.03177289664745331,0.03170616552233696
627,627,0.025688886642456055,,,,,
628,628,,,0.9307243824005127,0.20031778514385223,0.03136982023715973,0.03136982023715973
628,628,0.024162324145436287,,,,,
629,629,,,1.0401594638824463,0.1929672807455063,0.035307127982378006,0.03136982023715973
629,629,0.023765213787555695,,,,,
630,630,,,0.9296296238899231,0.1989981085062027,0.031165987253189087,0.031165987253189087
630,630,0.024555198848247528,,,,,
631,631,,,0.9381148815155029,0.19432829320430756,0.03096688911318779,0.03096688911318779
631,631,0.023478949442505836,,,,,
632,632,,,1.0279159545898438,0.1886432021856308,0.03424670547246933,0.03096688911318779
632,632,0.02303045429289341,,,,,
633,633,,,0.9328683614730835,0.19376936554908752,0.030682912096381187,0.030682912096381187
633,633,0.02358023077249527,,,,,
634,634,,,0.9430340528488159,0.18826547265052795,0.03047565370798111,0.03047565370798111
634,634,0.022799385711550713,,,,,
635,635,,,1.0171819925308228,0.18317516148090363,0.03314618766307831,0.03047565370798111
635,635,0.022363493219017982,,,,,
636,636,,,0.9356240630149841,0.1878356784582138,0.030116824433207512,0.030116824433207512
636,636,0.022722642868757248,,,,,
637,637,,,0.9462021589279175,0.18270958960056305,0.02998930588364601,0.02998930588364601
637,637,0.022144952788949013,,,,,
638,638,,,1.0074883699417114,0.17856816947460175,0.03220771625638008,0.02998930588364601
638,638,0.02174559235572815,,,,,
639,639,,,0.9372338652610779,0.18217280507087708,0.029553992673754692,0.029553992673754692
639,639,0.021963102743029594,,,,,
640,640,,,0.9483538269996643,0.17675019800662994,0.02943604812026024,0.02943604812026024
640,640,0.021528853103518486,,,,,
641,641,,,0.9990702271461487,0.1734248250722885,0.03128693252801895,0.02943604812026024
641,641,0.02116893045604229,,,,,
642,642,,,0.9385595917701721,0.1766137331724167,0.029009699821472168,0.029009699821472168
642,642,0.021283205598592758,,,,,
643,643,,,0.9503470063209534,0.17146559059619904,0.028967078775167465,0.028967078775167465
643,643,0.0209543164819479,,,,,
644,644,,,0.9919284582138062,0.16872699558734894,0.030486753210425377,0.028967078775167465
644,644,0.02063307724893093,,,,,
645,645,,,0.9394875168800354,0.17098106443881989,0.028459839522838593,0.028459839522838593
645,645,0.020674370229244232,,,,,
646,646,,,0.952320396900177,0.16598553955554962,0.02849472127854824,0.028459839522838593
646,646,0.020423566922545433,,,,,
647,647,,,0.9859238862991333,0.16409407556056976,0.02975846454501152,0.028459839522838593
647,647,0.02013874426484108,,,,,
648,648,,,0.9403106570243835,0.16574162244796753,0.027963850647211075,0.027963850647211075
648,648,0.020129039883613586,,,,,
649,649,,0.019936494529247284,,,,
649,649,,,0.9542443752288818,0.16094745695590973,0.028081214055418968,0.027963850647211075
649,649,0.019936494529247284,,,,,
650,650,,,0.9804248213768005,0.15953196585178375,0.029073566198349,0.027963850647211075
650,650,0.01968650333583355,,,,,
651,651,,,0.9406697750091553,0.1604488641023636,0.027459800243377686,0.027459800243377686
651,651,0.019641796126961708,,,,,
652,652,,,0.9558440446853638,0.1561163365840912,0.027688734233379364,0.027459800243377686
652,652,0.019492361694574356,,,,,
653,653,,,0.9752923846244812,0.15531334280967712,0.028450509533286095,0.027459800243377686
653,653,0.019275974482297897,,,,,
654,654,,,0.940767228603363,0.15551713109016418,0.026995349675416946,0.026995349675416946
654,654,0.01920795813202858,,,,,
655,655,,,0.9570399522781372,0.1515965759754181,0.027321530506014824,0.026995349675416946
655,655,0.01909010112285614,,,,,
656,656,,,0.9702250957489014,0.15124978125095367,0.027856241911649704,0.026995349675416946
656,656,0.018905315548181534,,,,,
657,657,,,0.9407373666763306,0.15091243386268616,0.026569832116365433,0.026569832116365433
657,657,0.01882276125252247,,,,,
658,658,,,0.9579974412918091,0.14759327471256256,0.027002254500985146,0.026569832116365433
658,658,0.01872759684920311,,,,,
659,659,,,0.9654713869094849,0.1475822776556015,0.027321647852659225,0.026569832116365433
659,659,0.018571801483631134,,,,,
660,660,,,0.9408484697341919,0.14673379063606262,0.026200518012046814,0.026200518012046814
660,660,0.01848183013498783,,,,,
661,661,,,0.958656907081604,0.14405450224876404,0.02672009915113449,0.026200518012046814
661,661,0.018402162939310074,,,,,
662,662,,,0.961054801940918,0.14429543912410736,0.02684357389807701,0.026200518012046814
662,662,0.01827246882021427,,,,,
663,663,,,0.9414026141166687,0.14308732748031616,0.025905998423695564,0.025905998423695564
663,663,0.018180489540100098,,,,,
664,664,,,0.9591884016990662,0.14105577766895294,0.0264857430011034,0.025905998423695564
664,664,0.01811087131500244,,,,,
665,665,,,0.9570860862731934,0.14138810336589813,0.026424190029501915,0.025905998423695564
665,665,0.018004221841692924,,,,,
666,666,,,0.9424001574516296,0.1399560123682022,0.025681383907794952,0.025681383907794952
666,666,0.0179141853004694,,,,,
667,667,,,0.9594413042068481,0.13854022324085236,0.0262850783765316,0.025681383907794952
667,667,0.017850778996944427,,,,,
668,668,,,0.9536973237991333,0.1388164758682251,0.02606322430074215,0.025681383907794952
668,668,0.01776399277150631,,,,,
669,669,,,0.9439161419868469,0.13731369376182556,0.025524822995066643,0.025524822995066643
669,669,0.017678989097476006,,,,,
670,670,,,0.9592797756195068,0.13645681738853455,0.02610590308904648,0.025524822995066643
670,670,0.01761932298541069,,,,,
671,671,,,0.9508110284805298,0.13654963672161102,0.02575303614139557,0.025524822995066643
671,671,0.01754889264702797,,,,,
672,672,,,0.9457464814186096,0.13508975505828857,0.025419747456908226,0.025419747456908226
672,672,0.017471568658947945,,,,,
673,673,,,0.9586158990859985,0.1346801221370697,0.025932682678103447,0.025419747456908226
673,673,0.017414143308997154,,,,,
674,674,,,0.948516309261322,0.13455449044704437,0.025493275374174118,0.025419747456908226
674,674,0.01735646091401577,,,,,
675,675,,,0.9476714134216309,0.1332789659500122,0.02535485103726387,0.02535485103726387
675,675,0.017288783565163612,,,,,
676,676,,,0.9573351144790649,0.13314323127269745,0.025754233822226524,0.02535485103726387
676,676,0.017233191058039665,,,,,
677,677,,,0.9468833208084106,0.13275554776191711,0.025279710069298744,0.025279710069298744
677,677,0.017184579744935036,,,,,
678,678,,,0.9495726227760315,0.13176412880420685,0.025314513593912125,0.025279710069298744
678,678,0.017127428203821182,,,,,
679,679,,,0.9556019902229309,0.1317863017320633,0.025572258979082108,0.025279710069298744
679,679,0.017074547708034515,,,,,
680,680,,,0.9459955096244812,0.13117846846580505,0.02511710301041603,0.02511710301041603
680,680,0.01703144796192646,,,,,
681,681,,,0.9512352347373962,0.13044925034046173,0.02528127282857895,0.02511710301041603
681,681,0.016984324902296066,,,,,
682,682,,,0.953640878200531,0.1304691731929779,0.02538495697081089,0.02511710301041603
682,682,0.0169358067214489,,,,,
683,683,,,0.9459259510040283,0.12977126240730286,0.02500375546514988,0.02500375546514988
683,683,0.016895638778805733,,,,,
684,684,,,0.9524767994880676,0.12930729985237122,0.025244755670428276,0.02500375546514988
684,684,0.01685660146176815,,,,,
685,685,,,0.9516406059265137,0.1291937679052353,0.02520044706761837,0.02500375546514988
685,685,0.016813980415463448,,,,,
686,686,,,0.9465320706367493,0.12847571074962616,0.02492872066795826,0.02492872066795826
686,686,0.016775814816355705,,,,,
687,687,,,0.9531245231628418,0.12823045253753662,0.025188874453306198,0.02492872066795826
687,687,0.016742007806897163,,,,,
688,688,,,0.9498412609100342,0.12798887491226196,0.02503102645277977,0.02492872066795826
688,688,0.016705842688679695,,,,,
689,689,,,0.947583019733429,0.1273435652256012,0.02488599717617035,0.02488599717617035
689,689,0.016670161858201027,,,,,
690,690,,,0.9530647993087769,0.1271883249282837,0.02510630339384079,0.02488599717617035
690,690,0.016639091074466705,,,,,
691,691,,,0.9484583735466003,0.12682484090328217,0.024883341044187546,0.024883341044187546
691,691,0.016608402132987976,,,,,
692,692,,,0.9488347768783569,0.12634159624576569,0.024862468242645264,0.024862468242645264
692,692,0.016576245427131653,,,,,
693,693,,,0.9523878693580627,0.1262093335390091,0.025002967566251755,0.024862468242645264
693,693,0.01654672995209694,,,,,
694,694,,,0.9476516246795654,0.12574945390224457,0.02476758323609829,0.02476758323609829
694,694,0.01651958003640175,,,,,
695,695,,,0.9500017166137695,0.12540273368358612,0.024840783327817917,0.02476758323609829
695,695,0.016491414979100227,,,,,
696,696,,,0.9513110518455505,0.12524500489234924,0.024884376674890518,0.02476758323609829
696,696,0.01646355912089348,,,,,
697,697,,,0.9474874138832092,0.1247863918542862,0.024688100442290306,0.024688100442290306
697,697,0.016438188031315804,,,,,
698,698,,,0.9508318305015564,0.12453661113977432,0.024810858070850372,0.024688100442290306
698,698,0.016413327306509018,,,,,
699,699,,0.016387782990932465,,,,
699,699,,,0.9501022100448608,0.12429313361644745,0.024761732667684555,0.024688100442290306
699,699,0.016387782990932465,,,,,
700,700,,,0.947878360748291,0.12389066070318222,0.02463763765990734,0.02463763765990734
700,700,0.016363441944122314,,,,,
701,701,,,0.9511770606040955,0.12371580302715302,0.024764221161603928,0.02463763765990734
701,701,0.016340570524334908,,,,,
702,702,,,0.9490585327148438,0.12340553104877472,0.024651454761624336,0.02463763765990734
702,702,0.016317492350935936,,,,,
703,703,,,0.9486281275749207,0.12306556850671768,0.024608058854937553,0.024608058854937553
703,703,0.016294369474053383,,,,,
704,704,,,0.9510301351547241,0.12289875745773315,0.024697408080101013,0.024608058854937553
704,704,0.01627248153090477,,,,,
705,705,,,0.9484243392944336,0.12257108837366104,0.02456292137503624,0.02456292137503624
705,705,0.0162512119859457,,,,,
706,706,,,0.9494879245758057,0.1223103255033493,0.024588705971837044,0.02456292137503624
706,706,0.016229668632149696,,,,,
707,707,,,0.9505289196968079,0.12210297584533691,0.024617545306682587,0.02456292137503624
707,707,0.016208510845899582,,,,,
708,708,,,0.9483054280281067,0.12177351117134094,0.02449929714202881,0.02449929714202881
708,708,0.0161882471293211,,,,,
709,709,,,0.9501972198486328,0.12157285958528519,0.024564653635025024,0.02449929714202881
709,709,0.01616816036403179,,,,,
710,710,,,0.9498885273933411,0.12133082002401352,0.02453390508890152,0.02449929714202881
710,710,0.016147971153259277,,,,,
711,711,,,0.9486387372016907,0.12102595716714859,0.024458812549710274,0.024458812549710274
711,711,0.016128264367580414,,,,,
712,712,,,0.9505674242973328,0.12083394080400467,0.024526478722691536,0.024458812549710274
712,712,0.016109120100736618,,,,,
713,713,,,0.9493318200111389,0.1205635741353035,0.024454541504383087,0.024454541504383087
713,713,0.016089998185634613,,,,,
714,714,,,0.9492321610450745,0.12030904740095139,0.02443188987672329,0.02443188987672329
714,714,0.016070926561951637,,,,,
715,715,,,0.9505515098571777,0.12010445445775986,0.024472955614328384,0.02443188987672329
715,715,0.016052275896072388,,,,,
716,716,,,0.949040949344635,0.1198161169886589,0.024388208985328674,0.024388208985328674
716,716,0.016033964231610298,,,,,
717,717,,,0.9498546123504639,0.11959662288427353,0.02440684288740158,0.024388208985328674
717,717,0.016015632078051567,,,,,
718,718,,,0.9502533078193665,0.11937464773654938,0.024407774209976196,0.024388208985328674
718,718,0.01599743962287903,,,,,
719,719,,,0.9490916728973389,0.11909976601600647,0.024338895455002785,0.024338895455002785
719,719,0.01597958244383335,,,,,
720,720,,,0.9503089189529419,0.11889126896858215,0.024375498294830322,0.024338895455002785
720,720,0.015961911529302597,,,,,
721,721,,,0.9498719573020935,0.11864340305328369,0.02433929219841957,0.024338895455002785
721,721,0.015944236889481544,,,,,
722,722,,,0.9494200944900513,0.11839684098958969,0.024302592501044273,0.024302592501044273
722,722,0.015926703810691833,,,,,
723,723,,,0.9504823684692383,0.11818930506706238,0.02433280646800995,0.024302592501044273
723,723,0.01590944267809391,,,,,
724,724,,,0.9495963454246521,0.11792640388011932,0.024276625365018845,0.024276625365018845
724,724,0.015892257913947105,,,,,
725,725,,,0.9498646855354309,0.11769884824752808,0.024271860718727112,0.024271860718727112
725,725,0.01587511971592903,,,,,
726,726,,,0.950383722782135,0.11747913062572479,0.02427830547094345,0.024271860718727112
726,726,0.015858104452490807,,,,,
727,727,,,0.9495326280593872,0.11722322553396225,0.024224208667874336,0.024224208667874336
727,727,0.01584126427769661,,,,,
728,728,,,0.9502407312393188,0.11700700968503952,0.024238960817456245,0.024224208667874336
728,728,0.015824494883418083,,,,,
729,729,,,0.9501380324363708,0.11676707118749619,0.024217747151851654,0.024217747151851654
729,729,0.015807747840881348,,,,,
730,730,,,0.9496849775314331,0.11652486771345139,0.024181576445698738,0.024181576445698738
730,730,0.01579113118350506,,,,,
731,731,,,0.9504212141036987,0.11631163209676743,0.02419782429933548,0.024181576445698738
731,731,0.015774616971611977,,,,,
732,732,,,0.949907660484314,0.11606189608573914,0.024158626794815063,0.024158626794815063
732,732,0.015758156776428223,,,,,
733,733,,,0.9499636292457581,0.11583106219768524,0.02414489910006523,0.02414489910006523
733,733,0.015741733834147453,,,,,
734,734,,,0.9503883123397827,0.11560710519552231,0.02414730191230774,0.02414489910006523
734,734,0.015725405886769295,,,,,
735,735,,,0.9498091340065002,0.11535964906215668,0.024105586111545563,0.024105586111545563
735,735,0.015709150582551956,,,,,
736,736,,,0.9502258896827698,0.11513759195804596,0.02410784550011158,0.024105586111545563
736,736,0.01569293439388275,,,,,
737,737,,,0.9502204060554504,0.11489889025688171,0.024091102182865143,0.024091102182865143
737,737,0.015676749870181084,,,,,
738,738,,,0.9498714804649353,0.11465685069561005,0.02405961975455284,0.02405961975455284
738,738,0.015660660341382027,,,,,
739,739,,,0.9503585696220398,0.11443483829498291,0.02406495437026024,0.02405961975455284
739,739,0.01564461551606655,,,,,
740,740,,,0.9500377178192139,0.1141887754201889,0.024034451693296432,0.024034451693296432
740,740,0.015628602355718613,,,,,
741,741,,,0.9500415325164795,0.11395349353551865,0.02401847392320633,0.02401847392320633
741,741,0.015612632967531681,,,,,
742,742,,,0.9503346085548401,0.11372179538011551,0.024015024304389954,0.024015024304389954
742,742,0.015596713870763779,,,,,
743,743,,,0.9499459862709045,0.11347444355487823,0.023981668055057526,0.023981668055057526
743,743,0.015580842271447182,,,,,
744,744,,,0.9502155184745789,0.11324442923069,0.023977402597665787,0.023977402597665787
744,744,0.015564999543130398,,,,,
745,745,,,0.9502121806144714,0.11300234496593475,0.023960793390870094,0.023960793390870094
745,745,0.015549198724329472,,,,,
746,746,,,0.9499813318252563,0.11275721341371536,0.0239343773573637,0.0239343773573637
746,746,0.015533441677689552,,,,,
747,747,,,0.950304388999939,0.11252502351999283,0.023932330310344696,0.023932330310344696
747,747,0.015517723746597767,,,,,
748,748,,,0.950082540512085,0.11227717995643616,0.023906180635094643,0.023906180635094643
748,748,0.015502026304602623,,,,,
749,749,,0.015486386604607105,,,,
749,749,,,0.9501004815101624,0.11203654855489731,0.02389071136713028,0.02389071136713028
749,749,0.015486386604607105,,,,,
750,750,,,0.9502810835838318,0.11179666221141815,0.023882213979959488,0.023882213979959488
750,750,0.015470758080482483,,,,,
751,751,,,0.9500212073326111,0.11154653877019882,0.023854414001107216,0.023854414001107216
751,751,0.015455182641744614,,,,,
752,752,,,0.9502171874046326,0.1113082617521286,0.02384674735367298,0.02384674735367298
752,752,0.015439629554748535,,,,,
753,753,,,0.9501848816871643,0.11106111854314804,0.02382885292172432,0.02382885292172432
753,753,0.015424110926687717,,,,,
754,754,,,0.950052797794342,0.11081187427043915,0.023806633427739143,0.023806633427739143
754,754,0.015408618375658989,,,,,
755,755,,,0.9502618908882141,0.11057045310735703,0.023799417540431023,0.023799417540431023
755,755,0.015393177047371864,,,,,
756,756,,,0.9500914216041565,0.11031829565763474,0.023775450885295868,0.023775450885295868
756,756,0.015377751551568508,,,,,
757,757,,,0.9501365423202515,0.11007188260555267,0.02376103401184082,0.02376103401184082
757,757,0.015362344682216644,,,,,
758,758,,,0.9502238631248474,0.10982416570186615,0.023748353123664856,0.023748353123664856
758,758,0.015346982516348362,,,,,
759,759,,,0.950057327747345,0.10956985503435135,0.023724522441625595,0.023724522441625595
759,759,0.015331651084125042,,,,,
760,760,,,0.9502043128013611,0.10932353883981705,0.02371453493833542,0.02371453493833542
760,760,0.01531634945422411,,,,,
761,761,,,0.9501438140869141,0.1090703085064888,0.02369534596800804,0.02369534596800804
761,761,0.015301069244742393,,,,,
762,762,,,0.9500870108604431,0.1088164895772934,0.0236763097345829,0.0236763097345829
762,762,0.015285822562873363,,,,,
763,763,,,0.9502105116844177,0.10856650769710541,0.023665200918912888,0.023665200918912888
763,763,0.015270599164068699,,,,,
764,764,,,0.9500791430473328,0.10830918699502945,0.023642856627702713,0.023642856627702713
764,764,0.015255416743457317,,,,,
765,765,,,0.9501403570175171,0.10805632174015045,0.023628998547792435,0.023628998547792435
765,765,0.015240253880620003,,,,,
766,766,,,0.9501610398292542,0.10780127346515656,0.023613322526216507,0.023613322526216507
766,766,0.01522511150687933,,,,,
767,767,,,0.950063943862915,0.10754191875457764,0.023592418059706688,0.023592418059706688
767,767,0.015209999866783619,,,,,
768,768,,,0.9501691460609436,0.10728783160448074,0.023580461740493774,0.023580461740493774
768,768,0.015194919891655445,,,,,
769,769,,,0.9500951170921326,0.1070280373096466,0.02356058359146118,0.02356058359146118
769,769,0.015179858542978764,,,,,
770,770,,,0.950090765953064,0.10676883906126022,0.023543735966086388,0.023543735966086388
770,770,0.015164840966463089,,,,,
771,771,,,0.9501497149467468,0.10651110112667084,0.02352970466017723,0.02352970466017723
771,771,0.015149833634495735,,,,,
772,772,,,0.9500554203987122,0.10624803602695465,0.023508882150053978,0.023508882150053978
772,772,0.015134857036173344,,,,,
773,773,,,0.9501209855079651,0.10598886013031006,0.02349511906504631,0.02349511906504631
773,773,0.015119906514883041,,,,,
774,774,,,0.9500972032546997,0.10572691261768341,0.02347743883728981,0.02347743883728981
774,774,0.015104983933269978,,,,,
775,775,,,0.9500553607940674,0.10546259582042694,0.02345888316631317,0.02345888316631317
775,775,0.015090079978108406,,,,,
776,776,,,0.9501203894615173,0.10520162433385849,0.02344510518014431,0.02344510518014431
776,776,0.01507521141320467,,,,,
777,777,,,0.9500483870506287,0.1049361526966095,0.023425281047821045,0.023425281047821045
777,777,0.0150603661313653,,,,,
778,778,,,0.950075626373291,0.10467205941677094,0.02340979129076004,0.02340979129076004
778,778,0.015045540407299995,,,,,
779,779,,,0.9500850439071655,0.10440784692764282,0.023393578827381134,0.023393578827381134
779,779,0.015030735172331333,,,,,
780,780,,,0.9500305652618408,0.10414041578769684,0.02337450347840786,0.02337450347840786
780,780,0.015015959739685059,,,,,
781,781,,,0.9500837922096252,0.1038760170340538,0.023360220715403557,0.023360220715403557
781,781,0.015001213178038597,,,,,
782,782,,,0.9500396847724915,0.10360869765281677,0.023341674357652664,0.023341674357652664
782,782,0.014986485242843628,,,,,
783,783,,,0.9500395655632019,0.10334087908267975,0.023325005546212196,0.023325005546212196
783,783,0.014971793629229069,,,,,
784,784,,,0.9500641226768494,0.10307462513446808,0.02330951951444149,0.02330951951444149
784,784,0.014957118779420853,,,,,
785,785,,,0.950012743473053,0.1028054803609848,0.023290682584047318,0.023290682584047318
785,785,0.01494245883077383,,,,,
786,786,,,0.950049638748169,0.10253766179084778,0.02327570877969265,0.02327570877969265
786,786,0.014927825890481472,,,,,
787,787,,,0.950027346611023,0.10226906090974808,0.023258225992321968,0.023258225992321968
787,787,0.014913220889866352,,,,,
788,788,,,0.9500115513801575,0.10199910402297974,0.02324097417294979,0.02324097417294979
788,788,0.014898630790412426,,,,,
789,789,,,0.9500397443771362,0.10173069685697556,0.023225726559758186,0.023225726559758186
789,789,0.014884086325764656,,,,,
790,790,,,0.9499985575675964,0.1014602780342102,0.023207463324069977,0.023207463324069977
790,790,0.014869551174342632,,,,,
791,791,,,0.9500187635421753,0.10119015723466873,0.02319185808300972,0.02319185808300972
791,791,0.0148550346493721,,,,,
792,792,,,0.9500129222869873,0.10092034190893173,0.02317521534860134,0.02317521534860134
792,792,0.014840557239949703,,,,,
793,793,,,0.9499900341033936,0.10064910352230072,0.02315780706703663,0.02315780706703663
793,793,0.014826087281107903,,,,,
794,794,,,0.9500154852867126,0.10037871450185776,0.02314254269003868,0.02314254269003868
794,794,0.014811643399298191,,,,,
795,795,,,0.9499865174293518,0.10010755807161331,0.023124968633055687,0.023124968633055687
795,795,0.014797220937907696,,,,,
796,796,,,0.9499933123588562,0.09983599185943604,0.02310892939567566,0.02310892939567566
796,796,0.014782832004129887,,,,,
797,797,,,0.9499977827072144,0.0995650365948677,0.02309287339448929,0.02309287339448929
797,797,0.01476845983415842,,,,,
798,798,,,0.9499732851982117,0.09929294139146805,0.023075565695762634,0.023075565695762634
798,798,0.014754114672541618,,,,,
799,799,,0.014739778824150562,,,,
799,799,,,0.9499940276145935,0.0990213081240654,0.023060249164700508,0.023060249164700508
799,799,0.014739778824150562,,,,,
800,800,,,0.9499743580818176,0.09874949604272842,0.023043252527713776,0.023043252527713776
800,800,0.014725481159985065,,,,,
801,801,,,0.9499744772911072,0.0984770730137825,0.023027101531624794,0.023027101531624794
801,801,0.014711200259625912,,,,,
802,802,,,0.9499822854995728,0.09820520132780075,0.023011352866888046,0.023011352866888046
802,802,0.014696940779685974,,,,,
803,803,,,0.9499615430831909,0.09793281555175781,0.02299441210925579,0.02299441210925579
803,803,0.014682707376778126,,,,,
804,804,,,0.9499765634536743,0.09766024351119995,0.022979019209742546,0.022979019209742546
804,804,0.014668497256934643,,,,,
805,805,,,0.9499659538269043,0.0973881408572197,0.02296260930597782,0.02296260930597782
805,805,0.014654310420155525,,,,,
806,806,,,0.949961245059967,0.09711543470621109,0.022946463897824287,0.022946463897824287
806,806,0.014640146866440773,,,,,
807,807,,,0.9499711394309998,0.09684295207262039,0.022930989041924477,0.022930989041924477
807,807,0.014626006595790386,,,,,
808,808,,,0.949955403804779,0.0965704619884491,0.022914476692676544,0.022914476692676544
808,808,0.01461189053952694,,,,,
809,809,,,0.9499656558036804,0.0962979719042778,0.02289910800755024,0.02289910800755024
809,809,0.014597800560295582,,,,,
810,810,,,0.9499608278274536,0.09602534770965576,0.022883137688040733,0.022883137688040733
810,810,0.014583725482225418,,,,,
811,811,,,0.9499559998512268,0.09575292468070984,0.022867225110530853,0.022867225110530853
811,811,0.014569680206477642,,,,,
812,812,,,0.9499658346176147,0.09548047184944153,0.02285197749733925,0.02285197749733925
812,812,0.014555661007761955,,,,,
813,813,,,0.9499542117118835,0.09520790725946426,0.022835856303572655,0.022835856303572655
813,813,0.014541654847562313,,,,,
814,814,,,0.949962854385376,0.0949358195066452,0.022820666432380676,0.022820666432380676
814,814,0.014527681283652782,,,,,
815,815,,,0.9499611854553223,0.09466341882944107,0.022805066779255867,0.022805066779255867
815,815,0.014513744041323662,,,,,
816,816,,,0.949958086013794,0.09439113736152649,0.022789455950260162,0.022789455950260162
816,816,0.014499816112220287,,,,,
817,817,,,0.9499672055244446,0.09411929547786713,0.022774435579776764,0.022774435579776764
817,817,0.014485923573374748,,,,,
818,818,,,0.9499600529670715,0.09384710341691971,0.02275874838232994,0.02275874838232994
818,818,0.014472047798335552,,,,,
819,819,,,0.949968159198761,0.09357535094022751,0.02274377830326557,0.02274377830326557
819,819,0.01445819716900587,,,,,
820,820,,,0.949968695640564,0.0933036133646965,0.022728530690073967,0.022728530690073967
820,820,0.014444374479353428,,,,,
821,821,,,0.9499678015708923,0.09303200244903564,0.022713275626301765,0.022713275626301765
821,821,0.014430579729378223,,,,,
822,822,,,0.9499777555465698,0.0927606001496315,0.0226985365152359,0.0226985365152359
822,822,0.014416811987757683,,,,,
823,823,,,0.9499729871749878,0.09248926490545273,0.022683219984173775,0.022683219984173775
823,823,0.014403066597878933,,,,,
824,824,,,0.9499824643135071,0.0922180786728859,0.022668560966849327,0.022668560966849327
824,824,0.01438935287296772,,,,,
825,825,,,0.9499842524528503,0.09194724261760712,0.02265363745391369,0.02265363745391369
825,825,0.014375658705830574,,,,,
826,826,,,0.9499868154525757,0.09167630970478058,0.02263878844678402,0.02263878844678402
826,826,0.014362001791596413,,,,,
827,827,,,0.9499961137771606,0.09140586107969284,0.022624295204877853,0.022624295204877853
827,827,0.014348369091749191,,,,,
828,828,,,0.949995219707489,0.0911354273557663,0.022609414532780647,0.022609414532780647
828,828,0.014334767125546932,,,,,
829,829,,,0.950005292892456,0.09086509048938751,0.02259504422545433,0.02259504422545433
829,829,0.01432118285447359,,,,,
830,830,,,0.9500094652175903,0.0905953198671341,0.022580504417419434,0.022580504417419434
830,830,0.014307638630270958,,,,,
831,831,,,0.9500139951705933,0.09032530337572098,0.02256600558757782,0.02256600558757782
831,831,0.014294116757810116,,,,,
832,832,,,0.9500246047973633,0.09005594253540039,0.022551845759153366,0.022551845759153366
832,832,0.014280635863542557,,,,,
833,833,,,0.9500271081924438,0.08978647738695145,0.02253738045692444,0.02253738045692444
833,833,0.01426718756556511,,,,,
834,834,,,0.9500380754470825,0.08951736241579056,0.022523337975144386,0.022523337975144386
834,834,0.014253751374781132,,,,,
835,835,,,0.9500442743301392,0.08924858272075653,0.022509150207042694,0.022509150207042694
835,835,0.014240356162190437,,,,,
836,836,,,0.9500520825386047,0.08897974342107773,0.022495076060295105,0.022495076060295105
836,836,0.014226987026631832,,,,,
837,837,,,0.9500623941421509,0.08871158957481384,0.02248118445277214,0.02248118445277214
837,837,0.014213652350008488,,,,,
838,838,,,0.9500694870948792,0.08844337612390518,0.022467199712991714,0.022467199712991714
838,838,0.014200362376868725,,,,,
839,839,,,0.9500804543495178,0.08817549794912338,0.022453438490629196,0.022453438490629196
839,839,0.014187091961503029,,,,,
840,840,,,0.9500901699066162,0.08790813386440277,0.02243969216942787,0.02243969216942787
840,840,0.014173859730362892,,,,,
841,841,,,0.9500997066497803,0.08764070272445679,0.022425981238484383,0.022425981238484383
841,841,0.014160656370222569,,,,,
842,842,,,0.9501119256019592,0.087373748421669,0.02241244912147522,0.02241244912147522
842,842,0.014147492125630379,,,,,
843,843,,,0.9501217603683472,0.08710716664791107,0.02239888161420822,0.02239888161420822
843,843,0.014134367927908897,,,,,
844,844,,,0.9501347541809082,0.08684074133634567,0.022385496646165848,0.022385496646165848
844,844,0.014121276326477528,,,,,
845,845,,,0.9501454830169678,0.08657459169626236,0.02237207442522049,0.02237207442522049
845,845,0.014108221046626568,,,,,
846,846,,,0.9501596689224243,0.08630901575088501,0.022358868271112442,0.022358868271112442
846,846,0.014095193706452847,,,,,
847,847,,,0.950171172618866,0.08604332059621811,0.022345587611198425,0.022345587611198425
847,847,0.014082212001085281,,,,,
848,848,,,0.950186014175415,0.0857783779501915,0.022332528606057167,0.022332528606057167
848,848,0.0140692675486207,,,,,
849,849,,0.01405635941773653,,,,
849,849,,,0.9501993060112,0.08551348000764847,0.022319447249174118,0.022319447249174118
849,849,0.01405635941773653,,,,,
850,850,,,0.9502135515213013,0.08524908125400543,0.022306475788354874,0.022306475788354874
850,850,0.014043492265045643,,,,,
851,851,,,0.9502291679382324,0.08498493582010269,0.022293616086244583,0.022293616086244583
851,851,0.014030668884515762,,,,,
852,852,,,0.9502432346343994,0.08472110331058502,0.022280748933553696,0.022280748933553696
852,852,0.014017880894243717,,,,,
853,853,,,0.9502600431442261,0.08445777744054794,0.022268066182732582,0.022268066182732582
853,853,0.014005128294229507,,,,,
854,854,,,0.9502753615379333,0.08419455587863922,0.022255364805459976,0.022255364805459976
854,854,0.01399242877960205,,,,,
855,855,,,0.9502924680709839,0.0839320719242096,0.022242821753025055,0.022242821753025055
855,855,0.013979770243167877,,,,,
856,856,,,0.9503090977668762,0.08366957306861877,0.022230299189686775,0.022230299189686775
856,856,0.013967141509056091,,,,,
857,857,,,0.9503268599510193,0.08340762555599213,0.022217892110347748,0.022217892110347748
857,857,0.01395457424223423,,,,,
858,858,,,0.9503443837165833,0.0831461176276207,0.0222055371850729,0.0222055371850729
858,858,0.013942038640379906,,,,,
859,859,,,0.950363039970398,0.0828847736120224,0.02219327911734581,0.02219327911734581
859,859,0.013929549604654312,,,,,
860,860,,,0.950381338596344,0.08262409269809723,0.022181082516908646,0.022181082516908646
860,860,0.0139171052724123,,,,,
861,861,,,0.9504013061523438,0.08236365020275116,0.02216900885105133,0.02216900885105133
861,861,0.013904713094234467,,,,,
862,862,,,0.9504197239875793,0.08210349082946777,0.02215692214667797,0.02215692214667797
862,862,0.013892357237637043,,,,,
863,863,,,0.9504407048225403,0.08184412121772766,0.022145025432109833,0.022145025432109833
863,863,0.013880057260394096,,,,,
864,864,,,0.9504600763320923,0.08158466964960098,0.022133097052574158,0.022133097052574158
864,864,0.013867811299860477,,,,,
865,865,,,0.9504814743995667,0.08132605254650116,0.022121336311101913,0.022121336311101913
865,865,0.013855605386197567,,,,,
866,866,,,0.9505022168159485,0.08106766641139984,0.02210959792137146,0.02210959792137146
866,866,0.013843453489243984,,,,,
867,867,,,0.9505234956741333,0.08080964535474777,0.022097941488027573,0.022097941488027573
867,867,0.013831338845193386,,,,,
868,868,,,0.9505465626716614,0.0805523619055748,0.022086434066295624,0.022086434066295624
868,868,0.013819281943142414,,,,,
869,869,,,0.950566828250885,0.08029511570930481,0.022074852138757706,0.022074852138757706
869,869,0.013807283714413643,,,,,
870,870,,,0.9505921602249146,0.08003870397806168,0.022063564509153366,0.022063564509153366
870,870,0.013795319944620132,,,,,
871,871,,,0.9506121277809143,0.07978265732526779,0.022052107378840446,0.022052107378840446
871,871,0.013783426955342293,,,,,
872,872,,,0.9506378769874573,0.07952684164047241,0.022040942683815956,0.022040942683815956
872,872,0.013771574012935162,,,,,
873,873,,,0.9506599307060242,0.07927205413579941,0.022029712796211243,0.022029712796211243
873,873,0.013759782537817955,,,,,
874,874,,,0.950684666633606,0.07901719957590103,0.022018631920218468,0.022018631920218468
874,874,0.013748043216764927,,,,,
875,875,,,0.9507087469100952,0.07876310497522354,0.022007595747709274,0.022007595747709274
875,875,0.0137363625690341,,,,,
876,876,,,0.9507328271865845,0.07850968837738037,0.0219966322183609,0.0219966322183609
876,876,0.013724732212722301,,,,,
877,877,,,0.9507590532302856,0.07825633883476257,0.021985802799463272,0.021985802799463272
877,877,0.013713151216506958,,,,,
878,878,,,0.9507824778556824,0.07800405472517014,0.021974939852952957,0.021974939852952957
878,878,0.013701626099646091,,,,,
879,879,,,0.9508097767829895,0.07775188982486725,0.021964289247989655,0.021964289247989655
879,879,0.01369017455726862,,,,,
880,880,,,0.9508345723152161,0.07750046998262405,0.021953603252768517,0.021953603252768517
880,880,0.013678774237632751,,,,,
881,881,,,0.9508610367774963,0.07724958658218384,0.021943051367998123,0.021943051367998123
881,881,0.013667426072061062,,,,,
882,882,,,0.9508875012397766,0.07699906826019287,0.021932553499937057,0.021932553499937057
882,882,0.0136561319231987,,,,,
883,883,,,0.950913667678833,0.07674964517354965,0.02192213200032711,0.02192213200032711
883,883,0.013644898310303688,,,,,
884,884,,,0.9509411454200745,0.07650009542703629,0.021911798045039177,0.021911798045039177
884,884,0.013633741065859795,,,,,
885,885,,,0.9509674906730652,0.07625176757574081,0.021901508793234825,0.021901508793234825
885,885,0.013622628524899483,,,,,
886,886,,,0.9509959816932678,0.07600383460521698,0.021891366690397263,0.021891366690397263
886,886,0.01361157651990652,,,,,
887,887,,,0.9510220289230347,0.07575630396604538,0.02188117429614067,0.02188117429614067
887,887,0.01360058132559061,,,,,
888,888,,,0.951051652431488,0.07550998032093048,0.021871225908398628,0.021871225908398628
888,888,0.013589653186500072,,,,,
889,889,,,0.9510781168937683,0.07526373863220215,0.021861186251044273,0.021861186251044273
889,889,0.013578776270151138,,,,,
890,890,,,0.9511069059371948,0.07501841336488724,0.021851319819688797,0.021851319819688797
890,890,0.013567976653575897,,,,,
891,891,,,0.9511359333992004,0.07477397471666336,0.021841540932655334,0.021841540932655334
891,891,0.01355722639709711,,,,,
892,892,,,0.9511626362800598,0.07452978193759918,0.021831711754202843,0.021831711754202843
892,892,0.013546542264521122,,,,,
893,893,,,0.9511940479278564,0.07428665459156036,0.021822163835167885,0.021822163835167885
893,893,0.013535921461880207,,,,,
894,894,,,0.9512201547622681,0.07404415309429169,0.021812453866004944,0.021812453866004944
894,894,0.013525361195206642,,,,,
895,895,,,0.9512513279914856,0.07380226999521255,0.021803023293614388,0.021803023293614388
895,895,0.013514862395823002,,,,,
896,896,,,0.9512801170349121,0.07356126606464386,0.021793564781546593,0.021793564781546593
896,896,0.013504423201084137,,,,,
897,897,,,0.95130854845047,0.07332098484039307,0.021784160286188126,0.021784160286188126
897,897,0.013494054786860943,,,,,
898,898,,,0.9513397216796875,0.07308157533407211,0.02177494205534458,0.02177494205534458
898,898,0.013483740389347076,,,,,
899,899,,0.01347348839044571,,,,
899,899,,,0.9513673186302185,0.07284262031316757,0.021765626966953278,0.021765626966953278
899,899,0.01347348839044571,,,,,
900,900,,,0.9513992071151733,0.07260498404502869,0.02175658941268921,0.02175658941268921
900,900,0.013463316485285759,,,,,
901,901,,,0.9514272212982178,0.07236775755882263,0.02174743451178074,0.02174743451178074
901,901,0.013453185558319092,,,,,
902,902,,,0.9514582753181458,0.07213147729635239,0.021738488227128983,0.021738488227128983
902,902,0.013443134725093842,,,,,
903,903,,,0.9514883756637573,0.07189622521400452,0.021729575470089912,0.021729575470089912
903,903,0.013433136977255344,,,,,
904,904,,,0.951517641544342,0.07166154682636261,0.021720686927437782,0.021720686927437782
904,904,0.013423203490674496,,,,,
905,905,,,0.9515495896339417,0.07142797112464905,0.021711990237236023,0.021711990237236023
905,905,0.01341333333402872,,,,,
906,906,,,0.9515781402587891,0.07119520753622055,0.021703220903873444,0.021703220903873444
906,906,0.013403528369963169,,,,,
907,907,,,0.9516095519065857,0.07096342742443085,0.021694645285606384,0.021694645285606384
907,907,0.013393782079219818,,,,,
908,908,,,0.9516403675079346,0.07073254138231277,0.021686118096113205,0.021686118096113205
908,908,0.013384096324443817,,,,,
909,909,,,0.9516692161560059,0.07050260156393051,0.021677574142813683,0.021677574142813683
909,909,0.013374480418860912,,,,,
910,910,,,0.9517019391059875,0.07027368247509003,0.02166927233338356,0.02166927233338356
910,910,0.013364918529987335,,,,,
911,911,,,0.9517306089401245,0.07004567980766296,0.02166086807847023,0.02166086807847023
911,911,0.013355422765016556,,,,,
912,912,,,0.9517630338668823,0.06981860846281052,0.021652694791555405,0.021652694791555405
912,912,0.013345982879400253,,,,,
913,913,,,0.9517922401428223,0.06959271430969238,0.021644465625286102,0.021644465625286102
913,913,0.013336614705622196,,,,,
914,914,,,0.9518237709999084,0.06936757266521454,0.021636396646499634,0.021636396646499634
914,914,0.013327298685908318,,,,,
915,915,,,0.951854944229126,0.06914374977350235,0.021628396585583687,0.021628396585583687
915,915,0.013318045064806938,,,,,
916,916,,,0.9518836736679077,0.06892084330320358,0.021620362997055054,0.021620362997055054
916,916,0.01330886036157608,,,,,
917,917,,,0.9519180059432983,0.0686989575624466,0.021612636744976044,0.021612636744976044
917,917,0.013299716636538506,,,,,
918,918,,,0.9519439935684204,0.06847824156284332,0.021604634821414948,0.021604634821414948
918,918,0.013290656730532646,,,,,
919,919,,,0.9519803524017334,0.06825848668813705,0.02159714326262474,0.02159714326262474
919,919,0.013281631283462048,,,,,
920,920,,,0.9520054459571838,0.06804008781909943,0.021589254960417747,0.021589254960417747
920,920,0.013272682204842567,,,,,
921,921,,,0.9520420432090759,0.0678226500749588,0.021581929177045822,0.021581929177045822
921,921,0.01326377596706152,,,,,
922,922,,,0.9520672559738159,0.06760621070861816,0.02157418429851532,0.02157418429851532
922,922,0.013254940509796143,,,,,
923,923,,,0.9521030783653259,0.06739136576652527,0.021566983312368393,0.021566983312368393
923,923,0.013246157206594944,,,,,
924,924,,,0.952129602432251,0.06717707216739655,0.02155943773686886,0.02155943773686886
924,924,0.013237432576715946,,,,,
925,925,,,0.952163815498352,0.06696444004774094,0.02155231311917305,0.02155231311917305
925,925,0.013228761032223701,,,,,
926,926,,,0.9521913528442383,0.06675288826227188,0.02154497615993023,0.02154497615993023
926,926,0.01322014257311821,,,,,
927,927,,,0.9522249102592468,0.06654217094182968,0.021537955850362778,0.021537955850362778
927,927,0.013211588375270367,,,,,
928,928,,,0.9522533416748047,0.06633345782756805,0.021530823782086372,0.021530823782086372
928,928,0.013203078880906105,,,,,
929,929,,,0.9522854089736938,0.06612492352724075,0.02152387797832489,0.02152387797832489
929,929,0.013194626197218895,,,,,
930,930,,,0.9523153305053711,0.06591862440109253,0.021516958251595497,0.021516958251595497
930,930,0.013186228461563587,,,,,
931,931,,,0.9523464441299438,0.06571287661790848,0.021510135382413864,0.021510135382413864
931,931,0.013177887536585331,,,,,
932,932,,,0.9523761868476868,0.06550851464271545,0.02150333672761917,0.02150333672761917
932,932,0.013169592246413231,,,,,
933,933,,,0.9524078369140625,0.06530581414699554,0.02149670571088791,0.02149670571088791
933,933,0.013161340728402138,,,,,
934,934,,,0.952437162399292,0.06510365009307861,0.021490024402737617,0.021490024402737617
934,934,0.013153152540326118,,,,,
935,935,,,0.9524685144424438,0.0649036392569542,0.021483534947037697,0.021483534947037697
935,935,0.013145015574991703,,,,,
936,936,,,0.9524985551834106,0.06470414251089096,0.02147703617811203,0.02147703617811203
936,936,0.013136920519173145,,,,,
937,937,,,0.9525286555290222,0.0645064115524292,0.021470630541443825,0.021470630541443825
937,937,0.013128873892128468,,,,,
938,938,,,0.9525599479675293,0.06430985778570175,0.021464349702000618,0.021464349702000618
938,938,0.013120878487825394,,,,,
939,939,,,0.9525889754295349,0.064114511013031,0.021458037197589874,0.021458037197589874
939,939,0.013112945482134819,,,,,
940,940,,,0.9526204466819763,0.06392069160938263,0.021451910957694054,0.021451910957694054
940,940,0.013105038553476334,,,,,
941,941,,,0.9526496529579163,0.06372785568237305,0.021445751190185547,0.021445751190185547
941,941,0.013097181916236877,,,,,
942,942,,,0.9526801705360413,0.06353674829006195,0.02143973484635353,0.02143973484635353
942,942,0.013089369051158428,,,,,
943,943,,,0.9527111053466797,0.06334656476974487,0.021433789283037186,0.021433789283037186
943,943,0.013081616722047329,,,,,
944,944,,,0.9527390599250793,0.06315799057483673,0.021427806466817856,0.021427806466817856
944,944,0.013073890469968319,,,,,
945,945,,,0.9527727961540222,0.06297072023153305,0.021422136574983597,0.021422136574983597
945,945,0.01306622102856636,,,,,
946,946,,,0.9527978897094727,0.06278463453054428,0.02141616679728031,0.02141616679728031
946,946,0.013058584183454514,,,,,
947,947,,,0.9528334140777588,0.06260009855031967,0.02141071856021881,0.02141071856021881
947,947,0.013050996698439121,,,,,
948,948,,,0.9528577923774719,0.06241670623421669,0.02140485867857933,0.02140485867857933
948,948,0.013043447397649288,,,,,
949,949,,0.013035942800343037,,,,
949,949,,,0.9528937935829163,0.06223488226532936,0.021399572491645813,0.021399572491645813
949,949,0.013035942800343037,,,,,
950,950,,,0.95291668176651,0.06205423176288605,0.0213937945663929,0.0213937945663929
950,950,0.013028470799326897,,,,,
951,951,,,0.9529551863670349,0.061874862760305405,0.021388744935393333,0.021388744935393333
951,951,0.013021044433116913,,,,,
952,952,,,0.9529753923416138,0.06169727072119713,0.021383006125688553,0.021383006125688553
952,952,0.01301365252584219,,,,,
953,953,,,0.9530164003372192,0.06152023375034332,0.02137818932533264,0.02137818932533264
953,953,0.01300631184130907,,,,,
954,954,,,0.9530330300331116,0.061345405876636505,0.021372435614466667,0.021372435614466667
954,954,0.012999002821743488,,,,,
955,955,,,0.9530792832374573,0.061171263456344604,0.021367983892560005,0.021367983892560005
955,955,0.012991725467145443,,,,,
956,956,,,0.9530881643295288,0.06099884584546089,0.021362029016017914,0.021362029016017914
956,956,0.012984490022063255,,,,,
957,957,,,0.9531445503234863,0.06082741916179657,0.021358143538236618,0.021358143538236618
957,957,0.01297728717327118,,,,,
958,958,,,0.9531404376029968,0.06065783277153969,0.021351775154471397,0.021351775154471397
958,958,0.012970121577382088,,,,,
959,959,,,0.9532145261764526,0.0604889877140522,0.021348772570490837,0.021348772570490837
959,959,0.012962985783815384,,,,,
960,960,,,0.9531874060630798,0.06032218039035797,0.021341562271118164,0.021341562271118164
960,960,0.012955895625054836,,,,,
961,961,,,0.9532908201217651,0.06015589460730553,0.021339930593967438,0.021339930593967438
961,961,0.012948836199939251,,,,,
962,962,,,0.9532251954078674,0.05999186635017395,0.021331215277314186,0.021331215277314186
962,962,0.012941802851855755,,,,,
963,963,,,0.9533796906471252,0.05982789397239685,0.021331874653697014,0.021331215277314186
963,963,0.012934804894030094,,,,,
964,964,,,0.9532458782196045,0.059667110443115234,0.021320411935448647,0.021320411935448647
964,964,0.012927846983075142,,,,,
965,965,,,0.9534925222396851,0.05950459837913513,0.021325068548321724,0.021320411935448647
965,965,0.012920917943120003,,,,,
966,966,,,0.953233003616333,0.05934813991189003,0.021308450028300285,0.021308450028300285
966,966,0.012914014048874378,,,,,
967,967,,,0.9536534547805786,0.059185974299907684,0.021320536732673645,0.021308450028300285
967,967,0.012907139956951141,,,,,
968,968,,,0.9531521797180176,0.0590347982943058,0.02129386179149151,0.02129386179149151
968,968,0.012900324538350105,,,,,
969,969,,,0.9539124965667725,0.05887174233794212,0.021320395171642303,0.02129386179149151
969,969,0.012893527746200562,,,,,
970,970,,,0.9529322981834412,0.05872802808880806,0.02127365954220295,0.02127365954220295
970,970,0.012886767275631428,,,,,
971,971,,,0.9543715119361877,0.05856014043092728,0.021328913047909737,0.02127365954220295
971,971,0.012880079448223114,,,,,
972,972,,,0.9524272084236145,0.05842995271086693,0.02124171331524849,0.02124171331524849
972,972,0.012873474508523941,,,,,
973,973,,,0.9552506804466248,0.058248456567525864,0.02135537937283516,0.02124171331524849
973,973,0.012867003679275513,,,,,
974,974,,,0.9513192772865295,0.058144304901361465,0.02118469588458538,0.02118469588458538
974,974,0.012860826216638088,,,,,
975,975,,,0.9570378661155701,0.05793025717139244,0.021420426666736603,0.02118469588458538
975,975,0.01285519264638424,,,,,
976,976,,,0.9489168524742126,0.057881224900484085,0.021073782816529274,0.021073782816529274
976,976,0.012850702740252018,,,,,
977,977,,,0.9608496427536011,0.05759001895785332,0.02157152257859707,0.021073782816529274
977,977,0.012848641723394394,,,,,
978,978,,,0.943712055683136,0.05766431987285614,0.020846722647547722,0.020846722647547722
978,978,0.012851865030825138,,,,,
979,979,,,0.9693474173545837,0.05719229206442833,0.021923325955867767,0.020846722647547722
979,979,0.012866703793406487,,,,,
980,980,,,0.9325398802757263,0.05755145475268364,0.020375676453113556,0.020375676453113556
980,980,0.012907305732369423,,,,,
981,981,,,0.9891850352287292,0.05665813013911247,0.022770874202251434,0.020375676453113556
981,981,0.013005750253796577,,,,,
982,982,,,0.9098349213600159,0.05768169090151787,0.01944798231124878,0.01944798231124878
982,982,0.013232757337391376,,,,,
983,983,,,1.0370317697525024,0.05584638565778732,0.024903904646635056,0.01944798231124878
983,983,0.013744375668466091,,,,,
984,984,,,0.8725685477256775,0.05827601999044418,0.017988447099924088,0.017988447099924088
984,984,0.014842160046100616,,,,,
985,985,,,1.1411672830581665,0.054652001708745956,0.02991909720003605,0.017988447099924088
985,985,0.017043672502040863,,,,,
986,986,,,0.8406158685684204,0.05824340879917145,0.016767403110861778,0.016767403110861778
986,986,0.020730646327137947,,,,,
987,987,,,1.2570196390151978,0.05266377329826355,0.03604652360081673,0.016767403110861778
987,987,0.025397801771759987,,,,,
988,988,,,0.8231968879699707,0.051497314125299454,0.015898937359452248,0.015898937359452248
988,988,0.028019346296787262,,,,,
989,989,,,1.167099118232727,0.054517973214387894,0.03124862350523472,0.015898937359452248
989,989,0.025836097076535225,,,,,
990,990,,,0.8898390531539917,0.05761484429240227,0.018643714487552643,0.015898937359452248
990,990,0.019999047741293907,,,,,
991,991,,,0.9360507726669312,0.07560017704963684,0.0212444756180048,0.015898937359452248
991,991,0.01631537824869156,,,,,
992,992,,,1.075906753540039,0.0679391399025917,0.0271844994276762,0.015898937359452248
992,992,0.016824861988425255,,,,,
993,993,,,0.8549109101295471,0.059774622321128845,0.017361873760819435,0.015898937359452248
993,993,0.018041294068098068,,,,,
994,994,,,1.0536913871765137,0.05824196711182594,0.0257622841745615,0.015898937359452248
994,994,0.016847549006342888,,,,,
995,995,,,0.9376368522644043,0.07241293787956238,0.02116885595023632,0.015898937359452248
995,995,0.015114703215658665,,,,,
996,996,,,0.9206063151359558,0.09589031338691711,0.021651683375239372,0.015898937359452248
996,996,0.015754977241158485,,,,,
997,997,,,1.0245842933654785,0.06983599066734314,0.024860689416527748,0.015898937359452248
997,997,0.016952354460954666,,,,,
998,998,,,0.9125930070877075,0.0581328459084034,0.019575707614421844,0.015898937359452248
998,998,0.015487253665924072,,,,,
999,999,,0.013268057256937027,,,,
999,999,,,0.9636963605880737,0.07831104099750519,0.02254033088684082,0.015898937359452248
999,999,0.013268057256937027,,,,,
1000,1000,,,0.9821057319641113,0.07753860950469971,0.023302409797906876,0.015898937359452248
1000,1000,0.014082958921790123,,,,,
1001,1001,,,0.931984543800354,0.08775468170642853,0.021672198548913002,0.015898937359452248
1001,1001,0.015969563275575638,,,,,
1002,1002,,,0.961670994758606,0.05503695085644722,0.021520253270864487,0.015898937359452248
1002,1002,0.014986957423388958,,,,,
1003,1003,,,0.9757408499717712,0.05637960880994797,0.022172706201672554,0.015898937359452248
1003,1003,0.01292174682021141,,,,,
1004,1004,,,0.9312329888343811,0.08434724062681198,0.021464666351675987,0.015898937359452248
1004,1004,0.013287615962326527,,,,,
1005,1005,,,0.9646491408348083,0.06095768138766289,0.021854599937796593,0.015898937359452248
1005,1005,0.014623736962676048,,,,,
1006,1006,,,0.976055920124054,0.06135439872741699,0.022362519055604935,0.015898937359452248
1006,1006,0.014217174611985683,,,,,
1007,1007,,,0.916566789150238,0.06007371470332146,0.019806673750281334,0.015898937359452248
1007,1007,0.013128885999321938,,,,,
1008,1008,,,0.9878278970718384,0.055431071668863297,0.022669723257422447,0.015898937359452248
1008,1008,0.013176152482628822,,,,,
1009,1009,,,0.9514706134796143,0.06581445038318634,0.021476995199918747,0.015898937359452248
1009,1009,0.01362000685185194,,,,,
1010,1010,,,0.9244363307952881,0.052186690270900726,0.019863314926624298,0.015898937359452248
1010,1010,0.013458394445478916,,,,,
1011,1011,,,1.0045777559280396,0.052949123084545135,0.02333255484700203,0.015898937359452248
1011,1011,0.013181276619434357,,,,,
1012,1012,,,0.9193754196166992,0.05653348192572594,0.019797461107373238,0.015898937359452248
1012,1012,0.013202760368585587,,,,,
1013,1013,,,0.960055410861969,0.05112411826848984,0.02132616750895977,0.015898937359452248
1013,1013,0.013169038109481335,,,,,
1014,1014,,,0.9858253598213196,0.05424436181783676,0.02254251204431057,0.015898937359452248
1014,1014,0.012984070926904678,,,,,
1015,1015,,,0.9118209481239319,0.05127863958477974,0.019318830221891403,0.015898937359452248
1015,1015,0.012980279512703419,,,,,
1016,1016,,,0.9946746826171875,0.05263543874025345,0.02288137748837471,0.015898937359452248
1016,1016,0.013126274570822716,,,,,
1017,1017,,,0.946763277053833,0.05160423368215561,0.020776165649294853,0.015898937359452248
1017,1017,0.013042406179010868,,,,,
1018,1018,,,0.9349324107170105,0.051656246185302734,0.02028166875243187,0.015898937359452248
1018,1018,0.012770835310220718,,,,,
1019,1019,,,0.9948329329490662,0.053779516369104385,0.02292499877512455,0.015898937359452248
1019,1019,0.012743187136948109,,,,,
1020,1020,,,0.9241064786911011,0.05093241482973099,0.019810834899544716,0.015898937359452248
1020,1020,0.012958843261003494,,,,,
1021,1021,,,0.9680288434028625,0.05509812384843826,0.021795690059661865,0.015898937359452248
1021,1021,0.012961641885340214,,,,,
1022,1022,,,0.9662126898765564,0.052163537591695786,0.021622760221362114,0.015898937359452248
1022,1022,0.012707214802503586,,,,,
1023,1023,,,0.9301832914352417,0.052089910954236984,0.020097805187106133,0.015898937359452248
1023,1023,0.012630796059966087,,,,,
1024,1024,,,0.9813701510429382,0.05596785619854927,0.022404314950108528,0.015898937359452248
1024,1024,0.01279538031667471,,,,,
1025,1025,,,0.9412508606910706,0.05154949799180031,0.020542535930871964,0.015898937359452248
1025,1025,0.012826725840568542,,,,,
1026,1026,,,0.9516664147377014,0.054475087672472,0.02107517048716545,0.015898937359452248
1026,1026,0.012671479023993015,,,,,
1027,1027,,,0.9694944620132446,0.05295974388718605,0.021789493039250374,0.015898937359452248
1027,1027,0.012620960362255573,,,,,
1028,1028,,,0.9375249147415161,0.05152188241481781,0.020385680720210075,0.015898937359452248
1028,1028,0.012694880366325378,,,,,
1029,1029,,,0.965829074382782,0.054390568286180496,0.021677594631910324,0.015898937359452248
1029,1029,0.012684592045843601,,,,,
1030,1030,,,0.9530062675476074,0.050878286361694336,0.021018102765083313,0.015898937359452248
1030,1030,0.012613765895366669,,,,,
1031,1031,,,0.9483610987663269,0.05236049368977547,0.02086728624999523,0.015898937359452248
1031,1031,0.01262226328253746,,,,,
1032,1032,,,0.9643478989601135,0.0515449084341526,0.021523240953683853,0.015898937359452248
1032,1032,0.012646918185055256,,,,,
1033,1033,,,0.947931706905365,0.05061120167374611,0.020794982090592384,0.015898937359452248
1033,1033,0.01259427797049284,,,,,
1034,1034,,,0.9569257497787476,0.052188631147146225,0.02122553624212742,0.015898937359452248
1034,1034,0.012551667168736458,,,,,
1035,1035,,,0.9580101370811462,0.05004781484603882,0.021206000819802284,0.015898937359452248
1035,1035,0.012587949633598328,,,,,
1036,1036,,,0.9516107439994812,0.05178418383002281,0.020986834540963173,0.015898937359452248
1036,1036,0.012610008008778095,,,,,
1037,1037,,,0.9573301076889038,0.05058335140347481,0.021193180233240128,0.015898937359452248
1037,1037,0.012558599933981895,,,,,
1038,1038,,,0.9566758275032043,0.050488244742155075,0.021162381395697594,0.015898937359452248
1038,1038,0.012515479698777199,,,,,
1039,1039,,,0.953179121017456,0.051941901445388794,0.021058328449726105,0.015898937359452248
1039,1039,0.012535315938293934,,,,,
1040,1040,,,0.9572150707244873,0.049858685582876205,0.02116638608276844,0.015898937359452248
1040,1040,0.012558397836983204,,,,,
1041,1041,,,0.9572678208351135,0.05192727968096733,0.021231945604085922,0.015898937359452248
1041,1041,0.012535511516034603,,,,,
1042,1042,,,0.9510594010353088,0.05051547288894653,0.020924432203173637,0.015898937359452248
1042,1042,0.012502463534474373,,,,,
1043,1043,,,0.9606964588165283,0.05026884004473686,0.021327532827854156,0.015898937359452248
1043,1043,0.0124991275370121,,,,,
1044,1044,,,0.9531325697898865,0.05186016485095024,0.021053802222013474,0.015898937359452248
1044,1044,0.0125076649710536,,,,,
1045,1045,,,0.9530061483383179,0.04971034452319145,0.02098277397453785,0.015898937359452248
1045,1045,0.012499760836362839,,,,,
1046,1046,,,0.9618892073631287,0.05126623064279556,0.021409083157777786,0.015898937359452248
1046,1046,0.012483988888561726,,,,,
1047,1047,,,0.9477686285972595,0.050447605550289154,0.02078312076628208,0.015898937359452248
1047,1047,0.012478509917855263,,,,,
1048,1048,,,0.9602338671684265,0.05000874027609825,0.02129988558590412,0.015898937359452248
1048,1048,0.0124766044318676,,,,,
1049,1049,,0.012465610168874264,,,,
1049,1049,,,0.955878734588623,0.05110328271985054,0.021147195249795914,0.015898937359452248
1049,1049,0.012465610168874264,,,,,
1050,1050,,,0.94977205991745,0.04982279986143112,0.02084900438785553,0.015898937359452248
1050,1050,0.012453772127628326,,,,,
1051,1051,,,0.9639024138450623,0.050610434263944626,0.021475395187735558,0.015898937359452248
1051,1051,0.012452928349375725,,,,,
1052,1052,,,0.9489439129829407,0.05013307183980942,0.020823286846280098,0.015898937359452248
1052,1052,0.01245394628494978,,,,,
1053,1053,,,0.9581184983253479,0.050078149884939194,0.021211542189121246,0.015898937359452248
1053,1053,0.012443353421986103,,,,,
1054,1054,,,0.9587419629096985,0.050150517374277115,0.0212403554469347,0.015898937359452248
1054,1054,0.012428365647792816,,,,,
1055,1055,,,0.949676513671875,0.049751680344343185,0.02084282971918583,0.015898937359452248
1055,1055,0.01242348738014698,,,,,
1056,1056,,,0.9626473188400269,0.05005054175853729,0.021404562518000603,0.015898937359452248
1056,1056,0.012425464577972889,,,,,
1057,1057,,,0.9520310163497925,0.04935552179813385,0.020930806174874306,0.015898937359452248
1057,1057,0.01242112834006548,,,,,
1058,1058,,,0.9562192559242249,0.04988229647278786,0.02112463116645813,0.015898937359452248
1058,1058,0.01240984071046114,,,,,
1059,1059,,,0.9591999650001526,0.04925236850976944,0.0212330874055624,0.015898937359452248
1059,1059,0.012401284649968147,,,,,
1060,1060,,,0.9517858624458313,0.04928024858236313,0.02091817371547222,0.015898937359452248
1060,1060,0.012398110702633858,,,,,
1061,1061,,,0.9597405791282654,0.04957995563745499,0.021265940740704536,0.015898937359452248
1061,1061,0.012394510209560394,,,,,
1062,1062,,,0.9546617269515991,0.04879124090075493,0.02102593518793583,0.015898937359452248
1062,1062,0.01238776184618473,,,,,
1063,1063,,,0.955596387386322,0.04956960678100586,0.021088743582367897,0.015898937359452248
1063,1063,0.012380911968648434,,,,,
1064,1064,,,0.9580134153366089,0.04892481490969658,0.021172722801566124,0.015898937359452248
1064,1064,0.012376000173389912,,,,,
1065,1065,,,0.9543881416320801,0.04904797300696373,0.021021848544478416,0.015898937359452248
1065,1065,0.012371271848678589,,,,,
1066,1066,,,0.9572750926017761,0.049279630184173584,0.02115168608725071,0.015898937359452248
1066,1066,0.012364990077912807,,,,,
1067,1067,,,0.9562031626701355,0.04875084385275841,0.021090390160679817,0.015898937359452248
1067,1067,0.012358185835182667,,,,,
1068,1068,,,0.955720067024231,0.049191635102033615,0.021082788705825806,0.015898937359452248
1068,1068,0.012352798134088516,,,,,
1069,1069,,,0.9569711089134216,0.04879644513130188,0.021124469116330147,0.015898937359452248
1069,1069,0.01234876736998558,,,,,
1070,1070,,,0.9561614394187927,0.04887458682060242,0.021092243492603302,0.015898937359452248
1070,1070,0.012344088405370712,,,,,
1071,1071,,,0.9561108350753784,0.04877037554979324,0.021087029948830605,0.015898937359452248
1071,1071,0.012337679043412209,,,,,
1072,1072,,,0.9572106599807739,0.048702023923397064,0.02113191969692707,0.015898937359452248
1072,1072,0.012330902740359306,,,,,
1073,1073,,,0.9558045268058777,0.048599857836961746,0.021068986505270004,0.015898937359452248
1073,1073,0.012325515039265156,,,,,
1074,1074,,,0.9570696353912354,0.048505205661058426,0.02112015150487423,0.015898937359452248
1074,1074,0.012321160174906254,,,,,
1075,1075,,,0.9567902088165283,0.04855192452669144,0.021109595894813538,0.015898937359452248
1075,1075,0.012316244654357433,,,,,
1076,1076,,,0.9560304284095764,0.04820083826780319,0.021066993474960327,0.015898937359452248
1076,1076,0.0123103903606534,,,,,
1077,1077,,,0.9579277634620667,0.04850267991423607,0.02115669846534729,0.015898937359452248
1077,1077,0.012304584495723248,,,,,
1078,1078,,,0.9555564522743225,0.04807078838348389,0.021043037995696068,0.015898937359452248
1078,1078,0.012299362570047379,,,,,
1079,1079,,,0.9578491449356079,0.04819876700639725,0.021144505590200424,0.015898937359452248
1079,1079,0.012294204905629158,,,,,
1080,1080,,,0.9565091729164124,0.048151031136512756,0.021085958927869797,0.015898937359452248
1080,1080,0.012288692407310009,,,,,
1081,1081,,,0.9564827084541321,0.047849562019109726,0.021076127886772156,0.015898937359452248
1081,1081,0.012283092364668846,,,,,
1082,1082,,,0.9580831527709961,0.04813519865274429,0.02115265652537346,0.015898937359452248
1082,1082,0.01227785274386406,,,,,
1083,1083,,,0.9554417133331299,0.047713615000247955,0.02102786675095558,0.015898937359452248
1083,1083,0.012272846885025501,,,,,
1084,1084,,,0.9584493637084961,0.04789915680885315,0.021161481738090515,0.015898937359452248
1084,1084,0.012267705984413624,,,,,
1085,1085,,,0.9561614394187927,0.04771249741315842,0.021058496087789536,0.015898937359452248
1085,1085,0.012262221425771713,,,,,
1086,1086,,,0.9571873545646667,0.04765281453728676,0.02110052853822708,0.015898937359452248
1086,1086,0.012256613932549953,,,,,
1087,1087,,,0.9578371047973633,0.04765913635492325,0.021128438413143158,0.015898937359452248
1087,1087,0.012251188978552818,,,,,
1088,1088,,,0.9560531377792358,0.047503188252449036,0.021047886461019516,0.015898937359452248
1088,1088,0.012246043421328068,,,,,
1089,1089,,,0.9584543108940125,0.047557711601257324,0.021151892840862274,0.015898937359452248
1089,1089,0.01224095094949007,,,,,
1090,1090,,,0.9564664959907532,0.047376036643981934,0.02106187865138054,0.015898937359452248
1090,1090,0.012235692702233791,,,,,
1091,1091,,,0.9576488733291626,0.047466427087783813,0.0211148913949728,0.015898937359452248
1091,1091,0.012230305932462215,,,,,
1092,1092,,,0.9576258659362793,0.0472625270485878,0.021108102053403854,0.015898937359452248
1092,1092,0.012224981561303139,,,,,
1093,1093,,,0.9569311738014221,0.04733126237988472,0.021080415695905685,0.015898937359452248
1093,1093,0.012219782918691635,,,,,
1094,1094,,,0.9580185413360596,0.04720090702176094,0.021123113110661507,0.015898937359452248
1094,1094,0.012214584276080132,,,,,
1095,1095,,,0.9572297930717468,0.047146257013082504,0.021087899804115295,0.015898937359452248
1095,1095,0.012209277600049973,,,,,
1096,1096,,,0.9575913548469543,0.04713021218776703,0.021102873608469963,0.015898937359452248
1096,1096,0.012203922495245934,,,,,
1097,1097,,,0.9578647613525391,0.04699203744530678,0.02111063338816166,0.015898937359452248
1097,1097,0.01219864096492529,,,,,
1098,1098,,,0.9573487639427185,0.04698856174945831,0.021088512614369392,0.015898937359452248
1098,1098,0.012193438597023487,,,,,
1099,1099,,0.012188278138637543,,,,
1099,1099,,,0.9579757452011108,0.046877823770046234,0.021112149581313133,0.015898937359452248
1099,1099,0.012188278138637543,,,,,
1100,1100,,,0.9576976895332336,0.04683350771665573,0.02109902910888195,0.015898937359452248
1100,1100,0.012183084152638912,,,,,
1101,1101,,,0.9576619267463684,0.04673556983470917,0.021094748750329018,0.015898937359452248
1101,1101,0.0121778454631567,,,,,
1102,1102,,,0.9581941366195679,0.046732086688280106,0.021117372438311577,0.015898937359452248
1102,1102,0.012172581627964973,,,,,
1103,1103,,,0.9574676156044006,0.04656597599387169,0.021081699058413506,0.015898937359452248
1103,1103,0.012167357839643955,,,,,
1104,1104,,,0.9584091305732727,0.046638552099466324,0.02112392894923687,0.015898937359452248
1104,1104,0.012162159197032452,,,,,
1105,1105,,,0.9576189517974854,0.046448614448308945,0.021084874868392944,0.015898937359452248
1105,1105,0.012156961485743523,,,,,
1106,1106,,,0.9583123922348022,0.04648670554161072,0.02111554518342018,0.015898937359452248
1106,1106,0.012151743285357952,,,,,
1107,1107,,,0.9580150842666626,0.0463937371969223,0.021100252866744995,0.015898937359452248
1107,1107,0.012146495282649994,,,,,
1108,1108,,,0.9580705165863037,0.04631500691175461,0.021100424230098724,0.015898937359452248
1108,1108,0.012141287326812744,,,,,
1109,1109,,,0.9584478139877319,0.04632383957505226,0.02111678570508957,0.015898937359452248
1109,1109,0.012136111035943031,,,,,
1110,1110,,,0.9579148292541504,0.04618595167994499,0.0210901889950037,0.015898937359452248
1110,1110,0.01213095337152481,,,,,
1111,1111,,,0.9586737751960754,0.04620303213596344,0.021123075857758522,0.015898937359452248
1111,1111,0.012125784531235695,,,,,
1112,1112,,,0.9580467939376831,0.046087153255939484,0.021093081682920456,0.015898937359452248
1112,1112,0.012120607309043407,,,,,
1113,1113,,,0.958598792552948,0.04607130587100983,0.021116217598319054,0.015898937359452248
1113,1113,0.012115434743463993,,,,,
1114,1114,,,0.9584023356437683,0.04597601667046547,0.021105187013745308,0.015898937359452248
1114,1114,0.012110266834497452,,,,,
1115,1115,,,0.95844566822052,0.0459594689309597,0.02110658399760723,0.015898937359452248
1115,1115,0.012105116620659828,,,,,
