epoch,step,train/loss_epoch,train/loss_step,val/error_h,val/error_u,val/error_v,val/loss,val/loss_best
0,0,,,0.9116470813751221,1.08587646484375,1.0548614263534546,1.5879361629486084,1.5879361629486084
0,0,4.605769157409668,,,,,,
1,1,,,0.7591180205345154,0.8737314939498901,1.0402199029922485,1.1681030988693237,1.1681030988693237
1,1,1.3911876678466797,,,,,,
2,2,,,0.8767896294593811,1.2236214876174927,1.011805772781372,1.6692978143692017,1.1681030988693237
2,2,0.530605673789978,,,,,,
3,3,,,0.8979182243347168,1.258339762687683,0.9749953746795654,1.7199950218200684,1.1681030988693237
3,3,1.3429572582244873,,,,,,
4,4,,,0.8036545515060425,1.068787932395935,0.967974841594696,1.3682432174682617,1.1681030988693237
4,4,1.6162875890731812,,,,,,
5,5,,,0.7576203346252441,0.9166293740272522,0.976552426815033,1.1655995845794678,1.1655995845794678
5,5,0.7477887272834778,,,,,,
6,6,,,0.7657798528671265,0.8677091598510742,0.9918804168701172,1.1412770748138428,1.1412770748138428
6,6,0.491075336933136,,,,,,
7,7,,,0.7849063277244568,0.8924095034599304,1.0092164278030396,1.1971200704574585,1.1412770748138428
7,7,0.5221419334411621,,,,,,
8,8,,,0.7963506579399109,0.9457272291183472,1.0252832174301147,1.270219087600708,1.1412770748138428
8,8,0.6098594665527344,,,,,,
9,9,,,0.8012495040893555,0.9983881115913391,1.0375182628631592,1.3350220918655396,1.1412770748138428
9,9,0.695870578289032,,,,,,
10,10,,,0.8036585450172424,1.0364216566085815,1.0439330339431763,1.3806350231170654,1.1412770748138428
10,10,0.766579270362854,,,,,,
11,11,,,0.8059566617012024,1.0549825429916382,1.0435683727264404,1.4026637077331543,1.1412770748138428
11,11,0.8163257241249084,,,,,,
12,12,,,0.8087964653968811,1.054391622543335,1.0370163917541504,1.401585340499878,1.1412770748138428
12,12,0.8409664630889893,,,,,,
13,13,,,0.8117855191230774,1.0379087924957275,1.0261930227279663,1.3815531730651855,1.1412770748138428
13,13,0.8391280174255371,,,,,,
14,14,,,0.8141108751296997,1.0102728605270386,1.0134515762329102,1.3485673666000366,1.1412770748138428
14,14,0.8135344386100769,,,,,,
15,15,,,0.814922571182251,0.9767236113548279,1.0007973909378052,1.3087648153305054,1.1412770748138428
15,15,0.7701852321624756,,,,,,
16,16,,,0.8134180903434753,0.9424135088920593,0.9895891547203064,1.2673134803771973,1.1412770748138428
16,16,0.716495156288147,,,,,,
17,17,,,0.808768630027771,0.9120460748672485,0.9805710911750793,1.2279021739959717,1.1412770748138428
17,17,0.6597824096679688,,,,,,
18,18,,,0.8003389835357666,0.8895413279533386,0.9739874005317688,1.1929978132247925,1.1412770748138428
18,18,0.6063926815986633,,,,,,
19,19,,,0.7886225581169128,0.8775961995124817,0.9696822762489319,1.1650773286819458,1.1412770748138428
19,19,0.561245858669281,,,,,,
20,20,,,0.7760985493659973,0.8771747946739197,0.9672229886054993,1.1475915908813477,1.1412770748138428
20,20,0.5276564955711365,,,,,,
21,21,,,0.7660650610923767,0.8871278762817383,0.9660767316818237,1.1432743072509766,1.1412770748138428
21,21,0.5072676539421082,,,,,,
22,22,,,0.7603814601898193,0.9042149782180786,0.9658103585243225,1.1513968706130981,1.1412770748138428
22,22,0.4997836947441101,,,,,,
23,23,,,0.7587124705314636,0.9237222075462341,0.9662254452705383,1.1673405170440674,1.1412770748138428
23,23,0.5022731423377991,,,,,,
24,24,,,0.7592459917068481,0.9406612515449524,0.9673705101013184,1.1843602657318115,1.1412770748138428
24,24,0.5086147785186768,,,,,,
25,25,,,0.7599294185638428,0.951227605342865,0.969435453414917,1.196340560913086,1.1412770748138428
25,25,0.5107290744781494,,,,,,
26,26,,,0.7595126628875732,0.9538891315460205,0.9725924730300903,1.2002111673355103,1.1412770748138428
26,26,0.5025579929351807,,,,,,
27,27,,,0.757887601852417,0.9495283961296082,0.9768592715263367,1.1966300010681152,1.1412770748138428
27,27,0.48434334993362427,,,,,,
28,28,,,0.7557029128074646,0.9406257271766663,0.9820375442504883,1.1886892318725586,1.1412770748138428
28,28,0.4627639353275299,,,,,,
29,29,,,0.7537186741828918,0.9300656318664551,0.9877507090568542,1.1798783540725708,1.1412770748138428
29,29,0.44624966382980347,,,,,,
30,30,,,0.7523857355117798,0.9202204346656799,0.9935696125030518,1.172705888748169,1.1412770748138428
30,30,0.43977922201156616,,,,,,
31,31,,,0.7517927289009094,0.9125859141349792,0.9991700053215027,1.1684138774871826,1.1412770748138428
31,31,0.4430270791053772,,,,,,
32,32,,,0.7518271207809448,0.9078629016876221,1.0044176578521729,1.1673632860183716,1.1412770748138428
32,32,0.45187586545944214,,,,,,
33,33,,,0.7523496747016907,0.9062263369560242,1.009285569190979,1.1694836616516113,1.1412770748138428
33,33,0.46119484305381775,,,,,,
34,34,,,0.7532727718353271,0.907567024230957,1.0136168003082275,1.1744568347930908,1.1412770748138428
34,34,0.4670911133289337,,,,,,
35,35,,,0.7545355558395386,0.911607563495636,1.0169159173965454,1.181662678718567,1.1412770748138428
35,35,0.4678821563720703,,,,,,
36,36,,,0.7560358047485352,0.917899489402771,1.0184268951416016,1.1901296377182007,1.1412770748138428
36,36,0.4638778567314148,,,,,,
37,37,,,0.7575980424880981,0.9257701635360718,1.017575740814209,1.1987112760543823,1.1412770748138428
37,37,0.4565694332122803,,,,,,
38,38,,,0.759019136428833,0.9342994689941406,1.0144927501678467,1.2064266204833984,1.1412770748138428
38,38,0.44789591431617737,,,,,,
39,39,,,0.7601330280303955,0.9423735737800598,1.0101302862167358,1.2126401662826538,1.1412770748138428
39,39,0.4398423433303833,,,,,,
40,40,,,0.7608242034912109,0.9488233327865601,1.005785584449768,1.2168940305709839,1.1412770748138428
40,40,0.43409374356269836,,,,,,
41,41,,,0.7609987258911133,0.9526251554489136,1.002395749092102,1.2186399698257446,1.1412770748138428
41,41,0.43147435784339905,,,,,,
42,42,,,0.7605878710746765,0.953125536441803,1.0002105236053467,1.2172892093658447,1.1412770748138428
42,42,0.43148159980773926,,,,,,
43,43,,,0.7596061825752258,0.950217604637146,0.9990813136100769,1.2126601934432983,1.1412770748138428
43,43,0.4325105547904968,,,,,,
44,44,,,0.7581995725631714,0.944383978843689,0.9990026354789734,1.2054095268249512,1.1412770748138428
44,44,0.4328577220439911,,,,,,
45,45,,,0.7566136121749878,0.9365596771240234,1.000327467918396,1.196972370147705,1.1412770748138428
45,45,0.4317818880081177,,,,,,
46,46,,,0.7550934553146362,0.9278720617294312,1.0034631490707397,1.1889832019805908,1.1412770748138428
46,46,0.4297630786895752,,,,,,
47,47,,,0.7537953853607178,0.9193772673606873,1.0083576440811157,1.1825953722000122,1.1412770748138428
47,47,0.4278724789619446,,,,,,
48,48,,,0.7527642846107483,0.9118884801864624,1.0142419338226318,1.1781373023986816,1.1412770748138428
48,48,0.4269184470176697,,,,,,
49,49,,0.4270043671131134,,,,,
49,49,,,0.7519680261611938,0.9059255123138428,1.0198512077331543,1.175243616104126,1.1412770748138428
49,49,0.4270043671131134,,,,,,
50,50,,,0.7513546347618103,0.9017515182495117,1.0239697694778442,1.1733030080795288,1.1412770748138428
50,50,0.42764315009117126,,,,,,
51,51,,,0.7508967518806458,0.8994467258453369,1.0259405374526978,1.1719117164611816,1.1412770748138428
51,51,0.4281867444515228,,,,,,
52,52,,,0.7506054043769836,0.8989793062210083,1.025839924812317,1.171081304550171,1.1412770748138428
52,52,0.4282192885875702,,,,,,
53,53,,,0.7505184412002563,0.9002496004104614,1.0242869853973389,1.171149492263794,1.1412770748138428
53,53,0.42767807841300964,,,,,,
54,54,,,0.7506817579269409,0.9031018018722534,1.0220763683319092,1.172533392906189,1.1412770748138428
54,54,0.4267168641090393,,,,,,
55,55,,,0.7511340379714966,0.907307505607605,1.0198677778244019,1.175497055053711,1.1412770748138428
55,55,0.4255111813545227,,,,,,
56,56,,,0.7518905997276306,0.9125360250473022,1.0180542469024658,1.180018663406372,1.1412770748138428
56,56,0.4241795539855957,,,,,,
57,57,,,0.7529186606407166,0.9183316826820374,1.0167821645736694,1.1857482194900513,1.1412770748138428
57,57,0.4228317439556122,,,,,,
58,58,,,0.7541106343269348,0.9241215586662292,1.016025424003601,1.1920232772827148,1.1412770748138428
58,58,0.42162683606147766,,,,,,
59,59,,,0.7552767395973206,0.9292721152305603,1.015647530555725,1.19794499874115,1.1412770748138428
59,59,0.4207371473312378,,,,,,
60,60,,,0.756181538105011,0.9331958293914795,1.0154526233673096,1.2025525569915771,1.1412770748138428
60,60,0.42022860050201416,,,,,,
61,61,,,0.7566204071044922,0.9354816675186157,1.015252947807312,1.2050845623016357,1.1412770748138428
61,61,0.41998159885406494,,,,,,
62,62,,,0.756502091884613,0.9359993934631348,1.0149425268173218,1.2052322626113892,1.1412770748138428
62,62,0.41976305842399597,,,,,,
63,63,,,0.7558832168579102,0.9349265098571777,1.0145248174667358,1.2032289505004883,1.1412770748138428
63,63,0.41940242052078247,,,,,,
64,64,,,0.754935622215271,0.9326825737953186,1.014070749282837,1.199721336364746,1.1412770748138428
64,64,0.41889727115631104,,,,,,
65,65,,,0.7538691163063049,0.9298046827316284,1.013647198677063,1.1955091953277588,1.1412770748138428
65,65,0.4183528423309326,,,,,,
66,66,,,0.7528620362281799,0.9268165230751038,1.013275146484375,1.191308617591858,1.1412770748138428
66,66,0.41784751415252686,,,,,,
67,67,,,0.7520232200622559,0.9241347908973694,1.0129305124282837,1.187619686126709,1.1412770748138428
67,67,0.4173755347728729,,,,,,
68,68,,,0.7513899207115173,0.9220260977745056,1.0125559568405151,1.1846927404403687,1.1412770748138428
68,68,0.4168938100337982,,,,,,
69,69,,,0.7509419918060303,0.9206030368804932,1.0120675563812256,1.182551383972168,1.1412770748138428
69,69,0.4163858890533447,,,,,,
70,70,,,0.7506245970726013,0.9198472499847412,1.0113658905029297,1.1810486316680908,1.1412770748138428
70,70,0.4158689081668854,,,,,,
71,71,,,0.7503705620765686,0.9196441769599915,1.0103754997253418,1.179951786994934,1.1412770748138428
71,71,0.4153575003147125,,,,,,
72,72,,,0.7501222491264343,0.9198224544525146,1.0091004371643066,1.1790372133255005,1.1412770748138428
72,72,0.41483792662620544,,,,,,
73,73,,,0.7498457431793213,0.920191764831543,1.0076528787612915,1.178159475326538,1.1412770748138428
73,73,0.414285272359848,,,,,,
74,74,,,0.7495332956314087,0.920573890209198,1.006229281425476,1.1772665977478027,1.1412770748138428
74,74,0.4136985242366791,,,,,,
75,75,,,0.7491961717605591,0.9208242893218994,1.0050421953201294,1.1763688325881958,1.1412770748138428
75,75,0.413110613822937,,,,,,
76,76,,,0.7488527297973633,0.920845091342926,1.0042576789855957,1.1754990816116333,1.1412770748138428
76,76,0.41256386041641235,,,,,,
77,77,,,0.7485195398330688,0.9205902218818665,1.0039710998535156,1.1746925115585327,1.1412770748138428
77,77,0.41207531094551086,,,,,,
78,78,,,0.748207151889801,0.9200657606124878,1.004213809967041,1.1739860773086548,1.1412770748138428
78,78,0.41162416338920593,,,,,,
79,79,,,0.7479194402694702,0.9193247556686401,1.0049633979797363,1.1734199523925781,1.1412770748138428
79,79,0.41116568446159363,,,,,,
80,80,,,0.7476544976234436,0.9184572100639343,1.0061397552490234,1.1730263233184814,1.1412770748138428
80,80,0.4106587767601013,,,,,,
81,81,,,0.7474059462547302,0.9175759553909302,1.0075997114181519,1.1728148460388184,1.1412770748138428
81,81,0.41008782386779785,,,,,,
82,82,,,0.7471672296524048,0.9168000221252441,1.0091536045074463,1.1727705001831055,1.1412770748138428
82,82,0.409467488527298,,,,,,
83,83,,,0.7469342947006226,0.9162366986274719,1.0106115341186523,1.17287015914917,1.1412770748138428
83,83,0.40883129835128784,,,,,,
84,84,,,0.746709942817688,0.9159669876098633,1.0118381977081299,1.173107385635376,1.1412770748138428
84,84,0.40821054577827454,,,,,,
85,85,,,0.7465035915374756,0.9160327315330505,1.0127846002578735,1.173500895500183,1.1412770748138428
85,85,0.40761783719062805,,,,,,
86,86,,,0.7463281750679016,0.916430652141571,1.0134825706481934,1.1740821599960327,1.1412770748138428
86,86,0.4070429801940918,,,,,,
87,87,,,0.7461934089660645,0.9171097278594971,1.0140094757080078,1.1748636960983276,1.1412770748138428
87,87,0.4064621329307556,,,,,,
88,88,,,0.7460981607437134,0.9179757833480835,1.0144468545913696,1.1758087873458862,1.1412770748138428
88,88,0.40585511922836304,,,,,,
89,89,,,0.7460258603096008,0.9189019799232483,1.01485013961792,1.1768161058425903,1.1412770748138428
89,89,0.40521755814552307,,,,,,
90,90,,,0.7459439635276794,0.9197447896003723,1.0152359008789062,1.177725911140442,1.1412770748138428
90,90,0.40456244349479675,,,,,,
91,91,,,0.7458094358444214,0.9203665256500244,1.0155861377716064,1.178349494934082,1.1412770748138428
91,91,0.4039098620414734,,,,,,
92,92,,,0.7455796599388123,0.9206597805023193,1.0158618688583374,1.1785134077072144,1.1412770748138428
92,92,0.40327146649360657,,,,,,
93,93,,,0.7452258467674255,0.9205676317214966,1.0160250663757324,1.178107500076294,1.1412770748138428
93,93,0.40264084935188293,,,,,,
94,94,,,0.7447419166564941,0.9200946688652039,1.0160582065582275,1.1771184206008911,1.1412770748138428
94,94,0.40199583768844604,,,,,,
95,95,,,0.744147777557373,0.9193032383918762,1.0159729719161987,1.1756343841552734,1.1412770748138428
95,95,0.4013150930404663,,,,,,
96,96,,,0.7434801459312439,0.9182960987091064,1.0158041715621948,1.1738159656524658,1.1412770748138428
96,96,0.40059465169906616,,,,,,
97,97,,,0.7427815198898315,0.9171919822692871,1.0155940055847168,1.1718485355377197,1.1412770748138428
97,97,0.3998512029647827,,,,,,
98,98,,,0.7420865297317505,0.9161019921302795,1.015373945236206,1.1698943376541138,1.1412770748138428
98,98,0.3991074860095978,,,,,,
99,99,,0.39837226271629333,,,,,
99,99,,,0.7414156794548035,0.915111780166626,1.0151551961898804,1.1680619716644287,1.1412770748138428
99,99,0.39837226271629333,,,,,,
100,100,,,0.7407741546630859,0.9142733216285706,1.0149285793304443,1.1663994789123535,1.1412770748138428
100,100,0.39763566851615906,,,,,,
101,101,,,0.7401561141014099,0.9136049747467041,1.014675498008728,1.1649044752120972,1.1412770748138428
101,101,0.3968815207481384,,,,,,
102,102,,,0.7395507097244263,0.9130958318710327,1.014380693435669,1.1635442972183228,1.1412770748138428
102,102,0.3961019515991211,,,,,,
103,103,,,0.7389464378356934,0.9127128720283508,1.0140458345413208,1.1622765064239502,1.1412770748138428
103,103,0.39530235528945923,,,,,,
104,104,,,0.7383345365524292,0.9124101996421814,1.0136953592300415,1.1610636711120605,1.1412770748138428
104,104,0.39449211955070496,,,,,,
105,105,,,0.7377104759216309,0.9121361970901489,1.0133737325668335,1.1598806381225586,1.1412770748138428
105,105,0.3936755061149597,,,,,,
106,106,,,0.7370729446411133,0.9118422865867615,1.0131324529647827,1.1587142944335938,1.1412770748138428
106,106,0.3928495943546295,,,,,,
107,107,,,0.7364228367805481,0.9114911556243896,1.0130150318145752,1.157557487487793,1.1412770748138428
107,107,0.3920075297355652,,,,,,
108,108,,,0.7357608079910278,0.9110599160194397,1.013043761253357,1.156404733657837,1.1412770748138428
108,108,0.3911435604095459,,,,,,
109,109,,,0.7350861430168152,0.9105441570281982,1.0132149457931519,1.1552488803863525,1.1412770748138428
109,109,0.3902565836906433,,,,,,
110,110,,,0.7343968152999878,0.9099553823471069,1.0134996175765991,1.1540802717208862,1.1412770748138428
110,110,0.389350950717926,,,,,,
111,111,,,0.7336893677711487,0.9093170166015625,1.0138517618179321,1.1528880596160889,1.1412770748138428
111,111,0.3884323835372925,,,,,,
112,112,,,0.7329603433609009,0.9086588621139526,1.0142189264297485,1.1516634225845337,1.1412770748138428
112,112,0.3875010907649994,,,,,,
113,113,,,0.7322085499763489,0.9080101251602173,1.0145554542541504,1.1504030227661133,1.1412770748138428
113,113,0.3865524232387543,,,,,,
114,114,,,0.7314348220825195,0.9073936343193054,1.01483154296875,1.1491103172302246,1.1412770748138428
114,114,0.38558220863342285,,,,,,
115,115,,,0.7306415438652039,0.9068195223808289,1.0150374174118042,1.1477911472320557,1.1412770748138428
115,115,0.3845919966697693,,,,,,
116,116,,,0.7298307418823242,0.906282365322113,1.0151798725128174,1.1464474201202393,1.1412770748138428
116,116,0.38358479738235474,,,,,,
117,117,,,0.7290019989013672,0.9057617783546448,1.0152757167816162,1.1450700759887695,1.1412770748138428
117,117,0.3825604319572449,,,,,,
118,118,,,0.7281514406204224,0.9052248001098633,1.015343427658081,1.143636703491211,1.1412770748138428
118,118,0.3815148174762726,,,,,,
119,119,,,0.7272721529006958,0.9046327471733093,1.0153964757919312,1.1421129703521729,1.1412770748138428
119,119,0.3804458975791931,,,,,,
120,120,,,0.7263548970222473,0.9039492011070251,1.0154412984848022,1.140459418296814,1.140459418296814
120,120,0.3793546259403229,,,,,,
121,121,,,0.7253912687301636,0.9031477570533752,1.0154777765274048,1.13864266872406,1.13864266872406
121,121,0.37824270129203796,,,,,,
122,122,,,0.7243767976760864,0.9022194147109985,1.0155023336410522,1.1366478204727173,1.1366478204727173
122,122,0.3771098256111145,,,,,,
123,123,,,0.7233126163482666,0.9011762738227844,1.015512466430664,1.1344863176345825,1.1344863176345825
123,123,0.375953733921051,,,,,,
124,124,,,0.7222063541412354,0.9000495672225952,1.0155084133148193,1.1321957111358643,1.1321957111358643
124,124,0.3747723400592804,,,,,,
125,125,,,0.7210693359375,0.8988826870918274,1.015492558479309,1.1298295259475708,1.1298295259475708
125,125,0.37356555461883545,,,,,,
126,126,,,0.7199126482009888,0.89771968126297,1.0154664516448975,1.12744140625,1.12744140625
126,126,0.37233465909957886,,,,,,
127,127,,,0.7187431454658508,0.8965937495231628,1.015428066253662,1.1250674724578857,1.1250674724578857
127,127,0.37107983231544495,,,,,,
128,128,,,0.7175613045692444,0.8955202698707581,1.0153701305389404,1.1227174997329712,1.1227174997329712
128,128,0.36979836225509644,,,,,,
129,129,,,0.7163618206977844,0.8944941759109497,1.0152837038040161,1.120375394821167,1.120375394821167
129,129,0.36848732829093933,,,,,,
130,130,,,0.7151365280151367,0.8934949636459351,1.0151634216308594,1.1180100440979004,1.1180100440979004
130,130,0.36714640259742737,,,,,,
131,131,,,0.7138782739639282,0.8924940824508667,1.0150132179260254,1.1155905723571777,1.1155905723571777
131,131,0.3657759726047516,,,,,,
132,132,,,0.712583601474762,0.8914647698402405,1.0148484706878662,1.1130990982055664,1.1130990982055664
132,132,0.3643749952316284,,,,,,
133,133,,,0.7112538814544678,0.8903878331184387,1.0146915912628174,1.1105341911315918,1.1105341911315918
133,133,0.3629412055015564,,,,,,
134,134,,,0.7098934650421143,0.8892545700073242,1.014563798904419,1.1079063415527344,1.1079063415527344
134,134,0.36147311329841614,,,,,,
135,135,,,0.7085055708885193,0.8880645632743835,1.0144758224487305,1.1052260398864746,1.1052260398864746
135,135,0.3599695861339569,,,,,,
136,136,,,0.707091212272644,0.8868225812911987,1.0144238471984863,1.1024965047836304,1.1024965047836304
136,136,0.3584294617176056,,,,,,
137,137,,,0.705647885799408,0.8855361342430115,1.0143918991088867,1.0997121334075928,1.0997121334075928
137,137,0.35685062408447266,,,,,,
138,138,,,0.7041720151901245,0.8842135667800903,1.0143591165542603,1.096863865852356,1.096863865852356
138,138,0.3552304804325104,,,,,,
139,139,,,0.7026610374450684,0.882863461971283,1.0143089294433594,1.0939464569091797,1.0939464569091797
139,139,0.3535674810409546,,,,,,
140,140,,,0.7011147141456604,0.881493330001831,1.0142345428466797,1.0909624099731445,1.0909624099731445
140,140,0.3518597483634949,,,,,,
141,141,,,0.6995348334312439,0.8801083564758301,1.0141395330429077,1.087921142578125,1.087921142578125
141,141,0.3501049280166626,,,,,,
142,142,,,0.6979247331619263,0.8787112236022949,1.0140352249145508,1.0848352909088135,1.0848352909088135
142,142,0.34829986095428467,,,,,,
143,143,,,0.6962869167327881,0.8773007988929749,1.013934850692749,1.081715703010559,1.081715703010559
143,143,0.3464421331882477,,,,,,
144,144,,,0.6946230530738831,0.8758728504180908,1.0138500928878784,1.0785677433013916,1.0785677433013916
144,144,0.3445296585559845,,,,,,
145,145,,,0.6929327249526978,0.8744203448295593,1.0137879848480225,1.0753893852233887,1.0753893852233887
145,145,0.3425596356391907,,,,,,
146,146,,,0.6912134289741516,0.8729345202445984,1.0137486457824707,1.0721707344055176,1.0721707344055176
146,146,0.34052902460098267,,,,,,
147,147,,,0.6894611716270447,0.8714073300361633,1.0137263536453247,1.0688973665237427,1.0688973665237427
147,147,0.3384350538253784,,,,,,
148,148,,,0.6876718997955322,0.8698351383209229,1.0137134790420532,1.0655571222305298,1.0655571222305298
148,148,0.33627524971961975,,,,,,
149,149,,0.334046870470047,,,,,
149,149,,,0.6858440637588501,0.8682210445404053,1.0137057304382324,1.0621494054794312,1.0621494054794312
149,149,0.334046870470047,,,,,,
150,150,,,0.6839799880981445,0.8665769696235657,1.0137059688568115,1.058688998222351,1.058688998222351
150,150,0.3317470848560333,,,,,,
151,151,,,0.6820847392082214,0.8649194836616516,1.0137228965759277,1.0552014112472534,1.0552014112472534
151,151,0.3293732702732086,,,,,,
152,152,,,0.6801625490188599,0.8632634282112122,1.013763427734375,1.0517088174819946,1.0517088174819946
152,152,0.32692331075668335,,,,,,
153,153,,,0.6782138347625732,0.861616849899292,1.0138278007507324,1.0482186079025269,1.0482186079025269
153,153,0.32439470291137695,,,,,,
154,154,,,0.6762349605560303,0.859978199005127,1.0139083862304688,1.0447214841842651,1.0447214841842651
154,154,0.32178497314453125,,,,,,
155,155,,,0.6742207407951355,0.8583402037620544,1.0139966011047363,1.0412003993988037,1.0412003993988037
155,155,0.3190925419330597,,,,,,
156,156,,,0.6721669435501099,0.8566933274269104,1.0140876770019531,1.03764009475708,1.03764009475708
156,156,0.3163160979747772,,,,,,
157,157,,,0.6700722575187683,0.855030357837677,1.0141836404800415,1.0340346097946167,1.0340346097946167
157,157,0.31345438957214355,,,,,,
158,158,,,0.6679369211196899,0.8533474206924438,1.0142894983291626,1.0303846597671509,1.0303846597671509
158,158,0.310506671667099,,,,,,
159,159,,,0.6657620668411255,0.8516438007354736,1.0144110918045044,1.0266950130462646,1.0266950130462646
159,159,0.30747273564338684,,,,,,
160,160,,,0.6635489463806152,0.849921464920044,1.0145535469055176,1.0229719877243042,1.0229719877243042
160,160,0.30435267090797424,,,,,,
161,161,,,0.6612977981567383,0.848182737827301,1.0147194862365723,1.0192201137542725,1.0192201137542725
161,161,0.30114686489105225,,,,,,
162,162,,,0.6590064764022827,0.8464294672012329,1.014906883239746,1.015438199043274,1.015438199043274
162,162,0.29785647988319397,,,,,,
163,163,,,0.6566710472106934,0.844663679599762,1.0151084661483765,1.0116194486618042,1.0116194486618042
163,163,0.294483482837677,,,,,,
164,164,,,0.6542869806289673,0.8428889513015747,1.0153151750564575,1.007757544517517,1.007757544517517
164,164,0.2910301685333252,,,,,,
165,165,,,0.6518527269363403,0.8411112427711487,1.0155236721038818,1.0038537979125977,1.0038537979125977
165,165,0.2874995470046997,,,,,,
166,166,,,0.6493686437606812,0.8393361568450928,1.015736699104309,0.9999161958694458,0.9999161958694458
166,166,0.28389519453048706,,,,,,
167,167,,,0.6468350291252136,0.8375664949417114,1.0159580707550049,0.9959497451782227,0.9959497451782227
167,167,0.28022119402885437,,,,,,
168,168,,,0.6442492008209229,0.835799515247345,1.0161893367767334,0.9919513463973999,0.9919513463973999
168,168,0.27648240327835083,,,,,,
169,169,,,0.6416082382202148,0.8340305089950562,1.016432523727417,0.9879158735275269,0.9879158735275269
169,169,0.2726845145225525,,,,,,
170,170,,,0.6389111280441284,0.8322574496269226,1.016692042350769,0.9838439226150513,0.9838439226150513
170,170,0.2688337564468384,,,,,,
171,171,,,0.6361589431762695,0.8304823040962219,1.016972303390503,0.9797418117523193,0.9797418117523193
171,171,0.26493698358535767,,,,,,
172,172,,,0.6333522796630859,0.8287107348442078,1.0172736644744873,0.9756158590316772,0.9756158590316772
172,172,0.2610015273094177,,,,,,
173,173,,,0.6304910778999329,0.826948881149292,1.0175933837890625,0.9714697599411011,0.9714697599411011
173,173,0.25703534483909607,,,,,,
174,174,,,0.6275750398635864,0.8252012133598328,1.0179299116134644,0.9673069715499878,0.9673069715499878
174,174,0.25304657220840454,,,,,,
175,175,,,0.6246036887168884,0.8234705328941345,1.018283724784851,0.9631302356719971,0.9631302356719971
175,175,0.24904388189315796,,,,,,
176,176,,,0.6215770840644836,0.8217602372169495,1.0186549425125122,0.9589430689811707,0.9589430689811707
176,176,0.24503640830516815,,,,,,
177,177,,,0.6184975504875183,0.8200769424438477,1.0190455913543701,0.9547551274299622,0.9547551274299622
177,177,0.24103327095508575,,,,,,
178,178,,,0.6153707504272461,0.8184288144111633,1.0194623470306396,0.9505835175514221,0.9505835175514221
178,178,0.23704351484775543,,,,,,
179,179,,,0.6122025847434998,0.8168217539787292,1.0199120044708252,0.9464434385299683,0.9464434385299683
179,179,0.23307618498802185,,,,,,
180,180,,,0.6089962720870972,0.8152567744255066,1.0203965902328491,0.9423407316207886,0.9423407316207886
180,180,0.22914007306098938,,,,,,
181,181,,,0.6057543158531189,0.8137334585189819,1.0209153890609741,0.9382773637771606,0.9382773637771606
181,181,0.22524374723434448,,,,,,
182,182,,,0.6024819016456604,0.8122537136077881,1.021471619606018,0.9342621564865112,0.9342621564865112
182,182,0.22139525413513184,,,,,,
183,183,,,0.5991863012313843,0.8108242154121399,1.022068738937378,0.9303101301193237,0.9303101301193237
183,183,0.21760216355323792,,,,,,
184,184,,,0.5958739519119263,0.8094532489776611,1.0227078199386597,0.9264348745346069,0.9264348745346069
184,184,0.21387134492397308,,,,,,
185,185,,,0.5925503969192505,0.8081463575363159,1.0233898162841797,0.922646701335907,0.922646701335907
185,185,0.21020899713039398,,,,,,
186,186,,,0.5892203450202942,0.8069049715995789,1.0241169929504395,0.9189525842666626,0.9189525842666626
186,186,0.20662058889865875,,,,,,
187,187,,,0.5858878493309021,0.8057299852371216,1.024888277053833,0.9153563976287842,0.9153563976287842
187,187,0.20311087369918823,,,,,,
188,188,,,0.5825579762458801,0.8046249747276306,1.025700569152832,0.9118634462356567,0.9118634462356567
188,188,0.19968368113040924,,,,,,
189,189,,,0.5792375802993774,0.8035945892333984,1.0265519618988037,0.9084827899932861,0.9084827899932861
189,189,0.19634205102920532,,,,,,
190,190,,,0.5759330987930298,0.8026406764984131,1.0274382829666138,0.9052186012268066,0.9052186012268066
190,190,0.19308829307556152,,,,,,
191,191,,,0.5726484656333923,0.8017601370811462,1.0283501148223877,0.9020658731460571,0.9020658731460571
191,191,0.18992389738559723,,,,,,
192,192,,,0.5693882703781128,0.800948441028595,1.0292778015136719,0.8990185260772705,0.8990185260772705
192,192,0.18684951961040497,,,,,,
193,193,,,0.5661584138870239,0.8002038598060608,1.0302131175994873,0.8960751295089722,0.8960751295089722
193,193,0.18386517465114594,,,,,,
194,194,,,0.5629646182060242,0.7995271682739258,1.031145691871643,0.8932342529296875,0.8932342529296875
194,194,0.1809701770544052,,,,,,
195,195,,,0.5598114728927612,0.798918604850769,1.0320632457733154,0.8904916048049927,0.8904916048049927
195,195,0.17816323041915894,,,,,,
196,196,,,0.5567026138305664,0.7983742952346802,1.0329537391662598,0.8878394365310669,0.8878394365310669
196,196,0.17544253170490265,,,,,,
197,197,,,0.5536404848098755,0.7978892922401428,1.0338026285171509,0.8852659463882446,0.8852659463882446
197,197,0.17280584573745728,,,,,,
198,198,,,0.5506278276443481,0.7974615097045898,1.034595012664795,0.882761538028717,0.882761538028717
198,198,0.17025046050548553,,,,,,
199,199,,0.16777344048023224,,,,,
199,199,,,0.5476680994033813,0.7970905303955078,1.035319447517395,0.8803211450576782,0.8803211450576782
199,199,0.16777344048023224,,,,,,
200,200,,,0.5447640419006348,0.7967745661735535,1.0359660387039185,0.877938449382782,0.877938449382782
200,200,0.16537156701087952,,,,,,
201,201,,,0.5419173836708069,0.7965090274810791,1.0365248918533325,0.8756042718887329,0.8756042718887329
201,201,0.16304156184196472,,,,,,
202,202,,,0.539129912853241,0.7962884306907654,1.0369917154312134,0.8733121156692505,0.8733121156692505
202,202,0.16078005731105804,,,,,,
203,203,,,0.5364027619361877,0.7961100935935974,1.0373656749725342,0.8710594773292542,0.8710594773292542
203,203,0.1585835963487625,,,,,,
204,204,,,0.5337366461753845,0.7959738373756409,1.0376479625701904,0.8688466548919678,0.8688466548919678
204,204,0.1564488261938095,,,,,,
205,205,,,0.5311309099197388,0.7958776354789734,1.0378433465957642,0.8666736483573914,0.8666736483573914
205,205,0.15437260270118713,,,,,,
206,206,,,0.5285840034484863,0.7958179116249084,1.0379586219787598,0.8645398616790771,0.8645398616790771
206,206,0.15235167741775513,,,,,,
207,207,,,0.5260941982269287,0.7957916259765625,1.038001298904419,0.8624452352523804,0.8624452352523804
207,207,0.15038323402404785,,,,,,
208,208,,,0.5236594676971436,0.7957977652549744,1.0379835367202759,0.8603944778442383,0.8603944778442383
208,208,0.14846457540988922,,,,,,
209,209,,,0.521277666091919,0.7958360314369202,1.0379199981689453,0.8583939671516418,0.8583939671516418
209,209,0.14659306406974792,,,,,,
210,210,,,0.5189470052719116,0.7959039807319641,1.0378248691558838,0.8564484715461731,0.8564484715461731
210,210,0.14476652443408966,,,,,,
211,211,,,0.5166654586791992,0.7959978580474854,1.0377144813537598,0.8545634746551514,0.8545634746551514
211,211,0.1429828405380249,,,,,,
212,212,,,0.514431357383728,0.7961149215698242,1.037604808807373,0.8527445197105408,0.8527445197105408
212,212,0.14124029874801636,,,,,,
213,213,,,0.5122430920600891,0.796254575252533,1.0375102758407593,0.8509985208511353,0.8509985208511353
213,213,0.13953733444213867,,,,,,
214,214,,,0.5100987553596497,0.796415388584137,1.037445306777954,0.8493314981460571,0.8493314981460571
214,214,0.13787277042865753,,,,,,
215,215,,,0.5079969763755798,0.7965949773788452,1.0374208688735962,0.8477466702461243,0.8477466702461243
215,215,0.13624557852745056,,,,,,
216,216,,,0.5059368014335632,0.7967904806137085,1.0374457836151123,0.8462461233139038,0.8462461233139038
216,216,0.13465511798858643,,,,,,
217,217,,,0.5039168000221252,0.7970005869865417,1.0375288724899292,0.8448331952095032,0.8448331952095032
217,217,0.1331009417772293,,,,,,
218,218,,,0.5019363760948181,0.7972248792648315,1.0376770496368408,0.8435105681419373,0.8435105681419373
218,218,0.13158288598060608,,,,,,
219,219,,,0.49999499320983887,0.7974614500999451,1.0378950834274292,0.8422790765762329,0.8422790765762329
219,219,0.1301010698080063,,,,,,
220,220,,,0.49809274077415466,0.7977073192596436,1.03818678855896,0.8411386609077454,0.8411386609077454
220,220,0.12865573167800903,,,,,,
221,221,,,0.49622994661331177,0.7979608774185181,1.038553237915039,0.8400886654853821,0.8400886654853821
221,221,0.1272473931312561,,,,,,
222,222,,,0.49440672993659973,0.7982212901115417,1.0389950275421143,0.8391283750534058,0.8391283750534058
222,222,0.12587673962116241,,,,,,
223,223,,,0.49262338876724243,0.7984877824783325,1.0395115613937378,0.8382568955421448,0.8382568955421448
223,223,0.12454456835985184,,,,,,
224,224,,,0.49088069796562195,0.7987586855888367,1.0400995016098022,0.8374711275100708,0.8374711275100708
224,224,0.12325182557106018,,,,,,
225,225,,,0.489178866147995,0.7990325093269348,1.0407564640045166,0.8367683291435242,0.8367683291435242
225,225,0.12199939787387848,,,,,,
226,226,,,0.4875178933143616,0.7993089556694031,1.0414791107177734,0.8361458778381348,0.8361458778381348
226,226,0.12078820168972015,,,,,,
227,227,,,0.4858982563018799,0.7995882034301758,1.0422624349594116,0.8356008529663086,0.8356008529663086
227,227,0.11961912363767624,,,,,,
228,228,,,0.4843202233314514,0.7998694181442261,1.043102741241455,0.8351303935050964,0.8351303935050964
228,228,0.11849283427000046,,,,,,
229,229,,,0.4827851355075836,0.8001519441604614,1.043993592262268,0.8347302675247192,0.8347302675247192
229,229,0.11740989238023758,,,,,,
230,230,,,0.4812939763069153,0.8004353642463684,1.0449289083480835,0.8343974351882935,0.8343974351882935
230,230,0.1163705363869667,,,,,,
231,231,,,0.47984784841537476,0.8007201552391052,1.0459033250808716,0.8341290354728699,0.8341290354728699
231,231,0.11537469178438187,,,,,,
232,232,,,0.4784480333328247,0.8010064363479614,1.0469096899032593,0.8339216113090515,0.8339216113090515
232,232,0.11442212015390396,,,,,,
233,233,,,0.47709542512893677,0.8012938499450684,1.0479425191879272,0.8337716460227966,0.8337716460227966
233,233,0.11351209133863449,,,,,,
234,234,,,0.47579067945480347,0.8015825748443604,1.0489957332611084,0.8336758613586426,0.8336758613586426
234,234,0.11264359951019287,,,,,,
235,235,,,0.4745340943336487,0.8018736839294434,1.0500637292861938,0.8336312770843506,0.8336312770843506
235,235,0.11181528866291046,,,,,,
236,236,,,0.47332581877708435,0.8021674752235413,1.0511419773101807,0.8336353898048401,0.8336312770843506
236,236,0.11102552711963654,,,,,,
237,237,,,0.4721660315990448,0.8024643659591675,1.0522249937057495,0.8336846828460693,0.8336312770843506
237,237,0.1102723479270935,,,,,,
238,238,,,0.4710543751716614,0.8027646541595459,1.053309440612793,0.8337768316268921,0.8336312770843506
238,238,0.10955364257097244,,,,,,
239,239,,,0.4699901044368744,0.8030690550804138,1.054391860961914,0.8339095115661621,0.8336312770843506
239,239,0.1088671088218689,,,,,,
240,240,,,0.46897196769714355,0.8033784031867981,1.0554697513580322,0.8340803384780884,0.8336312770843506
240,240,0.10821032524108887,,,,,,
241,241,,,0.4679984152317047,0.8036929965019226,1.0565415620803833,0.8342872858047485,0.8336312770843506
241,241,0.10758081078529358,,,,,,
242,242,,,0.4670676589012146,0.8040132522583008,1.0576046705245972,0.8345273733139038,0.8336312770843506
242,242,0.10697613656520844,,,,,,
243,243,,,0.46617773175239563,0.8043394088745117,1.058658242225647,0.8347988724708557,0.8336312770843506
243,243,0.10639392584562302,,,,,,
244,244,,,0.4653266668319702,0.8046724200248718,1.0597002506256104,0.8350993394851685,0.8336312770843506
244,244,0.10583183914422989,,,,,,
245,245,,,0.46451282501220703,0.8050122857093811,1.0607292652130127,0.8354266881942749,0.8336312770843506
245,245,0.10528784990310669,,,,,,
246,246,,,0.46373414993286133,0.8053592443466187,1.0617445707321167,0.8357785940170288,0.8336312770843506
246,246,0.10475989431142807,,,,,,
247,247,,,0.46298906207084656,0.8057132363319397,1.062744379043579,0.8361527919769287,0.8336312770843506
247,247,0.10424616932868958,,,,,,
248,248,,,0.46227559447288513,0.8060744404792786,1.0637286901474,0.8365479111671448,0.8336312770843506
248,248,0.10374513268470764,,,,,,
249,249,,0.10325530171394348,,,,,
249,249,,,0.46159228682518005,0.8064426183700562,1.0646963119506836,0.8369616270065308,0.8336312770843506
249,249,0.10325530171394348,,,,,,
250,250,,,0.46093758940696716,0.8068175911903381,1.065647006034851,0.8373924493789673,0.8336312770843506
250,250,0.10277542471885681,,,,,,
251,251,,,0.46031004190444946,0.8071990013122559,1.0665805339813232,0.8378384709358215,0.8336312770843506
251,251,0.10230440646409988,,,,,,
252,252,,,0.4597077965736389,0.8075867295265198,1.0674967765808105,0.8382985591888428,0.8336312770843506
252,252,0.10184133052825928,,,,,,
253,253,,,0.4591290056705475,0.8079805374145508,1.068397045135498,0.8387717008590698,0.8336312770843506
253,253,0.10138536244630814,,,,,,
254,254,,,0.45857200026512146,0.8083798885345459,1.069281816482544,0.8392561674118042,0.8336312770843506
254,254,0.10093586146831512,,,,,,
255,255,,,0.458034873008728,0.8087844252586365,1.0701528787612915,0.8397518396377563,0.8336312770843506
255,255,0.10049223899841309,,,,,,
256,256,,,0.4575161039829254,0.8091939091682434,1.0710111856460571,0.8402577042579651,0.8336312770843506
256,256,0.10005404055118561,,,,,,
257,257,,,0.4570143520832062,0.809607982635498,1.0718586444854736,0.8407736420631409,0.8336312770843506
257,257,0.09962090849876404,,,,,,
258,258,,,0.4565282166004181,0.8100261688232422,1.0726964473724365,0.8412991166114807,0.8336312770843506
258,258,0.0991925522685051,,,,,,
259,259,,,0.4560563266277313,0.8104482889175415,1.0735262632369995,0.841833770275116,0.8336312770843506
259,259,0.09876880794763565,,,,,,
260,260,,,0.45559749007225037,0.8108739256858826,1.0743495225906372,0.8423776626586914,0.8336312770843506
260,260,0.09834948927164078,,,,,,
261,261,,,0.4551505744457245,0.8113028407096863,1.0751675367355347,0.8429303169250488,0.8336312770843506
261,261,0.09793456643819809,,,,,,
262,262,,,0.45471444725990295,0.8117349147796631,1.075981855392456,0.8434919118881226,0.8336312770843506
262,262,0.09752402454614639,,,,,,
263,263,,,0.45428845286369324,0.8121700286865234,1.07679283618927,0.8440619707107544,0.8336312770843506
263,263,0.09711787104606628,,,,,,
264,264,,,0.45387154817581177,0.8126078844070435,1.077602744102478,0.8446409702301025,0.8336312770843506
264,264,0.09671616554260254,,,,,,
265,265,,,0.4534629285335541,0.813048243522644,1.0784114599227905,0.8452281951904297,0.8336312770843506
265,265,0.09631901979446411,,,,,,
266,266,,,0.4530612826347351,0.8134910464286804,1.0792213678359985,0.845824122428894,0.8336312770843506
266,266,0.0959264412522316,,,,,,
267,267,,,0.4526658058166504,0.813936173915863,1.080032229423523,0.8464277386665344,0.8336312770843506
267,267,0.09553859382867813,,,,,,
268,268,,,0.45227503776550293,0.8143833875656128,1.080846905708313,0.8470398783683777,0.8336312770843506
268,268,0.09515553712844849,,,,,,
269,269,,,0.4518885314464569,0.8148329257965088,1.0816633701324463,0.8476589918136597,0.8336312770843506
269,269,0.09477736055850983,,,,,,
270,270,,,0.45150476694107056,0.815284252166748,1.0824850797653198,0.8482857942581177,0.8336312770843506
270,270,0.09440410137176514,,,,,,
271,271,,,0.45112350583076477,0.8157375454902649,1.0833090543746948,0.8489184379577637,0.8336312770843506
271,271,0.09403586387634277,,,,,,
272,272,,,0.45074304938316345,0.8161924481391907,1.0841403007507324,0.8495584726333618,0.8336312770843506
272,272,0.09367264062166214,,,,,,
273,273,,,0.4503638446331024,0.8166493773460388,1.0849725008010864,0.8502025604248047,0.8336312770843506
273,273,0.09331445395946503,,,,,,
274,274,,,0.44998374581336975,0.8171077966690063,1.0858137607574463,0.8508540391921997,0.8336312770843506
274,274,0.09296133369207382,,,,,,
275,275,,,0.449604332447052,0.8175678849220276,1.0866531133651733,0.8515070080757141,0.8336312770843506
275,275,0.09261324256658554,,,,,,
276,276,,,0.44922223687171936,0.818029522895813,1.0875052213668823,0.8521685600280762,0.8336312770843506
276,276,0.09227016568183899,,,,,,
277,277,,,0.4488406479358673,0.8184930086135864,1.0883492231369019,0.8528274893760681,0.8336312770843506
277,277,0.09193210303783417,,,,,,
278,278,,,0.44845396280288696,0.8189578652381897,1.08921480178833,0.8534989356994629,0.8336312770843506
278,278,0.0915990099310875,,,,,,
279,279,,,0.4480689764022827,0.8194248080253601,1.090058445930481,0.8541598320007324,0.8336312770843506
279,279,0.09127077460289001,,,,,,
280,280,,,0.4476747512817383,0.8198931217193604,1.0909439325332642,0.8548436760902405,0.8336312770843506
280,280,0.09094744175672531,,,,,,
281,281,,,0.4472867250442505,0.8203639984130859,1.091775894165039,0.8554996252059937,0.8336312770843506
281,281,0.09062892198562622,,,,,,
282,282,,,0.4468812048435211,0.8208357095718384,1.092698574066162,0.8562046885490417,0.8336312770843506
282,282,0.09031525254249573,,,,,,
283,283,,,0.44649362564086914,0.8213109970092773,1.0934901237487793,0.856839656829834,0.8336312770843506
283,283,0.090006522834301,,,,,,
284,284,,,0.4460696280002594,0.8217859864234924,1.094495177268982,0.8575906753540039,0.8336312770843506
284,284,0.0897030383348465,,,,,,
285,285,,,0.4456941485404968,0.822266697883606,1.0951709747314453,0.8581637740135193,0.8336312770843506
285,285,0.08940579742193222,,,,,,
286,286,,,0.44523507356643677,0.8227439522743225,1.096381425857544,0.8590301275253296,0.8336312770843506
286,286,0.08911746740341187,,,,,,
287,287,,,0.4449059069156647,0.8232319355010986,1.09674072265625,0.8594335317611694,0.8336312770843506
287,287,0.08884526789188385,,,,,,
288,288,,,0.44437122344970703,0.8237087726593018,1.0985090732574463,0.8606188297271729,0.8336312770843506
288,288,0.0886089950799942,,,,,,
289,289,,,0.44419148564338684,0.8242080211639404,1.0980340242385864,0.8605843782424927,0.8336312770843506
289,289,0.08846168220043182,,,,,,
290,290,,,0.4435129761695862,0.8246772885322571,1.1013381481170654,0.8626872301101685,0.8336312770843506
290,290,0.08854350447654724,,,,,,
291,291,,,0.44375336170196533,0.8251994252204895,1.0989834070205688,0.8617175817489624,0.8336312770843506
291,291,0.0891689881682396,,,,,,
292,292,,,0.4428827464580536,0.8256437182426453,1.1052566766738892,0.8656508922576904,0.8336312770843506
292,292,0.09083801507949829,,,,,,
293,293,,,0.44340378046035767,0.8261978626251221,1.1002564430236816,0.8631367683410645,0.8336312770843506
293,293,0.09331465512514114,,,,,,
294,294,,,0.44204553961753845,0.8266168832778931,1.1057524681091309,0.8661895394325256,0.8336312770843506
294,294,0.09403547644615173,,,,,,
295,295,,,0.4417235255241394,0.8271207213401794,1.1033769845962524,0.8647874593734741,0.8336312770843506
295,295,0.09029816091060638,,,,,,
296,296,,,0.4414944648742676,0.8276037573814392,1.1035096645355225,0.8651117086410522,0.8336312770843506
296,296,0.08652788400650024,,,,,,
297,297,,,0.44074904918670654,0.8280384540557861,1.1085946559906006,0.8683488965034485,0.8336312770843506
297,297,0.08767398446798325,,,,,,
298,298,,,0.4408799111843109,0.8285753130912781,1.1048318147659302,0.8663618564605713,0.8336312770843506
298,298,0.08996263891458511,,,,,,
299,299,,0.08820422738790512,,,,,
299,299,,,0.4400380849838257,0.8290306329727173,1.1073219776153564,0.8678116202354431,0.8336312770843506
299,299,0.08820422738790512,,,,,,
300,300,,,0.4395318627357483,0.8294853568077087,1.109444260597229,0.8692546486854553,0.8336312770843506
300,300,0.08551013469696045,,,,,,
301,301,,,0.4396260976791382,0.8299843072891235,1.10726797580719,0.8682720065116882,0.8336312770843506
301,301,0.08648982644081116,,,,,,
302,302,,,0.4387083053588867,0.830415666103363,1.1109095811843872,0.8704288005828857,0.8336312770843506
302,302,0.08769264817237854,,,,,,
303,303,,,0.438468337059021,0.8309032917022705,1.1104320287704468,0.8703420162200928,0.8336312770843506
303,303,0.08582376688718796,,,,,,
304,304,,,0.43847352266311646,0.8313947319984436,1.10966956615448,0.8702394366264343,0.8336312770843506
304,304,0.08459863066673279,,,,,,
305,305,,,0.4377099275588989,0.83182293176651,1.1133819818496704,0.8725568056106567,0.8336312770843506
305,305,0.0857556164264679,,,,,,
306,306,,,0.4374839961528778,0.8323037624359131,1.1118987798690796,0.8717972040176392,0.8336312770843506
306,306,0.0856749564409256,,,,,,
307,307,,,0.43714502453804016,0.8327701091766357,1.112465739250183,0.8723278641700745,0.8336312770843506
307,307,0.08408675342798233,,,,,,
308,308,,,0.4365936517715454,0.8332176208496094,1.115403175354004,0.8742944002151489,0.8336312770843506
308,308,0.08406111598014832,,,,,,
309,309,,,0.436531662940979,0.8337123990058899,1.113653540611267,0.8734803795814514,0.8336312770843506
309,309,0.08473112434148788,,,,,,
310,310,,,0.4360056221485138,0.8341644406318665,1.1151493787765503,0.8744974732398987,0.8336312770843506
310,310,0.0838942900300026,,,,,,
311,311,,,0.43551772832870483,0.8346077799797058,1.1170860528945923,0.8758339285850525,0.8336312770843506
311,311,0.08307170122861862,,,,,,
312,312,,,0.4354325234889984,0.8350844383239746,1.1157808303833008,0.8752879500389099,0.8336312770843506
312,312,0.0834958627820015,,,,,,
313,313,,,0.4348776638507843,0.8355283141136169,1.117799997329712,0.8766356706619263,0.8336312770843506
313,313,0.08344660699367523,,,,,,
314,314,,,0.4345757067203522,0.8359861373901367,1.11849045753479,0.877273678779602,0.8336312770843506
314,314,0.08257531374692917,,,,,,
315,315,,,0.434468537569046,0.8364512324333191,1.1177706718444824,0.8770986199378967,0.8336312770843506
315,315,0.0824207067489624,,,,,,
316,316,,,0.4338844120502472,0.8368765115737915,1.120060920715332,0.8785982728004456,0.8336312770843506
316,316,0.08267335593700409,,,,,,
317,317,,,0.4336141347885132,0.8373233675956726,1.1199637651443481,0.8787167072296143,0.8336312770843506
317,317,0.0822015181183815,,,,,,
318,318,,,0.4334140121936798,0.8377715945243835,1.119949221611023,0.8789414167404175,0.8336312770843506
318,318,0.08167894929647446,,,,,,
319,319,,,0.4329420328140259,0.8381977081298828,1.1220030784606934,0.880363404750824,0.8336312770843506
319,319,0.08177173137664795,,,,,,
320,320,,,0.43274804949760437,0.8386411666870117,1.1214226484298706,0.8802046179771423,0.8336312770843506
320,320,0.08169607818126678,,,,,,
321,321,,,0.4323973059654236,0.8390653729438782,1.1221277713775635,0.8807945251464844,0.8336312770843506
321,321,0.08118896931409836,,,,,,
322,322,,,0.43196776509284973,0.8394795656204224,1.1237220764160156,0.8819272518157959,0.8336312770843506
322,322,0.08097127079963684,,,,,,
323,323,,,0.4318234920501709,0.8399147391319275,1.1230517625808716,0.8817348480224609,0.8336312770843506
323,323,0.08101623505353928,,,,,,
324,324,,,0.43145084381103516,0.8403306603431702,1.1241984367370605,0.8826051950454712,0.8336312770843506
324,324,0.08075021952390671,,,,,,
325,325,,,0.43112677335739136,0.8407430052757263,1.125078558921814,0.8833255171775818,0.8336312770843506
325,325,0.08037211000919342,,,,,,
326,326,,,0.4309481084346771,0.8411605358123779,1.1247090101242065,0.883299708366394,0.8336312770843506
326,326,0.08028531074523926,,,,,,
327,327,,,0.4305260479450226,0.8415603041648865,1.1261640787124634,0.8843350410461426,0.8336312770843506
327,327,0.08021219819784164,,,,,,
328,328,,,0.4302797019481659,0.8419709205627441,1.1263937950134277,0.8846656084060669,0.8336312770843506
328,328,0.07990425825119019,,,,,,
329,329,,,0.43007439374923706,0.8423806428909302,1.126440167427063,0.8848990201950073,0.8336312770843506
329,329,0.07965059578418732,,,,,,
330,330,,,0.42967918515205383,0.8427734375,1.1278424263000488,0.8859133124351501,0.8336312770843506
330,330,0.07957791537046432,,,,,,
331,331,,,0.42945602536201477,0.8431729078292847,1.12771475315094,0.8860076665878296,0.8336312770843506
331,331,0.07942398637533188,,,,,,
332,332,,,0.42916399240493774,0.8435640931129456,1.1282869577407837,0.8865259289741516,0.8336312770843506
332,332,0.07914533466100693,,,,,,
333,333,,,0.4288388788700104,0.843950629234314,1.1293230056762695,0.8873351216316223,0.8336312770843506
333,333,0.07896100729703903,,,,,,
334,334,,,0.42866888642311096,0.8443425893783569,1.1290764808654785,0.8873790502548218,0.8336312770843506
334,334,0.07886360585689545,,,,,,
335,335,,,0.4283396303653717,0.8447191119194031,1.1300076246261597,0.8881062865257263,0.8336312770843506
335,335,0.07867861539125443,,,,,,
336,336,,,0.4280604124069214,0.8450929522514343,1.1305675506591797,0.8886123299598694,0.8336312770843506
336,336,0.07844007760286331,,,,,,
337,337,,,0.42786556482315063,0.8454681634902954,1.130548357963562,0.8887811899185181,0.8336312770843506
337,337,0.07828295975923538,,,,,,
338,338,,,0.42754581570625305,0.8458335995674133,1.1315838098526,0.8895787596702576,0.8336312770843506
338,338,0.07816187292337418,,,,,,
339,339,,,0.4273364841938019,0.8462005257606506,1.131698727607727,0.8898230195045471,0.8336312770843506
339,339,0.07797396183013916,,,,,,
340,340,,,0.4270927608013153,0.8465596437454224,1.132060170173645,0.8902063965797424,0.8336312770843506
340,340,0.07776585221290588,,,,,,
341,341,,,0.42678406834602356,0.8469108939170837,1.1329593658447266,0.8909080028533936,0.8336312770843506
341,341,0.07761574536561966,,,,,,
342,342,,,0.4265989363193512,0.8472660779953003,1.1329097747802734,0.8910466432571411,0.8336312770843506
342,342,0.07748103141784668,,,,,,
343,343,,,0.42633259296417236,0.8476136326789856,1.133578896522522,0.8916170001029968,0.8336312770843506
343,343,0.07730139046907425,,,,,,
344,344,,,0.4260861277580261,0.8479573726654053,1.1340957880020142,0.8920935988426208,0.8336312770843506
344,344,0.07711277157068253,,,,,,
345,345,,,0.42589110136032104,0.8482986092567444,1.1341698169708252,0.8922991752624512,0.8336312770843506
345,345,0.07696272432804108,,,,,,
346,346,,,0.4256076216697693,0.8486320376396179,1.1349854469299316,0.892947793006897,0.8336312770843506
346,346,0.07682248204946518,,,,,,
347,347,,,0.42541176080703735,0.8489671945571899,1.1351561546325684,0.8932146430015564,0.8336312770843506
347,347,0.07665355503559113,,,,,,
348,348,,,0.42519956827163696,0.849297821521759,1.1354948282241821,0.8935822248458862,0.8336312770843506
348,348,0.07647760957479477,,,,,,
349,349,,0.07632627338171005,,,,,
349,349,,,0.4249415099620819,0.8496218323707581,1.1361746788024902,0.894148051738739,0.8336312770843506
349,349,0.07632627338171005,,,,,,
350,350,,,0.424755722284317,0.8499448895454407,1.136238932609558,0.894338846206665,0.8336312770843506
350,350,0.07618462294340134,,,,,,
351,351,,,0.42450958490371704,0.8502623438835144,1.1368396282196045,0.8948533535003662,0.8336312770843506
351,351,0.07602601498365402,,,,,,
352,352,,,0.4242987036705017,0.8505780696868896,1.137216329574585,0.8952364921569824,0.8336312770843506
352,352,0.07585958391427994,,,,,,
353,353,,,0.4241134524345398,0.8508904576301575,1.1373934745788574,0.8954969644546509,0.8336312770843506
353,353,0.0757075771689415,,,,,,
354,354,,,0.4238678216934204,0.8511956334114075,1.1380442380905151,0.8960369825363159,0.8336312770843506
354,354,0.0755658745765686,,,,,,
355,355,,,0.4236851930618286,0.8514994382858276,1.1381956338882446,0.8962746262550354,0.8336312770843506
355,355,0.07541616261005402,,,,,,
356,356,,,0.4234783947467804,0.8517992496490479,1.1386020183563232,0.8966684937477112,0.8336312770843506
356,356,0.07525836676359177,,,,,,
357,357,,,0.42326897382736206,0.8520951867103577,1.1390622854232788,0.8970947861671448,0.8336312770843506
357,357,0.07510704547166824,,,,,,
358,358,,,0.4230973720550537,0.852388322353363,1.139195203781128,0.8973186016082764,0.8336312770843506
358,358,0.07496540248394012,,,,,,
359,359,,,0.422873854637146,0.8526754975318909,1.1397470235824585,0.8977916240692139,0.8336312770843506
359,359,0.07482254505157471,,,,,,
360,360,,,0.4226929247379303,0.8529609441757202,1.1399787664413452,0.8980712294578552,0.8336312770843506
360,360,0.07467330992221832,,,,,,
361,361,,,0.42250916361808777,0.8532429933547974,1.1402744054794312,0.8983904123306274,0.8336312770843506
361,361,0.07452476769685745,,,,,,
362,362,,,0.4223054051399231,0.8535206317901611,1.140742301940918,0.8988113403320312,0.8336312770843506
362,362,0.07438313961029053,,,,,,
363,363,,,0.4221397638320923,0.8537954688072205,1.1408857107162476,0.8990317583084106,0.8336312770843506
363,363,0.07424477487802505,,,,,,
364,364,,,0.42193877696990967,0.854065477848053,1.141340732574463,0.8994396924972534,0.8336312770843506
364,364,0.0741034522652626,,,,,,
365,365,,,0.4217655062675476,0.854333221912384,1.1416053771972656,0.8997330665588379,0.8336312770843506
365,365,0.07396001368761063,,,,,,
366,366,,,0.4215976595878601,0.8545975685119629,1.1418453454971313,0.900010347366333,0.8336312770843506
366,366,0.07381952553987503,,,,,,
367,367,,,0.4214063286781311,0.8548572659492493,1.1422770023345947,0.9004005193710327,0.8336312770843506
367,367,0.07368341088294983,,,,,,
368,368,,,0.42124783992767334,0.8551141619682312,1.1424338817596436,0.9006205797195435,0.8336312770843506
368,368,0.07354819774627686,,,,,,
369,369,,,0.42106491327285767,0.8553668856620789,1.1428189277648926,0.9009787440299988,0.8336312770843506
369,369,0.07341129332780838,,,,,,
370,370,,,0.4208988845348358,0.8556168079376221,1.1430844068527222,0.9012632369995117,0.8336312770843506
370,370,0.07327423244714737,,,,,,
371,371,,,0.4207383394241333,0.8558629155158997,1.1433064937591553,0.9015182256698608,0.8336312770843506
371,371,0.07313980907201767,,,,,,
372,372,,,0.4205588102340698,0.8561046123504639,1.1436916589736938,0.9018697738647461,0.8336312770843506
372,372,0.07300817966461182,,,,,,
373,373,,,0.4204077124595642,0.8563435673713684,1.1438525915145874,0.902083158493042,0.8336312770843506
373,373,0.0728771984577179,,,,,,
374,374,,,0.4202386736869812,0.8565787672996521,1.1441916227340698,0.9024045467376709,0.8336312770843506
374,374,0.07274562120437622,,,,,,
375,375,,,0.4200819730758667,0.856810450553894,1.1444339752197266,0.9026645421981812,0.8336312770843506
375,375,0.07261449098587036,,,,,,
376,376,,,0.41992825269699097,0.8570384979248047,1.1446502208709717,0.9029054045677185,0.8336312770843506
376,376,0.0724852904677391,,,,,,
377,377,,,0.4197620451450348,0.8572628498077393,1.1449835300445557,0.9032160043716431,0.8336312770843506
377,377,0.07235808670520782,,,,,,
378,378,,,0.4196183383464813,0.8574845194816589,1.1451410055160522,0.903417706489563,0.8336312770843506
378,378,0.07223188132047653,,,,,,
379,379,,,0.41945791244506836,0.8577025532722473,1.1454516649246216,0.9037113785743713,0.8336312770843506
379,379,0.0721057876944542,,,,,,
380,380,,,0.4193088412284851,0.857917308807373,1.1456632614135742,0.90394127368927,0.8336312770843506
380,380,0.07198018580675125,,,,,,
381,381,,,0.4191593527793884,0.8581287860870361,1.1458837985992432,0.9041744470596313,0.8336312770843506
381,381,0.07185590267181396,,,,,,
382,382,,,0.41900497674942017,0.8583371043205261,1.1461652517318726,0.9044440984725952,0.8336312770843506
382,382,0.071733258664608,,,,,,
383,383,,,0.4188665449619293,0.8585426807403564,1.146321177482605,0.904634952545166,0.8336312770843506
383,383,0.07161187380552292,,,,,,
384,384,,,0.418713241815567,0.8587446808815002,1.1466073989868164,0.9049034118652344,0.8336312770843506
384,384,0.07149116694927216,,,,,,
385,385,,,0.41857290267944336,0.8589437007904053,1.1467831134796143,0.9051014184951782,0.8336312770843506
385,385,0.07137096673250198,,,,,,
386,386,,,0.41842854022979736,0.8591399192810059,1.1470084190368652,0.9053286910057068,0.8336312770843506
386,386,0.07125166058540344,,,,,,
387,387,,,0.4182851314544678,0.8593331575393677,1.1472361087799072,0.9055560231208801,0.8336312770843506
387,387,0.07113365083932877,,,,,,
388,388,,,0.41814911365509033,0.8595235347747803,1.147399663925171,0.9057413935661316,0.8336312770843506
388,388,0.07101693004369736,,,,,,
389,389,,,0.4180026054382324,0.8597109913825989,1.1476556062698364,0.9059814214706421,0.8336312770843506
389,389,0.07090122997760773,,,,,,
390,390,,,0.4178694188594818,0.8598959445953369,1.1478049755096436,0.9061542749404907,0.8336312770843506
390,390,0.07078634947538376,,,,,,
391,391,,,0.4177285432815552,0.8600780963897705,1.148033618927002,0.9063748717308044,0.8336312770843506
391,391,0.0706721842288971,,,,,,
392,392,,,0.41759395599365234,0.8602579832077026,1.1482104063034058,0.9065616130828857,0.8336312770843506
392,392,0.07055895775556564,,,,,,
393,393,,,0.4174591600894928,0.8604352474212646,1.1483908891677856,0.9067486524581909,0.8336312770843506
393,393,0.07044678181409836,,,,,,
394,394,,,0.41732192039489746,0.8606099486351013,1.1486011743545532,0.9069527983665466,0.8336312770843506
394,394,0.0703357383608818,,,,,,
395,395,,,0.4171934425830841,0.8607827425003052,1.1487442255020142,0.9071143865585327,0.8336312770843506
395,395,0.07022573798894882,,,,,,
396,396,,,0.4170567989349365,0.8609532117843628,1.1489611864089966,0.9073200225830078,0.8336312770843506
396,396,0.07011661678552628,,,,,,
397,397,,,0.41692879796028137,0.8611214756965637,1.1491024494171143,0.9074770212173462,0.8336312770843506
397,397,0.0700083076953888,,,,,,
398,398,,,0.4167952239513397,0.8612877130508423,1.1492984294891357,0.9076667428016663,0.8336312770843506
398,398,0.06990090012550354,,,,,,
399,399,,0.06979440897703171,,,,,
399,399,,,0.4166668653488159,0.8614522218704224,1.149457573890686,0.9078328609466553,0.8336312770843506
399,399,0.06979440897703171,,,,,,
400,400,,,0.41653868556022644,0.8616148829460144,1.1496191024780273,0.9079991579055786,0.8336312770843506
400,400,0.06968888640403748,,,,,,
401,401,,,0.4164084494113922,0.8617755770683289,1.1497998237609863,0.9081758260726929,0.8336312770843506
401,401,0.06958435475826263,,,,,,
402,402,,,0.4162840247154236,0.8619345426559448,1.149936318397522,0.9083242416381836,0.8336312770843506
402,402,0.0694807693362236,,,,,,
403,403,,,0.4161547124385834,0.8620920777320862,1.150122880935669,0.908502995967865,0.8336312770843506
403,403,0.06937805563211441,,,,,,
404,404,,,0.41603273153305054,0.862247884273529,1.1502503156661987,0.9086441397666931,0.8336312770843506
404,404,0.06927623599767685,,,,,,
405,405,,,0.4159048795700073,0.8624022603034973,1.1504287719726562,0.9088156819343567,0.8336312770843506
405,405,0.06917520612478256,,,,,,
406,406,,,0.4157826900482178,0.8625551462173462,1.15056312084198,0.908959150314331,0.8336312770843506
406,406,0.0690750777721405,,,,,,
407,407,,,0.41565847396850586,0.8627067804336548,1.150721788406372,0.9091172218322754,0.8336312770843506
407,407,0.06897581368684769,,,,,,
408,408,,,0.41553619503974915,0.8628571629524231,1.1508677005767822,0.9092665910720825,0.8336312770843506
408,408,0.06887740641832352,,,,,,
409,409,,,0.41541481018066406,0.8630064129829407,1.1510075330734253,0.9094114303588867,0.8336312770843506
409,409,0.06877988576889038,,,,,,
410,410,,,0.41529208421707153,0.8631545305252075,1.1511638164520264,0.909565806388855,0.8336312770843506
410,410,0.06868322938680649,,,,,,
411,411,,,0.4151739478111267,0.8633017539978027,1.1512885093688965,0.9097006916999817,0.8336312770843506
411,411,0.06858741492033005,,,,,,
412,412,,,0.41505199670791626,0.8634479641914368,1.1514482498168945,0.9098565578460693,0.8336312770843506
412,412,0.06849241256713867,,,,,,
413,413,,,0.4149353504180908,0.863593339920044,1.151566505432129,0.9099864363670349,0.8336312770843506
413,413,0.06839822232723236,,,,,,
414,414,,,0.414814293384552,0.863737940788269,1.1517245769500732,0.9101403951644897,0.8336312770843506
414,414,0.06830484420061111,,,,,,
415,415,,,0.41469916701316833,0.8638818264007568,1.1518410444259644,0.9102688431739807,0.8336312770843506
415,415,0.06821224093437195,,,,,,
416,416,,,0.4145798981189728,0.8640251159667969,1.151992678642273,0.9104186296463013,0.8336312770843506
416,416,0.06812039762735367,,,,,,
417,417,,,0.41446495056152344,0.8641677498817444,1.152112364768982,0.9105483889579773,0.8336312770843506
417,417,0.06802937388420105,,,,,,
418,418,,,0.41434746980667114,0.8643097877502441,1.1522563695907593,0.9106930494308472,0.8336312770843506
418,418,0.06793908029794693,,,,,,
419,419,,,0.4142335057258606,0.8644514679908752,1.1523789167404175,0.9108247756958008,0.8336312770843506
419,419,0.06784956902265549,,,,,,
420,420,,,0.41411808133125305,0.8645926713943481,1.1525150537490845,0.9109647274017334,0.8336312770843506
420,420,0.06776078045368195,,,,,,
421,421,,,0.41400426626205444,0.8647335171699524,1.1526412963867188,0.9110985398292542,0.8336312770843506
421,421,0.0676727369427681,,,,,,
422,422,,,0.413890540599823,0.864874005317688,1.1527713537216187,0.9112347364425659,0.8336312770843506
422,422,0.06758545339107513,,,,,,
423,423,,,0.4137776792049408,0.8650141954421997,1.1528997421264648,0.9113702774047852,0.8336312770843506
423,423,0.06749888509511948,,,,,,
424,424,,,0.4136655330657959,0.8651542663574219,1.1530245542526245,0.9115035533905029,0.8336312770843506
424,424,0.06741303950548172,,,,,,
425,425,,,0.4135528802871704,0.8652940392494202,1.15315580368042,0.911641001701355,0.8336312770843506
425,425,0.06732785701751709,,,,,,
426,426,,,0.4134422838687897,0.8654338121414185,1.153275966644287,0.9117720127105713,0.8336312770843506
426,426,0.06724339723587036,,,,,,
427,427,,,0.4133305251598358,0.8655734062194824,1.1534090042114258,0.911911129951477,0.8336312770843506
427,427,0.06715959310531616,,,,,,
428,428,,,0.41322147846221924,0.8657130002975464,1.1535248756408691,0.912040114402771,0.8336312770843506
428,428,0.06707649677991867,,,,,,
429,429,,,0.41310980916023254,0.865852415561676,1.1536616086959839,0.9121817946434021,0.8336312770843506
429,429,0.06699404120445251,,,,,,
430,430,,,0.41300255060195923,0.86599200963974,1.153771996498108,0.9123082160949707,0.8336312770843506
430,430,0.06691224128007889,,,,,,
431,431,,,0.4128914177417755,0.866131603717804,1.153913140296936,0.9124535918235779,0.8336312770843506
431,431,0.06683111190795898,,,,,,
432,432,,,0.41278600692749023,0.8662713170051575,1.154016137123108,0.9125762581825256,0.8336312770843506
432,432,0.06675060093402863,,,,,,
433,433,,,0.41267409920692444,0.8664109706878662,1.1541666984558105,0.912727952003479,0.8336312770843506
433,433,0.0666707381606102,,,,,,
434,434,,,0.4125717282295227,0.8665508031845093,1.154256820678711,0.9128439426422119,0.8336312770843506
434,434,0.06659151613712311,,,,,,
435,435,,,0.41245827078819275,0.8666908740997314,1.154423475265503,0.9130061268806458,0.8336312770843506
435,435,0.06651296466588974,,,,,,
436,436,,,0.41236022114753723,0.8668310642242432,1.1544915437698364,0.9131098985671997,0.8336312770843506
436,436,0.0664350688457489,,,,,,
437,437,,,0.4122427701950073,0.8669715523719788,1.1546885967254639,0.9132912158966064,0.8336312770843506
437,437,0.06635793298482895,,,,,,
438,438,,,0.41215264797210693,0.8671120405197144,1.1547147035598755,0.9133712649345398,0.8336312770843506
438,438,0.06628163158893585,,,,,,
439,439,,,0.4120267331600189,0.8672528862953186,1.1549700498580933,0.9135881662368774,0.8336312770843506
439,439,0.0662064328789711,,,,,,
440,440,,,0.4119510054588318,0.867393970489502,1.1549159288406372,0.9136220812797546,0.8336312770843506
440,440,0.06613285094499588,,,,,,
441,441,,,0.41180723905563354,0.8675351738929749,1.1552869081497192,0.9139086008071899,0.8336312770843506
441,441,0.06606177240610123,,,,,,
442,442,,,0.41176119446754456,0.8676769733428955,1.15507173538208,0.9138500690460205,0.8336312770843506
442,442,0.06599530577659607,,,,,,
443,443,,,0.411580353975296,0.8678188323974609,1.1556804180145264,0.9142791628837585,0.8336312770843506
443,443,0.06593754142522812,,,,,,
444,444,,,0.4115977883338928,0.8679611682891846,1.1551365852355957,0.9140331149101257,0.8336312770843506
444,444,0.06589723378419876,,,,,,
445,445,,,0.4113415479660034,0.8681036233901978,1.1562522649765015,0.9147680401802063,0.8336312770843506
445,445,0.06589303910732269,,,,,,
446,446,,,0.4115064740180969,0.8682472109794617,1.155030608177185,0.9141457080841064,0.8336312770843506
446,446,0.06596457213163376,,,,,,
447,447,,,0.4111063480377197,0.8683900833129883,1.1572598218917847,0.9155663251876831,0.8336312770843506
447,447,0.06619657576084137,,,,,,
448,448,,,0.41162973642349243,0.8685376644134521,1.1546951532363892,0.9142431616783142,0.8336312770843506
448,448,0.06676053255796432,,,,,,
449,449,,0.0679871216416359,,,,,
449,449,,,0.41099849343299866,0.8686768412590027,1.159270167350769,0.9171528816223145,0.8336312770843506
449,449,0.0679871216416359,,,,,,
450,450,,,0.4122661054134369,0.8688456416130066,1.15437912940979,0.9147077202796936,0.8336312770843506
450,450,0.07033176720142365,,,,,,
451,451,,,0.4111475646495819,0.8689504861831665,1.1620086431503296,0.9194117784500122,0.8336312770843506
451,451,0.07402627915143967,,,,,,
452,452,,,0.4126463830471039,0.8691776990890503,1.1542778015136719,0.9151747226715088,0.8336312770843506
452,452,0.07745738327503204,,,,,,
453,453,,,0.4105367660522461,0.8692039847373962,1.1600720882415771,0.9178680181503296,0.8336312770843506
453,453,0.07692457735538483,,,,,,
454,454,,,0.41076165437698364,0.8693901300430298,1.156026840209961,0.9153403639793396,0.8336312770843506
454,454,0.07070671021938324,,,,,,
455,455,,,0.4109005928039551,0.8695265650749207,1.1556396484375,0.9152785539627075,0.8336312770843506
455,455,0.06537263840436935,,,,,,
456,456,,,0.4101690351963043,0.8695924878120422,1.1606473922729492,0.9183666706085205,0.8336312770843506
456,456,0.06669528782367706,,,,,,
457,457,,,0.411508709192276,0.8698347806930542,1.1550474166870117,0.9155308604240417,0.8336312770843506
457,457,0.07085871696472168,,,,,,
458,458,,,0.40994134545326233,0.8698506355285645,1.15878164768219,0.9171304702758789,0.8336312770843506
458,458,0.07064047455787659,,,,,,
459,459,,,0.40988868474960327,0.8699677586555481,1.1579415798187256,0.9166080951690674,0.8336312770843506
459,459,0.06630834192037582,,,,,,
460,460,,,0.41077885031700134,0.8701584935188293,1.1558446884155273,0.9158887267112732,0.8336312770843506
460,460,0.06496475636959076,,,,,,
461,461,,,0.4097800850868225,0.8702157139778137,1.1601744890213013,0.9183183908462524,0.8336312770843506
461,461,0.06768117100000381,,,,,,
462,462,,,0.41036492586135864,0.8704157471656799,1.1564087867736816,0.9162342548370361,0.8336312770843506
462,462,0.06853557378053665,,,,,,
463,463,,,0.4097200036048889,0.870505690574646,1.1576588153839111,0.9167647361755371,0.8336312770843506
463,463,0.06587949395179749,,,,,,
464,464,,,0.40935131907463074,0.8706275820732117,1.1597977876663208,0.9181293249130249,0.8336312770843506
464,464,0.06457800418138504,,,,,,
465,465,,,0.4104076325893402,0.8708809018135071,1.156419038772583,0.9166721701622009,0.8336312770843506
465,465,0.06628911942243576,,,,,,
466,466,,,0.4092378318309784,0.8709325790405273,1.159381628036499,0.9180269837379456,0.8336312770843506
466,466,0.06695444136857986,,,,,,
467,467,,,0.40919798612594604,0.871076226234436,1.1587940454483032,0.9177129864692688,0.8336312770843506
467,467,0.06515683233737946,,,,,,
468,468,,,0.4098074734210968,0.8712764978408813,1.15730881690979,0.9172442555427551,0.8336312770843506
468,468,0.06434310227632523,,,,,,
469,469,,,0.40904924273490906,0.8713559508323669,1.1601279973983765,0.9187943935394287,0.8336312770843506
469,469,0.06551370024681091,,,,,,
470,470,,,0.4094192385673523,0.871531069278717,1.1579729318618774,0.9176759719848633,0.8336312770843506
470,470,0.06580176204442978,,,,,,
471,471,,,0.40908539295196533,0.8716393709182739,1.1586291790008545,0.918011486530304,0.8336312770843506
471,471,0.06454866379499435,,,,,,
472,472,,,0.40876418352127075,0.8717555999755859,1.1601506471633911,0.9189701080322266,0.8336312770843506
472,472,0.06413163244724274,,,,,,
473,473,,,0.40944555401802063,0.87196284532547,1.157884120941162,0.9180052280426025,0.8336312770843506
473,473,0.06493069231510162,,,,,,
474,474,,,0.4086274206638336,0.8720284700393677,1.1598353385925293,0.9188958406448364,0.8336312770843506
474,474,0.06498131901025772,,,,,,
475,475,,,0.4085732698440552,0.8721670508384705,1.1597769260406494,0.9189395904541016,0.8336312770843506
475,475,0.06410177797079086,,,,,,
476,476,,,0.40908193588256836,0.8723654747009277,1.1584713459014893,0.9185280799865723,0.8336312770843506
476,476,0.06391749531030655,,,,,,
477,477,,,0.4084083139896393,0.8724575638771057,1.1604942083358765,0.9195876717567444,0.8336312770843506
477,477,0.06444551795721054,,,,,,
478,478,,,0.4085876941680908,0.8726263642311096,1.1593774557113647,0.9190670251846313,0.8336312770843506
478,478,0.06437092274427414,,,,,,
479,479,,,0.4085104167461395,0.872782289981842,1.1595145463943481,0.9192480444908142,0.8336312770843506
479,479,0.06376760452985764,,,,,,
480,480,,,0.40818288922309875,0.8729225397109985,1.1607086658477783,0.9199944734573364,0.8336312770843506
480,480,0.06368906795978546,,,,,,
481,481,,,0.40853703022003174,0.8731179237365723,1.1593689918518066,0.9194545745849609,0.8336312770843506
481,481,0.06402013450860977,,,,,,
482,482,,,0.4079991579055786,0.8732323050498962,1.1606191396713257,0.9200807213783264,0.8336312770843506
482,482,0.06391492486000061,,,,,,
483,483,,,0.407972127199173,0.87339848279953,1.1606694459915161,0.9202426671981812,0.8336312770843506
483,483,0.06349891424179077,,,,,,
484,484,,,0.4082709550857544,0.8735883235931396,1.1598109006881714,0.9199995994567871,0.8336312770843506
484,484,0.06345155090093613,,,,,,
485,485,,,0.4076908826828003,0.8736912608146667,1.1613110303878784,0.9207644462585449,0.8336312770843506
485,485,0.06365210562944412,,,,,,
486,486,,,0.4078575670719147,0.873865008354187,1.1605775356292725,0.920508623123169,0.8336312770843506
486,486,0.06355494260787964,,,,,,
487,487,,,0.4078383445739746,0.8740264773368835,1.1606040000915527,0.9206548929214478,0.8336312770843506
487,487,0.0632631927728653,,,,,,
488,488,,,0.4074908494949341,0.8741533756256104,1.1615521907806396,0.9212053418159485,0.8336312770843506
488,488,0.06321306526660919,,,,,,
489,489,,,0.4077053666114807,0.8743296265602112,1.1607298851013184,0.9209201335906982,0.8336312770843506
489,489,0.06332813948392868,,,,,,
490,490,,,0.40737757086753845,0.8744651675224304,1.1615248918533325,0.921383261680603,0.8336312770843506
490,490,0.06325612962245941,,,,,,
491,491,,,0.40733709931373596,0.8746260404586792,1.1615650653839111,0.9215250015258789,0.8336312770843506
491,491,0.0630451887845993,,,,,,
492,492,,,0.4074312150478363,0.8747938871383667,1.1611872911453247,0.9214667677879333,0.8336312770843506
492,492,0.06298106163740158,,,,,,
493,493,,,0.40703263878822327,0.874921977519989,1.1621899604797363,0.9220237731933594,0.8336312770843506
493,493,0.06304008513689041,,,,,,
494,494,,,0.4072086215019226,0.8751047849655151,1.1616095304489136,0.9218889474868774,0.8336312770843506
494,494,0.06299206614494324,,,,,,
495,495,,,0.407073050737381,0.8752572536468506,1.161868929862976,0.9221159219741821,0.8336312770843506
495,495,0.06283719092607498,,,,,,
496,496,,,0.4068087935447693,0.875397264957428,1.162484049797058,0.9224985837936401,0.8336312770843506
496,496,0.06275942921638489,,,,,,
497,497,,,0.40699121356010437,0.8755794763565063,1.161921739578247,0.9223802089691162,0.8336312770843506
497,497,0.06277818977832794,,,,,,
498,498,,,0.4067051112651825,0.8757206797599792,1.1626017093658447,0.9227954149246216,0.8336312770843506
498,498,0.06274836510419846,,,,,,
499,499,,0.06263520568609238,,,,,
499,499,,,0.4066610336303711,0.8758788704872131,1.1625853776931763,0.9228930473327637,0.8336312770843506
499,499,0.06263520568609238,,,,,,
500,500,,,0.40666356682777405,0.8760407567024231,1.1624987125396729,0.9229748249053955,0.8336312770843506
500,500,0.06254962831735611,,,,,,
501,501,,,0.40641602873802185,0.8761823177337646,1.1631152629852295,0.9233711957931519,0.8336312770843506
501,501,0.06253685802221298,,,,,,
502,502,,,0.4065251648426056,0.8763524889945984,1.162733793258667,0.9233217835426331,0.8336312770843506
502,502,0.06251588463783264,,,,,,
503,503,,,0.4063143730163574,0.8764947652816772,1.1631689071655273,0.9236150979995728,0.8336312770843506
503,503,0.06243569776415825,,,,,,
504,504,,,0.40621453523635864,0.8766489624977112,1.1633718013763428,0.923827588558197,0.8336312770843506
504,504,0.06235064938664436,,,,,,
505,505,,,0.4062904119491577,0.8768186569213867,1.1631273031234741,0.9238527417182922,0.8336312770843506
505,505,0.062312934547662735,,,,,,
506,506,,,0.4060116410255432,0.8769572973251343,1.163744330406189,0.9242269992828369,0.8336312770843506
506,506,0.062291089445352554,,,,,,
507,507,,,0.4060453474521637,0.8771231174468994,1.1635732650756836,0.9242729544639587,0.8336312770843506
507,507,0.06223570182919502,,,,,,
508,508,,,0.405962735414505,0.8772801160812378,1.1637314558029175,0.9244676828384399,0.8336312770843506
508,508,0.06215943023562431,,,,,,
509,509,,,0.40579643845558167,0.877428412437439,1.1640857458114624,0.9247387647628784,0.8336312770843506
509,509,0.06210479885339737,,,,,,
510,510,,,0.4058435559272766,0.8775933384895325,1.1638959646224976,0.9247794151306152,0.8336312770843506
510,510,0.06207391619682312,,,,,,
511,511,,,0.40564560890197754,0.8777390122413635,1.164332628250122,0.9250858426094055,0.8336312770843506
511,511,0.06203344091773033,,,,,,
512,512,,,0.40563809871673584,0.8779001832008362,1.1642948389053345,0.9251950979232788,0.8336312770843506
512,512,0.06197132170200348,,,,,,
513,513,,,0.4055662155151367,0.8780543208122253,1.1644012928009033,0.9253580570220947,0.8336312770843506
513,513,0.06191001832485199,,,,,,
514,514,,,0.40539470314979553,0.8782009482383728,1.1647670269012451,0.9256327748298645,0.8336312770843506
514,514,0.061866797506809235,,,,,,
515,515,,,0.40544766187667847,0.8783668875694275,1.1645973920822144,0.9256924390792847,0.8336312770843506
515,515,0.06183002144098282,,,,,,
516,516,,,0.40526682138442993,0.8785122036933899,1.1649688482284546,0.9259639978408813,0.8336312770843506
516,516,0.06178152933716774,,,,,,
517,517,,,0.40521106123924255,0.8786675930023193,1.1650446653366089,0.9261170625686646,0.8336312770843506
517,517,0.06172359734773636,,,,,,
518,518,,,0.4051855206489563,0.8788268566131592,1.1650702953338623,0.9262577295303345,0.8336312770843506
518,518,0.06167147681117058,,,,,,
519,519,,,0.4050230085849762,0.8789746761322021,1.1654103994369507,0.9265215396881104,0.8336312770843506
519,519,0.061629731208086014,,,,,,
520,520,,,0.4050294756889343,0.87913578748703,1.1653411388397217,0.9266178011894226,0.8336312770843506
520,520,0.06158827990293503,,,,,,
521,521,,,0.40489017963409424,0.8792866468429565,1.1656248569488525,0.9268595576286316,0.8336312770843506
521,521,0.06153891980648041,,,,,,
522,522,,,0.40483325719833374,0.879444420337677,1.1657187938690186,0.9270269870758057,0.8336312770843506
522,522,0.06148582696914673,,,,,,
523,523,,,0.40478381514549255,0.8796014785766602,1.1657856702804565,0.9271795749664307,0.8336312770843506
523,523,0.06143755838274956,,,,,,
524,524,,,0.40463414788246155,0.8797510266304016,1.1660900115966797,0.9274283051490784,0.8336312770843506
524,524,0.06139489263296127,,,,,,
525,525,,,0.4046432375907898,0.8799136281013489,1.1660377979278564,0.927539587020874,0.8336312770843506
525,525,0.061351604759693146,,,,,,
526,526,,,0.40450817346572876,0.8800634741783142,1.1663023233413696,0.9277700781822205,0.8336312770843506
526,526,0.06130369007587433,,,,,,
527,527,,,0.40444013476371765,0.8802186846733093,1.1664172410964966,0.9279429912567139,0.8336312770843506
527,527,0.06125395745038986,,,,,,
528,528,,,0.40440109372138977,0.8803769946098328,1.1664769649505615,0.9280984997749329,0.8336312770843506
528,528,0.06120705604553223,,,,,,
529,529,,,0.40426722168922424,0.8805276155471802,1.1667425632476807,0.9283313751220703,0.8336312770843506
529,529,0.061163514852523804,,,,,,
530,530,,,0.4042469561100006,0.8806871771812439,1.1667511463165283,0.9284640550613403,0.8336312770843506
530,530,0.06111990660429001,,,,,,
531,531,,,0.4041278064250946,0.880840003490448,1.1669857501983643,0.9286866188049316,0.8336312770843506
531,531,0.061073772609233856,,,,,,
532,532,,,0.40407150983810425,0.880997896194458,1.167081356048584,0.9288561344146729,0.8336312770843506
532,532,0.061026252806186676,,,,,,
533,533,,,0.4040055274963379,0.8811548352241516,1.1671944856643677,0.9290308356285095,0.8336312770843506
533,533,0.06098002940416336,,,,,,
534,534,,,0.4038911461830139,0.8813087344169617,1.167418122291565,0.9292498230934143,0.8336312770843506
534,534,0.060935936868190765,,,,,,
535,535,,,0.40387120842933655,0.881470263004303,1.1674389839172363,0.9293933510780334,0.8336312770843506
535,535,0.060892440378665924,,,,,,
536,536,,,0.40374723076820374,0.8816235065460205,1.167678952217102,0.929617166519165,0.8336312770843506
536,536,0.06084778159856796,,,,,,
537,537,,,0.40369564294815063,0.8817827701568604,1.1677658557891846,0.9297850131988525,0.8336312770843506
537,537,0.060802023857831955,,,,,,
538,538,,,0.4036252200603485,0.881941020488739,1.16789710521698,0.9299710392951965,0.8336312770843506
538,538,0.060756467282772064,,,,,,
539,539,,,0.40352463722229004,0.8820964694023132,1.1680890321731567,0.9301781058311462,0.8336312770843506
539,539,0.06071210280060768,,,,,,
540,540,,,0.4034848213195801,0.8822566270828247,1.1681528091430664,0.9303381443023682,0.8336312770843506
540,540,0.06066864728927612,,,,,,
541,541,,,0.40337446331977844,0.8824117183685303,1.168368935585022,0.9305557012557983,0.8336312770843506
541,541,0.06062501668930054,,,,,,
542,542,,,0.4033311605453491,0.8825716376304626,1.168442726135254,0.930720329284668,0.8336312770843506
542,542,0.06058072671294212,,,,,,
543,543,,,0.403239905834198,0.8827279210090637,1.1686155796051025,0.9309210181236267,0.8336312770843506
543,543,0.06053609400987625,,,,,,
544,544,,,0.4031642973423004,0.8828859329223633,1.1687594652175903,0.9311128258705139,0.8336312770843506
544,544,0.06049184501171112,,,,,,
545,545,,,0.4031122028827667,0.8830458521842957,1.1688544750213623,0.9312866926193237,0.8336312770843506
545,545,0.060448285192251205,,,,,,
546,546,,,0.4030056595802307,0.8832017779350281,1.1690598726272583,0.9315003156661987,0.8336312770843506
546,546,0.06040513888001442,,,,,,
547,547,,,0.40296435356140137,0.8833630084991455,1.1691339015960693,0.9316677451133728,0.8336312770843506
547,547,0.06036192178726196,,,,,,
548,548,,,0.4028683602809906,0.8835203051567078,1.1693198680877686,0.9318757057189941,0.8336312770843506
548,548,0.06031838804483414,,,,,,
549,549,,0.06027473881840706,,,,,
549,549,,,0.4028054475784302,0.883679986000061,1.1694374084472656,0.9320586323738098,0.8336312770843506
549,549,0.06027473881840706,,,,,,
550,550,,,0.4027343690395355,0.8838393688201904,1.1695733070373535,0.9322491884231567,0.8336312770843506
550,550,0.06023130565881729,,,,,,
551,551,,,0.40265029668807983,0.8839977979660034,1.1697365045547485,0.9324498176574707,0.8336312770843506
551,551,0.060188278555870056,,,,,,
552,552,,,0.40259790420532227,0.8841587901115417,1.169834852218628,0.9326272010803223,0.8336312770843506
552,552,0.06014552712440491,,,,,,
553,553,,,0.40250054001808167,0.8843162655830383,1.170023798942566,0.9328368902206421,0.8336312770843506
553,553,0.060102853924036026,,,,,,
554,554,,,0.4024518132209778,0.8844779133796692,1.1701171398162842,0.9330137372016907,0.8336312770843506
554,554,0.06006006896495819,,,,,,
555,555,,,0.4023638963699341,0.8846365213394165,1.1702873706817627,0.9332172870635986,0.8336312770843506
555,555,0.06001723185181618,,,,,,
556,556,,,0.4022962749004364,0.8847966194152832,1.1704179048538208,0.9334071278572083,0.8336312770843506
556,556,0.05997446924448013,,,,,,
557,557,,,0.40223079919815063,0.8849571347236633,1.1705456972122192,0.9335968494415283,0.8336312770843506
557,557,0.0599319189786911,,,,,,
558,558,,,0.40214651823043823,0.8851163983345032,1.1707098484039307,0.9337990283966064,0.8336312770843506
558,558,0.05988958850502968,,,,,,
559,559,,,0.40209129452705383,0.8852778673171997,1.170817255973816,0.9339817762374878,0.8336312770843506
559,559,0.059847407042980194,,,,,,
560,560,,,0.4020030200481415,0.8854371905326843,1.170990228652954,0.9341880083084106,0.8336312770843506
560,560,0.05980528146028519,,,,,,
561,561,,,0.4019481837749481,0.8855990171432495,1.1710978746414185,0.9343714714050293,0.8336312770843506
561,561,0.059763144701719284,,,,,,
562,562,,,0.40186405181884766,0.885758638381958,1.171262264251709,0.9345746040344238,0.8336312770843506
562,562,0.05972103774547577,,,,,,
563,563,,,0.4018002450466156,0.8859200477600098,1.1713885068893433,0.9347652196884155,0.8336312770843506
563,563,0.05967901274561882,,,,,,
564,564,,,0.40173038840293884,0.8860810399055481,1.171526312828064,0.9349598288536072,0.8336312770843506
564,564,0.05963711813092232,,,,,,
565,565,,,0.40165215730667114,0.8862412571907043,1.1716800928115845,0.9351599216461182,0.8336312770843506
565,565,0.059595342725515366,,,,,,
566,566,,,0.40159404277801514,0.8864032030105591,1.171796441078186,0.9353479146957397,0.8336312770843506
566,566,0.059553708881139755,,,,,,
567,567,,,0.40151065587997437,0.8865633010864258,1.1719609498977661,0.9355521202087402,0.8336312770843506
567,567,0.059512171894311905,,,,,,
568,568,,,0.4014533758163452,0.8867253661155701,1.172075629234314,0.9357395768165588,0.8336312770843506
568,568,0.059470679610967636,,,,,,
569,569,,,0.40137195587158203,0.886885941028595,1.1722368001937866,0.9359432458877563,0.8336312770843506
569,569,0.05942922085523605,,,,,,
570,570,,,0.4013117551803589,0.8870480060577393,1.1723580360412598,0.9361336827278137,0.8336312770843506
570,570,0.059387847781181335,,,,,,
571,571,,,0.40123552083969116,0.8872090578079224,1.1725094318389893,0.9363341331481934,0.8336312770843506
571,571,0.059346508234739304,,,,,,
572,572,,,0.40116822719573975,0.8873708248138428,1.1726447343826294,0.9365298748016357,0.8336312770843506
572,572,0.05930527672171593,,,,,,
573,573,,,0.4011017084121704,0.8875328302383423,1.1727787256240845,0.9367252588272095,0.8336312770843506
573,573,0.0592641606926918,,,,,,
574,574,,,0.40102580189704895,0.8876941204071045,1.172930121421814,0.9369263648986816,0.8336312770843506
574,574,0.059223126620054245,,,,,,
575,575,,,0.40096575021743774,0.8878567218780518,1.1730526685714722,0.9371185302734375,0.8336312770843506
575,575,0.05918218195438385,,,,,,
576,576,,,0.40088728070259094,0.8880180716514587,1.1732094287872314,0.9373220205307007,0.8336312770843506
576,576,0.059141308069229126,,,,,,
577,577,,,0.4008280038833618,0.8881809115409851,1.1733309030532837,0.937514066696167,0.8336312770843506
577,577,0.059100501239299774,,,,,,
578,578,,,0.40075013041496277,0.8883424997329712,1.1734870672225952,0.9377177953720093,0.8336312770843506
578,578,0.059059757739305496,,,,,,
579,579,,,0.40069037675857544,0.8885054588317871,1.173609972000122,0.9379107356071472,0.8336312770843506
579,579,0.05901907756924629,,,,,,
580,580,,,0.40061455965042114,0.8886673450469971,1.1737624406814575,0.9381135702133179,0.8336312770843506
580,580,0.05897846817970276,,,,,,
581,581,,,0.40055185556411743,0.8888302445411682,1.1738914251327515,0.9383089542388916,0.8336312770843506
581,581,0.0589379258453846,,,,,,
582,582,,,0.4004811644554138,0.8889926075935364,1.1740351915359497,0.938509464263916,0.8336312770843506
582,582,0.0588974691927433,,,,,,
583,583,,,0.4004136025905609,0.889155387878418,1.1741732358932495,0.9387081861495972,0.8336312770843506
583,583,0.058857083320617676,,,,,,
584,584,,,0.40034744143486023,0.8893183469772339,1.174309253692627,0.9389065504074097,0.8336312770843506
584,584,0.05881679058074951,,,,,,
585,585,,,0.400276780128479,0.8894811868667603,1.1744534969329834,0.9391078948974609,0.8336312770843506
585,585,0.05877652391791344,,,,,,
586,586,,,0.40021345019340515,0.8896445631980896,1.1745846271514893,0.9393051266670227,0.8336312770843506
586,586,0.05873635783791542,,,,,,
587,587,,,0.4001408815383911,0.8898074626922607,1.1747328042984009,0.9395081400871277,0.8336312770843506
587,587,0.058696262538433075,,,,,,
588,588,,,0.4000800848007202,0.8899711966514587,1.174859881401062,0.9397045969963074,0.8336312770843506
588,588,0.0586562342941761,,,,,,
589,589,,,0.40000563859939575,0.8901342153549194,1.1750117540359497,0.9399091601371765,0.8336312770843506
589,589,0.058616261929273605,,,,,,
590,590,,,0.3999468684196472,0.8902983665466309,1.1751359701156616,0.9401051998138428,0.8336312770843506
590,590,0.058576397597789764,,,,,,
591,591,,,0.3998717963695526,0.8904615044593811,1.1752891540527344,0.9403105974197388,0.8336312770843506
591,591,0.05853654444217682,,,,,,
592,592,,,0.39981332421302795,0.8906256556510925,1.1754131317138672,0.9405069351196289,0.8336312770843506
592,592,0.05849678814411163,,,,,,
593,593,,,0.3997385501861572,0.8907891511917114,1.17556631565094,0.9407128095626831,0.8336312770843506
593,593,0.05845707282423973,,,,,,
594,594,,,0.3996807038784027,0.890953779220581,1.1756895780563354,0.9409095048904419,0.8336312770843506
594,594,0.058417417109012604,,,,,,
595,595,,,0.399605393409729,0.8911173343658447,1.1758439540863037,0.9411160945892334,0.8336312770843506
595,595,0.05837784707546234,,,,,,
596,596,,,0.3995489180088043,0.8912822604179382,1.175965428352356,0.9413126707077026,0.8336312770843506
596,596,0.05833835527300835,,,,,,
597,597,,,0.39947277307510376,0.8914459347724915,1.176121473312378,0.9415202140808105,0.8336312770843506
597,597,0.05829890817403793,,,,,,
598,598,,,0.3994176387786865,0.8916113376617432,1.1762410402297974,0.941716730594635,0.8336312770843506
598,598,0.05825953558087349,,,,,,
599,599,,0.058220215141773224,,,,,
599,599,,,0.3993402421474457,0.8917752504348755,1.1763997077941895,0.941925585269928,0.8336312770843506
599,599,0.058220215141773224,,,,,,
600,600,,,0.39928755164146423,0.8919409513473511,1.1765153408050537,0.9421212673187256,0.8336312770843506
600,600,0.05818098410964012,,,,,,
601,601,,,0.3992072641849518,0.8921048641204834,1.1766793727874756,0.9423322677612305,0.8336312770843506
601,601,0.0581418015062809,,,,,,
602,602,,,0.39915910363197327,0.892271101474762,1.1767876148223877,0.94252610206604,0.8336312770843506
602,602,0.058102693408727646,,,,,,
603,603,,,0.39907360076904297,0.8924349546432495,1.176960825920105,0.9427403211593628,0.8336312770843506
603,603,0.05806366726756096,,,,,,
604,604,,,0.3990326225757599,0.8926019668579102,1.1770572662353516,0.9429311156272888,0.8336312770843506
604,604,0.058024708181619644,,,,,,
605,605,,,0.39893838763237,0.892765462398529,1.1772457361221313,0.9431504011154175,0.8336312770843506
605,605,0.05798584967851639,,,,,,
606,606,,,0.3989093005657196,0.8929335474967957,1.1773220300674438,0.9433355331420898,0.8336312770843506
606,606,0.05794709920883179,,,,,,
607,607,,,0.39879995584487915,0.8930963277816772,1.1775368452072144,0.9435633420944214,0.8336312770843506
607,607,0.05790849030017853,,,,,,
608,608,,,0.3987915515899658,0.893265962600708,1.177578330039978,0.9437382221221924,0.8336312770843506
608,608,0.057870086282491684,,,,,,
609,609,,,0.39865541458129883,0.8934272527694702,1.1778392791748047,0.9439807534217834,0.8336312770843506
609,609,0.05783196538686752,,,,,,
610,610,,,0.39868348836898804,0.8935995697975159,1.1778194904327393,0.944137692451477,0.8336312770843506
610,610,0.05779433622956276,,,,,,
611,611,,,0.39849933981895447,0.8937579393386841,1.178162693977356,0.944405734539032,0.8336312770843506
611,611,0.05775745213031769,,,,,,
612,612,,,0.3985932469367981,0.893934965133667,1.178032636642456,0.9445301294326782,0.8336312770843506
612,612,0.05772189795970917,,,,,,
613,613,,,0.39832109212875366,0.8940876126289368,1.1785271167755127,0.9448452591896057,0.8336312770843506
613,613,0.05768870934844017,,,,,,
614,614,,,0.398537814617157,0.8942729234695435,1.1781930923461914,0.9449098110198975,0.8336312770843506
614,614,0.05765974521636963,,,,,,
615,615,,,0.39810022711753845,0.8944149613380432,1.1789737939834595,0.9453142881393433,0.8336312770843506
615,615,0.05763857811689377,,,,,,
616,616,,,0.3985535204410553,0.8946157693862915,1.178253173828125,0.9452675580978394,0.8336312770843506
616,616,0.05763207748532295,,,,,,
617,617,,,0.39779844880104065,0.8947368264198303,1.1795926094055176,0.9458504319190979,0.8336312770843506
617,617,0.057653553783893585,,,,,,
618,618,,,0.39872047305107117,0.8949680328369141,1.1781288385391235,0.9455987811088562,0.8336312770843506
618,618,0.05772833153605461,,,,,,
619,619,,,0.3973531424999237,0.8950476050376892,1.1805860996246338,0.9465535283088684,0.8336312770843506
619,619,0.057907406240701675,,,,,,
620,620,,,0.399221271276474,0.89533931016922,1.1776996850967407,0.9459428787231445,0.8336312770843506
620,620,0.05828472971916199,,,,,,
621,621,,,0.3967050313949585,0.8953361511230469,1.1824027299880981,0.9476982951164246,0.8336312770843506
621,621,0.05904814228415489,,,,,,
622,622,,,0.40042734146118164,0.8957486152648926,1.1769278049468994,0.9465286135673523,0.8336312770843506
622,622,0.06049276515841484,,,,,,
623,623,,,0.3959710896015167,0.8955857753753662,1.1856762170791626,0.9498019218444824,0.8336312770843506
623,623,0.06311803311109543,,,,,,
624,624,,,0.40250369906425476,0.8962122797966003,1.1761137247085571,0.9476954936981201,0.8336312770843506
624,624,0.0671188160777092,,,,,,
625,625,,,0.39545130729675293,0.8957988023757935,1.1887016296386719,0.9518373012542725,0.8336312770843506
625,625,0.0720471441745758,,,,,,
626,626,,,0.4027593731880188,0.8965980410575867,1.175482153892517,0.947754442691803,0.8336312770843506
626,626,0.07420919090509415,,,,,,
627,627,,,0.3954111337661743,0.8961108922958374,1.1850173473358154,0.9494423270225525,0.8336312770843506
627,627,0.07064695656299591,,,,,,
628,628,,,0.398285835981369,0.8965859413146973,1.1789716482162476,0.947364330291748,0.8336312770843506
628,628,0.06205560639500618,,,,,,
629,629,,,0.3989863991737366,0.8967393636703491,1.1785387992858887,0.947638988494873,0.8336312770843506
629,629,0.05715003237128258,,,,,,
630,630,,,0.39491939544677734,0.8965087532997131,1.1865766048431396,0.950605571269989,0.8336312770843506
630,630,0.05975725129246712,,,,,,
631,631,,,0.4015985131263733,0.8972744345664978,1.1758850812911987,0.9478975534439087,0.8336312770843506
631,631,0.06454868614673615,,,,,,
632,632,,,0.3950575292110443,0.8967252373695374,1.1849193572998047,0.9496961832046509,0.8336312770843506
632,632,0.06453796476125717,,,,,,
633,633,,,0.3975370526313782,0.897123396396637,1.1802812814712524,0.9483023285865784,0.8336312770843506
633,633,0.05950203910470009,,,,,,
634,634,,,0.39937204122543335,0.8974086046218872,1.1781017780303955,0.9481704831123352,0.8336312770843506
634,634,0.056937023997306824,,,,,,
635,635,,,0.3945538103580475,0.8970988988876343,1.186535358428955,0.9508713483810425,0.8336312770843506
635,635,0.05941878631711006,,,,,,
636,636,,,0.4001013934612274,0.8978844881057739,1.1772866249084473,0.9484803676605225,0.8336312770843506
636,636,0.06173359230160713,,,,,,
637,637,,,0.3958766460418701,0.8976069688796997,1.1831741333007812,0.9497499465942383,0.8336312770843506
637,637,0.06001884862780571,,,,,,
638,638,,,0.3958246111869812,0.897752046585083,1.1834124326705933,0.9500170946121216,0.8336312770843506
638,638,0.057079657912254333,,,,,,
639,639,,,0.39968395233154297,0.8982748985290527,1.177943229675293,0.9490301609039307,0.8336312770843506
639,639,0.05744973570108414,,,,,,
640,640,,,0.39467352628707886,0.8978816270828247,1.1859276294708252,0.9512090086936951,0.8336312770843506
640,640,0.059542350471019745,,,,,,
641,641,,,0.3981579542160034,0.8984057903289795,1.1798644065856934,0.949544370174408,0.8336312770843506
641,641,0.05924981087446213,,,,,,
642,642,,,0.3973139524459839,0.8984529376029968,1.1811013221740723,0.949933648109436,0.8336312770843506
642,642,0.05722300708293915,,,,,,
643,643,,,0.3949940502643585,0.8983542323112488,1.1852285861968994,0.9513317942619324,0.8336312770843506
643,643,0.05675585940480232,,,,,,
644,644,,,0.39901915192604065,0.8989569544792175,1.178985357284546,0.9499585032463074,0.8336312770843506
644,644,0.05806536599993706,,,,,,
645,645,,,0.3953308165073395,0.8987423777580261,1.1845916509628296,0.9514345526695251,0.8336312770843506
645,645,0.05844235420227051,,,,,,
646,646,,,0.3964223861694336,0.8990128636360168,1.182700753211975,0.9510124921798706,0.8336312770843506
646,646,0.05716840177774429,,,,,,
647,647,,,0.39800170063972473,0.8993291258811951,1.1804296970367432,0.9506742358207703,0.8336312770843506
647,647,0.056485243141651154,,,,,,
648,648,,,0.3948780298233032,0.8991668820381165,1.1856285333633423,0.9522718191146851,0.8336312770843506
648,648,0.05720417574048042,,,,,,
649,649,,0.05766952410340309,,,,,
649,649,,,0.39784348011016846,0.8996788263320923,1.1807589530944824,0.9511216282844543,0.8336312770843506
649,649,0.05766952410340309,,,,,,
650,650,,,0.3961784541606903,0.8997090458869934,1.1833020448684692,0.9519111514091492,0.8336312770843506
650,650,0.05700458213686943,,,,,,
651,651,,,0.3954329490661621,0.8998110294342041,1.184619426727295,0.9524747133255005,0.8336312770843506
651,651,0.05634851008653641,,,,,,
652,652,,,0.39781132340431213,0.9002368450164795,1.1809709072113037,0.9517520666122437,0.8336312770843506
652,652,0.05664868652820587,,,,,,
653,653,,,0.394986093044281,0.9001253247261047,1.1854835748672485,0.953093409538269,0.8336312770843506
653,653,0.057096924632787704,,,,,,
654,654,,,0.39662766456604004,0.9004707336425781,1.1827561855316162,0.9524866938591003,0.8336312770843506
654,654,0.05678725615143776,,,,,,
655,655,,,0.3966313898563385,0.9006382822990417,1.1828051805496216,0.9526742696762085,0.8336312770843506
655,655,0.05625731125473976,,,,,,
656,656,,,0.3949693441390991,0.9006376266479492,1.1856014728546143,0.9536262154579163,0.8336312770843506
656,656,0.05629078671336174,,,,,,
657,657,,,0.39725053310394287,0.9010593295097351,1.1819665431976318,0.9528443217277527,0.8336312770843506
657,657,0.056618060916662216,,,,,,
658,658,,,0.395239919424057,0.901055634021759,1.185141682624817,0.9538416266441345,0.8336312770843506
658,658,0.05655859038233757,,,,,,
659,659,,,0.3956920802593231,0.9012994766235352,1.1844332218170166,0.9538379907608032,0.8336312770843506
659,659,0.0561777763068676,,,,,,
660,660,,,0.396627277135849,0.9015712738037109,1.183020830154419,0.9536619782447815,0.8336312770843506
660,660,0.05605781078338623,,,,,,
661,661,,,0.39467653632164,0.9015535712242126,1.186208963394165,0.9546980857849121,0.8336312770843506
661,661,0.05624992400407791,,,,,,
662,662,,,0.39651694893836975,0.9019269943237305,1.1832515001296997,0.9540762901306152,0.8336312770843506
662,662,0.056305259466171265,,,,,,
663,663,,,0.3954225182533264,0.9019971489906311,1.1850018501281738,0.9547008275985718,0.8336312770843506
663,663,0.05608667433261871,,,,,,
664,664,,,0.39506903290748596,0.9021511077880859,1.1856310367584229,0.9550669193267822,0.8336312770843506
664,664,0.05590558052062988,,,,,,
665,665,,,0.3964006304740906,0.9024630784988403,1.1835577487945557,0.9547029137611389,0.8336312770843506
665,665,0.05596226081252098,,,,,,
666,666,,,0.39453765749931335,0.9024579524993896,1.1865580081939697,0.9556723237037659,0.8336312770843506
666,666,0.05605444684624672,,,,,,
667,667,,,0.39580246806144714,0.9027770161628723,1.1845437288284302,0.9553124904632568,0.8336312770843506
667,667,0.05596465617418289,,,,,,
668,668,,,0.3954145610332489,0.9029060006141663,1.185190200805664,0.9556465148925781,0.8336312770843506
668,668,0.05579877644777298,,,,,,
669,669,,,0.39460787177085876,0.9030017256736755,1.1865386962890625,0.956190824508667,0.8336312770843506
669,669,0.05575273185968399,,,,,,
670,670,,,0.3960272967815399,0.9033216834068298,1.184312105178833,0.9557778835296631,0.8336312770843506
670,670,0.055810097604990005,,,,,,
671,671,,,0.3944780230522156,0.9033442735671997,1.1868013143539429,0.9566053748130798,0.8336312770843506
671,671,0.055808305740356445,,,,,,
672,672,,,0.39524707198143005,0.9036167860031128,1.1856005191802979,0.9564734101295471,0.8336312770843506
672,672,0.05570124089717865,,,,,,
673,673,,,0.39529380202293396,0.9037960171699524,1.1855614185333252,0.9566360712051392,0.8336312770843506
673,673,0.05560731887817383,,,,,,
674,674,,,0.3942817449569702,0.9038711190223694,1.1872245073318481,0.9572589993476868,0.8336312770843506
674,674,0.05560147017240524,,,,,,
675,675,,,0.3955848217010498,0.904181182384491,1.1851845979690552,0.9568958878517151,0.8336312770843506
675,675,0.055621229112148285,,,,,,
676,676,,,0.39436963200569153,0.9042260646820068,1.187148094177246,0.9575786590576172,0.8336312770843506
676,676,0.05558260902762413,,,,,,
677,677,,,0.39481648802757263,0.9044468998908997,1.186469316482544,0.9575715065002441,0.8336312770843506
677,677,0.05549757555127144,,,,,,
678,678,,,0.39508432149887085,0.9046413898468018,1.1860827207565308,0.9576380252838135,0.8336312770843506
678,678,0.05544150620698929,,,,,,
679,679,,,0.39407089352607727,0.9047125577926636,1.1877436637878418,0.9582558274269104,0.8336312770843506
679,679,0.05543513223528862,,,,,,
680,680,,,0.3951812982559204,0.9050059914588928,1.1860129833221436,0.957977294921875,0.8336312770843506
680,680,0.055429451167583466,,,,,,
681,681,,,0.3942025899887085,0.9050797820091248,1.187605381011963,0.9585700035095215,0.8336312770843506
681,681,0.055385489016771317,,,,,,
682,682,,,0.3944703936576843,0.9052798748016357,1.1872106790542603,0.9586352705955505,0.8336312770843506
682,682,0.05532108619809151,,,,,,
683,683,,,0.39477452635765076,0.9054807424545288,1.1867682933807373,0.9586900472640991,0.8336312770843506
683,683,0.05527830868959427,,,,,,
684,684,,,0.3938809931278229,0.9055637121200562,1.188239574432373,0.9592589735984802,0.8336312770843506
684,684,0.05526313930749893,,,,,,
685,685,,,0.3948184847831726,0.9058343172073364,1.1867833137512207,0.9590470790863037,0.8336312770843506
685,685,0.0552460178732872,,,,,,
686,686,,,0.39398905634880066,0.9059235453605652,1.1881402730941772,0.9595798254013062,0.8336312770843506
686,686,0.0552065409719944,,,,,,
687,687,,,0.39421483874320984,0.9061180353164673,1.187811017036438,0.959660530090332,0.8336312770843506
687,687,0.05515509843826294,,,,,,
688,688,,,0.39441925287246704,0.9063112139701843,1.1875269412994385,0.9597591757774353,0.8336312770843506
688,688,0.055115338414907455,,,,,,
689,689,,,0.39369475841522217,0.9064114689826965,1.1887286901474,0.9602572917938232,0.8336312770843506
689,689,0.05509214848279953,,,,,,
690,690,,,0.3944721817970276,0.9066578149795532,1.1875238418579102,0.9601028561592102,0.8336312770843506
690,690,0.055070310831069946,,,,,,
691,691,,,0.3937258720397949,0.9067522287368774,1.1887506246566772,0.960599958896637,0.8336312770843506
691,691,0.05503658577799797,,,,,,
692,692,,,0.39401763677597046,0.9069513082504272,1.1883176565170288,0.9606517553329468,0.8336312770843506
692,692,0.05499352514743805,,,,,,
693,693,,,0.3940469026565552,0.9071283936500549,1.1883118152618408,0.9608257412910461,0.8336312770843506
693,693,0.0549541637301445,,,,,,
694,694,,,0.3935384452342987,0.9072543978691101,1.1891664266586304,0.9612341523170471,0.8336312770843506
694,694,0.05492470785975456,,,,,,
695,695,,,0.3941350281238556,0.9074846506118774,1.1882474422454834,0.96115642786026,0.8336312770843506
695,695,0.054899636656045914,,,,,,
696,696,,,0.3934420645236969,0.9075892567634583,1.1893922090530396,0.9616382718086243,0.8336312770843506
696,696,0.054870132356882095,,,,,,
697,697,,,0.39383193850517273,0.9077993631362915,1.1888047456741333,0.9616504311561584,0.8336312770843506
697,697,0.05483372136950493,,,,,,
698,698,,,0.393645703792572,0.9079532623291016,1.1891417503356934,0.9619147777557373,0.8336312770843506
698,698,0.054795749485492706,,,,,,
699,699,,0.05476194620132446,,,,,
699,699,,,0.39340999722480774,0.9081034660339355,1.189557433128357,0.9622012376785278,0.8336312770843506
699,699,0.05476194620132446,,,,,,
700,700,,,0.3937790095806122,0.9083104133605957,1.1890031099319458,0.9622213840484619,0.8336312770843506
700,700,0.05473294481635094,,,,,,
701,701,,,0.3931916356086731,0.9084283113479614,1.1899826526641846,0.9626635313034058,0.8336312770843506
701,701,0.054704710841178894,,,,,,
702,702,,,0.39363065361976624,0.9086442589759827,1.1893177032470703,0.9626559615135193,0.8336312770843506
702,702,0.05467339977622032,,,,,,
703,703,,,0.39324188232421875,0.9087797999382019,1.1899781227111816,0.9630094170570374,0.8336312770843506
703,703,0.05463891848921776,,,,,,
704,704,,,0.393299400806427,0.9089575409889221,1.1899226903915405,0.963166356086731,0.8336312770843506
704,704,0.05460400879383087,,,,,,
705,705,,,0.3933715522289276,0.9091370701789856,1.1898459196090698,0.9633187055587769,0.8336312770843506
705,705,0.05457128956913948,,,,,,
706,706,,,0.3930102288722992,0.9092780947685242,1.1904653310775757,0.9636653065681458,0.8336312770843506
706,706,0.054541055113077164,,,,,,
707,707,,,0.39336588978767395,0.9094861745834351,1.1899340152740479,0.9636942148208618,0.8336312770843506
707,707,0.054511431604623795,,,,,,
708,708,,,0.3928980231285095,0.9096167087554932,1.190722107887268,0.9640860557556152,0.8336312770843506
708,708,0.05448063462972641,,,,,,
709,709,,,0.39317458868026733,0.9098161458969116,1.1903151273727417,0.9641470313072205,0.8336312770843506
709,709,0.05444812774658203,,,,,,
710,710,,,0.3929353356361389,0.9099681973457336,1.1907389163970947,0.9644395709037781,0.8336312770843506
710,710,0.054414909332990646,,,,,,
711,711,,,0.39290207624435425,0.9101389646530151,1.190830945968628,0.9646396040916443,0.8336312770843506
711,711,0.054382260888814926,,,,,,
712,712,,,0.3929908275604248,0.9103201627731323,1.1907271146774292,0.964784562587738,0.8336312770843506
712,712,0.0543508380651474,,,,,,
713,713,,,0.39267823100090027,0.9104654788970947,1.1912676095962524,0.9651094675064087,0.8336312770843506
713,713,0.05432033911347389,,,,,,
714,714,,,0.3929503262042999,0.9106646776199341,1.1908690929412842,0.9651733040809631,0.8336312770843506
714,714,0.054289937019348145,,,,,,
715,715,,,0.39256852865219116,0.9108055233955383,1.1915227174758911,0.9655324220657349,0.8336312770843506
715,715,0.05425897613167763,,,,,,
716,716,,,0.392795205116272,0.91100013256073,1.1911956071853638,0.9656152725219727,0.8336312770843506
716,716,0.05422729253768921,,,,,,
717,717,,,0.39255380630493164,0.9111524224281311,1.1916226148605347,0.965909481048584,0.8336312770843506
717,717,0.05419525131583214,,,,,,
718,718,,,0.39258214831352234,0.911329448223114,1.1916155815124512,0.9660826325416565,0.8336312770843506
718,718,0.054163359105587006,,,,,,
719,719,,,0.39256393909454346,0.9115021824836731,1.1916842460632324,0.9662772417068481,0.8336312770843506
719,719,0.05413190275430679,,,,,,
720,720,,,0.3923812806606293,0.9116604328155518,1.1920174360275269,0.9665464758872986,0.8336312770843506
720,720,0.054100945591926575,,,,,,
721,721,,,0.3925340473651886,0.9118475317955017,1.1918091773986816,0.9666617512702942,0.8336312770843506
721,721,0.05407027527689934,,,,,,
722,722,,,0.3922359347343445,0.911995530128479,1.1923285722732544,0.9669836163520813,0.8336312770843506
722,722,0.05403963476419449,,,,,,
723,723,,,0.39244189858436584,0.9121875166893005,1.19203519821167,0.9670753479003906,0.8336312770843506
723,723,0.05400881543755531,,,,,,
724,724,,,0.3921513855457306,0.9123359322547913,1.192542314529419,0.9673936367034912,0.8336312770843506
724,724,0.053977787494659424,,,,,,
725,725,,,0.39230120182037354,0.91252201795578,1.1923383474349976,0.9675092697143555,0.8336312770843506
725,725,0.05394657328724861,,,,,,
726,726,,,0.3921031355857849,0.9126787185668945,1.1926960945129395,0.9677855968475342,0.8336312770843506
726,726,0.05391531065106392,,,,,,
727,727,,,0.3921389877796173,0.912855863571167,1.1926765441894531,0.967954695224762,0.8336312770843506
727,727,0.05388413369655609,,,,,,
728,728,,,0.3920615613460541,0.9130235314369202,1.1928398609161377,0.9681763052940369,0.8336312770843506
728,728,0.05385308712720871,,,,,,
729,729,,,0.3919801414012909,0.9131900668144226,1.1930087804794312,0.9683985114097595,0.8336312770843506
729,729,0.05382220074534416,,,,,,
730,730,,,0.3920089304447174,0.9133663177490234,1.1929999589920044,0.9685701131820679,0.8336312770843506
730,730,0.05379144847393036,,,,,,
731,731,,,0.3918384611606598,0.9135258793830872,1.1933135986328125,0.9688347578048706,0.8336312770843506
731,731,0.053760796785354614,,,,,,
732,732,,,0.3919399380683899,0.9137076139450073,1.1931871175765991,0.9689720869064331,0.8336312770843506
732,732,0.053730227053165436,,,,,,
733,733,,,0.3917136490345001,0.913862407207489,1.1935904026031494,0.9692623615264893,0.8336312770843506
733,733,0.05369964987039566,,,,,,
734,734,,,0.3918560743331909,0.9140472412109375,1.1933969259262085,0.969379723072052,0.8336312770843506
734,734,0.053669072687625885,,,,,,
735,735,,,0.3915995955467224,0.9142001271247864,1.1938494443893433,0.9696850180625916,0.8336312770843506
735,735,0.05363850295543671,,,,,,
736,736,,,0.39176464080810547,0.9143869876861572,1.1936193704605103,0.9697920083999634,0.8336312770843506
736,736,0.05360794439911842,,,,,,
737,737,,,0.39149007201194763,0.9145382046699524,1.1941008567810059,0.9701055288314819,0.8336312770843506
737,737,0.05357737839221954,,,,,,
738,738,,,0.3916737139225006,0.9147261381149292,1.1938400268554688,0.9702029228210449,0.8336312770843506
738,738,0.05354686453938484,,,,,,
739,739,,,0.39137837290763855,0.9148759245872498,1.1943556070327759,0.9705269932746887,0.8336312770843506
739,739,0.05351636931300163,,,,,,
740,740,,,0.391589492559433,0.9150662422180176,1.1940499544143677,0.9706113934516907,0.8336312770843506
740,740,0.0534859225153923,,,,,,
741,741,,,0.3912562131881714,0.9152133464813232,1.194627046585083,0.9709538221359253,0.8336312770843506
741,741,0.05345558002591133,,,,,,
742,742,,,0.39151981472969055,0.9154071807861328,1.1942356824874878,0.97101229429245,0.8336312770843506
742,742,0.05342531204223633,,,,,,
743,743,,,0.3911144435405731,0.9155489802360535,1.1949303150177002,0.9713900685310364,0.8336312770843506
743,743,0.053395211696624756,,,,,,
744,744,,,0.39147791266441345,0.9157500863075256,1.194377064704895,0.9714004397392273,0.8336312770843506
744,744,0.053365323692560196,,,,,,
745,745,,,0.3909379839897156,0.9158816933631897,1.1952903270721436,0.9718430638313293,0.8336312770843506
745,745,0.053335774689912796,,,,,,
746,746,,,0.3914850950241089,0.9160961508750916,1.1944385766983032,0.9717646837234497,0.8336312770843506
746,746,0.053306784480810165,,,,,,
747,747,,,0.3906978666782379,0.9162092804908752,1.1957545280456543,0.972327470779419,0.8336312770843506
747,747,0.053278736770153046,,,,,,
748,748,,,0.39158210158348083,0.9164487719535828,1.1943559646606445,0.9720869660377502,0.8336312770843506
748,748,0.05325215309858322,,,,,,
749,749,,0.05322851240634918,,,,,
749,749,,,0.3903394341468811,0.9165278673171997,1.196414828300476,0.9728719592094421,0.8336312770843506
749,749,0.05322851240634918,,,,,,
750,750,,,0.3918530344963074,0.9168125987052917,1.193995714187622,0.9723278880119324,0.8336312770843506
750,750,0.05320947617292404,,,,,,
751,751,,,0.3897556662559509,0.9168278574943542,1.1974520683288574,0.9735327959060669,0.8336312770843506
751,751,0.05320029705762863,,,,,,
752,752,,,0.3924730718135834,0.9171980619430542,1.1930887699127197,0.9724129438400269,0.8336312770843506
752,752,0.05320633202791214,,,,,,
753,753,,,0.3887416422367096,0.9170892238616943,1.199225902557373,0.9744266271591187,0.8336312770843506
753,753,0.05324869602918625,,,,,,
754,754,,,0.393802285194397,0.9176234006881714,1.191106915473938,0.9722065329551697,0.8336312770843506
754,754,0.053341999650001526,,,,,,
755,755,,,0.3869713842868805,0.9172660708427429,1.2023524045944214,0.9757625460624695,0.8336312770843506
755,755,0.05357685312628746,,,,,,
756,756,,,0.39647549390792847,0.9181147813796997,1.1872321367263794,0.9715551733970642,0.8336312770843506
756,756,0.05396043136715889,,,,,,
757,757,,,0.3843027353286743,0.9172645211219788,1.2072598934173584,0.9776945114135742,0.8336312770843506
757,757,0.05487535893917084,,,,,,
758,758,,,0.4007319211959839,0.918647825717926,1.1815361976623535,0.9706716537475586,0.8336312770843506
758,758,0.05592571943998337,,,,,,
759,759,,,0.3821887969970703,0.9170287251472473,1.2115024328231812,0.9792899489402771,0.8336312770843506
759,759,0.05841910094022751,,,,,,
760,760,,,0.40277478098869324,0.9188719987869263,1.179386854171753,0.9706533551216125,0.8336312770843506
760,760,0.059162985533475876,,,,,,
761,761,,,0.3839103877544403,0.9170547127723694,1.2085853815078735,0.9782316088676453,0.8336312770843506
761,761,0.061360135674476624,,,,,,
762,762,,,0.39633676409721375,0.9184140563011169,1.1885795593261719,0.9727095365524292,0.8336312770843506
762,762,0.059030681848526,,,,,,
763,763,,,0.3893953263759613,0.9180550575256348,1.1986677646636963,0.9753096699714661,0.8336312770843506
763,763,0.05737750604748726,,,,,,
764,764,,,0.38816124200820923,0.9181715846061707,1.200661301612854,0.9760963916778564,0.8336312770843506
764,764,0.055448587983846664,,,,,,
765,765,,,0.3944905698299408,0.919077455997467,1.1901545524597168,0.9732818007469177,0.8336312770843506
765,765,0.0543891116976738,,,,,,
766,766,,,0.38562867045402527,0.9180980920791626,1.2045236825942993,0.9772740602493286,0.8336312770843506
766,766,0.054085660725831985,,,,,,
767,767,,,0.39542752504348755,0.9191200733184814,1.189387321472168,0.9733602404594421,0.8336312770843506
767,767,0.05406106263399124,,,,,,
768,768,,,0.3880876302719116,0.9182430505752563,1.20085871219635,0.9762595295906067,0.8336312770843506
768,768,0.05464785546064377,,,,,,
769,769,,,0.3917824923992157,0.9188026189804077,1.1954935789108276,0.975183367729187,0.8336312770843506
769,769,0.055041827261447906,,,,,,
770,770,,,0.3906797468662262,0.9190590977668762,1.1967308521270752,0.975623607635498,0.8336312770843506
770,770,0.05522225797176361,,,,,,
771,771,,,0.388482928276062,0.9188926815986633,1.200177788734436,0.9766035079956055,0.8336312770843506
771,771,0.054752983152866364,,,,,,
772,772,,,0.3914392292499542,0.919575572013855,1.1953305006027222,0.9755568504333496,0.8336312770843506
772,772,0.05380534008145332,,,,,,
773,773,,,0.3887190818786621,0.9190592765808105,1.1995295286178589,0.976431667804718,0.8336312770843506
773,773,0.052998464554548264,,,,,,
774,774,,,0.39125946164131165,0.9195975661277771,1.1961156129837036,0.9760327339172363,0.8336312770843506
774,774,0.05283968895673752,,,,,,
775,775,,,0.3899115324020386,0.9195737838745117,1.1980847120285034,0.976595938205719,0.8336312770843506
775,775,0.05329083651304245,,,,,,
776,776,,,0.3904602527618408,0.9198689460754395,1.1974189281463623,0.9767256379127502,0.8336312770843506
776,776,0.05378752946853638,,,,,,
777,777,,,0.3894389569759369,0.9204077124595642,1.198911428451538,0.9776642322540283,0.8336312770843506
777,777,0.05385052412748337,,,,,,
778,778,,,0.3901609778404236,0.9204491972923279,1.197500228881836,0.9771285653114319,0.8336312770843506
778,778,0.053439248353242874,,,,,,
779,779,,,0.3889215588569641,0.9208074808120728,1.1997729539871216,0.9783336520195007,0.8336312770843506
779,779,0.05288899317383766,,,,,,
780,780,,,0.39050379395484924,0.9207505583763123,1.1970034837722778,0.9772583842277527,0.8336312770843506
780,780,0.05254524201154709,,,,,,
781,781,,,0.38955679535865784,0.9208261966705322,1.1988685131072998,0.9780895113945007,0.8336312770843506
781,781,0.052528221160173416,,,,,,
782,782,,,0.3897629678249359,0.9211563467979431,1.1985276937484741,0.9782730340957642,0.8336312770843506
782,782,0.05270162597298622,,,,,,
783,783,,,0.39046064019203186,0.9212760925292969,1.1973389387130737,0.9779559969902039,0.8336312770843506
783,783,0.052854299545288086,,,,,,
784,784,,,0.38814577460289,0.9217029809951782,1.2012351751327515,0.9797345399856567,0.8336312770843506
784,784,0.05286168307065964,,,,,,
785,785,,,0.39106836915016174,0.9219117164611816,1.1962716579437256,0.9781451225280762,0.8336312770843506
785,785,0.052723076194524765,,,,,,
786,786,,,0.3876659572124481,0.9219927191734314,1.202022671699524,0.9802753925323486,0.8336312770843506
786,786,0.05252930149435997,,,,,,
787,787,,,0.39098936319351196,0.9223474264144897,1.1965835094451904,0.978721022605896,0.8336312770843506
787,787,0.05235019326210022,,,,,,
788,788,,,0.3886185586452484,0.9221817851066589,1.2004156112670898,0.9798714518547058,0.8336312770843506
788,788,0.05227202549576759,,,,,,
789,789,,,0.3896176815032959,0.9227123260498047,1.1989768743515015,0.9799349308013916,0.8336312770843506
789,789,0.05226217582821846,,,,,,
790,790,,,0.38981255888938904,0.9226961731910706,1.19847571849823,0.9796779155731201,0.8336312770843506
790,790,0.0522773303091526,,,,,,
791,791,,,0.38789495825767517,0.9230086803436279,1.2018200159072876,0.9812018871307373,0.8336312770843506
791,791,0.052268270403146744,,,,,,
792,792,,,0.39069727063179016,0.923201322555542,1.1971405744552612,0.9797254800796509,0.8336312770843506
792,792,0.052223384380340576,,,,,,
793,793,,,0.3872819244861603,0.9230713844299316,1.2027802467346191,0.9815783500671387,0.8336312770843506
793,793,0.05217280611395836,,,,,,
794,794,,,0.39096203446388245,0.923573911190033,1.1969587802886963,0.980101466178894,0.8336312770843506
794,794,0.05212836712598801,,,,,,
795,795,,,0.3876625597476959,0.9232712388038635,1.2021390199661255,0.9815307855606079,0.8336312770843506
795,795,0.052118632942438126,,,,,,
796,796,,,0.39010679721832275,0.9239347577095032,1.1984273195266724,0.9809635877609253,0.8336312770843506
796,796,0.05208504572510719,,,,,,
797,797,,,0.3882693648338318,0.9237860441207886,1.2011476755142212,0.9816591143608093,0.8336312770843506
797,797,0.052022919058799744,,,,,,
798,798,,,0.38883158564567566,0.9242337942123413,1.2004411220550537,0.9819061756134033,0.8336312770843506
798,798,0.051928095519542694,,,,,,
799,799,,0.051836833357810974,,,,,
799,799,,,0.3890271782875061,0.9243077039718628,1.200031042098999,0.9817977547645569,0.8336312770843506
799,799,0.051836833357810974,,,,,,
800,800,,,0.38808220624923706,0.9243285655975342,1.2015966176986694,0.9823678731918335,0.8336312770843506
800,800,0.05178120359778404,,,,,,
801,801,,,0.3897031843662262,0.9246923327445984,1.1991244554519653,0.9819140434265137,0.8336312770843506
801,801,0.05177280306816101,,,,,,
802,802,,,0.3876798152923584,0.9245147705078125,1.2022613286972046,0.9827730059623718,0.8336312770843506
802,802,0.051793500781059265,,,,,,
803,803,,,0.3897993564605713,0.9250733256340027,1.1990572214126587,0.982275664806366,0.8336312770843506
803,803,0.051805999130010605,,,,,,
804,804,,,0.38735127449035645,0.924890398979187,1.2028244733810425,0.9833247065544128,0.8336312770843506
804,804,0.05179264768958092,,,,,,
805,805,,,0.3896181583404541,0.9253804087638855,1.1993293762207031,0.9826427102088928,0.8336312770843506
805,805,0.05175012722611427,,,,,,
806,806,,,0.3873116672039032,0.9252874255180359,1.2030032873153687,0.9837956428527832,0.8336312770843506
806,806,0.051703792065382004,,,,,,
807,807,,,0.38957417011260986,0.9255854487419128,1.1993964910507202,0.9828527569770813,0.8336312770843506
807,807,0.051663853228092194,,,,,,
808,808,,,0.387389212846756,0.9256410598754883,1.2030003070831299,0.9841670393943787,0.8336312770843506
808,808,0.05164449289441109,,,,,,
809,809,,,0.38946130871772766,0.925866425037384,1.1996031999588013,0.983191192150116,0.8336312770843506
809,809,0.05163044482469559,,,,,,
810,810,,,0.3872472643852234,0.9260225296020508,1.2033002376556396,0.9846488237380981,0.8336312770843506
810,810,0.05161580443382263,,,,,,
811,811,,,0.38930952548980713,0.9262382388114929,1.1999051570892334,0.9836583733558655,0.8336312770843506
811,811,0.05158711224794388,,,,,,
812,812,,,0.3870210647583008,0.9263012409210205,1.2036833763122559,0.9850444793701172,0.8336312770843506
812,812,0.051554013043642044,,,,,,
813,813,,,0.389443576335907,0.9265775084495544,1.1998090744018555,0.9839847087860107,0.8336312770843506
813,813,0.05151781067252159,,,,,,
814,814,,,0.3867640793323517,0.9264973402023315,1.2041370868682861,0.9853968024253845,0.8336312770843506
814,814,0.05149606242775917,,,,,,
815,815,,,0.3897795081138611,0.9269294738769531,1.1993980407714844,0.9842198491096497,0.8336312770843506
815,815,0.051485124975442886,,,,,,
816,816,,,0.38622626662254333,0.926746129989624,1.2050533294677734,0.9859617948532104,0.8336312770843506
816,816,0.051499173045158386,,,,,,
817,817,,,0.39023810625076294,0.9273389577865601,1.1987605094909668,0.9844205975532532,0.8336312770843506
817,817,0.05152096226811409,,,,,,
818,818,,,0.3854059875011444,0.927030622959137,1.2064785957336426,0.9867582321166992,0.8336312770843506
818,818,0.0515831895172596,,,,,,
819,819,,,0.3911312222480774,0.9277000427246094,1.1974438428878784,0.9843568205833435,0.8336312770843506
819,819,0.051655855029821396,,,,,,
820,820,,,0.38435348868370056,0.9272281527519226,1.2083559036254883,0.9876645803451538,0.8336312770843506
820,820,0.05183219164609909,,,,,,
821,821,,,0.39263516664505005,0.9280266165733337,1.1952595710754395,0.9840188026428223,0.8336312770843506
821,821,0.05202599987387657,,,,,,
822,822,,,0.3829044997692108,0.9273684620857239,1.21098792552948,0.9888324737548828,0.8336312770843506
822,822,0.05248646065592766,,,,,,
823,823,,,0.3946892023086548,0.9283846616744995,1.192393183708191,0.9835710525512695,0.8336312770843506
823,823,0.052900828421115875,,,,,,
824,824,,,0.3812571167945862,0.9274277091026306,1.2140777111053467,0.9901484251022339,0.8336312770843506
824,824,0.05392435938119888,,,,,,
825,825,,,0.39690443873405457,0.9286946058273315,1.189530849456787,0.983195960521698,0.8336312770843506
825,825,0.05450638383626938,,,,,,
826,826,,,0.3803827464580536,0.9273909330368042,1.2158915996551514,0.9909162521362305,0.8336312770843506
826,826,0.05615566670894623,,,,,,
827,827,,,0.3973459303379059,0.9287946224212646,1.189250111579895,0.9833665490150452,0.8336312770843506
827,827,0.05619507282972336,,,,,,
828,828,,,0.3814266324043274,0.927513062953949,1.2140593528747559,0.9903171062469482,0.8336312770843506
828,828,0.05725603178143501,,,,,,
829,829,,,0.39390304684638977,0.9286957383155823,1.194201111793518,0.9846686124801636,0.8336312770843506
829,829,0.05591389909386635,,,,,,
830,830,,,0.3844054937362671,0.9280677437782288,1.208511233329773,0.9885847568511963,0.8336312770843506
830,830,0.05502554774284363,,,,,,
831,831,,,0.3886379301548004,0.9285857677459717,1.201761245727539,0.9867549538612366,0.8336312770843506
831,831,0.05334087088704109,,,,,,
832,832,,,0.38817018270492554,0.928717315196991,1.201978325843811,0.9867436289787292,0.8336312770843506
832,832,0.05208481475710869,,,,,,
833,833,,,0.38495856523513794,0.9284570217132568,1.2073290348052979,0.9884198307991028,0.8336312770843506
833,833,0.05133969336748123,,,,,,
834,834,,,0.3911527097225189,0.9290922284126282,1.1975972652435303,0.9857667684555054,0.8336312770843506
834,834,0.051199428737163544,,,,,,
835,835,,,0.38369834423065186,0.9283936619758606,1.2095329761505127,0.9891989827156067,0.8336312770843506
835,835,0.05158758535981178,,,,,,
836,836,,,0.39171838760375977,0.9293113946914673,1.197301983833313,0.9861094951629639,0.8336312770843506
836,836,0.05206689238548279,,,,,,
837,837,,,0.38408592343330383,0.9287089109420776,1.2091087102890015,0.9894174933433533,0.8336312770843506
837,837,0.05260911211371422,,,,,,
838,838,,,0.3900347948074341,0.9294889569282532,1.2000360488891602,0.987204909324646,0.8336312770843506
838,838,0.052640531212091446,,,,,,
839,839,,,0.3854464292526245,0.9292349219322205,1.2068158388137817,0.9890639185905457,0.8336312770843506
839,839,0.05241994187235832,,,,,,
840,840,,,0.3879229426383972,0.9295917749404907,1.2030398845672607,0.9881711006164551,0.8336312770843506
840,840,0.05183976888656616,,,,,,
841,841,,,0.3871898353099823,0.9297735691070557,1.2039951086044312,0.9885806441307068,0.8336312770843506
841,841,0.051227375864982605,,,,,,
842,842,,,0.38634517788887024,0.9297474026679993,1.2053136825561523,0.9889954924583435,0.8336312770843506
842,842,0.050784360617399216,,,,,,
843,843,,,0.38848215341567993,0.9303434491157532,1.2022287845611572,0.988622784614563,0.8336312770843506
843,843,0.05064711347222328,,,,,,
844,844,,,0.3853164315223694,0.9301023483276367,1.2070585489273071,0.9899630546569824,0.8336312770843506
844,844,0.05078830197453499,,,,,,
845,845,,,0.38905006647109985,0.9308354258537292,1.201634168624878,0.988998532295227,0.8336312770843506
845,845,0.05105241760611534,,,,,,
846,846,,,0.38487017154693604,0.9304769039154053,1.2079436779022217,0.9906817674636841,0.8336312770843506
846,846,0.05128934979438782,,,,,,
847,847,,,0.38915637135505676,0.9311065673828125,1.2014780044555664,0.9892021417617798,0.8336312770843506
847,847,0.05133667215704918,,,,,,
848,848,,,0.38494017720222473,0.9308546781539917,1.2079225778579712,0.9910590052604675,0.8336312770843506
848,848,0.051232606172561646,,,,,,
849,849,,0.0509779155254364,,,,,
849,849,,,0.3887413442134857,0.9313345551490784,1.2019336223602295,0.9894865155220032,0.8336312770843506
849,849,0.0509779155254364,,,,,,
850,850,,,0.38530880212783813,0.9313700199127197,1.2074239253997803,0.9913986325263977,0.8336312770843506
850,850,0.05073123797774315,,,,,,
851,851,,,0.3878296911716461,0.9316570162773132,1.2032356262207031,0.990166962146759,0.8336312770843506
851,851,0.05052897706627846,,,,,,
852,852,,,0.38598954677581787,0.9319305419921875,1.2064939737319946,0.9916582107543945,0.8336312770843506
852,852,0.050430066883563995,,,,,,
853,853,,,0.38680651783943176,0.9319608807563782,1.2048943042755127,0.991023600101471,0.8336312770843506
853,853,0.05040130391716957,,,,,,
854,854,,,0.38693973422050476,0.9323581457138062,1.2050913572311401,0.9916182160377502,0.8336312770843506
854,854,0.05040723457932472,,,,,,
855,855,,,0.3858034908771515,0.9322316646575928,1.2066150903701782,0.9919110536575317,0.8336312770843506
855,855,0.050411321222782135,,,,,,
856,856,,,0.3878042995929718,0.9327210187911987,1.2037160396575928,0.9914875030517578,0.8336312770843506
856,856,0.050399500876665115,,,,,,
857,857,,,0.3848305344581604,0.9325512051582336,1.208304762840271,0.9928428530693054,0.8336312770843506
857,857,0.05037997290492058,,,,,,
858,858,,,0.38841214776039124,0.9330588579177856,1.2026900053024292,0.9914307594299316,0.8336312770843506
858,858,0.0503593273460865,,,,,,
859,859,,,0.3841235041618347,0.932881772518158,1.2095897197723389,0.9936550855636597,0.8336312770843506
859,859,0.05036630108952522,,,,,,
860,860,,,0.38884037733078003,0.9333510994911194,1.2019904851913452,0.9914590716362,0.8336312770843506
860,860,0.05036912485957146,,,,,,
861,861,,,0.38376227021217346,0.9331931471824646,1.2102954387664795,0.994239091873169,0.8336312770843506
861,861,0.05040794610977173,,,,,,
862,862,,,0.3889920115470886,0.9336549639701843,1.201762080192566,0.9916692972183228,0.8336312770843506
862,862,0.05040251091122627,,,,,,
863,863,,,0.38357824087142944,0.9335451722145081,1.2106430530548096,0.9947076439857483,0.8336312770843506
863,863,0.050424642860889435,,,,,,
864,864,,,0.3888542652130127,0.9339976906776428,1.2020034790039062,0.9920774698257446,0.8336312770843506
864,864,0.05037928372621536,,,,,,
865,865,,,0.3835008144378662,0.9338805079460144,1.210756540298462,0.9950546026229858,0.8336312770843506
865,865,0.050370197743177414,,,,,,
866,866,,,0.3886917531490326,0.9343050122261047,1.2023191452026367,0.9924916625022888,0.8336312770843506
866,866,0.050310131162405014,,,,,,
867,867,,,0.38347405195236206,0.9341480135917664,1.2107874155044556,0.9953092932701111,0.8336312770843506
867,867,0.05030536279082298,,,,,,
868,868,,,0.38865602016448975,0.9345875978469849,1.2024669647216797,0.9928395748138428,0.8336312770843506
868,868,0.050271570682525635,,,,,,
869,869,,,0.3832962214946747,0.9344069361686707,1.2110826969146729,0.9956573247909546,0.8336312770843506
869,869,0.05030420050024986,,,,,,
870,870,,,0.3887946605682373,0.9349101781845093,1.2023447751998901,0.9931366443634033,0.8336312770843506
870,870,0.05031253397464752,,,,,,
871,871,,,0.38285359740257263,0.9346820116043091,1.2118453979492188,0.9962010383605957,0.8336312770843506
871,871,0.05039818957448006,,,,,,
872,872,,,0.3892812430858612,0.9352455735206604,1.2016823291778564,0.9932692646980286,0.8336312770843506
872,872,0.05045122280716896,,,,,,
873,873,,,0.38215112686157227,0.9349167346954346,1.2130842208862305,0.9968987107276917,0.8336312770843506
873,873,0.05061778426170349,,,,,,
874,874,,,0.39021310210227966,0.9355684518814087,1.2003508806228638,0.9931825399398804,0.8336312770843506
874,874,0.05072815716266632,,,,,,
875,875,,,0.38116708397865295,0.9351105093955994,1.2148398160934448,0.9977685213088989,0.8336312770843506
875,875,0.051041584461927414,,,,,,
876,876,,,0.39148661494255066,0.9358860850334167,1.1985282897949219,0.9929507374763489,0.8336312770843506
876,876,0.051220785826444626,,,,,,
877,877,,,0.3800331652164459,0.9352636337280273,1.2168865203857422,0.9987270832061768,0.8336312770843506
877,877,0.05176999419927597,,,,,,
878,878,,,0.39283430576324463,0.9361574649810791,1.196640968322754,0.9926803708076477,0.8336312770843506
878,878,0.0519547164440155,,,,,,
879,879,,,0.3792033791542053,0.9353641271591187,1.2184170484542847,0.9994451403617859,0.8336312770843506
879,879,0.052729856222867966,,,,,,
880,880,,,0.39348718523979187,0.936322808265686,1.1957685947418213,0.9926131367683411,0.8336312770843506
880,880,0.0526590533554554,,,,,,
881,881,,,0.3792795240879059,0.9355021715164185,1.2182880640029907,0.9995245933532715,0.8336312770843506
881,881,0.053286243230104446,,,,,,
882,882,,,0.392344206571579,0.9363884329795837,1.197412133216858,0.9931464791297913,0.8336312770843506
882,882,0.05263148248195648,,,,,,
883,883,,,0.3806106150150299,0.9358183741569519,1.2158745527267456,0.9988492727279663,0.8336312770843506
883,883,0.05253126099705696,,,,,,
884,884,,,0.38942036032676697,0.9363970160484314,1.201655626296997,0.9944080710411072,0.8336312770843506
884,884,0.05153564363718033,,,,,,
885,885,,,0.38298848271369934,0.9362906217575073,1.2117615938186646,0.9977185130119324,0.8336312770843506
885,885,0.050910189747810364,,,,,,
886,886,,,0.3860752582550049,0.9363777041435242,1.2067373991012573,0.9960200190544128,0.8336312770843506
886,886,0.050237659364938736,,,,,,
887,887,,,0.38576558232307434,0.9367923140525818,1.2073063850402832,0.996630847454071,0.8336312770843506
887,887,0.04986542835831642,,,,,,
888,888,,,0.3833860456943512,0.936353862285614,1.21103036403656,0.9974848031997681,0.8336312770843506
888,888,0.04975568503141403,,,,,,
889,889,,,0.38818493485450745,0.9373264312744141,1.2037956714630127,0.9960638284683228,0.8336312770843506
889,889,0.04988936707377434,,,,,,
890,890,,,0.3816431760787964,0.9364132285118103,1.2139439582824707,0.9986124634742737,0.8336312770843506
890,890,0.05023561790585518,,,,,,
891,891,,,0.38974761962890625,0.9379541277885437,1.2019106149673462,0.9962486028671265,0.8336312770843506
891,891,0.050679415464401245,,,,,,
892,892,,,0.38090547919273376,0.9366008043289185,1.215312123298645,0.9993433952331543,0.8336312770843506
892,892,0.051358357071876526,,,,,,
893,893,,,0.39039888978004456,0.9386734366416931,1.2016370296478271,0.997127115726471,0.8336312770843506
893,893,0.05198216810822487,,,,,,
894,894,,,0.38112860918045044,0.936924397945404,1.2151925563812256,0.9996929168701172,0.8336312770843506
894,894,0.052908651530742645,,,,,,
895,895,,,0.3901483714580536,0.9393463730812073,1.2026673555374146,0.9983489513397217,0.8336312770843506
895,895,0.0536036379635334,,,,,,
896,896,,,0.38191869854927063,0.9373467564582825,1.2140167951583862,0.9997039437294006,0.8336312770843506
896,896,0.054266687482595444,,,,,,
897,897,,,0.3888040781021118,0.9395228028297424,1.2045589685440063,0.9990546703338623,0.8336312770843506
897,897,0.0541570708155632,,,,,,
898,898,,,0.38279247283935547,0.9377452731132507,1.2123287916183472,0.9993700981140137,0.8336312770843506
898,898,0.05330701544880867,,,,,,
899,899,,0.05168173462152481,,,,,
899,899,,,0.38669484853744507,0.9390120506286621,1.2067532539367676,0.9988710880279541,0.8336312770843506
899,899,0.05168173462152481,,,,,,
900,900,,,0.38396817445755005,0.9383724331855774,1.2105144262313843,0.9993454813957214,0.8336312770843506
900,900,0.050043459981679916,,,,,,
901,901,,,0.38490915298461914,0.9385920166969299,1.2089368104934692,0.998973548412323,0.8336312770843506
901,901,0.04908178374171257,,,,,,
902,902,,,0.3855718970298767,0.9393571615219116,1.20878005027771,0.9999817609786987,0.8336312770843506
902,902,0.049085017293691635,,,,,,
903,903,,,0.3836577236652374,0.9386858344078064,1.2110462188720703,0.9998372197151184,0.8336312770843506
903,903,0.04973682761192322,,,,,,
904,904,,,0.3868524432182312,0.9400861263275146,1.2071768045425415,1.000281572341919,0.8336312770843506
904,904,0.050425589084625244,,,,,,
905,905,,,0.3824964165687561,0.9390097260475159,1.2129849195480347,1.0008505582809448,0.8336312770843506
905,905,0.050663117319345474,,,,,,
906,906,,,0.38744598627090454,0.940190851688385,1.205734133720398,0.9996932148933411,0.8336312770843506
906,906,0.05031193792819977,,,,,,
907,907,,,0.3815939128398895,0.939507007598877,1.2145975828170776,1.0019484758377075,0.8336312770843506
907,907,0.04972588270902634,,,,,,
908,908,,,0.38780272006988525,0.9401217103004456,1.2046343088150024,0.9990472793579102,0.8336312770843506
908,908,0.049283716827631,,,,,,
909,909,,,0.3812136948108673,0.9401808381080627,1.2157436609268188,1.0031895637512207,0.8336312770843506
909,909,0.04934341087937355,,,,,,
910,910,,,0.388104110956192,0.9402698874473572,1.2040660381317139,0.9989584684371948,0.8336312770843506
910,910,0.04964905604720116,,,,,,
911,911,,,0.38100165128707886,0.9406587481498718,1.2163383960723877,1.003944993019104,0.8336312770843506
911,911,0.05007828399538994,,,,,,
912,912,,,0.38813653588294983,0.9405710697174072,1.2040355205535889,0.9992380142211914,0.8336312770843506
912,912,0.05011966452002525,,,,,,
913,913,,,0.38071542978286743,0.9407587051391602,1.2164576053619385,1.003951907157898,0.8336312770843506
913,913,0.0499880388379097,,,,,,
914,914,,,0.38804206252098083,0.9410203099250793,1.2043750286102295,0.9998471736907959,0.8336312770843506
914,914,0.049580901861190796,,,,,,
915,915,,,0.3805018961429596,0.9407722353935242,1.2164450883865356,1.003825306892395,0.8336312770843506
915,915,0.049425818026065826,,,,,,
916,916,,,0.38812288641929626,0.9415665864944458,1.2046934366226196,1.000640869140625,0.8336312770843506
916,916,0.04938425496220589,,,,,,
917,917,,,0.3803150951862335,0.9409322142601013,1.216696858406067,1.0040467977523804,0.8336312770843506
917,917,0.04968757554888725,,,,,,
918,918,,,0.38836947083473206,0.9419646263122559,1.2045931816101074,1.0010937452316284,0.8336312770843506
918,918,0.04989293962717056,,,,,,
919,919,,,0.37993645668029785,0.9412053823471069,1.217362880706787,1.0045628547668457,0.8336312770843506
919,919,0.05016234889626503,,,,,,
920,920,,,0.3886798322200775,0.9421095848083496,1.2039854526519775,1.0009793043136597,0.8336312770843506
920,920,0.05011086165904999,,,,,,
921,921,,,0.37940728664398193,0.9415678977966309,1.218334436416626,1.0052971839904785,0.8336312770843506
921,921,0.050196096301078796,,,,,,
922,922,,,0.3890656530857086,0.9421681761741638,1.2031316757202148,1.0006519556045532,0.8336312770843506
922,922,0.05007384717464447,,,,,,
923,923,,,0.37895461916923523,0.9419646263122559,1.2192902565002441,1.0060993432998657,0.8336312770843506
923,923,0.05033811926841736,,,,,,
924,924,,,0.38941362500190735,0.9422935843467712,1.2024840116500854,1.0005145072937012,0.8336312770843506
924,924,0.05034749209880829,,,,,,
925,925,,,0.3787292242050171,0.9422631859779358,1.2198060750961304,1.006623387336731,0.8336312770843506
925,925,0.050721608102321625,,,,,,
926,926,,,0.3893762230873108,0.9424995183944702,1.2025487422943115,1.000731348991394,0.8336312770843506
926,926,0.05056026205420494,,,,,,
927,927,,,0.3788416385650635,0.942419707775116,1.2195309400558472,1.0066349506378174,0.8336312770843506
927,927,0.05065671727061272,,,,,,
928,928,,,0.38869908452033997,0.9427828788757324,1.2036505937576294,1.001378059387207,0.8336312770843506
928,928,0.05016862601041794,,,,,,
929,929,,,0.3793941140174866,0.9425490498542786,1.2183984518051147,1.0062556266784668,0.8336312770843506
929,929,0.049963098019361496,,,,,,
930,930,,,0.3874847888946533,0.943114161491394,1.2056164741516113,1.002368688583374,0.8336312770843506
930,930,0.04943283274769783,,,,,,
931,931,,,0.3803292214870453,0.9427599310874939,1.2166885137557983,1.0057610273361206,0.8336312770843506
931,931,0.04917030781507492,,,,,,
932,932,,,0.3860398232936859,0.9434159994125366,1.2079155445098877,1.0034375190734863,0.8336312770843506
932,932,0.04880701005458832,,,,,,
933,933,,,0.381413996219635,0.9430696368217468,1.2148569822311401,1.0053640604019165,0.8336312770843506
933,933,0.04857702925801277,,,,,,
934,934,,,0.3846279978752136,0.9436392784118652,1.2100789546966553,1.004360318183899,0.8336312770843506
934,934,0.04832816869020462,,,,,,
935,935,,,0.38243556022644043,0.94346684217453,1.2132693529129028,1.005193829536438,0.8336312770843506
935,935,0.04812898114323616,,,,,,
936,936,,,0.3834187388420105,0.9438278675079346,1.2118998765945435,1.0051294565200806,0.8336312770843506
936,936,0.047964371740818024,,,,,,
937,937,,,0.38332173228263855,0.9439243078231812,1.2120274305343628,1.0052541494369507,0.8336312770843506
937,937,0.04785848408937454,,,,,,
938,938,,,0.38246360421180725,0.9440485835075378,1.213385820388794,1.0058425664901733,0.8336312770843506
938,938,0.047815240919589996,,,,,,
939,939,,,0.38409119844436646,0.9443956017494202,1.2110220193862915,1.0054314136505127,0.8336312770843506
939,939,0.047826137393713,,,,,,
940,940,,,0.38167446851730347,0.9443349242210388,1.214690923690796,1.006588339805603,0.8336312770843506
940,940,0.047873612493276596,,,,,,
941,941,,,0.38479962944984436,0.944834291934967,1.2100601196289062,1.0055742263793945,0.8336312770843506
941,941,0.047934241592884064,,,,,,
942,942,,,0.38089415431022644,0.9446786642074585,1.2160351276397705,1.0074243545532227,0.8336312770843506
942,942,0.04800683632493019,,,,,,
943,943,,,0.3855699896812439,0.9452250599861145,1.2089186906814575,1.005580186843872,0.8336312770843506
943,943,0.048070039600133896,,,,,,
944,944,,,0.3799765408039093,0.9450439810752869,1.2176411151885986,1.0083922147750854,0.8336312770843506
944,944,0.04817768558859825,,,,,,
945,945,,,0.38659870624542236,0.9455796480178833,1.2073442935943604,1.0053973197937012,0.8336312770843506
945,945,0.04828159883618355,,,,,,
946,946,,,0.3787955343723297,0.9453891515731812,1.2197284698486328,1.00954008102417,0.8336312770843506
946,946,0.048529159277677536,,,,,,
947,947,,,0.38810354471206665,0.9459227919578552,1.2050946950912476,1.005009651184082,0.8336312770843506
947,947,0.0487547405064106,,,,,,
948,948,,,0.37728679180145264,0.9456664323806763,1.2224229574203491,1.010880470275879,0.8336312770843506
948,948,0.049319468438625336,,,,,,
949,949,,0.049711477011442184,,,,,
949,949,,,0.39018791913986206,0.9462519884109497,1.2021070718765259,1.0044398307800293,0.8336312770843506
949,949,0.049711477011442184,,,,,,
950,950,,,0.37564632296562195,0.945824384689331,1.2253986597061157,1.012246012687683,0.8336312770843506
950,950,0.05082179605960846,,,,,,
951,951,,,0.39238789677619934,0.9465154409408569,1.1990957260131836,1.0038758516311646,0.8336312770843506
951,951,0.05119964852929115,,,,,,
952,952,,,0.3746064305305481,0.9458571076393127,1.2272937297821045,1.0130598545074463,0.8336312770843506
952,952,0.05282322317361832,,,,,,
953,953,,,0.3929871618747711,0.9466433525085449,1.1983410120010376,1.003825068473816,0.8336312770843506
953,953,0.052434735000133514,,,,,,
954,954,,,0.37521809339523315,0.945915699005127,1.2260620594024658,1.012567162513733,0.8336312770843506
954,954,0.0534687377512455,,,,,,
955,955,,,0.39015400409698486,0.9466539621353149,1.20228111743927,1.004923701286316,0.8336312770843506
955,955,0.05173281580209732,,,,,,
956,956,,,0.37784552574157715,0.9462128281593323,1.221189260482788,1.0108191967010498,0.8336312770843506
956,956,0.05102359876036644,,,,,,
957,957,,,0.3850938081741333,0.9466635584831238,1.20969557762146,1.0072085857391357,0.8336312770843506
957,957,0.04926774278283119,,,,,,
958,958,,,0.38181233406066895,0.9466299414634705,1.2144291400909424,1.0086376667022705,0.8336312770843506
958,958,0.04825575649738312,,,,,,
959,959,,,0.38053885102272034,0.9466396570205688,1.216945767402649,1.0097227096557617,0.8336312770843506
959,959,0.047737207263708115,,,,,,
960,960,,,0.38589784502983093,0.946954071521759,1.2081141471862793,1.0068204402923584,0.8336312770843506
960,960,0.04780174791812897,,,,,,
961,961,,,0.3776577115058899,0.9466113448143005,1.2218583822250366,1.0115755796432495,0.8336312770843506
961,961,0.04829933121800423,,,,,,
962,962,,,0.38841748237609863,0.9473075270652771,1.2045642137527466,1.0061211585998535,0.8336312770843506
962,962,0.04880422353744507,,,,,,
963,963,,,0.3766669034957886,0.9467983245849609,1.2235569953918457,1.0124112367630005,0.8336312770843506
963,963,0.04946627840399742,,,,,,
964,964,,,0.3880874514579773,0.9476853013038635,1.205193281173706,1.0067310333251953,0.8336312770843506
964,964,0.04928041622042656,,,,,,
965,965,,,0.3776562511920929,0.9471777081489563,1.2217540740966797,1.012030839920044,0.8336312770843506
965,965,0.04921797662973404,,,,,,
966,966,,,0.38551804423332214,0.9479868412017822,1.2091317176818848,1.0083037614822388,0.8336312770843506
966,966,0.04844464361667633,,,,,,
967,967,,,0.38009947538375854,0.9476106762886047,1.2175761461257935,1.0108343362808228,0.8336312770843506
967,967,0.0478975772857666,,,,,,
968,968,,,0.38237321376800537,0.9482516050338745,1.2141252756118774,1.0102849006652832,0.8336312770843506
968,968,0.047409407794475555,,,,,,
969,969,,,0.382854163646698,0.9481008052825928,1.213141679763794,1.0097143650054932,0.8336312770843506
969,969,0.04720966890454292,,,,,,
970,970,,,0.3798852860927582,0.948552668094635,1.2182517051696777,1.0120904445648193,0.8336312770843506
970,970,0.047255050390958786,,,,,,
971,971,,,0.38489237427711487,0.9485869407653809,1.2100318670272827,1.0091432332992554,0.8336312770843506
971,971,0.047445978969335556,,,,,,
972,972,,,0.37855568528175354,0.9488910436630249,1.2205257415771484,1.0132819414138794,0.8336312770843506
972,972,0.04770180210471153,,,,,,
973,973,,,0.38563334941864014,0.9490423202514648,1.2089831829071045,1.0092617273330688,0.8336312770843506
973,973,0.04781434312462807,,,,,,
974,974,,,0.3783525824546814,0.9492700099945068,1.2208436727523804,1.0137516260147095,0.8336312770843506
974,974,0.04791486635804176,,,,,,
975,975,,,0.3850238025188446,0.9494789242744446,1.2099744081497192,1.0100239515304565,0.8336312770843506
975,975,0.04774017632007599,,,,,,
976,976,,,0.3789975047111511,0.9496986269950867,1.2196898460388184,1.0136945247650146,0.8336312770843506
976,976,0.04759267345070839,,,,,,
977,977,,,0.38361668586730957,0.9498781561851501,1.2122067213058472,1.0111726522445679,0.8336312770843506
977,977,0.04730712249875069,,,,,,
978,978,,,0.38012126088142395,0.9501067996025085,1.217764973640442,1.013342022895813,0.8336312770843506
978,978,0.0470973365008831,,,,,,
979,979,,,0.3820800483226776,0.9502429962158203,1.2147177457809448,1.0124210119247437,0.8336312770843506
979,979,0.04691643267869949,,,,,,
980,980,,,0.38131237030029297,0.9505098462104797,1.2158039808273315,1.0130037069320679,0.8336312770843506
980,980,0.04682010039687157,,,,,,
981,981,,,0.3807525932788849,0.9506157040596008,1.2169500589370728,1.0136065483093262,0.8336312770843506
981,981,0.04679476469755173,,,,,,
982,982,,,0.38227182626724243,0.9509389400482178,1.2142761945724487,1.0128713846206665,0.8336312770843506
982,982,0.0468306839466095,,,,,,
983,983,,,0.37976008653640747,0.9510137438774109,1.2186826467514038,1.014656662940979,0.8336312770843506
983,983,0.046913448721170425,,,,,,
984,984,,,0.3829362392425537,0.9513620138168335,1.213260531425476,1.0129319429397583,0.8336312770843506
984,984,0.0470229908823967,,,,,,
985,985,,,0.37911316752433777,0.9513901472091675,1.219874620437622,1.0154998302459717,0.8336312770843506
985,985,0.047165125608444214,,,,,,
986,986,,,0.38332676887512207,0.9517711400985718,1.2127127647399902,1.0131560564041138,0.8336312770843506
986,986,0.047304943203926086,,,,,,
987,987,,,0.3787355422973633,0.9517551064491272,1.2206391096115112,1.016181230545044,0.8336312770843506
987,987,0.047486405819654465,,,,,,
988,988,,,0.3834470212459564,0.952177107334137,1.2126038074493408,1.0135341882705688,0.8336312770843506
988,988,0.04764522612094879,,,,,,
989,989,,,0.37858694791793823,0.9521155953407288,1.221031904220581,1.0167226791381836,0.8336312770843506
989,989,0.047858450561761856,,,,,,
990,990,,,0.3833203911781311,0.9525812864303589,1.212904930114746,1.0140602588653564,0.8336312770843506
990,990,0.04802962392568588,,,,,,
991,991,,,0.3787016272544861,0.9524587988853455,1.220973253250122,1.0170738697052002,0.8336312770843506
991,991,0.04824564978480339,,,,,,
992,992,,,0.3828958570957184,0.9529761075973511,1.2136757373809814,1.0147405862808228,0.8336312770843506
992,992,0.04838743433356285,,,,,,
993,993,,,0.3791244328022003,0.9528092741966248,1.2203344106674194,1.0171899795532227,0.8336312770843506
993,993,0.048522841185331345,,,,,,
994,994,,,0.38205376267433167,0.9533728361129761,1.2150681018829346,1.015625,0.8336312770843506
994,994,0.04854057356715202,,,,,,
995,995,,,0.3799232244491577,0.9531732201576233,1.2189418077468872,1.0169916152954102,0.8336312770843506
995,995,0.04848102852702141,,,,,,
996,996,,,0.380744069814682,0.9537494778633118,1.2171564102172852,1.0167206525802612,0.8336312770843506
996,996,0.048296499997377396,,,,,,
997,997,,,0.38119691610336304,0.9535425901412964,1.2166764736175537,1.016446828842163,0.8336312770843506
997,997,0.04803258180618286,,,,,,
998,998,,,0.37900811433792114,0.9540842771530151,1.2199506759643555,1.0180447101593018,0.8336312770843506
998,998,0.04774187132716179,,,,,,
999,999,,0.04750010371208191,,,,,
999,999,,,0.3830275535583496,0.9539191126823425,1.2135642766952515,1.015633225440979,0.8336312770843506
999,999,0.04750010371208191,,,,,,
1000,1000,,,0.3830275535583496,0.9539191126823425,1.2135642766952515,1.015633225440979,0.8336312770843506
