epoch,step,train/loss_epoch,train/loss_step,val/error_Im_qq,val/error_Im_xx,val/error_Re_qq,val/error_Re_xx,val/loss,val/loss_best
0,0,,,8.00075912475586,1.4475741386413574,1.134116768836975,1.193947196006775,0.8454508781433105,0.8454508781433105
0,0,3.2536346912384033,,,,,,,
1,1,,,6.814889907836914,1.1451756954193115,1.1187264919281006,1.1521283388137817,0.7002613544464111,0.7002613544464111
1,1,2.8503732681274414,,,,,,,
2,2,,,5.664252281188965,0.8655420541763306,1.106115460395813,1.110314130783081,0.580406665802002,0.580406665802002
2,2,2.4996042251586914,,,,,,,
3,3,,,4.565823554992676,0.62263023853302,1.0936530828475952,1.069197654724121,0.4849412739276886,0.4849412739276886
3,3,2.201446533203125,,,,,,,
4,4,,,3.5443954467773438,0.4405936002731323,1.0791075229644775,1.029503345489502,0.41204094886779785,0.41204094886779785
4,4,1.9543049335479736,,,,,,,
5,5,,,2.6334421634674072,0.35726162791252136,1.060510277748108,0.9920496344566345,0.3589588701725006,0.3589588701725006
5,5,1.7546931505203247,,,,,,,
6,6,,,1.8864374160766602,0.37912240624427795,1.0361114740371704,0.9574712514877319,0.32213613390922546,0.32213613390922546
6,6,1.59722101688385,,,,,,,
7,7,,,1.395250678062439,0.44700539112091064,1.0053046941757202,0.9259975552558899,0.2974938750267029,0.2974938750267029
7,7,1.4747371673583984,,,,,,,
8,8,,,1.2540910243988037,0.5107213854789734,0.9696471095085144,0.8973890542984009,0.28091302514076233,0.28091302514076233
8,8,1.3788822889328003,,,,,,,
9,9,,,1.3910096883773804,0.5507075786590576,0.9332998991012573,0.8709790706634521,0.2687608003616333,0.2687608003616333
9,9,1.3010716438293457,,,,,,,
10,10,,,1.6171982288360596,0.5622748136520386,0.9027312994003296,0.8457932472229004,0.25826650857925415,0.25826650857925415
10,10,1.2335435152053833,,,,,,,
11,11,,,1.8204319477081299,0.5470166206359863,0.8853991031646729,0.8207055926322937,0.24764543771743774,0.24764543771743774
11,11,1.170140027999878,,,,,,,
12,12,,,1.9629344940185547,0.5095123052597046,0.8874644637107849,0.7945817112922668,0.23599672317504883,0.23599672317504883
12,12,1.1066242456436157,,,,,,,
13,13,,,2.039396286010742,0.4560062885284424,0.9112940430641174,0.7663785815238953,0.22306324541568756,0.22306324541568756
13,13,1.0405691862106323,,,,,,,
14,14,,,2.0574729442596436,0.3940138816833496,0.9542616009712219,0.7351987957954407,0.20895728468894958,0.20895728468894958
14,14,0.9709672927856445,,,,,,,
15,15,,,2.029883861541748,0.33255791664123535,1.0097066164016724,0.7003231048583984,0.19393405318260193,0.19393405318260193
15,15,0.8977380394935608,,,,,,,
16,16,,,1.9707213640213013,0.28267553448677063,1.0692338943481445,0.6612499356269836,0.17825989425182343,0.17825989425182343
16,16,0.8213036060333252,,,,,,,
17,17,,,1.8934940099716187,0.25620514154434204,1.124912142753601,0.6177595853805542,0.16218480467796326,0.16218480467796326
17,17,0.7423318028450012,,,,,,,
18,18,,,1.8100333213806152,0.2591838836669922,1.1706022024154663,0.5700214505195618,0.14598941802978516,0.14598941802978516
18,18,0.6616758704185486,,,,,,,
19,19,,,1.7299246788024902,0.28560546040534973,1.2024089097976685,0.5187732577323914,0.1300605833530426,0.1300605833530426
19,19,0.5804476141929626,,,,,,,
20,20,,,1.6602563858032227,0.32328033447265625,1.2185969352722168,0.46561306715011597,0.11495205760002136,0.11495205760002136
20,20,0.5001295804977417,,,,,,,
21,21,,,1.6055115461349487,0.3622741401195526,1.2192835807800293,0.4134644865989685,0.10140351206064224,0.10140351206064224
21,21,0.42263275384902954,,,,,,,
22,22,,,1.5674713850021362,0.3966889977455139,1.206050992012024,0.367219477891922,0.09030313044786453,0.09030313044786453
22,22,0.35025519132614136,,,,,,,
23,23,,,1.5451135635375977,0.42350900173187256,1.1815036535263062,0.33413320779800415,0.08258641511201859,0.08258641511201859
23,23,0.28551560640335083,,,,,,,
24,24,,,1.5346159934997559,0.4414689838886261,1.1487880945205688,0.3224007487297058,0.07907204329967499,0.07907204329967499
24,24,0.2308635711669922,,,,,,,
25,25,,,1.529606819152832,0.4503476321697235,1.1111400127410889,0.33646008372306824,0.08024969696998596,0.07907204329967499
25,25,0.18828165531158447,,,,,,,
26,26,,,1.5218149423599243,0.4505291283130646,1.0715725421905518,0.37297704815864563,0.08606086671352386,0.07907204329967499
26,26,0.15883222222328186,,,,,,,
27,27,,,1.5022855997085571,0.4427074193954468,1.0327661037445068,0.423141747713089,0.09574579447507858,0.07907204329967499
27,27,0.1422555297613144,,,,,,,
28,28,,,1.463208556175232,0.4276854693889618,0.9970861673355103,0.4775465130805969,0.10784807801246643,0.07907204329967499
28,28,0.13677512109279633,,,,,,,
29,29,,,1.4001386165618896,0.4062722325325012,0.9665536880493164,0.5286144018173218,0.1204402819275856,0.07907204329967499
29,29,0.13926909863948822,,,,,,,
30,30,,,1.3140771389007568,0.379282683134079,0.9426615834236145,0.5710440278053284,0.1315368413925171,0.07907204329967499
30,30,0.1458597183227539,,,,,,,
31,31,,,1.2127689123153687,0.347613126039505,0.9261006116867065,0.6016820669174194,0.13954350352287292,0.07907204329967499
31,31,0.15277135372161865,,,,,,,
32,32,,,1.1106866598129272,0.3123500645160675,0.9165863990783691,0.6192501783370972,0.14356164634227753,0.07907204329967499
32,32,0.15713152289390564,,,,,,,
33,33,,,1.0269986391067505,0.27490293979644775,0.9129505157470703,0.623981237411499,0.1434575766324997,0.07907204329967499
33,33,0.15741047263145447,,,,,,,
34,34,,,0.9802035093307495,0.23717275261878967,0.9134966135025024,0.6172130107879639,0.139730304479599,0.07907204329967499
34,34,0.15340937674045563,,,,,,,
35,35,,,0.9797053933143616,0.20177438855171204,0.9164634346961975,0.6009973883628845,0.13327409327030182,0.07907204329967499
35,35,0.1459214687347412,,,,,,,
36,36,,,1.0204342603683472,0.17224137485027313,0.9204143285751343,0.5777561664581299,0.12512829899787903,0.07907204329967499
36,36,0.13626490533351898,,,,,,,
37,37,,,1.0868116617202759,0.1527404487133026,0.9244616627693176,0.5499948263168335,0.11627502739429474,0.07907204329967499
37,37,0.1258508712053299,,,,,,,
38,38,,,1.1615134477615356,0.14626306295394897,0.9283135533332825,0.5200778245925903,0.10751164704561234,0.07907204329967499
38,38,0.11587799340486526,,,,,,,
39,39,,,1.2310535907745361,0.15188278257846832,0.932173490524292,0.4900711476802826,0.09939880669116974,0.07907204329967499
39,39,0.10717586427927017,,,,,,,
40,40,,,1.2870030403137207,0.1649378091096878,0.9365421533584595,0.4616513252258301,0.09226730465888977,0.07907204329967499
40,40,0.10017769038677216,,,,,,,
41,41,,,1.3252031803131104,0.18017765879631042,0.9419800043106079,0.4360691010951996,0.08625931292772293,0.07907204329967499
41,41,0.09497653692960739,,,,,,,
42,42,,,1.3446123600006104,0.19373451173305511,0.9488984942436218,0.41414543986320496,0.08138080686330795,0.07907204329967499
42,42,0.09142057597637177,,,,,,,
43,43,,,1.3463480472564697,0.20327416062355042,0.957425594329834,0.3962814509868622,0.07754947990179062,0.07754947990179062
43,43,0.08921003341674805,,,,,,,
44,44,,,1.3329918384552002,0.20761923491954803,0.96737140417099,0.3824828863143921,0.07463240623474121,0.07463240623474121
44,44,0.08797630667686462,,,,,,,
45,45,,,1.308085322380066,0.20641642808914185,0.9782773852348328,0.3724188804626465,0.07247474789619446,0.07247474789619446
45,45,0.08733861148357391,,,,,,,
46,46,,,1.2757153511047363,0.1999090015888214,0.9895257353782654,0.36553213000297546,0.07092373073101044,0.07092373073101044
46,46,0.08694463968276978,,,,,,,
47,47,,,1.2401007413864136,0.188775897026062,1.000465989112854,0.3611913323402405,0.06984952092170715,0.06984952092170715
47,47,0.08650366961956024,,,,,,,
48,48,,,1.205133080482483,0.17401686310768127,1.0105289220809937,0.35884228348731995,0.06916084885597229,0.06916084885597229
48,48,0.0858149453997612,,,,,,,
49,49,,0.08478547632694244,,,,,,
49,49,,,1.1738747358322144,0.1568780094385147,1.0193041563034058,0.358110249042511,0.06881086528301239,0.06881086528301239
49,49,0.08478547632694244,,,,,,,
50,50,,,1.1481059789657593,0.13882075250148773,1.026572585105896,0.35882288217544556,0.068790964782238,0.068790964782238
50,50,0.08342831581830978,,,,,,,
51,51,,,1.128077745437622,0.12151911109685898,1.0322926044464111,0.3609599471092224,0.0691140815615654,0.068790964782238
51,51,0.08183665573596954,,,,,,,
52,52,,,1.1126209497451782,0.1068202406167984,1.0365508794784546,0.36456164717674255,0.06979416310787201,0.068790964782238
52,52,0.08014051616191864,,,,,,,
53,53,,,1.0996410846710205,0.09649422019720078,1.0394947528839111,0.36963599920272827,0.07082881778478622,0.068790964782238
53,53,0.07846154272556305,,,,,,,
54,54,,,1.086851716041565,0.09158667176961899,1.0412627458572388,0.3760959506034851,0.0721898227930069,0.068790964782238
54,54,0.07688358426094055,,,,,,,
55,55,,,1.0724858045578003,0.09169365465641022,1.0419328212738037,0.383734792470932,0.07382136583328247,0.068790964782238
55,55,0.07544705271720886,,,,,,,
56,56,,,1.0557596683502197,0.09505072236061096,1.0414959192276,0.3922283947467804,0.07564199715852737,0.068790964782238
56,56,0.07416247576475143,,,,,,,
57,57,,,1.036970853805542,0.09945989400148392,1.039862036705017,0.40115249156951904,0.07754722237586975,0.068790964782238
57,57,0.07302820682525635,,,,,,,
58,58,,,1.017261266708374,0.1030731201171875,1.0368949174880981,0.410009503364563,0.07941305637359619,0.068790964782238
58,58,0.07203960418701172,,,,,,,
59,59,,,0.998174250125885,0.10463456809520721,1.0324668884277344,0.4182715117931366,0.08110398799180984,0.068790964782238
59,59,0.07118625938892365,,,,,,,
60,60,,,0.9811837077140808,0.10343778878450394,1.0265191793441772,0.42544013261795044,0.08248835802078247,0.068790964782238
60,60,0.07044526934623718,,,,,,,
61,61,,,0.9673523306846619,0.09923246502876282,1.0191117525100708,0.4311145842075348,0.0834592953324318,0.068790964782238
61,61,0.06978114694356918,,,,,,,
62,62,,,0.9571958184242249,0.09215997904539108,1.0104459524154663,0.435049831867218,0.0839550718665123,0.068790964782238
62,62,0.06915617734193802,,,,,,,
63,63,,,0.9507327079772949,0.08273446559906006,1.0008544921875,0.43718400597572327,0.08397035300731659,0.068790964782238
63,63,0.06854572147130966,,,,,,,
64,64,,,0.9476293325424194,0.07188910990953445,0.9907616972923279,0.43762847781181335,0.0835539922118187,0.068790964782238
64,64,0.06794790178537369,,,,,,,
65,65,,,0.9473464488983154,0.06112857162952423,0.9806258082389832,0.4366271495819092,0.08279481530189514,0.068790964782238
65,65,0.06738145649433136,,,,,,,
66,66,,,0.9492468237876892,0.05276130512356758,0.9708830714225769,0.43449944257736206,0.08180105686187744,0.068790964782238
66,66,0.06687308847904205,,,,,,,
67,67,,,0.9526588916778564,0.049638256430625916,0.9619036912918091,0.43158599734306335,0.08068081736564636,0.068790964782238
67,67,0.06644339114427567,,,,,,,
68,68,,,0.9569217562675476,0.05324270576238632,0.9539700746536255,0.42820486426353455,0.07952747493982315,0.068790964782238
68,68,0.06609881669282913,,,,,,,
69,69,,,0.9614236950874329,0.06209233030676842,0.9472753405570984,0.42462223768234253,0.07841174304485321,0.068790964782238
69,69,0.065831758081913,,,,,,,
70,70,,,0.9656374454498291,0.07349418848752975,0.9419378638267517,0.42103612422943115,0.07737907022237778,0.068790964782238
70,70,0.06562557816505432,,,,,,,
71,71,,,0.969148576259613,0.08537468314170837,0.938017725944519,0.417572945356369,0.0764516070485115,0.068790964782238
71,71,0.06545910984277725,,,,,,,
72,72,,,0.9716746807098389,0.09645848721265793,0.9355309009552002,0.4142986238002777,0.07563372701406479,0.068790964782238
72,72,0.0653088167309761,,,,,,,
73,73,,,0.9730741381645203,0.10598835349082947,0.9344530701637268,0.41124388575553894,0.07492049038410187,0.068790964782238
73,73,0.06515030562877655,,,,,,,
74,74,,,0.9733473062515259,0.1135246530175209,0.9347169399261475,0.40843573212623596,0.07430681586265564,0.068790964782238
74,74,0.0649615004658699,,,,,,,
75,75,,,0.9726253151893616,0.11884075403213501,0.9362058043479919,0.4059222638607025,0.0737939327955246,0.068790964782238
75,75,0.06472819298505783,,,,,,,
76,76,,,0.9711465835571289,0.12187010049819946,0.938750684261322,0.4037807285785675,0.07339134812355042,0.068790964782238
76,76,0.06444888561964035,,,,,,,
77,77,,,0.9692181944847107,0.12267652899026871,0.9421340823173523,0.4021042287349701,0.07311338186264038,0.068790964782238
77,77,0.06413543224334717,,,,,,,
78,78,,,0.9671695232391357,0.12143522500991821,0.9461005330085754,0.4009750485420227,0.07297267019748688,0.068790964782238
78,78,0.0638086125254631,,,,,,,
79,79,,,0.9653052687644958,0.1184154599905014,0.9503732323646545,0.40043699741363525,0.07297343760728836,0.068790964782238
79,79,0.06349093466997147,,,,,,,
80,80,,,0.9638709425926208,0.11396326869726181,0.9546718597412109,0.4004780054092407,0.07310737669467926,0.068790964782238
80,80,0.06320054084062576,,,,,,,
81,81,,,0.9630352258682251,0.10847975313663483,0.9587312340736389,0.40102657675743103,0.07335271686315536,0.068790964782238
81,81,0.0629485473036766,,,,,,,
82,82,,,0.9628891348838806,0.10239656269550323,0.9623188972473145,0.4019598066806793,0.07367602735757828,0.068790964782238
82,82,0.06273961812257767,,,,,,,
83,83,,,0.9634529948234558,0.09614688158035278,0.9652529358863831,0.403119295835495,0.07403598725795746,0.068790964782238
83,83,0.06257321685552597,,,,,,,
84,84,,,0.9646854996681213,0.09013525396585464,0.9674158096313477,0.4043315052986145,0.07438839226961136,0.068790964782238
84,84,0.06244393438100815,,,,,,,
85,85,,,0.966488242149353,0.08470667898654938,0.9687650203704834,0.4054301977157593,0.07469184696674347,0.068790964782238
85,85,0.06234152615070343,,,,,,,
86,86,,,0.9687097668647766,0.08012347668409348,0.9693353772163391,0.40627992153167725,0.0749138742685318,0.068790964782238
86,86,0.06225195899605751,,,,,,,
87,87,,,0.9711534380912781,0.07655052840709686,0.9692306518554688,0.4067932367324829,0.07503525912761688,0.068790964782238
87,87,0.06216028332710266,,,,,,,
88,88,,,0.97359699010849,0.07405693829059601,0.9686033129692078,0.40693795680999756,0.07505179196596146,0.068790964782238
88,88,0.062054529786109924,,,,,,,
89,89,,,0.9758242964744568,0.07263254374265671,0.9676271080970764,0.4067320227622986,0.07497239112854004,0.068790964782238
89,89,0.061928436160087585,,,,,,,
90,90,,,0.9776641130447388,0.07221268862485886,0.9664657115936279,0.40622904896736145,0.07481493800878525,0.068790964782238
90,90,0.06178189814090729,,,,,,,
91,91,,,0.9790226221084595,0.07270219922065735,0.965247392654419,0.405500203371048,0.0746009424328804,0.068790964782238
91,91,0.06161944940686226,,,,,,,
92,92,,,0.9798970222473145,0.07399164140224457,0.9640488028526306,0.40461763739585876,0.07435091584920883,0.068790964782238
92,92,0.06144824996590614,,,,,,,
93,93,,,0.980360209941864,0.07596373558044434,0.9628928899765015,0.403642863035202,0.07408123463392258,0.068790964782238
93,93,0.06127633899450302,,,,,,,
94,94,,,0.9805254340171814,0.07849440723657608,0.9617592096328735,0.40262162685394287,0.0738028883934021,0.068790964782238
94,94,0.0611114464700222,,,,,,,
95,95,,,0.9805002808570862,0.08145000040531158,0.9606033563613892,0.4015832841396332,0.07352165132761002,0.068790964782238
95,95,0.06095974147319794,,,,,,,
96,96,,,0.9803529381752014,0.08468703925609589,0.9593809843063354,0.40054574608802795,0.0732399970293045,0.068790964782238
96,96,0.06082449108362198,,,,,,,
97,97,,,0.9800996780395508,0.08805391937494278,0.9580687880516052,0.3995227813720703,0.07295957952737808,0.068790964782238
97,97,0.060705386102199554,,,,,,,
98,98,,,0.9797129034996033,0.0913940817117691,0.9566794037818909,0.3985321819782257,0.07268388569355011,0.068790964782238
98,98,0.06059885025024414,,,,,,,
99,99,,0.060499630868434906,,,,,,
99,99,,,0.9791434407234192,0.09455422312021255,0.9552646279335022,0.39759963750839233,0.07241952419281006,0.068790964782238
99,99,0.060499630868434906,,,,,,,
100,100,,,0.9783437252044678,0.09739259630441666,0.9539098143577576,0.39675790071487427,0.07217612117528915,0.068790964782238
100,100,0.06040254980325699,,,,,,,
101,101,,,0.9772842526435852,0.09978915005922318,0.9527196288108826,0.3960399329662323,0.07196429371833801,0.068790964782238
101,101,0.06030358746647835,,,,,,,
102,102,,,0.9759618043899536,0.10165536403656006,0.9517989754676819,0.39546969532966614,0.07179288566112518,0.068790964782238
102,102,0.06020021811127663,,,,,,,
103,103,,,0.974402129650116,0.10294114798307419,0.9512350559234619,0.3950538635253906,0.07166656851768494,0.068790964782238
103,103,0.060091279447078705,,,,,,,
104,104,,,0.9726581573486328,0.1036381721496582,0.9510810971260071,0.3947778642177582,0.07158415764570236,0.068790964782238
104,104,0.05997679755091667,,,,,,,
105,105,,,0.9708067774772644,0.10377804189920425,0.9513480067253113,0.3946065306663513,0.07153855264186859,0.068790964782238
105,105,0.05985797569155693,,,,,,,
106,106,,,0.9689415097236633,0.10342676192522049,0.9520018100738525,0.3944895267486572,0.07151777297258377,0.068790964782238
106,106,0.05973697453737259,,,,,,,
107,107,,,0.9671621322631836,0.102674700319767,0.9529685974121094,0.39437079429626465,0.07150715589523315,0.068790964782238
107,107,0.05961630493402481,,,,,,,
108,108,,,0.9655628204345703,0.10162574052810669,0.9541462063789368,0.3941987156867981,0.07149200886487961,0.068790964782238
108,108,0.05949808657169342,,,,,,,
109,109,,,0.9642212390899658,0.10038715600967407,0.955418586730957,0.39393502473831177,0.07146009057760239,0.068790964782238
109,109,0.05938359722495079,,,,,,,
110,110,,,0.963189423084259,0.09906048327684402,0.9566708207130432,0.39356011152267456,0.07140335440635681,0.068790964782238
110,110,0.059273187071084976,,,,,,,
111,111,,,0.9624902009963989,0.09773684293031693,0.9578028321266174,0.39307278394699097,0.0713183656334877,0.068790964782238
111,111,0.05916651710867882,,,,,,,
112,112,,,0.9621169567108154,0.09649322926998138,0.9587383270263672,0.3924860656261444,0.07120560854673386,0.068790964782238
112,112,0.05906276777386665,,,,,,,
113,113,,,0.9620391726493835,0.0953921303153038,0.9594290256500244,0.39182037115097046,0.07106811553239822,0.068790964782238
113,113,0.0589609295129776,,,,,,,
114,114,,,0.9622093439102173,0.09448215365409851,0.959854245185852,0.39109715819358826,0.07091005146503448,0.068790964782238
114,114,0.058859847486019135,,,,,,,
115,115,,,0.9625717997550964,0.09379801899194717,0.9600178003311157,0.3903345763683319,0.0707356333732605,0.068790964782238
115,115,0.058758605271577835,,,,,,,
116,116,,,0.9630686044692993,0.09336107224225998,0.9599436521530151,0.3895457088947296,0.07054853439331055,0.068790964782238
116,116,0.058656711131334305,,,,,,,
117,117,,,0.9636437892913818,0.09317917376756668,0.9596700072288513,0.38873985409736633,0.07035213708877563,0.068790964782238
117,117,0.05855416879057884,,,,,,,
118,118,,,0.9642448425292969,0.09324642270803452,0.9592450261116028,0.3879251182079315,0.07014982402324677,0.068790964782238
118,118,0.05845130234956741,,,,,,,
119,119,,,0.9648226499557495,0.09354320168495178,0.9587211608886719,0.3871118724346161,0.06994562596082687,0.068790964782238
119,119,0.058348529040813446,,,,,,,
120,120,,,0.9653324484825134,0.09403744339942932,0.9581509232521057,0.3863147497177124,0.0697445273399353,0.068790964782238
120,120,0.058246102184057236,,,,,,,
121,121,,,0.9657362103462219,0.09468644112348557,0.9575805068016052,0.38555261492729187,0.06955216079950333,0.068790964782238
121,121,0.05814420431852341,,,,,,,
122,122,,,0.9660055041313171,0.09544051438570023,0.957046627998352,0.38484588265419006,0.06937412172555923,0.068790964782238
122,122,0.05804293975234032,,,,,,,
123,123,,,0.9661256074905396,0.09624731540679932,0.9565722942352295,0.38421231508255005,0.06921488791704178,0.068790964782238
123,123,0.05794243514537811,,,,,,,
124,124,,,0.9660977125167847,0.09705668687820435,0.9561660885810852,0.3836624026298523,0.06907679885625839,0.068790964782238
124,124,0.05784261226654053,,,,,,,
125,125,,,0.9659377932548523,0.09782421588897705,0.9558226466178894,0.3831966519355774,0.06895943731069565,0.068790964782238
125,125,0.05774335190653801,,,,,,,
126,126,,,0.9656732082366943,0.09851394593715668,0.9555277824401855,0.3828047811985016,0.0688597559928894,0.068790964782238
126,126,0.0576445497572422,,,,,,,
127,127,,,0.9653377532958984,0.09909963607788086,0.9552638530731201,0.38246774673461914,0.06877262145280838,0.06877262145280838
127,127,0.05754610523581505,,,,,,,
128,128,,,0.9649650454521179,0.09956441074609756,0.9550153613090515,0.38216131925582886,0.06869199126958847,0.06869199126958847
128,128,0.057447999715805054,,,,,,,
129,129,,,0.9645838141441345,0.09989932924509048,0.954774796962738,0.3818606436252594,0.0686119794845581,0.0686119794845581
129,129,0.05735024809837341,,,,,,,
130,130,,,0.9642143249511719,0.10010187327861786,0.9545449018478394,0.38154420256614685,0.06852789968252182,0.06852789968252182
130,130,0.05725278705358505,,,,,,,
131,131,,,0.9638681411743164,0.10017424821853638,0.9543381333351135,0.3811964690685272,0.06843682378530502,0.06843682378530502
131,131,0.05715562030673027,,,,,,,
132,132,,,0.9635481834411621,0.10012312233448029,0.9541732668876648,0.380808025598526,0.06833748519420624,0.06833748519420624
132,132,0.05705876275897026,,,,,,,
133,133,,,0.9632514119148254,0.09995928406715393,0.9540702700614929,0.380374938249588,0.06822991371154785,0.06822991371154785
133,133,0.05696221813559532,,,,,,,
134,134,,,0.9629732966423035,0.09969814121723175,0.9540432691574097,0.3798965513706207,0.06811463087797165,0.06811463087797165
134,134,0.05686594173312187,,,,,,,
135,135,,,0.9627104997634888,0.09935865551233292,0.9540970921516418,0.37937384843826294,0.06799225509166718,0.06799225509166718
135,135,0.056769974529743195,,,,,,,
136,136,,,0.9624636173248291,0.09896355122327805,0.9542239904403687,0.3788086473941803,0.0678630992770195,0.0678630992770195
136,136,0.05667424574494362,,,,,,,
137,137,,,0.9622378349304199,0.09853707998991013,0.954404890537262,0.3782036006450653,0.06772726029157639,0.06772726029157639
137,137,0.05657876282930374,,,,,,,
138,138,,,0.9620401859283447,0.09810362011194229,0.954612672328949,0.3775632679462433,0.06758497655391693,0.06758497655391693
138,138,0.05648358166217804,,,,,,,
139,139,,,0.9618778824806213,0.09768486768007278,0.9548169374465942,0.3768952488899231,0.06743694841861725,0.06743694841861725
139,139,0.05638871714472771,,,,,,,
140,140,,,0.9617543816566467,0.09729868918657303,0.9549897909164429,0.37621045112609863,0.0672847181558609,0.0672847181558609
140,140,0.05629424378275871,,,,,,,
141,141,,,0.9616681933403015,0.09695760160684586,0.9551101922988892,0.3755227327346802,0.06713061034679413,0.06713061034679413
141,141,0.05620015040040016,,,,,,,
142,142,,,0.9616127014160156,0.09666945040225983,0.9551659822463989,0.3748471736907959,0.06697755306959152,0.06697755306959152
142,142,0.05610639974474907,,,,,,,
143,143,,,0.9615768194198608,0.09643775224685669,0.9551548361778259,0.37419772148132324,0.06682848185300827,0.06682848185300827
143,143,0.056012947112321854,,,,,,,
144,144,,,0.9615485072135925,0.0962628647685051,0.955082356929779,0.3735850155353546,0.06668589264154434,0.06668589264154434
144,144,0.05591977760195732,,,,,,,
145,145,,,0.9615156054496765,0.0961432158946991,0.9549604058265686,0.3730149567127228,0.06655142456293106,0.06655142456293106
145,145,0.05582679808139801,,,,,,,
146,146,,,0.9614689350128174,0.09607552736997604,0.9548031687736511,0.3724878430366516,0.06642559170722961,0.06642559170722961
146,146,0.055733997374773026,,,,,,,
147,147,,,0.9614025354385376,0.09605523943901062,0.954626202583313,0.37199950218200684,0.06630798429250717,0.06630798429250717
147,147,0.05564131960272789,,,,,,,
148,148,,,0.9613133072853088,0.09607647359371185,0.9544434547424316,0.37154272198677063,0.0661974549293518,0.0661974549293518
148,148,0.05554880574345589,,,,,,,
149,149,,0.05545647069811821,,,,,,
149,149,,,0.9612003564834595,0.09613107889890671,0.954267144203186,0.37110909819602966,0.06609252840280533,0.06609252840280533
149,149,0.05545647069811821,,,,,,,
150,150,,,0.9610649347305298,0.09620926529169083,0.954106330871582,0.37069010734558105,0.06599161773920059,0.06599161773920059
150,150,0.05536434426903725,,,,,,,
151,151,,,0.9609092473983765,0.09629980474710464,0.9539661407470703,0.370278537273407,0.06589321792125702,0.06589321792125702
151,151,0.05527243763208389,,,,,,,
152,152,,,0.9607374668121338,0.09639079123735428,0.9538484811782837,0.36986789107322693,0.06579592823982239,0.06579592823982239
152,152,0.055180806666612625,,,,,,,
153,153,,,0.9605544209480286,0.09647086262702942,0.9537512063980103,0.36945250630378723,0.06569835543632507,0.06569835543632507
153,153,0.05508942902088165,,,,,,,
154,154,,,0.9603667855262756,0.0965302437543869,0.9536694288253784,0.36902695894241333,0.06559906154870987,0.06559906154870987
154,154,0.054998334497213364,,,,,,,
155,155,,,0.960181713104248,0.09656213223934174,0.9535967111587524,0.3685861825942993,0.06549669057130814,0.06549669057130814
155,155,0.054907482117414474,,,,,,,
156,156,,,0.9600057601928711,0.09656164050102234,0.9535263180732727,0.36812567710876465,0.06539000570774078,0.06539000570774078
156,156,0.054816849529743195,,,,,,,
157,157,,,0.9598437547683716,0.09652674198150635,0.953453540802002,0.3676425814628601,0.06527819484472275,0.06527819484472275
157,157,0.05472637712955475,,,,,,,
158,158,,,0.9596979022026062,0.09645678848028183,0.9533767104148865,0.3671359717845917,0.06516102701425552,0.06516102701425552
158,158,0.054636090993881226,,,,,,,
159,159,,,0.9595670104026794,0.09635292738676071,0.9532973170280457,0.3666076362133026,0.0650390014052391,0.0650390014052391
159,159,0.054545965045690536,,,,,,,
160,160,,,0.9594467878341675,0.09621693193912506,0.9532202482223511,0.3660616874694824,0.06491319835186005,0.06491319835186005
160,160,0.05445597693324089,,,,,,,
161,161,,,0.959331750869751,0.0960516706109047,0.9531511664390564,0.3655042350292206,0.06478520482778549,0.06478520482778549
161,161,0.05436616390943527,,,,,,,
162,162,,,0.9592159986495972,0.09586144983768463,0.9530954360961914,0.3649419844150543,0.06465670466423035,0.06465670466423035
162,162,0.05427650734782219,,,,,,,
163,163,,,0.9590952396392822,0.09565185010433197,0.9530555605888367,0.36438122391700745,0.06452919542789459,0.06452919542789459
163,163,0.05418706685304642,,,,,,,
164,164,,,0.9589672684669495,0.0954294353723526,0.9530305862426758,0.363827109336853,0.06440377235412598,0.06440377235412598
164,164,0.05409780889749527,,,,,,,
165,165,,,0.9588330388069153,0.09520236402750015,0.9530156850814819,0.36328303813934326,0.06428106874227524,0.06428106874227524
165,165,0.05400872975587845,,,,,,,
166,166,,,0.9586954116821289,0.09497855603694916,0.9530038833618164,0.36275097727775574,0.06416130065917969,0.06416130065917969
166,166,0.05391982942819595,,,,,,,
167,167,,,0.9585583209991455,0.0947655513882637,0.952987015247345,0.362231582403183,0.06404435634613037,0.06404435634613037
167,167,0.05383111163973808,,,,,,,
168,168,,,0.9584254622459412,0.09456948190927505,0.9529578685760498,0.36172473430633545,0.06392994523048401,0.06392994523048401
168,168,0.05374254286289215,,,,,,,
169,169,,,0.9582991600036621,0.09439466148614883,0.952911913394928,0.361229807138443,0.0638178139925003,0.0638178139925003
169,169,0.05365413427352905,,,,,,,
170,170,,,0.9581805467605591,0.09424346685409546,0.952847957611084,0.3607454001903534,0.0637076199054718,0.0637076199054718
170,170,0.053565863519907,,,,,,,
171,171,,,0.958069920539856,0.09411647170782089,0.952767014503479,0.36026960611343384,0.06359899044036865,0.06359899044036865
171,171,0.05347771942615509,,,,,,,
172,172,,,0.9579663276672363,0.09401251375675201,0.9526728987693787,0.35979968309402466,0.06349147111177444,0.06349147111177444
172,172,0.053389739245176315,,,,,,,
173,173,,,0.9578691124916077,0.09392954409122467,0.9525701403617859,0.35933250188827515,0.0633845180273056,0.0633845180273056
173,173,0.05330187454819679,,,,,,,
174,174,,,0.9577775597572327,0.09386461228132248,0.9524637460708618,0.35886436700820923,0.06327753514051437,0.06327753514051437
174,174,0.05321416258811951,,,,,,,
175,175,,,0.9576913714408875,0.09381391853094101,0.952358067035675,0.35839203000068665,0.06316996365785599,0.06316996365785599
175,175,0.05312660336494446,,,,,,,
176,176,,,0.9576101899147034,0.09377266466617584,0.9522562623023987,0.3579128086566925,0.06306131929159164,0.06306131929159164
176,176,0.053039174526929855,,,,,,,
177,177,,,0.9575337767601013,0.0937359407544136,0.9521607756614685,0.357425332069397,0.06295137852430344,0.06295137852430344
177,177,0.052951887249946594,,,,,,,
178,178,,,0.9574613571166992,0.09369831532239914,0.9520727396011353,0.3569292426109314,0.0628400668501854,0.0628400668501854
178,178,0.05286471173167229,,,,,,,
179,179,,,0.9573924541473389,0.09365442395210266,0.9519924521446228,0.35642537474632263,0.06272754073143005,0.06272754073143005
179,179,0.05277767777442932,,,,,,,
180,180,,,0.9573261737823486,0.09359963238239288,0.95191890001297,0.3559153079986572,0.0626140609383583,0.0626140609383583
180,180,0.0526907742023468,,,,,,,
181,181,,,0.9572621583938599,0.09353043884038925,0.9518507122993469,0.355400949716568,0.06249995529651642,0.06249995529651642
181,181,0.052603982388973236,,,,,,,
182,182,,,0.9571998119354248,0.09344501048326492,0.9517859220504761,0.35488396883010864,0.06238549202680588,0.06238549202680588
182,182,0.05251730605959892,,,,,,,
183,183,,,0.9571388959884644,0.09334304183721542,0.9517234563827515,0.35436609387397766,0.06227097287774086,0.06227097287774086
183,183,0.05243075639009476,,,,,,,
184,184,,,0.957078754901886,0.09322535991668701,0.9516618847846985,0.35384872555732727,0.06215665861964226,0.06215665861964226
184,184,0.05234431475400925,,,,,,,
185,185,,,0.9570183157920837,0.09309409558773041,0.9516013264656067,0.3533329367637634,0.06204277649521828,0.06204277649521828
185,185,0.05225798860192299,,,,,,,
186,186,,,0.9569563865661621,0.09295196831226349,0.9515426158905029,0.35281962156295776,0.06192956864833832,0.06192956864833832
186,186,0.05217175930738449,,,,,,,
187,187,,,0.9568914175033569,0.09280233830213547,0.951487123966217,0.35230961441993713,0.061817269772291183,0.061817269772291183
187,187,0.052085649222135544,,,,,,,
188,188,,,0.956821858882904,0.09264855086803436,0.9514361023902893,0.3518030047416687,0.06170596182346344,0.06170596182346344
188,188,0.051999617367982864,,,,,,,
189,189,,,0.9567474126815796,0.09249387681484222,0.9513899683952332,0.35129982233047485,0.06159569323062897,0.06159569323062897
189,189,0.051913704723119736,,,,,,,
190,190,,,0.9566681385040283,0.09234195202589035,0.9513484835624695,0.35079923272132874,0.061486292630434036,0.061486292630434036
190,190,0.051827870309352875,,,,,,,
191,191,,,0.956585168838501,0.09219568222761154,0.9513098001480103,0.35030028223991394,0.06137751787900925,0.06137751787900925
191,191,0.051742151379585266,,,,,,,
192,192,,,0.9565001726150513,0.09205785393714905,0.9512715935707092,0.34980159997940063,0.06126901134848595,0.06126901134848595
192,192,0.051656514406204224,,,,,,,
193,193,,,0.9564151763916016,0.09193013608455658,0.9512308835983276,0.34930190443992615,0.06116041541099548,0.06116041541099548
193,193,0.051570963114500046,,,,,,,
194,194,,,0.9563320875167847,0.09181348979473114,0.9511856436729431,0.34880027174949646,0.06105147302150726,0.06105147302150726
194,194,0.05148550495505333,,,,,,,
195,195,,,0.9562520980834961,0.09170738607645035,0.951134443283081,0.3482958972454071,0.06094196438789368,0.06094196438789368
195,195,0.05140012502670288,,,,,,,
196,196,,,0.9561759829521179,0.09161050617694855,0.9510773420333862,0.34778842329978943,0.06083182990550995,0.06083182990550995
196,196,0.05131484568119049,,,,,,,
197,197,,,0.9561037421226501,0.09152071177959442,0.951015293598175,0.3472779095172882,0.06072108447551727,0.06072108447551727
197,197,0.05122961848974228,,,,,,,
198,198,,,0.9560352563858032,0.091435506939888,0.9509499669075012,0.34676456451416016,0.0606098473072052,0.0606098473072052
198,198,0.05114448443055153,,,,,,,
199,199,,0.051059409976005554,,,,,,
199,199,,,0.9559699296951294,0.09135226160287857,0.9508833289146423,0.3462488353252411,0.06049824878573418,0.06049824878573418
199,199,0.051059409976005554,,,,,,,
200,200,,,0.9559076428413391,0.09126877784729004,0.9508172869682312,0.34573107957839966,0.060386452823877335,0.060386452823877335
200,200,0.050974417477846146,,,,,,,
201,201,,,0.9558480381965637,0.09118255227804184,0.9507530927658081,0.345211923122406,0.060274600982666016,0.060274600982666016
201,201,0.05088949576020241,,,,,,,
202,202,,,0.9557907581329346,0.09109199047088623,0.9506917595863342,0.3446919023990631,0.06016284227371216,0.06016284227371216
202,202,0.050804637372493744,,,,,,,
203,203,,,0.9557356238365173,0.09099563211202621,0.950633704662323,0.3441716432571411,0.060051318258047104,0.060051318258047104
203,203,0.05071985721588135,,,,,,,
204,204,,,0.9556823968887329,0.09089258313179016,0.950579047203064,0.3436517119407654,0.05994012579321861,0.05994012579321861
204,204,0.05063512176275253,,,,,,,
205,205,,,0.9556310176849365,0.0907825157046318,0.9505273103713989,0.3431324064731598,0.05982931703329086,0.05982931703329086
205,205,0.050550464540719986,,,,,,,
206,206,,,0.9555812478065491,0.09066581726074219,0.9504778981208801,0.3426138162612915,0.059718888252973557,0.059718888252973557
206,206,0.05046585574746132,,,,,,,
207,207,,,0.9555330872535706,0.09054331481456757,0.9504299759864807,0.3420957922935486,0.059608764946460724,0.059608764946460724
207,207,0.050381291657686234,,,,,,,
208,208,,,0.955486536026001,0.09041647613048553,0.9503828883171082,0.34157794713974,0.0594988651573658,0.0594988651573658
208,208,0.05029678717255592,,,,,,,
209,209,,,0.9554417133331299,0.09028687328100204,0.9503359198570251,0.34105971455574036,0.05938903987407684,0.05938903987407684
209,209,0.050212353467941284,,,,,,,
210,210,,,0.9553982615470886,0.09015621989965439,0.950289249420166,0.3405406177043915,0.05927922949194908,0.05927922949194908
210,210,0.050127968192100525,,,,,,,
211,211,,,0.9553560614585876,0.09002608060836792,0.9502426385879517,0.340020090341568,0.059169307351112366,0.059169307351112366
211,211,0.05004360154271126,,,,,,,
212,212,,,0.9553146958351135,0.08989781141281128,0.950196385383606,0.33949771523475647,0.05905919894576073,0.05905919894576073
212,212,0.04995929077267647,,,,,,,
213,213,,,0.9552738666534424,0.08977220207452774,0.9501511454582214,0.3389732241630554,0.05894889310002327,0.05894889310002327
213,213,0.049875032156705856,,,,,,,
214,214,,,0.9552334547042847,0.08964966237545013,0.9501068592071533,0.3384464979171753,0.0588383674621582,0.0588383674621582
214,214,0.04979081079363823,,,,,,,
215,215,,,0.9551936388015747,0.08953062444925308,0.950063169002533,0.3379174470901489,0.05872759222984314,0.05872759222984314
215,215,0.04970662668347359,,,,,,,
216,216,,,0.9551546573638916,0.08941476047039032,0.9500197172164917,0.33738628029823303,0.05861658602952957,0.05861658602952957
216,216,0.04962247982621193,,,,,,,
217,217,,,0.9551167488098145,0.0893019288778305,0.9499756097793579,0.3368530869483948,0.058505360037088394,0.058505360037088394
217,217,0.04953836649656296,,,,,,,
218,218,,,0.9550806879997253,0.08919136971235275,0.9499304294586182,0.33631816506385803,0.0583939403295517,0.0583939403295517
218,218,0.04945429787039757,,,,,,,
219,219,,,0.9550466537475586,0.08908247947692871,0.9498838782310486,0.33578187227249146,0.058282382786273956,0.058282382786273956
219,219,0.04937024787068367,,,,,,,
220,220,,,0.9550145864486694,0.08897394686937332,0.9498359560966492,0.3352445363998413,0.058170758187770844,0.058170758187770844
220,220,0.04928622394800186,,,,,,,
221,221,,,0.954984724521637,0.0888650119304657,0.9497872591018677,0.3347064256668091,0.05805913358926773,0.05805913358926773
221,221,0.04920222982764244,,,,,,,
222,222,,,0.9549567699432373,0.08875469863414764,0.9497379660606384,0.3341677784919739,0.057947564870119095,0.057947564870119095
222,222,0.049118269234895706,,,,,,,
223,223,,,0.9549305438995361,0.08864215761423111,0.9496892094612122,0.3336285650730133,0.057836081832647324,0.057836081832647324
223,223,0.049034327268600464,,,,,,,
224,224,,,0.9549060463905334,0.08852723985910416,0.9496414661407471,0.33308884501457214,0.05772470682859421,0.05772470682859421
224,224,0.04895040765404701,,,,,,,
225,225,,,0.9548830389976501,0.08840974420309067,0.9495947957038879,0.3325483500957489,0.057613395154476166,0.057613395154476166
225,225,0.04886650666594505,,,,,,,
226,226,,,0.954861581325531,0.0882897824048996,0.9495497345924377,0.3320069909095764,0.057502154260873795,0.057502154260873795
226,226,0.04878263548016548,,,,,,,
227,227,,,0.9548416137695312,0.08816757053136826,0.9495058655738831,0.33146440982818604,0.05739089101552963,0.05739089101552963
227,227,0.04869876429438591,,,,,,,
228,228,,,0.9548228979110718,0.08804331719875336,0.9494633674621582,0.3309202790260315,0.0572795532643795,0.0572795532643795
228,228,0.048614926636219025,,,,,,,
229,229,,,0.9548055529594421,0.08791761100292206,0.9494214057922363,0.33037447929382324,0.05716808885335922,0.05716808885335922
229,229,0.048531096428632736,,,,,,,
230,230,,,0.9547892808914185,0.08779067546129227,0.9493802785873413,0.3298267424106598,0.05705645680427551,0.05705645680427551
230,230,0.04844726249575615,,,,,,,
231,231,,,0.9547742605209351,0.08766322582960129,0.9493393898010254,0.329276978969574,0.05694461241364479,0.05694461241364479
231,231,0.04836345463991165,,,,,,,
232,232,,,0.9547603130340576,0.08753539621829987,0.9492984414100647,0.32872506976127625,0.05683254078030586,0.05683254078030586
232,232,0.048279665410518646,,,,,,,
233,233,,,0.9547474384307861,0.08740784227848053,0.9492570757865906,0.328171044588089,0.05672023072838783,0.05672023072838783
233,233,0.04819586127996445,,,,,,,
234,234,,,0.9547354578971863,0.08728060126304626,0.9492155313491821,0.32761499285697937,0.05660771206021309,0.05660771206021309
234,234,0.04811208322644234,,,,,,,
235,235,,,0.9547241926193237,0.08715403825044632,0.9491739273071289,0.3270570933818817,0.05649501457810402,0.05649501457810402
235,235,0.04802832007408142,,,,,,,
236,236,,,0.954713761806488,0.08702797442674637,0.9491322636604309,0.3264974057674408,0.05638217180967331,0.05638217180967331
236,236,0.04794452339410782,,,,,,,
237,237,,,0.9547039866447449,0.0869021937251091,0.9490909576416016,0.32593613862991333,0.05626922845840454,0.05626922845840454
237,237,0.0478607602417469,,,,,,,
238,238,,,0.9546951055526733,0.0867767259478569,0.949049711227417,0.32537341117858887,0.05615619942545891,0.05615619942545891
238,238,0.04777700453996658,,,,,,,
239,239,,,0.9546869397163391,0.08665132522583008,0.9490088820457458,0.32480931282043457,0.056043125689029694,0.056043125689029694
239,239,0.04769322648644447,,,,,,,
240,240,,,0.9546801447868347,0.08652570843696594,0.9489681124687195,0.3242439329624176,0.0559300035238266,0.0559300035238266
240,240,0.047609467059373856,,,,,,,
241,241,,,0.9546747803688049,0.08639979362487793,0.9489271640777588,0.3236771523952484,0.055816806852817535,0.055816806852817535
241,241,0.047525692731142044,,,,,,,
242,242,,,0.9546709656715393,0.08627337217330933,0.9488860368728638,0.3231090009212494,0.0557035431265831,0.0557035431265831
242,242,0.047441914677619934,,,,,,,
243,243,,,0.954669177532196,0.0861462876200676,0.9488444328308105,0.3225392997264862,0.05559016391634941,0.05559016391634941
243,243,0.047358158975839615,,,,,,,
244,244,,,0.9546693563461304,0.08601851761341095,0.9488024711608887,0.3219679296016693,0.05547666549682617,0.05547666549682617
244,244,0.047274380922317505,,,,,,,
245,245,,,0.9546715617179871,0.08588968962430954,0.9487605094909668,0.32139477133750916,0.055363018065690994,0.055363018065690994
245,245,0.047190602868795395,,,,,,,
246,246,,,0.9546757936477661,0.08576004952192307,0.9487185478210449,0.3208196759223938,0.05524921417236328,0.05524921417236328
246,246,0.04710680991411209,,,,,,,
247,247,,,0.9546819925308228,0.08562948554754257,0.9486767649650574,0.32024258375167847,0.05513524264097214,0.05513524264097214
247,247,0.04702302813529968,,,,,,,
248,248,,,0.9546899199485779,0.08549816906452179,0.9486352801322937,0.3196633458137512,0.05502109229564667,0.05502109229564667
248,248,0.04693923518061638,,,,,,,
249,249,,0.04685544595122337,,,,,,
249,249,,,0.9546999931335449,0.08536609262228012,0.9485940933227539,0.3190820813179016,0.05490677058696747,0.05490677058696747
249,249,0.04685544595122337,,,,,,,
250,250,,,0.9547117352485657,0.0852334126830101,0.9485530257225037,0.3184986710548401,0.054792266339063644,0.054792266339063644
250,250,0.04677163437008858,,,,,,,
251,251,,,0.9547251462936401,0.0851004347205162,0.9485120177268982,0.3179132640361786,0.05467759817838669,0.05467759817838669
251,251,0.04668782651424408,,,,,,,
252,252,,,0.9547402262687683,0.08496695756912231,0.9484710693359375,0.3173258900642395,0.054562777280807495,0.054562777280807495
252,252,0.04660399630665779,,,,,,,
253,253,,,0.9547567963600159,0.084833063185215,0.9484297037124634,0.31673663854599,0.05444779619574547,0.05444779619574547
253,253,0.0465201772749424,,,,,,,
254,254,,,0.9547749161720276,0.08469875156879425,0.9483883380889893,0.31614553928375244,0.05433269217610359,0.05433269217610359
254,254,0.04643635079264641,,,,,,,
255,255,,,0.9547942876815796,0.08456425368785858,0.9483464360237122,0.315552681684494,0.05421745032072067,0.05421745032072067
255,255,0.04635249823331833,,,,,,,
256,256,,,0.9548152685165405,0.08442967385053635,0.9483041763305664,0.3149580657482147,0.0541020892560482,0.0541020892560482
256,256,0.04626865312457085,,,,,,,
257,257,,,0.954837441444397,0.08429492264986038,0.9482614994049072,0.31436169147491455,0.05398659035563469,0.05398659035563469
257,257,0.046184781938791275,,,,,,,
258,258,,,0.9548608064651489,0.08416008949279785,0.9482184648513794,0.31376346945762634,0.05387096852064133,0.05387096852064133
258,258,0.046100914478302,,,,,,,
259,259,,,0.9548856019973755,0.08402515947818756,0.9481751322746277,0.3131633996963501,0.05375520884990692,0.05375520884990692
259,259,0.04601704329252243,,,,,,,
260,260,,,0.9549115300178528,0.0838901698589325,0.948131799697876,0.31256139278411865,0.05363931506872177,0.05363931506872177
260,260,0.045933157205581665,,,,,,,
261,261,,,0.9549390077590942,0.0837550088763237,0.9480884075164795,0.31195735931396484,0.05352327600121498,0.05352327600121498
261,261,0.0458492748439312,,,,,,,
262,262,,,0.9549678564071655,0.08361950516700745,0.9480447173118591,0.3113512694835663,0.05340706184506416,0.05340706184506416
262,262,0.04576538875699043,,,,,,,
263,263,,,0.9549983739852905,0.08348379284143448,0.9480006098747253,0.3107430338859558,0.05329067260026932,0.05329067260026932
263,263,0.04568149894475937,,,,,,,
264,264,,,0.955030620098114,0.08334793150424957,0.9479561448097229,0.31013262271881104,0.05317409336566925,0.05317409336566925
264,264,0.045597586780786514,,,,,,,
265,265,,,0.9550646543502808,0.0832117572426796,0.9479112029075623,0.30952009558677673,0.053057342767715454,0.053057342767715454
265,265,0.04551369696855545,,,,,,,
266,266,,,0.9551004767417908,0.08307522535324097,0.9478657841682434,0.30890539288520813,0.052940405905246735,0.052940405905246735
266,266,0.045429762452840805,,,,,,,
267,267,,,0.9551382064819336,0.08293836563825607,0.9478199481964111,0.3082885444164276,0.05282330513000488,0.05282330513000488
267,267,0.04534585773944855,,,,,,,
268,268,,,0.9551777839660645,0.0828012228012085,0.9477738738059998,0.30766957998275757,0.052706047892570496,0.052706047892570496
268,268,0.04526194930076599,,,,,,,
269,269,,,0.9552190899848938,0.08266368508338928,0.9477273225784302,0.3070485591888428,0.05258863419294357,0.05258863419294357
269,269,0.045178040862083435,,,,,,,
270,270,,,0.955262303352356,0.08252600580453873,0.9476804733276367,0.3064254820346832,0.05247107520699501,0.05247107520699501
270,270,0.04509412497282028,,,,,,,
271,271,,,0.9553071856498718,0.08238792419433594,0.9476329684257507,0.3058004081249237,0.052353374660015106,0.052353374660015106
271,271,0.045010216534137726,,,,,,,
272,272,,,0.9553537964820862,0.08224961906671524,0.9475854635238647,0.3051733672618866,0.05223555862903595,0.05223555862903595
272,272,0.04492630809545517,,,,,,,
273,273,,,0.9554021954536438,0.08211121708154678,0.9475373029708862,0.30454424023628235,0.052117589861154556,0.052117589861154556
273,273,0.044842418283224106,,,,,,,
274,274,,,0.9554522633552551,0.08197292685508728,0.9474886059761047,0.3039131760597229,0.051999498158693314,0.051999498158693314
274,274,0.04475850984454155,,,,,,,
275,275,,,0.9555041790008545,0.08183473348617554,0.9474393725395203,0.3032799959182739,0.05188126489520073,0.05188126489520073
275,275,0.044674623757600784,,,,,,,
276,276,,,0.9555578231811523,0.08169648796319962,0.9473894238471985,0.30264464020729065,0.05176285654306412,0.05176285654306412
276,276,0.044590748846530914,,,,,,,
277,277,,,0.9556131958961487,0.0815587192773819,0.9473387598991394,0.30200713872909546,0.05164429172873497,0.05164429172873497
277,277,0.04450688138604164,,,,,,,
278,278,,,0.9556703567504883,0.08142098784446716,0.9472873210906982,0.30136749148368835,0.05152556300163269,0.05152556300163269
278,278,0.04442303255200386,,,,,,,
279,279,,,0.9557293653488159,0.08128343522548676,0.9472352266311646,0.30072566866874695,0.05140668526291847,0.05140668526291847
279,279,0.04433919116854668,,,,,,,
280,280,,,0.9557901620864868,0.08114630728960037,0.9471824169158936,0.3000815510749817,0.051287636160850525,0.051287636160850525
280,280,0.044255372136831284,,,,,,,
281,281,,,0.9558528065681458,0.08100920915603638,0.9471288919448853,0.2994353771209717,0.051168449223041534,0.051168449223041534
281,281,0.04417157173156738,,,,,,,
282,282,,,0.955917239189148,0.08087266981601715,0.9470749497413635,0.2987869381904602,0.051049116998910904,0.051049116998910904
282,282,0.04408779367804527,,,,,,,
283,283,,,0.9559836983680725,0.08073624223470688,0.9470201730728149,0.2981363534927368,0.05092962831258774,0.05092962831258774
283,283,0.044004037976264954,,,,,,,
284,284,,,0.9560518264770508,0.08060001581907272,0.9469649791717529,0.2974835932254791,0.05081002041697502,0.05081002041697502
284,284,0.043920304626226425,,,,,,,
285,285,,,0.9561221599578857,0.08046383410692215,0.9469091296195984,0.2968287765979767,0.05069027841091156,0.05069027841091156
285,285,0.04383661597967148,,,,,,,
286,286,,,0.956194281578064,0.08032795786857605,0.9468525052070618,0.29617181420326233,0.05057041347026825,0.05057041347026825
286,286,0.04375294968485832,,,,,,,
287,287,,,0.9562683701515198,0.08019222319126129,0.9467951655387878,0.29551273584365845,0.05045042186975479,0.05045042186975479
287,287,0.04366930201649666,,,,,,,
288,288,,,0.9563446044921875,0.08005683869123459,0.9467368721961975,0.2948516011238098,0.050330307334661484,0.050330307334661484
288,288,0.04358571767807007,,,,,,,
289,289,,,0.9564226865768433,0.07992169260978699,0.9466776847839355,0.2941882610321045,0.050210047513246536,0.050210047513246536
289,289,0.04350215941667557,,,,,,,
290,290,,,0.9565029740333557,0.0797869935631752,0.9466177821159363,0.29352280497550964,0.05008967965841293,0.05008967965841293
290,290,0.043418657034635544,,,,,,,
291,291,,,0.9565852284431458,0.07965259253978729,0.9465571641921997,0.2928552031517029,0.04996918514370918,0.04996918514370918
291,291,0.04333517327904701,,,,,,,
292,292,,,0.9566694498062134,0.07951881736516953,0.946495771408081,0.2921854853630066,0.04984857887029648,0.04984857887029648
292,292,0.04325176030397415,,,,,,,
293,293,,,0.9567556977272034,0.07938546687364578,0.9464334845542908,0.291513592004776,0.049727845937013626,0.049727845937013626
293,293,0.04316839948296547,,,,,,,
294,294,,,0.9568442106246948,0.07925291359424591,0.9463701844215393,0.2908395826816559,0.04960700124502182,0.04960700124502182
294,294,0.043085094541311264,,,,,,,
295,295,,,0.9569346904754639,0.07912110537290573,0.9463061094284058,0.2901633083820343,0.049486029893159866,0.049486029893159866
295,295,0.04300183430314064,,,,,,,
296,296,,,0.9570271372795105,0.07899004220962524,0.946241021156311,0.2894848883152008,0.04936493933200836,0.04936493933200836
296,296,0.04291865974664688,,,,,,,
297,297,,,0.9571216702461243,0.0788596048951149,0.9461749196052551,0.28880444169044495,0.049243759363889694,0.049243759363889694
297,297,0.0428355410695076,,,,,,,
298,298,,,0.95721834897995,0.0787300392985344,0.9461080431938171,0.2881218194961548,0.04912247136235237,0.04912247136235237
298,298,0.042752496898174286,,,,,,,
299,299,,0.04266951605677605,,,,,,
299,299,,,0.9573171138763428,0.0786011666059494,0.9460402131080627,0.2874371409416199,0.049001093953847885,0.049001093953847885
299,299,0.04266951605677605,,,,,,,
300,300,,,0.9574179649353027,0.07847310602664948,0.9459715485572815,0.2867504358291626,0.04887964576482773,0.04887964576482773
300,300,0.042586617171764374,,,,,,,
301,301,,,0.9575207829475403,0.0783458799123764,0.9459019303321838,0.28606170415878296,0.04875811189413071,0.04875811189413071
301,301,0.04250380024313927,,,,,,,
302,302,,,0.9576258659362793,0.0782194435596466,0.9458314180374146,0.2853708565235138,0.04863649234175682,0.04863649234175682
302,302,0.04242107272148132,,,,,,,
303,303,,,0.9577330946922302,0.07809406518936157,0.9457599520683289,0.28467798233032227,0.048514798283576965,0.048514798283576965
303,303,0.04233843833208084,,,,,,,
304,304,,,0.9578424692153931,0.07796933501958847,0.9456875920295715,0.283983051776886,0.04839302971959114,0.04839302971959114
304,304,0.04225590452551842,,,,,,,
305,305,,,0.9579538702964783,0.07784564048051834,0.945614218711853,0.28328609466552734,0.04827119782567024,0.04827119782567024
305,305,0.042173463851213455,,,,,,,
306,306,,,0.9580675959587097,0.07772266864776611,0.9455397129058838,0.28258708119392395,0.04814928397536278,0.04814928397536278
306,306,0.04209112003445625,,,,,,,
307,307,,,0.9581834077835083,0.077600859105587,0.9454644322395325,0.28188616037368774,0.04802733659744263,0.04802733659744263
307,307,0.042008884251117706,,,,,,,
308,308,,,0.9583013653755188,0.07748027890920639,0.9453880190849304,0.2811831533908844,0.047905318439006805,0.047905318439006805
308,308,0.04192677512764931,,,,,,,
309,309,,,0.9584217071533203,0.07736074179410934,0.9453104734420776,0.2804781496524811,0.04778323695063591,0.04778323695063591
309,309,0.041844770312309265,,,,,,,
310,310,,,0.9585442543029785,0.0772424265742302,0.9452318549156189,0.2797711491584778,0.047661107033491135,0.047661107033491135
310,310,0.04176289588212967,,,,,,,
311,311,,,0.9586689472198486,0.0771254375576973,0.9451526403427124,0.2790622115135193,0.04753895848989487,0.04753895848989487
311,311,0.04168114811182022,,,,,,,
312,312,,,0.958795964717865,0.07700980454683304,0.9450722932815552,0.278351366519928,0.047416768968105316,0.047416768968105316
312,312,0.04159952700138092,,,,,,,
313,313,,,0.958925187587738,0.07689527422189713,0.9449910521507263,0.27763867378234863,0.04729457572102547,0.04729457572102547
313,313,0.041518036276102066,,,,,,,
314,314,,,0.9590564966201782,0.07678229361772537,0.9449089765548706,0.2769240438938141,0.04717236012220383,0.04717236012220383
314,314,0.04143669828772545,,,,,,,
315,315,,,0.9591901898384094,0.07667053490877151,0.9448255896568298,0.2762075960636139,0.047050125896930695,0.047050125896930695
315,315,0.041355494409799576,,,,,,,
316,316,,,0.9593260884284973,0.07656000554561615,0.9447411894798279,0.27548927068710327,0.04692786931991577,0.04692786931991577
316,316,0.04127445071935654,,,,,,,
317,317,,,0.9594642519950867,0.07645116001367569,0.9446555376052856,0.2747691571712494,0.04680561274290085,0.04680561274290085
317,317,0.04119357839226723,,,,,,,
318,318,,,0.9596046209335327,0.07634364813566208,0.944568932056427,0.27404728531837463,0.04668337106704712,0.04668337106704712
318,318,0.04111282899975777,,,,,,,
319,319,,,0.9597472548484802,0.07623761892318726,0.9444814324378967,0.2733236253261566,0.046561144292354584,0.046561144292354584
319,319,0.04103226959705353,,,,,,,
320,320,,,0.9598920941352844,0.07613313943147659,0.9443929195404053,0.2725982367992401,0.04643893241882324,0.04643893241882324
320,320,0.04095188528299332,,,,,,,
321,321,,,0.9600390791893005,0.07603020966053009,0.944303572177887,0.27187106013298035,0.04631674662232399,0.04631674662232399
321,321,0.04087166488170624,,,,,,,
322,322,,,0.9601884484291077,0.07592883706092834,0.944213330745697,0.2711421549320221,0.04619458690285683,0.04619458690285683
322,322,0.040791645646095276,,,,,,,
323,323,,,0.9603399634361267,0.07582920044660568,0.9441220164299011,0.2704116106033325,0.046072475612163544,0.046072475612163544
323,323,0.04071179777383804,,,,,,,
324,324,,,0.960493803024292,0.07573124766349792,0.9440297484397888,0.26967936754226685,0.04595039784908295,0.04595039784908295
324,324,0.040632154792547226,,,,,,,
325,325,,,0.9606497287750244,0.07563502341508865,0.9439363479614258,0.2689455449581146,0.04582837224006653,0.04582837224006653
325,325,0.040552690625190735,,,,,,,
326,326,,,0.9608079195022583,0.07554072141647339,0.9438420534133911,0.26821020245552063,0.045706428587436676,0.045706428587436676
326,326,0.04047344997525215,,,,,,,
327,327,,,0.9609683156013489,0.07544807344675064,0.9437469840049744,0.2674733102321625,0.0455845482647419,0.0455845482647419
327,327,0.040394414216279984,,,,,,,
328,328,,,0.9611309766769409,0.07535742223262787,0.9436509013175964,0.2667348384857178,0.04546274244785309,0.04546274244785309
328,328,0.040315594524145126,,,,,,,
329,329,,,0.9612956643104553,0.0752684473991394,0.9435539841651917,0.2659949064254761,0.045341022312641144,0.045341022312641144
329,329,0.04023699834942818,,,,,,,
330,330,,,0.9614625573158264,0.07518136501312256,0.9434560537338257,0.2652535140514374,0.04521939158439636,0.04521939158439636
330,330,0.04015860706567764,,,,,,,
331,331,,,0.9616315364837646,0.07509611546993256,0.9433574080467224,0.26451078057289124,0.04509788006544113,0.04509788006544113
331,331,0.04008045792579651,,,,,,,
332,332,,,0.9618027210235596,0.07501282542943954,0.9432576298713684,0.2637665867805481,0.044976454228162766,0.044976454228162766
332,332,0.040002547204494476,,,,,,,
333,333,,,0.9619759321212769,0.07493137568235397,0.9431570172309875,0.2630210518836975,0.04485514760017395,0.04485514760017395
333,333,0.039924874901771545,,,,,,,
334,334,,,0.9621514678001404,0.0748520940542221,0.9430555701255798,0.26227423548698425,0.04473397135734558,0.04473397135734558
334,334,0.039847441017627716,,,,,,,
335,335,,,0.9623287916183472,0.07477486878633499,0.9429534077644348,0.26152607798576355,0.04461292922496796,0.04461292922496796
335,335,0.03977026790380478,,,,,,,
336,336,,,0.9625083208084106,0.07469962537288666,0.9428503513336182,0.26077672839164734,0.044492024928331375,0.044492024928331375
336,336,0.03969334065914154,,,,,,,
337,337,,,0.9626897573471069,0.0746263712644577,0.9427465796470642,0.2600261867046356,0.04437127336859703,0.04437127336859703
337,337,0.03961670771241188,,,,,,,
338,338,,,0.9628732800483704,0.07455508410930634,0.9426422119140625,0.2592744827270508,0.044250693172216415,0.044250693172216415
338,338,0.03954031318426132,,,,,,,
339,339,,,0.9630588889122009,0.07448600977659225,0.9425370097160339,0.2585216760635376,0.04413027688860893,0.04413027688860893
339,339,0.03946419432759285,,,,,,,
340,340,,,0.96324622631073,0.07441915571689606,0.9424310326576233,0.25776779651641846,0.04401003569364548,0.04401003569364548
340,340,0.039388369768857956,,,,,,,
341,341,,,0.9634356498718262,0.07435441017150879,0.9423243999481201,0.2570129334926605,0.043889984488487244,0.043889984488487244
341,341,0.039312802255153656,,,,,,,
342,342,,,0.9636268019676208,0.07429168373346329,0.9422168731689453,0.25625717639923096,0.04377013444900513,0.04377013444900513
342,342,0.03923753276467323,,,,,,,
343,343,,,0.9638197422027588,0.07423135638237,0.9421089291572571,0.255500465631485,0.04365049675107002,0.04365049675107002
343,343,0.03916255757212639,,,,,,,
344,344,,,0.9640145301818848,0.0741729885339737,0.9420005083084106,0.25474289059638977,0.043531082570552826,0.043531082570552826
344,344,0.03908787667751312,,,,,,,
345,345,,,0.9642109274864197,0.0741167664527893,0.9418913722038269,0.2539845108985901,0.04341188818216324,0.04341188818216324
345,345,0.03901350125670433,,,,,,,
346,346,,,0.9644091725349426,0.07406312972307205,0.941781759262085,0.2532252371311188,0.04329292103648186,0.04329292103648186
346,346,0.038939427584409714,,,,,,,
347,347,,,0.9646089673042297,0.07401148974895477,0.9416714310646057,0.25246530771255493,0.043174196034669876,0.043174196034669876
347,347,0.03886565938591957,,,,,,,
348,348,,,0.9648104906082153,0.07396219670772552,0.9415607452392578,0.2517045736312866,0.043055713176727295,0.043055713176727295
348,348,0.03879223391413689,,,,,,,
349,349,,0.03871911019086838,,,,,,
349,349,,,0.9650134444236755,0.07391517609357834,0.9414493441581726,0.2509433329105377,0.0429375022649765,0.0429375022649765
349,349,0.03871911019086838,,,,,,,
350,350,,,0.9652180671691895,0.07387038320302963,0.9413376450538635,0.25018155574798584,0.04281957820057869,0.04281957820057869
350,350,0.03864629939198494,,,,,,,
351,351,,,0.9654240608215332,0.07382773607969284,0.9412255883216858,0.24941925704479218,0.04270193353295326,0.04270193353295326
351,351,0.03857382386922836,,,,,,,
352,352,,,0.9656314849853516,0.0737876296043396,0.9411131739616394,0.2486564815044403,0.042584579437971115,0.042584579437971115
352,352,0.03850168734788895,,,,,,,
353,353,,,0.965840220451355,0.07374970614910126,0.9410004019737244,0.247893288731575,0.04246753081679344,0.04246753081679344
353,353,0.03842988982796669,,,,,,,
354,354,,,0.9660503268241882,0.07371394336223602,0.9408870935440063,0.24712976813316345,0.04235078766942024,0.04235078766942024
354,354,0.0383584201335907,,,,,,,
355,355,,,0.9662618041038513,0.07368066161870956,0.9407736659049988,0.24636594951152802,0.04223436862230301,0.04223436862230301
355,355,0.03828731179237366,,,,,,,
356,356,,,0.9664742946624756,0.0736495703458786,0.9406600594520569,0.24560190737247467,0.042118288576602936,0.042118288576602936
356,356,0.03821653500199318,,,,,,,
357,357,,,0.9666879177093506,0.07362071424722672,0.9405462741851807,0.244837686419487,0.04200255125761032,0.04200255125761032
357,357,0.038146115839481354,,,,,,,
358,358,,,0.966902494430542,0.07359421998262405,0.9404324889183044,0.2440733164548874,0.04188716784119606,0.04188716784119606
358,358,0.038076043128967285,,,,,,,
359,359,,,0.9671181440353394,0.07356993854045868,0.9403185844421387,0.2433089017868042,0.04177214950323105,0.04177214950323105
359,359,0.03800634667277336,,,,,,,
360,360,,,0.9673347473144531,0.07354789227247238,0.940204381942749,0.24254462122917175,0.04165751487016678,0.04165751487016678
360,360,0.03793700039386749,,,,,,,
361,361,,,0.9675520062446594,0.0735282376408577,0.9400901198387146,0.24178044497966766,0.04154326021671295,0.04154326021671295
361,361,0.037868015468120575,,,,,,,
362,362,,,0.9677702188491821,0.07351092994213104,0.9399756193161011,0.2410164624452591,0.04142940044403076,0.04142940044403076
362,362,0.037799399346113205,,,,,,,
363,363,,,0.967988908290863,0.07349597662687302,0.9398612976074219,0.24025258421897888,0.04131593555212021,0.04131593555212021
363,363,0.03773113340139389,,,,,,,
364,364,,,0.9682081341743469,0.07348302006721497,0.939747154712677,0.23948898911476135,0.041202887892723083,0.041202887892723083
364,364,0.03766326978802681,,,,,,,
365,365,,,0.9684279561042786,0.07347249984741211,0.939633309841156,0.23872579634189606,0.04109027981758118,0.04109027981758118
365,365,0.037595752626657486,,,,,,,
366,366,,,0.9686481356620789,0.07346425205469131,0.9395194053649902,0.2379629909992218,0.04097810015082359,0.04097810015082359
366,366,0.0375286228954792,,,,,,,
367,367,,,0.9688687324523926,0.07345817238092422,0.9394056797027588,0.23720066249370575,0.04086635634303093,0.04086635634303093
367,367,0.03746187686920166,,,,,,,
368,368,,,0.9690896272659302,0.07345421612262726,0.9392920732498169,0.23643891513347626,0.04075507074594498,0.04075507074594498
368,368,0.03739549592137337,,,,,,,
369,369,,,0.9693108797073364,0.0734526664018631,0.9391786456108093,0.2356778085231781,0.04064425081014633,0.04064425081014633
369,369,0.037329502403736115,,,,,,,
370,370,,,0.9695320129394531,0.07345310598611832,0.9390655755996704,0.23491740226745605,0.04053390398621559,0.04053390398621559
370,370,0.03726388141512871,,,,,,,
371,371,,,0.969753086566925,0.07345586270093918,0.9389528036117554,0.23415778577327728,0.04042404145002365,0.04042404145002365
371,371,0.03719867020845413,,,,,,,
372,372,,,0.9699740409851074,0.07346073538064957,0.9388408660888672,0.23339897394180298,0.0403146930038929,0.0403146930038929
372,372,0.037133824080228806,,,,,,,
373,373,,,0.9701948761940002,0.07346764206886292,0.9387293457984924,0.2326410710811615,0.04020584374666214,0.04020584374666214
373,373,0.03706936165690422,,,,,,,
374,374,,,0.9704153537750244,0.07347667962312698,0.9386181235313416,0.2318841814994812,0.04009750485420227,0.04009750485420227
374,374,0.03700530156493187,,,,,,,
375,375,,,0.9706354737281799,0.0734877660870552,0.9385073184967041,0.23112834990024567,0.03998968005180359,0.03998968005180359
375,375,0.036941614001989365,,,,,,,
376,376,,,0.970855176448822,0.0735011100769043,0.9383969902992249,0.23037368059158325,0.039882391691207886,0.039882391691207886
376,376,0.0368783064186573,,,,,,,
377,377,,,0.9710743427276611,0.07351656258106232,0.9382871389389038,0.22962021827697754,0.03977564722299576,0.03977564722299576
377,377,0.03681539371609688,,,,,,,
378,378,,,0.9712926745414734,0.0735340341925621,0.9381780028343201,0.2288680076599121,0.039669446647167206,0.039669446647167206
378,378,0.03675288334488869,,,,,,,
379,379,,,0.9715103507041931,0.07355352491140366,0.9380696415901184,0.2281171679496765,0.03956381604075432,0.03956381604075432
379,379,0.036690741777420044,,,,,,,
380,380,,,0.9717271327972412,0.0735752284526825,0.9379619359970093,0.22736775875091553,0.0394587479531765,0.0394587479531765
380,380,0.036629002541303635,,,,,,,
381,381,,,0.9719427227973938,0.07359873503446579,0.9378552436828613,0.22661985456943512,0.03935427591204643,0.03935427591204643
381,381,0.03656764328479767,,,,,,,
382,382,,,0.9721572995185852,0.07362423837184906,0.937749445438385,0.22587350010871887,0.03925038129091263,0.03925038129091263
382,382,0.03650667145848274,,,,,,,
383,383,,,0.9723707437515259,0.07365164160728455,0.9376442432403564,0.22512879967689514,0.03914707899093628,0.03914707899093628
383,383,0.036446087062358856,,,,,,,
384,384,,,0.9725830554962158,0.07368107885122299,0.9375397562980652,0.22438591718673706,0.03904438763856888,0.03904438763856888
384,384,0.036385878920555115,,,,,,,
385,385,,,0.9727938771247864,0.07371214777231216,0.9374361038208008,0.22364479303359985,0.03894229233264923,0.03894229233264923
385,385,0.03632605820894241,,,,,,,
386,386,,,0.9730032682418823,0.07374513894319534,0.9373334646224976,0.22290554642677307,0.038840822875499725,0.038840822875499725
386,386,0.036266621202230453,,,,,,,
387,387,,,0.9732110500335693,0.07377995550632477,0.9372319579124451,0.22216826677322388,0.038739994168281555,0.038739994168281555
387,387,0.03620756417512894,,,,,,,
388,388,,,0.9734172224998474,0.07381674647331238,0.9371314644813538,0.22143296897411346,0.03863978758454323,0.03863978758454323
388,388,0.03614889457821846,,,,,,,
389,389,,,0.9736212491989136,0.07385537028312683,0.9370322823524475,0.22069984674453735,0.03854024410247803,0.03854024410247803
389,389,0.03609059751033783,,,,,,,
390,390,,,0.973823606967926,0.07389570772647858,0.9369342923164368,0.21996885538101196,0.03844135254621506,0.03844135254621506
390,390,0.03603268042206764,,,,,,,
391,391,,,0.9740239977836609,0.07393767684698105,0.9368369579315186,0.21924002468585968,0.03834308311343193,0.03834308311343193
391,391,0.0359751358628273,,,,,,,
392,392,,,0.9742223024368286,0.0739814043045044,0.9367407560348511,0.21851353347301483,0.03824548423290253,0.03824548423290253
392,392,0.03591796010732651,,,,,,,
393,393,,,0.9744185209274292,0.07402695715427399,0.9366455078125,0.21778953075408936,0.03814856335520744,0.03814856335520744
393,393,0.03586116060614586,,,,,,,
394,394,,,0.9746122360229492,0.07407413423061371,0.9365517497062683,0.2170679271221161,0.03805231302976608,0.03805231302976608
394,394,0.035804733633995056,,,,,,,
395,395,,,0.9748035669326782,0.07412305474281311,0.9364596009254456,0.21634884178638458,0.03795676305890083,0.03795676305890083
395,395,0.035748664289712906,,,,,,,
396,396,,,0.9749925136566162,0.0741734504699707,0.9363688230514526,0.2156323939561844,0.037861909717321396,0.037861909717321396
396,396,0.0356929674744606,,,,,,,
397,397,,,0.9751788377761841,0.07422535866498947,0.9362792372703552,0.2149186134338379,0.037767745554447174,0.037767745554447174
397,397,0.035637617111206055,,,,,,,
398,398,,,0.9753625392913818,0.07427875697612762,0.9361910820007324,0.21420757472515106,0.03767428919672966,0.03767428919672966
398,398,0.03558265045285225,,,,,,,
399,399,,0.035528019070625305,,,,,,
399,399,,,0.9755436182022095,0.07433377951383591,0.9361042976379395,0.21349932253360748,0.03758152574300766,0.03758152574300766
399,399,0.035528019070625305,,,,,,,
400,400,,,0.9757218360900879,0.07439028471708298,0.9360186457633972,0.21279394626617432,0.037489473819732666,0.037489473819732666
400,400,0.03547374904155731,,,,,,,
401,401,,,0.9758970141410828,0.0744481310248375,0.9359343647956848,0.21209140121936798,0.03739812225103378,0.03739812225103378
401,401,0.035419829189777374,,,,,,,
402,402,,,0.9760691523551941,0.07450758665800095,0.9358518123626709,0.21139192581176758,0.0373075008392334,0.0373075008392334
402,402,0.0353662483394146,,,,,,,
403,403,,,0.9762381315231323,0.07456833869218826,0.9357708692550659,0.21069547533988953,0.03721760958433151,0.03721760958433151
403,403,0.03531302511692047,,,,,,,
404,404,,,0.9764041900634766,0.07463067770004272,0.9356913566589355,0.21000215411186218,0.03712844476103783,0.03712844476103783
404,404,0.03526013344526291,,,,,,,
405,405,,,0.9765667915344238,0.0746944397687912,0.9356133937835693,0.20931203663349152,0.037040017545223236,0.037040017545223236
405,405,0.035207599401474,,,,,,,
406,406,,,0.9767261147499084,0.07475938647985458,0.9355370998382568,0.20862515270709991,0.03695232793688774,0.03695232793688774
406,406,0.035155389457941055,,,,,,,
407,407,,,0.9768819808959961,0.07482568919658661,0.9354623556137085,0.20794156193733215,0.036865368485450745,0.036865368485450745
407,407,0.03510351479053497,,,,,,,
408,408,,,0.977034330368042,0.07489320635795593,0.9353892803192139,0.20726127922534943,0.03677915781736374,0.03677915781736374
408,408,0.03505196422338486,,,,,,,
409,409,,,0.9771832227706909,0.07496197521686554,0.9353176951408386,0.20658442378044128,0.03669368475675583,0.03669368475675583
409,409,0.0350007489323616,,,,,,,
410,410,,,0.9773285388946533,0.07503201812505722,0.9352477788925171,0.20591099560260773,0.036608949303627014,0.036608949303627014
410,410,0.034949854016304016,,,,,,,
411,411,,,0.9774702191352844,0.07510320097208023,0.9351794719696045,0.2052411288022995,0.036524973809719086,0.036524973809719086
411,411,0.0348992757499218,,,,,,,
412,412,,,0.9776080846786499,0.07517543435096741,0.9351130723953247,0.2045748233795166,0.03644175082445145,0.03644175082445145
412,412,0.03484901040792465,,,,,,,
413,413,,,0.9777421355247498,0.07524889707565308,0.9350482821464539,0.20391209423542023,0.0363592803478241,0.0363592803478241
413,413,0.03479906916618347,,,,,,,
414,414,,,0.9778724312782288,0.07532341778278351,0.9349854588508606,0.20325307548046112,0.03627757728099823,0.03627757728099823
414,414,0.03474944829940796,,,,,,,
415,415,,,0.9779987335205078,0.07539890706539154,0.934924304485321,0.2025977075099945,0.036196619272232056,0.036196619272232056
415,415,0.03470011427998543,,,,,,,
416,416,,,0.9781210422515869,0.07547556608915329,0.93486487865448,0.20194612443447113,0.03611642122268677,0.03611642122268677
416,416,0.034651096910238266,,,,,,,
417,417,,,0.9782394766807556,0.0755532905459404,0.9348069429397583,0.2012982815504074,0.03603696823120117,0.03603696823120117
417,417,0.03460237756371498,,,,,,,
418,418,,,0.9783538579940796,0.07563213258981705,0.9347509145736694,0.2006543129682541,0.03595827892422676,0.03595827892422676
418,418,0.03455396741628647,,,,,,,
419,419,,,0.9784641861915588,0.07571186125278473,0.9346966743469238,0.20001420378684998,0.03588034212589264,0.03588034212589264
419,419,0.03450584411621094,,,,,,,
420,420,,,0.9785702228546143,0.07579242438077927,0.9346442222595215,0.19937801361083984,0.035803165286779404,0.035803165286779404
420,420,0.03445800766348839,,,,,,,
421,421,,,0.978672206401825,0.0758739560842514,0.9345937967300415,0.19874577224254608,0.03572675958275795,0.03572675958275795
421,421,0.03441046550869942,,,,,,,
422,422,,,0.978769838809967,0.07595628499984741,0.93454509973526,0.19811750948429108,0.03565110266208649,0.03565110266208649
422,422,0.03436322137713432,,,,,,,
423,423,,,0.9788634181022644,0.07603945583105087,0.934498131275177,0.197493314743042,0.03557620942592621,0.03557620942592621
423,423,0.03431624546647072,,,,,,,
424,424,,,0.9789526462554932,0.0761236697435379,0.9344528913497925,0.19687320291996002,0.03550206869840622,0.03550206869840622
424,424,0.03426956385374069,,,,,,,
425,425,,,0.979037880897522,0.07620865851640701,0.9344093799591064,0.19625712931156158,0.03542867302894592,0.03542867302894592
425,425,0.03422314673662186,,,,,,,
426,426,,,0.9791186451911926,0.07629437744617462,0.9343676567077637,0.19564510881900787,0.03535602241754532,0.03535602241754532
426,426,0.034177016466856,,,,,,,
427,427,,,0.9791951775550842,0.07638083398342133,0.9343278408050537,0.19503724575042725,0.0352841280400753,0.0352841280400753
427,427,0.034131161868572235,,,,,,,
428,428,,,0.9792674779891968,0.07646775990724564,0.9342897534370422,0.1944335401058197,0.03521297872066498,0.03521297872066498
428,428,0.03408557549118996,,,,,,,
429,429,,,0.979335367679596,0.07655555009841919,0.934253454208374,0.19383405148983002,0.035142578184604645,0.035142578184604645
429,429,0.03404024988412857,,,,,,,
430,430,,,0.9793990254402161,0.07664389908313751,0.934219241142273,0.19323882460594177,0.0350729376077652,0.0350729376077652
430,430,0.033995211124420166,,,,,,,
431,431,,,0.9794583320617676,0.07673300802707672,0.9341868162155151,0.1926478147506714,0.03500404208898544,0.03500404208898544
431,431,0.03395041450858116,,,,,,,
432,432,,,0.9795134663581848,0.07682265341281891,0.934156060218811,0.19206100702285767,0.03493587300181389,0.03493587300181389
432,432,0.03390589356422424,,,,,,,
433,433,,,0.9795641899108887,0.07691289484500885,0.9341270327568054,0.19147846102714539,0.03486843779683113,0.03486843779683113
433,433,0.03386162593960762,,,,,,,
434,434,,,0.9796105623245239,0.077003613114357,0.9340994954109192,0.19090019166469574,0.03480172157287598,0.03480172157287598
434,434,0.033817607909440994,,,,,,,
435,435,,,0.9796525835990906,0.07709489017724991,0.9340739250183105,0.19032634794712067,0.03473575785756111,0.03473575785756111
435,435,0.03377385810017586,,,,,,,
436,436,,,0.9796904921531677,0.07718658447265625,0.9340499043464661,0.1897568255662918,0.03467051684856415,0.03467051684856415
436,436,0.033730361610651016,,,,,,,
437,437,,,0.9797239303588867,0.07727880775928497,0.9340278506278992,0.18919159471988678,0.034605998545885086,0.034605998545885086
437,437,0.03368711471557617,,,,,,,
438,438,,,0.9797530770301819,0.07737137377262115,0.9340074062347412,0.1886305958032608,0.03454218804836273,0.03454218804836273
438,438,0.03364412114024162,,,,,,,
439,439,,,0.9797780513763428,0.07746425271034241,0.9339886903762817,0.1880740225315094,0.03447909653186798,0.03447909653186798
439,439,0.033601369708776474,,,,,,,
440,440,,,0.9797989130020142,0.07755762338638306,0.9339715242385864,0.18752188980579376,0.03441672399640083,0.03441672399640083
440,440,0.03355886787176132,,,,,,,
441,441,,,0.9798156023025513,0.07765121757984161,0.9339562654495239,0.18697407841682434,0.03435505926609039,0.03435505926609039
441,441,0.03351660445332527,,,,,,,
442,442,,,0.9798281192779541,0.07774513214826584,0.9339423775672913,0.1864306926727295,0.034294094890356064,0.034294094890356064
442,442,0.03347459062933922,,,,,,,
443,443,,,0.9798367023468018,0.0778392106294632,0.9339300990104675,0.18589159846305847,0.03423382341861725,0.03423382341861725
443,443,0.03343283012509346,,,,,,,
444,444,,,0.9798408150672913,0.07793352752923965,0.9339196085929871,0.18535690009593964,0.03417424485087395,0.03417424485087395
444,444,0.03339129313826561,,,,,,,
445,445,,,0.9798410534858704,0.07802820205688477,0.9339105486869812,0.18482662737369537,0.03411535918712616,0.03411535918712616
445,445,0.03334999457001686,,,,,,,
446,446,,,0.9798372983932495,0.07812293618917465,0.933903157711029,0.18430079519748688,0.034057166427373886,0.034057166427373886
446,446,0.03330894932150841,,,,,,,
447,447,,,0.9798296093940735,0.07821779698133469,0.9338970184326172,0.18377935886383057,0.03399964049458504,0.03399964049458504
447,447,0.03326813504099846,,,,,,,
448,448,,,0.9798179268836975,0.07831287384033203,0.933892548084259,0.18326231837272644,0.033942800015211105,0.033942800015211105
448,448,0.03322754427790642,,,,,,,
449,449,,0.033187199383974075,,,,,,
449,449,,,0.9798022508621216,0.07840777188539505,0.9338895678520203,0.18274962902069092,0.03388661891222,0.03388661891222
449,449,0.033187199383974075,,,,,,,
450,450,,,0.9797828197479248,0.0785028338432312,0.9338880777359009,0.182241290807724,0.03383110463619232,0.03383110463619232
450,450,0.033147092908620834,,,,,,,
451,451,,,0.9797595143318176,0.0785977840423584,0.933887779712677,0.18173743784427643,0.03377625346183777,0.03377625346183777
451,451,0.033107221126556396,,,,,,,
452,452,,,0.9797325134277344,0.0786927342414856,0.9338890314102173,0.18123792111873627,0.03372204676270485,0.03372204676270485
452,452,0.03306756541132927,,,,,,,
453,453,,,0.9797016978263855,0.07878769189119339,0.9338915944099426,0.1807428002357483,0.03366849571466446,0.03366849571466446
453,453,0.03302815556526184,,,,,,,
454,454,,,0.9796673655509949,0.07888244092464447,0.9338955879211426,0.1802520602941513,0.0336155891418457,0.0336155891418457
454,454,0.03298896923661232,,,,,,,
455,455,,,0.9796291589736938,0.07897696644067764,0.933900773525238,0.17976568639278412,0.033563315868377686,0.033563315868377686
455,455,0.032950010150671005,,,,,,,
456,456,,,0.9795876145362854,0.07907141745090485,0.9339073300361633,0.17928364872932434,0.033511675894260406,0.033511675894260406
456,456,0.03291128948330879,,,,,,,
457,457,,,0.97954261302948,0.07916563749313354,0.9339151382446289,0.17880591750144958,0.03346065431833267,0.03346065431833267
457,457,0.032872799783945084,,,,,,,
458,458,,,0.979494035243988,0.07925970107316971,0.9339240193367004,0.17833256721496582,0.03341025486588478,0.03341025486588478
458,458,0.032834529876708984,,,,,,,
459,459,,,0.9794421792030334,0.07935337722301483,0.9339338541030884,0.17786361277103424,0.03336046636104584,0.03336046636104584
459,459,0.03279649466276169,,,,,,,
460,460,,,0.9793871641159058,0.07944682240486145,0.9339450001716614,0.1773989349603653,0.03331129625439644,0.03331129625439644
460,460,0.0327586755156517,,,,,,,
461,461,,,0.9793286323547363,0.07953981310129166,0.933957576751709,0.17693857848644257,0.03326272964477539,0.03326272964477539
461,461,0.03272109106183052,,,,,,,
462,462,,,0.9792669415473938,0.07963237911462784,0.933971107006073,0.17648249864578247,0.0332147553563118,0.0332147553563118
462,462,0.03268372640013695,,,,,,,
463,463,,,0.9792020320892334,0.07972452044487,0.9339856505393982,0.17603068053722382,0.03316737338900566,0.03316737338900566
463,463,0.03264658898115158,,,,,,,
464,464,,,0.979134202003479,0.07981628179550171,0.9340012073516846,0.17558319866657257,0.03312058001756668,0.03312058001756668
464,464,0.032609689980745316,,,,,,,
465,465,,,0.9790635704994202,0.07990745455026627,0.9340177178382874,0.17513993382453918,0.03307436406612396,0.03307436406612396
465,465,0.03257301077246666,,,,,,,
466,466,,,0.9789896607398987,0.07999792695045471,0.9340350031852722,0.17470093071460724,0.03302871435880661,0.03302871435880661
466,466,0.03253655880689621,,,,,,,
467,467,,,0.9789129495620728,0.08008789271116257,0.9340534806251526,0.17426612973213196,0.03298363834619522,0.03298363834619522
467,467,0.032500311732292175,,,,,,,
468,468,,,0.9788335561752319,0.08017729222774506,0.9340727925300598,0.17383559048175812,0.0329391285777092,0.0329391285777092
468,468,0.03246430680155754,,,,,,,
469,469,,,0.9787511229515076,0.08026596903800964,0.9340927600860596,0.17340919375419617,0.03289515897631645,0.03289515897631645
469,469,0.03242851793766022,,,,,,,
470,470,,,0.9786661863327026,0.08035407215356827,0.9341135025024414,0.1729869842529297,0.03285174071788788,0.03285174071788788
470,470,0.0323929637670517,,,,,,,
471,471,,,0.9785784482955933,0.08044122904539108,0.9341353178024292,0.17256894707679749,0.03280887380242348,0.03280887380242348
471,471,0.03235761821269989,,,,,,,
472,472,,,0.9784882068634033,0.08052773028612137,0.9341577887535095,0.17215509712696075,0.032766543328762054,0.032766543328762054
472,472,0.03232249990105629,,,,,,,
473,473,,,0.9783955216407776,0.08061370253562927,0.9341809153556824,0.17174535989761353,0.03272474929690361,0.03272474929690361
473,473,0.0322876051068306,,,,,,,
474,474,,,0.9783005118370056,0.0806986391544342,0.9342045187950134,0.17133969068527222,0.032683465629816055,0.032683465629816055
474,474,0.03225293383002281,,,,,,,
475,475,,,0.9782031774520874,0.08078272640705109,0.9342289566993713,0.17093807458877563,0.032642703503370285,0.032642703503370285
475,475,0.032218482345342636,,,,,,,
476,476,,,0.978103518486023,0.08086582273244858,0.9342542290687561,0.17054054141044617,0.0326024666428566,0.0326024666428566
476,476,0.032184261828660965,,,,,,,
477,477,,,0.9780016541481018,0.08094814419746399,0.9342801570892334,0.1701470911502838,0.0325627438724041,0.0325627438724041
477,477,0.03215024620294571,,,,,,,
478,478,,,0.9778976440429688,0.08102940768003464,0.9343064427375793,0.1697576940059662,0.03252352029085159,0.03252352029085159
478,478,0.03211646154522896,,,,,,,
479,479,,,0.9777913689613342,0.08110955357551575,0.934333324432373,0.16937226057052612,0.032484788447618484,0.032484788447618484
479,479,0.03208288922905922,,,,,,,
480,480,,,0.9776831269264221,0.08118873089551926,0.9343607425689697,0.16899079084396362,0.032446544617414474,0.032446544617414474
480,480,0.03204953297972679,,,,,,,
481,481,,,0.9775729775428772,0.08126667886972427,0.9343884587287903,0.1686132699251175,0.03240877762436867,0.03240877762436867
481,481,0.03201640397310257,,,,,,,
482,482,,,0.9774609804153442,0.08134353905916214,0.9344167113304138,0.16823969781398773,0.03237149119377136,0.03237149119377136
482,482,0.03198349475860596,,,,,,,
483,483,,,0.977347195148468,0.08141925930976868,0.9344452619552612,0.16787005960941315,0.03233468532562256,0.03233468532562256
483,483,0.031950805336236954,,,,,,,
484,484,,,0.977231502532959,0.0814937949180603,0.9344744086265564,0.16750434041023254,0.03229834511876106,0.03229834511876106
484,484,0.03191832825541496,,,,,,,
485,485,,,0.9771141409873962,0.08156706392765045,0.934503972530365,0.1671423763036728,0.03226246312260628,0.03226246312260628
485,485,0.031886063516139984,,,,,,,
486,486,,,0.9769952297210693,0.08163907378911972,0.9345338940620422,0.1667843461036682,0.0322270467877388,0.0322270467877388
486,486,0.03185402601957321,,,,,,,
487,487,,,0.9768747687339783,0.08170991390943527,0.9345639944076538,0.16643013060092926,0.03219207376241684,0.03219207376241684
487,487,0.03182218223810196,,,,,,,
488,488,,,0.9767529368400574,0.08177931606769562,0.9345942139625549,0.16607971489429474,0.0321575403213501,0.0321575403213501
488,488,0.03179058060050011,,,,,,,
489,489,,,0.9766294360160828,0.0818474292755127,0.9346247315406799,0.16573308408260345,0.03212345391511917,0.03212345391511917
489,489,0.03175917640328407,,,,,,,
490,490,,,0.9765048027038574,0.0819140374660492,0.9346557259559631,0.16539017856121063,0.032089803367853165,0.032089803367853165
490,490,0.03172799572348595,,,,,,,
491,491,,,0.9763787984848022,0.08197930455207825,0.9346868395805359,0.1650509089231491,0.032056573778390884,0.032056573778390884
491,491,0.031697019934654236,,,,,,,
492,492,,,0.9762517809867859,0.08204329013824463,0.9347186088562012,0.16471540927886963,0.03202378749847412,0.03202378749847412
492,492,0.03166626766324043,,,,,,,
493,493,,,0.9761235117912292,0.08210562914609909,0.9347501993179321,0.16438360512256622,0.03199141472578049,0.03199141472578049
493,493,0.031635697931051254,,,,,,,
494,494,,,0.9759938716888428,0.0821664035320282,0.9347819685935974,0.16405539214611053,0.031959448009729385,0.031959448009729385
494,494,0.03160535544157028,,,,,,,
495,495,,,0.9758633375167847,0.08222568035125732,0.9348137974739075,0.16373072564601898,0.03192787617444992,0.03192787617444992
495,495,0.03157522529363632,,,,,,,
496,496,,,0.9757320284843445,0.08228331059217453,0.9348456859588623,0.16340966522693634,0.03189671039581299,0.03189671039581299
496,496,0.031545303761959076,,,,,,,
497,497,,,0.9755995273590088,0.08233945816755295,0.9348776340484619,0.16309216618537903,0.03186593949794769,0.03186593949794769
497,497,0.031515564769506454,,,,,,,
498,498,,,0.975466251373291,0.08239380270242691,0.9349098801612854,0.1627783179283142,0.03183557838201523,0.03183557838201523
498,498,0.03148605674505234,,,,,,,
499,499,,0.031456731259822845,,,,,,
499,499,,,0.9753320217132568,0.08244659006595612,0.9349421262741089,0.16246791183948517,0.03180559724569321,0.03180559724569321
499,499,0.031456731259822845,,,,,,,
500,500,,,0.9751970767974854,0.08249793946743011,0.9349745512008667,0.1621609330177307,0.03177599608898163,0.03177599608898163
500,500,0.03142762556672096,,,,,,,
501,501,,,0.9750616550445557,0.08254742622375488,0.935006856918335,0.16185735166072845,0.0317467637360096,0.0317467637360096
501,501,0.0313987135887146,,,,,,,
502,502,,,0.9749255776405334,0.08259511739015579,0.9350390434265137,0.16155722737312317,0.031717900186777115,0.031717900186777115
502,502,0.03137000650167465,,,,,,,
503,503,,,0.9747889041900635,0.0826411098241806,0.9350714087486267,0.1612604558467865,0.03168940916657448,0.03168940916657448
503,503,0.031341493129730225,,,,,,,
504,504,,,0.9746518731117249,0.08268540352582932,0.9351035356521606,0.16096706688404083,0.031661275774240494,0.031661275774240494
504,504,0.03131316974759102,,,,,,,
505,505,,,0.9745143055915833,0.08272793143987656,0.9351359605789185,0.1606770008802414,0.03163351118564606,0.03163351118564606
505,505,0.03128504380583763,,,,,,,
506,506,,,0.974376380443573,0.0827685222029686,0.9351682662963867,0.16039025783538818,0.031606096774339676,0.031606096774339676
506,506,0.03125711902976036,,,,,,,
507,507,,,0.9742379188537598,0.08280737698078156,0.9352006316184998,0.16010670363903046,0.03157902881503105,0.03157902881503105
507,507,0.031229382380843163,,,,,,,
508,508,,,0.9740992188453674,0.08284419775009155,0.9352326989173889,0.159826397895813,0.03155228868126869,0.03155228868126869
508,508,0.031201833859086037,,,,,,,
509,509,,,0.9739604592323303,0.08287940919399261,0.9352645874023438,0.15954932570457458,0.03152589127421379,0.03152589127421379
509,509,0.031174475327134132,,,,,,,
510,510,,,0.9738214612007141,0.08291267603635788,0.9352965354919434,0.15927541255950928,0.03149982914328575,0.03149982914328575
510,510,0.031147299334406853,,,,,,,
511,511,,,0.9736821055412292,0.08294392377138138,0.935328483581543,0.1590045988559723,0.031474094837903976,0.031474094837903976
511,511,0.031120315194129944,,,,,,,
512,512,,,0.9735428094863892,0.08297334611415863,0.9353604316711426,0.1587369292974472,0.03144869580864906,0.03144869580864906
512,512,0.03109350986778736,,,,,,,
513,513,,,0.9734033346176147,0.08300086110830307,0.9353923797607422,0.15847229957580566,0.03142361342906952,0.03142361342906952
513,513,0.031066883355379105,,,,,,,
514,514,,,0.9732639789581299,0.08302653580904007,0.9354240298271179,0.15821069478988647,0.03139883652329445,0.03139883652329445
514,514,0.031040428206324577,,,,,,,
515,515,,,0.9731248617172241,0.08305022120475769,0.9354552626609802,0.15795215964317322,0.03137436509132385,0.03137436509132385
515,515,0.03101416304707527,,,,,,,
516,516,,,0.9729859232902527,0.08307187259197235,0.9354861974716187,0.15769657492637634,0.03135019168257713,0.03135019168257713
516,516,0.030988072976469994,,,,,,,
517,517,,,0.972847044467926,0.08309172838926315,0.9355170726776123,0.15744386613368988,0.03132632002234459,0.03132632002234459
517,517,0.030962156131863594,,,,,,,
518,518,,,0.9727084040641785,0.08310949057340622,0.9355483055114746,0.15719406306743622,0.031302761286497116,0.031302761286497116
518,518,0.030936403200030327,,,,,,,
519,519,,,0.9725696444511414,0.08312536031007767,0.9355795979499817,0.15694716572761536,0.03127950429916382,0.03127950429916382
519,519,0.03091081790626049,,,,,,,
520,520,,,0.9724313616752625,0.08313910663127899,0.9356105923652649,0.1567031592130661,0.0312565416097641,0.0312565416097641
520,520,0.030885403975844383,,,,,,,
521,521,,,0.9722936153411865,0.08315084129571915,0.9356411099433899,0.1564619541168213,0.031233839690685272,0.031233839690685272
521,521,0.03086015395820141,,,,,,,
522,522,,,0.9721561074256897,0.08316050469875336,0.9356712102890015,0.15622350573539734,0.031211411580443382,0.031211411580443382
522,522,0.030835065990686417,,,,,,,
523,523,,,0.9720190167427063,0.08316819369792938,0.9357011914253235,0.15598773956298828,0.03118925169110298,0.03118925169110298
523,523,0.03081013821065426,,,,,,,
524,524,,,0.9718824028968811,0.08317393064498901,0.9357314109802246,0.1557546705007553,0.03116738237440586,0.03116738237440586
524,524,0.030785351991653442,,,,,,,
525,525,,,0.9717461466789246,0.08317770063877106,0.935761570930481,0.1555243581533432,0.031145792454481125,0.031145792454481125
525,525,0.030760744586586952,,,,,,,
526,526,,,0.9716103672981262,0.0831795483827591,0.935791552066803,0.1552966982126236,0.03112446330487728,0.03112446330487728
526,526,0.030736278742551804,,,,,,,
527,527,,,0.9714751839637756,0.08317916840314865,0.9358211159706116,0.15507158637046814,0.031103381887078285,0.031103381887078285
527,527,0.030711961910128593,,,,,,,
528,528,,,0.9713406562805176,0.08317690342664719,0.9358505606651306,0.15484903752803802,0.031082555651664734,0.031082555651664734
528,528,0.030687794089317322,,,,,,,
529,529,,,0.971206784248352,0.08317243307828903,0.9358798265457153,0.15462899208068848,0.03106197901070118,0.03106197901070118
529,529,0.03066377155482769,,,,,,,
530,530,,,0.9710737466812134,0.08316610753536224,0.9359086155891418,0.15441153943538666,0.031041648238897324,0.031041648238897324
530,530,0.030639901757240295,,,,,,,
531,531,,,0.9709411859512329,0.08315775543451309,0.9359375238418579,0.15419656038284302,0.031021568924188614,0.031021568924188614
531,531,0.03061615861952305,,,,,,,
532,532,,,0.9708094000816345,0.08314749598503113,0.9359663724899292,0.153983935713768,0.031001729890704155,0.031001729890704155
532,532,0.03059256449341774,,,,,,,
533,533,,,0.9706780910491943,0.0831352025270462,0.9359951615333557,0.1537737250328064,0.030982133001089096,0.030982133001089096
533,533,0.03056909516453743,,,,,,,
534,534,,,0.9705477952957153,0.08312099426984787,0.9360233545303345,0.15356586873531342,0.03096274845302105,0.03096274845302105
534,534,0.030545782297849655,,,,,,,
535,535,,,0.9704182147979736,0.08310480415821075,0.9360513687133789,0.15336039662361145,0.030943598598241806,0.030943598598241806
535,535,0.030522573739290237,,,,,,,
536,536,,,0.9702895879745483,0.0830865204334259,0.9360793232917786,0.15315718948841095,0.030924677848815918,0.030924677848815918
536,536,0.03049951046705246,,,,,,,
537,537,,,0.9701616764068604,0.08306621015071869,0.9361071586608887,0.15295624732971191,0.03090597316622734,0.03090597316622734
537,537,0.03047657199203968,,,,,,,
538,538,,,0.970034658908844,0.08304397016763687,0.9361351728439331,0.15275749564170837,0.030887503176927567,0.030887503176927567
538,538,0.03045375645160675,,,,,,,
539,539,,,0.9699085354804993,0.08301965147256851,0.9361628293991089,0.1525609791278839,0.030869239941239357,0.030869239941239357
539,539,0.030431069433689117,,,,,,,
540,540,,,0.9697833061218262,0.0829935371875763,0.9361903667449951,0.15236662328243256,0.03085118904709816,0.03085118904709816
540,540,0.030408484861254692,,,,,,,
541,541,,,0.9696590900421143,0.08296527713537216,0.9362175464630127,0.15217439830303192,0.03083333931863308,0.03083333931863308
541,541,0.03038603626191616,,,,,,,
542,542,,,0.9695360064506531,0.08293529599905014,0.9362444281578064,0.15198422968387604,0.030815687030553818,0.030815687030553818
542,542,0.03036368079483509,,,,,,,
543,543,,,0.9694135785102844,0.08290331065654755,0.9362711906433105,0.1517961174249649,0.030798230320215225,0.030798230320215225
543,543,0.030341455712914467,,,,,,,
544,544,,,0.9692921042442322,0.08286948502063751,0.9362980723381042,0.1516100913286209,0.030780985951423645,0.030780985951423645
544,544,0.0303193386644125,,,,,,,
545,545,,,0.9691717028617859,0.08283385634422302,0.936324954032898,0.1514260321855545,0.03076394461095333,0.03076394461095333
545,545,0.030297324061393738,,,,,,,
546,546,,,0.9690524339675903,0.08279641717672348,0.9363514184951782,0.1512439250946045,0.030747080221772194,0.030747080221772194
546,546,0.030275413766503334,,,,,,,
547,547,,,0.9689341187477112,0.08275699615478516,0.9363776445388794,0.1510637402534485,0.030730396509170532,0.030730396509170532
547,547,0.030253607779741287,,,,,,,
548,548,,,0.9688167572021484,0.08271598070859909,0.9364038705825806,0.1508854180574417,0.030713900923728943,0.030713900923728943
548,548,0.030231909826397896,,,,,,,
549,549,,0.03021029382944107,,,,,,
549,549,,,0.9687005281448364,0.08267281949520111,0.9364298582077026,0.15070892870426178,0.030697576701641083,0.030697576701641083
549,549,0.03021029382944107,,,,,,,
550,550,,,0.9685853123664856,0.08262792974710464,0.9364558458328247,0.15053436160087585,0.030681448057293892,0.030681448057293892
550,550,0.0301887895911932,,,,,,,
551,551,,,0.9684712290763855,0.08258139342069626,0.9364816546440125,0.150361567735672,0.030665487051010132,0.030665487051010132
551,551,0.03016737475991249,,,,,,,
552,552,,,0.9683579802513123,0.08253289759159088,0.9365077018737793,0.15019051730632782,0.030649706721305847,0.030649706721305847
552,552,0.030146051198244095,,,,,,,
553,553,,,0.9682459235191345,0.08248271048069,0.9365334510803223,0.15002113580703735,0.030634082853794098,0.030634082853794098
553,553,0.03012481890618801,,,,,,,
554,554,,,0.968134880065918,0.08243080228567123,0.9365588426589966,0.14985349774360657,0.030618615448474884,0.030618615448474884
554,554,0.030103668570518494,,,,,,,
555,555,,,0.9680249691009521,0.08237715810537338,0.9365841150283813,0.1496875286102295,0.0306033156812191,0.0306033156812191
555,555,0.03008260950446129,,,,,,,
556,556,,,0.9679161310195923,0.08232177793979645,0.936609148979187,0.14952319860458374,0.030588164925575256,0.030588164925575256
556,556,0.03006162866950035,,,,,,,
557,557,,,0.9678083658218384,0.08226478099822998,0.9366344809532166,0.14936044812202454,0.03057318553328514,0.03057318553328514
557,557,0.030040739104151726,,,,,,,
558,558,,,0.9677014350891113,0.08220624178647995,0.9366598725318909,0.14919930696487427,0.03055836446583271,0.03055836446583271
558,558,0.030019911006093025,,,,,,,
559,559,,,0.9675959348678589,0.0821460485458374,0.9366849064826965,0.14903970062732697,0.03054368868470192,0.03054368868470192
559,559,0.029999172315001488,,,,,,,
560,560,,,0.9674913287162781,0.08208425343036652,0.9367096424102783,0.14888155460357666,0.030529143288731575,0.030529143288731575
560,560,0.029978517442941666,,,,,,,
561,561,,,0.9673880934715271,0.08202103525400162,0.9367344379425049,0.14872492849826813,0.030514756217598915,0.030514756217598915
561,561,0.02995792217552662,,,,,,,
562,562,,,0.9672856330871582,0.08195626735687256,0.9367591142654419,0.14856977760791779,0.0305005069822073,0.0305005069822073
562,562,0.029937399551272392,,,,,,,
563,563,,,0.9671842455863953,0.08188994228839874,0.9367842078208923,0.14841599762439728,0.030486412346363068,0.030486412346363068
563,563,0.029916949570178986,,,,,,,
564,564,,,0.9670838117599487,0.08182203024625778,0.936809241771698,0.14826364815235138,0.03047245740890503,0.03047245740890503
564,564,0.0298965722322464,,,,,,,
565,565,,,0.9669846296310425,0.08175266534090042,0.9368336796760559,0.14811262488365173,0.030458612367510796,0.030458612367510796
565,565,0.02987625263631344,,,,,,,
566,566,,,0.9668863415718079,0.08168163895606995,0.9368581771850586,0.14796298742294312,0.030444901436567307,0.030444901436567307
566,566,0.0298559982329607,,,,,,,
567,567,,,0.9667892456054688,0.08160927891731262,0.9368824362754822,0.14781464636325836,0.030431319028139114,0.030431319028139114
567,567,0.02983580343425274,,,,,,,
568,568,,,0.966693103313446,0.08153542876243591,0.9369069933891296,0.1476675570011139,0.03041786514222622,0.03041786514222622
568,568,0.02981567569077015,,,,,,,
569,569,,,0.966597855091095,0.08146009594202042,0.9369315505027771,0.1475217193365097,0.03040453977882862,0.03040453977882862
569,569,0.029795605689287186,,,,,,,
570,570,,,0.9665035605430603,0.08138354122638702,0.9369561672210693,0.1473771184682846,0.03039134107530117,0.03039134107530117
570,570,0.02977558597922325,,,,,,,
571,571,,,0.9664102792739868,0.08130579441785812,0.9369806051254272,0.1472337245941162,0.030378254130482674,0.030378254130482674
571,571,0.029755625873804092,,,,,,,
572,572,,,0.9663181304931641,0.08122669160366058,0.9370047450065613,0.14709146320819855,0.030365271493792534,0.030365271493792534
572,572,0.029735714197158813,,,,,,,
573,573,,,0.9662268757820129,0.08114644140005112,0.9370290637016296,0.14695031940937042,0.030352409929037094,0.030352409929037094
573,573,0.02971586212515831,,,,,,,
574,574,,,0.966136634349823,0.08106494694948196,0.9370534420013428,0.14681032299995422,0.030339663848280907,0.030339663848280907
574,574,0.029696054756641388,,,,,,,
575,575,,,0.9660472869873047,0.08098216354846954,0.9370778203010559,0.14667142927646637,0.030327025800943375,0.030327025800943375
575,575,0.029676305130124092,,,,,,,
576,576,,,0.9659589529037476,0.08089809119701385,0.9371023178100586,0.14653362333774567,0.030314506962895393,0.030314506962895393
576,576,0.029656589031219482,,,,,,,
577,577,,,0.9658713936805725,0.08081288635730743,0.9371266961097717,0.14639684557914734,0.030302083119750023,0.030302083119750023
577,577,0.0296369306743145,,,,,,,
578,578,,,0.9657847881317139,0.08072655647993088,0.9371511936187744,0.14626102149486542,0.03028975985944271,0.03028975985944271
578,578,0.0296173132956028,,,,,,,
579,579,,,0.9656989574432373,0.08063899725675583,0.937175452709198,0.14612619578838348,0.03027752973139286,0.03027752973139286
579,579,0.029597744345664978,,,,,,,
580,580,,,0.9656140804290771,0.08055022358894348,0.9371997714042664,0.1459924429655075,0.030265402048826218,0.030265402048826218
580,580,0.029578210785984993,,,,,,,
581,581,,,0.9655300974845886,0.08046050369739532,0.9372239112854004,0.14585959911346436,0.030253365635871887,0.030253365635871887
581,581,0.029558731243014336,,,,,,,
582,582,,,0.9654467105865479,0.0803697481751442,0.9372486472129822,0.14572761952877045,0.03024144098162651,0.03024144098162651
582,582,0.02953927591443062,,,,,,,
583,583,,,0.9653642177581787,0.08027797937393188,0.9372733235359192,0.1455964595079422,0.0302295982837677,0.0302295982837677
583,583,0.029519857838749886,,,,,,,
584,584,,,0.9652825593948364,0.08018522709608078,0.9372981190681458,0.14546628296375275,0.030217858031392097,0.030217858031392097
584,584,0.029500484466552734,,,,,,,
585,585,,,0.9652016758918762,0.08009163290262222,0.9373225569725037,0.14533698558807373,0.030206192284822464,0.030206192284822464
585,585,0.02948113903403282,,,,,,,
586,586,,,0.9651215076446533,0.07999710738658905,0.9373469352722168,0.14520849287509918,0.030194606631994247,0.030194606631994247
586,586,0.02946184203028679,,,,,,,
587,587,,,0.9650421142578125,0.07990164309740067,0.9373717308044434,0.14508073031902313,0.030183110386133194,0.030183110386133194
587,587,0.02944255620241165,,,,,,,
588,588,,,0.9649633765220642,0.07980526983737946,0.9373965263366699,0.14495375752449036,0.030171697959303856,0.030171697959303856
588,588,0.029423322528600693,,,,,,,
589,589,,,0.964885413646698,0.07970806956291199,0.937421441078186,0.14482757449150085,0.030160371214151382,0.030160371214151382
589,589,0.029404109343886375,,,,,,,
590,590,,,0.9648082256317139,0.079610176384449,0.9374462962150574,0.1447022259235382,0.030149124562740326,0.030149124562740326
590,590,0.029384927824139595,,,,,,,
591,591,,,0.9647315144538879,0.07951142638921738,0.9374712705612183,0.14457754790782928,0.030137954279780388,0.030137954279780388
591,591,0.029365774244070053,,,,,,,
592,592,,,0.9646553993225098,0.07941178977489471,0.9374964833259583,0.14445345103740692,0.03012685291469097,0.03012685291469097
592,592,0.0293466504663229,,,,,,,
593,593,,,0.9645799994468689,0.0793112963438034,0.9375215768814087,0.14433005452156067,0.030115816742181778,0.030115816742181778
593,593,0.029327554628252983,,,,,,,
594,594,,,0.964505136013031,0.07921013236045837,0.9375466108322144,0.14420738816261292,0.030104856938123703,0.030104856938123703
594,594,0.02930847741663456,,,,,,,
595,595,,,0.9644309878349304,0.07910823822021484,0.9375718832015991,0.14408543705940247,0.030093979090452194,0.030093979090452194
595,595,0.029289428144693375,,,,,,,
596,596,,,0.964357316493988,0.079005666077137,0.937597393989563,0.14396405220031738,0.030083168298006058,0.030083168298006058
596,596,0.029270395636558533,,,,,,,
597,597,,,0.9642841219902039,0.07890229672193527,0.9376234412193298,0.14384320378303528,0.03007243387401104,0.03007243387401104
597,597,0.029251400381326675,,,,,,,
598,598,,,0.9642114043235779,0.07879834622144699,0.9376490712165833,0.14372292160987854,0.030061746016144753,0.030061746016144753
598,598,0.029232416301965714,,,,,,,
599,599,,0.029213452711701393,,,,,,
599,599,,,0.9641391634941101,0.07869386672973633,0.9376747012138367,0.14360326528549194,0.03005112148821354,0.03005112148821354
599,599,0.029213452711701393,,,,,,,
600,600,,,0.9640676975250244,0.07858899235725403,0.9377003312110901,0.1434842348098755,0.030040564015507698,0.030040564015507698
600,600,0.029194513335824013,,,,,,,
601,601,,,0.9639965295791626,0.07848356664180756,0.9377263188362122,0.14336565136909485,0.03003006987273693,0.03003006987273693
601,601,0.029175586998462677,,,,,,,
602,602,,,0.963925838470459,0.07837768644094467,0.9377528429031372,0.1432475447654724,0.030019646510481834,0.030019646510481834
602,602,0.02915668673813343,,,,,,,
603,603,,,0.9638555645942688,0.07827119529247284,0.937779426574707,0.1431298851966858,0.030009277164936066,0.030009277164936066
603,603,0.02913779392838478,,,,,,,
604,604,,,0.9637856483459473,0.0781642273068428,0.9378058910369873,0.14301279187202454,0.029998961836099625,0.029998961836099625
604,604,0.029118914157152176,,,,,,,
605,605,,,0.9637161493301392,0.07805684208869934,0.9378318786621094,0.14289623498916626,0.02998868003487587,0.02998868003487587
605,605,0.02910006418824196,,,,,,,
606,606,,,0.9636469483375549,0.07794898748397827,0.9378584623336792,0.14278002083301544,0.029978465288877487,0.029978465288877487
606,606,0.02908121980726719,,,,,,,
607,607,,,0.9635781049728394,0.07784062623977661,0.9378852844238281,0.14266422390937805,0.029968300834298134,0.029968300834298134
607,607,0.029062384739518166,,,,,,,
608,608,,,0.9635095000267029,0.07773169130086899,0.9379128813743591,0.14254876971244812,0.0299582090228796,0.0299582090228796
608,608,0.02904357574880123,,,,,,,
609,609,,,0.9634411931037903,0.07762245088815689,0.9379403591156006,0.1424337923526764,0.0299481600522995,0.0299481600522995
609,609,0.029024770483374596,,,,,,,
610,610,,,0.9633734822273254,0.07751291245222092,0.9379676580429077,0.14231930673122406,0.029938161373138428,0.029938161373138428
610,610,0.029005978256464005,,,,,,,
611,611,,,0.9633059501647949,0.07740285247564316,0.9379947185516357,0.1422051042318344,0.029928183183073997,0.029928183183073997
611,611,0.02898719720542431,,,,,,,
612,612,,,0.9632387757301331,0.07729265093803406,0.9380223155021667,0.14209119975566864,0.029918264597654343,0.029918264597654343
612,612,0.02896842733025551,,,,,,,
613,613,,,0.963171660900116,0.07718207687139511,0.9380503296852112,0.14197754859924316,0.02990839257836342,0.02990839257836342
613,613,0.028949666768312454,,,,,,,
614,614,,,0.9631046652793884,0.07707127183675766,0.938078761100769,0.1418643295764923,0.02989857830107212,0.02989857830107212
614,614,0.028930900618433952,,,,,,,
615,615,,,0.9630379676818848,0.07696036249399185,0.9381069540977478,0.14175143837928772,0.02988879755139351,0.02988879755139351
615,615,0.028912166133522987,,,,,,,
616,616,,,0.9629713892936707,0.07684916257858276,0.9381353855133057,0.1416388750076294,0.02987906150519848,0.02987906150519848
616,616,0.028893426060676575,,,,,,,
617,617,,,0.9629051685333252,0.07673781365156174,0.938163697719574,0.1415264904499054,0.02986934408545494,0.02986934408545494
617,617,0.02887469157576561,,,,,,,
618,618,,,0.9628390073776245,0.07662621140480042,0.9381926655769348,0.1414143443107605,0.02985968627035618,0.02985968627035618
618,618,0.028855960816144943,,,,,,,
619,619,,,0.9627730250358582,0.07651453465223312,0.9382216930389404,0.14130251109600067,0.0298500657081604,0.0298500657081604
619,619,0.02883724495768547,,,,,,,
620,620,,,0.9627072811126709,0.07640280574560165,0.938250720500946,0.14119093120098114,0.02984047681093216,0.02984047681093216
620,620,0.0288185253739357,,,,,,,
621,621,,,0.9626414775848389,0.07629064470529556,0.938280463218689,0.14107954502105713,0.029830940067768097,0.029830940067768097
621,621,0.028799813240766525,,,,,,,
622,622,,,0.9625758528709412,0.0761784166097641,0.938310444355011,0.14096832275390625,0.029821433126926422,0.029821433126926422
622,622,0.028781093657016754,,,,,,,
623,623,,,0.962510347366333,0.07606593519449234,0.938340425491333,0.14085732400417328,0.029811955988407135,0.029811955988407135
623,623,0.028762396425008774,,,,,,,
624,624,,,0.9624449610710144,0.07595333456993103,0.9383703470230103,0.14074651896953583,0.029802503064274788,0.029802503064274788
624,624,0.0287436842918396,,,,,,,
625,625,,,0.9623796343803406,0.07584062963724136,0.9384004473686218,0.1406358927488327,0.02979307994246483,0.02979307994246483
625,625,0.02872498519718647,,,,,,,
626,626,,,0.9623143672943115,0.07572778314352036,0.938430666923523,0.1405254602432251,0.029783684760332108,0.029783684760332108
626,626,0.028706282377243042,,,,,,,
627,627,,,0.9622491002082825,0.0756150484085083,0.9384614825248718,0.14041511714458466,0.02977433055639267,0.02977433055639267
627,627,0.028687575832009315,,,,,,,
628,628,,,0.9621837139129639,0.07550224661827087,0.9384927153587341,0.14030487835407257,0.029765009880065918,0.029765009880065918
628,628,0.028668873012065887,,,,,,,
629,629,,,0.9621185064315796,0.07538940757513046,0.9385240077972412,0.14019477367401123,0.029755715280771255,0.029755715280771255
629,629,0.02865016460418701,,,,,,,
630,630,,,0.9620534181594849,0.07527682185173035,0.9385557174682617,0.14008481800556183,0.029746457934379578,0.029746457934379578
630,630,0.02863145060837269,,,,,,,
631,631,,,0.9619883298873901,0.07516415417194366,0.9385873675346375,0.1399749368429184,0.029737215489149094,0.029737215489149094
631,631,0.028612742200493813,,,,,,,
632,632,,,0.9619232416152954,0.07505158334970474,0.9386193752288818,0.13986515998840332,0.029728000983595848,0.029728000983595848
632,632,0.028594033792614937,,,,,,,
633,633,,,0.9618580937385559,0.07493887841701508,0.9386516213417053,0.13975539803504944,0.029718806967139244,0.029718806967139244
633,633,0.028575321659445763,,,,,,,
634,634,,,0.9617928266525269,0.07482627779245377,0.9386839270591736,0.1396457552909851,0.02970963530242443,0.02970963530242443
634,634,0.028556596487760544,,,,,,,
635,635,,,0.9617274403572083,0.07471361756324768,0.9387169480323792,0.13953615725040436,0.029700500890612602,0.029700500890612602
635,635,0.028537869453430176,,,,,,,
636,636,,,0.9616621136665344,0.07460084557533264,0.9387499690055847,0.139426589012146,0.02969137765467167,0.02969137765467167
636,636,0.028519144281744957,,,,,,,
637,637,,,0.9615967869758606,0.07448816299438477,0.9387830495834351,0.13931699097156525,0.029682263731956482,0.029682263731956482
637,637,0.028500402346253395,,,,,,,
638,638,,,0.9615313410758972,0.07437548041343689,0.9388164281845093,0.13920743763446808,0.029673170298337936,0.029673170298337936
638,638,0.02848166972398758,,,,,,,
639,639,,,0.9614658951759338,0.0742630809545517,0.9388500452041626,0.1390979290008545,0.02966410666704178,0.02966410666704178
639,639,0.028462911024689674,,,,,,,
640,640,,,0.9614005088806152,0.07415073364973068,0.9388842582702637,0.1389884352684021,0.02965507283806801,0.02965507283806801
640,640,0.02844414860010147,,,,,,,
641,641,,,0.9613350629806519,0.07403842359781265,0.9389188289642334,0.13887886703014374,0.02964605763554573,0.02964605763554573
641,641,0.02842538431286812,,,,,,,
642,642,,,0.9612694382667542,0.07392635941505432,0.9389535188674927,0.1387692093849182,0.0296370480209589,0.0296370480209589
642,642,0.02840660884976387,,,,,,,
643,643,,,0.9612037539482117,0.07381454110145569,0.9389883279800415,0.13865961134433746,0.029628053307533264,0.029628053307533264
643,643,0.028387824073433876,,,,,,,
644,644,,,0.9611380696296692,0.07370291650295258,0.9390231966972351,0.13854998350143433,0.029619071632623672,0.029619071632623672
644,644,0.028369037434458733,,,,,,,
645,645,,,0.9610721468925476,0.07359151542186737,0.9390586018562317,0.13844026625156403,0.02961011230945587,0.02961011230945587
645,645,0.028350232169032097,,,,,,,
646,646,,,0.9610060453414917,0.0734800174832344,0.9390941858291626,0.13833041489124298,0.02960115484893322,0.02960115484893322
646,646,0.028331415727734566,,,,,,,
647,647,,,0.9609400033950806,0.07336855679750443,0.9391302466392517,0.13822048902511597,0.02959221974015236,0.02959221974015236
647,647,0.028312591835856438,,,,,,,
648,648,,,0.9608739018440247,0.07325728982686996,0.9391664862632751,0.13811054825782776,0.02958330139517784,0.02958330139517784
648,648,0.028293753042817116,,,,,,,
649,649,,0.0282749030739069,,,,,,
649,649,,,0.9608078002929688,0.07314630597829819,0.9392029643058777,0.13800054788589478,0.02957439422607422,0.02957439422607422
649,649,0.0282749030739069,,,,,,,
650,650,,,0.9607416391372681,0.07303552329540253,0.9392397403717041,0.13789038360118866,0.029565494507551193,0.029565494507551193
650,650,0.028256040066480637,,,,,,,
651,651,,,0.9606754183769226,0.07292480021715164,0.9392767548561096,0.13778004050254822,0.029556600376963615,0.029556600376963615
651,651,0.02823716029524803,,,,,,,
652,652,,,0.9606088399887085,0.07281430065631866,0.9393142461776733,0.13766954839229584,0.02954772114753723,0.02954772114753723
652,652,0.02821827307343483,,,,,,,
653,653,,,0.9605422019958496,0.07270386815071106,0.9393520951271057,0.13755901157855988,0.02953885868191719,0.02953885868191719
653,653,0.028199367225170135,,,,,,,
654,654,,,0.9604754447937012,0.07259362936019897,0.9393901228904724,0.13744834065437317,0.029530003666877747,0.029530003666877747
654,654,0.02818044275045395,,,,,,,
655,655,,,0.9604087471961975,0.07248366624116898,0.939428448677063,0.13733746111392975,0.029521150514483452,0.029521150514483452
655,655,0.02816150151193142,,,,,,,
656,656,,,0.9603419303894043,0.07237391173839569,0.939466655254364,0.13722629845142365,0.029512278735637665,0.029512278735637665
656,656,0.028142554685473442,,,,,,,
657,657,,,0.960274875164032,0.07226433604955673,0.939505398273468,0.13711504638195038,0.02950342930853367,0.02950342930853367
657,657,0.028123579919338226,,,,,,,
658,658,,,0.960207998752594,0.0721551850438118,0.9395445585250854,0.13700361549854279,0.029494594782590866,0.029494594782590866
658,658,0.028104592114686966,,,,,,,
659,659,,,0.9601408243179321,0.0720462054014206,0.9395842552185059,0.13689199090003967,0.02948577143251896,0.02948577143251896
659,659,0.02808559685945511,,,,,,,
660,660,,,0.9600736498832703,0.07193741947412491,0.9396239519119263,0.13678014278411865,0.029476944357156754,0.029476944357156754
660,660,0.028066566213965416,,,,,,,
661,661,,,0.9600064754486084,0.07182883471250534,0.939663827419281,0.13666805624961853,0.029468107968568802,0.029468107968568802
661,661,0.028047526255249977,,,,,,,
662,662,,,0.9599391222000122,0.07172036170959473,0.9397038221359253,0.1365557312965393,0.02945927157998085,0.02945927157998085
662,662,0.028028463944792747,,,,,,,
663,663,,,0.9598717093467712,0.07161222398281097,0.9397446513175964,0.13644319772720337,0.02945045568048954,0.02945045568048954
663,663,0.028009379282593727,,,,,,,
664,664,,,0.959804356098175,0.07150423526763916,0.9397857189178467,0.1363304704427719,0.029441649094223976,0.029441649094223976
664,664,0.027990277856588364,,,,,,,
665,665,,,0.9597368836402893,0.07139649242162704,0.9398270845413208,0.13621744513511658,0.029432833194732666,0.029432833194732666
665,665,0.02797115035355091,,,,,,,
666,666,,,0.9596692323684692,0.07128892838954926,0.9398686289787292,0.13610410690307617,0.029424011707305908,0.029424011707305908
666,666,0.027952007949352264,,,,,,,
667,667,,,0.9596017003059387,0.0711815282702446,0.9399101734161377,0.13599048554897308,0.029415179044008255,0.029415179044008255
667,667,0.02793283946812153,,,,,,,
668,668,,,0.959534227848053,0.07107434421777725,0.93995201587677,0.1358766108751297,0.029406346380710602,0.029406346380710602
668,668,0.027913646772503853,,,,,,,
669,669,,,0.9594665765762329,0.07096750289201736,0.9399943351745605,0.13576249778270721,0.029397524893283844,0.029397524893283844
669,669,0.027894437313079834,,,,,,,
670,670,,,0.9593990445137024,0.0708608478307724,0.9400370121002197,0.1356479972600937,0.02938869595527649,0.02938869595527649
670,670,0.027875198051333427,,,,,,,
671,671,,,0.9593313932418823,0.07075448334217072,0.9400802850723267,0.1355331987142563,0.02937987446784973,0.02937987446784973
671,671,0.02785593271255493,,,,,,,
672,672,,,0.9592637419700623,0.07064839452505112,0.9401237368583679,0.13541807234287262,0.029371043667197227,0.029371043667197227
672,672,0.027836646884679794,,,,,,,
673,673,,,0.9591960906982422,0.07054261118173599,0.9401670098304749,0.13530266284942627,0.02936219796538353,0.02936219796538353
673,673,0.027817338705062866,,,,,,,
674,674,,,0.9591284394264221,0.07043705135583878,0.94021075963974,0.13518691062927246,0.029353350400924683,0.029353350400924683
674,674,0.027797993272542953,,,,,,,
675,675,,,0.959060788154602,0.07033160328865051,0.940254807472229,0.13507069647312164,0.02934448979794979,0.02934448979794979
675,675,0.0277786273509264,,,,,,,
676,676,,,0.9589930176734924,0.07022633403539658,0.9402995109558105,0.13495415449142456,0.029335636645555496,0.029335636645555496
676,676,0.027759239077568054,,,,,,,
677,677,,,0.9589253664016724,0.07012130320072174,0.9403442740440369,0.1348372995853424,0.029326770454645157,0.029326770454645157
677,677,0.027739819139242172,,,,,,,
678,678,,,0.9588580131530762,0.07001649588346481,0.9403893351554871,0.13472013175487518,0.029317909851670265,0.029317909851670265
678,678,0.027720363810658455,,,,,,,
679,679,,,0.9587906002998352,0.069911889731884,0.9404345750808716,0.13460248708724976,0.029309023171663284,0.029309023171663284
679,679,0.027700889855623245,,,,,,,
680,680,,,0.9587233066558838,0.06980741024017334,0.9404799938201904,0.1344844400882721,0.02930012345314026,0.02930012345314026
680,680,0.027681374922394753,,,,,,,
681,681,,,0.9586559534072876,0.0697033703327179,0.9405259490013123,0.134365975856781,0.029291223734617233,0.029291223734617233
681,681,0.027661839500069618,,,,,,,
682,682,,,0.9585888385772705,0.06959956139326096,0.9405723214149475,0.13424715399742126,0.029282324016094208,0.029282324016094208
682,682,0.027642272412776947,,,,,,,
683,683,,,0.9585217833518982,0.0694960206747055,0.9406187534332275,0.1341279149055481,0.02927340380847454,0.02927340380847454
683,683,0.027622677385807037,,,,,,,
684,684,,,0.9584549069404602,0.06939268857240677,0.9406656622886658,0.13400815427303314,0.029264478012919426,0.029264478012919426
684,684,0.027603043243288994,,,,,,,
685,685,,,0.9583879709243774,0.06928949058055878,0.9407129287719727,0.13388800621032715,0.029255539178848267,0.029255539178848267
685,685,0.027583392336964607,,,,,,,
686,686,,,0.9583213329315186,0.0691865086555481,0.9407600164413452,0.13376742601394653,0.029246579855680466,0.029246579855680466
686,686,0.027563689276576042,,,,,,,
687,687,,,0.9582546949386597,0.06908373534679413,0.9408075213432312,0.13364644348621368,0.02923761121928692,0.02923761121928692
687,687,0.027543965727090836,,,,,,,
688,688,,,0.9581884145736694,0.06898123770952225,0.9408554434776306,0.13352489471435547,0.029228627681732178,0.029228627681732178
688,688,0.02752421237528324,,,,,,,
689,689,,,0.9581223130226135,0.06887878477573395,0.9409036636352539,0.13340286910533905,0.029219631105661392,0.029219631105661392
689,689,0.02750440686941147,,,,,,,
690,690,,,0.9580562710762024,0.06877681612968445,0.9409521818161011,0.13328033685684204,0.029210615903139114,0.029210615903139114
690,690,0.027484584599733353,,,,,,,
691,691,,,0.9579906463623047,0.0686749666929245,0.9410008192062378,0.1331574022769928,0.02920159325003624,0.02920159325003624
691,691,0.027464723214507103,,,,,,,
692,692,,,0.9579250812530518,0.06857319921255112,0.9410496950149536,0.13303399085998535,0.029192551970481873,0.029192551970481873
692,692,0.02744482085108757,,,,,,,
693,693,,,0.9578598737716675,0.06847178936004639,0.9410990476608276,0.13290999829769135,0.02918349951505661,0.02918349951505661
693,693,0.02742488868534565,,,,,,,
694,694,,,0.9577947854995728,0.06837049871683121,0.9411486387252808,0.13278552889823914,0.029174428433179855,0.029174428433179855
694,694,0.027404919266700745,,,,,,,
695,695,,,0.9577299952507019,0.06826939433813095,0.9411986470222473,0.13266052305698395,0.029165344312787056,0.029165344312787056
695,695,0.027384914457798004,,,,,,,
696,696,,,0.9576654434204102,0.06816849112510681,0.9412484765052795,0.13253501057624817,0.02915623039007187,0.02915623039007187
696,696,0.027364863082766533,,,,,,,
697,697,,,0.9576013088226318,0.0680677741765976,0.9412989616394043,0.13240891695022583,0.029147107154130936,0.029147107154130936
697,697,0.027344774454832077,,,,,,,
698,698,,,0.9575373530387878,0.06796729564666748,0.9413497447967529,0.13228227198123932,0.029137970879673958,0.029137970879673958
698,698,0.027324656024575233,,,,,,,
699,699,,0.02730448916554451,,,,,,
699,699,,,0.9574739336967468,0.06786710023880005,0.9414007067680359,0.1321551501750946,0.029128817841410637,0.029128817841410637
699,699,0.02730448916554451,,,,,,,
700,700,,,0.9574107527732849,0.06776701658964157,0.9414517879486084,0.13202747702598572,0.029119640588760376,0.029119640588760376
700,700,0.027284298092126846,,,,,,,
701,701,,,0.9573480486869812,0.06766720116138458,0.9415032863616943,0.1318991780281067,0.02911044843494892,0.02911044843494892
701,701,0.027264054864645004,,,,,,,
702,702,,,0.9572856426239014,0.06756743788719177,0.9415550827980042,0.1317702829837799,0.029101232066750526,0.029101232066750526
702,702,0.02724377252161503,,,,,,,
703,703,,,0.9572235345840454,0.06746789067983627,0.9416069388389587,0.13164077699184418,0.029091987758874893,0.029091987758874893
703,703,0.02722345106303692,,,,,,,
704,704,,,0.9571617841720581,0.0673685297369957,0.9416589736938477,0.13151073455810547,0.029082724824547768,0.029082724824547768
704,704,0.027203088626265526,,,,,,,
705,705,,,0.9571005702018738,0.06726937741041183,0.9417116641998291,0.1313801258802414,0.029073454439640045,0.029073454439640045
705,705,0.0271826833486557,,,,,,,
706,706,,,0.9570398926734924,0.06717052310705185,0.9417644739151001,0.13124892115592957,0.02906416542828083,0.02906416542828083
706,706,0.027162229642271996,,,,,,,
707,707,,,0.9569796323776245,0.06707184761762619,0.9418172240257263,0.13111712038516998,0.02905484288930893,0.02905484288930893
707,707,0.027141742408275604,,,,,,,
708,708,,,0.9569197297096252,0.06697328388690948,0.9418705701828003,0.13098463416099548,0.029045501723885536,0.029045501723885536
708,708,0.027121203020215034,,,,,,,
709,709,,,0.9568604826927185,0.06687495112419128,0.9419241547584534,0.13085155189037323,0.02903614565730095,0.02903614565730095
709,709,0.027100631967186928,,,,,,,
710,710,,,0.95680171251297,0.06677666306495667,0.9419777989387512,0.13071787357330322,0.029026757925748825,0.029026757925748825
710,710,0.02708001434803009,,,,,,,
711,711,,,0.9567434191703796,0.066678486764431,0.942031741142273,0.13058356940746307,0.029017353430390358,0.029017353430390358
711,711,0.027059338986873627,,,,,,,
712,712,,,0.956685483455658,0.06658060103654861,0.9420859813690186,0.1304485946893692,0.02900792472064495,0.02900792472064495
712,712,0.027038628235459328,,,,,,,
713,713,,,0.9566282629966736,0.06648288667201996,0.9421404600143433,0.13031300902366638,0.028998475521802902,0.028998475521802902
713,713,0.027017872780561447,,,,,,,
714,714,,,0.9565718173980713,0.0663854330778122,0.9421950578689575,0.13017675280570984,0.028989000245928764,0.028989000245928764
714,714,0.026997070759534836,,,,,,,
715,715,,,0.9565158486366272,0.06628815084695816,0.9422497749328613,0.13003990054130554,0.028979498893022537,0.028979498893022537
715,715,0.026976222172379494,,,,,,,
716,716,,,0.9564604163169861,0.06619112193584442,0.9423048496246338,0.12990234792232513,0.02896997705101967,0.02896997705101967
716,716,0.02695532515645027,,,,,,,
717,717,,,0.956405520439148,0.06609424948692322,0.9423602819442749,0.12976406514644623,0.02896043285727501,0.02896043285727501
717,717,0.026934383437037468,,,,,,,
718,718,,,0.9563512802124023,0.06599763035774231,0.9424160122871399,0.12962526082992554,0.028950879350304604,0.028950879350304604
718,718,0.026913389563560486,,,,,,,
719,719,,,0.956297755241394,0.0659012496471405,0.9424720406532288,0.12948575615882874,0.028941301628947258,0.028941301628947258
719,719,0.026892349123954773,,,,,,,
720,720,,,0.9562450647354126,0.06580498814582825,0.9425279498100281,0.1293455809354782,0.028931688517332077,0.028931688517332077
720,720,0.02687126398086548,,,,,,,
721,721,,,0.9561929106712341,0.06570890545845032,0.9425843358039856,0.12920473515987396,0.028922060504555702,0.028922060504555702
721,721,0.026850128546357155,,,,,,,
722,722,,,0.9561415910720825,0.06561290472745895,0.9426409602165222,0.12906314432621002,0.028912406414747238,0.028912406414747238
722,722,0.02682894840836525,,,,,,,
723,723,,,0.9560909867286682,0.06551706045866013,0.9426974654197693,0.1289210170507431,0.028902724385261536,0.028902724385261536
723,723,0.026807714253664017,,,,,,,
724,724,,,0.9560412168502808,0.06542148441076279,0.9427542090415955,0.12877817451953888,0.028893020004034042,0.028893020004034042
724,724,0.026786424219608307,,,,,,,
725,725,,,0.9559920430183411,0.06532604247331619,0.9428114295005798,0.12863461673259735,0.028883296996355057,0.028883296996355057
725,725,0.026765096932649612,,,,,,,
726,726,,,0.9559435248374939,0.06523062288761139,0.9428689479827881,0.12849029898643494,0.02887355163693428,0.02887355163693428
726,726,0.026743711903691292,,,,,,,
727,727,,,0.9558960199356079,0.06513559818267822,0.9429265856742859,0.12834544479846954,0.02886379137635231,0.02886379137635231
727,727,0.02672228030860424,,,,,,,
728,728,,,0.9558491706848145,0.06504090875387192,0.9429842233657837,0.12819989025592804,0.028853997588157654,0.028853997588157654
728,728,0.026700790971517563,,,,,,,
729,729,,,0.9558032751083374,0.06494643539190292,0.943041980266571,0.12805362045764923,0.028844181448221207,0.028844181448221207
729,729,0.02667926251888275,,,,,,,
730,730,,,0.955758273601532,0.06485217809677124,0.9431001543998718,0.12790663540363312,0.02883434295654297,0.02883434295654297
730,730,0.026657678186893463,,,,,,,
731,731,,,0.9557139873504639,0.06475823372602463,0.9431585669517517,0.12775902450084686,0.028824491426348686,0.028824491426348686
731,731,0.0266360342502594,,,,,,,
732,732,,,0.9556706547737122,0.06466441601514816,0.9432173371315002,0.12761066854000092,0.02881462499499321,0.02881462499499321
732,732,0.026614345610141754,,,,,,,
733,733,,,0.9556282162666321,0.06457091122865677,0.9432762265205383,0.1274617463350296,0.028804738074541092,0.028804738074541092
733,733,0.02659260667860508,,,,,,,
734,734,,,0.955586850643158,0.06447765231132507,0.9433349370956421,0.1273120641708374,0.02879481390118599,0.02879481390118599
734,734,0.02657080627977848,,,,,,,
735,735,,,0.9555462002754211,0.06438462436199188,0.9433939456939697,0.12716169655323029,0.028784869238734245,0.028784869238734245
735,735,0.026548966765403748,,,,,,,
736,736,,,0.9555065035820007,0.06429176777601242,0.9434533715248108,0.12701068818569183,0.028774920850992203,0.028774920850992203
736,736,0.026527060195803642,,,,,,,
737,737,,,0.955467700958252,0.06419921666383743,0.9435129165649414,0.12685903906822205,0.02876494824886322,0.02876494824886322
737,737,0.026505110785365105,,,,,,,
738,738,,,0.9554298520088196,0.06410681456327438,0.9435726404190063,0.12670670449733734,0.028754957020282745,0.028754957020282745
738,738,0.02648310922086239,,,,,,,
739,739,,,0.9553931355476379,0.06401478499174118,0.9436329007148743,0.1265536993741989,0.02874496392905712,0.02874496392905712
739,739,0.02646103873848915,,,,,,,
740,740,,,0.9553573727607727,0.06392314285039902,0.9436928033828735,0.12640005350112915,0.028734933584928513,0.028734933584928513
740,740,0.02643893100321293,,,,,,,
741,741,,,0.9553226232528687,0.06383179128170013,0.9437525272369385,0.12624579668045044,0.028724871575832367,0.028724871575832367
741,741,0.026416758075356483,,,,,,,
742,742,,,0.9552891254425049,0.06374073773622513,0.9438127875328064,0.1260908544063568,0.02871480956673622,0.02871480956673622
742,742,0.026394546031951904,,,,,,,
743,743,,,0.9552564024925232,0.06364990025758743,0.9438737034797668,0.12593524158000946,0.028704747557640076,0.028704747557640076
743,743,0.026372259482741356,,,,,,,
744,744,,,0.9552248120307922,0.06355948001146317,0.9439346790313721,0.12577909231185913,0.028694676235318184,0.028694676235318184
744,744,0.026349931955337524,,,,,,,
745,745,,,0.9551942348480225,0.06346938759088516,0.943995475769043,0.12562231719493866,0.028684575110673904,0.028684575110673904
745,745,0.02632755972445011,,,,,,,
746,746,,,0.9551647305488586,0.06337960064411163,0.944056510925293,0.12546484172344208,0.028674457222223282,0.028674457222223282
746,746,0.026305122300982475,,,,,,,
747,747,,,0.9551364183425903,0.06329015642404556,0.9441176652908325,0.12530672550201416,0.028664324432611465,0.028664324432611465
747,747,0.02628263644874096,,,,,,,
748,748,,,0.955109179019928,0.06320103257894516,0.9441788792610168,0.12514813244342804,0.02865418791770935,0.02865418791770935
748,748,0.026260092854499817,,,,,,,
749,749,,0.026237495243549347,,,,,,
749,749,,,0.9550833106040955,0.06311235576868057,0.9442404508590698,0.12498896569013596,0.028644051402807236,0.028644051402807236
749,749,0.026237495243549347,,,,,,,
750,750,,,0.9550583958625793,0.06302405893802643,0.9443023204803467,0.12482915818691254,0.028633907437324524,0.028633907437324524
750,750,0.026214847341179848,,,,,,,
751,751,,,0.9550344347953796,0.06293616443872452,0.944364070892334,0.12466870248317719,0.028623733669519424,0.028623733669519424
751,751,0.026192136108875275,,,,,,,
752,752,,,0.9550118446350098,0.06284868717193604,0.9444260597229004,0.12450773268938065,0.028613563627004623,0.028613563627004623
752,752,0.026169370859861374,,,,,,,
753,753,,,0.9549902677536011,0.0627618208527565,0.9444878697395325,0.12434622645378113,0.02860337495803833,0.02860337495803833
753,753,0.02614656835794449,,,,,,,
754,754,,,0.9549698829650879,0.06267528980970383,0.9445503950119019,0.12418423593044281,0.028593208640813828,0.028593208640813828
754,754,0.026123706251382828,,,,,,,
755,755,,,0.9549506902694702,0.06258919835090637,0.9446128606796265,0.12402172386646271,0.02858303114771843,0.02858303114771843
755,755,0.02610078640282154,,,,,,,
756,756,,,0.9549328684806824,0.06250358372926712,0.9446756839752197,0.12385863065719604,0.02857285365462303,0.02857285365462303
756,756,0.026077814400196075,,,,,,,
757,757,,,0.9549161195755005,0.06241840496659279,0.9447383284568787,0.12369506061077118,0.02856266498565674,0.02856266498565674
757,757,0.02605479024350643,,,,,,,
758,758,,,0.954900860786438,0.06233380734920502,0.9448007941246033,0.12353098392486572,0.02855246141552925,0.02855246141552925
758,758,0.026031717658042908,,,,,,,
759,759,,,0.9548866152763367,0.062249649316072464,0.9448637962341309,0.12336641550064087,0.028542272746562958,0.028542272746562958
759,759,0.02600858174264431,,,,,,,
760,760,,,0.9548736810684204,0.062166232615709305,0.9449267387390137,0.1232014074921608,0.028532085940241814,0.028532085940241814
760,760,0.02598540484905243,,,,,,,
761,761,,,0.9548618793487549,0.06208329647779465,0.9449900388717651,0.12303608655929565,0.028521917760372162,0.028521917760372162
761,761,0.02596217207610607,,,,,,,
762,762,,,0.9548513889312744,0.062000833451747894,0.9450533986091614,0.1228703036904335,0.02851174585521221,0.02851174585521221
762,762,0.025938890874385834,,,,,,,
763,763,,,0.9548420906066895,0.06191885098814964,0.9451165795326233,0.12270400673151016,0.028501562774181366,0.028501562774181366
763,763,0.02591555193066597,,,,,,,
764,764,,,0.9548342823982239,0.06183766946196556,0.9451802372932434,0.12253734469413757,0.02849140577018261,0.02849140577018261
764,764,0.025892172008752823,,,,,,,
765,765,,,0.954827606678009,0.06175700202584267,0.9452441334724426,0.12237031757831573,0.028481263667345047,0.028481263667345047
765,765,0.02586873434484005,,,,,,,
766,766,,,0.9548224806785583,0.06167702004313469,0.945307731628418,0.1222030520439148,0.028471127152442932,0.028471127152442932
766,766,0.025845250114798546,,,,,,,
767,767,,,0.9548184871673584,0.061597730964422226,0.9453714489936829,0.12203536927700043,0.028460994362831116,0.028460994362831116
767,767,0.025821710005402565,,,,,,,
768,768,,,0.9548157453536987,0.06151893362402916,0.9454351663589478,0.12186732143163681,0.028450867161154747,0.028450867161154747
768,768,0.025798125192523003,,,,,,,
769,769,,,0.9548144936561584,0.06144091486930847,0.9454991221427917,0.12169910222291946,0.028440769761800766,0.028440769761800766
769,769,0.02577449008822441,,,,,,,
770,770,,,0.9548143744468689,0.06136368587613106,0.9455634355545044,0.12153051048517227,0.028430692851543427,0.028430692851543427
770,770,0.025750821456313133,,,,,,,
771,771,,,0.9548155069351196,0.06128726154565811,0.9456279277801514,0.12136165797710419,0.028420638293027878,0.028420638293027878
771,771,0.025727085769176483,,,,,,,
772,772,,,0.9548181295394897,0.06121160835027695,0.945692241191864,0.12119266390800476,0.028410600498318672,0.028410600498318672
772,772,0.0257033109664917,,,,,,,
773,773,,,0.9548220634460449,0.06113658472895622,0.9457563757896423,0.12102349102497101,0.02840057760477066,0.02840057760477066
773,773,0.02567950077354908,,,,,,,
774,774,,,0.9548273682594299,0.06106231361627579,0.9458208084106445,0.12085401266813278,0.02839057706296444,0.02839057706296444
774,774,0.025655632838606834,,,,,,,
775,775,,,0.954833984375,0.060989007353782654,0.9458853006362915,0.12068434059619904,0.02838059887290001,0.02838059887290001
775,775,0.025631720200181007,,,,,,,
776,776,,,0.9548419713973999,0.06091649830341339,0.9459499716758728,0.1205146536231041,0.028370659798383713,0.028370659798383713
776,776,0.025607766583561897,,,,,,,
777,777,,,0.9548513293266296,0.0608447827398777,0.9460147619247437,0.12034483999013901,0.028360750526189804,0.028360750526189804
777,777,0.025583771988749504,,,,,,,
778,778,,,0.9548617601394653,0.06077396869659424,0.946079432964325,0.12017490714788437,0.028350863605737686,0.028350863605737686
778,778,0.02555972896516323,,,,,,,
779,779,,,0.9548738598823547,0.0607040636241436,0.9461440443992615,0.12000486254692078,0.028341000899672508,0.028341000899672508
779,779,0.02553565427660942,,,,,,,
780,780,,,0.9548872709274292,0.06063508614897728,0.9462087750434875,0.11983472853899002,0.028331169858574867,0.028331169858574867
780,780,0.02551152929663658,,,,,,,
781,781,,,0.9549020528793335,0.060566917061805725,0.9462736248970032,0.119664765894413,0.028321394696831703,0.028321394696831703
781,781,0.025487372651696205,,,,,,,
782,782,,,0.9549181461334229,0.060499727725982666,0.946338951587677,0.11949469894170761,0.02831166610121727,0.02831166610121727
782,782,0.025463173165917397,,,,,,,
783,783,,,0.9549356698989868,0.060433465987443924,0.946404218673706,0.11932463943958282,0.028301967307925224,0.028301967307925224
783,783,0.025438938289880753,,,,,,,
784,784,,,0.9549545049667358,0.060368262231349945,0.9464691281318665,0.1191546618938446,0.028292296454310417,0.028292296454310417
784,784,0.025414664298295975,,,,,,,
785,785,,,0.9549747109413147,0.060303956270217896,0.9465338587760925,0.11898478865623474,0.028282660990953445,0.028282660990953445
785,785,0.025390351191163063,,,,,,,
786,786,,,0.9549961686134338,0.060240697115659714,0.9465989470481873,0.11881507188081741,0.0282730832695961,0.0282730832695961
786,786,0.025366008281707764,,,,,,,
787,787,,,0.9550190567970276,0.06017851456999779,0.9466643333435059,0.11864542216062546,0.02826356329023838,0.02826356329023838
787,787,0.025341631844639778,,,,,,,
788,788,,,0.9550431966781616,0.06011749804019928,0.9467297196388245,0.11847595870494843,0.028254088014364243,0.028254088014364243
788,788,0.025317218154668808,,,,,,,
789,789,,,0.9550687670707703,0.06005750969052315,0.9467946290969849,0.11830665916204453,0.028244640678167343,0.028244640678167343
789,789,0.02529277093708515,,,,,,,
790,790,,,0.9550957679748535,0.05999867618083954,0.9468598365783691,0.11813767999410629,0.028235264122486115,0.028235264122486115
790,790,0.025268301367759705,,,,,,,
791,791,,,0.9551239609718323,0.059940848499536514,0.9469249844551086,0.11796890199184418,0.028225932270288467,0.028225932270288467
791,791,0.02524380199611187,,,,,,,
792,792,,,0.9551536440849304,0.059884123504161835,0.9469903707504272,0.11780039221048355,0.028216667473316193,0.028216667473316193
792,792,0.025219276547431946,,,,,,,
793,793,,,0.9551845788955688,0.05982852354645729,0.9470559358596802,0.11763223260641098,0.02820746973156929,0.02820746973156929
793,793,0.025194717571139336,,,,,,,
794,794,,,0.9552167654037476,0.05977383255958557,0.9471210241317749,0.1174643486738205,0.028198305517435074,0.028198305517435074
794,794,0.025170132517814636,,,,,,,
795,795,,,0.9552503228187561,0.059720538556575775,0.9471864104270935,0.11729688942432404,0.028189217671751976,0.028189217671751976
795,795,0.025145526975393295,,,,,,,
796,796,,,0.9552851915359497,0.05966838076710701,0.9472512602806091,0.11712975800037384,0.028180165216326714,0.028180165216326714
796,796,0.025120897218585014,,,,,,,
797,797,,,0.9553213119506836,0.05961741507053375,0.9473163485527039,0.11696305871009827,0.02817118912935257,0.02817118912935257
797,797,0.02509624883532524,,,,,,,
798,798,,,0.9553587436676025,0.059567853808403015,0.9473819136619568,0.1167968362569809,0.02816230058670044,0.02816230058670044
798,798,0.02507157251238823,,,,,,,
799,799,,0.025046877562999725,,,,,,
799,799,,,0.9553974866867065,0.0595194511115551,0.9474475383758545,0.11663102358579636,0.028153477236628532,0.028153477236628532
799,799,0.025046877562999725,,,,,,,
800,800,,,0.9554375410079956,0.05947235971689224,0.9475131034851074,0.11646562814712524,0.028144720941781998,0.028144720941781998
800,800,0.025022169575095177,,,,,,,
801,801,,,0.9554789066314697,0.059426449239254,0.9475777745246887,0.11630094796419144,0.028136007487773895,0.028136007487773895
801,801,0.024997452273964882,,,,,,,
802,802,,,0.9555215239524841,0.05938177928328514,0.9476425051689148,0.11613678932189941,0.028127368539571762,0.028127368539571762
802,802,0.024972714483737946,,,,,,,
803,803,,,0.9555651545524597,0.059338394552469254,0.9477077722549438,0.11597312241792679,0.028118815273046494,0.028118815273046494
803,803,0.024947959929704666,,,,,,,
804,804,,,0.9556100368499756,0.05929621681571007,0.9477732181549072,0.11581005901098251,0.02811034768819809,0.02811034768819809
804,804,0.024923186749219894,,,,,,,
805,805,,,0.9556562304496765,0.059255387634038925,0.947838306427002,0.11564759165048599,0.02810194157063961,0.02810194157063961
805,805,0.024898411706089973,,,,,,,
806,806,,,0.9557036757469177,0.05921577662229538,0.9479030966758728,0.11548592895269394,0.0280936099588871,0.0280936099588871
806,806,0.024873629212379456,,,,,,,
807,807,,,0.9557523727416992,0.05917734652757645,0.9479677081108093,0.11532491445541382,0.02808535099029541,0.02808535099029541
807,807,0.02484884113073349,,,,,,,
808,808,,,0.9558021426200867,0.05914026126265526,0.9480327367782593,0.11516444385051727,0.028077181428670883,0.028077181428670883
808,808,0.024824047461152077,,,,,,,
809,809,,,0.9558531641960144,0.05910450592637062,0.9480977654457092,0.11500483006238937,0.02806910313665867,0.02806910313665867
809,809,0.024799248203635216,,,,,,,
810,810,,,0.9559052586555481,0.05907001718878746,0.9481627345085144,0.11484602093696594,0.02806110680103302,0.02806110680103302
810,810,0.024774447083473206,,,,,,,
811,811,,,0.9559584259986877,0.0590369775891304,0.9482277035713196,0.11468794196844101,0.028053194284439087,0.028053194284439087
811,811,0.02474963292479515,,,,,,,
812,812,,,0.9560128450393677,0.05900528281927109,0.9482922554016113,0.11453058570623398,0.028045348823070526,0.028045348823070526
812,812,0.02472483366727829,,,,,,,
813,813,,,0.956068217754364,0.05897486209869385,0.9483568668365479,0.11437402665615082,0.02803758904337883,0.02803758904337883
813,813,0.024700026959180832,,,,,,,
814,814,,,0.9561247825622559,0.05894578620791435,0.9484214782714844,0.11421850323677063,0.02802993357181549,0.02802993357181549
814,814,0.024675237014889717,,,,,,,
815,815,,,0.9561823606491089,0.058918025344610214,0.9484858512878418,0.1140638217329979,0.02802235633134842,0.02802235633134842
815,815,0.024650437757372856,,,,,,,
816,816,,,0.9562408328056335,0.058891572058200836,0.9485504031181335,0.11390983313322067,0.028014861047267914,0.028014861047267914
816,816,0.02462565340101719,,,,,,,
817,817,,,0.9563003182411194,0.058866456151008606,0.9486146569252014,0.11375673115253448,0.028007447719573975,0.028007447719573975
817,817,0.02460087276995182,,,,,,,
818,818,,,0.956360936164856,0.05884256586432457,0.9486786127090454,0.11360467225313187,0.0280001200735569,0.0280001200735569
818,818,0.024576105177402496,,,,,,,
819,819,,,0.9564225673675537,0.058819834142923355,0.9487428069114685,0.11345364898443222,0.02799290418624878,0.02799290418624878
819,819,0.024551348760724068,,,,,,,
820,820,,,0.9564850330352783,0.05879848077893257,0.9488068222999573,0.11330345273017883,0.027985764667391777,0.027985764667391777
820,820,0.024526605382561684,,,,,,,
821,821,,,0.956548273563385,0.058778420090675354,0.9488709568977356,0.11315412819385529,0.027978716418147087,0.027978716418147087
821,821,0.02450188249349594,,,,,,,
822,822,,,0.9566127061843872,0.05875972658395767,0.9489350914955139,0.11300592124462128,0.027971778064966202,0.027971778064966202
822,822,0.024477168917655945,,,,,,,
823,823,,,0.956678032875061,0.05874211713671684,0.9489988088607788,0.11285880953073502,0.027964919805526733,0.027964919805526733
823,823,0.02445247769355774,,,,,,,
824,824,,,0.9567440748214722,0.05872584879398346,0.9490624070167542,0.11271262168884277,0.02795814722776413,0.02795814722776413
824,824,0.02442779950797558,,,,,,,
825,825,,,0.9568111300468445,0.05871095508337021,0.9491257071495056,0.1125674694776535,0.02795146033167839,0.02795146033167839
825,825,0.024403149262070656,,,,,,,
826,826,,,0.9568789005279541,0.05869732052087784,0.9491890072822571,0.11242341250181198,0.02794487401843071,0.02794487401843071
826,826,0.024378513917326927,,,,,,,
827,827,,,0.9569473266601562,0.058684807270765305,0.9492525458335876,0.11228030174970627,0.02793838642537594,0.02793838642537594
827,827,0.024353917688131332,,,,,,,
828,828,,,0.9570164084434509,0.05867355316877365,0.9493159651756287,0.11213841289281845,0.027931997552514076,0.027931997552514076
828,828,0.024329332634806633,,,,,,,
829,829,,,0.9570863246917725,0.05866340547800064,0.9493793249130249,0.11199745535850525,0.027925698086619377,0.027925698086619377
829,829,0.024304784834384918,,,,,,,
830,830,,,0.9571571946144104,0.058654509484767914,0.9494420886039734,0.11185763776302338,0.027919474989175797,0.027919474989175797
830,830,0.024280259385704994,,,,,,,
831,831,,,0.9572286605834961,0.0586467944085598,0.9495048522949219,0.11171899735927582,0.027913350611925125,0.027913350611925125
831,831,0.02425576187670231,,,,,,,
832,832,,,0.9573006629943848,0.058640144765377045,0.9495674967765808,0.11158135533332825,0.027907315641641617,0.027907315641641617
832,832,0.024231301620602608,,,,,,,
833,833,,,0.9573732614517212,0.058634594082832336,0.9496306777000427,0.11144477874040604,0.02790139615535736,0.02790139615535736
833,833,0.024206874892115593,,,,,,,
834,834,,,0.9574463963508606,0.058630313724279404,0.9496932029724121,0.1113094836473465,0.027895554900169373,0.027895554900169373
834,834,0.024182485416531563,,,,,,,
835,835,,,0.9575203061103821,0.058626867830753326,0.9497555494308472,0.11117532104253769,0.027889806777238846,0.027889806777238846
835,835,0.02415812388062477,,,,,,,
836,836,,,0.9575944542884827,0.058624569326639175,0.9498176574707031,0.11104214936494827,0.02788413129746914,0.02788413129746914
836,836,0.024133799597620964,,,,,,,
837,837,,,0.9576690793037415,0.05862322077155113,0.9498799443244934,0.1109100878238678,0.02787856012582779,0.02787856012582779
837,837,0.024109525606036186,,,,,,,
838,838,,,0.9577444791793823,0.058623056858778,0.9499420523643494,0.11077933758497238,0.027873091399669647,0.027873091399669647
838,838,0.024085281416773796,,,,,,,
839,839,,,0.9578203558921814,0.05862385779619217,0.9500038623809814,0.1106497198343277,0.02786770462989807,0.02786770462989807
839,839,0.024061081930994987,,,,,,,
840,840,,,0.9578964114189148,0.0586257167160511,0.9500654935836792,0.11052108556032181,0.027862392365932465,0.027862392365932465
840,840,0.024036915972828865,,,,,,,
841,841,,,0.9579730033874512,0.05862850695848465,0.9501270055770874,0.11039356887340546,0.02785716950893402,0.02785716950893402
841,841,0.024012813344597816,,,,,,,
842,842,,,0.9580498933792114,0.058632127940654755,0.950188159942627,0.11026736348867416,0.02785203605890274,0.02785203605890274
842,842,0.023988738656044006,,,,,,,
843,843,,,0.9581270217895508,0.05863667279481888,0.9502497315406799,0.11014232039451599,0.027847012504935265,0.027847012504935265
843,843,0.023964714258909225,,,,,,,
844,844,,,0.9582046866416931,0.05864211544394493,0.9503114223480225,0.1100183054804802,0.02784208208322525,0.02784208208322525
844,844,0.02394074946641922,,,,,,,
845,845,,,0.9582825899124146,0.058648452162742615,0.9503726959228516,0.10989533364772797,0.02783721685409546,0.02783721685409546
845,845,0.0239168182015419,,,,,,,
846,846,,,0.9583607316017151,0.05865566432476044,0.9504329562187195,0.10977374017238617,0.02783241681754589,0.02783241681754589
846,846,0.023892944678664207,,,,,,,
847,847,,,0.9584388732910156,0.058663707226514816,0.9504936933517456,0.10965321958065033,0.02782772108912468,0.02782772108912468
847,847,0.023869112133979797,,,,,,,
848,848,,,0.9585171341896057,0.058672379702329636,0.9505548477172852,0.10953368246555328,0.02782312035560608,0.02782312035560608
848,848,0.023845341056585312,,,,,,,
849,849,,0.023821627721190453,,,,,,
849,849,,,0.9585955142974854,0.05868184193968773,0.950615644454956,0.10941535979509354,0.027818597853183746,0.027818597853183746
849,849,0.023821627721190453,,,,,,,
850,850,,,0.9586741924285889,0.058691978454589844,0.9506754875183105,0.10929842293262482,0.027814142405986786,0.027814142405986786
850,850,0.023797960951924324,,,,,,,
851,851,,,0.9587528705596924,0.05870283767580986,0.9507353901863098,0.10918232798576355,0.027809757739305496,0.027809757739305496
851,851,0.023774340748786926,,,,,,,
852,852,,,0.9588316679000854,0.058714359998703,0.9507954716682434,0.10906726866960526,0.02780546061694622,0.02780546061694622
852,852,0.02375078573822975,,,,,,,
853,853,,,0.958910346031189,0.058726631104946136,0.9508556723594666,0.10895347595214844,0.027801262214779854,0.027801262214779854
853,853,0.023727279156446457,,,,,,,
854,854,,,0.9589892029762268,0.05873941630125046,0.9509156942367554,0.1088409349322319,0.027797147631645203,0.027797147631645203
854,854,0.023703832179307938,,,,,,,
855,855,,,0.9590680599212646,0.058752816170454025,0.9509754776954651,0.10872942209243774,0.027793103829026222,0.027793103829026222
855,855,0.02368045598268509,,,,,,,
856,856,,,0.9591466784477234,0.05876687541604042,0.9510350823402405,0.10861875116825104,0.02778911590576172,0.02778911590576172
856,856,0.023657120764255524,,,,,,,
857,857,,,0.9592254161834717,0.058781396597623825,0.9510942101478577,0.10850924253463745,0.027785196900367737,0.027785196900367737
857,857,0.02363385446369648,,,,,,,
858,858,,,0.9593040943145752,0.058796487748622894,0.9511533975601196,0.10840113461017609,0.027781378477811813,0.027781378477811813
858,858,0.023610644042491913,,,,,,,
859,859,,,0.9593823552131653,0.05881207063794136,0.9512127637863159,0.10829395055770874,0.02777763456106186,0.02777763456106186
859,859,0.023587502539157867,,,,,,,
860,860,,,0.9594605565071106,0.05882805958390236,0.9512720108032227,0.10818774998188019,0.027773957699537277,0.027773957699537277
860,860,0.023564413189888,,,,,,,
861,861,,,0.9595385193824768,0.058844342827796936,0.9513304829597473,0.10808253288269043,0.02777032181620598,0.02777032181620598
861,861,0.023541387170553207,,,,,,,
862,862,,,0.9596164226531982,0.05886106938123703,0.9513887166976929,0.10797880589962006,0.02776677906513214,0.02776677906513214
862,862,0.023518424481153488,,,,,,,
863,863,,,0.959693968296051,0.05887826532125473,0.9514470100402832,0.10787587612867355,0.02776329405605793,0.02776329405605793
863,863,0.023495519533753395,,,,,,,
864,864,,,0.9597710371017456,0.0588957853615284,0.9515059590339661,0.10777374356985092,0.027759894728660583,0.027759894728660583
864,864,0.023472687229514122,,,,,,,
865,865,,,0.9598479270935059,0.05891360342502594,0.9515645503997803,0.10767290741205215,0.027756571769714355,0.027756571769714355
865,865,0.023449914529919624,,,,,,,
866,866,,,0.9599247574806213,0.05893183499574661,0.9516226053237915,0.10757338255643845,0.02775331400334835,0.02775331400334835
866,866,0.0234272088855505,,,,,,,
867,867,,,0.9600011110305786,0.05895015969872475,0.9516804218292236,0.10747462511062622,0.027750102803111076,0.027750102803111076
867,867,0.023404566571116447,,,,,,,
868,868,,,0.960077166557312,0.05896896496415138,0.9517385363578796,0.10737667232751846,0.027746960520744324,0.027746960520744324
868,868,0.02338198572397232,,,,,,,
869,869,,,0.9601527452468872,0.05898788571357727,0.951796293258667,0.10728000104427338,0.02774389088153839,0.02774389088153839
869,869,0.023359468206763268,,,,,,,
870,870,,,0.9602278470993042,0.05900705233216286,0.9518538117408752,0.10718467831611633,0.027740899473428726,0.027740899473428726
870,870,0.023337017744779587,,,,,,,
871,871,,,0.9603025913238525,0.059026386588811874,0.9519113898277283,0.10708995908498764,0.027737950906157494,0.027737950906157494
871,871,0.02331463247537613,,,,,,,
872,872,,,0.9603768587112427,0.05904591456055641,0.9519687294960022,0.10699614137411118,0.02773505263030529,0.02773505263030529
872,872,0.023292306810617447,,,,,,,
873,873,,,0.9604508876800537,0.05906559154391289,0.9520255923271179,0.10690352320671082,0.02773221954703331,0.02773221954703331
873,873,0.02327006123960018,,,,,,,
874,874,,,0.9605241417884827,0.059085387736558914,0.9520826935768127,0.1068120002746582,0.027729462832212448,0.027729462832212448
874,874,0.02324787899851799,,,,,,,
875,875,,,0.9605969786643982,0.05910513922572136,0.9521397948265076,0.10672148317098618,0.02772677317261696,0.02772677317261696
875,875,0.023225752636790276,,,,,,,
876,876,,,0.9606695175170898,0.05912503972649574,0.9521971940994263,0.10663177818059921,0.027724146842956543,0.027724146842956543
876,876,0.023203697055578232,,,,,,,
877,877,,,0.9607414603233337,0.059144943952560425,0.9522536993026733,0.10654309391975403,0.027721554040908813,0.027721554040908813
877,877,0.02318171225488186,,,,,,,
878,878,,,0.9608128070831299,0.059164974838495255,0.9523102045059204,0.10645559430122375,0.027719035744667053,0.027719035744667053
878,878,0.023159796372056007,,,,,,,
879,879,,,0.9608832597732544,0.0591849684715271,0.9523666501045227,0.1063690260052681,0.02771656960248947,0.02771656960248947
879,879,0.023137936368584633,,,,,,,
880,880,,,0.9609532952308655,0.05920499190688133,0.9524231553077698,0.10628335922956467,0.027714166790246964,0.027714166790246964
880,880,0.02311614714562893,,,,,,,
881,881,,,0.9610230922698975,0.05922512337565422,0.9524796009063721,0.10619871318340302,0.02771182730793953,0.02771182730793953
881,881,0.023094424977898598,,,,,,,
882,882,,,0.9610922336578369,0.05924512818455696,0.9525353312492371,0.10611510276794434,0.02770952507853508,0.02770952507853508
882,882,0.02307276614010334,,,,,,,
883,883,,,0.9611606001853943,0.0592651329934597,0.9525910019874573,0.10603242367506027,0.027707276865839958,0.027707276865839958
883,883,0.023051168769598007,,,,,,,
884,884,,,0.9612282514572144,0.05928507447242737,0.9526465535163879,0.10595057159662247,0.02770507149398327,0.02770507149398327
884,884,0.02302965149283409,,,,,,,
885,885,,,0.9612953066825867,0.05930504575371742,0.9527026414871216,0.10586997866630554,0.027702970430254936,0.027702970430254936
885,885,0.0230081919580698,,,,,,,
886,886,,,0.9613618850708008,0.05932482331991196,0.9527586102485657,0.1057904064655304,0.02770092710852623,0.02770092710852623
886,886,0.02298680692911148,,,,,,,
887,887,,,0.9614279270172119,0.059344466775655746,0.9528143405914307,0.10571178793907166,0.027698932215571404,0.027698932215571404
887,887,0.022965475916862488,,,,,,,
888,888,,,0.9614929556846619,0.05936400964856148,0.9528695344924927,0.10563379526138306,0.027696950361132622,0.027696950361132622
888,888,0.022944219410419464,,,,,,,
889,889,,,0.9615574479103088,0.059383369982242584,0.9529244303703308,0.105556920170784,0.027695022523403168,0.027695022523403168
889,889,0.02292301505804062,,,,,,,
890,890,,,0.9616214036941528,0.0594027154147625,0.9529796838760376,0.10548144578933716,0.02769319899380207,0.02769319899380207
890,890,0.02290189079940319,,,,,,,
891,891,,,0.9616846442222595,0.05942176654934883,0.9530354142189026,0.1054067313671112,0.027691440656781197,0.027691440656781197
891,891,0.02288082428276539,,,,,,,
892,892,,,0.9617471694946289,0.05944069102406502,0.9530909061431885,0.10533265769481659,0.027689708396792412,0.027689708396792412
892,892,0.022859828546643257,,,,,,,
893,893,,,0.9618088603019714,0.05945940315723419,0.9531450271606445,0.10525988042354584,0.02768799662590027,0.02768799662590027
893,893,0.022838890552520752,,,,,,,
894,894,,,0.961870014667511,0.05947788804769516,0.9531992077827454,0.10518833249807358,0.027686363086104393,0.027686363086104393
894,894,0.02281801961362362,,,,,,,
895,895,,,0.961930513381958,0.059496212750673294,0.9532543420791626,0.10511736571788788,0.027684800326824188,0.027684800326824188
895,895,0.02279721386730671,,,,,,,
896,896,,,0.961990237236023,0.059514306485652924,0.9533094763755798,0.10504725575447083,0.027683289721608162,0.027683289721608162
896,896,0.022776475176215172,,,,,,,
897,897,,,0.9620496034622192,0.05953212454915047,0.9533635973930359,0.10497864335775375,0.027681829407811165,0.027681829407811165
897,897,0.02275579608976841,,,,,,,
898,898,,,0.9621080160140991,0.05954957753419876,0.9534174799919128,0.10491106659173965,0.0276804156601429,0.0276804156601429
898,898,0.022735178470611572,,,,,,,
899,899,,0.022714633494615555,,,,,,
899,899,,,0.9621654748916626,0.05956722050905228,0.9534723162651062,0.10484398901462555,0.027679067105054855,0.027679067105054855
899,899,0.022714633494615555,,,,,,,
900,900,,,0.9622225761413574,0.05958450213074684,0.9535267353057861,0.10477807372808456,0.02767777442932129,0.02767777442932129
900,900,0.022694142535328865,,,,,,,
901,901,,,0.9622790217399597,0.059601571410894394,0.9535806775093079,0.1047135666012764,0.027676548808813095,0.027676548808813095
901,901,0.022673722356557846,,,,,,,
902,902,,,0.9623346924781799,0.059618327766656876,0.9536346793174744,0.10464996099472046,0.02767537161707878,0.02767537161707878
902,902,0.02265336364507675,,,,,,,
903,903,,,0.9623894095420837,0.059634916484355927,0.9536886215209961,0.1045868992805481,0.027674222365021706,0.027674222365021706
903,903,0.022633066400885582,,,,,,,
904,904,,,0.9624436497688293,0.059651169925928116,0.953742265701294,0.10452515631914139,0.027673138305544853,0.027673138305544853
904,904,0.022612834349274635,,,,,,,
905,905,,,0.9624971747398376,0.05966701731085777,0.9537961483001709,0.10446496307849884,0.027672160416841507,0.027672160416841507
905,905,0.022592661902308464,,,,,,,
906,906,,,0.9625504016876221,0.05968255549669266,0.9538502097129822,0.10440525412559509,0.027671216055750847,0.027671216055750847
906,906,0.022572550922632217,,,,,,,
907,907,,,0.9626026749610901,0.059697844088077545,0.9539039731025696,0.10434620082378387,0.02767029032111168,0.02767029032111168
907,907,0.022552499547600746,,,,,,,
908,908,,,0.9626543521881104,0.05971263349056244,0.9539570808410645,0.1042885035276413,0.02766941860318184,0.02766941860318184
908,908,0.022532515227794647,,,,,,,
909,909,,,0.9627051949501038,0.05972716212272644,0.954010009765625,0.10423234105110168,0.027668628841638565,0.027668628841638565
909,909,0.022512581199407578,,,,,,,
910,910,,,0.9627554416656494,0.059741608798503876,0.9540634155273438,0.10417677462100983,0.027667894959449768,0.027667894959449768
910,910,0.022492721676826477,,,,,,,
911,911,,,0.9628052115440369,0.05975561961531639,0.954117476940155,0.10412206500768661,0.02766723372042179,0.02766723372042179
911,911,0.022472914308309555,,,,,,,
912,912,,,0.9628543257713318,0.059769339859485626,0.954170823097229,0.10406851023435593,0.027666613459587097,0.027666613459587097
912,912,0.022453173995018005,,,,,,,
913,913,,,0.9629023671150208,0.05978274345397949,0.9542234539985657,0.10401628166437149,0.027666034176945686,0.027666034176945686
913,913,0.022433489561080933,,,,,,,
914,914,,,0.9629499912261963,0.05979565903544426,0.954276442527771,0.10396508127450943,0.027665531262755394,0.027665531262755394
914,914,0.022413872182369232,,,,,,,
915,915,,,0.9629970192909241,0.05980853736400604,0.9543299674987793,0.1039147600531578,0.02766510099172592,0.02766510099172592
915,915,0.02239430695772171,,,,,,,
916,916,,,0.9630436897277832,0.05982108786702156,0.9543832540512085,0.10386527329683304,0.027664707973599434,0.027664707973599434
916,916,0.022374805063009262,,,,,,,
917,917,,,0.9630895853042603,0.05983329191803932,0.9544363617897034,0.10381721705198288,0.027664395049214363,0.027664395049214363
917,917,0.02235535904765129,,,,,,,
918,918,,,0.9631344079971313,0.05984504148364067,0.9544891715049744,0.10377039015293121,0.02766413241624832,0.02766413241624832
918,918,0.022335980087518692,,,,,,,
919,919,,,0.9631789922714233,0.05985637754201889,0.9545419812202454,0.10372424870729446,0.027663908898830414,0.027663908898830414
919,919,0.02231665514409542,,,,,,,
920,920,,,0.963223397731781,0.05986746400594711,0.9545948505401611,0.1036791205406189,0.02766375243663788,0.02766375243663788
920,920,0.022297386080026627,,,,,,,
921,921,,,0.9632671475410461,0.05987830460071564,0.9546475410461426,0.1036352589726448,0.027663661167025566,0.027663661167025566
921,921,0.022278184071183205,,,,,,,
922,922,,,0.9633099436759949,0.05988867208361626,0.9547004103660583,0.10359235107898712,0.02766362391412258,0.02766362391412258
922,922,0.02225903607904911,,,,,,,
923,923,,,0.9633520245552063,0.05989864841103554,0.9547533392906189,0.10355053842067719,0.02766365557909012,0.02766362391412258
923,923,0.02223995514214039,,,,,,,
924,924,,,0.9633938670158386,0.05990810692310333,0.9548062086105347,0.10350987315177917,0.02766375057399273,0.02766362391412258
924,924,0.022220928221940994,,,,,,,
925,925,,,0.9634352922439575,0.05991724506020546,0.9548589587211609,0.10347014665603638,0.02766389399766922,0.02766362391412258
925,925,0.02220195159316063,,,,,,,
926,926,,,0.9634760022163391,0.05992601066827774,0.9549118876457214,0.10343125462532043,0.02766409143805504,0.02766362391412258
926,926,0.022183042019605637,,,,,,,
927,927,,,0.9635160565376282,0.05993444845080376,0.9549643397331238,0.10339377820491791,0.027664348483085632,0.02766362391412258
927,927,0.02216419018805027,,,,,,,
928,928,,,0.9635554552078247,0.05994267016649246,0.9550167322158813,0.10335732251405716,0.027664661407470703,0.02766362391412258
928,928,0.02214539423584938,,,,,,,
929,929,,,0.9635947942733765,0.05995045229792595,0.9550699591636658,0.10332181304693222,0.027665063738822937,0.02766362391412258
929,929,0.022126661613583565,,,,,,,
930,930,,,0.96363365650177,0.05995796248316765,0.9551227688789368,0.10328730195760727,0.027665510773658752,0.02766362391412258
930,930,0.022107981145381927,,,,,,,
931,931,,,0.9636719822883606,0.059964876621961594,0.9551753401756287,0.10325394570827484,0.027666011825203896,0.02766362391412258
931,931,0.022089358419179916,,,,,,,
932,932,,,0.9637097716331482,0.05997154861688614,0.9552280306816101,0.10322169214487076,0.02766657993197441,0.02766362391412258
932,932,0.022070802748203278,,,,,,,
933,933,,,0.9637469053268433,0.059977684170007706,0.9552807807922363,0.10319023579359055,0.027667192742228508,0.02766362391412258
933,933,0.022052299231290817,,,,,,,
934,934,,,0.963783860206604,0.059983521699905396,0.9553338289260864,0.10315992683172226,0.027667883783578873,0.02766362391412258
934,934,0.02203385718166828,,,,,,,
935,935,,,0.9638204574584961,0.05998894199728966,0.9553869962692261,0.10313082486391068,0.027668654918670654,0.02766362391412258
935,935,0.022015469148755074,,,,,,,
936,936,,,0.9638561010360718,0.059993926435709,0.955439567565918,0.10310264676809311,0.027669446542859077,0.02766362391412258
936,936,0.02199714630842209,,,,,,,
937,937,,,0.9638916850090027,0.059998512268066406,0.9554923176765442,0.10307537764310837,0.027670297771692276,0.02766362391412258
937,937,0.021978870034217834,,,,,,,
938,938,,,0.9639269709587097,0.060002800077199936,0.9555454850196838,0.10304903984069824,0.027671225368976593,0.02766362391412258
938,938,0.021960657089948654,,,,,,,
939,939,,,0.9639620780944824,0.06000658869743347,0.9555988311767578,0.10302402824163437,0.027672234922647476,0.02766362391412258
939,939,0.021942507475614548,,,,,,,
940,940,,,0.9639963507652283,0.06000996008515358,0.9556518793106079,0.10299994796514511,0.027673281729221344,0.02766362391412258
940,940,0.02192440815269947,,,,,,,
941,941,,,0.9640302062034607,0.06001288816332817,0.955704927444458,0.10297657549381256,0.027674365788698196,0.02766362391412258
941,941,0.02190636470913887,,,,,,,
942,942,,,0.9640640020370483,0.06001537665724754,0.9557582139968872,0.10295436531305313,0.027675533667206764,0.02766362391412258
942,942,0.021888380870223045,,,,,,,
943,943,,,0.9640977382659912,0.060017552226781845,0.9558113813400269,0.10293344408273697,0.027676772326231003,0.02766362391412258
943,943,0.02187046781182289,,,,,,,
944,944,,,0.964130699634552,0.06001944839954376,0.9558647871017456,0.10291314870119095,0.027678053826093674,0.02766362391412258
944,944,0.02185259573161602,,,,,,,
945,945,,,0.9641632437705994,0.06002073734998703,0.9559183120727539,0.10289373248815536,0.027679385617375374,0.02766362391412258
945,945,0.02183479256927967,,,,,,,
946,946,,,0.9641953706741333,0.060021668672561646,0.9559715986251831,0.10287555307149887,0.027680780738592148,0.02766362391412258
946,946,0.02181703969836235,,,,,,,
947,947,,,0.964227557182312,0.06002204865217209,0.9560255408287048,0.10285837203264236,0.027682261541485786,0.02766362391412258
947,947,0.021799350157380104,,,,,,,
948,948,,,0.9642592668533325,0.060022033751010895,0.9560796618461609,0.10284176468849182,0.02768378145992756,0.02766362391412258
948,948,0.02178172953426838,,,,,,,
949,949,,0.021764149889349937,,,,,,
949,949,,,0.9642910361289978,0.06002163514494896,0.956133246421814,0.10282625257968903,0.027685344219207764,0.02766362391412258
949,949,0.021764149889349937,,,,,,,
950,950,,,0.964322566986084,0.06002071499824524,0.9561867117881775,0.10281183570623398,0.027686964720487595,0.02766362391412258
950,950,0.021746637299656868,,,,,,,
951,951,,,0.964353621006012,0.060019366443157196,0.9562411904335022,0.10279814153909683,0.02768866717815399,0.02766362391412258
951,951,0.021729176864027977,,,,,,,
952,952,,,0.9643840789794922,0.06001758947968483,0.9562960267066956,0.10278527438640594,0.027690429240465164,0.02766362391412258
952,952,0.02171177975833416,,,,,,,
953,953,,,0.9644147157669067,0.06001530960202217,0.9563502669334412,0.10277369618415833,0.027692245319485664,0.02766362391412258
953,953,0.021694444119930267,,,,,,,
954,954,,,0.9644454121589661,0.060012686997652054,0.9564042687416077,0.10276274383068085,0.027694091200828552,0.02766362391412258
954,954,0.021677164360880852,,,,,,,
955,955,,,0.9644755125045776,0.060009732842445374,0.9564586281776428,0.1027524471282959,0.02769598364830017,0.02766362391412258
955,955,0.02165995165705681,,,,,,,
956,956,,,0.9645054936408997,0.060006070882081985,0.9565136432647705,0.10274333506822586,0.0276979710906744,0.02766362391412258
956,956,0.021642787382006645,,,,,,,
957,957,,,0.964535117149353,0.06000197306275368,0.9565687775611877,0.10273516178131104,0.027700016275048256,0.02766362391412258
957,957,0.02162567898631096,,,,,,,
958,958,,,0.9645649194717407,0.059997424483299255,0.956623911857605,0.10272768884897232,0.027702108025550842,0.02766362391412258
958,958,0.021608641371130943,,,,,,,
959,959,,,0.9645944833755493,0.059992365539073944,0.9566788077354431,0.10272073745727539,0.027704214677214622,0.02766362391412258
959,959,0.021591659635305405,,,,,,,
960,960,,,0.9646238088607788,0.05998670309782028,0.956733763217926,0.1027148887515068,0.027706386521458626,0.02766362391412258
960,960,0.021574733778834343,,,,,,,
961,961,,,0.9646531939506531,0.05998070910573006,0.9567894339561462,0.10271013528108597,0.02770865708589554,0.02766362391412258
961,961,0.021557874977588654,,,,,,,
962,962,,,0.9646824598312378,0.059974294155836105,0.9568457007408142,0.10270584374666214,0.02771097794175148,0.02766362391412258
962,962,0.021541068330407143,,,,,,,
963,963,,,0.9647114872932434,0.059967491775751114,0.9569018483161926,0.10270226001739502,0.027713332325220108,0.02766362391412258
963,963,0.021524325013160706,,,,,,,
964,964,,,0.9647403955459595,0.0599600188434124,0.9569570422172546,0.10269954800605774,0.02771569974720478,0.02766362391412258
964,964,0.02150764875113964,,,,,,,
965,965,,,0.9647694230079651,0.05995212495326996,0.9570126533508301,0.10269764810800552,0.027718128636479378,0.02766362391412258
965,965,0.021491022780537605,,,,,,,
966,966,,,0.964798092842102,0.05994374305009842,0.9570697546005249,0.10269637405872345,0.027720656245946884,0.02766362391412258
966,966,0.021474463865160942,,,,,,,
967,967,,,0.9648267030715942,0.05993465706706047,0.957126796245575,0.1026960089802742,0.02772323600947857,0.02766362391412258
967,967,0.021457962691783905,,,,,,,
968,968,,,0.9648553133010864,0.05992518365383148,0.9571831822395325,0.10269608348608017,0.027725810185074806,0.02766362391412258
968,968,0.02144152671098709,,,,,,,
969,969,,,0.9648841023445129,0.059915099292993546,0.9572393894195557,0.10269702225923538,0.027728430926799774,0.02766362391412258
969,969,0.021425142884254456,,,,,,,
970,970,,,0.9649127125740051,0.05990458279848099,0.9572967886924744,0.1026984229683876,0.02773112803697586,0.02766362391412258
970,970,0.02140883170068264,,,,,,,
971,971,,,0.9649414420127869,0.05989353358745575,0.9573543071746826,0.10270103812217712,0.027733899652957916,0.02766362391412258
971,971,0.021392568945884705,,,,,,,
972,972,,,0.964970052242279,0.05988185852766037,0.9574119448661804,0.1027040183544159,0.02773669734597206,0.02766362391412258
972,972,0.02137638069689274,,,,,,,
973,973,,,0.9649986028671265,0.059869877994060516,0.9574695825576782,0.10270725190639496,0.0277395099401474,0.02766362391412258
973,973,0.02136024460196495,,,,,,,
974,974,,,0.9650270938873291,0.059857193380594254,0.9575275182723999,0.10271156579256058,0.02774239517748356,0.02766362391412258
974,974,0.021344177424907684,,,,,,,
975,975,,,0.9650560021400452,0.059844009578228,0.9575852751731873,0.10271667689085007,0.027745328843593597,0.02766362391412258
975,975,0.02132817730307579,,,,,,,
976,976,,,0.9650848507881165,0.05983038246631622,0.9576438069343567,0.10272210836410522,0.02774830535054207,0.02766362391412258
976,976,0.021312231197953224,,,,,,,
977,977,,,0.9651135802268982,0.05981630086898804,0.9577025771141052,0.10272794961929321,0.027751319110393524,0.02766362391412258
977,977,0.02129635028541088,,,,,,,
978,978,,,0.9651419520378113,0.059801507741212845,0.9577612280845642,0.10273457318544388,0.027754368260502815,0.02766362391412258
978,978,0.021280530840158463,,,,,,,
979,979,,,0.9651711583137512,0.059786055237054825,0.9578198194503784,0.10274198651313782,0.027757469564676285,0.02766362391412258
979,979,0.02126476727426052,,,,,,,
980,980,,,0.9652002453804016,0.05977000668644905,0.957878589630127,0.10274982452392578,0.027760600671172142,0.02766362391412258
980,980,0.0212490763515234,,,,,,,
981,981,,,0.9652296304702759,0.059753403067588806,0.9579382538795471,0.10275789350271225,0.027763783931732178,0.02766362391412258
981,981,0.0212334506213665,,,,,,,
982,982,,,0.9652589559555054,0.05973630025982857,0.9579977989196777,0.10276667773723602,0.02776699885725975,0.02766362391412258
982,982,0.021217884495854378,,,,,,,
983,983,,,0.9652881622314453,0.05971861630678177,0.9580575823783875,0.10277611762285233,0.0277702659368515,0.02766362391412258
983,983,0.021202389150857925,,,,,,,
984,984,,,0.9653175473213196,0.05970035865902901,0.9581178426742554,0.1027858778834343,0.027773572131991386,0.02766362391412258
984,984,0.02118694968521595,,,,,,,
985,985,,,0.9653475284576416,0.05968136712908745,0.9581782817840576,0.10279606282711029,0.027776911854743958,0.02766362391412258
985,985,0.021171582862734795,,,,,,,
986,986,,,0.9653775691986084,0.059661831706762314,0.9582381844520569,0.10280673950910568,0.027780259028077126,0.02766362391412258
986,986,0.021156275644898415,,,,,,,
987,987,,,0.9654072523117065,0.059641677886247635,0.9582984447479248,0.10281792283058167,0.027783645316958427,0.02766362391412258
987,987,0.02114103175699711,,,,,,,
988,988,,,0.9654369950294495,0.05962101370096207,0.95835942029953,0.10282951593399048,0.027787089347839355,0.02766362391412258
988,988,0.021125856786966324,,,,,,,
989,989,,,0.9654673933982849,0.05959966778755188,0.9584208130836487,0.10284163802862167,0.027790579944849014,0.02766362391412258
989,989,0.021110745146870613,,,,,,,
990,990,,,0.9654982089996338,0.05957785248756409,0.9584819078445435,0.10285408794879913,0.027794085443019867,0.02766362391412258
990,990,0.021095693111419678,,,,,,,
991,991,,,0.9655288457870483,0.059555456042289734,0.958543062210083,0.10286680608987808,0.027797605842351913,0.02766362391412258
991,991,0.02108071558177471,,,,,,,
992,992,,,0.9655598998069763,0.05953235551714897,0.9586045742034912,0.10288012027740479,0.02780117839574814,0.02766362391412258
992,992,0.02106580138206482,,,,,,,
993,993,,,0.9655911922454834,0.05950867757201195,0.9586668014526367,0.10289378464221954,0.027804801240563393,0.02766362391412258
993,993,0.02105094864964485,,,,,,,
994,994,,,0.9656223654747009,0.059484366327524185,0.9587297439575195,0.10290762782096863,0.027808459475636482,0.02766362391412258
994,994,0.021036168560385704,,,,,,,
995,995,,,0.9656538367271423,0.05945940688252449,0.9587917327880859,0.10292190313339233,0.027812108397483826,0.02766362391412258
995,995,0.021021448075771332,,,,,,,
996,996,,,0.9656859636306763,0.05943381413817406,0.9588536024093628,0.10293634980916977,0.027815764769911766,0.02766362391412258
996,996,0.021006803959608078,,,,,,,
997,997,,,0.9657183885574341,0.059407517313957214,0.9589161276817322,0.1029512956738472,0.027819478884339333,0.02766362391412258
997,997,0.020992223173379898,,,,,,,
998,998,,,0.9657503962516785,0.05938047170639038,0.9589793682098389,0.10296636074781418,0.027823220938444138,0.02766362391412258
998,998,0.020977705717086792,,,,,,,
999,999,,0.02096325159072876,,,,,,
999,999,,,0.9657829403877258,0.0593528151512146,0.9590429067611694,0.1029818132519722,0.027827007696032524,0.02766362391412258
999,999,0.02096325159072876,,,,,,,
1000,1000,,,0.9658160209655762,0.05932443216443062,0.9591062068939209,0.10299751907587051,0.02783079631626606,0.02766362391412258
1000,1000,0.020948875695466995,,,,,,,
1001,1001,,,0.9658494591712952,0.05929545685648918,0.9591694474220276,0.10301349312067032,0.027834603562951088,0.02766362391412258
1001,1001,0.020934557542204857,,,,,,,
1002,1002,,,0.9658830761909485,0.0592658706009388,0.959233283996582,0.1030295267701149,0.027838436886668205,0.02766362391412258
1002,1002,0.020920315757393837,,,,,,,
1003,1003,,,0.9659168124198914,0.059235721826553345,0.9592973589897156,0.10304596275091171,0.027842305600643158,0.02766362391412258
1003,1003,0.02090613730251789,,,,,,,
1004,1004,,,0.9659506678581238,0.05920490622520447,0.959361732006073,0.10306262224912643,0.02784619852900505,0.02766362391412258
1004,1004,0.020892025902867317,,,,,,,
1005,1005,,,0.9659851789474487,0.05917331576347351,0.9594259858131409,0.10307937860488892,0.027850093320012093,0.02766362391412258
1005,1005,0.020877987146377563,,,,,,,
1006,1006,,,0.9660203456878662,0.05914122611284256,0.959490180015564,0.10309632122516632,0.02785400301218033,0.02766362391412258
1006,1006,0.020864011719822884,,,,,,,
1007,1007,,,0.9660553932189941,0.059108372777700424,0.9595549702644348,0.10311336070299149,0.027857940644025803,0.02766362391412258
1007,1007,0.020850103348493576,,,,,,,
1008,1008,,,0.9660908579826355,0.05907486379146576,0.9596200585365295,0.10313071310520172,0.027861908078193665,0.02766362391412258
1008,1008,0.020836271345615387,,,,,,,
1009,1009,,,0.9661266207695007,0.05904047563672066,0.959685206413269,0.10314834862947464,0.027865897864103317,0.02766362391412258
1009,1009,0.02082250453531742,,,,,,,
1010,1010,,,0.9661626815795898,0.059005532413721085,0.9597505331039429,0.10316583514213562,0.02786988392472267,0.02766362391412258
1010,1010,0.020808804780244827,,,,,,,
1011,1011,,,0.9661995768547058,0.0589698851108551,0.9598156809806824,0.10318317264318466,0.02787385880947113,0.02766362391412258
1011,1011,0.0207951832562685,,,,,,,
1012,1012,,,0.9662367105484009,0.05893339961767197,0.9598809480667114,0.1032009944319725,0.027877867221832275,0.02766362391412258
1012,1012,0.020781615749001503,,,,,,,
1013,1013,,,0.9662736654281616,0.05889633670449257,0.9599472880363464,0.10321909189224243,0.027881935238838196,0.02766362391412258
1013,1013,0.02076812833547592,,,,,,,
1014,1014,,,0.9663111567497253,0.05885862186551094,0.9600140452384949,0.10323683172464371,0.027885999530553818,0.02766362391412258
1014,1014,0.020754698663949966,,,,,,,
1015,1015,,,0.9663496613502502,0.05882018804550171,0.9600797891616821,0.10325480252504349,0.027890043333172798,0.02766362391412258
1015,1015,0.020741350948810577,,,,,,,
1016,1016,,,0.9663883447647095,0.05878099054098129,0.9601455926895142,0.10327291488647461,0.027894098311662674,0.02766362391412258
1016,1016,0.02072807215154171,,,,,,,
1017,1017,,,0.9664269685745239,0.0587412528693676,0.9602125883102417,0.10329081118106842,0.027898183092474937,0.02766362391412258
1017,1017,0.020714864134788513,,,,,,,
1018,1018,,,0.9664662480354309,0.058700840920209885,0.9602794051170349,0.10330907255411148,0.027902288362383842,0.02766362391412258
1018,1018,0.020701710134744644,,,,,,,
1019,1019,,,0.9665058255195618,0.0586596243083477,0.9603463411331177,0.10332728177309036,0.027906395494937897,0.02766362391412258
1019,1019,0.02068864181637764,,,,,,,
1020,1020,,,0.966545820236206,0.05861775949597359,0.9604131579399109,0.10334525257349014,0.02791048213839531,0.02766362391412258
1020,1020,0.020675640553236008,,,,,,,
1021,1021,,,0.9665862321853638,0.05857517942786217,0.9604802131652832,0.10336317867040634,0.027914579957723618,0.02766362391412258
1021,1021,0.0206627044826746,,,,,,,
1022,1022,,,0.9666274785995483,0.05853183940052986,0.9605473875999451,0.1033814325928688,0.027918707579374313,0.02766362391412258
1022,1022,0.02064984291791916,,,,,,,
1023,1023,,,0.966668963432312,0.05848775431513786,0.9606145620346069,0.10339951515197754,0.027922822162508965,0.02766362391412258
1023,1023,0.02063704840838909,,,,,,,
1024,1024,,,0.9667105078697205,0.05844295397400856,0.9606823325157166,0.10341747105121613,0.02792695350944996,0.02766362391412258
1024,1024,0.020624328404664993,,,,,,,
1025,1025,,,0.966752827167511,0.05839736759662628,0.96075040102005,0.10343529284000397,0.02793109230697155,0.02766362391412258
1025,1025,0.020611677318811417,,,,,,,
1026,1026,,,0.9667956829071045,0.05835101380944252,0.9608176350593567,0.10345317423343658,0.027935199439525604,0.02766362391412258
1026,1026,0.02059909515082836,,,,,,,
1027,1027,,,0.9668388366699219,0.05830400437116623,0.9608858823776245,0.1034713014960289,0.027939368039369583,0.02766362391412258
1027,1027,0.02058658003807068,,,,,,,
1028,1028,,,0.9668821692466736,0.058256469666957855,0.9609544277191162,0.10348875820636749,0.027943503111600876,0.02766362391412258
1028,1028,0.020574133843183517,,,,,,,
1029,1029,,,0.9669263362884521,0.05820826068520546,0.9610223770141602,0.10350622981786728,0.027947623282670975,0.02766362391412258
1029,1029,0.020561765879392624,,,,,,,
1030,1030,,,0.9669706225395203,0.058159202337265015,0.9610903859138489,0.10352391004562378,0.02795175462961197,0.02766362391412258
1030,1030,0.020549461245536804,,,,,,,
1031,1031,,,0.9670155048370361,0.05810951441526413,0.9611590504646301,0.10354126244783401,0.02795589715242386,0.02766362391412258
1031,1031,0.0205372367054224,,,,,,,
1032,1032,,,0.9670608043670654,0.05805913731455803,0.9612277746200562,0.10355859249830246,0.027960041537880898,0.02766362391412258
1032,1032,0.020525075495243073,,,,,,,
1033,1033,,,0.9671067595481873,0.05800817161798477,0.9612961411476135,0.10357581824064255,0.027964171022176743,0.02766362391412258
1033,1033,0.020512981340289116,,,,,,,
1034,1034,,,0.9671527743339539,0.057956352829933167,0.9613652229309082,0.10359262675046921,0.02796829491853714,0.02766362391412258
1034,1034,0.02050095610320568,,,,,,,
1035,1035,,,0.9671995043754578,0.05790381878614426,0.9614340662956238,0.1036093607544899,0.02797241322696209,0.02766362391412258
1035,1035,0.020489009097218513,,,,,,,
1036,1036,,,0.9672473073005676,0.05785045400261879,0.961502730846405,0.10362648218870163,0.02797655388712883,0.02766362391412258
1036,1036,0.020477131009101868,,,,,,,
1037,1037,,,0.9672947525978088,0.05779648199677467,0.9615716934204102,0.10364265739917755,0.027980640530586243,0.02766362391412258
1037,1037,0.020465314388275146,,,,,,,
1038,1038,,,0.9673426747322083,0.05774183198809624,0.9616411328315735,0.1036587730050087,0.027984751388430595,0.02766362391412258
1038,1038,0.02045358158648014,,,,,,,
1039,1039,,,0.967391312122345,0.057686466723680496,0.9617102742195129,0.10367532074451447,0.027988875284790993,0.02766362391412258
1039,1039,0.02044190838932991,,,,,,,
1040,1040,,,0.9674405455589294,0.05763041600584984,0.9617796540260315,0.10369111597537994,0.027992965653538704,0.02766362391412258
1040,1040,0.02043030597269535,,,,,,,
1041,1041,,,0.9674899578094482,0.05757378414273262,0.96184903383255,0.10370653122663498,0.027997031807899475,0.02766362391412258
1041,1041,0.020418772473931313,,,,,,,
1042,1042,,,0.9675396680831909,0.057516440749168396,0.9619184732437134,0.10372219234704971,0.028001118451356888,0.02766362391412258
1042,1042,0.020407304167747498,,,,,,,
1043,1043,,,0.9675905108451843,0.057458192110061646,0.9619879722595215,0.10373789072036743,0.028005212545394897,0.02766362391412258
1043,1043,0.0203959122300148,,,,,,,
1044,1044,,,0.9676413536071777,0.0573994480073452,0.9620577096939087,0.10375256836414337,0.02800925448536873,0.02766362391412258
1044,1044,0.02038458175957203,,,,,,,
1045,1045,,,0.9676926136016846,0.05734003335237503,0.9621270298957825,0.10376723855733871,0.028013277798891068,0.02766362391412258
1045,1045,0.020373335108160973,,,,,,,
1046,1046,,,0.9677442908287048,0.05727984383702278,0.9621963500976562,0.10378226637840271,0.028017327189445496,0.02766362391412258
1046,1046,0.020362146198749542,,,,,,,
1047,1047,,,0.9677966237068176,0.05721917375922203,0.9622664451599121,0.10379649698734283,0.02802135981619358,0.02766362391412258
1047,1047,0.020351026207208633,,,,,,,
1048,1048,,,0.9678496718406677,0.05715788155794144,0.9623361229896545,0.10381031781435013,0.02802535891532898,0.02766362391412258
1048,1048,0.020339976996183395,,,,,,,
1049,1049,,0.02032899297773838,,,,,,
1049,1049,,,0.9679028987884521,0.05709587782621384,0.9624057412147522,0.10382432490587234,0.028029361739754677,0.02766362391412258
1049,1049,0.02032899297773838,,,,,,,
1050,1050,,,0.9679563045501709,0.05703306570649147,0.9624752998352051,0.10383792966604233,0.028033340349793434,0.02766362391412258
1050,1050,0.02031809091567993,,,,,,,
1051,1051,,,0.9680102467536926,0.05696980655193329,0.9625456929206848,0.10385087877511978,0.028037309646606445,0.02766362391412258
1051,1051,0.020307239145040512,,,,,,,
1052,1052,,,0.9680652618408203,0.05690577253699303,0.9626153111457825,0.1038641408085823,0.028041277080774307,0.02766362391412258
1052,1052,0.02029646560549736,,,,,,,
1053,1053,,,0.9681200981140137,0.05684113875031471,0.962685227394104,0.10387679189443588,0.02804521471261978,0.02766362391412258
1053,1053,0.020285751670598984,,,,,,,
1054,1054,,,0.9681751728057861,0.05677599832415581,0.962755024433136,0.10388901084661484,0.028049122542142868,0.02766362391412258
1054,1054,0.020275117829442024,,,,,,,
1055,1055,,,0.9682313799858093,0.05671020969748497,0.9628248810768127,0.10390105843544006,0.028053026646375656,0.02766362391412258
1055,1055,0.020264534279704094,,,,,,,
1056,1056,,,0.9682878255844116,0.05664364993572235,0.9628946781158447,0.10391289740800858,0.0280569177120924,0.02766362391412258
1056,1056,0.02025402896106243,,,,,,,
1057,1057,,,0.9683443307876587,0.0565764494240284,0.9629648327827454,0.10392449796199799,0.028060805052518845,0.02766362391412258
1057,1057,0.020243588835000992,,,,,,,
1058,1058,,,0.9684017300605774,0.056508779525756836,0.963034451007843,0.1039355918765068,0.028064647689461708,0.02766362391412258
1058,1058,0.020233215764164925,,,,,,,
1059,1059,,,0.9684596657752991,0.056440532207489014,0.9631039500236511,0.10394634306430817,0.028068464249372482,0.02766362391412258
1059,1059,0.02022290974855423,,,,,,,
1060,1060,,,0.9685170650482178,0.056371815502643585,0.9631741046905518,0.10395670682191849,0.028072278946638107,0.02766362391412258
1060,1060,0.02021266706287861,,,,,,,
1061,1061,,,0.9685755968093872,0.056302495300769806,0.963243842124939,0.10396704822778702,0.028076082468032837,0.02766362391412258
1061,1061,0.02020248956978321,,,,,,,
1062,1062,,,0.9686352610588074,0.05623249337077141,0.9633137583732605,0.1039770320057869,0.02807988040149212,0.02766362391412258
1062,1062,0.020192379131913185,,,,,,,
1063,1063,,,0.9686944484710693,0.05616205930709839,0.9633837342262268,0.10398630797863007,0.02808362990617752,0.02766362391412258
1063,1063,0.02018233761191368,,,,,,,
1064,1064,,,0.9687537550926208,0.05609089508652687,0.9634531140327454,0.10399560630321503,0.028087351471185684,0.02766362391412258
1064,1064,0.0201723612844944,,,,,,,
1065,1065,,,0.9688140749931335,0.056019291281700134,0.9635225534439087,0.10400449484586716,0.028091061860322952,0.02766362391412258
1065,1065,0.020162442699074745,,,,,,,
1066,1066,,,0.9688746333122253,0.05594716593623161,0.9635928869247437,0.10401269793510437,0.028094766661524773,0.02766362391412258
1066,1066,0.020152585580945015,,,,,,,
1067,1067,,,0.9689353704452515,0.05587450787425041,0.9636627435684204,0.10402082651853561,0.028098445385694504,0.02766362391412258
1067,1067,0.020142802968621254,,,,,,,
1068,1068,,,0.9689967036247253,0.05580125004053116,0.9637312293052673,0.10402894020080566,0.028102073818445206,0.02766362391412258
1068,1068,0.02013307809829712,,,,,,,
1069,1069,,,0.9690585732460022,0.05572767183184624,0.9638005495071411,0.10403592139482498,0.028105664998292923,0.02766362391412258
1069,1069,0.020123420283198357,,,,,,,
1070,1070,,,0.9691207408905029,0.05565353110432625,0.9638713598251343,0.10404253005981445,0.028109297156333923,0.02766362391412258
1070,1070,0.02011382207274437,,,,,,,
1071,1071,,,0.969183087348938,0.055578842759132385,0.9639403820037842,0.10404978692531586,0.028112895786762238,0.02766362391412258
1071,1071,0.020104283466935158,,,,,,,
1072,1072,,,0.9692460894584656,0.05550360679626465,0.9640090465545654,0.10405611991882324,0.02811642922461033,0.02766362391412258
1072,1072,0.020094817504286766,,,,,,,
1073,1073,,,0.9693096280097961,0.05542813614010811,0.9640780091285706,0.1040613204240799,0.028119906783103943,0.02766362391412258
1073,1073,0.020085409283638,,,,,,,
1074,1074,,,0.9693730473518372,0.05535198003053665,0.9641472101211548,0.10406702756881714,0.028123419731855392,0.02766362391412258
1074,1074,0.020076055079698563,,,,,,,
1075,1075,,,0.9694367051124573,0.05527547374367714,0.9642168879508972,0.10407273471355438,0.028126955032348633,0.02766362391412258
1075,1075,0.020066767930984497,,,,,,,
1076,1076,,,0.9695006608963013,0.05519867315888405,0.9642866253852844,0.10407716035842896,0.028130413964390755,0.02766362391412258
1076,1076,0.020057549700140953,,,,,,,
1077,1077,,,0.9695656299591064,0.055121444165706635,0.9643545150756836,0.10408124327659607,0.028133783489465714,0.02766362391412258
1077,1077,0.02004837431013584,,,,,,,
1078,1078,,,0.9696305394172668,0.05504380166530609,0.9644225239753723,0.10408562421798706,0.028137177228927612,0.02766362391412258
1078,1078,0.020039275288581848,,,,,,,
1079,1079,,,0.9696955680847168,0.054965805262327194,0.9644919633865356,0.10408928245306015,0.028140585869550705,0.02766362391412258
1079,1079,0.020030232146382332,,,,,,,
1080,1080,,,0.9697612524032593,0.05488741770386696,0.9645612835884094,0.10409222543239594,0.028143946081399918,0.02766362391412258
1080,1080,0.020021243020892143,,,,,,,
1081,1081,,,0.9698272347450256,0.05480854958295822,0.9646291732788086,0.10409508645534515,0.028147241100668907,0.02766362391412258
1081,1081,0.020012320950627327,,,,,,,
1082,1082,,,0.9698933959007263,0.05472949519753456,0.9646967053413391,0.10409758985042572,0.02815050445497036,0.02766362391412258
1082,1082,0.02000345103442669,,,,,,,
1083,1083,,,0.9699599146842957,0.054649874567985535,0.9647650122642517,0.10409966111183167,0.02815377339720726,0.02766362391412258
1083,1083,0.019994640722870827,,,,,,,
1084,1084,,,0.9700266718864441,0.054569926112890244,0.9648337364196777,0.10410124063491821,0.028157031163573265,0.02766362391412258
1084,1084,0.019985884428024292,,,,,,,
1085,1085,,,0.9700936079025269,0.054489608854055405,0.9649020433425903,0.10410260409116745,0.028160259127616882,0.02766362391412258
1085,1085,0.019977198913693428,,,,,,,
1086,1086,,,0.9701606631278992,0.054409075528383255,0.9649693965911865,0.10410360246896744,0.028163425624370575,0.02766362391412258
1086,1086,0.019968561828136444,,,,,,,
1087,1087,,,0.9702287316322327,0.054328300058841705,0.9650368690490723,0.10410384833812714,0.028166554868221283,0.02766362391412258
1087,1087,0.019959982484579086,,,,,,,
1088,1088,,,0.9702965617179871,0.054247304797172546,0.9651052355766296,0.10410381853580475,0.028169706463813782,0.02766362391412258
1088,1088,0.019951457157731056,,,,,,,
1089,1089,,,0.9703640341758728,0.054165903478860855,0.9651728272438049,0.10410371422767639,0.028172815218567848,0.02766362391412258
1089,1089,0.01994299702346325,,,,,,,
1090,1090,,,0.970432698726654,0.054084327071905136,0.9652397036552429,0.10410325974225998,0.028175881132483482,0.02766362391412258
1090,1090,0.019934581592679024,,,,,,,
1091,1091,,,0.9705018401145935,0.05400242283940315,0.9653067588806152,0.10410170257091522,0.02817888930439949,0.02766362391412258
1091,1091,0.019926225766539574,,,,,,,
1092,1092,,,0.9705700278282166,0.053920432925224304,0.9653741717338562,0.10410027951002121,0.02818191424012184,0.02766362391412258
1092,1092,0.01991792768239975,,,,,,,
1093,1093,,,0.9706389904022217,0.053838133811950684,0.965440571308136,0.10409867763519287,0.02818489260971546,0.02766362391412258
1093,1093,0.019909679889678955,,,,,,,
1094,1094,,,0.9707086682319641,0.053755734115839005,0.965507447719574,0.10409631580114365,0.02818784862756729,0.02766362391412258
1094,1094,0.019901487976312637,,,,,,,
1095,1095,,,0.9707775712013245,0.053673192858695984,0.9655740261077881,0.10409324616193771,0.028190739452838898,0.02766362391412258
1095,1095,0.01989334262907505,,,,,,,
1096,1096,,,0.970847487449646,0.05359027162194252,0.9656400084495544,0.1040906235575676,0.028193645179271698,0.02766362391412258
1096,1096,0.019885260611772537,,,,,,,
1097,1097,,,0.9709176421165466,0.053507231175899506,0.9657067060470581,0.10408751666545868,0.0281965509057045,0.02766362391412258
1097,1097,0.019877223297953606,,,,,,,
1098,1098,,,0.9709872007369995,0.05342403054237366,0.9657737016677856,0.10408300906419754,0.02819937840104103,0.02766362391412258
1098,1098,0.019869240000844002,,,,,,,
1099,1099,,0.019861306995153427,,,,,,
1099,1099,,,0.9710572957992554,0.053340647369623184,0.9658387303352356,0.1040789783000946,0.028202155604958534,0.02766362391412258
1099,1099,0.019861306995153427,,,,,,,
1100,1100,,,0.9711278676986694,0.05325719341635704,0.9659037590026855,0.10407472401857376,0.02820492349565029,0.02766362391412258
1100,1100,0.01985342800617218,,,,,,,
1101,1101,,,0.9711980223655701,0.053173743188381195,0.9659703373908997,0.10406921803951263,0.028207678347826004,0.02766362391412258
1101,1101,0.019845595583319664,,,,,,,
1102,1102,,,0.9712684154510498,0.053090039640665054,0.9660360217094421,0.10406393557786942,0.028210407122969627,0.02766362391412258
1102,1102,0.019837824627757072,,,,,,,
1103,1103,,,0.9713396430015564,0.05300632491707802,0.9660995602607727,0.10405847430229187,0.02821304462850094,0.02766362391412258
1103,1103,0.019830098375678062,,,,,,,
1104,1104,,,0.9714100956916809,0.05292266234755516,0.9661650657653809,0.10405179113149643,0.0282156802713871,0.02766362391412258
1104,1104,0.019822416827082634,,,,,,,
1105,1105,,,0.9714813232421875,0.05283884331583977,0.9662309885025024,0.10404522716999054,0.028218351304531097,0.02766362391412258
1105,1105,0.019814791157841682,,,,,,,
1106,1106,,,0.9715525507926941,0.052754808217287064,0.9662951231002808,0.10403887927532196,0.02822096087038517,0.02766362391412258
1106,1106,0.019807206466794014,,,,,,,
1107,1107,,,0.9716234803199768,0.05267103388905525,0.9663592576980591,0.10403124243021011,0.028223484754562378,0.02766362391412258
1107,1107,0.019799672067165375,,,,,,,
1108,1108,,,0.971694827079773,0.052587252110242844,0.9664233326911926,0.10402323305606842,0.028225991874933243,0.02766362391412258
1108,1108,0.019792182371020317,,,,,,,
1109,1109,,,0.9717663526535034,0.05250325798988342,0.9664873480796814,0.10401584953069687,0.028228536248207092,0.02766362391412258
1109,1109,0.019784750416874886,,,,,,,
1110,1110,,,0.9718374609947205,0.05241937190294266,0.9665519595146179,0.10400743782520294,0.02823103778064251,0.02766362391412258
1110,1110,0.019777365028858185,,,,,,,
1111,1111,,,0.9719089269638062,0.05233549699187279,0.9666151404380798,0.10399845242500305,0.028233446180820465,0.02766362391412258
1111,1111,0.019770018756389618,,,,,,,
1112,1112,,,0.97198086977005,0.05225164815783501,0.9666777849197388,0.10398950427770615,0.028235841542482376,0.02766362391412258
1112,1112,0.01976272463798523,,,,,,,
1113,1113,,,0.9720517992973328,0.05216778814792633,0.9667418003082275,0.10397999733686447,0.02823825180530548,0.02766362391412258
1113,1113,0.019755465909838676,,,,,,,
1114,1114,,,0.9721235632896423,0.05208391696214676,0.9668052792549133,0.10397008061408997,0.028240621089935303,0.02766362391412258
1114,1114,0.0197482630610466,,,,,,,
1115,1115,,,0.9721960425376892,0.052000075578689575,0.9668674468994141,0.10396000742912292,0.0282429326325655,0.02766362391412258
1115,1115,0.01974109746515751,,,,,,,
1116,1116,,,0.9722669720649719,0.051916494965553284,0.96692955493927,0.1039494127035141,0.028245195746421814,0.02766362391412258
1116,1116,0.019733978435397148,,,,,,,
1117,1117,,,0.9723384380340576,0.05183294415473938,0.9669923782348633,0.1039382591843605,0.02824746072292328,0.02766362391412258
1117,1117,0.01972690224647522,,,,,,,
1118,1118,,,0.9724109172821045,0.0517495721578598,0.967054545879364,0.10392725467681885,0.028249720111489296,0.02766362391412258
1118,1118,0.019719867035746574,,,,,,,
1119,1119,,,0.9724822044372559,0.051666345447301865,0.9671165943145752,0.10391578078269958,0.02825193479657173,0.02766362391412258
1119,1119,0.019712883979082108,,,,,,,
1120,1120,,,0.9725536108016968,0.05158329755067825,0.9671779274940491,0.10390371084213257,0.028254082426428795,0.02766362391412258
1120,1120,0.019705945625901222,,,,,,,
1121,1121,,,0.9726261496543884,0.051500409841537476,0.9672389626502991,0.10389155894517899,0.02825622446835041,0.02766362391412258
1121,1121,0.01969902776181698,,,,,,,
1122,1122,,,0.9726973176002502,0.051417674869298935,0.9673007726669312,0.10387898981571198,0.028258364647626877,0.02766362391412258
1122,1122,0.01969217136502266,,,,,,,
1123,1123,,,0.9727686643600464,0.051335010677576065,0.9673620462417603,0.10386607050895691,0.02826046198606491,0.02766362391412258
1123,1123,0.019685352221131325,,,,,,,
1124,1124,,,0.9728407263755798,0.051252447068691254,0.9674216508865356,0.1038530096411705,0.028262488543987274,0.02766362391412258
1124,1124,0.019678575918078423,,,,,,,
1125,1125,,,0.9729117751121521,0.05117021128535271,0.9674825668334961,0.10383918136358261,0.02826451137661934,0.02766362391412258
1125,1125,0.01967182569205761,,,,,,,
1126,1126,,,0.972983181476593,0.05108805000782013,0.9675435423851013,0.10382550209760666,0.028266556560993195,0.02766362391412258
1126,1126,0.019665131345391273,,,,,,,
1127,1127,,,0.973055362701416,0.051006145775318146,0.9676028490066528,0.10381177067756653,0.028268534690141678,0.02766362391412258
1127,1127,0.019658468663692474,,,,,,,
1128,1128,,,0.9731261730194092,0.05092472955584526,0.9676631689071655,0.10379661619663239,0.028270453214645386,0.02766362391412258
1128,1128,0.019651848822832108,,,,,,,
1129,1129,,,0.9731969833374023,0.050843093544244766,0.9677231311798096,0.10378173738718033,0.02827238105237484,0.02766362391412258
1129,1129,0.019645271822810173,,,,,,,
1130,1130,,,0.9732689261436462,0.05076175928115845,0.9677813053131104,0.10376748442649841,0.028274280950427055,0.02766362391412258
1130,1130,0.01963871903717518,,,,,,,
1131,1131,,,0.9733397960662842,0.05068078637123108,0.9678412675857544,0.10375163704156876,0.028276145458221436,0.02766362391412258
1131,1131,0.019632214680314064,,,,,,,
1132,1132,,,0.9734101891517639,0.05060010403394699,0.9679006338119507,0.10373574495315552,0.028277985751628876,0.02766362391412258
1132,1132,0.019625741988420486,,,,,,,
1133,1133,,,0.9734816551208496,0.05051962286233902,0.9679579138755798,0.10372034460306168,0.028279777616262436,0.02766362391412258
1133,1133,0.01961931586265564,,,,,,,
1134,1134,,,0.973551869392395,0.05043972283601761,0.9680166840553284,0.10370384156703949,0.028281554579734802,0.02766362391412258
1134,1134,0.019612912088632584,,,,,,,
1135,1135,,,0.9736226797103882,0.05035998299717903,0.9680754542350769,0.1036871150135994,0.02828332409262657,0.02766362391412258
1135,1135,0.019606560468673706,,,,,,,
1136,1136,,,0.9736934900283813,0.05028044059872627,0.9681326746940613,0.10367058962583542,0.02828504517674446,0.02766362391412258
1136,1136,0.01960023120045662,,,,,,,
1137,1137,,,0.9737629294395447,0.0502014122903347,0.9681906700134277,0.10365332663059235,0.02828674018383026,0.02766362391412258
1137,1137,0.019593942910432816,,,,,,,
1138,1138,,,0.9738337397575378,0.05012255907058716,0.9682478904724121,0.10363594442605972,0.02828841283917427,0.02766362391412258
1138,1138,0.019587690010666847,,,,,,,
1139,1139,,,0.9739042520523071,0.05004402622580528,0.968305230140686,0.10361836105585098,0.028290074318647385,0.02766362391412258
1139,1139,0.019581470638513565,,,,,,,
1140,1140,,,0.9739730358123779,0.049965906888246536,0.9683619737625122,0.1036006435751915,0.028291689231991768,0.02766362391412258
1140,1140,0.01957528479397297,,,,,,,
1141,1141,,,0.9740429520606995,0.04988798499107361,0.968418300151825,0.10358252376317978,0.028293274343013763,0.02766362391412258
1141,1141,0.019569139927625656,,,,,,,
1142,1142,,,0.9741132259368896,0.049810539931058884,0.9684751629829407,0.10356400907039642,0.028294865041971207,0.02766362391412258
1142,1142,0.019563013687729836,,,,,,,
1143,1143,,,0.9741816520690918,0.04973331466317177,0.9685314893722534,0.10354543477296829,0.02829641103744507,0.02766362391412258
1143,1143,0.019556934013962746,,,,,,,
1144,1144,,,0.9742507934570312,0.04965649172663689,0.9685863852500916,0.10352692753076553,0.02829791232943535,0.02766362391412258
1144,1144,0.019550882279872894,,,,,,,
1145,1145,,,0.9743205308914185,0.04958001896739006,0.9686423540115356,0.10350752621889114,0.02829940803349018,0.02766362391412258
1145,1145,0.01954486407339573,,,,,,,
1146,1146,,,0.9743884801864624,0.04950400069355965,0.9686984419822693,0.10348804295063019,0.028300892561674118,0.02766362391412258
1146,1146,0.01953887566924095,,,,,,,
1147,1147,,,0.9744571447372437,0.04942828789353371,0.9687526226043701,0.10346894711256027,0.028302328661084175,0.02766362391412258
1147,1147,0.01953292265534401,,,,,,,
1148,1148,,,0.9745261669158936,0.04935309663414955,0.9688073992729187,0.10344911366701126,0.02830374985933304,0.02766362391412258
1148,1148,0.019526995718479156,,,,,,,
1149,1149,,0.01952109858393669,,,,,,
1149,1149,,,0.9745936989784241,0.04927842691540718,0.9688634872436523,0.10342858731746674,0.02830517292022705,0.02766362391412258
1149,1149,0.01952109858393669,,,,,,,
1150,1150,,,0.9746617674827576,0.04920394346117973,0.9689165949821472,0.10340893268585205,0.02830652892589569,0.02766362391412258
1150,1150,0.01951523870229721,,,,,,,
1151,1151,,,0.9747294783592224,0.04913003742694855,0.9689705967903137,0.10338867455720901,0.02830788493156433,0.02766362391412258
1151,1151,0.01950940303504467,,,,,,,
1152,1152,,,0.9747968316078186,0.04905669763684273,0.969025731086731,0.10336737334728241,0.028309229761362076,0.02766362391412258
1152,1152,0.01950359344482422,,,,,,,
1153,1153,,,0.9748642444610596,0.04898347333073616,0.9690786004066467,0.1033470407128334,0.028310533612966537,0.02766362391412258
1153,1153,0.019497821107506752,,,,,,,
1154,1154,,,0.9749310612678528,0.04891078919172287,0.9691311120986938,0.10332629829645157,0.028311796486377716,0.02766362391412258
1154,1154,0.019492071121931076,,,,,,,
1155,1155,,,0.974997878074646,0.048838596791028976,0.9691851139068604,0.1033044159412384,0.028313055634498596,0.02766362391412258
1155,1155,0.019486362114548683,,,,,,,
1156,1156,,,0.9750646352767944,0.04876658692955971,0.9692379236221313,0.10328330844640732,0.028314314782619476,0.02766362391412258
1156,1156,0.019480671733617783,,,,,,,
1157,1157,,,0.9751304984092712,0.04869501292705536,0.9692902565002441,0.10326220095157623,0.02831554412841797,0.02766362391412258
1157,1157,0.01947500929236412,,,,,,,
1158,1158,,,0.975196361541748,0.04862415790557861,0.9693429470062256,0.10323981940746307,0.028316715732216835,0.02766362391412258
1158,1158,0.019469372928142548,,,,,,,
1159,1159,,,0.9752628207206726,0.048553720116615295,0.969394326210022,0.10321778804063797,0.028317859396338463,0.02766362391412258
1159,1159,0.01946377195417881,,,,,,,
1160,1160,,,0.9753274917602539,0.04848366975784302,0.9694461822509766,0.10319625586271286,0.028319042176008224,0.02766362391412258
1160,1160,0.019458189606666565,,,,,,,
1161,1161,,,0.9753924608230591,0.04841424897313118,0.9694988131523132,0.10317377746105194,0.028320204466581345,0.02766362391412258
1161,1161,0.01945263147354126,,,,,,,
1162,1162,,,0.9754581451416016,0.04834521934390068,0.9695494771003723,0.10315112769603729,0.0283212810754776,0.02766362391412258
1162,1162,0.01944710500538349,,,,,,,
1163,1163,,,0.975521981716156,0.04827671870589256,0.9696000218391418,0.1031285747885704,0.02832234650850296,0.02766362391412258
1163,1163,0.019441602751612663,,,,,,,
1164,1164,,,0.9755863547325134,0.04820860177278519,0.9696509838104248,0.10310612618923187,0.02832343988120556,0.02766362391412258
1164,1164,0.019436130300164223,,,,,,,
1165,1165,,,0.9756511449813843,0.04814106971025467,0.9697021245956421,0.10308288037776947,0.02832450158894062,0.02766362391412258
1165,1165,0.01943068392574787,,,,,,,
1166,1166,,,0.9757137894630432,0.04807395115494728,0.9697521328926086,0.10305977612733841,0.028325507417321205,0.02766362391412258
1166,1166,0.01942525804042816,,,,,,,
1167,1167,,,0.9757775068283081,0.04800717532634735,0.9698014259338379,0.10303717106580734,0.028326522558927536,0.02766362391412258
1167,1167,0.01941985823214054,,,,,,,
1168,1168,,,0.9758412837982178,0.047941043972969055,0.9698518514633179,0.10301334410905838,0.028327513486146927,0.02766362391412258
1168,1168,0.01941448263823986,,,,,,,
1169,1169,,,0.9759038686752319,0.04787532985210419,0.9699020385742188,0.10298950970172882,0.028328489512205124,0.02766362391412258
1169,1169,0.01940912753343582,,,,,,,
1170,1170,,,0.9759663939476013,0.04780995845794678,0.9699499011039734,0.10296697169542313,0.02832944318652153,0.02766362391412258
1170,1170,0.01940380036830902,,,,,,,
1171,1171,,,0.9760285019874573,0.047745369374752045,0.9699997305870056,0.102942556142807,0.02833036705851555,0.02766362391412258
1171,1171,0.019398504868149757,,,,,,,
1172,1172,,,0.9760909676551819,0.047681260854005814,0.9700488448143005,0.10291830450296402,0.028331276029348373,0.02766362391412258
1172,1172,0.01939322054386139,,,,,,,
1173,1173,,,0.9761524200439453,0.04761737585067749,0.9700963497161865,0.10289528220891953,0.028332186862826347,0.02766362391412258
1173,1173,0.019387954846024513,,,,,,,
1174,1174,,,0.9762131571769714,0.047554127871990204,0.9701448082923889,0.1028708890080452,0.02833304926753044,0.02766362391412258
1174,1174,0.01938273012638092,,,,,,,
1175,1175,,,0.976274311542511,0.04749154672026634,0.9701941609382629,0.10284612327814102,0.028333932161331177,0.02766362391412258
1175,1175,0.019377509132027626,,,,,,,
1176,1176,,,0.9763354659080505,0.047429222613573074,0.9702408313751221,0.1028224378824234,0.02833477407693863,0.02766362391412258
1176,1176,0.019372325390577316,,,,,,,
1177,1177,,,0.976395308971405,0.04736752435564995,0.9702883958816528,0.10279804468154907,0.02833559550344944,0.02766362391412258
1177,1177,0.01936715468764305,,,,,,,
1178,1178,,,0.9764555096626282,0.04730650410056114,0.970335841178894,0.10277301073074341,0.028336383402347565,0.02766362391412258
1178,1178,0.019362010061740875,,,,,,,
1179,1179,,,0.9765152931213379,0.04724569246172905,0.9703829288482666,0.10274888575077057,0.028337206691503525,0.02766362391412258
1179,1179,0.019356882199645042,,,,,,,
1180,1180,,,0.9765741229057312,0.04718546196818352,0.9704300761222839,0.10272429883480072,0.028338000178337097,0.02766362391412258
1180,1180,0.019351772964000702,,,,,,,
1181,1181,,,0.9766338467597961,0.04712577909231186,0.9704758524894714,0.10269924253225327,0.02833871729671955,0.02766362391412258
1181,1181,0.0193466916680336,,,,,,,
1182,1182,,,0.9766923785209656,0.04706667363643646,0.9705225229263306,0.10267404466867447,0.028339454904198647,0.02766362391412258
1182,1182,0.01934163272380829,,,,,,,
1183,1183,,,0.9767501354217529,0.04700789228081703,0.9705685973167419,0.10264956206083298,0.028340207412838936,0.02766362391412258
1183,1183,0.019336579367518425,,,,,,,
1184,1184,,,0.9768088459968567,0.04694969579577446,0.9706148505210876,0.10262460261583328,0.02834094874560833,0.02766362391412258
1184,1184,0.019331561401486397,,,,,,,
1185,1185,,,0.976866602897644,0.04689202085137367,0.9706603288650513,0.10259915143251419,0.028341621160507202,0.02766362391412258
1185,1185,0.019326552748680115,,,,,,,
1186,1186,,,0.9769236445426941,0.0468347929418087,0.9707051515579224,0.1025739535689354,0.02834227681159973,0.02766362391412258
1186,1186,0.019321566447615623,,,,,,,
1187,1187,,,0.9769810438156128,0.046778034418821335,0.9707505702972412,0.10254913568496704,0.028342988342046738,0.02766362391412258
1187,1187,0.01931660808622837,,,,,,,
1188,1188,,,0.9770376682281494,0.046721845865249634,0.9707959294319153,0.10252374410629272,0.02834365889430046,0.02766362391412258
1188,1188,0.019311660900712013,,,,,,,
1189,1189,,,0.9770936965942383,0.046666357666254044,0.9708404541015625,0.10249806195497513,0.02834426984190941,0.02766362391412258
1189,1189,0.019306739792227745,,,,,,,
1190,1190,,,0.9771497249603271,0.0466112457215786,0.9708836674690247,0.10247313231229782,0.028344877064228058,0.02766362391412258
1190,1190,0.019301824271678925,,,,,,,
1191,1191,,,0.9772055149078369,0.046556632965803146,0.9709288477897644,0.10244735330343246,0.028345512226223946,0.02766362391412258
1191,1191,0.01929694227874279,,,,,,,
1192,1192,,,0.9772613048553467,0.04650254175066948,0.9709727168083191,0.10242178291082382,0.02834611013531685,0.02766362391412258
1192,1192,0.019292069599032402,,,,,,,
1193,1193,,,0.9773154854774475,0.04644881561398506,0.9710161685943604,0.10239656269550323,0.028346700593829155,0.02766362391412258
1193,1193,0.01928720995783806,,,,,,,
1194,1194,,,0.9773700833320618,0.04639563709497452,0.9710599184036255,0.10237056761980057,0.028347257524728775,0.02766362391412258
1194,1194,0.019282374531030655,,,,,,,
1195,1195,,,0.9774249792098999,0.04634300619363785,0.971103310585022,0.10234491527080536,0.028347831219434738,0.02766362391412258
1195,1195,0.019277552142739296,,,,,,,
1196,1196,,,0.9774784445762634,0.04629066213965416,0.971146285533905,0.10231944918632507,0.02834838442504406,0.02766362391412258
1196,1196,0.019272752106189728,,,,,,,
1197,1197,,,0.9775320291519165,0.04623893275856972,0.971189022064209,0.1022934541106224,0.028348900377750397,0.02766362391412258
1197,1197,0.019267966970801353,,,,,,,
1198,1198,,,0.9775852560997009,0.04618759825825691,0.9712315797805786,0.10226769000291824,0.028349420055747032,0.02766362391412258
1198,1198,0.019263209775090218,,,,,,,
1199,1199,,0.019258448854088783,,,,,,
1199,1199,,,0.9776381850242615,0.04613688215613365,0.9712740182876587,0.10224196314811707,0.02834993787109852,0.02766362391412258
1199,1199,0.019258448854088783,,,,,,,
1200,1200,,,0.977691113948822,0.04608656093478203,0.9713160395622253,0.10221612453460693,0.028350433334708214,0.02766362391412258
1200,1200,0.01925371214747429,,,,,,,
1201,1201,,,0.9777430891990662,0.046036943793296814,0.9713579416275024,0.10219002515077591,0.02835090458393097,0.02766362391412258
1201,1201,0.019248992204666138,,,,,,,
1202,1202,,,0.977794885635376,0.04598771035671234,0.9713998436927795,0.10216423124074936,0.02835139073431492,0.02766362391412258
1202,1202,0.019244292750954628,,,,,,,
1203,1203,,,0.977847158908844,0.04593893140554428,0.9714410901069641,0.10213857144117355,0.02835186757147312,0.02766362391412258
1203,1203,0.019239619374275208,,,,,,,
1204,1204,,,0.9778978228569031,0.045890744775533676,0.9714826941490173,0.10211236774921417,0.028352312743663788,0.02766362391412258
1204,1204,0.019234945997595787,,,,,,,
1205,1205,,,0.9779486656188965,0.04584292694926262,0.9715232253074646,0.1020863875746727,0.028352731838822365,0.02766362391412258
1205,1205,0.01923028565943241,,,,,,,
1206,1206,,,0.9779987931251526,0.04579554498195648,0.9715642929077148,0.10206053406000137,0.028353173285722733,0.02766362391412258
1206,1206,0.019225643947720528,,,,,,,
1207,1207,,,0.9780489206314087,0.04574863985180855,0.9716053605079651,0.1020345613360405,0.02835361286997795,0.02766362391412258
1207,1207,0.019221024587750435,,,,,,,
1208,1208,,,0.9780994653701782,0.04570206627249718,0.9716453552246094,0.10200875252485275,0.028354022651910782,0.02766362391412258
1208,1208,0.019216403365135193,,,,,,,
1209,1209,,,0.9781477451324463,0.04565592482686043,0.971685528755188,0.10198242962360382,0.02835438773036003,0.02766362391412258
1209,1209,0.019211817532777786,,,,,,,
1210,1210,,,0.9781971573829651,0.045610278844833374,0.9717256426811218,0.10195653885602951,0.028354790061712265,0.02766362391412258
1210,1210,0.019207235425710678,,,,,,,
1211,1211,,,0.978246808052063,0.045565105974674225,0.9717658162117004,0.1019306555390358,0.028355203568935394,0.02766362391412258
1211,1211,0.019202664494514465,,,,,,,
1212,1212,,,0.9782944321632385,0.04552049562335014,0.9718053936958313,0.10190469026565552,0.028355564922094345,0.02766362391412258
1212,1212,0.019198110327124596,,,,,,,
1213,1213,,,0.9783427119255066,0.045476481318473816,0.9718440771102905,0.1018785685300827,0.02835588902235031,0.02766362391412258
1213,1213,0.019193574786186218,,,,,,,
1214,1214,,,0.9783909916877747,0.04543273523449898,0.9718836545944214,0.10185235738754272,0.028356246650218964,0.02766362391412258
1214,1214,0.019189046695828438,,,,,,,
1215,1215,,,0.9784376621246338,0.04538935422897339,0.9719223380088806,0.10182683169841766,0.028356600552797318,0.02766362391412258
1215,1215,0.019184535369277,,,,,,,
1216,1216,,,0.9784849882125854,0.04534655436873436,0.9719613790512085,0.1018008291721344,0.028356947004795074,0.02766362391412258
1216,1216,0.019180040806531906,,,,,,,
1217,1217,,,0.9785318970680237,0.04530424252152443,0.9720004200935364,0.10177432745695114,0.028357258066534996,0.02766362391412258
1217,1217,0.019175563007593155,,,,,,,
1218,1218,,,0.9785779714584351,0.04526215046644211,0.972037672996521,0.1017490029335022,0.02835756167769432,0.02766362391412258
1218,1218,0.019171087071299553,,,,,,,
1219,1219,,,0.9786246418952942,0.045220620930194855,0.9720761179924011,0.10172288119792938,0.02835787460207939,0.02766362391412258
1219,1219,0.019166631624102592,,,,,,,
1220,1220,,,0.9786697626113892,0.045179542154073715,0.9721150398254395,0.10169658064842224,0.028358187526464462,0.02766362391412258
1220,1220,0.019162187352776527,,,,,,,
1221,1221,,,0.9787154197692871,0.04513878375291824,0.9721521735191345,0.10167109966278076,0.028358478099107742,0.02766362391412258
1221,1221,0.01915775239467621,,,,,,,
1222,1222,,,0.9787608981132507,0.045098546892404556,0.9721899628639221,0.10164504498243332,0.028358763083815575,0.02766362391412258
1222,1222,0.019153332337737083,,,,,,,
1223,1223,,,0.9788053631782532,0.04505864903330803,0.9722273349761963,0.10161902755498886,0.028359029442071915,0.02766362391412258
1223,1223,0.019148927181959152,,,,,,,
1224,1224,,,0.9788495898246765,0.04501914232969284,0.9722644686698914,0.10159336030483246,0.028359301388263702,0.02766362391412258
1224,1224,0.019144531339406967,,,,,,,
1225,1225,,,0.9788935780525208,0.0449799969792366,0.9723020792007446,0.101567342877388,0.02835957147181034,0.02766362391412258
1225,1225,0.019140155985951424,,,,,,,
1226,1226,,,0.9789376258850098,0.04494118317961693,0.9723385572433472,0.10154183208942413,0.028359830379486084,0.02766362391412258
1226,1226,0.01913577876985073,,,,,,,
1227,1227,,,0.9789811372756958,0.04490301012992859,0.9723747968673706,0.10151585191488266,0.028360044583678246,0.02766362391412258
1227,1227,0.019131425768136978,,,,,,,
1228,1228,,,0.9790239930152893,0.044865239411592484,0.9724113345146179,0.10148994624614716,0.0283602736890316,0.02766362391412258
1228,1228,0.019127076491713524,,,,,,,
1229,1229,,,0.979066789150238,0.04482761025428772,0.9724477529525757,0.10146456211805344,0.028360530734062195,0.02766362391412258
1229,1229,0.019122743979096413,,,,,,,
1230,1230,,,0.9791092276573181,0.04479063302278519,0.9724844098091125,0.10143865644931793,0.028360765427350998,0.02766362391412258
1230,1230,0.019118420779705048,,,,,,,
1231,1231,,,0.9791519045829773,0.044754043221473694,0.9725198745727539,0.10141298174858093,0.028360966593027115,0.02766362391412258
1231,1231,0.01911410503089428,,,,,,,
1232,1232,,,0.9791930913925171,0.0447176992893219,0.9725553393363953,0.10138752311468124,0.02836116962134838,0.02766362391412258
1232,1232,0.019109802320599556,,,,,,,
1233,1233,,,0.979235053062439,0.04468178376555443,0.9725915789604187,0.10136187076568604,0.028361404314637184,0.02766362391412258
1233,1233,0.019105520099401474,,,,,,,
1234,1234,,,0.9792765378952026,0.04464631900191307,0.972627580165863,0.10133644938468933,0.028361640870571136,0.02766362391412258
1234,1234,0.01910123974084854,,,,,,,
1235,1235,,,0.9793166518211365,0.04461110383272171,0.9726622104644775,0.10131078958511353,0.028361789882183075,0.02766362391412258
1235,1235,0.019096968695521355,,,,,,,
1236,1236,,,0.979357898235321,0.04457627236843109,0.9726967215538025,0.10128556936979294,0.02836197428405285,0.02766362391412258
1236,1236,0.01909271627664566,,,,,,,
1237,1237,,,0.9793981909751892,0.044541772454977036,0.9727320671081543,0.10126004368066788,0.028362173587083817,0.02766362391412258
1237,1237,0.019088469445705414,,,,,,,
1238,1238,,,0.9794380068778992,0.04450759291648865,0.9727670550346375,0.10123465210199356,0.02836235612630844,0.02766362391412258
1238,1238,0.01908423937857151,,,,,,,
1239,1239,,,0.9794779419898987,0.044473789632320404,0.9728010296821594,0.10120939463376999,0.028362508863210678,0.02766362391412258
1239,1239,0.019080014899373055,,,,,,,
1240,1240,,,0.9795172214508057,0.044440291821956635,0.9728355407714844,0.1011839434504509,0.028362669050693512,0.02766362391412258
1240,1240,0.019075792282819748,,,,,,,
1241,1241,,,0.9795559644699097,0.04440712556242943,0.9728703498840332,0.10115884244441986,0.028362859040498734,0.02766362391412258
1241,1241,0.019071592018008232,,,,,,,
1242,1242,,,0.9795954823493958,0.04437444731593132,0.9729042053222656,0.10113360732793808,0.02836300991475582,0.02766362391412258
1242,1242,0.019067401066422462,,,,,,,
1243,1243,,,0.9796331524848938,0.04434223100543022,0.9729382991790771,0.1011083796620369,0.02836315706372261,0.02766362391412258
1243,1243,0.019063210114836693,,,,,,,
1244,1244,,,0.9796716570854187,0.04431013762950897,0.972971498966217,0.10108337551355362,0.028363291174173355,0.02766362391412258
1244,1244,0.019059043377637863,,,,,,,
1245,1245,,,0.979709804058075,0.044278524816036224,0.9730059504508972,0.1010582372546196,0.028363466262817383,0.02766362391412258
1245,1245,0.019054874777793884,,,,,,,
1246,1246,,,0.9797471165657043,0.044247303158044815,0.9730391502380371,0.1010333001613617,0.02836359478533268,0.02766362391412258
1246,1246,0.01905071921646595,,,,,,,
1247,1247,,,0.9797847270965576,0.044216252863407135,0.9730718731880188,0.10100837051868439,0.028363708406686783,0.02766362391412258
1247,1247,0.019046569243073463,,,,,,,
1248,1248,,,0.9798216223716736,0.04418560490012169,0.973105251789093,0.10098341107368469,0.02836383879184723,0.02766362391412258
1248,1248,0.01904243975877762,,,,,,,
1249,1249,,0.019038308411836624,,,,,,
1249,1249,,,0.9798581004142761,0.04415518417954445,0.9731388092041016,0.1009586825966835,0.028363991528749466,0.02766362391412258
1249,1249,0.019038308411836624,,,,,,,
1250,1250,,,0.979895293712616,0.044124916195869446,0.9731709361076355,0.10093403607606888,0.028364095836877823,0.02766362391412258
1250,1250,0.019034193828701973,,,,,,,
1251,1251,,,0.9799309968948364,0.0440950021147728,0.9732041358947754,0.10090901702642441,0.028364211320877075,0.02766362391412258
1251,1251,0.01903008669614792,,,,,,,
1252,1252,,,0.9799672961235046,0.04406527802348137,0.9732362031936646,0.1008845716714859,0.02836432307958603,0.02766362391412258
1252,1252,0.01902599446475506,,,,,,,
1253,1253,,,0.9800029993057251,0.04403600096702576,0.9732691645622253,0.1008601263165474,0.02836446464061737,0.02766362391412258
1253,1253,0.01902189292013645,,,,,,,
1254,1254,,,0.9800377488136292,0.04400729015469551,0.973301887512207,0.10083533823490143,0.028364570811390877,0.02766362391412258
1254,1254,0.019017811864614487,,,,,,,
1255,1255,,,0.9800739288330078,0.043978750705718994,0.9733330011367798,0.10081078112125397,0.02836463786661625,0.02766362391412258
1255,1255,0.019013745710253716,,,,,,,
1256,1256,,,0.9801077246665955,0.04395042359828949,0.973365068435669,0.10078665614128113,0.028364749625325203,0.02766362391412258
1256,1256,0.019009677693247795,,,,,,,
1257,1257,,,0.9801430106163025,0.04392246901988983,0.9733970761299133,0.10076194256544113,0.028364840894937515,0.02766362391412258
1257,1257,0.01900562085211277,,,,,,,
1258,1258,,,0.9801769256591797,0.04389476776123047,0.9734289050102234,0.10073777288198471,0.028364945203065872,0.02766362391412258
1258,1258,0.01900157891213894,,,,,,,
1259,1259,,,0.9802104234695435,0.04386720433831215,0.97346031665802,0.10071367770433426,0.028365032747387886,0.02766362391412258
1259,1259,0.018997540697455406,,,,,,,
1260,1260,,,0.98024582862854,0.04383997619152069,0.9734914898872375,0.10068922489881516,0.028365105390548706,0.02766362391412258
1260,1260,0.01899350993335247,,,,,,,
1261,1261,,,0.9802781939506531,0.04381303861737251,0.9735233187675476,0.10066500306129456,0.02836519666016102,0.02766362391412258
1261,1261,0.01898948661983013,,,,,,,
1262,1262,,,0.9803115129470825,0.043786101043224335,0.9735543727874756,0.10064145177602768,0.028365304693579674,0.02766362391412258
1262,1262,0.018985474482178688,,,,,,,
1263,1263,,,0.9803451299667358,0.04375973343849182,0.9735860228538513,0.10061703622341156,0.02836538851261139,0.02766362391412258
1263,1263,0.018981467932462692,,,,,,,
1264,1264,,,0.9803769588470459,0.04373358190059662,0.9736161828041077,0.10059289634227753,0.02836541086435318,0.02766362391412258
1264,1264,0.01897747442126274,,,,,,,
1265,1265,,,0.9804096817970276,0.04370753839612007,0.9736460447311401,0.10056953132152557,0.0283654797822237,0.02766362391412258
1265,1265,0.01897348277270794,,,,,,,
1266,1266,,,0.9804419279098511,0.0436820425093174,0.9736785888671875,0.10054537653923035,0.028365608304739,0.02766362391412258
1266,1266,0.01896950602531433,,,,,,,
1267,1267,,,0.9804738759994507,0.04365674778819084,0.9737088084220886,0.1005217507481575,0.028365671634674072,0.02766362391412258
1267,1267,0.018965531140565872,,,,,,,
1268,1268,,,0.9805055260658264,0.04363151639699936,0.973737359046936,0.10049844533205032,0.02836568094789982,0.02766362391412258
1268,1268,0.018961573019623756,,,,,,,
1269,1269,,,0.9805372357368469,0.0436067171394825,0.973768949508667,0.10047420859336853,0.028365766629576683,0.02766362391412258
1269,1269,0.018957603722810745,,,,,,,
1270,1270,,,0.9805687069892883,0.04358205199241638,0.9737994074821472,0.10045118629932404,0.02836587280035019,0.02766362391412258
1270,1270,0.018953656777739525,,,,,,,
1271,1271,,,0.9805994629859924,0.04355740174651146,0.9738287329673767,0.10042811185121536,0.028365924954414368,0.02766362391412258
1271,1271,0.018949707970023155,,,,,,,
1272,1272,,,0.9806303381919861,0.04353334754705429,0.9738590717315674,0.10040368884801865,0.028365937992930412,0.02766362391412258
1272,1272,0.018945768475532532,,,,,,,
1273,1273,,,0.980661153793335,0.04350913316011429,0.9738887548446655,0.10038098692893982,0.028366029262542725,0.02766362391412258
1273,1273,0.018941840156912804,,,,,,,
1274,1274,,,0.9806909561157227,0.04348529502749443,0.9739181399345398,0.10035811364650726,0.0283660925924778,0.02766362391412258
1274,1274,0.018937919288873672,,,,,,,
1275,1275,,,0.9807214140892029,0.04346182569861412,0.9739481806755066,0.10033399611711502,0.02836611121892929,0.02766362391412258
1275,1275,0.01893400214612484,,,,,,,
1276,1276,,,0.9807512760162354,0.04343836382031441,0.9739766716957092,0.10031139105558395,0.028366152197122574,0.02766362391412258
1276,1276,0.01893010176718235,,,,,,,
1277,1277,,,0.9807801842689514,0.043415218591690063,0.9740068316459656,0.10028834640979767,0.02836623229086399,0.02766362391412258
1277,1277,0.01892619952559471,,,,,,,
1278,1278,,,0.9808103442192078,0.04339241981506348,0.9740363955497742,0.10026504844427109,0.02836628258228302,0.02766362391412258
1278,1278,0.018922314047813416,,,,,,,
1279,1279,,,0.9808388352394104,0.04336957260966301,0.9740647673606873,0.10024244338274002,0.02836630865931511,0.02766362391412258
1279,1279,0.018918415531516075,,,,,,,
1280,1280,,,0.9808679819107056,0.043347179889678955,0.9740939140319824,0.10021959245204926,0.028366360813379288,0.02766362391412258
1280,1280,0.018914541229605675,,,,,,,
1281,1281,,,0.9808973670005798,0.043324850499629974,0.9741234183311462,0.10019674152135849,0.028366435319185257,0.02766362391412258
1281,1281,0.018910663202404976,,,,,,,
1282,1282,,,0.9809248447418213,0.043302785605192184,0.9741515517234802,0.1001741886138916,0.0283664483577013,0.02766362391412258
1282,1282,0.01890680007636547,,,,,,,
1283,1283,,,0.9809536933898926,0.04328076168894768,0.9741793274879456,0.10015160590410233,0.028366457670927048,0.02766362391412258
1283,1283,0.018902944400906563,,,,,,,
1284,1284,,,0.9809818863868713,0.043259039521217346,0.9742095470428467,0.10012878477573395,0.028366554528474808,0.02766362391412258
1284,1284,0.018899083137512207,,,,,,,
1285,1285,,,0.9810094237327576,0.04323744773864746,0.9742369055747986,0.10010658204555511,0.028366561979055405,0.02766362391412258
1285,1285,0.01889524608850479,,,,,,,
1286,1286,,,0.9810372591018677,0.04321607947349548,0.9742648005485535,0.10008439421653748,0.02836659364402294,0.02766362391412258
1286,1286,0.018891405314207077,,,,,,,
1287,1287,,,0.9810644388198853,0.043194979429244995,0.9742947220802307,0.10006146132946014,0.028366664424538612,0.02766362391412258
1287,1287,0.01888756826519966,,,,,,,
1288,1288,,,0.9810920357704163,0.043173808604478836,0.9743213057518005,0.10003967583179474,0.02836666628718376,0.02766362391412258
1288,1288,0.01888374239206314,,,,,,,
1289,1289,,,0.9811186194419861,0.043152909725904465,0.974349856376648,0.10001754760742188,0.02836672216653824,0.02766362391412258
1289,1289,0.01887991651892662,,,,,,,
1290,1290,,,0.9811458587646484,0.043132390826940536,0.9743783473968506,0.09999498724937439,0.028366755694150925,0.02766362391412258
1290,1290,0.018876099959015846,,,,,,,
1291,1291,,,0.9811723232269287,0.04311182349920273,0.9744052886962891,0.09997329115867615,0.02836677059531212,0.02766362391412258
1291,1291,0.018872296437621117,,,,,,,
1292,1292,,,0.9811983108520508,0.04309152811765671,0.9744334816932678,0.09995127469301224,0.028366819024086,0.02766362391412258
1292,1292,0.01886848919093609,,,,,,,
1293,1293,,,0.981225311756134,0.043071456253528595,0.9744617938995361,0.09992900490760803,0.02836686372756958,0.02766362391412258
1293,1293,0.018864693120121956,,,,,,,
1294,1294,,,0.9812501072883606,0.04305141419172287,0.9744888544082642,0.09990773350000381,0.028366893529891968,0.02766362391412258
1294,1294,0.01886090263724327,,,,,,,
1295,1295,,,0.9812770485877991,0.043031588196754456,0.9745160937309265,0.09988574683666229,0.02836691215634346,0.02766362391412258
1295,1295,0.018857115879654884,,,,,,,
1296,1296,,,0.9813017845153809,0.0430118702352047,0.9745439291000366,0.09986387938261032,0.028366941958665848,0.02766362391412258
1296,1296,0.018853334710001945,,,,,,,
1297,1297,,,0.981327474117279,0.042992155998945236,0.9745705723762512,0.09984295070171356,0.028366990387439728,0.02766362391412258
1297,1297,0.018849564716219902,,,,,,,
1298,1298,,,0.9813533425331116,0.042972832918167114,0.9745986461639404,0.09982073307037354,0.028367020189762115,0.02766362391412258
1298,1298,0.018845796585083008,,,,,,,
1299,1299,,0.01884203590452671,,,,,,
1299,1299,,,0.9813776612281799,0.042953602969646454,0.9746249914169312,0.09979930520057678,0.028367014601826668,0.02766362391412258
1299,1299,0.01884203590452671,,,,,,,
1300,1300,,,0.9814029335975647,0.04293437674641609,0.9746513366699219,0.09977848827838898,0.0283670537173748,0.02766362391412258
1300,1300,0.018838275223970413,,,,,,,
1301,1301,,,0.9814274311065674,0.04291559383273125,0.974679708480835,0.09975656121969223,0.02836710587143898,0.02766362391412258
1301,1301,0.01883452944457531,,,,,,,
1302,1302,,,0.9814517498016357,0.04289683327078819,0.9747060537338257,0.09973547607660294,0.028367120772600174,0.02766362391412258
1302,1302,0.018830781802535057,,,,,,,
1303,1303,,,0.9814758896827698,0.042878158390522,0.9747323989868164,0.09971436113119125,0.02836713381111622,0.02766362391412258
1303,1303,0.018827037885785103,,,,,,,
1304,1304,,,0.9815006852149963,0.04285957291722298,0.9747592806816101,0.09969326108694077,0.02836717665195465,0.02766362391412258
1304,1304,0.018823307007551193,,,,,,,
1305,1305,,,0.9815237522125244,0.0428411141037941,0.9747861623764038,0.0996721163392067,0.02836720272898674,0.02766362391412258
1305,1305,0.018819574266672134,,,,,,,
1306,1306,,,0.9815481305122375,0.042822692543268204,0.974812388420105,0.09965144842863083,0.028367241844534874,0.02766362391412258
1306,1306,0.01881585083901882,,,,,,,
1307,1307,,,0.9815713167190552,0.042804475873708725,0.9748390316963196,0.09963048249483109,0.02836727164685726,0.02766362391412258
1307,1307,0.018812132999300957,,,,,,,
1308,1308,,,0.9815951585769653,0.042786408215761185,0.9748650789260864,0.09960967302322388,0.028367292135953903,0.02766362391412258
1308,1308,0.018808415159583092,,,,,,,
1309,1309,,,0.9816178679466248,0.04276850447058678,0.9748914241790771,0.09958900511264801,0.02836732380092144,0.02766362391412258
1309,1309,0.018804704770445824,,,,,,,
1310,1310,,,0.9816411733627319,0.042750854045152664,0.974918007850647,0.099568210542202,0.028367361053824425,0.02766362391412258
1310,1310,0.0188010074198246,,,,,,,
1311,1311,,,0.98166424036026,0.04273315891623497,0.9749436974525452,0.09954776614904404,0.028367383405566216,0.02766362391412258
1311,1311,0.01879730634391308,,,,,,,
1312,1312,,,0.9816865921020508,0.04271562770009041,0.9749690294265747,0.09952730685472488,0.028367383405566216,0.02766362391412258
1312,1312,0.018793612718582153,,,,,,,
1313,1313,,,0.9817092418670654,0.0426982082426548,0.9749957919120789,0.0995066910982132,0.028367437422275543,0.02766362391412258
1313,1313,0.018789928406476974,,,,,,,
1314,1314,,,0.9817312955856323,0.0426807627081871,0.9750220775604248,0.0994865819811821,0.02836749702692032,0.02766362391412258
1314,1314,0.018786247819662094,,,,,,,
1315,1315,,,0.9817542433738708,0.04266347363591194,0.97504723072052,0.0994664803147316,0.02836751751601696,0.02766362391412258
1315,1315,0.018782565370202065,,,,,,,
1316,1316,,,0.9817758202552795,0.042646437883377075,0.9750732183456421,0.09944566339254379,0.02836751937866211,0.02766362391412258
1316,1316,0.018778888508677483,,,,,,,
1317,1317,,,0.9817979335784912,0.04262922704219818,0.9750980734825134,0.09942623972892761,0.028367560356855392,0.02766362391412258
1317,1317,0.01877521723508835,,,,,,,
1318,1318,,,0.981819212436676,0.042612358927726746,0.9751248955726624,0.09940590709447861,0.028367627412080765,0.02766362391412258
1318,1318,0.01877155341207981,,,,,,,
1319,1319,,,0.9818416833877563,0.0425955131649971,0.975149393081665,0.09938592463731766,0.028367621824145317,0.02766362391412258
1319,1319,0.01876789703965187,,,,,,,
1320,1320,,,0.9818621873855591,0.042578842490911484,0.9751747846603394,0.09936590492725372,0.02836763858795166,0.02766362391412258
1320,1320,0.01876424252986908,,,,,,,
1321,1321,,,0.9818833470344543,0.042562153190374374,0.9752005338668823,0.09934617578983307,0.028367696329951286,0.02766362391412258
1321,1321,0.01876058802008629,,,,,,,
1322,1322,,,0.9819052815437317,0.04254566505551338,0.9752264618873596,0.09932634979486465,0.02836775965988636,0.02766362391412258
1322,1322,0.018756946548819542,,,,,,,
1323,1323,,,0.9819254279136658,0.04252924397587776,0.9752509593963623,0.09930668771266937,0.02836775965988636,0.02766362391412258
1323,1323,0.0187532976269722,,,,,,,
1324,1324,,,0.9819466471672058,0.04251273721456528,0.9752756357192993,0.09928704053163528,0.028367776423692703,0.02766362391412258
1324,1324,0.01874966360628605,,,,,,,
1325,1325,,,0.9819671511650085,0.042496487498283386,0.9753015637397766,0.09926706552505493,0.028367821127176285,0.02766362391412258
1325,1325,0.01874602772295475,,,,,,,
1326,1326,,,0.9819878935813904,0.042480140924453735,0.9753260016441345,0.09924840927124023,0.02836788259446621,0.02766362391412258
1326,1326,0.0187423974275589,,,,,,,
1327,1327,,,0.9820082783699036,0.04246407747268677,0.9753512740135193,0.09922841191291809,0.028367897495627403,0.02766362391412258
1327,1327,0.0187387652695179,,,,,,,
1328,1328,,,0.9820281863212585,0.04244799539446831,0.9753759503364563,0.09920892119407654,0.028367914259433746,0.02766362391412258
1328,1328,0.018735146149992943,,,,,,,
1329,1329,,,0.9820481538772583,0.04243193939328194,0.9754006266593933,0.09919025003910065,0.02836797945201397,0.02766362391412258
1329,1329,0.018731532618403435,,,,,,,
1330,1330,,,0.9820683002471924,0.04241615906357765,0.975426435470581,0.09917043894529343,0.028368029743433,0.02766362391412258
1330,1330,0.018727920949459076,,,,,,,
1331,1331,,,0.9820883870124817,0.04240042343735695,0.9754499793052673,0.09915156662464142,0.028368040919303894,0.02766362391412258
1331,1331,0.01872432604432106,,,,,,,
1332,1332,,,0.9821070432662964,0.04238489642739296,0.9754747152328491,0.09913267195224762,0.028368085622787476,0.02766362391412258
1332,1332,0.018720708787441254,,,,,,,
1333,1333,,,0.9821275472640991,0.04236936196684837,0.9755004048347473,0.09911325573921204,0.028368156403303146,0.02766362391412258
1333,1333,0.01871710829436779,,,,,,,
1334,1334,,,0.9821462631225586,0.04235372319817543,0.9755238890647888,0.0990949422121048,0.028368186205625534,0.02766362391412258
1334,1334,0.018713515251874924,,,,,,,
1335,1335,,,0.9821650981903076,0.04233832284808159,0.975548267364502,0.0990758016705513,0.028368204832077026,0.02766362391412258
1335,1335,0.018709929659962654,,,,,,,
1336,1336,,,0.9821852445602417,0.04232283681631088,0.9755731225013733,0.09905688464641571,0.0283682718873024,0.02766362391412258
1336,1336,0.01870633289217949,,,,,,,
1337,1337,,,0.9822030067443848,0.04230714961886406,0.9755975604057312,0.09903854876756668,0.028368327766656876,0.02766362391412258
1337,1337,0.018702756613492966,,,,,,,
1338,1338,,,0.9822230339050293,0.04229186475276947,0.975621223449707,0.0990198627114296,0.028368355706334114,0.02766362391412258
1338,1338,0.018699167296290398,,,,,,,
1339,1339,,,0.9822406768798828,0.04227660968899727,0.9756460189819336,0.09900073707103729,0.028368383646011353,0.02766362391412258
1339,1339,0.01869560405611992,,,,,,,
1340,1340,,,0.9822598099708557,0.04226125404238701,0.9756695628166199,0.09898293763399124,0.028368450701236725,0.02766362391412258
1340,1340,0.0186920203268528,,,,,,,
1341,1341,,,0.9822778701782227,0.0422462560236454,0.9756942391395569,0.09896426647901535,0.02836850844323635,0.02766362391412258
1341,1341,0.01868845522403717,,,,,,,
1342,1342,,,0.9822959303855896,0.04223135858774185,0.9757182002067566,0.09894553571939468,0.028368528932332993,0.02766362391412258
1342,1342,0.018684888258576393,,,,,,,
1343,1343,,,0.9823147058486938,0.04221632331609726,0.9757412672042847,0.09892792999744415,0.02836858667433262,0.02766362391412258
1343,1343,0.018681326881051064,,,,,,,
1344,1344,,,0.9823314547538757,0.04220159724354744,0.9757670164108276,0.09890896826982498,0.02836865931749344,0.02766362391412258
1344,1344,0.01867777295410633,,,,,,,
1345,1345,,,0.9823511838912964,0.042186662554740906,0.9757896661758423,0.0988912358880043,0.028368700295686722,0.02766362391412258
1345,1345,0.018674220889806747,,,,,,,
1346,1346,,,0.9823669791221619,0.04217195883393288,0.9758142232894897,0.0988728404045105,0.028368746861815453,0.02766362391412258
1346,1346,0.018670663237571716,,,,,,,
1347,1347,,,0.9823864698410034,0.04215717315673828,0.9758373498916626,0.0988549068570137,0.028368797153234482,0.02766362391412258
1347,1347,0.01866712048649788,,,,,,,
1348,1348,,,0.9824022650718689,0.042142435908317566,0.975861668586731,0.09883709251880646,0.028368869796395302,0.02766362391412258
1348,1348,0.018663572147488594,,,,,,,
1349,1349,,0.018660033121705055,,,,,,
1349,1349,,,0.982420802116394,0.042127713561058044,0.9758851528167725,0.09881913661956787,0.02836892381310463,0.02766362391412258
1349,1349,0.018660033121705055,,,,,,,
1350,1350,,,0.9824374914169312,0.042113009840250015,0.9759083390235901,0.09880129992961884,0.028368955478072166,0.02766362391412258
1350,1350,0.018656499683856964,,,,,,,
1351,1351,,,0.9824546575546265,0.04209832474589348,0.9759319424629211,0.09878367930650711,0.028369024395942688,0.02766362391412258
1351,1351,0.018652958795428276,,,,,,,
1352,1352,,,0.9824725985527039,0.042083848267793655,0.9759561419487,0.0987657904624939,0.028369106352329254,0.02766362391412258
1352,1352,0.018649430945515633,,,,,,,
1353,1353,,,0.9824879169464111,0.042069174349308014,0.9759793281555176,0.09874827414751053,0.028369145467877388,0.02766362391412258
1353,1353,0.018645908683538437,,,,,,,
1354,1354,,,0.9825066924095154,0.04205474629998207,0.9760017991065979,0.09873080998659134,0.02836919203400612,0.02766362391412258
1354,1354,0.018642380833625793,,,,,,,
1355,1355,,,0.9825211763381958,0.04204060882329941,0.9760270714759827,0.09871280938386917,0.028369281440973282,0.02766362391412258
1355,1355,0.018638858571648598,,,,,,,
1356,1356,,,0.9825395345687866,0.04202636703848839,0.9760487079620361,0.0986960306763649,0.02836933173239231,0.02766362391412258
1356,1356,0.018635347485542297,,,,,,,
1357,1357,,,0.9825540781021118,0.04201226308941841,0.9760734438896179,0.09867815673351288,0.02836940810084343,0.02766362391412258
1357,1357,0.0186318289488554,,,,,,,
1358,1358,,,0.9825724959373474,0.04199806973338127,0.9760954976081848,0.0986609011888504,0.028369445353746414,0.02766362391412258
1358,1358,0.0186283178627491,,,,,,,
1359,1359,,,0.9825866222381592,0.04198382422327995,0.9761194586753845,0.09864379465579987,0.028369534760713577,0.02766362391412258
1359,1359,0.01862480491399765,,,,,,,
1360,1360,,,0.9826042652130127,0.04196961969137192,0.9761424660682678,0.09862658381462097,0.028369609266519547,0.02766362391412258
1360,1360,0.018621301278471947,,,,,,,
1361,1361,,,0.9826194643974304,0.04195556417107582,0.9761656522750854,0.09860926121473312,0.028369663283228874,0.02766362391412258
1361,1361,0.018617792055010796,,,,,,,
1362,1362,,,0.9826351404190063,0.04194115474820137,0.9761883616447449,0.09859298169612885,0.028369762003421783,0.02766362391412258
1362,1362,0.018614305183291435,,,,,,,
1363,1363,,,0.9826518893241882,0.04192708805203438,0.9762119054794312,0.09857521206140518,0.02836981974542141,0.02766362391412258
1363,1363,0.01861080713570118,,,,,,,
1364,1364,,,0.982666015625,0.041912827640771866,0.9762343168258667,0.09855866432189941,0.028369873762130737,0.02766362391412258
1364,1364,0.018607312813401222,,,,,,,
1365,1365,,,0.9826832413673401,0.04189874976873398,0.9762570858001709,0.09854200482368469,0.028369968757033348,0.02766362391412258
1365,1365,0.018603816628456116,,,,,,,
1366,1366,,,0.9826968908309937,0.04188485071063042,0.9762812852859497,0.09852480888366699,0.02837006002664566,0.02766362391412258
1366,1366,0.018600331619381905,,,,,,,
1367,1367,,,0.9827139377593994,0.04187103733420372,0.9763025045394897,0.09850850701332092,0.02837010845541954,0.02766362391412258
1367,1367,0.018596842885017395,,,,,,,
1368,1368,,,0.9827272295951843,0.04185745120048523,0.9763266444206238,0.09849143773317337,0.028370201587677002,0.02766362391412258
1368,1368,0.01859336346387863,,,,,,,
1369,1369,,,0.9827441573143005,0.041843678802251816,0.9763487577438354,0.09847512096166611,0.028370287269353867,0.02766362391412258
1369,1369,0.018589887768030167,,,,,,,
1370,1370,,,0.9827579855918884,0.04182996228337288,0.9763715267181396,0.09845853596925735,0.028370358049869537,0.02766362391412258
1370,1370,0.018586402758955956,,,,,,,
1371,1371,,,0.9827737212181091,0.041816309094429016,0.9763940572738647,0.09844180941581726,0.028370428830385208,0.02766362391412258
1371,1371,0.018582932651042938,,,,,,,
1372,1372,,,0.9827880263328552,0.041802406311035156,0.9764167666435242,0.09842562675476074,0.02837052382528782,0.02766362391412258
1372,1372,0.01857946254312992,,,,,,,
1373,1373,,,0.9828024506568909,0.04178846254944801,0.9764397144317627,0.09840928018093109,0.02837061882019043,0.02766362391412258
1373,1373,0.018575992435216904,,,,,,,
1374,1374,,,0.9828183054924011,0.041774820536375046,0.9764615297317505,0.09839285165071487,0.028370678424835205,0.02766362391412258
1374,1374,0.018572529777884483,,,,,,,
1375,1375,,,0.9828301668167114,0.04176108166575432,0.9764848351478577,0.0983765572309494,0.028370769694447517,0.02766362391412258
1375,1375,0.018569063395261765,,,,,,,
1376,1376,,,0.9828476309776306,0.041747432202100754,0.9765071868896484,0.0983608141541481,0.02837090566754341,0.02766362391412258
1376,1376,0.018565597012639046,,,,,,,
1377,1377,,,0.9828585386276245,0.04173389822244644,0.9765304327011108,0.09834404289722443,0.028370961546897888,0.02766362391412258
1377,1377,0.018562141805887222,,,,,,,
1378,1378,,,0.9828762412071228,0.04172031581401825,0.9765503406524658,0.0983286127448082,0.028371013700962067,0.02766362391412258
1378,1378,0.018558690324425697,,,,,,,
1379,1379,,,0.9828866720199585,0.041706979274749756,0.9765759110450745,0.09831196814775467,0.028371170163154602,0.02766362391412258
1379,1379,0.018555229529738426,,,,,,,
1380,1380,,,0.9829044938087463,0.04169343039393425,0.9765961170196533,0.0982968807220459,0.028371259570121765,0.02766362391412258
1380,1380,0.0185517817735672,,,,,,,
1381,1381,,,0.9829142689704895,0.04167991876602173,0.9766196012496948,0.0982801765203476,0.02837131917476654,0.02766362391412258
1381,1381,0.018548330292105675,,,,,,,
1382,1382,,,0.9829322695732117,0.0416664183139801,0.976639986038208,0.09826495498418808,0.028371408581733704,0.02766362391412258
1382,1382,0.018544876947999,,,,,,,
1383,1383,,,0.9829422831535339,0.041652861982584,0.9766643047332764,0.09824880957603455,0.02837153896689415,0.02766362391412258
1383,1383,0.018541434779763222,,,,,,,
1384,1384,,,0.9829587936401367,0.041639361530542374,0.9766850471496582,0.0982334315776825,0.028371620923280716,0.02766362391412258
1384,1384,0.01853800378739834,,,,,,,
1385,1385,,,0.9829701781272888,0.04162600263953209,0.9767080545425415,0.09821740537881851,0.028371714055538177,0.02766362391412258
1385,1385,0.01853455975651741,,,,,,,
1386,1386,,,0.9829853177070618,0.04161275550723076,0.9767292737960815,0.09820206463336945,0.02837180718779564,0.02766362391412258
1386,1386,0.018531115725636482,,,,,,,
1387,1387,,,0.9829976558685303,0.041599538177251816,0.9767526984214783,0.0981864333152771,0.02837195433676243,0.02766362391412258
1387,1387,0.018527675420045853,,,,,,,
1388,1388,,,0.9830106496810913,0.041586149483919144,0.9767745733261108,0.09817103296518326,0.02837204933166504,0.02766362391412258
1388,1388,0.01852424442768097,,,,,,,
1389,1389,,,0.9830246567726135,0.04157273843884468,0.97679603099823,0.09815546870231628,0.028372133150696754,0.02766362391412258
1389,1389,0.018520817160606384,,,,,,,
1390,1390,,,0.9830365180969238,0.04155924543738365,0.9768183827400208,0.09814022481441498,0.028372246772050858,0.02766362391412258
1390,1390,0.01851738430559635,,,,,,,
1391,1391,,,0.9830511808395386,0.04154595360159874,0.9768401384353638,0.0981248989701271,0.02837236225605011,0.02766362391412258
1391,1391,0.018513955175876617,,,,,,,
1392,1392,,,0.9830619096755981,0.041532669216394424,0.9768627882003784,0.09810959547758102,0.02837247960269451,0.02766362391412258
1392,1392,0.018510526046156883,,,,,,,
1393,1393,,,0.9830769300460815,0.041519585996866226,0.9768834710121155,0.09809444099664688,0.028372561559081078,0.02766362391412258
1393,1393,0.018507106229662895,,,,,,,
1394,1394,,,0.9830869436264038,0.04150645062327385,0.976905882358551,0.0980789065361023,0.02837264910340309,0.02766362391412258
1394,1394,0.018503686413168907,,,,,,,
1395,1395,,,0.9831023812294006,0.04149331524968147,0.9769267439842224,0.09806451946496964,0.028372788801789284,0.02766362391412258
1395,1395,0.018500277772545815,,,,,,,
1396,1396,,,0.9831120371818542,0.04148036241531372,0.9769509434700012,0.09804856032133102,0.028372924774885178,0.02766362391412258
1396,1396,0.01849684678018093,,,,,,,
1397,1397,,,0.9831274151802063,0.04146721959114075,0.976969838142395,0.09803465008735657,0.028373010456562042,0.02766362391412258
1397,1397,0.01849343813955784,,,,,,,
1398,1398,,,0.9831368327140808,0.04145428165793419,0.9769933819770813,0.09801877290010452,0.028373120352625847,0.02766362391412258
1398,1398,0.018490027636289597,,,,,,,
1399,1399,,0.01848660781979561,,,,,,
1399,1399,,,0.9831517338752747,0.041441112756729126,0.9770147800445557,0.09800460934638977,0.028373291715979576,0.02766362391412258
1399,1399,0.01848660781979561,,,,,,,
1400,1400,,,0.9831613302230835,0.041427794843912125,0.9770371913909912,0.09798968583345413,0.028373412787914276,0.02766362391412258
1400,1400,0.018483197316527367,,,,,,,
1401,1401,,,0.9831759929656982,0.0414147824048996,0.9770572185516357,0.09797466546297073,0.02837347239255905,0.02766362391412258
1401,1401,0.01847979612648487,,,,,,,
1402,1402,,,0.9831855893135071,0.04140153154730797,0.9770798087120056,0.09796015918254852,0.028373626992106438,0.02766362391412258
1402,1402,0.018476378172636032,,,,,,,
1403,1403,,,0.9831995964050293,0.041388511657714844,0.9771014451980591,0.09794588387012482,0.02837379463016987,0.02766362391412258
1403,1403,0.018472976982593536,,,,,,,
1404,1404,,,0.9832095503807068,0.041375625878572464,0.9771239757537842,0.0979304239153862,0.02837389148771763,0.02766362391412258
1404,1404,0.018469568341970444,,,,,,,
1405,1405,,,0.9832237362861633,0.04136250540614128,0.9771426320075989,0.09791675209999084,0.028373971581459045,0.02766362391412258
1405,1405,0.018466169014573097,,,,,,,
1406,1406,,,0.9832324385643005,0.041349709033966064,0.977167010307312,0.09790152311325073,0.02837415039539337,0.02766362391412258
1406,1406,0.018462779000401497,,,,,,,
1407,1407,,,0.9832479357719421,0.041336845606565475,0.9771876335144043,0.09788747876882553,0.02837430313229561,0.02766362391412258
1407,1407,0.018459374085068703,,,,,,,
1408,1408,,,0.9832541346549988,0.041323766112327576,0.9772090911865234,0.09787286818027496,0.02837437018752098,0.02766362391412258
1408,1408,0.018455978482961655,,,,,,,
1409,1409,,,0.9832723140716553,0.04131101816892624,0.9772292375564575,0.097858726978302,0.028374526649713516,0.02766362391412258
1409,1409,0.018452581018209457,,,,,,,
1410,1410,,,0.9832753539085388,0.041298218071460724,0.9772536754608154,0.09784384071826935,0.028374673798680305,0.02766362391412258
1410,1410,0.018449189141392708,,,,,,,
1411,1411,,,0.9832958579063416,0.04128532111644745,0.9772709012031555,0.09783095121383667,0.028374798595905304,0.02766362391412258
1411,1411,0.01844579353928566,,,,,,,
1412,1412,,,0.9832960367202759,0.041272569447755814,0.9772974848747253,0.09781450033187866,0.028374921530485153,0.02766362391412258
1412,1412,0.01844240352511406,,,,,,,
1413,1413,,,0.9833207726478577,0.04125940054655075,0.9773117899894714,0.09780324250459671,0.028375057503581047,0.02766362391412258
1413,1413,0.01843901351094246,,,,,,,
1414,1414,,,0.9833145141601562,0.04124681279063225,0.9773423075675964,0.09778572618961334,0.02837522327899933,0.02766362391412258
1414,1414,0.01843562163412571,,,,,,,
1415,1415,,,0.9833477139472961,0.041233792901039124,0.9773526787757874,0.097775399684906,0.028375327587127686,0.02766362391412258
1415,1415,0.018432240933179855,,,,,,,
1416,1416,,,0.9833306074142456,0.04122117534279823,0.9773860573768616,0.09775746613740921,0.028375491499900818,0.02766362391412258
1416,1416,0.018428850919008255,,,,,,,
1417,1417,,,0.9833773374557495,0.04120831564068794,0.9773921370506287,0.09774821996688843,0.028375601395964622,0.02766362391412258
1417,1417,0.018425464630126953,,,,,,,
1418,1418,,,0.9833415746688843,0.0411958210170269,0.9774336218833923,0.09772798418998718,0.02837580442428589,0.02766362391412258
1418,1418,0.018422087654471397,,,,,,,
1419,1419,,,0.9834117889404297,0.041182659566402435,0.9774280190467834,0.09772319346666336,0.0283758956938982,0.02766362391412258
1419,1419,0.018418697640299797,,,,,,,
1420,1420,,,0.983345627784729,0.04117085784673691,0.9774841666221619,0.09769652783870697,0.02837606519460678,0.02766362391412258
1420,1420,0.01841532252728939,,,,,,,
1421,1421,,,0.9834555983543396,0.04115721955895424,0.9774587750434875,0.0977000817656517,0.028376173228025436,0.02766362391412258
1421,1421,0.018411947414278984,,,,,,,
1422,1422,,,0.983335554599762,0.04114605486392975,0.9775418043136597,0.09766441583633423,0.02837645635008812,0.02766362391412258
1422,1422,0.01840857043862343,,,,,,,
1423,1423,,,0.983518660068512,0.04113169386982918,0.9774824380874634,0.09767883270978928,0.028376437723636627,0.02766362391412258
1423,1423,0.01840520091354847,,,,,,,
1424,1424,,,0.9832998514175415,0.04112106189131737,0.9776070713996887,0.09762897342443466,0.028376739472150803,0.02766362391412258
1424,1424,0.018401840701699257,,,,,,,
1425,1425,,,0.9836154580116272,0.04110574722290039,0.9774919748306274,0.09766318649053574,0.0283767431974411,0.02766362391412258
1425,1425,0.018398478627204895,,,,,,,
1426,1426,,,0.9832166433334351,0.041096530854701996,0.9776963591575623,0.09758639335632324,0.02837718278169632,0.02766362391412258
1426,1426,0.018395138904452324,,,,,,,
1427,1427,,,0.9837764501571655,0.04107923060655594,0.9774700999259949,0.09765933454036713,0.028377003967761993,0.02766362391412258
1427,1427,0.01839182712137699,,,,,,,
1428,1428,,,0.9830442667007446,0.04107316583395004,0.9778247475624084,0.09752967953681946,0.028377637267112732,0.02766362391412258
1428,1428,0.018388574942946434,,,,,,,
1429,1429,,,0.9840624928474426,0.04105193167924881,0.9773934483528137,0.09767727553844452,0.028377380222082138,0.02766362391412258
1429,1429,0.018385402858257294,,,,,,,
1430,1430,,,0.9826980829238892,0.04105161875486374,0.978032648563385,0.09744953364133835,0.028378497809171677,0.02766362391412258
1430,1430,0.018382420763373375,,,,,,,
1431,1431,,,0.9845945239067078,0.04102323576807976,0.9772109985351562,0.0977386087179184,0.028378095477819443,0.02766362391412258
1431,1431,0.018379785120487213,,,,,,,
1432,1432,,,0.9820123314857483,0.0410330668091774,0.9783931374549866,0.09732823818922043,0.028380293399095535,0.02766362391412258
1432,1432,0.01837781071662903,,,,,,,
1433,1433,,,0.9856153726577759,0.040991101413965225,0.9768233895301819,0.09789782017469406,0.028380412608385086,0.02766362391412258
1433,1433,0.018377117812633514,,,,,,,
1434,1434,,,0.9806617498397827,0.04102135822176933,0.9790619015693665,0.09714502841234207,0.028385475277900696,0.02766362391412258
1434,1434,0.01837892457842827,,,,,,,
1435,1435,,,0.9876050353050232,0.040954239666461945,0.9760497212409973,0.09828880429267883,0.028389105573296547,0.02766362391412258
1435,1435,0.018385594710707664,,,,,,,
1436,1436,,,0.9780616760253906,0.04102464020252228,0.9803310632705688,0.09692361950874329,0.02840256318449974,0.02766362391412258
1436,1436,0.018401585519313812,,,,,,,
1437,1437,,,0.9914136528968811,0.04091348126530647,0.9746410250663757,0.09924729913473129,0.02842189371585846,0.02766362391412258
1437,1437,0.018435491248965263,,,,,,,
1438,1438,,,0.9734650254249573,0.04105862230062485,0.9826002717018127,0.09690837562084198,0.028456280007958412,0.02766362391412258
1438,1438,0.01850116439163685,,,,,,,
1439,1439,,,0.9977971911430359,0.040879253298044205,0.972631573677063,0.10136941075325012,0.028525015339255333,0.02766362391412258
1439,1439,0.01862080954015255,,,,,,,
1440,1440,,,0.9674654006958008,0.041127316653728485,0.9855533838272095,0.09761801362037659,0.028569461777806282,0.02766362391412258
1440,1440,0.01880931667983532,,,,,,,
1441,1441,,,1.0038191080093384,0.04084018990397453,0.9713692665100098,0.10398345440626144,0.028690319508314133,0.02766362391412258
1441,1441,0.01905682310461998,,,,,,,
1442,1442,,,0.965951681137085,0.04111314192414284,0.9858738780021667,0.09781448543071747,0.028580842539668083,0.02766362391412258
1442,1442,0.019242705777287483,,,,,,,
1443,1443,,,0.9987512230873108,0.04072103649377823,0.9730228185653687,0.10217969864606857,0.028599819168448448,0.02766362391412258
1443,1443,0.019207006320357323,,,,,,,
1444,1444,,,0.9766873121261597,0.0409272201359272,0.9807314872741699,0.0964212566614151,0.0283773485571146,0.02766362391412258
1444,1444,0.01885981298983097,,,,,,,
1445,1445,,,0.9819901585578918,0.04077574610710144,0.9778504967689514,0.09745717793703079,0.028363659977912903,0.02766362391412258
1445,1445,0.01846078410744667,,,,,,,
1446,1446,,,0.9925299882888794,0.04081710800528526,0.9750152826309204,0.0996255874633789,0.028470676392316818,0.02766362391412258
1446,1446,0.018333876505494118,,,,,,,
1447,1447,,,0.9711429476737976,0.041088275611400604,0.982936680316925,0.09672635048627853,0.028438717126846313,0.02766362391412258
1447,1447,0.018515953794121742,,,,,,,
1448,1448,,,0.9961963295936584,0.04073064401745796,0.9731847047805786,0.10159230977296829,0.028546448796987534,0.02766362391412258
1448,1448,0.018731672316789627,,,,,,,
1449,1449,,0.018705308437347412,,,,,,
1449,1449,,,0.9759731292724609,0.04099645838141441,0.9812098741531372,0.09625672549009323,0.028381869196891785,0.02766362391412258
1449,1449,0.018705308437347412,,,,,,,
1450,1450,,,0.9846102595329285,0.04069208353757858,0.977159857749939,0.09793563187122345,0.028386589139699936,0.02766362391412258
1450,1450,0.01847638003528118,,,,,,,
1451,1451,,,0.9890685081481934,0.04066256433725357,0.9760050773620605,0.09863235056400299,0.028420377522706985,0.02766362391412258
1451,1451,0.018316728994250298,,,,,,,
1452,1452,,,0.9747134447097778,0.040834128856658936,0.9815234541893005,0.09625901281833649,0.02838321216404438,0.02766362391412258
1452,1452,0.01838146522641182,,,,,,,
1453,1453,,,0.9931455254554749,0.04049055278301239,0.9743071794509888,0.10039647668600082,0.028491754084825516,0.02766362391412258
1453,1453,0.018524879589676857,,,,,,,
1454,1454,,,0.9776930212974548,0.04075704142451286,0.9804088473320007,0.09614454209804535,0.028356293216347694,0.02766362391412258
1454,1454,0.01852838695049286,,,,,,,
1455,1455,,,0.9840456247329712,0.040590595453977585,0.9774962663650513,0.09738034754991531,0.028362654149532318,0.02766362391412258
1455,1455,0.018392499536275864,,,,,,,
1456,1456,,,0.9879416227340698,0.040549878031015396,0.9761765599250793,0.0983356237411499,0.028399121016263962,0.02766362391412258
1456,1456,0.018298108130693436,,,,,,,
1457,1457,,,0.9764554500579834,0.04079080745577812,0.9809918999671936,0.09596224874258041,0.028359299525618553,0.02766362391412258
1457,1457,0.01834396831691265,,,,,,,
1458,1458,,,0.9905806183815002,0.040529459714889526,0.9755281209945679,0.099220409989357,0.028448911383748055,0.02766362391412258
1458,1458,0.01842665858566761,,,,,,,
1459,1459,,,0.9796859622001648,0.04070855677127838,0.9796879291534424,0.0963098332285881,0.02835344523191452,0.02766362391412258
1459,1459,0.018412930890917778,,,,,,,
1460,1460,,,0.9834076166152954,0.040650397539138794,0.978378415107727,0.09686961770057678,0.0283646360039711,0.02766362391412258
1460,1460,0.018325095996260643,,,,,,,
1461,1461,,,0.9876405596733093,0.04054711014032364,0.9766151905059814,0.09819060564041138,0.028406381607055664,0.02766362391412258
1461,1461,0.018281353637576103,,,,,,,
1462,1462,,,0.977903425693512,0.04073081538081169,0.9805790781974792,0.09602972865104675,0.02835880033671856,0.02766362391412258
1462,1462,0.01832013577222824,,,,,,,
1463,1463,,,0.9887691140174866,0.04052045941352844,0.9764980673789978,0.09839186817407608,0.028423823416233063,0.02766362391412258
1463,1463,0.018361816182732582,,,,,,,
1464,1464,,,0.9811320304870605,0.040581922978162766,0.9789404273033142,0.09661474078893661,0.028352297842502594,0.02766362391412258
1464,1464,0.018337948247790337,,,,,,,
1465,1465,,,0.9826778769493103,0.04056990519165993,0.978807270526886,0.0966772586107254,0.028364645317196846,0.02766362391412258
1465,1465,0.018283125013113022,,,,,,,
1466,1466,,,0.9872952699661255,0.04044852405786514,0.9770689010620117,0.09800221025943756,0.028411023318767548,0.02766362391412258
1466,1466,0.018267633393406868,,,,,,,
1467,1467,,,0.9791690707206726,0.04057052731513977,0.9800025820732117,0.09622563421726227,0.028356747701764107,0.02766362391412258
1467,1467,0.018295852467417717,,,,,,,
1468,1468,,,0.9874677062034607,0.04046597704291344,0.9772497415542603,0.09780794382095337,0.028408948332071304,0.02766362391412258
1468,1468,0.018312757834792137,,,,,,,
1469,1469,,,0.9823466539382935,0.04051005840301514,0.9787902235984802,0.09678915143013,0.028367148712277412,0.02766362391412258
1469,1469,0.01828918792307377,,,,,,,
1470,1470,,,0.9824647307395935,0.040555112063884735,0.9789625406265259,0.09663844853639603,0.028366977348923683,0.02766362391412258
1470,1470,0.018256820738315582,,,,,,,
1471,1471,,,0.9868425130844116,0.04050508141517639,0.9773451089859009,0.09769205749034882,0.028400450944900513,0.02766362391412258
1471,1471,0.018253302201628685,,,,,,,
1472,1472,,,0.9800898432731628,0.04059557616710663,0.9795652031898499,0.09635964035987854,0.02835448458790779,0.02766362391412258
1472,1472,0.01827075332403183,,,,,,,
1473,1473,,,0.9863118529319763,0.04053427278995514,0.9777507185935974,0.0974622443318367,0.028399357572197914,0.02766362391412258
1473,1473,0.01827511563897133,,,,,,,
1474,1474,,,0.9829891920089722,0.04054645821452141,0.9786632657051086,0.09679410606622696,0.028368139639496803,0.02766362391412258
1474,1474,0.01825639046728611,,,,,,,
1475,1475,,,0.9824574589729309,0.04054371267557144,0.9789058566093445,0.09663689881563187,0.028364360332489014,0.02766362391412258
1475,1475,0.018237508833408356,,,,,,,
1476,1476,,,0.9864009618759155,0.040486957877874374,0.9778025150299072,0.09743203222751617,0.028400475159287453,0.02766362391412258
1476,1476,0.018237313255667686,,,,,,,
1477,1477,,,0.9810129404067993,0.040521521121263504,0.9794465899467468,0.09640328586101532,0.028360318392515182,0.02766362391412258
1477,1477,0.01824663206934929,,,,,,,
1478,1478,,,0.9856654405593872,0.04045742750167847,0.9779871106147766,0.09723130613565445,0.028389587998390198,0.02766362391412258
1478,1478,0.018245834857225418,,,,,,,
1479,1479,,,0.9834200143814087,0.040469132363796234,0.9786820411682129,0.09671533107757568,0.02836812660098076,0.02766362391412258
1479,1479,0.018232300877571106,,,,,,,
1480,1480,,,0.9826199412345886,0.04045720025897026,0.9788914322853088,0.09660624712705612,0.028363199904561043,0.02766362391412258
1480,1480,0.01822064444422722,,,,,,,
1481,1481,,,0.9858415126800537,0.04042337089776993,0.9779918193817139,0.09719371050596237,0.028389129787683487,0.02766362391412258
1481,1481,0.018220271915197372,,,,,,,
1482,1482,,,0.9816726446151733,0.04045576974749565,0.9792591333389282,0.09635981172323227,0.028355730697512627,0.02766362391412258
1482,1482,0.018224451690912247,,,,,,,
1483,1483,,,0.9852327108383179,0.040400661528110504,0.9781531095504761,0.09705597162246704,0.02838217467069626,0.02766362391412258
1483,1483,0.018222061917185783,,,,,,,
1484,1484,,,0.9835826754570007,0.04042420908808708,0.9787833094596863,0.09661342948675156,0.028367895632982254,0.02766362391412258
1484,1484,0.01821252889931202,,,,,,,
1485,1485,,,0.9829343557357788,0.04041212052106857,0.9789222478866577,0.09654407948255539,0.02836369164288044,0.02766362391412258
1485,1485,0.018204445019364357,,,,,,,
1486,1486,,,0.9854272603988647,0.04038100689649582,0.978213369846344,0.09701758623123169,0.028384260833263397,0.02766362391412258
1486,1486,0.01820298656821251,,,,,,,
1487,1487,,,0.9821751117706299,0.040410976856946945,0.9792468547821045,0.09632645547389984,0.028357816860079765,0.02766362391412258
1487,1487,0.01820414513349533,,,,,,,
1488,1488,,,0.9849210977554321,0.04035354405641556,0.9783467054367065,0.0969238206744194,0.028379645198583603,0.02766362391412258
1488,1488,0.018201569095253944,,,,,,,
1489,1489,,,0.9835465550422668,0.04036186262965202,0.9788744449615479,0.0965510904788971,0.028367619961500168,0.02766362391412258
1489,1489,0.01819469965994358,,,,,,,
1490,1490,,,0.9832139611244202,0.040339142084121704,0.9789353609085083,0.09650743752717972,0.028364498168230057,0.02766362391412258
1490,1490,0.018188413232564926,,,,,,,
1491,1491,,,0.9850044846534729,0.040297869592905045,0.9783979654312134,0.09688203036785126,0.028379997238516808,0.02766362391412258
1491,1491,0.018185913562774658,,,,,,,
1492,1492,,,0.9825571775436401,0.040316417813301086,0.9792486429214478,0.09632716327905655,0.02836119756102562,0.02766362391412258
1492,1492,0.018185310065746307,,,,,,,
1493,1493,,,0.9848138093948364,0.04026590660214424,0.9784994721412659,0.09682565182447433,0.028379147872328758,0.02766362391412258
1493,1493,0.01818285509943962,,,,,,,
1494,1494,,,0.9835248589515686,0.040274448692798615,0.9789174199104309,0.09650751203298569,0.028366435319185257,0.02766362391412258
1494,1494,0.018177727237343788,,,,,,,
1495,1495,,,0.9835296869277954,0.040265485644340515,0.9789490699768066,0.09649696201086044,0.028367189690470695,0.02766362391412258
1495,1495,0.01817244663834572,,,,,,,
1496,1496,,,0.9846872091293335,0.04023664817214012,0.9785827994346619,0.09676991403102875,0.02837817743420601,0.02766362391412258
1496,1496,0.018169241026043892,,,,,,,
1497,1497,,,0.982864260673523,0.04025396332144737,0.9791847467422485,0.09634318947792053,0.02836206741631031,0.02766362391412258
1497,1497,0.018167495727539062,,,,,,,
1498,1498,,,0.9847086668014526,0.040214866399765015,0.9786117672920227,0.09673596173524857,0.02837756648659706,0.02766362391412258
1498,1498,0.018165098503232002,,,,,,,
1499,1499,,0.01816108077764511,,,,,,
1499,1499,,,0.9834506511688232,0.04021262004971504,0.9790230989456177,0.09646796435117722,0.02836775593459606,0.02766362391412258
1499,1499,0.01816108077764511,,,,,,,
1500,1500,,,0.983790397644043,0.04019749164581299,0.9789803624153137,0.09649685025215149,0.02837073989212513,0.02766362391412258
1500,1500,0.018156524747610092,,,,,,,
1501,1501,,,0.9844084978103638,0.04016759991645813,0.978753924369812,0.09665355831384659,0.02837587334215641,0.02766362391412258
1501,1501,0.018152888864278793,,,,,,,
1502,1502,,,0.9831410646438599,0.040170278400182724,0.9791883230209351,0.09636254608631134,0.028365660458803177,0.02766362391412258
1502,1502,0.018150364980101585,,,,,,,
1503,1503,,,0.9846199154853821,0.040139585733413696,0.9787789583206177,0.09665822982788086,0.028379101306200027,0.02766362391412258
1503,1503,0.018147863447666168,,,,,,,
1504,1504,,,0.9834104180335999,0.04013511538505554,0.9791087508201599,0.09642072767019272,0.028368046507239342,0.02766362391412258
1504,1504,0.018144527450203896,,,,,,,
1505,1505,,,0.9840095639228821,0.040121305733919144,0.9789913296699524,0.09649716317653656,0.028373030945658684,0.02766362391412258
1505,1505,0.018140552565455437,,,,,,,
1506,1506,,,0.984160304069519,0.04010239988565445,0.9789397120475769,0.09654653817415237,0.02837504632771015,0.02766362391412258
1506,1506,0.018136795610189438,,,,,,,
1507,1507,,,0.983392059803009,0.04009866341948509,0.9791929721832275,0.09637473523616791,0.02836868353188038,0.02766362391412258
1507,1507,0.018133720383048058,,,,,,,
1508,1508,,,0.9845107197761536,0.04007529839873314,0.9789074063301086,0.09657816588878632,0.028378700837492943,0.02766362391412258
1508,1508,0.018130987882614136,,,,,,,
1509,1509,,,0.9834389686584473,0.04006663337349892,0.9791994094848633,0.09637682139873505,0.028369415551424026,0.02766362391412258
1509,1509,0.018127959221601486,,,,,,,
1510,1510,,,0.9841859340667725,0.04004882648587227,0.9790404438972473,0.09649201482534409,0.028376247733831406,0.02766362391412258
1510,1510,0.01812446303665638,,,,,,,
1511,1511,,,0.9839676022529602,0.04003399237990379,0.9791054725646973,0.09645252674818039,0.02837463840842247,0.02766362391412258
1511,1511,0.018120814114809036,,,,,,,
1512,1512,,,0.9836586713790894,0.040021564811468124,0.9792042374610901,0.09638860076665878,0.02837221324443817,0.02766362391412258
1512,1512,0.018117431551218033,,,,,,,
1513,1513,,,0.9843677282333374,0.04000403732061386,0.9790444374084473,0.09650677442550659,0.028378833085298538,0.02766362391412258
1513,1513,0.018114401027560234,,,,,,,
1514,1514,,,0.9835030436515808,0.039995595812797546,0.9792816638946533,0.09634817391633987,0.02837163768708706,0.02766362391412258
1514,1514,0.01811140961945057,,,,,,,
1515,1515,,,0.984271228313446,0.039977800101041794,0.9791127443313599,0.0964805856347084,0.02837924100458622,0.02766362391412258
1515,1515,0.018108204007148743,,,,,,,
1516,1516,,,0.9838160872459412,0.03996937349438667,0.9792546033859253,0.09638120234012604,0.02837524376809597,0.02766362391412258
1516,1516,0.01810476742684841,,,,,,,
1517,1517,,,0.9838888645172119,0.03995466232299805,0.979241132736206,0.09639809280633926,0.028376281261444092,0.02766362391412258
1517,1517,0.018101327121257782,,,,,,,
1518,1518,,,0.9842022061347961,0.03994252532720566,0.979202926158905,0.0964374765753746,0.028379831463098526,0.02766362391412258
1518,1518,0.01809806376695633,,,,,,,
1519,1519,,,0.983648955821991,0.03993324562907219,0.9793554544448853,0.0963330864906311,0.028375079855322838,0.02766362391412258
1519,1519,0.018094955012202263,,,,,,,
1520,1520,,,0.984294056892395,0.039915766566991806,0.9791989922523499,0.09644897282123566,0.02838110364973545,0.02766362391412258
1520,1520,0.018091848120093346,,,,,,,
1521,1521,,,0.983747661113739,0.03990882635116577,0.9793725609779358,0.09632739424705505,0.028376324102282524,0.02766362391412258
1521,1521,0.018088607117533684,,,,,,,
1522,1522,,,0.984077513217926,0.039890822023153305,0.9792938232421875,0.09639754891395569,0.02838006243109703,0.02766362391412258
1522,1522,0.01808525249361992,,,,,,,
1523,1523,,,0.9840368628501892,0.03987998142838478,0.9793332815170288,0.09636975824832916,0.028379719704389572,0.02766362391412258
1523,1523,0.0180819034576416,,,,,,,
1524,1524,,,0.9838255047798157,0.039867646992206573,0.9794017672538757,0.0963263064622879,0.028378106653690338,0.02766362391412258
1524,1524,0.018078651279211044,,,,,,,
1525,1525,,,0.9842338562011719,0.039851270616054535,0.9793180227279663,0.09640185534954071,0.02838268131017685,0.02766362391412258
1525,1525,0.01807546801865101,,,,,,,
1526,1526,,,0.9837705492973328,0.03984464704990387,0.979468584060669,0.09629408270120621,0.028378505259752274,0.02766362391412258
1526,1526,0.01807229593396187,,,,,,,
1527,1527,,,0.9841935634613037,0.03982800990343094,0.9793630242347717,0.09637956321239471,0.028382858261466026,0.02766362391412258
1527,1527,0.0180690698325634,,,,,,,
1528,1528,,,0.9839239716529846,0.039820704609155655,0.9794620275497437,0.09631074219942093,0.02838054858148098,0.02766362391412258
1528,1528,0.018065758049488068,,,,,,,
1529,1529,,,0.9840062260627747,0.03980898857116699,0.9794585108757019,0.09632144123315811,0.028381751850247383,0.02766362391412258
1529,1529,0.018062449991703033,,,,,,,
1530,1530,,,0.9841204881668091,0.03979650139808655,0.9794416427612305,0.0963398888707161,0.028383130207657814,0.02766362391412258
1530,1530,0.01805918850004673,,,,,,,
1531,1531,,,0.9838659167289734,0.03978871926665306,0.9795352220535278,0.09627368301153183,0.028380881994962692,0.02766362391412258
1531,1531,0.018055962398648262,,,,,,,
1532,1532,,,0.9842075109481812,0.039773501455783844,0.9794603586196899,0.09634016454219818,0.02838468737900257,0.02766362391412258
1532,1532,0.01805274933576584,,,,,,,
1533,1533,,,0.9838812947273254,0.03976539894938469,0.9795682430267334,0.0962626114487648,0.028381720185279846,0.02766362391412258
1533,1533,0.018049519509077072,,,,,,,
1534,1534,,,0.9841426610946655,0.039752233773469925,0.9795235991477966,0.09630437195301056,0.028384637087583542,0.02766362391412258
1534,1534,0.018046250566840172,,,,,,,
1535,1535,,,0.9840166568756104,0.039741165935993195,0.9795672297477722,0.09627571702003479,0.02838362753391266,0.02766362391412258
1535,1535,0.01804296486079693,,,,,,,
1536,1536,,,0.9840101003646851,0.03973136842250824,0.9795957803726196,0.09625896066427231,0.028383780270814896,0.02766362391412258
1536,1536,0.018039686605334282,,,,,,,
1537,1537,,,0.9841474294662476,0.03971860930323601,0.9795747995376587,0.09628357738256454,0.028385557234287262,0.02766362391412258
1537,1537,0.018036432564258575,,,,,,,
1538,1538,,,0.9839310646057129,0.039709899574518204,0.9796493649482727,0.09623029083013535,0.028383605182170868,0.02766362391412258
1538,1538,0.018033195286989212,,,,,,,
1539,1539,,,0.9841871857643127,0.039697788655757904,0.9796066880226135,0.09627053141593933,0.028386468067765236,0.02766362391412258
1539,1539,0.018029961735010147,,,,,,,
1540,1540,,,0.9839601516723633,0.03968842700123787,0.9796779751777649,0.09622184932231903,0.028384536504745483,0.02766362391412258
1540,1540,0.018026696518063545,,,,,,,
1541,1541,,,0.9841304421424866,0.03967782109975815,0.9796631932258606,0.09624183923006058,0.02838662452995777,0.02766362391412258
1541,1541,0.0180234182626009,,,,,,,
1542,1542,,,0.984061598777771,0.03966783732175827,0.9796938896179199,0.096222884953022,0.02838616445660591,0.02766362391412258
1542,1542,0.01802014745771885,,,,,,,
1543,1543,,,0.9840410947799683,0.03965836018323898,0.9797191619873047,0.09620954096317291,0.028386246412992477,0.02766362391412258
1543,1543,0.01801687479019165,,,,,,,
1544,1544,,,0.9841523766517639,0.039648376405239105,0.9797161817550659,0.09622093290090561,0.02838779054582119,0.02766362391412258
1544,1544,0.01801360584795475,,,,,,,
1545,1545,,,0.9839929342269897,0.03963950648903847,0.9797686338424683,0.09618449956178665,0.028386402875185013,0.02766362391412258
1545,1545,0.018010351806879044,,,,,,,
1546,1546,,,0.9841774106025696,0.03962944820523262,0.9797465205192566,0.09620807319879532,0.02838851697742939,0.02766362391412258
1546,1546,0.01800708658993244,,,,,,,
1547,1547,,,0.9840163588523865,0.0396207831799984,0.9798030853271484,0.09616965055465698,0.028387174010276794,0.02766362391412258
1547,1547,0.01800382509827614,,,,,,,
1548,1548,,,0.9841409921646118,0.03961068391799927,0.9797941446304321,0.09618532657623291,0.02838883362710476,0.02766362391412258
1548,1548,0.018000546842813492,,,,,,,
1549,1549,,0.017997262999415398,,,,,,
1549,1549,,,0.9840847849845886,0.03960201516747475,0.9798266291618347,0.09616363793611526,0.028388410806655884,0.02766362391412258
1549,1549,0.017997262999415398,,,,,,,
1550,1550,,,0.98408442735672,0.03959254175424576,0.9798442125320435,0.09615697711706161,0.028388742357492447,0.02766362391412258
1550,1550,0.017993977293372154,,,,,,,
1551,1551,,,0.9841507077217102,0.039583515375852585,0.9798511266708374,0.09615970402956009,0.028389789164066315,0.02766362391412258
1551,1551,0.017990706488490105,,,,,,,
1552,1552,,,0.9840499758720398,0.03957543149590492,0.9798911213874817,0.09613201767206192,0.02838892862200737,0.02766362391412258
1552,1552,0.01798742637038231,,,,,,,
1553,1553,,,0.9841777086257935,0.03956611827015877,0.979880690574646,0.09614880383014679,0.028390616178512573,0.02766362391412258
1553,1553,0.01798415742814541,,,,,,,
1554,1554,,,0.9840584993362427,0.0395587794482708,0.9799290895462036,0.09611565619707108,0.02838962897658348,0.02766362391412258
1554,1554,0.01798086427152157,,,,,,,
1555,1555,,,0.9841632843017578,0.03954978659749031,0.9799220561981201,0.09612898528575897,0.028391053900122643,0.02766362391412258
1555,1555,0.01797758787870407,,,,,,,
1556,1556,,,0.984098494052887,0.039542306214571,0.979957640171051,0.09610626846551895,0.02839062735438347,0.02766362391412258
1556,1556,0.01797429844737053,,,,,,,
1557,1557,,,0.9841300249099731,0.03953401371836662,0.9799695014953613,0.09610414505004883,0.028391283005475998,0.02766362391412258
1557,1557,0.017971010878682137,,,,,,,
1558,1558,,,0.9841463565826416,0.039525896310806274,0.9799836277961731,0.09609879553318024,0.028391702100634575,0.02766362391412258
1558,1558,0.017967717722058296,,,,,,,
1559,1559,,,0.9841020107269287,0.03951847180724144,0.9800149202346802,0.09608051180839539,0.02839154377579689,0.02766362391412258
1559,1559,0.017964426428079605,,,,,,,
1560,1560,,,0.9841789603233337,0.03951020911335945,0.9800152778625488,0.0960874930024147,0.02839265577495098,0.02766362391412258
1560,1560,0.017961138859391212,,,,,,,
1561,1561,,,0.9840959310531616,0.03950323909521103,0.9800519347190857,0.0960618257522583,0.028391940519213676,0.02766362391412258
1561,1561,0.017957840114831924,,,,,,,
1562,1562,,,0.9841851592063904,0.03949518874287605,0.980052649974823,0.09607050567865372,0.028393281623721123,0.02766362391412258
1562,1562,0.017954548820853233,,,,,,,
1563,1563,,,0.9841133952140808,0.039488036185503006,0.980086624622345,0.09604842960834503,0.028392761945724487,0.02766362391412258
1563,1563,0.017951248213648796,,,,,,,
1564,1564,,,0.9841720461845398,0.03948051482439041,0.980093240737915,0.09604957699775696,0.028393637388944626,0.02766362391412258
1564,1564,0.01794794388115406,,,,,,,
1565,1565,,,0.9841445684432983,0.03947335109114647,0.9801167845726013,0.09603682905435562,0.02839362621307373,0.02766362391412258
1565,1565,0.017944643273949623,,,,,,,
1566,1566,,,0.9841526746749878,0.03946637362241745,0.9801362752914429,0.09602845460176468,0.028394030407071114,0.02766362391412258
1566,1566,0.01794133521616459,,,,,,,
1567,1567,,,0.9841755032539368,0.03945896402001381,0.9801490902900696,0.0960245355963707,0.028394542634487152,0.02766362391412258
1567,1567,0.017938025295734406,,,,,,,
1568,1568,,,0.9841400980949402,0.039452169090509415,0.9801747798919678,0.09600885957479477,0.028394382447004318,0.02766362391412258
1568,1568,0.01793471910059452,,,,,,,
1569,1569,,,0.9841946363449097,0.0394451767206192,0.9801842570304871,0.0960097387433052,0.02839532122015953,0.02766362391412258
1569,1569,0.017931412905454636,,,,,,,
1570,1570,,,0.9841403365135193,0.03943851590156555,0.9802128672599792,0.09599156677722931,0.028394967317581177,0.02766362391412258
1570,1570,0.017928095534443855,,,,,,,
1571,1571,,,0.984198808670044,0.03943167254328728,0.9802201986312866,0.09599301964044571,0.028395891189575195,0.02766362391412258
1571,1571,0.017924778163433075,,,,,,,
1572,1572,,,0.9841539263725281,0.03942544013261795,0.9802480936050415,0.09597567468881607,0.02839563973248005,0.02766362391412258
1572,1572,0.017921458929777145,,,,,,,
1573,1573,,,0.9841931462287903,0.03941881284117699,0.9802587032318115,0.09597469866275787,0.02839638479053974,0.02766362391412258
1573,1573,0.017918141558766365,,,,,,,
1574,1574,,,0.9841743111610413,0.03941269591450691,0.9802823662757874,0.09596101939678192,0.028396407142281532,0.02766362391412258
1574,1574,0.017914820462465286,,,,,,,
1575,1575,,,0.9841853380203247,0.03940606862306595,0.9802973866462708,0.09595544636249542,0.028396813198924065,0.02766362391412258
1575,1575,0.017911497503519058,,,,,,,
1576,1576,,,0.9841943383216858,0.03939998522400856,0.9803156852722168,0.09594721347093582,0.02839718386530876,0.02766362391412258
1576,1576,0.01790817268192768,,,,,,,
1577,1577,,,0.9841793775558472,0.03939364105463028,0.9803370237350464,0.09593599289655685,0.028397290036082268,0.02766362391412258
1577,1577,0.017904842272400856,,,,,,,
1578,1578,,,0.9842089414596558,0.039387211203575134,0.9803498983383179,0.09593312442302704,0.028397928923368454,0.02766362391412258
1578,1578,0.017901519313454628,,,,,,,
1579,1579,,,0.9841793775558472,0.039381373673677444,0.9803745746612549,0.09591782838106155,0.028397804126143456,0.02766362391412258
1579,1579,0.017898183315992355,,,,,,,
1580,1580,,,0.9842174053192139,0.03937515243887901,0.980384886264801,0.09591738879680634,0.028398558497428894,0.02766362391412258
1580,1580,0.017894843593239784,,,,,,,
1581,1581,,,0.984184205532074,0.03936973586678505,0.9804118871688843,0.09590139240026474,0.028398459777235985,0.02766362391412258
1581,1581,0.01789151132106781,,,,,,,
1582,1582,,,0.984221339225769,0.03936387971043587,0.9804224371910095,0.09590011835098267,0.028399165719747543,0.02766362391412258
1582,1582,0.01788816787302494,,,,,,,
1583,1583,,,0.9841945767402649,0.039358559995889664,0.9804458022117615,0.09588603675365448,0.028399085626006126,0.02766362391412258
1583,1583,0.017884820699691772,,,,,,,
1584,1584,,,0.984221339225769,0.03935302421450615,0.9804608225822449,0.09588203579187393,0.02839973196387291,0.02766362391412258
1584,1584,0.017881477251648903,,,,,,,
1585,1585,,,0.9842063784599304,0.039347466081380844,0.9804815649986267,0.09587132185697556,0.028399839997291565,0.02766362391412258
1585,1585,0.017878133803606033,,,,,,,
1586,1586,,,0.9842202067375183,0.03934206813573837,0.9804975986480713,0.0958639457821846,0.02840021252632141,0.02766362391412258
1586,1586,0.01787477917969227,,,,,,,
1587,1587,,,0.9842183589935303,0.03933648765087128,0.9805158972740173,0.09585569053888321,0.0284004844725132,0.02766362391412258
1587,1587,0.01787143014371395,,,,,,,
1588,1588,,,0.9842187762260437,0.03933120146393776,0.9805354475975037,0.09584703296422958,0.028400808572769165,0.02766362391412258
1588,1588,0.017868073657155037,,,,,,,
1589,1589,,,0.9842292070388794,0.039326075464487076,0.9805521965026855,0.09583944082260132,0.028401168063282967,0.02766362391412258
1589,1589,0.017864711582660675,,,,,,,
1590,1590,,,0.9842202067375183,0.039320897310972214,0.9805704355239868,0.0958302766084671,0.028401317074894905,0.02766362391412258
1590,1590,0.01786135882139206,,,,,,,
1591,1591,,,0.9842380881309509,0.039316318929195404,0.980588436126709,0.09582310169935226,0.028401827439665794,0.02766362391412258
1591,1591,0.017857996746897697,,,,,,,
1592,1592,,,0.9842230677604675,0.03931129723787308,0.980607807636261,0.09581352025270462,0.028401948511600494,0.02766362391412258
1592,1592,0.017854629084467888,,,,,,,
1593,1593,,,0.9842436909675598,0.03930679336190224,0.9806233644485474,0.0958067774772644,0.028402401134371758,0.02766362391412258
1593,1593,0.01785125955939293,,,,,,,
1594,1594,,,0.9842283725738525,0.0393020436167717,0.9806436896324158,0.09579621255397797,0.028402501717209816,0.02766362391412258
1594,1594,0.01784789189696312,,,,,,,
1595,1595,,,0.984247088432312,0.03929738700389862,0.9806602597236633,0.09579086303710938,0.028403064236044884,0.02766362391412258
1595,1595,0.017844518646597862,,,,,,,
1596,1596,,,0.9842348694801331,0.03929288685321808,0.9806810021400452,0.09577907621860504,0.028403140604496002,0.02766362391412258
1596,1596,0.017841147258877754,,,,,,,
1597,1597,,,0.984250009059906,0.03928809612989426,0.9806949496269226,0.0957745835185051,0.02840360626578331,0.02766362391412258
1597,1597,0.017837774008512497,,,,,,,
1598,1598,,,0.9842427968978882,0.03928397595882416,0.980717122554779,0.09576265513896942,0.028403788805007935,0.02766362391412258
1598,1598,0.017834387719631195,,,,,,,
1599,1599,,0.01783100515604019,,,,,,
1599,1599,,,0.9842524528503418,0.03927934542298317,0.9807313680648804,0.09575746208429337,0.028404172509908676,0.02766362391412258
1599,1599,0.01783100515604019,,,,,,,
1600,1600,,,0.9842489957809448,0.0392753966152668,0.9807518720626831,0.09574703872203827,0.028404399752616882,0.02766362391412258
1600,1600,0.017827609553933144,,,,,,,
1601,1601,,,0.9842560291290283,0.03927132487297058,0.9807687401771545,0.09573984146118164,0.028404762968420982,0.02766362391412258
1601,1601,0.01782422885298729,,,,,,,
1602,1602,,,0.9842549562454224,0.03926738724112511,0.9807859659194946,0.09573149681091309,0.028404995799064636,0.02766362391412258
1602,1602,0.01782083511352539,,,,,,,
1603,1603,,,0.9842587113380432,0.039263807237148285,0.9808057546615601,0.09572235494852066,0.028405338525772095,0.02766362391412258
1603,1603,0.017817437648773193,,,,,,,
1604,1604,,,0.9842609167098999,0.039259765297174454,0.980822741985321,0.0957154855132103,0.028405677527189255,0.02766362391412258
1604,1604,0.017814043909311295,,,,,,,
1605,1605,,,0.9842622876167297,0.039256077259778976,0.9808410406112671,0.09570567309856415,0.028405897319316864,0.02766362391412258
1605,1605,0.01781063713133335,,,,,,,
1606,1606,,,0.984266459941864,0.03925240412354469,0.9808580875396729,0.09569869190454483,0.028406251221895218,0.02766362391412258
1606,1606,0.017807234078645706,,,,,,,
1607,1607,,,0.9842655658721924,0.03924877941608429,0.9808779358863831,0.0956898108124733,0.028406567871570587,0.02766362391412258
1607,1607,0.017803829163312912,,,,,,,
1608,1608,,,0.9842718243598938,0.03924524039030075,0.980894148349762,0.09568195790052414,0.02840685471892357,0.02766362391412258
1608,1608,0.01780041679739952,,,,,,,
1609,1609,,,0.9842689633369446,0.03924179449677467,0.9809118509292603,0.09567320346832275,0.02840707078576088,0.02766362391412258
1609,1609,0.017797010019421577,,,,,,,
1610,1610,,,0.9842767715454102,0.03923860564827919,0.9809308648109436,0.09566545486450195,0.028407501056790352,0.02766362391412258
1610,1610,0.01779359206557274,,,,,,,
1611,1611,,,0.9842724800109863,0.03923512250185013,0.9809485673904419,0.09565679728984833,0.028407707810401917,0.02766362391412258
1611,1611,0.0177901703864336,,,,,,,
1612,1612,,,0.9842817187309265,0.03923215717077255,0.980965256690979,0.09564890712499619,0.028408046811819077,0.02766362391412258
1612,1612,0.017786746844649315,,,,,,,
1613,1613,,,0.9842761754989624,0.039229098707437515,0.9809843301773071,0.09563996642827988,0.028408287093043327,0.02766362391412258
1613,1613,0.017783325165510178,,,,,,,
1614,1614,,,0.9842863082885742,0.03922633081674576,0.9810019135475159,0.09563275426626205,0.028408709913492203,0.02766362391412258
1614,1614,0.01777990162372589,,,,,,,
1615,1615,,,0.9842790365219116,0.03922353684902191,0.9810201525688171,0.09562315791845322,0.02840885892510414,0.02766362391412258
1615,1615,0.01777646690607071,,,,,,,
1616,1616,,,0.984291672706604,0.03922095522284508,0.9810370206832886,0.09561674296855927,0.0284093227237463,0.02766362391412258
1616,1616,0.017773037776350975,,,,,,,
1617,1617,,,0.984281599521637,0.039218176156282425,0.981056272983551,0.09560629725456238,0.0284094400703907,0.02766362391412258
1617,1617,0.017769595608115196,,,,,,,
1618,1618,,,0.9842967987060547,0.0392153225839138,0.9810725450515747,0.09560050070285797,0.028409937396645546,0.02766362391412258
1618,1618,0.017766157165169716,,,,,,,
1619,1619,,,0.9842840433120728,0.03921288624405861,0.9810928106307983,0.09558935463428497,0.028410036116838455,0.02766362391412258
1619,1619,0.017762718722224236,,,,,,,
1620,1620,,,0.9843029975891113,0.039210282266139984,0.9811068773269653,0.09558474272489548,0.028410542756319046,0.02766362391412258
1620,1620,0.01775926724076271,,,,,,,
1621,1621,,,0.9842846989631653,0.03920813277363777,0.9811289310455322,0.09557192772626877,0.028410570695996284,0.02766362391412258
1621,1621,0.017755825072526932,,,,,,,
1622,1622,,,0.9843103885650635,0.03920576721429825,0.9811426997184753,0.09556903690099716,0.028411222621798515,0.02766362391412258
1622,1622,0.017752373591065407,,,,,,,
1623,1623,,,0.9842837452888489,0.03920384496450424,0.9811646938323975,0.09555435925722122,0.02841106615960598,0.02766362391412258
1623,1623,0.017748912796378136,,,,,,,
1624,1624,,,0.9843198657035828,0.03920172527432442,0.9811767339706421,0.09555372595787048,0.028411876410245895,0.02766362391412258
1624,1624,0.017745444551110268,,,,,,,
1625,1625,,,0.9842804074287415,0.03920011222362518,0.9812021255493164,0.09553639590740204,0.028411593288183212,0.02766362391412258
1625,1625,0.017741987481713295,,,,,,,
1626,1626,,,0.9843317866325378,0.03919786587357521,0.9812108874320984,0.09553909301757812,0.0284125953912735,0.02766362391412258
1626,1626,0.017738521099090576,,,,,,,
1627,1627,,,0.9842736721038818,0.039196357131004333,0.9812387228012085,0.0955176055431366,0.028412003070116043,0.02766362391412258
1627,1627,0.01773505099117756,,,,,,,
1628,1628,,,0.984348714351654,0.03919423371553421,0.981245219707489,0.09552550315856934,0.028413429856300354,0.02766362391412258
1628,1628,0.01773158460855484,,,,,,,
1629,1629,,,0.9842596650123596,0.03919316455721855,0.9812769293785095,0.09549780935049057,0.028412356972694397,0.02766362391412258
1629,1629,0.01772809959948063,,,,,,,
1630,1630,,,0.9843742251396179,0.039191242307424545,0.9812768697738647,0.0955130085349083,0.028414297848939896,0.02766362391412258
1630,1630,0.017724623903632164,,,,,,,
1631,1631,,,0.984234631061554,0.0391906201839447,0.9813163876533508,0.09547587484121323,0.02841254323720932,0.02766362391412258
1631,1631,0.017721140757203102,,,,,,,
1632,1632,,,0.9844133853912354,0.03918880969285965,0.9813090562820435,0.0955037921667099,0.0284155011177063,0.02766362391412258
1632,1632,0.017717674374580383,,,,,,,
1633,1633,,,0.9841912388801575,0.039188288152217865,0.9813572764396667,0.09544981271028519,0.028412379324436188,0.02766362391412258
1633,1633,0.017714178189635277,,,,,,,
1634,1634,,,0.9844774603843689,0.03918616101145744,0.9813348054885864,0.0955001562833786,0.028416987508535385,0.02766362391412258
1634,1634,0.01771070808172226,,,,,,,
1635,1635,,,0.9841160178184509,0.03918640688061714,0.9814053177833557,0.09541671723127365,0.028411824256181717,0.02766362391412258
1635,1635,0.017707228660583496,,,,,,,
1636,1636,,,0.9845830202102661,0.039183344691991806,0.9813550114631653,0.09550654143095016,0.028419196605682373,0.02766362391412258
1636,1636,0.017703769728541374,,,,,,,
1637,1637,,,0.9839852452278137,0.03918511047959328,0.9814598560333252,0.09537162631750107,0.02841034159064293,0.02766362391412258
1637,1637,0.017700327560305595,,,,,,,
1638,1638,,,0.9847647547721863,0.03918097913265228,0.981365442276001,0.09553005546331406,0.02842269279062748,0.02766362391412258
1638,1638,0.017696939408779144,,,,,,,
1639,1639,,,0.9837512969970703,0.03918501362204552,0.9815298914909363,0.09530643373727798,0.02840740978717804,0.02766362391412258
1639,1639,0.017693620175123215,,,,,,,
1640,1640,,,0.985085129737854,0.039178695529699326,0.9813573360443115,0.09558556973934174,0.02842853218317032,0.02766362391412258
1640,1640,0.01769045554101467,,,,,,,
1641,1641,,,0.9833328127861023,0.03918616846203804,0.9816247820854187,0.09520626813173294,0.02840181440114975,0.02766362391412258
1641,1641,0.017687546089291573,,,,,,,
1642,1642,,,0.9856592416763306,0.039175841957330704,0.9813180565834045,0.09570398926734924,0.02843904308974743,0.02766362391412258
1642,1642,0.017685091122984886,,,,,,,
1643,1643,,,0.9825742244720459,0.03918910026550293,0.9817695617675781,0.09504882991313934,0.028391912579536438,0.02766362391412258
1643,1643,0.017683474346995354,,,,,,,
1644,1644,,,0.986710250377655,0.03917177766561508,0.9812224507331848,0.09595222026109695,0.02845912054181099,0.02766362391412258
1644,1644,0.017683371901512146,,,,,,,
1645,1645,,,0.981188178062439,0.03919591009616852,0.9820099472999573,0.09480706602334976,0.028375467285513878,0.02766362391412258
1645,1645,0.017686037346720695,,,,,,,
1646,1646,,,0.9886597394943237,0.03916581720113754,0.9810364246368408,0.09648750722408295,0.028500467538833618,0.02766362391412258
1646,1646,0.01769382506608963,,,,,,,
1647,1647,,,0.9786588549613953,0.03921094164252281,0.9824382066726685,0.09448869526386261,0.028352145105600357,0.02766362391412258
1647,1647,0.017710937187075615,,,,,,,
1648,1648,,,0.9922724962234497,0.03915734216570854,0.980728030204773,0.09769090265035629,0.028591638430953026,0.02766362391412258
1648,1648,0.01774524711072445,,,,,,,
1649,1649,,0.017809955403208733,,,,,,
1649,1649,,,0.9742134809494019,0.039245110005140305,0.9832332134246826,0.09430226683616638,0.028334464877843857,0.02766362391412258
1649,1649,0.017809955403208733,,,,,,,
1650,1650,,,0.998619794845581,0.03914622962474823,0.9803702235221863,0.1003912016749382,0.028797443956136703,0.02766362391412258
1650,1650,0.01792815513908863,,,,,,,
1651,1651,,,0.9674701690673828,0.03931765258312225,0.9845519661903381,0.09496349096298218,0.02836672216653824,0.02766362391412258
1651,1651,0.018128205090761185,,,,,,,
1652,1652,,,1.007291316986084,0.03911023586988449,0.9803956747055054,0.10521003603935242,0.02917945384979248,0.02766362391412258
1652,1652,0.018440579995512962,,,,,,,
1653,1653,,,0.9616032838821411,0.03940391167998314,0.9855741262435913,0.0963950902223587,0.02843959629535675,0.02766362391412258
1653,1653,0.018826445564627647,,,,,,,
1654,1654,,,1.0098023414611816,0.03893638402223587,0.9809948205947876,0.10764460265636444,0.029384665191173553,0.02766362391412258
1654,1654,0.01914599910378456,,,,,,,
1655,1655,,,0.9665781259536743,0.039362404495477676,0.9839593768119812,0.09417002648115158,0.02828802913427353,0.02766362391412258
1655,1655,0.0190832931548357,,,,,,,
1656,1656,,,0.9938675761222839,0.038727421313524246,0.9805286526679993,0.10065844655036926,0.028774075210094452,0.02766362391412258
1656,1656,0.01855206862092018,,,,,,,
1657,1657,,,0.9859534502029419,0.03934130445122719,0.9823927283287048,0.09406454116106033,0.028394659981131554,0.02766362391412258
1657,1657,0.01788371428847313,,,,,,,
1658,1658,,,0.9729557633399963,0.039097242057323456,0.9806068539619446,0.09527181833982468,0.028265222907066345,0.02766362391412258
1658,1658,0.01763961650431156,,,,,,,
1659,1659,,,1.0012729167938232,0.03932167589664459,0.9823854565620422,0.10162368416786194,0.028984451666474342,0.02766362391412258
1659,1659,0.01791093312203884,,,,,,,
1660,1660,,,0.9689096808433533,0.03959895670413971,0.9825871586799622,0.09383237361907959,0.028232265263795853,0.02766362391412258
1660,1660,0.01826266013085842,,,,,,,
1661,1661,,,0.9939185380935669,0.038939785212278366,0.9799601435661316,0.10124534368515015,0.028786592185497284,0.02766362391412258
1661,1661,0.018247896805405617,,,,,,,
1662,1662,,,0.9840682148933411,0.039546821266412735,0.9834100604057312,0.09275298565626144,0.028347481042146683,0.02766362391412258
1662,1662,0.017890317365527153,,,,,,,
1663,1663,,,0.9764928817749023,0.038772907108068466,0.9793974161148071,0.09634999930858612,0.028307512402534485,0.02766362391412258
1663,1663,0.0176387969404459,,,,,,,
1664,1664,,,0.9970351457595825,0.03918756544589996,0.9829347729682922,0.0981653556227684,0.02875925414264202,0.02766362391412258
1664,1664,0.01773570291697979,,,,,,,
1665,1665,,,0.9728489518165588,0.039144959300756454,0.9817531704902649,0.09360171854496002,0.028218455612659454,0.02766362391412258
1665,1665,0.01794624701142311,,,,,,,
1666,1666,,,0.9903430342674255,0.03870423510670662,0.979926347732544,0.09940818697214127,0.02863968349993229,0.02766362391412258
1666,1666,0.017940428107976913,,,,,,,
1667,1667,,,0.9850115180015564,0.039474569261074066,0.983683168888092,0.09231147915124893,0.028343195095658302,0.02766362391412258
1667,1667,0.017736176028847694,,,,,,,
1668,1668,,,0.9768367409706116,0.03871506080031395,0.9794788956642151,0.09652835130691528,0.028324367478489876,0.02766362391412258
1668,1668,0.017620980739593506,,,,,,,
1669,1669,,,0.9944112300872803,0.03936012461781502,0.983476996421814,0.09625343978404999,0.028646277263760567,0.02766362391412258
1669,1669,0.017703169956803322,,,,,,,
1670,1670,,,0.9761744141578674,0.03926743194460869,0.9816851615905762,0.09345240890979767,0.02823833003640175,0.02766362391412258
1670,1670,0.017799559980630875,,,,,,,
1671,1671,,,0.9874513745307922,0.03891031816601753,0.9808114767074585,0.09795356541872025,0.028564531356096268,0.02766362391412258
1671,1671,0.01774774305522442,,,,,,,
1672,1672,,,0.9871699810028076,0.03964662924408913,0.9841779470443726,0.09248287230730057,0.028394747525453568,0.02766362391412258
1672,1672,0.017630428075790405,,,,,,,
1673,1673,,,0.9772730469703674,0.03882457688450813,0.9793310761451721,0.09647862613201141,0.028319554403424263,0.02766362391412258
1673,1673,0.017609937116503716,,,,,,,
1674,1674,,,0.9921573400497437,0.039404239505529404,0.9839154481887817,0.09538240730762482,0.028593674302101135,0.02766362391412258
1674,1674,0.01767607405781746,,,,,,,
1675,1675,,,0.9790250658988953,0.03921237587928772,0.9818274974822998,0.09370984882116318,0.028285261243581772,0.02766362391412258
1675,1675,0.017695823684334755,,,,,,,
1676,1676,,,0.984702467918396,0.038839247077703476,0.9804425835609436,0.0970972329378128,0.02847246453166008,0.02766362391412258
1676,1676,0.0176317747682333,,,,,,,
1677,1677,,,0.9883196353912354,0.03951321169734001,0.9845303297042847,0.09290017187595367,0.02844354696571827,0.02766362391412258
1677,1677,0.017579562962055206,,,,,,,
1678,1678,,,0.978272557258606,0.0387636199593544,0.9798015356063843,0.0964270532131195,0.028345761820673943,0.02766362391412258
1678,1678,0.01760062947869301,,,,,,,
1679,1679,,,0.9900889992713928,0.039363179355859756,0.9835081696510315,0.09482096880674362,0.028524424880743027,0.02766362391412258
1679,1679,0.01763644441962242,,,,,,,
1680,1680,,,0.9817465543746948,0.03927796706557274,0.9821223020553589,0.09399475157260895,0.0283395666629076,0.02766362391412258
1680,1680,0.017617247998714447,,,,,,,
1681,1681,,,0.9831501245498657,0.03903396800160408,0.98061203956604,0.09648564457893372,0.028430143371224403,0.02766362391412258
1681,1681,0.01756826415657997,,,,,,,
1682,1682,,,0.9883022308349609,0.03971485793590546,0.9842117428779602,0.09313497692346573,0.02844349667429924,0.02766362391412258
1682,1682,0.017556220293045044,,,,,,,
1683,1683,,,0.9793233871459961,0.039058394730091095,0.9801041483879089,0.0962003618478775,0.028356246650218964,0.02766362391412258
1683,1683,0.017582647502422333,,,,,,,
1684,1684,,,0.988003671169281,0.039549827575683594,0.9832491874694824,0.09440572559833527,0.028470635414123535,0.02766362391412258
1684,1684,0.0175921730697155,,,,,,,
1685,1685,,,0.9832876920700073,0.039417967200279236,0.9822601675987244,0.09418077766895294,0.028370851650834084,0.02766362391412258
1685,1685,0.017563410103321075,,,,,,,
1686,1686,,,0.9824961423873901,0.03912243992090225,0.9809826016426086,0.09595761448144913,0.028409559279680252,0.02766362391412258
1686,1686,0.01753493770956993,,,,,,,
1687,1687,,,0.988115668296814,0.039633817970752716,0.9840422868728638,0.09331829100847244,0.028444506227970123,0.02766362391412258
1687,1687,0.017539354041218758,,,,,,,
1688,1688,,,0.9805759787559509,0.039043545722961426,0.980465292930603,0.09588176012039185,0.0283648818731308,0.02766362391412258
1688,1688,0.01755688712000847,,,,,,,
1689,1689,,,0.9865829944610596,0.03944136202335358,0.9831753373146057,0.09411894530057907,0.028437506407499313,0.02766362391412258
1689,1689,0.01755254901945591,,,,,,,
1690,1690,,,0.98429936170578,0.03933686390519142,0.9823000431060791,0.09433473646640778,0.028390508145093918,0.02766362391412258
1690,1690,0.017528418451547623,,,,,,,
1691,1691,,,0.9821563959121704,0.03913090378046036,0.9810314178466797,0.09541387856006622,0.028377167880535126,0.02766362391412258
1691,1691,0.01751430705189705,,,,,,,
1692,1692,,,0.9874317049980164,0.039557620882987976,0.9838082194328308,0.09347812831401825,0.02843678742647171,0.02766362391412258
1692,1692,0.017521092668175697,,,,,,,
1693,1693,,,0.9816197156906128,0.03910323977470398,0.9809192419052124,0.09555782377719879,0.028375551104545593,0.02766362391412258
1693,1693,0.017528992146253586,,,,,,,
1694,1694,,,0.9856037497520447,0.03943949192762375,0.9829159379005432,0.09391222894191742,0.02840549126267433,0.02766362391412258
1694,1694,0.017520548775792122,,,,,,,
1695,1695,,,0.9849072694778442,0.03933656960725784,0.9824762344360352,0.09448496997356415,0.028412288054823875,0.02766362391412258
1695,1695,0.0175040103495121,,,,,,,
1696,1696,,,0.98233962059021,0.03919253870844841,0.9815330505371094,0.0949764996767044,0.02837546542286873,0.02766362391412258
1696,1696,0.017497068271040916,,,,,,,
1697,1697,,,0.9867287874221802,0.03948570787906647,0.9834544062614441,0.09368700534105301,0.028426554054021835,0.02766362391412258
1697,1697,0.017501115798950195,,,,,,,
1698,1698,,,0.9823666214942932,0.0391203910112381,0.9813703298568726,0.09527289122343063,0.028385506942868233,0.02766362391412258
1698,1698,0.017502734437584877,,,,,,,
1699,1699,,0.017494654282927513,,,,,,
1699,1699,,,0.9849075078964233,0.039365723729133606,0.9829167723655701,0.09385979920625687,0.02839580923318863,0.02766362391412258
1699,1699,0.017494654282927513,,,,,,,
1700,1700,,,0.984951913356781,0.03924715518951416,0.9824222326278687,0.09461431950330734,0.028417479246854782,0.02766362391412258
1700,1700,0.017484022304415703,,,,,,,
1701,1701,,,0.9826218485832214,0.039165835827589035,0.9818641543388367,0.09463730454444885,0.028372831642627716,0.02766362391412258
1701,1701,0.017479900270700455,,,,,,,
1702,1702,,,0.9862069487571716,0.03936053439974785,0.9831839799880981,0.0939638689160347,0.028425313532352448,0.02766362391412258
1702,1702,0.017480837181210518,,,,,,,
1703,1703,,,0.9829233288764954,0.03912511095404625,0.9816731810569763,0.09500997513532639,0.028388623148202896,0.02766362391412258
1703,1703,0.017479190602898598,,,,,,,
1704,1704,,,0.9846684336662292,0.03932460397481918,0.9828423261642456,0.09393075108528137,0.02839425951242447,0.02766362391412258
1704,1704,0.01747242733836174,,,,,,,
1705,1705,,,0.9849669337272644,0.03922957554459572,0.9823663234710693,0.09471609443426132,0.02842096798121929,0.02766362391412258
1705,1705,0.017465323209762573,,,,,,,
1706,1706,,,0.9828922152519226,0.039209432899951935,0.9820706844329834,0.09440077841281891,0.028370875865221024,0.02766362391412258
1706,1706,0.017462091520428658,,,,,,,
1707,1707,,,0.9857473373413086,0.039303816854953766,0.9829717874526978,0.09424398839473724,0.028427600860595703,0.02766362391412258
1707,1707,0.017461011186242104,,,,,,,
1708,1708,,,0.9832486510276794,0.03914564102888107,0.9819545745849609,0.0947575569152832,0.028389357030391693,0.02766362391412258
1708,1708,0.01745794154703617,,,,,,,
1709,1709,,,0.9844921231269836,0.03925938531756401,0.9827352166175842,0.09406139701604843,0.028395209461450577,0.02766362391412258
1709,1709,0.017452221363782883,,,,,,,
1710,1710,,,0.9848505258560181,0.03916824609041214,0.9824823141098022,0.09472054243087769,0.028424911201000214,0.02766362391412258
1710,1710,0.017446808516979218,,,,,,,
1711,1711,,,0.9831998348236084,0.03917180374264717,0.982319712638855,0.09426520019769669,0.02837659791111946,0.02766362391412258
1711,1711,0.01744372956454754,,,,,,,
1712,1712,,,0.9854204058647156,0.039207007735967636,0.9827900528907776,0.0944460928440094,0.02842792682349682,0.02766362391412258
1712,1712,0.017441628500819206,,,,,,,
1713,1713,,,0.9834772944450378,0.03913569450378418,0.9822797775268555,0.0945255309343338,0.028392167761921883,0.02766362391412258
1713,1713,0.017438150942325592,,,,,,,
1714,1714,,,0.9844539165496826,0.03920040279626846,0.9827146530151367,0.09423492848873138,0.028403623029589653,0.02766362391412258
1714,1714,0.01743311621248722,,,,,,,
1715,1715,,,0.9846678972244263,0.03915109485387802,0.9825376272201538,0.09461573511362076,0.02841954119503498,0.02766362391412258
1715,1715,0.01742834411561489,,,,,,,
1716,1716,,,0.9834640622138977,0.03915872424840927,0.9824945330619812,0.09423445910215378,0.028384774923324585,0.02766362391412258
1716,1716,0.017425063997507095,,,,,,,
1717,1717,,,0.9851735234260559,0.03915853798389435,0.9827654957771301,0.09454124420881271,0.028429824858903885,0.02766362391412258
1717,1717,0.017422446981072426,,,,,,,
1718,1718,,,0.9836204051971436,0.039126262068748474,0.9824775457382202,0.09434446692466736,0.028391651809215546,0.02766362391412258
1718,1718,0.017419015988707542,,,,,,,
1719,1719,,,0.9845255017280579,0.03913353011012077,0.9827076196670532,0.09440036863088608,0.028413180261850357,0.02766362391412258
1719,1719,0.017414530739188194,,,,,,,
1720,1720,,,0.9845234751701355,0.03911672532558441,0.9826717972755432,0.09446340054273605,0.02841515839099884,0.02766362391412258
1720,1720,0.017410025000572205,,,,,,,
1721,1721,,,0.9836857318878174,0.039107054471969604,0.9825788140296936,0.09430322051048279,0.028394199907779694,0.02766362391412258
1721,1721,0.01740640215575695,,,,,,,
1722,1722,,,0.9849775433540344,0.039110761135816574,0.9828180074691772,0.09453019499778748,0.028429459780454636,0.02766362391412258
1722,1722,0.01740335486829281,,,,,,,
1723,1723,,,0.9836927056312561,0.03910323604941368,0.9826194047927856,0.0942770317196846,0.028394505381584167,0.02766362391412258
1723,1723,0.017400017008185387,,,,,,,
1724,1724,,,0.9845406413078308,0.03909610956907272,0.9827519059181213,0.0945049375295639,0.028421053662896156,0.02766362391412258
1724,1724,0.01739598996937275,,,,,,,
1725,1725,,,0.9843756556510925,0.03911220282316208,0.9828299283981323,0.09432762861251831,0.028412820771336555,0.02766362391412258
1725,1725,0.017391735687851906,,,,,,,
1726,1726,,,0.9838983416557312,0.039084725081920624,0.9826370477676392,0.09441599249839783,0.028405023738741875,0.02766362391412258
1726,1726,0.017387868836522102,,,,,,,
1727,1727,,,0.9848178029060364,0.03910844773054123,0.9829137325286865,0.0944257527589798,0.028426118195056915,0.02766362391412258
1727,1727,0.017384443432092667,,,,,,,
1728,1728,,,0.9837984442710876,0.03908932954072952,0.9827162623405457,0.0943170115351677,0.028401870280504227,0.02766362391412258
1728,1728,0.017381027340888977,,,,,,,
1729,1729,,,0.9845790266990662,0.03908434137701988,0.9828198552131653,0.09450157731771469,0.02842409536242485,0.02766362391412258
1729,1729,0.01737726666033268,,,,,,,
1730,1730,,,0.9842426776885986,0.03909987956285477,0.9828850030899048,0.09426727890968323,0.028410471975803375,0.02766362391412258
1730,1730,0.017373263835906982,,,,,,,
1731,1731,,,0.9840736389160156,0.03906041011214256,0.9827274084091187,0.09449967741966248,0.028415221720933914,0.02766362391412258
1731,1731,0.017369354143738747,,,,,,,
1732,1732,,,0.9846508502960205,0.03909842297434807,0.983001172542572,0.09431047737598419,0.02842172048985958,0.02766362391412258
1732,1732,0.017365695908665657,,,,,,,
1733,1733,,,0.9838954210281372,0.039060693234205246,0.9827464818954468,0.09441205859184265,0.028409387916326523,0.02766362391412258
1733,1733,0.01736212894320488,,,,,,,
1734,1734,,,0.9846023917198181,0.03908189758658409,0.9829645156860352,0.09440991282463074,0.028425294905900955,0.02766362391412258
1734,1734,0.017358437180519104,,,,,,,
1735,1735,,,0.9841547012329102,0.03908412158489227,0.9829051494598389,0.09430156648159027,0.028412410989403725,0.02766362391412258
1735,1735,0.0173545740544796,,,,,,,
1736,1736,,,0.9842298626899719,0.039065249264240265,0.9828413724899292,0.09448037296533585,0.02842048555612564,0.02766362391412258
1736,1736,0.017350684851408005,,,,,,,
1737,1737,,,0.9845055937767029,0.03910473361611366,0.983060896396637,0.09425251930952072,0.028419649228453636,0.02766362391412258
1737,1737,0.01734691485762596,,,,,,,
1738,1738,,,0.9839847683906555,0.03906351327896118,0.9828040599822998,0.09446368366479874,0.028415637090802193,0.02766362391412258
1738,1738,0.017343247309327126,,,,,,,
1739,1739,,,0.9845707416534424,0.039102960377931595,0.9830899238586426,0.09428983181715012,0.028423618525266647,0.02766362391412258
1739,1739,0.017339549958705902,,,,,,,
1740,1740,,,0.9841027855873108,0.039077889174222946,0.9829124808311462,0.09437291324138641,0.02841627039015293,0.02766362391412258
1740,1740,0.01733575202524662,,,,,,,
1741,1741,,,0.9843416213989258,0.039085324853658676,0.9829979538917542,0.09436766803264618,0.028421897441148758,0.02766362391412258
1741,1741,0.017331881448626518,,,,,,,
1742,1742,,,0.9843823909759521,0.03909832984209061,0.9830799698829651,0.0942758098244667,0.028420617803931236,0.02766362391412258
1742,1742,0.017328031361103058,,,,,,,
1743,1743,,,0.9841055870056152,0.03907303884625435,0.9829237461090088,0.09441882371902466,0.0284193754196167,0.02766362391412258
1743,1743,0.01732427254319191,,,,,,,
1744,1744,,,0.9845143556594849,0.03911062330007553,0.9831592440605164,0.09423307329416275,0.02842286415398121,0.02766362391412258
1744,1744,0.0173205379396677,,,,,,,
1745,1745,,,0.9840907454490662,0.03907911852002144,0.9829616546630859,0.09440353512763977,0.028420012444257736,0.02766362391412258
1745,1745,0.017316779121756554,,,,,,,
1746,1746,,,0.9844075441360474,0.039110198616981506,0.9831429123878479,0.09425763785839081,0.028422556817531586,0.02766362391412258
1746,1746,0.017312949523329735,,,,,,,
1747,1747,,,0.9842693209648132,0.039099667221307755,0.9830710887908936,0.09433595836162567,0.028422599658370018,0.02766362391412258
1747,1747,0.017309078946709633,,,,,,,
1748,1748,,,0.9842133522033691,0.039104923605918884,0.9830877184867859,0.09431198984384537,0.028421442955732346,0.02766362391412258
1748,1748,0.017305228859186172,,,,,,,
1749,1749,,0.017301416024565697,,,,,,
1749,1749,,,0.9844357371330261,0.03912146016955376,0.983189582824707,0.09426550567150116,0.0284253042191267,0.02766362391412258
1749,1749,0.017301416024565697,,,,,,,
1750,1750,,,0.984123706817627,0.03910626843571663,0.9830639958381653,0.09434612840414047,0.02842153050005436,0.02766362391412258
1750,1750,0.017297623679041862,,,,,,,
1751,1751,,,0.9844387769699097,0.03913464397192001,0.983238935470581,0.09422829002141953,0.02842537872493267,0.02766362391412258
1751,1751,0.017293807119131088,,,,,,,
1752,1752,,,0.9841980338096619,0.039118170738220215,0.9831187725067139,0.09433868527412415,0.02842419221997261,0.02766362391412258
1752,1752,0.017289962619543076,,,,,,,
1753,1753,,,0.984304666519165,0.03913947194814682,0.983223021030426,0.0942290723323822,0.028423499315977097,0.02766362391412258
1753,1753,0.017286092042922974,,,,,,,
1754,1754,,,0.984343409538269,0.03913649171590805,0.9832102656364441,0.09430088847875595,0.028427384793758392,0.02766362391412258
1754,1754,0.01728222332894802,,,,,,,
1755,1755,,,0.9841814637184143,0.039143770933151245,0.9831997156143188,0.09424886852502823,0.028422482311725616,0.02766362391412258
1755,1755,0.017278367653489113,,,,,,,
1756,1756,,,0.9844159483909607,0.039155468344688416,0.9832829833030701,0.09425753355026245,0.028428778052330017,0.02766362391412258
1756,1756,0.0172745231539011,,,,,,,
1757,1757,,,0.9841755032539368,0.039154164493083954,0.98321533203125,0.09426404535770416,0.028423994779586792,0.02766362391412258
1757,1757,0.017270656302571297,,,,,,,
1758,1758,,,0.9843682646751404,0.0391717404127121,0.9833060503005981,0.09422601759433746,0.02842758409678936,0.02766362391412258
1758,1758,0.017266783863306046,,,,,,,
1759,1759,,,0.9842633008956909,0.039171431213617325,0.9832703471183777,0.09426289051771164,0.028427161276340485,0.02766362391412258
1759,1759,0.017262889072299004,,,,,,,
1760,1760,,,0.984263002872467,0.03918573260307312,0.9833083748817444,0.0942087471485138,0.028425762429833412,0.02766362391412258
1760,1760,0.017258988693356514,,,,,,,
1761,1761,,,0.9843549728393555,0.03919076919555664,0.9833279848098755,0.09424855560064316,0.02842973917722702,0.02766362391412258
1761,1761,0.01725509762763977,,,,,,,
1762,1762,,,0.9841970801353455,0.03919946029782295,0.9833193421363831,0.09419851750135422,0.028425078839063644,0.02766362391412258
1762,1762,0.01725120097398758,,,,,,,
1763,1763,,,0.9843786954879761,0.03920816257596016,0.9833716750144958,0.09422963112592697,0.028430815786123276,0.02766362391412258
1763,1763,0.017247306182980537,,,,,,,
1764,1764,,,0.9842145442962646,0.03921571373939514,0.9833511710166931,0.09418905526399612,0.028426121920347214,0.02766362391412258
1764,1764,0.01724339835345745,,,,,,,
1765,1765,,,0.9843305349349976,0.03922414779663086,0.9833906888961792,0.09420990198850632,0.028430109843611717,0.02766362391412258
1765,1765,0.01723947376012802,,,,,,,
1766,1766,,,0.984284520149231,0.03923463448882103,0.9834024906158447,0.09417957812547684,0.02842850051820278,0.02766362391412258
1766,1766,0.017235536128282547,,,,,,,
1767,1767,,,0.9842575192451477,0.039241109043359756,0.9834024310112,0.09418884664773941,0.028428789228200912,0.02766362391412258
1767,1767,0.017231609672307968,,,,,,,
1768,1768,,,0.984343409538269,0.03925453498959541,0.9834497570991516,0.09417137503623962,0.028430674225091934,0.02766362391412258
1768,1768,0.017227673903107643,,,,,,,
1769,1769,,,0.9842198491096497,0.03926060348749161,0.9834257960319519,0.0941648855805397,0.02842814102768898,0.02766362391412258
1769,1769,0.017223728820681572,,,,,,,
1770,1770,,,0.9843498468399048,0.039273083209991455,0.9834809899330139,0.09416568279266357,0.028431810438632965,0.02766362391412258
1770,1770,0.01721978560090065,,,,,,,
1771,1771,,,0.9842391014099121,0.03928176313638687,0.983468770980835,0.09413881599903107,0.028428753837943077,0.02766362391412258
1771,1771,0.017215823754668236,,,,,,,
1772,1772,,,0.9843125343322754,0.039290253072977066,0.9834937453269958,0.09415934234857559,0.02843170240521431,0.02766362391412258
1772,1772,0.01721186190843582,,,,,,,
1773,1773,,,0.984287679195404,0.0393037423491478,0.9835206270217896,0.09411514550447464,0.028430160135030746,0.02766362391412258
1773,1773,0.01720789074897766,,,,,,,
1774,1774,,,0.9842643141746521,0.039308108389377594,0.9835077524185181,0.094148650765419,0.028431303799152374,0.02766362391412258
1774,1774,0.017203915864229202,,,,,,,
1775,1775,,,0.9843248724937439,0.03932538256049156,0.9835635423660278,0.094096839427948,0.028431378304958344,0.02766362391412258
1775,1775,0.017199933528900146,,,,,,,
1776,1776,,,0.9842406511306763,0.03932822868227959,0.9835326075553894,0.09413117915391922,0.02843121998012066,0.02766362391412258
1776,1776,0.017195943742990494,,,,,,,
1777,1777,,,0.98432856798172,0.03934605419635773,0.9835956692695618,0.0940849632024765,0.02843218296766281,0.02766362391412258
1777,1777,0.017191946506500244,,,,,,,
1778,1778,,,0.984251856803894,0.03935103118419647,0.9835705757141113,0.0941070094704628,0.02843165397644043,0.02766362391412258
1778,1778,0.017187949270009995,,,,,,,
1779,1779,,,0.9843043684959412,0.039366185665130615,0.9836145639419556,0.09407761693000793,0.028432417660951614,0.02766362391412258
1779,1779,0.01718393713235855,,,,,,,
1780,1780,,,0.9842833280563354,0.039375487715005875,0.9836177229881287,0.09408053755760193,0.02843254804611206,0.02766362391412258
1780,1780,0.01717992313206196,,,,,,,
1781,1781,,,0.9842720031738281,0.03938674181699753,0.9836304783821106,0.09407051652669907,0.028432456776499748,0.02766362391412258
1781,1781,0.017175894230604172,,,,,,,
1782,1782,,,0.9843100905418396,0.03939995542168617,0.9836617112159729,0.0940554216504097,0.028433337807655334,0.02766362391412258
1782,1782,0.017171867191791534,,,,,,,
1783,1783,,,0.9842522740364075,0.03940799459815025,0.9836521148681641,0.09406070411205292,0.028432711958885193,0.02766362391412258
1783,1783,0.017167827114462852,,,,,,,
1784,1784,,,0.9843155145645142,0.039423443377017975,0.983698308467865,0.09403423219919205,0.02843383513391018,0.02766362391412258
1784,1784,0.017163792625069618,,,,,,,
1785,1785,,,0.9842556715011597,0.03943069279193878,0.9836829900741577,0.09404652565717697,0.028433337807655334,0.02766362391412258
1785,1785,0.017159750685095787,,,,,,,
1786,1786,,,0.9843019247055054,0.03944636136293411,0.9837247729301453,0.09401629865169525,0.028433900326490402,0.02766362391412258
1786,1786,0.017155682668089867,,,,,,,
1787,1787,,,0.9842750430107117,0.039455074816942215,0.9837217926979065,0.09402912855148315,0.02843427285552025,0.02766362391412258
1787,1787,0.017151622101664543,,,,,,,
1788,1788,,,0.9842795133590698,0.03946993499994278,0.9837473630905151,0.09399998933076859,0.02843381091952324,0.02766362391412258
1788,1788,0.017147552222013474,,,,,,,
1789,1789,,,0.9842950105667114,0.03948063403367996,0.9837597012519836,0.0940103605389595,0.028435105457901955,0.02766362391412258
1789,1789,0.017143473029136658,,,,,,,
1790,1790,,,0.9842613935470581,0.03949446231126785,0.983773410320282,0.09398333728313446,0.028433892875909805,0.02766362391412258
1790,1790,0.017139393836259842,,,,,,,
1791,1791,,,0.984303891658783,0.039506059139966965,0.9837946891784668,0.09399233013391495,0.028435751795768738,0.02766362391412258
1791,1791,0.017135297879576683,,,,,,,
1792,1792,,,0.9842564463615417,0.03951927274465561,0.9838024377822876,0.09396464377641678,0.028434112668037415,0.02766362391412258
1792,1792,0.017131200060248375,,,,,,,
1793,1793,,,0.984300434589386,0.03953062370419502,0.9838254451751709,0.09397564083337784,0.028436172753572464,0.02766362391412258
1793,1793,0.017127102240920067,,,,,,,
1794,1794,,,0.9842627048492432,0.03954479098320007,0.9838374853134155,0.09394432604312897,0.02843460813164711,0.02766362391412258
1794,1794,0.017122983932495117,,,,,,,
1795,1795,,,0.9842893481254578,0.03955543041229248,0.9838505983352661,0.09395977109670639,0.0284363254904747,0.02766362391412258
1795,1795,0.017118865624070168,,,,,,,
1796,1796,,,0.9842743873596191,0.039571404457092285,0.9838740825653076,0.09392278641462326,0.028435152024030685,0.02766362391412258
1796,1796,0.017114736139774323,,,,,,,
1797,1797,,,0.9842745661735535,0.03958115726709366,0.9838764071464539,0.09394428133964539,0.02843650057911873,0.02766362391412258
1797,1797,0.017110606655478477,,,,,,,
1798,1798,,,0.9842844009399414,0.03959904983639717,0.9839092493057251,0.0939006581902504,0.028435591608285904,0.02766362391412258
1798,1798,0.01710645481944084,,,,,,,
1799,1799,,0.01710231602191925,,,,,,
1799,1799,,,0.9842647910118103,0.039607830345630646,0.9839028120040894,0.09392852336168289,0.028436735272407532,0.02766362391412258
1799,1799,0.01710231602191925,,,,,,,
1800,1800,,,0.984287440776825,0.039627060294151306,0.9839443564414978,0.09387808293104172,0.02843593806028366,0.02766362391412258
1800,1800,0.017098162323236465,,,,,,,
1801,1801,,,0.9842627048492432,0.039635077118873596,0.9839310050010681,0.09391327202320099,0.02843715250492096,0.02766362391412258
1801,1801,0.017094001173973083,,,,,,,
1802,1802,,,0.9842842817306519,0.03965537250041962,0.9839758276939392,0.09385450184345245,0.02843601629137993,0.02766362391412258
1802,1802,0.017089834436774254,,,,,,,
1803,1803,,,0.9842667579650879,0.039662644267082214,0.9839621782302856,0.0938989594578743,0.02843780443072319,0.02766362391412258
1803,1803,0.017085658386349678,,,,,,,
1804,1804,,,0.9842743277549744,0.039683956652879715,0.9840059876441956,0.09382904320955276,0.02843586914241314,0.02766362391412258
1804,1804,0.017081471160054207,,,,,,,
1805,1805,,,0.9842750430107117,0.03969031572341919,0.9839930534362793,0.09388715773820877,0.02843862771987915,0.02766362391412258
1805,1805,0.017077278345823288,,,,,,,
1806,1806,,,0.9842619895935059,0.03971336409449577,0.9840368628501892,0.0937994047999382,0.02843550033867359,0.02766362391412258
1806,1806,0.017073078081011772,,,,,,,
1807,1807,,,0.9842828512191772,0.03971801698207855,0.9840235114097595,0.0938803181052208,0.028439708054065704,0.02766362391412258
1807,1807,0.017068875953555107,,,,,,,
1808,1808,,,0.9842524528503418,0.039744168519973755,0.9840694665908813,0.09376304596662521,0.02843485400080681,0.02766362391412258
1808,1808,0.01706465147435665,,,,,,,
1809,1809,,,0.9842885732650757,0.03974538296461105,0.9840481877326965,0.09388106316328049,0.028440948575735092,0.02766362391412258
1809,1809,0.01706044375896454,,,,,,,
1810,1810,,,0.9842448830604553,0.03977687284350395,0.9841093420982361,0.09371685236692429,0.028433991596102715,0.02766362391412258
1810,1810,0.017056217417120934,,,,,,,
1811,1811,,,0.9842921495437622,0.03977185860276222,0.9840659499168396,0.09389416873455048,0.028442569077014923,0.02766362391412258
1811,1811,0.01705198921263218,,,,,,,
1812,1812,,,0.9842385649681091,0.0398121252655983,0.984154224395752,0.09365455061197281,0.0284324549138546,0.02766362391412258
1812,1812,0.017047762870788574,,,,,,,
1813,1813,,,0.9842961430549622,0.039796773344278336,0.9840794205665588,0.09392795711755753,0.028445176780223846,0.02766362391412258
1813,1813,0.017043527215719223,,,,,,,
1814,1814,,,0.9842292070388794,0.03985049948096275,0.9842072129249573,0.09356597065925598,0.028429768979549408,0.02766362391412258
1814,1814,0.017039291560649872,,,,,,,
1815,1815,,,0.9843044877052307,0.039817944169044495,0.98408043384552,0.09399605542421341,0.028449218720197678,0.02766362391412258
1815,1815,0.01703507825732231,,,,,,,
1816,1816,,,0.9842132329940796,0.03989395126700401,0.9842756390571594,0.09343373775482178,0.028425250202417374,0.02766362391412258
1816,1816,0.0170308705419302,,,,,,,
1817,1817,,,0.9843213558197021,0.03983338549733162,0.9840638637542725,0.09412327408790588,0.02845592051744461,0.02766362391412258
1817,1817,0.01702670380473137,,,,,,,
1818,1818,,,0.9841859936714172,0.03994603082537651,0.9843667149543762,0.0932273119688034,0.028417468070983887,0.02766362391412258
1818,1818,0.01702260784804821,,,,,,,
1819,1819,,,0.9843560457229614,0.03983854874968529,0.9840155839920044,0.09435530751943588,0.028467360883951187,0.02766362391412258
1819,1819,0.017018625512719154,,,,,,,
1820,1820,,,0.9841331839561462,0.04001317545771599,0.9844985604286194,0.09289375692605972,0.028404157608747482,0.02766362391412258
1820,1820,0.01701485738158226,,,,,,,
1821,1821,,,0.9844242930412292,0.039825208485126495,0.9839166402816772,0.09477856010198593,0.02848781645298004,0.02766362391412258
1821,1821,0.017011452466249466,,,,,,,
1822,1822,,,0.9840368628501892,0.040106453001499176,0.9846979379653931,0.09234294295310974,0.02838139235973358,0.02766362391412258
1822,1822,0.017008665949106216,,,,,,,
1823,1823,,,0.9845520257949829,0.039778485894203186,0.9837269186973572,0.09555832296609879,0.02852541208267212,0.02766362391412258
1823,1823,0.017007000744342804,,,,,,,
1824,1824,,,0.9838626384735107,0.04024582356214523,0.9850232005119324,0.09143192321062088,0.028343766927719116,0.02766362391412258
1824,1824,0.017007257789373398,,,,,,,
1825,1825,,,0.9847885966300964,0.03967177867889404,0.9833749532699585,0.0970209389925003,0.02859700843691826,0.02766362391412258
1825,1825,0.01701096072793007,,,,,,,
1826,1826,,,0.983547031879425,0.040466148406267166,0.985569953918457,0.08998064696788788,0.028285743668675423,0.02766362391412258
1826,1826,0.017020657658576965,,,,,,,
1827,1827,,,0.9852315783500671,0.03946211189031601,0.982751190662384,0.09979015588760376,0.028737865388393402,0.02766362391412258
1827,1827,0.017040923237800598,,,,,,,
1828,1828,,,0.9829685688018799,0.04081735387444496,0.9864852428436279,0.08795958757400513,0.028212547302246094,0.02766362391412258
1828,1828,0.017079077661037445,,,,,,,
1829,1829,,,0.9860664010047913,0.039103683084249496,0.9817314147949219,0.10479491949081421,0.029009196907281876,0.02766362391412258
1829,1829,0.017146818339824677,,,,,,,
1830,1830,,,0.9819125533103943,0.04131574183702469,0.9878880977630615,0.08609787374734879,0.02816714346408844,0.02766362391412258
1830,1830,0.017257872968912125,,,,,,,
1831,1831,,,0.98757004737854,0.03865645453333855,0.9804531931877136,0.11181757599115372,0.02942528761923313,0.02766362391412258
1831,1831,0.01742403395473957,,,,,,,
1832,1832,,,0.9800937175750732,0.04172365367412567,0.989326536655426,0.08582546561956406,0.028199452906847,0.02766362391412258
1832,1832,0.017627526074647903,,,,,,,
1833,1833,,,0.9898551106452942,0.038557495921850204,0.9802084565162659,0.11456605792045593,0.0296233631670475,0.02766362391412258
1833,1833,0.017807217314839363,,,,,,,
1834,1834,,,0.9775315523147583,0.041370172053575516,0.9885567426681519,0.08658228814601898,0.028180520981550217,0.02766362391412258
1834,1834,0.017834583297371864,,,,,,,
1835,1835,,,0.9922822117805481,0.0394459068775177,0.9836863875389099,0.10407864302396774,0.02910747565329075,0.02766362391412258
1835,1835,0.017652571201324463,,,,,,,
1836,1836,,,0.9756236672401428,0.04018685221672058,0.9830665588378906,0.09193041920661926,0.028210369870066643,0.02766362391412258
1836,1836,0.017338091507554054,,,,,,,
1837,1837,,,0.9932776093482971,0.04094301164150238,0.9901090860366821,0.09028711169958115,0.02859095111489296,0.02766362391412258
1837,1837,0.017118362709879875,,,,,,,
1838,1838,,,0.9767937064170837,0.039324283599853516,0.9772226214408875,0.10257744044065475,0.028592269867658615,0.02766362391412258
1838,1838,0.017107844352722168,,,,,,,
1839,1839,,,0.9901588559150696,0.041705936193466187,0.9918558597564697,0.08634749799966812,0.028430020436644554,0.02766362391412258
1839,1839,0.01721937395632267,,,,,,,
1840,1840,,,0.9821147322654724,0.03955818712711334,0.9790048599243164,0.10355864465236664,0.028779497370123863,0.02766362391412258
1840,1840,0.017264606431126595,,,,,,,
1841,1841,,,0.9825297594070435,0.04101325571537018,0.9857879877090454,0.0895610898733139,0.028264706954360008,0.02766362391412258
1841,1841,0.01716304011642933,,,,,,,
1842,1842,,,0.9897667765617371,0.04060863330960274,0.9865216016769409,0.09418705105781555,0.02861875668168068,0.02766362391412258
1842,1842,0.017011431977152824,,,,,,,
1843,1843,,,0.9763042330741882,0.039835553616285324,0.9790785312652588,0.09792263805866241,0.028387483209371567,0.02766362391412258
1843,1843,0.01696794293820858,,,,,,,
1844,1844,,,0.993567168712616,0.041359055787324905,0.9913796186447144,0.0886118933558464,0.028559714555740356,0.02766362391412258
1844,1844,0.017055034637451172,,,,,,,
1845,1845,,,0.9765922427177429,0.03957726061344147,0.9781656861305237,0.10069163143634796,0.028515981510281563,0.02766362391412258
1845,1845,0.017144054174423218,,,,,,,
1846,1846,,,0.9895989894866943,0.04109925404191017,0.9886301159858704,0.09009021520614624,0.02848227135837078,0.02766362391412258
1846,1846,0.017116092145442963,,,,,,,
1847,1847,,,0.9823855757713318,0.04047493264079094,0.9837462902069092,0.09426763653755188,0.028434444218873978,0.02766362391412258
1847,1847,0.01699131354689598,,,,,,,
1848,1848,,,0.982516348361969,0.040354955941438675,0.9822746515274048,0.09639885276556015,0.028494544327259064,0.02766362391412258
1848,1848,0.01690022461116314,,,,,,,
1849,1849,,0.01691567152738571,,,,,,
1849,1849,,,0.9883949756622314,0.041402410715818405,0.9884517788887024,0.08935382962226868,0.028424471616744995,0.02766362391412258
1849,1849,0.01691567152738571,,,,,,,
1850,1850,,,0.9788773059844971,0.04012057185173035,0.9801136255264282,0.09897307306528091,0.02851882018148899,0.02766362391412258
1850,1850,0.01698197051882744,,,,,,,
1851,1851,,,0.9895981550216675,0.04131797328591347,0.987920880317688,0.09042562544345856,0.02847064658999443,0.02766362391412258
1851,1851,0.017002562060952187,,,,,,,
1852,1852,,,0.9803210496902466,0.040615685284137726,0.9825168251991272,0.094028539955616,0.028349358588457108,0.02766362391412258
1852,1852,0.016954276710748672,,,,,,,
1853,1853,,,0.9864968657493591,0.04057830944657326,0.9845463037490845,0.09573175758123398,0.028591372072696686,0.02766362391412258
1853,1853,0.01690020225942135,,,,,,,
1854,1854,,,0.9837556481361389,0.041177283972501755,0.9860190153121948,0.08967265486717224,0.028292663395404816,0.02766362391412258
1854,1854,0.016894986853003502,,,,,,,
1855,1855,,,0.983451247215271,0.040213339030742645,0.9822967648506165,0.09817636013031006,0.028607919812202454,0.02766362391412258
1855,1855,0.016921650618314743,,,,,,,
1856,1856,,,0.9856261014938354,0.041123732924461365,0.9867770075798035,0.09014523774385452,0.02836819738149643,0.02766362391412258
1856,1856,0.016926633194088936,,,,,,,
1857,1857,,,0.9827948808670044,0.04057417809963226,0.9835500121116638,0.09429920464754105,0.028431961312890053,0.02766362391412258
1857,1857,0.016893060877919197,,,,,,,
1858,1858,,,0.9853781461715698,0.040656957775354385,0.9847131371498108,0.09434682130813599,0.02850903384387493,0.02766362391412258
1858,1858,0.016856344416737556,,,,,,,
1859,1859,,,0.9835687279701233,0.04111732915043831,0.9857210516929626,0.09032238274812698,0.02831311896443367,0.02766362391412258
1859,1859,0.016852255910634995,,,,,,,
1860,1860,,,0.9848001003265381,0.040463678538799286,0.9834746718406677,0.09702245891094208,0.028604021295905113,0.02766362391412258
1860,1860,0.016873396933078766,,,,,,,
1861,1861,,,0.9835772514343262,0.04118877276778221,0.9858653545379639,0.09019815921783447,0.028312884271144867,0.02766362391412258
1861,1861,0.016884401440620422,,,,,,,
1862,1862,,,0.9853329062461853,0.040734488517045975,0.984440267086029,0.09469358623027802,0.02851688116788864,0.02766362391412258
1862,1862,0.016867727041244507,,,,,,,
1863,1863,,,0.9827075004577637,0.040815722197294235,0.9841892123222351,0.093128502368927,0.02839328721165657,0.02766362391412258
1863,1863,0.01684003695845604,,,,,,,
1864,1864,,,0.9859523177146912,0.04107815399765968,0.9862674474716187,0.09140848368406296,0.028418242931365967,0.02766362391412258
1864,1864,0.016826674342155457,,,,,,,
1865,1865,,,0.982754111289978,0.04054126515984535,0.9830390214920044,0.09552551805973053,0.02847965806722641,0.02766362391412258
1865,1865,0.016830962151288986,,,,,,,
1866,1866,,,0.9849753379821777,0.04108911007642746,0.986308217048645,0.09086934477090836,0.028381284326314926,0.02766362391412258
1866,1866,0.016835695132613182,,,,,,,
1867,1867,,,0.9843941926956177,0.040671829134225845,0.9843390583992004,0.09452689439058304,0.02849404513835907,0.02766362391412258
1867,1867,0.016827641054987907,,,,,,,
1868,1868,,,0.98288494348526,0.040819037705659866,0.9843741059303284,0.09278018772602081,0.028383394703269005,0.02766362391412258
1868,1868,0.016812270507216454,,,,,,,
1869,1869,,,0.9863145351409912,0.04098423570394516,0.9862601161003113,0.09222229570150375,0.028466016054153442,0.02766362391412258
1869,1869,0.016803205013275146,,,,,,,
1870,1870,,,0.9816887378692627,0.04063885286450386,0.9831059575080872,0.09456996619701385,0.028418194502592087,0.02766362391412258
1870,1870,0.016804421320557594,,,,,,,
1871,1871,,,0.9865341782569885,0.04110416769981384,0.9865590929985046,0.09155075252056122,0.02844417095184326,0.02766362391412258
1871,1871,0.01680709980428219,,,,,,,
1872,1872,,,0.9824206233024597,0.040741950273513794,0.9836679100990295,0.0940362885594368,0.02841915749013424,0.02766362391412258
1872,1872,0.01680186577141285,,,,,,,
1873,1873,,,0.9849815368652344,0.04094364866614342,0.985323965549469,0.09280124306678772,0.028445392847061157,0.02766362391412258
1873,1873,0.01678960956633091,,,,,,,
1874,1874,,,0.9841228723526001,0.04096541553735733,0.9852223992347717,0.09229404479265213,0.02840479277074337,0.02766362391412258
1874,1874,0.016778631135821342,,,,,,,
1875,1875,,,0.9834288358688354,0.0407356321811676,0.9840534329414368,0.09419957548379898,0.028454359620809555,0.02766362391412258
1875,1875,0.016774270683526993,,,,,,,
1876,1876,,,0.985211193561554,0.04104839637875557,0.9860019087791443,0.09157752990722656,0.028409093618392944,0.02766362391412258
1876,1876,0.016773855313658714,,,,,,,
1877,1877,,,0.9829679131507874,0.04072790592908859,0.9840869307518005,0.09394914656877518,0.02843727357685566,0.02766362391412258
1877,1877,0.016771303489804268,,,,,,,
1878,1878,,,0.9851197600364685,0.040945038199424744,0.985535204410553,0.09245247393846512,0.028436318039894104,0.02766362391412258
1878,1878,0.01676446571946144,,,,,,,
1879,1879,,,0.9833572506904602,0.04090210422873497,0.9848573803901672,0.09251051396131516,0.028393790125846863,0.02766362391412258
1879,1879,0.016756460070610046,,,,,,,
1880,1880,,,0.9845547080039978,0.040813595056533813,0.9849114418029785,0.09378977119922638,0.02847879007458687,0.02766362391412258
1880,1880,0.016751164570450783,,,,,,,
1881,1881,,,0.98378986120224,0.04103709012269974,0.9853355288505554,0.09160280227661133,0.028368495404720306,0.02766362391412258
1881,1881,0.016748756170272827,,,,,,,
1882,1882,,,0.9843806028366089,0.04079868644475937,0.9847692251205444,0.09403564035892487,0.02848491072654724,0.02766362391412258
1882,1882,0.01674618013203144,,,,,,,
1883,1883,,,0.9837766885757446,0.041003208607435226,0.9852088689804077,0.09197018295526505,0.028383128345012665,0.02766362391412258
1883,1883,0.016740994527935982,,,,,,,
1884,1884,,,0.9845829010009766,0.04090457782149315,0.9851750135421753,0.09307833015918732,0.02845064178109169,0.02766362391412258
1884,1884,0.016733838245272636,,,,,,,
1885,1885,,,0.9835353493690491,0.04088563472032547,0.9847304821014404,0.09300963580608368,0.028417831286787987,0.02766362391412258
1885,1885,0.016727164387702942,,,,,,,
1886,1886,,,0.984688401222229,0.041013963520526886,0.985598623752594,0.09212632477283478,0.028417104855179787,0.02766362391412258
1886,1886,0.016722481697797775,,,,,,,
1887,1887,,,0.983565092086792,0.04083891585469246,0.9846106767654419,0.09356828033924103,0.02844420075416565,0.02766362391412258
1887,1887,0.01671897992491722,,,,,,,
1888,1888,,,0.9844018220901489,0.041030630469322205,0.9855190515518188,0.09203968197107315,0.02840624749660492,0.02766362391412258
1888,1888,0.016714930534362793,,,,,,,
1889,1889,,,0.9840613603591919,0.04091576859354973,0.9849919676780701,0.09318922460079193,0.02844415232539177,0.02766362391412258
1889,1889,0.016709575429558754,,,,,,,
1890,1890,,,0.98378586769104,0.04098125547170639,0.985098123550415,0.09265351295471191,0.02841637283563614,0.02766362391412258
1890,1890,0.01670370064675808,,,,,,,
1891,1891,,,0.9846730828285217,0.04104049503803253,0.9855279326438904,0.09249356389045715,0.028434423729777336,0.02766362391412258
1891,1891,0.016698507592082024,,,,,,,
1892,1892,,,0.9832774996757507,0.04094935581088066,0.9846836924552917,0.09318500757217407,0.028423452749848366,0.02766362391412258
1892,1892,0.0166943296790123,,,,,,,
1893,1893,,,0.9849438071250916,0.04110138863325119,0.9858079552650452,0.09224500507116318,0.028435369953513145,0.02766362391412258
1893,1893,0.016690460965037346,,,,,,,
1894,1894,,,0.9832260012626648,0.04097757115960121,0.9846685528755188,0.09308668971061707,0.02841690182685852,0.02766362391412258
1894,1894,0.016686029732227325,,,,,,,
1895,1895,,,0.984778642654419,0.04107275605201721,0.9856081008911133,0.09258216619491577,0.028443902730941772,0.02766362391412258
1895,1895,0.016680845990777016,,,,,,,
1896,1896,,,0.9835278391838074,0.04105067998170853,0.9850245118141174,0.09255291521549225,0.028405413031578064,0.02766362391412258
1896,1896,0.01667543686926365,,,,,,,
1897,1897,,,0.9844264984130859,0.04102785885334015,0.9852882027626038,0.09307464957237244,0.028454240411520004,0.02766362391412258
1897,1897,0.01667042449116707,,,,,,,
1898,1898,,,0.9838070273399353,0.04111987724900246,0.9853198528289795,0.09214506298303604,0.028398260474205017,0.02766362391412258
1898,1898,0.016665885224938393,,,,,,,
1899,1899,,0.016661467030644417,,,,,,
1899,1899,,,0.9842531681060791,0.041036367416381836,0.9852002263069153,0.09321612119674683,0.028456799685955048,0.02766362391412258
1899,1899,0.016661467030644417,,,,,,,
1900,1900,,,0.9838122725486755,0.04114776849746704,0.9853501915931702,0.09217370301485062,0.028401292860507965,0.02766362391412258
1900,1900,0.016656722873449326,,,,,,,
1901,1901,,,0.9843670725822449,0.04110186919569969,0.9853805899620056,0.09291331470012665,0.028448862954974174,0.02766362391412258
1901,1901,0.016651615500450134,,,,,,,
1902,1902,,,0.9836211204528809,0.04114168509840965,0.9851635098457336,0.09250493347644806,0.028409885242581367,0.02766362391412258
1902,1902,0.016646403819322586,,,,,,,
1903,1903,,,0.9845517873764038,0.041180845350027084,0.9856532216072083,0.09249380230903625,0.028439149260520935,0.02766362391412258
1903,1903,0.016641391441226006,,,,,,,
1904,1904,,,0.9834722876548767,0.041139718145132065,0.9850218296051025,0.09277432411909103,0.028417427092790604,0.02766362391412258
1904,1904,0.01663665659725666,,,,,,,
1905,1905,,,0.9845988154411316,0.04122817516326904,0.9857397079467773,0.09230684489011765,0.02843305841088295,0.02766362391412258
1905,1905,0.01663201116025448,,,,,,,
1906,1906,,,0.9835093021392822,0.04116944223642349,0.9850916266441345,0.09273910522460938,0.028418902307748795,0.02766362391412258
1906,1906,0.016627227887511253,,,,,,,
1907,1907,,,0.9844792485237122,0.041238099336624146,0.98564213514328,0.0924309641122818,0.02843468263745308,0.02766362391412258
1907,1907,0.016622241586446762,,,,,,,
1908,1908,,,0.9836638569831848,0.04122857749462128,0.985260546207428,0.09246493875980377,0.028412513434886932,0.02766362391412258
1908,1908,0.016617178916931152,,,,,,,
1909,1909,,,0.9843206405639648,0.041240233927965164,0.9855256080627441,0.09268027544021606,0.02844209223985672,0.02766362391412258
1909,1909,0.01661219634115696,,,,,,,
1910,1910,,,0.9837581515312195,0.041293129324913025,0.985401451587677,0.0922011137008667,0.028404993936419487,0.02766362391412258
1910,1910,0.016607357189059258,,,,,,,
1911,1911,,,0.9842837452888489,0.041263382881879807,0.9855008125305176,0.09281077235937119,0.02844804711639881,0.02766362391412258
1911,1911,0.016602611169219017,,,,,,,
1912,1912,,,0.9837011098861694,0.041338756680488586,0.9854114651679993,0.09212522208690643,0.028400827199220657,0.02766362391412258
1912,1912,0.016597816720604897,,,,,,,
1913,1913,,,0.9844145178794861,0.04131380468606949,0.9856196045875549,0.09273270517587662,0.02845017984509468,0.02766362391412258
1913,1913,0.016592949628829956,,,,,,,
1914,1914,,,0.9834986329078674,0.041363175958395004,0.9852985739707947,0.09222020208835602,0.028399435803294182,0.02766362391412258
1914,1914,0.016588028520345688,,,,,,,
1915,1915,,,0.9846585988998413,0.04137728735804558,0.9858064651489258,0.0925513282418251,0.02845058962702751,0.02766362391412258
1915,1915,0.016583144664764404,,,,,,,
1916,1916,,,0.983207106590271,0.04138334468007088,0.9851583242416382,0.0923306792974472,0.028396889567375183,0.02766362391412258
1916,1916,0.016578365117311478,,,,,,,
1917,1917,,,0.9849539995193481,0.04143332690000534,0.9859988689422607,0.0924425721168518,0.02845575660467148,0.02766362391412258
1917,1917,0.016573723405599594,,,,,,,
1918,1918,,,0.98288494348526,0.04141536355018616,0.9850190281867981,0.09230535477399826,0.028386591002345085,0.02766362391412258
1918,1918,0.016569199040532112,,,,,,,
1919,1919,,,0.9852995872497559,0.0414721854031086,0.9861853718757629,0.09251036494970322,0.028470922261476517,0.02766362391412258
1919,1919,0.016564805060625076,,,,,,,
1920,1920,,,0.9824912548065186,0.04146508499979973,0.9848838448524475,0.09210576117038727,0.02836618572473526,0.02766362391412258
1920,1920,0.016560638323426247,,,,,,,
1921,1921,,,0.9857786297798157,0.04150066897273064,0.9863979816436768,0.0927446186542511,0.028497720137238503,0.02766362391412258
1921,1921,0.016556840389966965,,,,,,,
1922,1922,,,0.9818845391273499,0.04152479022741318,0.9846797585487366,0.091794453561306,0.028334712609648705,0.02766362391412258
1922,1922,0.016553707420825958,,,,,,,
1923,1923,,,0.9865732192993164,0.04152926802635193,0.9867621660232544,0.09308717399835587,0.028540104627609253,0.02766362391412258
1923,1923,0.01655159518122673,,,,,,,
1924,1924,,,0.9808537364006042,0.04157979413866997,0.9842724800109863,0.09144727885723114,0.02828863263130188,0.02766362391412258
1924,1924,0.016551107168197632,,,,,,,
1925,1925,,,0.9879660606384277,0.04156374931335449,0.9874216318130493,0.09353295713663101,0.028606737032532692,0.02766362391412258
1925,1925,0.016553165391087532,,,,,,,
1926,1926,,,0.9791067242622375,0.04162348061800003,0.9835236072540283,0.09108351171016693,0.028220366686582565,0.02766362391412258
1926,1926,0.01655929908156395,,,,,,,
1927,1927,,,0.9903355240821838,0.041603222489356995,0.9885664582252502,0.09422260522842407,0.02871747873723507,0.02766362391412258
1927,1927,0.016571933403611183,,,,,,,
1928,1928,,,0.9762770533561707,0.041659437119960785,0.9822663068771362,0.09067443758249283,0.028117893263697624,0.02766362391412258
1928,1928,0.016595158725976944,,,,,,,
1929,1929,,,0.9941982626914978,0.04163746163249016,0.9904533624649048,0.09550871700048447,0.028908953070640564,0.02766362391412258
1929,1929,0.016634954139590263,,,,,,,
1930,1930,,,0.9720009565353394,0.04169677197933197,0.980380117893219,0.0902702659368515,0.02797565795481205,0.02766362391412258
1930,1930,0.0167011059820652,,,,,,,
1931,1931,,,1.000035047531128,0.04164401814341545,0.9932990670204163,0.09795840084552765,0.029230136424303055,0.02766362391412258
1931,1931,0.016805194318294525,,,,,,,
1932,1932,,,0.9664301872253418,0.041744034737348557,0.9780173897743225,0.09018311649560928,0.02781883254647255,0.02766362391412258
1932,1932,0.016963282600045204,,,,,,,
1933,1933,,,1.0070066452026367,0.041585102677345276,0.9966825246810913,0.10187012702226639,0.029678676277399063,0.02766362391412258
1933,1933,0.017179006710648537,,,,,,,
1934,1934,,,0.961797833442688,0.04180644080042839,0.9762294888496399,0.09062759578227997,0.027724578976631165,0.02766362391412258
1934,1934,0.01744149625301361,,,,,,,
1935,1935,,,1.0098133087158203,0.04144429415464401,0.9978407621383667,0.10512483865022659,0.029958371073007584,0.02766362391412258
1935,1935,0.017670338973402977,,,,,,,
1936,1936,,,0.9636408686637878,0.04188432916998863,0.9773157835006714,0.09017328172922134,0.027763254940509796,0.02766362391412258
1936,1936,0.01775304041802883,,,,,,,
1937,1937,,,1.000482439994812,0.04138686880469322,0.9927710890769958,0.10233025252819061,0.029474342241883278,0.02766362391412258
1937,1937,0.017557786777615547,,,,,,,
1938,1938,,,0.9757410883903503,0.04201618954539299,0.9826938509941101,0.08917443454265594,0.02805119752883911,0.02766362391412258
1938,1938,0.01712682843208313,,,,,,,
1939,1939,,,0.9831606149673462,0.04172075167298317,0.9845794439315796,0.09464363008737564,0.0285029336810112,0.02766362391412258
1939,1939,0.016680734232068062,,,,,,,
1940,1940,,,0.9913464784622192,0.04215842857956886,0.9892861247062683,0.09389295428991318,0.02874123305082321,0.02766362391412258
1940,1940,0.01647273078560829,,,,,,,
1941,1941,,,0.9716314673423767,0.04226621240377426,0.9802002310752869,0.09029808640480042,0.02796797640621662,0.02766362391412258
1941,1941,0.016565941274166107,,,,,,,
1942,1942,,,0.9983695149421692,0.04200134053826332,0.9916706681251526,0.10015416890382767,0.029276007786393166,0.02766362391412258
1942,1942,0.016801366582512856,,,,,,,
1943,1943,,,0.9720249772071838,0.042420145124197006,0.9806148409843445,0.08856102079153061,0.027896305546164513,0.02766362391412258
1943,1943,0.016948603093624115,,,,,,,
1944,1944,,,0.9920003414154053,0.04164602980017662,0.9885508418083191,0.0985647439956665,0.028984714299440384,0.02766362391412258
1944,1944,0.016878880560398102,,,,,,,
1945,1945,,,0.9815715551376343,0.04213379696011543,0.9846228957176208,0.08896367996931076,0.028177306056022644,0.02766362391412258
1945,1945,0.016658011823892593,,,,,,,
1946,1946,,,0.9801172018051147,0.041696589440107346,0.9837767481803894,0.09232492744922638,0.028309445828199387,0.02766362391412258
1946,1946,0.01647397130727768,,,,,,,
1947,1947,,,0.9912107586860657,0.04184562712907791,0.9890666604042053,0.094484843313694,0.02876300923526287,0.02766362391412258
1947,1947,0.01645299792289734,,,,,,,
1948,1948,,,0.9742397665977478,0.042181529104709625,0.9818170666694641,0.08865586668252945,0.027972504496574402,0.02766362391412258
1948,1948,0.016559680923819542,,,,,,,
1949,1949,,0.016657110303640366,,,,,,
1949,1949,,,0.9925287365913391,0.04178142920136452,0.9897439479827881,0.09777534008026123,0.028994951397180557,0.02766362391412258
1949,1949,0.016657110303640366,,,,,,,
1950,1950,,,0.978025496006012,0.0424901582300663,0.983407735824585,0.08780349791049957,0.028031565248966217,0.02766362391412258
1950,1950,0.016643675044178963,,,,,,,
1951,1951,,,0.9854998588562012,0.04198337718844414,0.9865545034408569,0.09429804235696793,0.02859094738960266,0.02766362391412258
1951,1951,0.016535114496946335,,,,,,,
1952,1952,,,0.9862890839576721,0.04235675558447838,0.9870553612709045,0.09094249457120895,0.028433987870812416,0.02766362391412258
1952,1952,0.01643039658665657,,,,,,,
1953,1953,,,0.9782973527908325,0.04232652485370636,0.983277440071106,0.0897216722369194,0.02813049405813217,0.02766362391412258
1953,1953,0.016409091651439667,,,,,,,
1954,1954,,,0.9905605316162109,0.04203347489237785,0.9891123175621033,0.09551224112510681,0.02881826087832451,0.02766362391412258
1954,1954,0.01646120660007,,,,,,,
1955,1955,,,0.9776529669761658,0.042484235018491745,0.9831332564353943,0.08802889287471771,0.028028246015310287,0.02766362391412258
1955,1955,0.016513338312506676,,,,,,,
1956,1956,,,0.9876482486724854,0.041911929845809937,0.9875587821006775,0.09530170261859894,0.02871139906346798,0.02766362391412258
1956,1956,0.016506146639585495,,,,,,,
1957,1957,,,0.9828577637672424,0.042365700006484985,0.9856699705123901,0.08947838842868805,0.028262749314308167,0.02766362391412258
1957,1957,0.016445264220237732,,,,,,,
1958,1958,,,0.9819009304046631,0.04219156876206398,0.9848347306251526,0.09139781445264816,0.028321875259280205,0.02766362391412258
1958,1958,0.01638546586036682,,,,,,,
1959,1959,,,0.9878023266792297,0.04222889244556427,0.9878852367401123,0.09326864033937454,0.02861253172159195,0.02766362391412258
1959,1959,0.01637120544910431,,,,,,,
1960,1960,,,0.9791523218154907,0.042617715895175934,0.9837726354598999,0.08878424018621445,0.028110291808843613,0.02766362391412258
1960,1960,0.016397960484027863,,,,,,,
1961,1961,,,0.9878882765769958,0.042275115847587585,0.9877562522888184,0.0949624702334404,0.028703946620225906,0.02766362391412258
1961,1961,0.016425156965851784,,,,,,,
1962,1962,,,0.9809955358505249,0.04277407377958298,0.9848433136940002,0.08887900412082672,0.02817903831601143,0.02766362391412258
1962,1962,0.016419503837823868,,,,,,,
1963,1963,,,0.9843958616256714,0.042471397668123245,0.9860898852348328,0.09266074746847153,0.02847009152173996,0.02766362391412258
1963,1963,0.016383763402700424,,,,,,,
1964,1964,,,0.9847990274429321,0.04258936271071434,0.9866114854812622,0.09132292866706848,0.028422588482499123,0.02766362391412258
1964,1964,0.016347547993063927,,,,,,,
1965,1965,,,0.9813328981399536,0.042644891887903214,0.9848815202713013,0.08976782113313675,0.028231201693415642,0.02766362391412258
1965,1965,0.016336126253008842,,,,,,,
1966,1966,,,0.9869195222854614,0.04234319552779198,0.9874024987220764,0.0937066599726677,0.028608497232198715,0.02766362391412258
1966,1966,0.016348186880350113,,,,,,,
1967,1967,,,0.9808611273765564,0.04265843331813812,0.9848144054412842,0.08886917680501938,0.02817562222480774,0.02766362391412258
1967,1967,0.016361994668841362,,,,,,,
1968,1968,,,0.9859603643417358,0.042309682816267014,0.9870200753211975,0.09323330223560333,0.028556276112794876,0.02766362391412258
1968,1968,0.016358507797122,,,,,,,
1969,1969,,,0.9826176166534424,0.04254298284649849,0.9855948090553284,0.09006226062774658,0.028289444744586945,0.02766362391412258
1969,1969,0.016337431967258453,,,,,,,
1970,1970,,,0.9834859371185303,0.042489029467105865,0.986072301864624,0.09092657268047333,0.028365012258291245,0.02766362391412258
1970,1970,0.016314178705215454,,,,,,,
1971,1971,,,0.9849844574928284,0.04242803901433945,0.9866815805435181,0.09219870716333389,0.028475191444158554,0.02766362391412258
1971,1971,0.016303233802318573,,,,,,,
1972,1972,,,0.9817516803741455,0.04265645891427994,0.9852985739707947,0.08940573781728745,0.02823352999985218,0.02766362391412258
1972,1972,0.016305824741721153,,,,,,,
1973,1973,,,0.9861173629760742,0.04240364208817482,0.9872899651527405,0.09302958101034164,0.028558259829878807,0.02766362391412258
1973,1973,0.01631166972219944,,,,,,,
1974,1974,,,0.9817377328872681,0.04264688491821289,0.9852115511894226,0.08954644948244095,0.02823721058666706,0.02766362391412258
1974,1974,0.01630988158285618,,,,,,,
1975,1975,,,0.9851961135864258,0.042468853294849396,0.9870104789733887,0.09187128394842148,0.028473321348428726,0.02766362391412258
1975,1975,0.016298219561576843,,,,,,,
1976,1976,,,0.9831616878509521,0.042507920414209366,0.9858666658401489,0.09088609367609024,0.028350986540317535,0.02766362391412258
1976,1976,0.016282986849546432,,,,,,,
1977,1977,,,0.9832561016082764,0.04255177453160286,0.9860952496528625,0.09029113501310349,0.028329387307167053,0.02766362391412258
1977,1977,0.01627211831510067,,,,,,,
1978,1978,,,0.9849131107330322,0.04240310192108154,0.9868116974830627,0.09215115755796432,0.028477400541305542,0.02766362391412258
1978,1978,0.016268448904156685,,,,,,,
1979,1979,,,0.9819973707199097,0.04259248077869415,0.9853350520133972,0.08968203514814377,0.028252076357603073,0.02766362391412258
1979,1979,0.016268696635961533,,,,,,,
1980,1980,,,0.9856212139129639,0.042434707283973694,0.9872502088546753,0.09219754487276077,0.02850559540092945,0.02766362391412258
1980,1980,0.0162673257291317,,,,,,,
1981,1981,,,0.9821884036064148,0.04258407652378082,0.9853795766830444,0.09018271416425705,0.028282860293984413,0.02766362391412258
1981,1981,0.01626129262149334,,,,,,,
1982,1982,,,0.9847843050956726,0.042550135403871536,0.9868504405021667,0.09125029295682907,0.028428608551621437,0.02766362391412258
1982,1982,0.016251707449555397,,,,,,,
1983,1983,,,0.9834464192390442,0.042543575167655945,0.9860926270484924,0.09116754680871964,0.028378915041685104,0.02766362391412258
1983,1983,0.01624203845858574,,,,,,,
1984,1984,,,0.9832762479782104,0.04262269660830498,0.986062228679657,0.09035459905862808,0.028331849724054337,0.02766362391412258
1984,1984,0.01623501256108284,,,,,,,
1985,1985,,,0.9847603440284729,0.042503226548433304,0.9868684411048889,0.09179350733757019,0.028458941727876663,0.02766362391412258
1985,1985,0.016230953857302666,,,,,,,
1986,1986,,,0.9823508858680725,0.042604461312294006,0.9855563640594482,0.09013119339942932,0.028289251029491425,0.02766362391412258
1986,1986,0.016228118911385536,,,,,,,
1987,1987,,,0.9852162003517151,0.04250091686844826,0.9871644973754883,0.09166450053453445,0.028468821197748184,0.02766362391412258
1987,1987,0.016224360093474388,,,,,,,
1988,1988,,,0.9825224876403809,0.042552825063467026,0.9856815934181213,0.09049896895885468,0.028316061943769455,0.02766362391412258
1988,1988,0.016218651086091995,,,,,,,
1989,1989,,,0.9846218824386597,0.04254315420985222,0.9868687987327576,0.09108064323663712,0.028418540954589844,0.02766362391412258
1989,1989,0.01621141843497753,,,,,,,
1990,1990,,,0.983453631401062,0.04253338649868965,0.9862439036369324,0.09103210270404816,0.028378024697303772,0.02766362391412258
1990,1990,0.016203952953219414,,,,,,,
1991,1991,,,0.9835386872291565,0.04259499907493591,0.9863283038139343,0.09057383984327316,0.028357600793242455,0.02766362391412258
1991,1991,0.01619742624461651,,,,,,,
1992,1992,,,0.9844381213188171,0.042552437633275986,0.98683762550354,0.09133737534284592,0.028429610654711723,0.02766362391412258
1992,1992,0.016192207112908363,,,,,,,
1993,1993,,,0.9827624559402466,0.04261624440550804,0.9859334230422974,0.09040621668100357,0.028324298560619354,0.02766362391412258
1993,1993,0.016187846660614014,,,,,,,
1994,1994,,,0.9848992228507996,0.04257616028189659,0.9871436953544617,0.09129273891448975,0.02844473160803318,0.02766362391412258
1994,1994,0.01618347316980362,,,,,,,
1995,1995,,,0.9827218055725098,0.04260330647230148,0.9859106540679932,0.09051743149757385,0.028328951448202133,0.02766362391412258
1995,1995,0.016178397461771965,,,,,,,
1996,1996,,,0.9846374988555908,0.04258860647678375,0.9870259165763855,0.09103239327669144,0.02842295914888382,0.02766362391412258
1996,1996,0.016172433272004128,,,,,,,
1997,1997,,,0.9832857847213745,0.042591359466314316,0.9862443804740906,0.09072711318731308,0.02835998311638832,0.02766362391412258
1997,1997,0.01616596058011055,,,,,,,
1998,1998,,,0.9838833808898926,0.04260529205203056,0.9866377711296082,0.09075160324573517,0.028383880853652954,0.02766362391412258
1998,1998,0.01615956798195839,,,,,,,
1999,1999,,0.01615368016064167,,,,,,
1999,1999,,,0.9840291142463684,0.04260652884840965,0.9867125749588013,0.09089511632919312,0.02839631773531437,0.02766362391412258
1999,1999,0.01615368016064167,,,,,,,
2000,2000,,,0.9840291142463684,0.04260652884840965,0.9867125749588013,0.09089511632919312,0.02839631773531437,0.02766362391412258
