epoch,step,train/loss_epoch,train/loss_step,val/error_p,val/error_q,val/error_qq,val/error_u,val/error_v,val/error_xx,val/loss,val/loss_best
0,0,,,1.4745712280273438,2.4834744930267334,1.059402346611023,0.7688851952552795,0.47582346200942993,0.5925368666648865,0.4250079393386841,0.4250079393386841
0,0,0.8946954011917114,,,,,,,,,
1,1,,,1.7395985126495361,2.4394617080688477,1.1238698959350586,0.7620310187339783,0.4445938467979431,0.5871605277061462,0.4526787996292114,0.4250079393386841
1,1,0.6874486804008484,,,,,,,,,
2,2,,,1.9067562818527222,2.278594970703125,1.086748719215393,0.7644314765930176,0.4155750572681427,0.5825312733650208,0.4553501307964325,0.4250079393386841
2,2,0.5827559232711792,,,,,,,,,
3,3,,,1.9410864114761353,2.0612902641296387,0.9940997958183289,0.7808920741081238,0.39770567417144775,0.5768893361091614,0.43766188621520996,0.4250079393386841
3,3,0.5158623456954956,,,,,,,,,
4,4,,,1.872484564781189,1.860196828842163,0.8838250041007996,0.8076896071434021,0.394072026014328,0.5714571475982666,0.4121929109096527,0.4121929109096527
4,4,0.46143442392349243,,,,,,,,,
5,5,,,1.7410526275634766,1.7124196290969849,0.7922829985618591,0.8352853059768677,0.4014262557029724,0.5680683255195618,0.38780322670936584,0.38780322670936584
5,5,0.41614779829978943,,,,,,,,,
6,6,,,1.5859233140945435,1.6136209964752197,0.744371771812439,0.8537502884864807,0.4097878932952881,0.5652385354042053,0.3667837977409363,0.3667837977409363
6,6,0.3788831830024719,,,,,,,,,
7,7,,,1.4374418258666992,1.5400481224060059,0.7395850419998169,0.8577331900596619,0.4093758463859558,0.5594414472579956,0.34737077355384827,0.34737077355384827
7,7,0.34562936425209045,,,,,,,,,
8,8,,,1.3129466772079468,1.476161003112793,0.7560892105102539,0.84735506772995,0.39497557282447815,0.5478668212890625,0.3273771107196808,0.3273771107196808
8,8,0.3123972415924072,,,,,,,,,
9,9,,,1.2179831266403198,1.4220681190490723,0.7687441110610962,0.8261643648147583,0.3656075596809387,0.529768705368042,0.30592432618141174,0.30592432618141174
9,9,0.27806153893470764,,,,,,,,,
10,10,,,1.1500804424285889,1.3862541913986206,0.7649487853050232,0.7991458773612976,0.3235628604888916,0.5062684416770935,0.2838943302631378,0.2838943302631378
10,10,0.2442229986190796,,,,,,,,,
11,11,,,1.102770209312439,1.3745871782302856,0.745895504951477,0.7714328169822693,0.27488094568252563,0.47965675592422485,0.2632879614830017,0.2632879614830017
11,11,0.21362587809562683,,,,,,,,,
12,12,,,1.0687593221664429,1.382500171661377,0.7207744121551514,0.7474043369293213,0.23197154700756073,0.45295605063438416,0.24614201486110687,0.24614201486110687
12,12,0.18853457272052765,,,,,,,,,
13,13,,,1.0419046878814697,1.39546799659729,0.6991159319877625,0.7300217151641846,0.2149531990289688,0.4297119975090027,0.23364736139774323,0.23364736139774323
13,13,0.16967348754405975,,,,,,,,,
14,14,,,1.0181827545166016,1.396885633468628,0.6849047541618347,0.7205788493156433,0.23717762529850006,0.41347256302833557,0.22589540481567383,0.22589540481567383
14,14,0.15608488023281097,,,,,,,,,
15,15,,,0.9959506392478943,1.3761481046676636,0.6784694790840149,0.7189559936523438,0.2874099612236023,0.4067523777484894,0.22241398692131042,0.22241398692131042
15,15,0.14591790735721588,,,,,,,,,
16,16,,,0.9755908846855164,1.331557035446167,0.6800799369812012,0.7241242527961731,0.34572547674179077,0.41007429361343384,0.2226881980895996,0.22241398692131042
16,16,0.13755498826503754,,,,,,,,,
17,17,,,0.9586803317070007,1.2685338258743286,0.6903918981552124,0.7345324754714966,0.39867374300956726,0.42180803418159485,0.2262158840894699,0.22241398692131042
17,17,0.13026919960975647,,,,,,,,,
18,18,,,0.9469996690750122,1.1957134008407593,0.7085153460502625,0.7482871413230896,0.4391080439090729,0.43887585401535034,0.2322470247745514,0.22241398692131042
18,18,0.12407834082841873,,,,,,,,,
19,19,,,0.9417654275894165,1.1210609674453735,0.7309072613716125,0.7632834911346436,0.46385976672172546,0.4577958285808563,0.23960912227630615,0.22241398692131042
19,19,0.11911869049072266,,,,,,,,,
20,20,,,0.9433749318122864,1.0498261451721191,0.752463698387146,0.777446985244751,0.47240909934043884,0.4755403399467468,0.2468678504228592,0.22241398692131042
20,20,0.1151413768529892,,,,,,,,,
21,21,,,0.9515718221664429,0.9850127696990967,0.7688503265380859,0.7890542149543762,0.4659819006919861,0.48999810218811035,0.2527473568916321,0.22241398692131042
21,21,0.11153672635555267,,,,,,,,,
22,22,,,0.9655316472053528,0.9290109872817993,0.7784240245819092,0.7969798445701599,0.4468778371810913,0.5000764727592468,0.2565156817436218,0.22241398692131042
22,22,0.1077779158949852,,,,,,,,,
23,23,,,0.9835823178291321,0.8842674493789673,0.7825232744216919,0.8007693290710449,0.4180589020252228,0.5055766105651855,0.25807082653045654,0.22241398692131042
23,23,0.10379344969987869,,,,,,,,,
24,24,,,1.0029091835021973,0.852096438407898,0.7841489315032959,0.80056232213974,0.3829587996006012,0.5069718956947327,0.2577212452888489,0.22241398692131042
24,24,0.09990046918392181,,,,,,,,,
25,25,,,1.0198800563812256,0.8309735059738159,0.7861464619636536,0.7969315648078918,0.3453660011291504,0.5051559805870056,0.25588393211364746,0.22241398692131042
25,25,0.09638267755508423,,,,,,,,,
26,26,,,1.03118097782135,0.8167659640312195,0.7901610732078552,0.7906733155250549,0.3091853857040405,0.5011698603630066,0.2529241740703583,0.22241398692131042
26,26,0.09312158823013306,,,,,,,,,
27,27,,,1.0351543426513672,0.8054102063179016,0.7968389987945557,0.7825817465782166,0.2779703736305237,0.495939165353775,0.2491825968027115,0.22241398692131042
27,27,0.08963936567306519,,,,,,,,,
28,28,,,1.0324316024780273,0.7956016659736633,0.8064446449279785,0.7732798457145691,0.25427719950675964,0.4901009798049927,0.24504432082176208,0.22241398692131042
28,28,0.08551488816738129,,,,,,,,,
29,29,,,1.0254976749420166,0.7890753149986267,0.8188794851303101,0.7631585001945496,0.23908814787864685,0.48396965861320496,0.2408984750509262,0.22241398692131042
29,29,0.08075440675020218,,,,,,,,,
30,30,,,1.017565131187439,0.7885243892669678,0.8332229852676392,0.7524126768112183,0.23170332610607147,0.47761213779449463,0.2370070368051529,0.22241398692131042
30,30,0.07577328383922577,,,,,,,,,
31,31,,,1.0114412307739258,0.7950985431671143,0.8476538062095642,0.741138219833374,0.23029984533786774,0.47097527980804443,0.23342254757881165,0.22241398692131042
31,31,0.07106167078018188,,,,,,,,,
32,32,,,1.0088762044906616,0.8075191378593445,0.8600572943687439,0.7294465899467468,0.2327771931886673,0.4640170633792877,0.2300409972667694,0.22241398692131042
32,32,0.06687021255493164,,,,,,,,,
33,33,,,1.0104515552520752,0.8232021927833557,0.8687418103218079,0.7175559401512146,0.2373204082250595,0.4568042457103729,0.22673214972019196,0.22241398692131042
33,33,0.0631684884428978,,,,,,,,,
34,34,,,1.0156850814819336,0.8399037718772888,0.8728963136672974,0.7058234810829163,0.24253982305526733,0.4495489299297333,0.22344432771205902,0.22241398692131042
34,34,0.05984722450375557,,,,,,,,,
35,35,,,1.0230904817581177,0.8563658595085144,0.8730208277702332,0.6947118639945984,0.2474016547203064,0.4425796568393707,0.22024604678153992,0.22024604678153992
35,35,0.05691978335380554,,,,,,,,,
36,36,,,1.0302941799163818,0.8718794584274292,0.8713908791542053,0.6847146153450012,0.251151442527771,0.4362684190273285,0.21732372045516968,0.21732372045516968
36,36,0.05452240630984306,,,,,,,,,
37,37,,,1.034515380859375,0.8857340216636658,0.8709598183631897,0.6762739419937134,0.2532893717288971,0.4309457838535309,0.21486283838748932,0.21486283838748932
37,37,0.05274757370352745,,,,,,,,,
38,38,,,1.0334675312042236,0.8972926139831543,0.8737538456916809,0.6697134375572205,0.2535781264305115,0.42683351039886475,0.21295183897018433,0.21295183897018433
38,38,0.051511917263269424,,,,,,,,,
39,39,,,1.0262932777404785,0.9064781665802002,0.8798004388809204,0.6651888489723206,0.2520545423030853,0.42401084303855896,0.21156643331050873,0.21156643331050873
39,39,0.05060506612062454,,,,,,,,,
40,40,,,1.013988971710205,0.9138866662979126,0.8873866200447083,0.6626578569412231,0.24904099106788635,0.42241987586021423,0.2106240689754486,0.2106240689754486
40,40,0.04986068606376648,,,,,,,,,
41,41,,,0.9990630149841309,0.9202147722244263,0.894187867641449,0.6618823409080505,0.24515311419963837,0.42190584540367126,0.21003921329975128,0.21003921329975128
41,41,0.04925927519798279,,,,,,,,,
42,42,,,0.9846197962760925,0.9255869388580322,0.8982548117637634,0.6624928712844849,0.241268128156662,0.4222876727581024,0.20974311232566833,0.20974311232566833
42,42,0.0488598495721817,,,,,,,,,
43,43,,,0.9733393788337708,0.929560661315918,0.8989928364753723,0.6641201376914978,0.23838968575000763,0.4234437048435211,0.20974642038345337,0.20974311232566833
43,43,0.04865702614188194,,,,,,,,,
44,44,,,0.9667795896530151,0.9317879676818848,0.8972010016441345,0.6665412187576294,0.23740249872207642,0.42537394165992737,0.2101670801639557,0.20974311232566833
44,44,0.04853145033121109,,,,,,,,,
45,45,,,0.965149998664856,0.9325110912322998,0.8941843509674072,0.6697540283203125,0.23883551359176636,0.4281996786594391,0.21117335557937622,0.20974311232566833
45,45,0.04833647981286049,,,,,,,,,
46,46,,,0.9674464464187622,0.932304859161377,0.8911737203598022,0.6739287376403809,0.24278196692466736,0.4320920705795288,0.2129097282886505,0.20974311232566833
46,46,0.048004209995269775,,,,,,,,,
47,47,,,0.9718242883682251,0.9314448833465576,0.889316201210022,0.6792652606964111,0.24898193776607513,0.4371643364429474,0.21544645726680756,0.20974311232566833
47,47,0.047552041709423065,,,,,,,,,
48,48,,,0.9761815071105957,0.9296899437904358,0.8895529508590698,0.6858372688293457,0.2569095492362976,0.4433768093585968,0.21874074637889862,0.20974311232566833
48,48,0.04701279476284981,,,,,,,,,
49,49,,0.046397171914577484,,,,,,,,
49,49,,,0.9788509011268616,0.9266389608383179,0.8920980095863342,0.6934944987297058,0.26576125621795654,0.45048409700393677,0.22260671854019165,0.20974311232566833
49,49,0.046397171914577484,,,,,,,,,
50,50,,,0.9791284799575806,0.9220553636550903,0.8960155844688416,0.7018558382987976,0.2744251787662506,0.45803844928741455,0.22671326994895935,0.20974311232566833
50,50,0.045726530253887177,,,,,,,,,
51,51,,,0.9773768782615662,0.9157320857048035,0.8996151089668274,0.7103895545005798,0.28160226345062256,0.4654598534107208,0.23064973950386047,0.20974311232566833
51,51,0.04506175220012665,,,,,,,,,
52,52,,,0.9746789932250977,0.907258152961731,0.9014426469802856,0.7185583114624023,0.2861239016056061,0.4721720218658447,0.23405256867408752,0.20974311232566833
52,52,0.04446879401803017,,,,,,,,,
53,53,,,0.9722680449485779,0.8962482810020447,0.9010026454925537,0.7259794473648071,0.28732889890670776,0.47776639461517334,0.23673029243946075,0.20974311232566833
53,53,0.043964773416519165,,,,,,,,,
54,54,,,0.971027672290802,0.8829384446144104,0.8986950516700745,0.7325312495231628,0.285286545753479,0.4821150600910187,0.23871152102947235,0.20974311232566833
54,54,0.04352225735783577,,,,,,,,,
55,55,,,0.9712586998939514,0.8684894442558289,0.8953401446342468,0.7383553385734558,0.280746191740036,0.48537445068359375,0.24020275473594666,0.20974311232566833
55,55,0.0431232750415802,,,,,,,,,
56,56,,,0.9727299809455872,0.8546347618103027,0.8918646574020386,0.7437646389007568,0.27484560012817383,0.48788633942604065,0.2415001094341278,0.20974311232566833
56,56,0.04278474673628807,,,,,,,,,
57,57,,,0.9749336242675781,0.8429897427558899,0.8891085982322693,0.7491002678871155,0.26872602105140686,0.49003058671951294,0.24288704991340637,0.20974311232566833
57,57,0.0425238199532032,,,,,,,,,
58,58,,,0.9774034023284912,0.8345774412155151,0.8876103758811951,0.7545909881591797,0.26321330666542053,0.4920886158943176,0.244547039270401,0.20974311232566833
58,58,0.042319633066654205,,,,,,,,,
59,59,,,0.9799520373344421,0.8297284841537476,0.8874757289886475,0.760252058506012,0.2586718797683716,0.4941534996032715,0.246515154838562,0.20974311232566833
59,59,0.04212815314531326,,,,,,,,,
60,60,,,0.9827086329460144,0.8281338810920715,0.8884416818618774,0.7658553719520569,0.25503310561180115,0.4961055517196655,0.2486744225025177,0.20974311232566833
60,60,0.0419255755841732,,,,,,,,,
61,61,,,0.9859492182731628,0.8289588689804077,0.8900948166847229,0.7709961533546448,0.2519482672214508,0.4976676404476166,0.25079870223999023,0.20974311232566833
61,61,0.041717659682035446,,,,,,,,,
62,62,,,0.9898276925086975,0.8311575055122375,0.8920853137969971,0.7752477526664734,0.24899812042713165,0.4985312521457672,0.25263696908950806,0.20974311232566833
62,62,0.041507747024297714,,,,,,,,,
63,63,,,0.9941594004631042,0.8339570164680481,0.8941876292228699,0.7783433794975281,0.2458941489458084,0.4985054135322571,0.25400692224502563,0.20974311232566833
63,63,0.041276946663856506,,,,,,,,,
64,64,,,0.9983834028244019,0.8371530771255493,0.896251380443573,0.7802935838699341,0.24259953200817108,0.4976138174533844,0.2548564672470093,0.20974311232566833
64,64,0.04100422561168671,,,,,,,,,
65,65,,,1.0017398595809937,0.8409712314605713,0.8982174396514893,0.7813788056373596,0.23932453989982605,0.4960881769657135,0.2552701532840729,0.20974311232566833
65,65,0.040693625807762146,,,,,,,,,
66,66,,,1.0035998821258545,0.845680296421051,0.9001699090003967,0.7820302248001099,0.23641228675842285,0.49426957964897156,0.2554265260696411,0.20974311232566833
66,66,0.04036889597773552,,,,,,,,,
67,67,,,1.0037866830825806,0.8513270616531372,0.9022442698478699,0.7826677560806274,0.23417936265468597,0.4924793243408203,0.25552502274513245,0.20974311232566833
67,67,0.04004855826497078,,,,,,,,,
68,68,,,1.0027129650115967,0.8576935529708862,0.9044287204742432,0.7835727334022522,0.23278942704200745,0.490922212600708,0.2557157874107361,0.20974311232566833
68,68,0.03973780944943428,,,,,,,,,
69,69,,,1.0012389421463013,0.864337146282196,0.906507670879364,0.7848387360572815,0.23219525814056396,0.48965585231781006,0.25606420636177063,0.20974311232566833
69,69,0.039441291242837906,,,,,,,,,
70,70,,,1.0003219842910767,0.8706558346748352,0.908229410648346,0.786406934261322,0.23216316103935242,0.4886229336261749,0.25656118988990784,0.20974311232566833
70,70,0.03916925936937332,,,,,,,,,
71,71,,,1.0006215572357178,0.876071035861969,0.9094926714897156,0.788154125213623,0.23236139118671417,0.4877237379550934,0.25716155767440796,0.20974311232566833
71,71,0.038927432149648666,,,,,,,,,
72,72,,,1.0022424459457397,0.8803024291992188,0.910362958908081,0.7899913191795349,0.2324809581041336,0.48689326643943787,0.257824182510376,0.20974311232566833
72,72,0.03871014341711998,,,,,,,,,
73,73,,,1.0047136545181274,0.8835152983665466,0.9109805822372437,0.7919237613677979,0.23233923316001892,0.4861488342285156,0.2585364282131195,0.20974311232566833
73,73,0.0385085865855217,,,,,,,,,
74,74,,,1.0072146654129028,0.8861770629882812,0.9115116000175476,0.7940471172332764,0.23192143440246582,0.48558616638183594,0.25931987166404724,0.20974311232566833
74,74,0.0383196622133255,,,,,,,,,
75,75,,,1.0089577436447144,0.8887410163879395,0.9121386408805847,0.7964873313903809,0.23134836554527283,0.4853305220603943,0.26021715998649597,0.20974311232566833
75,75,0.038142167031764984,,,,,,,,,
76,76,,,1.009552240371704,0.8913953304290771,0.9129912257194519,0.7993224859237671,0.23079578578472137,0.4854728579521179,0.26126545667648315,0.20974311232566833
76,76,0.037970103323459625,,,,,,,,,
77,77,,,1.0091696977615356,0.893996000289917,0.914040207862854,0.8025311231613159,0.2304132580757141,0.4860251843929291,0.26246991753578186,0.20974311232566833
77,77,0.037796322256326675,,,,,,,,,
78,78,,,1.0084275007247925,0.8961488604545593,0.9150875210762024,0.8059931993484497,0.23027609288692474,0.486916720867157,0.26379498839378357,0.20974311232566833
78,78,0.03761992231011391,,,,,,,,,
79,79,,,1.0080636739730835,0.8973835706710815,0.9158777594566345,0.8095425367355347,0.23037762939929962,0.48802921175956726,0.2651796042919159,0.20974311232566833
79,79,0.037444256246089935,,,,,,,,,
80,80,,,1.0085842609405518,0.8973751664161682,0.9162267446517944,0.8130404949188232,0.2306482046842575,0.48924946784973145,0.2665647566318512,0.20974311232566833
80,80,0.03726935759186745,,,,,,,,,
81,81,,,1.0100475549697876,0.896117091178894,0.9160856604576111,0.816430389881134,0.23098042607307434,0.490511029958725,0.26791614294052124,0.20974311232566833
81,81,0.03709182143211365,,,,,,,,,
82,82,,,1.012068510055542,0.8939364552497864,0.9155590534210205,0.8197435140609741,0.23124626278877258,0.4918024241924286,0.26923108100891113,0.20974311232566833
82,82,0.03691194951534271,,,,,,,,,
83,83,,,1.0140249729156494,0.8913480639457703,0.9148762822151184,0.8230580687522888,0.2313074916601181,0.4931420385837555,0.27052825689315796,0.20974311232566833
83,83,0.03673556074500084,,,,,,,,,
84,84,,,1.0153640508651733,0.8888525366783142,0.9142859578132629,0.8264357447624207,0.23102642595767975,0.4945369064807892,0.2718248665332794,0.20974311232566833
84,84,0.03656786307692528,,,,,,,,,
85,85,,,1.0158624649047852,0.8867831230163574,0.9139251708984375,0.8298748135566711,0.23028956353664398,0.4959523677825928,0.27311739325523376,0.20974311232566833
85,85,0.03640905022621155,,,,,,,,,
86,86,,,1.0157133340835571,0.8852421045303345,0.9137755036354065,0.8333021998405457,0.22904187440872192,0.4973103404045105,0.27437958121299744,0.20974311232566833
86,86,0.03625750541687012,,,,,,,,,
87,87,,,1.0154032707214355,0.8841338753700256,0.9137306809425354,0.8366091251373291,0.22731998562812805,0.4985179901123047,0.2755785584449768,0.20974311232566833
87,87,0.03611303120851517,,,,,,,,,
88,88,,,1.015457272529602,0.8832893371582031,0.9136859774589539,0.8397067785263062,0.22526304423809052,0.4995097219944,0.27669569849967957,0.20974311232566833
88,88,0.03597547858953476,,,,,,,,,
89,89,,,1.0161926746368408,0.8826175928115845,0.9135778546333313,0.8425706028938293,0.2230898141860962,0.5002783536911011,0.27773815393447876,0.20974311232566833
89,89,0.03584260120987892,,,,,,,,,
90,90,,,1.0175923109054565,0.8821786642074585,0.9133926630020142,0.8452478647232056,0.221042662858963,0.500876247882843,0.2787351608276367,0.20974311232566833
90,90,0.03571179136633873,,,,,,,,,
91,91,,,1.0193439722061157,0.8821295499801636,0.9131746888160706,0.8478246331214905,0.2193223237991333,0.5013852119445801,0.2797219753265381,0.20974311232566833
91,91,0.03558231517672539,,,,,,,,,
92,92,,,1.0210075378417969,0.8825986385345459,0.9130101203918457,0.8503707647323608,0.21803788840770721,0.5018715858459473,0.28071826696395874,0.20974311232566833
92,92,0.03545443341135979,,,,,,,,,
93,93,,,1.0222197771072388,0.8835833668708801,0.9129688739776611,0.8528950214385986,0.21719026565551758,0.5023506879806519,0.281711220741272,0.20974311232566833
93,93,0.03532755374908447,,,,,,,,,
94,94,,,1.0228369235992432,0.884925127029419,0.9130520224571228,0.8553354740142822,0.21669195592403412,0.5027806758880615,0.28265589475631714,0.20974311232566833
94,94,0.03520072251558304,,,,,,,,,
95,95,,,1.022948980331421,0.8863602876663208,0.9131968021392822,0.8575934767723083,0.21641382575035095,0.5030893087387085,0.283495157957077,0.20974311232566833
95,95,0.03507431969046593,,,,,,,,,
96,96,,,1.0227813720703125,0.8876335024833679,0.9133301973342896,0.8595909476280212,0.21623913943767548,0.5032212734222412,0.2841908931732178,0.20974311232566833
96,96,0.03494932875037193,,,,,,,,,
97,97,,,1.022553563117981,0.8886215090751648,0.9134132862091064,0.8613242506980896,0.2161041647195816,0.5031795501708984,0.284748911857605,0.20974311232566833
97,97,0.03482615202665329,,,,,,,,,
98,98,,,1.0223801136016846,0.8893917202949524,0.9134498238563538,0.8628805875778198,0.21600636839866638,0.5030375719070435,0.2852230668067932,0.20974311232566833
98,98,0.03470497578382492,,,,,,,,,
99,99,,0.03458678722381592,,,,,,,,
99,99,,,1.0222575664520264,0.8901503682136536,0.9134734869003296,0.8644094467163086,0.21598218381404877,0.5029155015945435,0.28569719195365906,0.20974311232566833
99,99,0.03458678722381592,,,,,,,,,
100,100,,,1.0221271514892578,0.8911125659942627,0.9135221242904663,0.8660632371902466,0.21606475114822388,0.5029322504997253,0.2862527370452881,0.20974311232566833
100,100,0.03447246178984642,,,,,,,,,
101,101,,,1.0219606161117554,0.8923740386962891,0.9136080145835876,0.8679370284080505,0.21624767780303955,0.503157913684845,0.2869381010532379,0.20974311232566833
101,101,0.03436170890927315,,,,,,,,,
102,102,,,1.0218032598495483,0.8938522934913635,0.9137048125267029,0.870038628578186,0.21646949648857117,0.5035907626152039,0.287753164768219,0.20974311232566833
102,102,0.03425344079732895,,,,,,,,,
103,103,,,1.0217503309249878,0.8953185081481934,0.9137639403343201,0.8723000884056091,0.21662938594818115,0.5041679739952087,0.2886563837528229,0.20974311232566833
103,103,0.03414718434214592,,,,,,,,,
104,104,,,1.021872639656067,0.8965040445327759,0.9137468934059143,0.874621570110321,0.2166232466697693,0.5048022270202637,0.28958815336227417,0.20974311232566833
104,104,0.03404294699430466,,,,,,,,,
105,105,,,1.022149920463562,0.8972238898277283,0.9136446714401245,0.8769234418869019,0.21638518571853638,0.5054247379302979,0.2904985547065735,0.20974311232566833
105,105,0.033940501511096954,,,,,,,,,
106,106,,,1.022457480430603,0.897453784942627,0.9134799242019653,0.879178524017334,0.21591174602508545,0.5060117840766907,0.2913660407066345,0.20974311232566833
106,106,0.03383931517601013,,,,,,,,,
107,107,,,1.0226247310638428,0.8973145484924316,0.9132917523384094,0.8814106583595276,0.21526138484477997,0.5065841674804688,0.29219934344291687,0.20974311232566833
107,107,0.033739298582077026,,,,,,,,,
108,108,,,1.02253258228302,0.8969870805740356,0.9131122827529907,0.883665919303894,0.21452848613262177,0.5071833729743958,0.29302436113357544,0.20974311232566833
108,108,0.03364066779613495,,,,,,,,,
109,109,,,1.022188425064087,0.8966182470321655,0.9129468202590942,0.8859759569168091,0.21380798518657684,0.5078402757644653,0.293865442276001,0.20974311232566833
109,109,0.03354347497224808,,,,,,,,,
110,110,,,1.0217326879501343,0.8962690234184265,0.9127728939056396,0.8883362412452698,0.21316485106945038,0.50855553150177,0.2947319447994232,0.20974311232566833
110,110,0.03344773128628731,,,,,,,,,
111,111,,,1.0213667154312134,0.8959251642227173,0.9125627279281616,0.8907090425491333,0.21261845529079437,0.5092991590499878,0.2956160604953766,0.20974311232566833
111,111,0.03335357829928398,,,,,,,,,
112,112,,,1.0212417840957642,0.8955533504486084,0.9123090505599976,0.8930463194847107,0.21214459836483002,0.5100277066230774,0.29650044441223145,0.20974311232566833
112,112,0.033261314034461975,,,,,,,,,
113,113,,,1.021381139755249,0.8951624631881714,0.9120324850082397,0.8953167200088501,0.21169139444828033,0.5107055306434631,0.2973693013191223,0.20974311232566833
113,113,0.0331709198653698,,,,,,,,,
114,114,,,1.021669626235962,0.8948251605033875,0.9117720723152161,0.8975184559822083,0.21120025217533112,0.5113174915313721,0.2982150912284851,0.20974311232566833
114,114,0.03308232128620148,,,,,,,,,
115,115,,,1.0219248533248901,0.8946451544761658,0.9115665555000305,0.8996737599372864,0.21062630414962769,0.5118675827980042,0.2990390658378601,0.20974311232566833
115,115,0.03299553319811821,,,,,,,,,
116,116,,,1.0219999551773071,0.8946947455406189,0.9114353060722351,0.901809573173523,0.20995062589645386,0.5123670101165771,0.2998461127281189,0.20974311232566833
116,116,0.03291047737002373,,,,,,,,,
117,117,,,1.02186119556427,0.8949683904647827,0.9113668203353882,0.9039391875267029,0.20918339490890503,0.5128213763237,0.30063846707344055,0.20974311232566833
117,117,0.032826829701662064,,,,,,,,,
118,118,,,1.0215948820114136,0.8953835964202881,0.9113239049911499,0.9060564041137695,0.20835915207862854,0.513227105140686,0.3014139235019684,0.20974311232566833
118,118,0.03274441510438919,,,,,,,,,
119,119,,,1.021343469619751,0.895827054977417,0.911264181137085,0.9081434607505798,0.20752637088298798,0.5135764479637146,0.30216825008392334,0.20974311232566833
119,119,0.03266320377588272,,,,,,,,,
120,120,,,1.0212153196334839,0.8962186574935913,0.9111618995666504,0.9101865887641907,0.20673494040966034,0.5138677954673767,0.3029000759124756,0.20974311232566833
120,120,0.032583124935626984,,,,,,,,,
121,121,,,1.0212206840515137,0.8965547680854797,0.9110193848609924,0.9121870994567871,0.20602504909038544,0.5141121745109558,0.3036136031150818,0.20974311232566833
121,121,0.03250409662723541,,,,,,,,,
122,122,,,1.0212746858596802,0.8968997597694397,0.9108631610870361,0.9141594767570496,0.20541958510875702,0.5143305063247681,0.30431729555130005,0.20974311232566833
122,122,0.03242611140012741,,,,,,,,,
123,123,,,1.0212562084197998,0.8973376750946045,0.9107285737991333,0.9161208868026733,0.20492203533649445,0.5145435929298401,0.30501896142959595,0.20974311232566833
123,123,0.032349251210689545,,,,,,,,,
124,124,,,1.0210844278335571,0.8979128003120422,0.9106417894363403,0.9180784225463867,0.20451955497264862,0.514762282371521,0.3057214319705963,0.20974311232566833
124,124,0.03227357566356659,,,,,,,,,
125,125,,,1.0207654237747192,0.898600161075592,0.9106072783470154,0.9200249910354614,0.20419074594974518,0.5149841904640198,0.3064213991165161,0.20974311232566833
125,125,0.03219901770353317,,,,,,,,,
126,126,,,1.0203810930252075,0.899319052696228,0.9106087684631348,0.921947181224823,0.2039131075143814,0.5151998400688171,0.3071136176586151,0.20974311232566833
126,126,0.03212554380297661,,,,,,,,,
127,127,,,1.0200326442718506,0.8999803066253662,0.9106205701828003,0.92383873462677,0.20366907119750977,0.5154041051864624,0.30779650807380676,0.20974311232566833
127,127,0.03205316141247749,,,,,,,,,
128,128,,,1.0197811126708984,0.9005332589149475,0.9106190204620361,0.9257113337516785,0.2034461498260498,0.5156041383743286,0.30847594141960144,0.20974311232566833
128,128,0.031981825828552246,,,,,,,,,
129,129,,,1.0196175575256348,0.9009824395179749,0.9105917811393738,0.9275920391082764,0.20323339104652405,0.5158184170722961,0.3091636300086975,0.20974311232566833
129,129,0.03191148117184639,,,,,,,,,
130,130,,,1.0194823741912842,0.9013681411743164,0.9105385541915894,0.9295103549957275,0.203016459941864,0.5160667896270752,0.3098711371421814,0.20974311232566833
130,130,0.031842079013586044,,,,,,,,,
131,131,,,1.0193122625350952,0.9017256498336792,0.9104663133621216,0.9314817190170288,0.2027754783630371,0.5163580775260925,0.3106028437614441,0.20974311232566833
131,131,0.031773559749126434,,,,,,,,,
132,132,,,1.0190821886062622,0.9020581245422363,0.9103825092315674,0.9334976673126221,0.2024880349636078,0.5166835784912109,0.3113526403903961,0.20974311232566833
132,132,0.0317058265209198,,,,,,,,,
133,133,,,1.0188157558441162,0.9023380875587463,0.9102919101715088,0.9355310201644897,0.20213569700717926,0.5170211791992188,0.312107115983963,0.20974311232566833
133,133,0.031638871878385544,,,,,,,,,
134,134,,,1.0185602903366089,0.902535080909729,0.9101976752281189,0.937549889087677,0.20171257853507996,0.5173466205596924,0.31285226345062256,0.20974311232566833
134,134,0.03157268464565277,,,,,,,,,
135,135,,,1.018349051475525,0.9026487469673157,0.9101037383079529,0.9395345449447632,0.2012297809123993,0.5176465511322021,0.31358084082603455,0.20974311232566833
135,135,0.03150726109743118,,,,,,,,,
136,136,,,1.0181810855865479,0.902721643447876,0.9100145101547241,0.9414843916893005,0.20071324706077576,0.5179233551025391,0.3142951726913452,0.20974311232566833
136,136,0.0314425528049469,,,,,,,,,
137,137,,,1.0180275440216064,0.9028199315071106,0.909933865070343,0.9434137940406799,0.20019569993019104,0.5181905627250671,0.3150041103363037,0.20974311232566833
137,137,0.03137857839465141,,,,,,,,,
138,138,,,1.0178594589233398,0.9029974937438965,0.9098619222640991,0.9453384280204773,0.19970549643039703,0.5184614062309265,0.3157162368297577,0.20974311232566833
138,138,0.03131534159183502,,,,,,,,,
139,139,,,1.0176711082458496,0.9032666087150574,0.9097942113876343,0.947263777256012,0.1992582082748413,0.5187388062477112,0.316433846950531,0.20974311232566833
139,139,0.03125278279185295,,,,,,,,,
140,140,,,1.0174839496612549,0.9035952687263489,0.9097240567207336,0.9491813778877258,0.19885441660881042,0.519012987613678,0.3171517252922058,0.20974311232566833
140,140,0.031190885230898857,,,,,,,,,
141,141,,,1.0173249244689941,0.9039314985275269,0.9096457362174988,0.9510754346847534,0.19848164916038513,0.5192672610282898,0.3178599774837494,0.20974311232566833
141,141,0.0311296246945858,,,,,,,,,
142,142,,,1.0172010660171509,0.9042370915412903,0.9095582962036133,0.9529343843460083,0.19812294840812683,0.5194879770278931,0.3185504078865051,0.20974311232566833
142,142,0.031068982556462288,,,,,,,,,
143,143,,,1.017088532447815,0.9045092463493347,0.9094655513763428,0.9547577500343323,0.19776515662670135,0.5196718573570251,0.3192203640937805,0.20974311232566833
143,143,0.03100890852510929,,,,,,,,,
144,144,,,1.0169472694396973,0.9047763347625732,0.9093732237815857,0.9565566778182983,0.19740387797355652,0.5198266506195068,0.319874107837677,0.20974311232566833
144,144,0.03094938024878502,,,,,,,,,
145,145,,,1.0167502164840698,0.9050731062889099,0.9092840552330017,0.9583455920219421,0.1970449686050415,0.519965410232544,0.3205190598964691,0.20974311232566833
145,145,0.03089038096368313,,,,,,,,,
146,146,,,1.0165034532546997,0.9054178595542908,0.9091964960098267,0.9601346254348755,0.19670113921165466,0.5200995206832886,0.321162611246109,0.20974311232566833
146,146,0.030831851065158844,,,,,,,,,
147,147,,,1.0162454843521118,0.9058015942573547,0.9091048240661621,0.9619248509407043,0.19638648629188538,0.520234227180481,0.32180842757225037,0.20974311232566833
147,147,0.030773811042308807,,,,,,,,,
148,148,,,1.0160216093063354,0.9061996340751648,0.9090033173561096,0.9637112617492676,0.19611170887947083,0.5203697085380554,0.3224566876888275,0.20974311232566833
148,148,0.03071623109281063,,,,,,,,,
149,149,,0.030659101903438568,,,,,,,,
149,149,,,1.0158535242080688,0.9065906405448914,0.9088903069496155,0.9654880166053772,0.19588135182857513,0.5205046534538269,0.3231058716773987,0.20974311232566833
149,149,0.030659101903438568,,,,,,,,,
150,150,,,1.0157243013381958,0.9069693684577942,0.9087688326835632,0.9672536849975586,0.19569265842437744,0.5206395387649536,0.3237544298171997,0.20974311232566833
150,150,0.030602391809225082,,,,,,,,,
151,151,,,1.015592098236084,0.9073424935340881,0.9086447358131409,0.969010591506958,0.1955382525920868,0.5207765102386475,0.32440152764320374,0.20974311232566833
151,151,0.030546093359589577,,,,,,,,,
152,152,,,1.0154178142547607,0.9077157974243164,0.90852290391922,0.9707623720169067,0.1954086422920227,0.5209174752235413,0.32504650950431824,0.20974311232566833
152,152,0.03049018606543541,,,,,,,,,
153,153,,,1.0151898860931396,0.9080815315246582,0.9084042310714722,0.9725098013877869,0.19529493153095245,0.5210617780685425,0.32568854093551636,0.20974311232566833
153,153,0.030434664338827133,,,,,,,,,
154,154,,,1.0149296522140503,0.9084191918373108,0.9082854986190796,0.9742509722709656,0.19519126415252686,0.5212065577507019,0.32632678747177124,0.20974311232566833
154,154,0.03037949465215206,,,,,,,,,
155,155,,,1.0146738290786743,0.9087090492248535,0.9081618785858154,0.9759839773178101,0.19509485363960266,0.5213492512702942,0.3269612491130829,0.20974311232566833
155,155,0.030324645340442657,,,,,,,,,
156,156,,,1.0144498348236084,0.9089469313621521,0.9080299735069275,0.9777107238769531,0.1950046867132187,0.5214903354644775,0.32759419083595276,0.20974311232566833
156,156,0.03027012012898922,,,,,,,,,
157,157,,,1.0142607688903809,0.9091495275497437,0.9078894257545471,0.9794366359710693,0.19492053985595703,0.5216333270072937,0.32822903990745544,0.20974311232566833
157,157,0.030215896666049957,,,,,,,,,
158,158,,,1.0140900611877441,0.9093440175056458,0.9077426791191101,0.9811673164367676,0.1948404759168625,0.5217820405960083,0.3288686275482178,0.20974311232566833
158,158,0.03016195446252823,,,,,,,,,
159,159,,,1.0139178037643433,0.9095515012741089,0.9075930118560791,0.9829044342041016,0.19476135075092316,0.5219368934631348,0.3295131325721741,0.20974311232566833
159,159,0.03010830283164978,,,,,,,,,
160,160,,,1.0137369632720947,0.9097756743431091,0.9074426293373108,0.9846426248550415,0.19468016922473907,0.5220931172370911,0.3301592767238617,0.20974311232566833
160,160,0.03005489520728588,,,,,,,,,
161,161,,,1.0135557651519775,0.9100050330162048,0.9072920680046082,0.9863725900650024,0.19459539651870728,0.5222431421279907,0.33080214262008667,0.20974311232566833
161,161,0.030001744627952576,,,,,,,,,
162,162,,,1.0133862495422363,0.9102247953414917,0.9071404337882996,0.9880858659744263,0.19450856745243073,0.5223801136016846,0.3314374089241028,0.20974311232566833
162,162,0.02994883805513382,,,,,,,,,
163,163,,,1.0132325887680054,0.9104294776916504,0.9069864749908447,0.9897794127464294,0.19442498683929443,0.5225021243095398,0.33206355571746826,0.20974311232566833
163,163,0.029896145686507225,,,,,,,,,
164,164,,,1.0130864381790161,0.9106277823448181,0.9068293571472168,0.9914566278457642,0.19435198605060577,0.5226126313209534,0.3326822817325592,0.20974311232566833
164,164,0.029843688011169434,,,,,,,,,
165,165,,,1.0129343271255493,0.9108343124389648,0.9066686034202576,0.9931232333183289,0.19429625570774078,0.5227168202400208,0.33329644799232483,0.20974311232566833
165,165,0.02979140914976597,,,,,,,,,
166,166,,,1.0127696990966797,0.9110583662986755,0.9065038561820984,0.9947834610939026,0.19426187872886658,0.5228183269500732,0.3339083194732666,0.20974311232566833
166,166,0.02973933145403862,,,,,,,,,
167,167,,,1.0125983953475952,0.9112977385520935,0.9063349962234497,0.9964368939399719,0.19424928724765778,0.5229169130325317,0.33451807498931885,0.20974311232566833
167,167,0.029687436297535896,,,,,,,,,
168,168,,,1.0124335289001465,0.9115416407585144,0.9061622023582458,0.9980797171592712,0.19425593316555023,0.5230093598365784,0.3351239860057831,0.20974311232566833
168,168,0.0296357162296772,,,,,,,,,
169,169,,,1.0122835636138916,0.911781907081604,0.905986487865448,0.9997090697288513,0.19427840411663055,0.523093044757843,0.33572474122047424,0.20974311232566833
169,169,0.029584143310785294,,,,,,,,,
170,170,,,1.0121455192565918,0.9120179414749146,0.9058089852333069,1.001325249671936,0.1943138837814331,0.5231682658195496,0.3363204002380371,0.20974311232566833
170,170,0.02953273616731167,,,,,,,,,
171,171,,,1.0120081901550293,0.9122557640075684,0.9056307673454285,1.002932071685791,0.19436194002628326,0.5232381224632263,0.3369125723838806,0.20974311232566833
171,171,0.029481466859579086,,,,,,,,,
172,172,,,1.0118616819381714,0.912501335144043,0.9054518342018127,1.004534125328064,0.19442400336265564,0.5233069062232971,0.3375033438205719,0.20974311232566833
172,172,0.02943032793700695,,,,,,,,,
173,173,,,1.0117056369781494,0.9127523899078369,0.905271053314209,1.0061334371566772,0.19450236856937408,0.5233772993087769,0.3380940854549408,0.20974311232566833
173,173,0.029379311949014664,,,,,,,,,
174,174,,,1.0115491151809692,0.9129990935325623,0.9050875306129456,1.007728934288025,0.19459840655326843,0.5234492421150208,0.338684618473053,0.20974311232566833
174,174,0.029328424483537674,,,,,,,,,
175,175,,,1.0114027261734009,0.9132299423217773,0.9049006700515747,1.0093176364898682,0.19471199810504913,0.5235210061073303,0.3392736613750458,0.20974311232566833
175,175,0.02927764132618904,,,,,,,,,
176,176,,,1.0112693309783936,0.9134403467178345,0.9047110676765442,1.010897159576416,0.19484148919582367,0.5235912203788757,0.339860200881958,0.20974311232566833
176,176,0.029226969927549362,,,,,,,,,
177,177,,,1.0111404657363892,0.9136344790458679,0.9045200347900391,1.0124671459197998,0.19498386979103088,0.5236597061157227,0.3404436409473419,0.20974311232566833
177,177,0.029176389798521996,,,,,,,,,
178,178,,,1.0110054016113281,0.9138216972351074,0.9043290615081787,1.0140284299850464,0.19513560831546783,0.5237271785736084,0.3410239517688751,0.20974311232566833
178,178,0.02912590466439724,,,,,,,,,
179,179,,,1.0108580589294434,0.9140083193778992,0.9041386842727661,1.0155818462371826,0.19529341161251068,0.5237938165664673,0.3416013717651367,0.20974311232566833
179,179,0.02907550148665905,,,,,,,,,
180,180,,,1.0107048749923706,0.914194643497467,0.9039485454559326,1.0171269178390503,0.19545528292655945,0.5238589644432068,0.3421759009361267,0.20974311232566833
180,180,0.029025189578533173,,,,,,,,,
181,181,,,1.0105574131011963,0.9143759608268738,0.9037573337554932,1.0186625719070435,0.19562020897865295,0.5239214301109314,0.3427473306655884,0.20974311232566833
181,181,0.02897493727505207,,,,,,,,,
182,182,,,1.0104244947433472,0.9145485758781433,0.9035640954971313,1.020188570022583,0.19578762352466583,0.5239805579185486,0.3433157801628113,0.20974311232566833
182,182,0.028924766927957535,,,,,,,,,
183,183,,,1.010305404663086,0.9147136211395264,0.9033681154251099,1.0217057466506958,0.19595728814601898,0.5240365862846375,0.34388160705566406,0.20974311232566833
183,183,0.028874650597572327,,,,,,,,,
184,184,,,1.0101921558380127,0.914875328540802,0.9031694531440735,1.0232161283493042,0.19612909853458405,0.5240907073020935,0.3444453477859497,0.20974311232566833
184,184,0.028824608772993088,,,,,,,,,
185,185,,,1.0100762844085693,0.9150375127792358,0.9029687643051147,1.0247198343276978,0.1963026076555252,0.524142861366272,0.3450066149234772,0.20974311232566833
185,185,0.028774604201316833,,,,,,,,,
186,186,,,1.0099549293518066,0.9151983261108398,0.9027665853500366,1.0262150764465332,0.19647768139839172,0.5241914987564087,0.34556418657302856,0.20974311232566833
186,186,0.028724661096930504,,,,,,,,,
187,187,,,1.0098321437835693,0.9153537154197693,0.9025634527206421,1.0276988744735718,0.1966552436351776,0.5242346525192261,0.34611672163009644,0.20974311232566833
187,187,0.02867477387189865,,,,,,,,,
188,188,,,1.0097123384475708,0.915500819683075,0.9023595452308655,1.0291692018508911,0.19683678448200226,0.5242711901664734,0.34666329622268677,0.20974311232566833
188,188,0.028624923899769783,,,,,,,,,
189,189,,,1.0095970630645752,0.9156413674354553,0.9021548628807068,1.0306261777877808,0.19702476263046265,0.5243018269538879,0.34720441699028015,0.20974311232566833
189,189,0.0285751111805439,,,,,,,,,
190,190,,,1.0094832181930542,0.9157807230949402,0.9019489288330078,1.032071828842163,0.19722133874893188,0.524328887462616,0.3477412164211273,0.20974311232566833
190,190,0.028525331988930702,,,,,,,,,
191,191,,,1.0093677043914795,0.915923535823822,0.9017413854598999,1.03350830078125,0.1974284052848816,0.5243547558784485,0.3482750356197357,0.20974311232566833
191,191,0.028475595638155937,,,,,,,,,
192,192,,,1.009250283241272,0.9160696268081665,0.9015321731567383,1.0349364280700684,0.19764579832553864,0.5243802666664124,0.34880638122558594,0.20974311232566833
192,192,0.028425881639122963,,,,,,,,,
193,193,,,1.0091341733932495,0.9162144064903259,0.9013213515281677,1.0363553762435913,0.19787199795246124,0.5244046449661255,0.349334716796875,0.20974311232566833
193,193,0.028376203030347824,,,,,,,,,
194,194,,,1.0090222358703613,0.9163520336151123,0.9011093378067017,1.0377637147903442,0.19810515642166138,0.5244266390800476,0.3498592972755432,0.20974311232566833
194,194,0.028326556086540222,,,,,,,,,
195,195,,,1.0089131593704224,0.9164802432060242,0.9008965492248535,1.0391614437103271,0.19834299385547638,0.5244457721710205,0.3503797650337219,0.20974311232566833
195,195,0.028276918455958366,,,,,,,,,
196,196,,,1.0088027715682983,0.916600227355957,0.9006832838058472,1.0405489206314087,0.19858461618423462,0.5244626998901367,0.3508962094783783,0.20974311232566833
196,196,0.028227312490344048,,,,,,,,,
197,197,,,1.0086878538131714,0.9167145490646362,0.9004696011543274,1.0419273376464844,0.19882982969284058,0.5244783163070679,0.3514091372489929,0.20974311232566833
197,197,0.028177708387374878,,,,,,,,,
198,198,,,1.008568286895752,0.9168247580528259,0.9002552032470703,1.0432974100112915,0.19907893240451813,0.5244933366775513,0.351919025182724,0.20974311232566833
198,198,0.02812814712524414,,,,,,,,,
199,199,,0.028078587725758553,,,,,,,,
199,199,,,1.0084489583969116,0.9169298410415649,0.9000400900840759,1.0446584224700928,0.19933252036571503,0.5245078802108765,0.35242587327957153,0.20974311232566833
199,199,0.028078587725758553,,,,,,,,,
200,200,,,1.0083346366882324,0.9170281887054443,0.8998241424560547,1.0460095405578613,0.19959092140197754,0.5245212316513062,0.35292941331863403,0.20974311232566833
200,200,0.02802903763949871,,,,,,,,,
201,201,,,1.0082263946533203,0.9171198010444641,0.8996074795722961,1.0473500490188599,0.19985394179821014,0.5245329737663269,0.3534294068813324,0.20974311232566833
201,201,0.027979495003819466,,,,,,,,,
202,202,,,1.008121371269226,0.917206883430481,0.8993902802467346,1.0486798286437988,0.20012062788009644,0.5245431661605835,0.3539257049560547,0.20974311232566833
202,202,0.027929969131946564,,,,,,,,,
203,203,,,1.0080140829086304,0.9172917604446411,0.8991729617118835,1.0499993562698364,0.2003892958164215,0.5245517492294312,0.3544180691242218,0.20974311232566833
203,203,0.027880460023880005,,,,,,,,,
204,204,,,1.0079036951065063,0.9173738360404968,0.8989554047584534,1.051308274269104,0.2006586790084839,0.5245582461357117,0.35490620136260986,0.20974311232566833
204,204,0.02783096395432949,,,,,,,,,
205,205,,,1.0077922344207764,0.9174513220787048,0.8987377285957336,1.052606225013733,0.20092763006687164,0.5245620012283325,0.355389803647995,0.20974311232566833
205,205,0.027781449258327484,,,,,,,,,
206,206,,,1.0076825618743896,0.9175223112106323,0.8985198140144348,1.0538921356201172,0.20119579136371613,0.5245624780654907,0.3558685779571533,0.20974311232566833
206,206,0.027731960639357567,,,,,,,,,
207,207,,,1.007576584815979,0.9175866842269897,0.898301362991333,1.0551669597625732,0.20146319270133972,0.5245600342750549,0.3563428819179535,0.20974311232566833
207,207,0.027682460844516754,,,,,,,,,
208,208,,,1.007473349571228,0.9176470637321472,0.8980821371078491,1.0564311742782593,0.20173048973083496,0.5245554447174072,0.3568132519721985,0.20974311232566833
208,208,0.02763296104967594,,,,,,,,,
209,209,,,1.0073703527450562,0.9177058339118958,0.8978621363639832,1.0576857328414917,0.20199812948703766,0.5245496034622192,0.3572799861431122,0.20974311232566833
209,209,0.027583492919802666,,,,,,,,,
210,210,,,1.0072671175003052,0.917763888835907,0.8976415395736694,1.0589303970336914,0.2022661566734314,0.5245425701141357,0.35774314403533936,0.20974311232566833
210,210,0.0275340024381876,,,,,,,,,
211,211,,,1.007164716720581,0.9178196787834167,0.8974207043647766,1.060164213180542,0.20253509283065796,0.5245336294174194,0.35820212960243225,0.20974311232566833
211,211,0.027484508231282234,,,,,,,,,
212,212,,,1.0070643424987793,0.917870819568634,0.8972000479698181,1.0613858699798584,0.202804833650589,0.5245220065116882,0.3586563467979431,0.20974311232566833
212,212,0.02743503451347351,,,,,,,,,
213,213,,,1.006964921951294,0.9179170727729797,0.8969796895980835,1.0625954866409302,0.20307600498199463,0.5245079398155212,0.35910582542419434,0.20974311232566833
213,213,0.027385542169213295,,,,,,,,,
214,214,,,1.006865382194519,0.9179590940475464,0.896759569644928,1.063793659210205,0.2033490389585495,0.524492084980011,0.3595508337020874,0.20974311232566833
214,214,0.02733605168759823,,,,,,,,,
215,215,,,1.0067638158798218,0.9179977774620056,0.8965395092964172,1.0649809837341309,0.2036244124174118,0.52447509765625,0.35999172925949097,0.20974311232566833
215,215,0.027286557480692863,,,,,,,,,
216,216,,,1.0066611766815186,0.9180328249931335,0.8963195085525513,1.0661576986312866,0.20390208065509796,0.5244573950767517,0.3604286015033722,0.20974311232566833
216,216,0.0272370632737875,,,,,,,,,
217,217,,,1.0065594911575317,0.9180629849433899,0.8960995674133301,1.0673235654830933,0.20418179035186768,0.5244386792182922,0.36086151003837585,0.20974311232566833
217,217,0.027187567204236984,,,,,,,,,
218,218,,,1.0064599514007568,0.9180878400802612,0.8958799242973328,1.0684781074523926,0.2044626921415329,0.5244185924530029,0.3612901270389557,0.20974311232566833
218,218,0.027138063684105873,,,,,,,,,
219,219,,,1.0063620805740356,0.918108344078064,0.8956606388092041,1.069621205329895,0.20474396646022797,0.5243971347808838,0.3617144823074341,0.20974311232566833
219,219,0.027088558301329613,,,,,,,,,
220,220,,,1.0062642097473145,0.918125569820404,0.8954418897628784,1.0707530975341797,0.20502498745918274,0.5243744254112244,0.36213457584381104,0.20974311232566833
220,220,0.027039052918553352,,,,,,,,,
221,221,,,1.0061651468276978,0.9181404709815979,0.8952234983444214,1.071873664855957,0.20530538260936737,0.5243504643440247,0.3625502288341522,0.20974311232566833
221,221,0.026989540085196495,,,,,,,,,
222,222,,,1.0060659646987915,0.9181525707244873,0.8950057029724121,1.072982907295227,0.20558477938175201,0.5243251919746399,0.3629615008831024,0.20974311232566833
222,222,0.026940010488033295,,,,,,,,,
223,223,,,1.005968451499939,0.9181607365608215,0.8947883248329163,1.0740801095962524,0.20586329698562622,0.5242983102798462,0.36336809396743774,0.20974311232566833
223,223,0.026890475302934647,,,,,,,,,
224,224,,,1.0058729648590088,0.918164849281311,0.8945714831352234,1.0751652717590332,0.2061409205198288,0.5242697596549988,0.36377012729644775,0.20974311232566833
224,224,0.0268409326672554,,,,,,,,,
225,225,,,1.0057789087295532,0.9181650280952454,0.8943551182746887,1.0762383937835693,0.2064172476530075,0.5242395997047424,0.36416736245155334,0.20974311232566833
225,225,0.026791391894221306,,,,,,,,,
226,226,,,1.0056849718093872,0.9181625843048096,0.8941391706466675,1.0772994756698608,0.20669230818748474,0.5242080092430115,0.3645598888397217,0.20974311232566833
226,226,0.026741832494735718,,,,,,,,,
227,227,,,1.005590558052063,0.9181582927703857,0.8939239978790283,1.0783483982086182,0.20696569979190826,0.5241748690605164,0.364947646856308,0.20974311232566833
227,227,0.026692276820540428,,,,,,,,,
228,228,,,1.005496621131897,0.918151319026947,0.893709659576416,1.079384684562683,0.20723707973957062,0.5241397023200989,0.3653302788734436,0.20974311232566833
228,228,0.026642700657248497,,,,,,,,,
229,229,,,1.0054045915603638,0.9181413650512695,0.8934960961341858,1.080407977104187,0.20750635862350464,0.524102509021759,0.36570772528648376,0.20974311232566833
229,229,0.026593104004859924,,,,,,,,,
230,230,,,1.0053141117095947,0.9181285500526428,0.8932835459709167,1.0814186334609985,0.2077733725309372,0.5240634083747864,0.3660801649093628,0.20974311232566833
230,230,0.026543503627181053,,,,,,,,,
231,231,,,1.005224585533142,0.9181134700775146,0.8930716514587402,1.0824170112609863,0.2080385386943817,0.5240228176116943,0.3664477467536926,0.20974311232566833
231,231,0.026493901386857033,,,,,,,,,
232,232,,,1.005135416984558,0.9180967807769775,0.8928605318069458,1.0834033489227295,0.208301842212677,0.5239812135696411,0.36681073904037476,0.20974311232566833
232,232,0.026444274932146072,,,,,,,,,
233,233,,,1.0050468444824219,0.9180777668952942,0.8926502466201782,1.0843771696090698,0.20856331288814545,0.5239381790161133,0.36716872453689575,0.20974311232566833
233,233,0.026394642889499664,,,,,,,,,
234,234,,,1.0049594640731812,0.9180555939674377,0.892440915107727,1.0853383541107178,0.20882301032543182,0.5238937139511108,0.3675217032432556,0.20974311232566833
234,234,0.026344990357756615,,,,,,,,,
235,235,,,1.0048737525939941,0.9180299639701843,0.8922327756881714,1.0862863063812256,0.20908087491989136,0.5238475203514099,0.36786946654319763,0.20974311232566833
235,235,0.026295330375432968,,,,,,,,,
236,236,,,1.0047887563705444,0.9180019497871399,0.8920257091522217,1.087221384048462,0.20933718979358673,0.5237998366355896,0.36821210384368896,0.20974311232566833
236,236,0.02624564617872238,,,,,,,,,
237,237,,,1.004703402519226,0.9179720878601074,0.891819953918457,1.0881435871124268,0.2095918357372284,0.5237508416175842,0.36854955554008484,0.20974311232566833
237,237,0.0261959470808506,,,,,,,,,
238,238,,,1.0046181678771973,0.9179404973983765,0.8916154503822327,1.0890527963638306,0.20984500646591187,0.5237006545066833,0.3688819408416748,0.20974311232566833
238,238,0.02614622935652733,,,,,,,,,
239,239,,,1.0045342445373535,0.9179068803787231,0.8914121389389038,1.0899488925933838,0.21009650826454163,0.5236490964889526,0.3692091703414917,0.20974311232566833
239,239,0.026096493005752563,,,,,,,,,
240,240,,,1.0044519901275635,0.9178708791732788,0.89121013879776,1.0908316373825073,0.21034638583660126,0.5235959887504578,0.3695310950279236,0.20974311232566833
240,240,0.026046738028526306,,,,,,,,,
241,241,,,1.0043712854385376,0.917832612991333,0.891009509563446,1.0917012691497803,0.21059438586235046,0.5235414505004883,0.36984783411026,0.20974311232566833
241,241,0.02599695697426796,,,,,,,,,
242,242,,,1.0042915344238281,0.9177927374839783,0.8908101916313171,1.092557668685913,0.21084032952785492,0.5234856009483337,0.3701592981815338,0.20974311232566833
242,242,0.02594716288149357,,,,,,,,,
243,243,,,1.0042126178741455,0.9177513122558594,0.8906121253967285,1.0934009552001953,0.21108390390872955,0.5234283804893494,0.37046554684638977,0.20974311232566833
243,243,0.025897357612848282,,,,,,,,,
244,244,,,1.0041344165802002,0.9177080392837524,0.8904156684875488,1.0942307710647583,0.21132485568523407,0.5233694911003113,0.3707663118839264,0.20974311232566833
244,244,0.025847507640719414,,,,,,,,,
245,245,,,1.00405752658844,0.9176630973815918,0.8902207612991333,1.0950467586517334,0.2115630954504013,0.5233086943626404,0.3710615038871765,0.20974311232566833
245,245,0.025797633454203606,,,,,,,,,
246,246,,,1.0039820671081543,0.917616605758667,0.8900275230407715,1.0958490371704102,0.2117985039949417,0.5232462286949158,0.37135106325149536,0.20974311232566833
246,246,0.025747738778591156,,,,,,,,,
247,247,,,1.0039085149765015,0.9175688624382019,0.8898359537124634,1.0966373682022095,0.21203124523162842,0.5231820344924927,0.3716350793838501,0.20974311232566833
247,247,0.02569781243801117,,,,,,,,,
248,248,,,1.0038360357284546,0.9175205230712891,0.8896458745002747,1.097412109375,0.2122616022825241,0.523116409778595,0.3719136714935303,0.20974311232566833
248,248,0.025647852569818497,,,,,,,,,
249,249,,0.025597864761948586,,,,,,,,
249,249,,,1.0037652254104614,0.9174714088439941,0.8894575238227844,1.0981731414794922,0.2124892622232437,0.5230492353439331,0.3721868097782135,0.20974311232566833
249,249,0.025597864761948586,,,,,,,,,
250,250,,,1.003696084022522,0.9174209833145142,0.8892709016799927,1.098920226097107,0.21271443367004395,0.5229803919792175,0.3724542558193207,0.20974311232566833
250,250,0.025547843426465988,,,,,,,,,
251,251,,,1.0036288499832153,0.9173692464828491,0.889086127281189,1.0996531248092651,0.21293678879737854,0.5229097604751587,0.3727159798145294,0.20974311232566833
251,251,0.025497788563370705,,,,,,,,,
252,252,,,1.0035626888275146,0.9173163771629333,0.8889033198356628,1.100372076034546,0.21315638720989227,0.5228374600410461,0.37297195196151733,0.20974311232566833
252,252,0.025447696447372437,,,,,,,,,
253,253,,,1.0034980773925781,0.9172624945640564,0.8887225389480591,1.1010768413543701,0.21337337791919708,0.5227633118629456,0.373222291469574,0.20974311232566833
253,253,0.02539757825434208,,,,,,,,,
254,254,,,1.0034348964691162,0.9172079563140869,0.8885436654090881,1.101767659187317,0.2135879397392273,0.5226876735687256,0.3734669089317322,0.20974311232566833
254,254,0.025347398594021797,,,,,,,,,
255,255,,,1.003373622894287,0.9171526432037354,0.8883667588233948,1.1024445295333862,0.21380019187927246,0.5226104259490967,0.3737058937549591,0.20974311232566833
255,255,0.025297196581959724,,,,,,,,,
256,256,,,1.0033143758773804,0.9170964956283569,0.8881919980049133,1.1031070947647095,0.2140101194381714,0.5225316286087036,0.3739392161369324,0.20974311232566833
256,256,0.02524695359170437,,,,,,,,,
257,257,,,1.003257393836975,0.917039692401886,0.888019323348999,1.1037555932998657,0.21421779692173004,0.5224511623382568,0.3741668164730072,0.20974311232566833
257,257,0.025196658447384834,,,,,,,,,
258,258,,,1.0032024383544922,0.9169821739196777,0.8878488540649414,1.1043895483016968,0.21442316472530365,0.5223689079284668,0.37438860535621643,0.20974311232566833
258,258,0.02514631673693657,,,,,,,,,
259,259,,,1.0031489133834839,0.9169242978096008,0.8876805901527405,1.1050093173980713,0.21462617814540863,0.5222849249839783,0.3746044635772705,0.20974311232566833
259,259,0.02509593591094017,,,,,,,,,
260,260,,,1.0030969381332397,0.9168663620948792,0.887514591217041,1.105614423751831,0.21482712030410767,0.5221991539001465,0.3748144805431366,0.20974311232566833
260,260,0.02504550665616989,,,,,,,,,
261,261,,,1.003047227859497,0.9168078303337097,0.8873509168624878,1.1062051057815552,0.2150258868932724,0.5221114754676819,0.37501850724220276,0.20974311232566833
261,261,0.024995017796754837,,,,,,,,,
262,262,,,1.0029995441436768,0.9167487621307373,0.8871896266937256,1.106781244277954,0.21522220969200134,0.5220219492912292,0.3752167224884033,0.20974311232566833
262,262,0.024944473057985306,,,,,,,,,
263,263,,,1.002954363822937,0.9166894555091858,0.8870306611061096,1.1073428392410278,0.21541650593280792,0.5219305753707886,0.37540894746780396,0.20974311232566833
263,263,0.024893885478377342,,,,,,,,,
264,264,,,1.0029114484786987,0.9166297912597656,0.8868741393089294,1.1078898906707764,0.21560858190059662,0.5218372941017151,0.37559521198272705,0.20974311232566833
264,264,0.024843232706189156,,,,,,,,,
265,265,,,1.0028704404830933,0.9165704846382141,0.8867200016975403,1.1084222793579102,0.21579855680465698,0.5217422246932983,0.37577560544013977,0.20974311232566833
265,265,0.024792522192001343,,,,,,,,,
266,266,,,1.002832055091858,0.9165108799934387,0.8865684270858765,1.1089401245117188,0.21598635613918304,0.521645188331604,0.3759499788284302,0.20974311232566833
266,266,0.024741744622588158,,,,,,,,,
267,267,,,1.0027962923049927,0.9164511561393738,0.886419415473938,1.109443187713623,0.21617195010185242,0.5215460062026978,0.3761182725429535,0.20974311232566833
267,267,0.024690907448530197,,,,,,,,,
268,268,,,1.0027629137039185,0.9163913130760193,0.8862729668617249,1.1099315881729126,0.21635544300079346,0.5214449167251587,0.37628060579299927,0.20974311232566833
268,268,0.024640023708343506,,,,,,,,,
269,269,,,1.0027318000793457,0.9163312315940857,0.8861291408538818,1.1104050874710083,0.2165367603302002,0.5213417410850525,0.3764367699623108,0.20974311232566833
269,269,0.024589048698544502,,,,,,,,,
270,270,,,1.002703309059143,0.9162712097167969,0.8859879970550537,1.1108639240264893,0.216716006398201,0.5212364792823792,0.3765869438648224,0.20974311232566833
270,270,0.02453799918293953,,,,,,,,,
271,271,,,1.0026775598526,0.9162108898162842,0.8858494758605957,1.1113077402114868,0.2168935239315033,0.5211291313171387,0.3767309784889221,0.20974311232566833
271,271,0.024486903101205826,,,,,,,,,
272,272,,,1.0026545524597168,0.9161510467529297,0.8857136368751526,1.1117370128631592,0.2170693576335907,0.5210198163986206,0.3768690228462219,0.20974311232566833
272,272,0.024435725063085556,,,,,,,,,
273,273,,,1.0026345252990723,0.9160910844802856,0.8855805397033691,1.1121513843536377,0.21724317967891693,0.5209084153175354,0.37700098752975464,0.20974311232566833
273,273,0.02438446320593357,,,,,,,,,
274,274,,,1.002617359161377,0.9160310626029968,0.8854502439498901,1.1125508546829224,0.21741542220115662,0.5207947492599487,0.3771267235279083,0.20974311232566833
274,274,0.024333132430911064,,,,,,,,,
275,275,,,1.0026030540466309,0.9159711599349976,0.8853228092193604,1.1129354238510132,0.21758589148521423,0.5206789374351501,0.3772464096546173,0.20974311232566833
275,275,0.02428172528743744,,,,,,,,,
276,276,,,1.0025914907455444,0.9159114360809326,0.8851981163024902,1.1133052110671997,0.21775493025779724,0.5205608606338501,0.37735995650291443,0.20974311232566833
276,276,0.0242302305996418,,,,,,,,,
277,277,,,1.0025829076766968,0.9158515334129333,0.8850762844085693,1.1136598587036133,0.21792250871658325,0.5204405784606934,0.37746724486351013,0.20974311232566833
277,277,0.02417866885662079,,,,,,,,,
278,278,,,1.0025774240493774,0.9157916903495789,0.8849572539329529,1.1139999628067017,0.21808873116970062,0.5203180909156799,0.3775685131549835,0.20974311232566833
278,278,0.024126997217535973,,,,,,,,,
279,279,,,1.002575397491455,0.9157317280769348,0.8848410248756409,1.1143248081207275,0.2182537168264389,0.5201932191848755,0.3776634931564331,0.20974311232566833
279,279,0.024075252935290337,,,,,,,,,
280,280,,,1.0025765895843506,0.9156718254089355,0.8847275972366333,1.1146348714828491,0.21841758489608765,0.5200660228729248,0.3777523934841156,0.20974311232566833
280,280,0.02402340993285179,,,,,,,,,
281,281,,,1.0025808811187744,0.9156121611595154,0.8846170902252197,1.114930272102356,0.2185804694890976,0.5199366807937622,0.3778352439403534,0.20974311232566833
281,281,0.02397148311138153,,,,,,,,,
282,282,,,1.0025883913040161,0.9155523777008057,0.8845093250274658,1.1152105331420898,0.21874217689037323,0.5198047757148743,0.3779117166996002,0.20974311232566833
282,282,0.023919468745589256,,,,,,,,,
283,283,,,1.0025994777679443,0.9154926538467407,0.8844045400619507,1.1154756546020508,0.21890273690223694,0.5196702480316162,0.377981960773468,0.20974311232566833
283,283,0.023867355659604073,,,,,,,,,
284,284,,,1.0026143789291382,0.915432870388031,0.8843026161193848,1.1157258749008179,0.21906229853630066,0.5195331573486328,0.3780459463596344,0.20974311232566833
284,284,0.023815153166651726,,,,,,,,,
285,285,,,1.0026326179504395,0.9153730869293213,0.8842034339904785,1.1159614324569702,0.2192210555076599,0.519393801689148,0.3781038522720337,0.20974311232566833
285,285,0.023762838914990425,,,,,,,,,
286,286,,,1.0026538372039795,0.9153134226799011,0.8841069340705872,1.1161823272705078,0.21937885880470276,0.5192520022392273,0.37815558910369873,0.20974311232566833
286,286,0.023710427805781364,,,,,,,,,
287,287,,,1.002679467201233,0.9152531623840332,0.8840131759643555,1.1163880825042725,0.2195359319448471,0.519107460975647,0.37820106744766235,0.20974311232566833
287,287,0.02365792728960514,,,,,,,,,
288,288,,,1.002709150314331,0.9151924848556519,0.8839221596717834,1.1165789365768433,0.21969234943389893,0.518960177898407,0.3782402276992798,0.20974311232566833
288,288,0.023605315014719963,,,,,,,,,
289,289,,,1.0027426481246948,0.915131688117981,0.8838338851928711,1.1167548894882202,0.21984833478927612,0.5188102722167969,0.37827324867248535,0.20974311232566833
289,289,0.02355261892080307,,,,,,,,,
290,290,,,1.0027796030044556,0.9150711894035339,0.8837481737136841,1.1169161796569824,0.22000373899936676,0.5186579823493958,0.37830013036727905,0.20974311232566833
290,290,0.023499803617596626,,,,,,,,,
291,291,,,1.002820372581482,0.915010392665863,0.883665144443512,1.1170628070831299,0.220158651471138,0.5185028910636902,0.37832072377204895,0.20974311232566833
291,291,0.023446880280971527,,,,,,,,,
292,292,,,1.0028657913208008,0.9149484634399414,0.88358473777771,1.1171941757202148,0.2203131467103958,0.5183447599411011,0.37833499908447266,0.20974311232566833
292,292,0.02339385449886322,,,,,,,,,
293,293,,,1.002915382385254,0.9148859977722168,0.8835068345069885,1.1173110008239746,0.22046729922294617,0.5181839466094971,0.37834304571151733,0.20974311232566833
293,293,0.02334071882069111,,,,,,,,,
294,294,,,1.0029687881469727,0.9148233532905579,0.8834311962127686,1.1174135208129883,0.2206212729215622,0.518020510673523,0.3783451318740845,0.20974311232566833
294,294,0.023287486284971237,,,,,,,,,
295,295,,,1.0030263662338257,0.9147600531578064,0.8833579421043396,1.1175012588500977,0.22077509760856628,0.5178543329238892,0.3783409595489502,0.20974311232566833
295,295,0.023234132677316666,,,,,,,,,
296,296,,,1.0030884742736816,0.9146958589553833,0.8832871317863464,1.1175742149353027,0.22092874348163605,0.5176851153373718,0.3783305287361145,0.20974311232566833
296,296,0.023180674761533737,,,,,,,,,
297,297,,,1.00315523147583,0.9146311283111572,0.8832186460494995,1.1176323890686035,0.22108228504657745,0.5175127983093262,0.3783137798309326,0.20974311232566833
297,297,0.023127108812332153,,,,,,,,,
298,298,,,1.0032260417938232,0.9145656228065491,0.8831523656845093,1.1176761388778687,0.22123591601848602,0.5173376798629761,0.3782908618450165,0.20974311232566833
298,298,0.02307342179119587,,,,,,,,,
299,299,,0.02301963046193123,,,,,,,,
299,299,,,1.0033013820648193,0.9144994616508484,0.883088231086731,1.1177053451538086,0.22138968110084534,0.5171594619750977,0.3782617747783661,0.20974311232566833
299,299,0.02301963046193123,,,,,,,,,
300,300,,,1.0033812522888184,0.9144321084022522,0.8830263614654541,1.117720127105713,0.2215435653924942,0.51697838306427,0.37822654843330383,0.20974311232566833
300,300,0.02296573668718338,,,,,,,,,
301,301,,,1.0034664869308472,0.9143632650375366,0.8829665184020996,1.1177202463150024,0.22169770300388336,0.5167940258979797,0.37818509340286255,0.20974311232566833
301,301,0.02291172556579113,,,,,,,,,
302,302,,,1.0035560131072998,0.9142932891845703,0.882908821105957,1.117706060409546,0.22185203433036804,0.5166065096855164,0.37813740968704224,0.20974311232566833
302,302,0.022857606410980225,,,,,,,,,
303,303,,,1.003650188446045,0.9142224788665771,0.8828533291816711,1.1176776885986328,0.2220066785812378,0.5164160132408142,0.3780837655067444,0.20974311232566833
303,303,0.02280336618423462,,,,,,,,,
304,304,,,1.003749132156372,0.914150595664978,0.8827998042106628,1.1176350116729736,0.22216157615184784,0.516222357749939,0.37802398204803467,0.20974311232566833
304,304,0.022749030962586403,,,,,,,,,
305,305,,,1.003853440284729,0.9140768647193909,0.8827484250068665,1.1175779104232788,0.22231660783290863,0.5160252451896667,0.37795791029930115,0.20974311232566833
305,305,0.022694570943713188,,,,,,,,,
306,306,,,1.0039622783660889,0.9140016436576843,0.8826991319656372,1.1175066232681274,0.22247186303138733,0.5158249139785767,0.3778857886791229,0.20974311232566833
306,306,0.022640014067292213,,,,,,,,,
307,307,,,1.0040757656097412,0.9139249920845032,0.8826517462730408,1.1174215078353882,0.22262755036354065,0.5156214237213135,0.37780773639678955,0.20974311232566833
307,307,0.022585349157452583,,,,,,,,,
308,308,,,1.004194736480713,0.9138463735580444,0.8826063871383667,1.1173222064971924,0.22278377413749695,0.5154145956039429,0.3777235150337219,0.20974311232566833
308,308,0.02253057435154915,,,,,,,,,
309,309,,,1.0043193101882935,0.9137657284736633,0.882563054561615,1.11720871925354,0.22294040024280548,0.5152042508125305,0.3776332139968872,0.20974311232566833
309,309,0.022475698962807655,,,,,,,,,
310,310,,,1.004448652267456,0.9136836528778076,0.8825217485427856,1.1170814037322998,0.22309750318527222,0.5149905681610107,0.37753692269325256,0.20974311232566833
310,310,0.02242070995271206,,,,,,,,,
311,311,,,1.0045830011367798,0.9135997891426086,0.8824824094772339,1.1169403791427612,0.22325505316257477,0.5147735476493835,0.37743470072746277,0.20974311232566833
311,311,0.022365616634488106,,,,,,,,,
312,312,,,1.0047224760055542,0.9135134220123291,0.8824449777603149,1.1167854070663452,0.22341299057006836,0.5145527720451355,0.3773263692855835,0.20974311232566833
312,312,0.02231043390929699,,,,,,,,,
313,313,,,1.0048675537109375,0.9134246706962585,0.8824095129966736,1.1166166067123413,0.2235712856054306,0.5143285393714905,0.3772121071815491,0.20974311232566833
313,313,0.022255156189203262,,,,,,,,,
314,314,,,1.0050182342529297,0.9133332967758179,0.8823757767677307,1.1164342164993286,0.22373004257678986,0.5141006112098694,0.3770918846130371,0.20974311232566833
314,314,0.02219977416098118,,,,,,,,,
315,315,,,1.005173683166504,0.9132401347160339,0.8823439478874207,1.1162384748458862,0.22388920187950134,0.5138693451881409,0.37696585059165955,0.20974311232566833
315,315,0.022144295275211334,,,,,,,,,
316,316,,,1.0053349733352661,0.9131445288658142,0.8823139667510986,1.1160292625427246,0.2240487039089203,0.513634443283081,0.376833975315094,0.20974311232566833
316,316,0.022088734433054924,,,,,,,,,
317,317,,,1.0055018663406372,0.9130462408065796,0.8822857737541199,1.1158064603805542,0.22420844435691833,0.5133957266807556,0.3766961693763733,0.20974311232566833
317,317,0.022033073008060455,,,,,,,,,
318,318,,,1.005674123764038,0.9129453897476196,0.8822592496871948,1.1155704259872437,0.22436854243278503,0.5131532549858093,0.3765525221824646,0.20974311232566833
318,318,0.021977335214614868,,,,,,,,,
319,319,,,1.0058518648147583,0.9128415584564209,0.8822344541549683,1.1153210401535034,0.22452892363071442,0.5129070281982422,0.3764030337333679,0.20974311232566833
319,319,0.02192150615155697,,,,,,,,,
320,320,,,1.0060349702835083,0.912734866142273,0.8822113275527954,1.1150586605072021,0.2246895432472229,0.512657105922699,0.3762478530406952,0.20974311232566833
320,320,0.0218655988574028,,,,,,,,,
321,321,,,1.0062235593795776,0.9126250743865967,0.8821898102760315,1.1147832870483398,0.22485028207302094,0.5124031901359558,0.37608686089515686,0.20974311232566833
321,321,0.021809615194797516,,,,,,,,,
322,322,,,1.0064173936843872,0.9125124216079712,0.8821699023246765,1.1144949197769165,0.22501125931739807,0.5121455192565918,0.3759201765060425,0.20974311232566833
322,322,0.021753564476966858,,,,,,,,,
323,323,,,1.0066173076629639,0.9123967885971069,0.8821514248847961,1.1141936779022217,0.2251722812652588,0.5118839740753174,0.37574782967567444,0.20974311232566833
323,323,0.02169744484126568,,,,,,,,,
324,324,,,1.006823182106018,0.9122776985168457,0.8821343183517456,1.1138797998428345,0.2253333181142807,0.511618435382843,0.3755698800086975,0.20974311232566833
324,324,0.02164125069975853,,,,,,,,,
325,325,,,1.0070343017578125,0.9121553301811218,0.8821187019348145,1.1135534048080444,0.22549422085285187,0.5113490223884583,0.3753863275051117,0.20974311232566833
325,325,0.021585002541542053,,,,,,,,,
326,326,,,1.0072507858276367,0.9120297431945801,0.8821044564247131,1.113214373588562,0.22565503418445587,0.5110756158828735,0.37519723176956177,0.20974311232566833
326,326,0.0215286985039711,,,,,,,,,
327,327,,,1.0074729919433594,0.9119004607200623,0.8820914030075073,1.1128630638122559,0.22581535577774048,0.5107980370521545,0.3750024735927582,0.20974311232566833
327,327,0.021472351625561714,,,,,,,,,
328,328,,,1.007700800895691,0.911767840385437,0.882079541683197,1.1124993562698364,0.22597527503967285,0.5105164051055908,0.37480223178863525,0.20974311232566833
328,328,0.021415941417217255,,,,,,,,,
329,329,,,1.0079340934753418,0.9116320013999939,0.8820688724517822,1.1121236085891724,0.22613470256328583,0.5102307796478271,0.37459662556648254,0.20974311232566833
329,329,0.02135949395596981,,,,,,,,,
330,330,,,1.0081729888916016,0.911492645740509,0.8820592164993286,1.1117359399795532,0.22629356384277344,0.5099411010742188,0.37438565492630005,0.20974311232566833
330,330,0.02130300924181938,,,,,,,,,
331,331,,,1.0084176063537598,0.9113495349884033,0.8820505738258362,1.111336350440979,0.22645172476768494,0.5096472501754761,0.374169260263443,0.20974311232566833
331,331,0.02124650403857231,,,,,,,,,
332,332,,,1.0086674690246582,0.9112024903297424,0.8820428848266602,1.1109248399734497,0.22660906612873077,0.5093491077423096,0.373947411775589,0.20974311232566833
332,332,0.021189963445067406,,,,,,,,,
333,333,,,1.0089226961135864,0.9110516905784607,0.882036030292511,1.1105016469955444,0.22676537930965424,0.509046733379364,0.37372028827667236,0.20974311232566833
333,333,0.02113339491188526,,,,,,,,,
334,334,,,1.0091829299926758,0.9108972549438477,0.8820300102233887,1.1100672483444214,0.22692057490348816,0.5087401866912842,0.37348800897598267,0.20974311232566833
334,334,0.021076811477541924,,,,,,,,,
335,335,,,1.0094491243362427,0.9107392430305481,0.8820246458053589,1.1096216440200806,0.2270745187997818,0.5084295868873596,0.37325069308280945,0.20974311232566833
335,335,0.02102023735642433,,,,,,,,,
336,336,,,1.009721279144287,0.9105772376060486,0.8820197582244873,1.1091647148132324,0.22722715139389038,0.5081145763397217,0.3730081021785736,0.20974311232566833
336,336,0.02096364088356495,,,,,,,,,
337,337,,,1.009998083114624,0.910411536693573,0.8820154666900635,1.1086968183517456,0.22737810015678406,0.5077954530715942,0.372760534286499,0.20974311232566833
337,337,0.020907051861286163,,,,,,,,,
338,338,,,1.010279655456543,0.9102420806884766,0.8820116519927979,1.1082183122634888,0.22752732038497925,0.507472038269043,0.3725079894065857,0.20974311232566833
338,338,0.020850474014878273,,,,,,,,,
339,339,,,1.0105669498443604,0.9100683331489563,0.8820081353187561,1.1077288389205933,0.22767464816570282,0.507144033908844,0.3722502887248993,0.20974311232566833
339,339,0.020793911069631577,,,,,,,,,
340,340,,,1.0108591318130493,0.9098907709121704,0.8820049166679382,1.1072286367416382,0.22781991958618164,0.5068116784095764,0.37198758125305176,0.20974311232566833
340,340,0.020737366750836372,,,,,,,,,
341,341,,,1.0111559629440308,0.9097096920013428,0.8820019364356995,1.1067184209823608,0.22796297073364258,0.5064751505851746,0.37172019481658936,0.20974311232566833
341,341,0.020680855959653854,,,,,,,,,
342,342,,,1.0114575624465942,0.9095250368118286,0.8819990158081055,1.1061979532241821,0.22810359299182892,0.5061343312263489,0.3714480698108673,0.20974311232566833
342,342,0.020624380558729172,,,,,,,,,
343,343,,,1.0117645263671875,0.9093364477157593,0.8819960951805115,1.1056673526763916,0.228241428732872,0.5057889223098755,0.3711710572242737,0.20974311232566833
343,343,0.02056794986128807,,,,,,,,,
344,344,,,1.0120757818222046,0.9091440439224243,0.8819930553436279,1.1051270961761475,0.22837643325328827,0.5054393410682678,0.37088948488235474,0.20974311232566833
344,344,0.02051156386733055,,,,,,,,,
345,345,,,1.0123915672302246,0.9089480638504028,0.8819897770881653,1.1045774221420288,0.22850848734378815,0.5050854086875916,0.3706033229827881,0.20974311232566833
345,345,0.020455215126276016,,,,,,,,,
346,346,,,1.0127118825912476,0.9087483286857605,0.8819863200187683,1.1040183305740356,0.22863715887069702,0.5047270655632019,0.3703126907348633,0.20974311232566833
346,346,0.020398957654833794,,,,,,,,,
347,347,,,1.0130366086959839,0.9085450768470764,0.8819825053215027,1.1034499406814575,0.22876259684562683,0.5043644309043884,0.3700175881385803,0.20974311232566833
347,347,0.0203427542001009,,,,,,,,,
348,348,,,1.013365387916565,0.9083384275436401,0.8819782137870789,1.102872610092163,0.2288842499256134,0.5039973258972168,0.3697180151939392,0.20974311232566833
348,348,0.02028662897646427,,,,,,,,,
349,349,,0.020230595022439957,,,,,,,,
349,349,,,1.0136981010437012,0.908128023147583,0.8819735050201416,1.102286458015442,0.22900205850601196,0.5036258697509766,0.36941421031951904,0.20974311232566833
349,349,0.020230595022439957,,,,,,,,,
350,350,,,1.0140347480773926,0.9079138040542603,0.881968080997467,1.1016918420791626,0.22911576926708221,0.5032500624656677,0.3691061735153198,0.20974311232566833
350,350,0.02017463743686676,,,,,,,,,
351,351,,,1.0143749713897705,0.907696545124054,0.8819620013237,1.1010890007019043,0.2292253077030182,0.5028700828552246,0.3687940835952759,0.20974311232566833
351,351,0.020118774846196175,,,,,,,,,
352,352,,,1.014719009399414,0.9074761271476746,0.881955087184906,1.100477933883667,0.22933031618595123,0.5024858117103577,0.3684779405593872,0.20974311232566833
352,352,0.02006302960216999,,,,,,,,,
353,353,,,1.0150667428970337,0.9072527885437012,0.8819472789764404,1.0998589992523193,0.22943046689033508,0.5020970702171326,0.3681578040122986,0.20974311232566833
353,353,0.020007379353046417,,,,,,,,,
354,354,,,1.015417456626892,0.9070263504981995,0.8819384574890137,1.0992323160171509,0.22952555119991302,0.5017040371894836,0.3678337037563324,0.20974311232566833
354,354,0.019951865077018738,,,,,,,,,
355,355,,,1.0157701969146729,0.9067966938018799,0.8819287419319153,1.098598599433899,0.2296152412891388,0.50130695104599,0.3675059378147125,0.20974311232566833
355,355,0.019896458834409714,,,,,,,,,
356,356,,,1.0161267518997192,0.9065639972686768,0.8819177150726318,1.0979573726654053,0.22969958186149597,0.5009053349494934,0.367174357175827,0.20974311232566833
356,356,0.019841184839606285,,,,,,,,,
357,357,,,1.0164858102798462,0.9063289165496826,0.8819055557250977,1.0973093509674072,0.2297782599925995,0.5004995465278625,0.36683911085128784,0.20974311232566833
357,357,0.0197860486805439,,,,,,,,,
358,358,,,1.0168472528457642,0.9060913920402527,0.8818922638893127,1.096655011177063,0.22985100746154785,0.5000898241996765,0.3665006458759308,0.20974311232566833
358,358,0.019731055945158005,,,,,,,,,
359,359,,,1.0172110795974731,0.9058511853218079,0.8818773627281189,1.0959943532943726,0.2299177050590515,0.4996761083602905,0.36615875363349915,0.20974311232566833
359,359,0.019676215946674347,,,,,,,,,
360,360,,,1.0175766944885254,0.9056082963943481,0.8818612694740295,1.0953272581100464,0.22997793555259705,0.4992579519748688,0.36581337451934814,0.20974311232566833
360,360,0.01962152309715748,,,,,,,,,
361,361,,,1.0179437398910522,0.905363142490387,0.8818435668945312,1.0946544408798218,0.23003146052360535,0.49883580207824707,0.36546480655670166,0.20974311232566833
361,361,0.019566988572478294,,,,,,,,,
362,362,,,1.0183120965957642,0.9051158428192139,0.8818245530128479,1.0939762592315674,0.2300782948732376,0.49840983748435974,0.3651132583618164,0.20974311232566833
362,362,0.019512619823217392,,,,,,,,,
363,363,,,1.0186822414398193,0.904866635799408,0.8818036913871765,1.0932927131652832,0.230118066072464,0.4979798197746277,0.36475870013237,0.20974311232566833
363,363,0.019458433613181114,,,,,,,,,
364,364,,,1.01905357837677,0.9046157002449036,0.881781280040741,1.092604398727417,0.23015062510967255,0.49754607677459717,0.3644014000892639,0.20974311232566833
364,364,0.019404400140047073,,,,,,,,,
365,365,,,1.0194252729415894,0.9043627381324768,0.8817571401596069,1.0919114351272583,0.23017548024654388,0.497108519077301,0.3640413284301758,0.20974311232566833
365,365,0.019350571557879448,,,,,,,,,
366,366,,,1.0197975635528564,0.9041082262992859,0.8817312121391296,1.0912139415740967,0.23019249737262726,0.4966670274734497,0.363678514957428,0.20974311232566833
366,366,0.019296914339065552,,,,,,,,,
367,367,,,1.020169973373413,0.9038521647453308,0.8817034959793091,1.0905122756958008,0.23020167648792267,0.4962218105792999,0.36331310868263245,0.20974311232566833
367,367,0.019243454560637474,,,,,,,,,
368,368,,,1.020542025566101,0.9035948514938354,0.8816741108894348,1.0898070335388184,0.2302025556564331,0.4957730770111084,0.3629454970359802,0.20974311232566833
368,368,0.019190188497304916,,,,,,,,,
369,369,,,1.0209143161773682,0.903336226940155,0.8816426992416382,1.0890980958938599,0.23019495606422424,0.4953206479549408,0.3625754714012146,0.20974311232566833
369,369,0.019137125462293625,,,,,,,,,
370,370,,,1.021286129951477,0.9030765295028687,0.881609320640564,1.088386058807373,0.23017874360084534,0.4948647916316986,0.36220332980155945,0.20974311232566833
370,370,0.019084244966506958,,,,,,,,,
371,371,,,1.0216567516326904,0.9028160572052002,0.8815740942955017,1.0876713991165161,0.23015375435352325,0.4944056570529938,0.3618292212486267,0.20974311232566833
371,371,0.019031599164009094,,,,,,,,,
372,372,,,1.0220259428024292,0.9025546908378601,0.8815369606018066,1.086954116821289,0.2301197052001953,0.49394315481185913,0.36145320534706116,0.20974311232566833
372,372,0.0189791452139616,,,,,,,,,
373,373,,,1.0223942995071411,0.9022926092147827,0.8814978003501892,1.086234211921692,0.23007646203041077,0.4934771656990051,0.3610752522945404,0.20974311232566833
373,373,0.01892690919339657,,,,,,,,,
374,374,,,1.0227603912353516,0.9020299911499023,0.8814566731452942,1.085512638092041,0.23002398014068604,0.4930081367492676,0.3606956899166107,0.20974311232566833
374,374,0.018874872475862503,,,,,,,,,
375,375,,,1.023124098777771,0.9017667770385742,0.8814136981964111,1.0847893953323364,0.22996175289154053,0.49253612756729126,0.36031460762023926,0.20974311232566833
375,375,0.018823066726326942,,,,,,,,,
376,376,,,1.023485541343689,0.9015032052993774,0.8813686370849609,1.0840649604797363,0.22988981008529663,0.49206113815307617,0.35993221402168274,0.20974311232566833
376,376,0.01877148076891899,,,,,,,,,
377,377,,,1.023844838142395,0.9012396931648254,0.8813214898109436,1.0833393335342407,0.22980783879756927,0.4915831685066223,0.359548419713974,0.20974311232566833
377,377,0.018720103427767754,,,,,,,,,
378,378,,,1.0242011547088623,0.900976300239563,0.8812724947929382,1.082613229751587,0.229715958237648,0.49110254645347595,0.35916364192962646,0.20974311232566833
378,378,0.018668964505195618,,,,,,,,,
379,379,,,1.0245537757873535,0.9007128477096558,0.8812214136123657,1.0818867683410645,0.2296137809753418,0.49061939120292664,0.35877788066864014,0.20974311232566833
379,379,0.018618028610944748,,,,,,,,,
380,380,,,1.0249031782150269,0.9004490375518799,0.8811683058738708,1.0811604261398315,0.22950106859207153,0.4901336431503296,0.3583912253379822,0.20974311232566833
380,380,0.018567336723208427,,,,,,,,,
381,381,,,1.025248646736145,0.9001855254173279,0.8811132311820984,1.0804340839385986,0.22937776148319244,0.4896453320980072,0.358003705739975,0.20974311232566833
381,381,0.018516846001148224,,,,,,,,,
382,382,,,1.0255893468856812,0.8999225497245789,0.8810562491416931,1.0797083377838135,0.2292437106370926,0.48915478587150574,0.3576156497001648,0.20974311232566833
382,382,0.01846660114824772,,,,,,,,,
383,383,,,1.0259257555007935,0.8996601104736328,0.8809972405433655,1.0789833068847656,0.229098841547966,0.48866182565689087,0.3572269380092621,0.20974311232566833
383,383,0.018416577950119972,,,,,,,,,
384,384,,,1.0262579917907715,0.8993980288505554,0.8809360861778259,1.0782595872879028,0.22894299030303955,0.48816677927970886,0.3568378984928131,0.20974311232566833
384,384,0.018366774544119835,,,,,,,,,
385,385,,,1.026584506034851,0.899136483669281,0.8808728456497192,1.0775376558303833,0.22877603769302368,0.48767006397247314,0.35644882917404175,0.20974311232566833
385,385,0.018317194655537605,,,,,,,,,
386,386,,,1.026906132698059,0.8988757133483887,0.8808075189590454,1.076817512512207,0.22859813272953033,0.487171471118927,0.35605964064598083,0.20974311232566833
386,386,0.018267842009663582,,,,,,,,,
387,387,,,1.0272225141525269,0.8986159563064575,0.8807398080825806,1.0760990381240845,0.2284088432788849,0.4866708219051361,0.3556702435016632,0.20974311232566833
387,387,0.018218711018562317,,,,,,,,,
388,388,,,1.0275325775146484,0.8983571529388428,0.8806700110435486,1.075383186340332,0.2282080203294754,0.4861688017845154,0.3552810847759247,0.20974311232566833
388,388,0.01816980354487896,,,,,,,,,
389,389,,,1.027835726737976,0.898098886013031,0.8805980682373047,1.0746700763702393,0.227995827794075,0.48566538095474243,0.35489216446876526,0.20974311232566833
389,389,0.018121112138032913,,,,,,,,,
390,390,,,1.028132677078247,0.8978411555290222,0.8805235624313354,1.0739598274230957,0.22777196764945984,0.48516038060188293,0.3545035123825073,0.20974311232566833
390,390,0.01807265169918537,,,,,,,,,
391,391,,,1.0284231901168823,0.8975846767425537,0.88044673204422,1.0732526779174805,0.2275366485118866,0.48465415835380554,0.3541153073310852,0.20974311232566833
391,391,0.018024396151304245,,,,,,,,,
392,392,,,1.028706669807434,0.8973297476768494,0.8803674578666687,1.0725493431091309,0.22728966176509857,0.48414716124534607,0.3537278175354004,0.20974311232566833
392,392,0.017976362258195877,,,,,,,,,
393,393,,,1.0289827585220337,0.8970757722854614,0.8802856206893921,1.0718498229980469,0.22703108191490173,0.48363929986953735,0.35334113240242004,0.20974311232566833
393,393,0.017928536981344223,,,,,,,,,
394,394,,,1.0292515754699707,0.8968225717544556,0.8802012801170349,1.071153998374939,0.22676081955432892,0.4831303656101227,0.35295504331588745,0.20974311232566833
394,394,0.01788092777132988,,,,,,,,,
395,395,,,1.0295127630233765,0.8965705037117004,0.880114734172821,1.0704624652862549,0.22647882997989655,0.4826206564903259,0.3525698781013489,0.20974311232566833
395,395,0.017833521589636803,,,,,,,,,
396,396,,,1.0297651290893555,0.896319568157196,0.8800264000892639,1.0697757005691528,0.2261849343776703,0.4821106493473053,0.3521858751773834,0.20974311232566833
396,396,0.017786329612135887,,,,,,,,,
397,397,,,1.030009388923645,0.8960698843002319,0.879936158657074,1.0690935850143433,0.2258792519569397,0.481600284576416,0.3518030643463135,0.20974311232566833
397,397,0.01773933507502079,,,,,,,,,
398,398,,,1.0302461385726929,0.8958214521408081,0.879844069480896,1.0684163570404053,0.22556151449680328,0.48108938336372375,0.3514215052127838,0.20974311232566833
398,398,0.017692547291517258,,,,,,,,,
399,399,,0.017645958811044693,,,,,,,,
399,399,,,1.0304735898971558,0.895574152469635,0.8797504901885986,1.0677446126937866,0.22523199021816254,0.4805786907672882,0.3510414659976959,0.20974311232566833
399,399,0.017645958811044693,,,,,,,,,
400,400,,,1.0306921005249023,0.8953279256820679,0.8796557784080505,1.067078709602356,0.22489063441753387,0.48006829619407654,0.3506631553173065,0.20974311232566833
400,400,0.0175995621830225,,,,,,,,,
401,401,,,1.0309020280838013,0.8950831294059753,0.8795596361160278,1.0664180517196655,0.22453758120536804,0.47955766320228577,0.35028624534606934,0.20974311232566833
401,401,0.017553361132740974,,,,,,,,,
402,402,,,1.0311027765274048,0.8948395252227783,0.8794625401496887,1.0657631158828735,0.2241726964712143,0.4790472984313965,0.349911093711853,0.20974311232566833
402,402,0.017507357522845268,,,,,,,,,
403,403,,,1.0312933921813965,0.8945971727371216,0.8793647289276123,1.0651146173477173,0.22379617393016815,0.4785377085208893,0.3495379686355591,0.20974311232566833
403,403,0.01746153086423874,,,,,,,,,
404,404,,,1.0314743518829346,0.8943554162979126,0.8792662024497986,1.0644723176956177,0.2234078049659729,0.4780285954475403,0.34916672110557556,0.20974311232566833
404,404,0.01741589605808258,,,,,,,,,
405,405,,,1.031646490097046,0.8941149115562439,0.8791669011116028,1.0638359785079956,0.22300785779953003,0.4775199294090271,0.34879744052886963,0.20974311232566833
405,405,0.017370443791151047,,,,,,,,,
406,406,,,1.0318083763122559,0.8938762545585632,0.8790673017501831,1.063206672668457,0.22259624302387238,0.4770125448703766,0.34843045473098755,0.20974311232566833
406,406,0.017325175926089287,,,,,,,,,
407,407,,,1.0319602489471436,0.8936384916305542,0.8789675831794739,1.0625845193862915,0.22217313945293427,0.47650638222694397,0.34806597232818604,0.20974311232566833
407,407,0.017280075699090958,,,,,,,,,
408,408,,,1.0321022272109985,0.8934013843536377,0.8788674473762512,1.0619688034057617,0.22173844277858734,0.47600093483924866,0.3477035462856293,0.20974311232566833
408,408,0.017235159873962402,,,,,,,,,
409,409,,,1.0322335958480835,0.8931654095649719,0.8787673711776733,1.0613601207733154,0.2212923765182495,0.475496768951416,0.34734347462654114,0.20974311232566833
409,409,0.017190396785736084,,,,,,,,,
410,410,,,1.032354474067688,0.8929305076599121,0.8786676526069641,1.0607590675354004,0.2208348959684372,0.474994421005249,0.34698620438575745,0.20974311232566833
410,410,0.01714581996202469,,,,,,,,,
411,411,,,1.0324649810791016,0.8926968574523926,0.8785680532455444,1.0601651668548584,0.2203662395477295,0.47449347376823425,0.34663140773773193,0.20974311232566833
411,411,0.017101401463150978,,,,,,,,,
412,412,,,1.032565712928772,0.892464280128479,0.8784686326980591,1.059578537940979,0.2198864221572876,0.47399401664733887,0.34627923369407654,0.20974311232566833
412,412,0.01705714873969555,,,,,,,,,
413,413,,,1.032655119895935,0.8922324776649475,0.878369927406311,1.0589998960494995,0.21939554810523987,0.4734967350959778,0.34592998027801514,0.20974311232566833
413,413,0.0170130617916584,,,,,,,,,
414,414,,,1.032733678817749,0.8920015096664429,0.8782718777656555,1.0584291219711304,0.21889370679855347,0.473001629114151,0.34558361768722534,0.20974311232566833
414,414,0.016969123855233192,,,,,,,,,
415,415,,,1.0328023433685303,0.8917712569236755,0.8781742453575134,1.0578656196594238,0.21838097274303436,0.4725080728530884,0.34523993730545044,0.20974311232566833
415,415,0.016925353556871414,,,,,,,,,
416,416,,,1.0328596830368042,0.8915420174598694,0.8780776262283325,1.0573103427886963,0.21785753965377808,0.4720171391963959,0.34489935636520386,0.20974311232566833
416,416,0.016881737858057022,,,,,,,,,
417,417,,,1.0329060554504395,0.8913137316703796,0.8779819011688232,1.0567632913589478,0.2173234224319458,0.47152867913246155,0.3445618748664856,0.20974311232566833
417,417,0.01683826930820942,,,,,,,,,
418,418,,,1.0329424142837524,0.891086220741272,0.8778870105743408,1.0562238693237305,0.2167789489030838,0.4710424542427063,0.3442273736000061,0.20974311232566833
418,418,0.016794949769973755,,,,,,,,,
419,419,,,1.0329673290252686,0.8908593654632568,0.8777933120727539,1.0556930303573608,0.21622414886951447,0.47055912017822266,0.34389612078666687,0.20974311232566833
419,419,0.016751782968640327,,,,,,,,,
420,420,,,1.0329816341400146,0.8906332850456238,0.8777007460594177,1.0551701784133911,0.2156589776277542,0.47007837891578674,0.34356799721717834,0.20974311232566833
420,420,0.016708770766854286,,,,,,,,,
421,421,,,1.0329848527908325,0.8904078602790833,0.8776094317436218,1.0546557903289795,0.21508383750915527,0.4696006774902344,0.34324321150779724,0.20974311232566833
421,421,0.016665887087583542,,,,,,,,,
422,422,,,1.032977819442749,0.8901830911636353,0.8775192499160767,1.0541496276855469,0.21449874341487885,0.46912580728530884,0.3429217040538788,0.20974311232566833
422,422,0.01662316732108593,,,,,,,,,
423,423,,,1.0329596996307373,0.8899589776992798,0.8774304986000061,1.0536519289016724,0.21390368044376373,0.46865424513816833,0.3426035940647125,0.20974311232566833
423,423,0.016580579802393913,,,,,,,,,
424,424,,,1.032930612564087,0.8897356390953064,0.8773432374000549,1.0531628131866455,0.2132989764213562,0.46818599104881287,0.342289000749588,0.20974311232566833
424,424,0.016538133844733238,,,,,,,,,
425,425,,,1.0328913927078247,0.8895128965377808,0.8772572875022888,1.052681803703308,0.21268469095230103,0.46772080659866333,0.34197765588760376,0.20974311232566833
425,425,0.016495833173394203,,,,,,,,,
426,426,,,1.032841444015503,0.8892907500267029,0.8771728277206421,1.052209496498108,0.21206115186214447,0.46725910902023315,0.34166985750198364,0.20974311232566833
426,426,0.01645367406308651,,,,,,,,,
427,427,,,1.0327799320220947,0.8890685439109802,0.8770900964736938,1.051746129989624,0.21142838895320892,0.4668014943599701,0.3413657546043396,0.20974311232566833
427,427,0.016411645337939262,,,,,,,,,
428,428,,,1.0327086448669434,0.8888468742370605,0.8770087957382202,1.0512911081314087,0.2107866257429123,0.46634721755981445,0.34106510877609253,0.20974311232566833
428,428,0.016369758173823357,,,,,,,,,
429,429,,,1.0326274633407593,0.8886260390281677,0.8769288063049316,1.0508443117141724,0.21013590693473816,0.4658966064453125,0.3407679796218872,0.20974311232566833
429,429,0.016328003257513046,,,,,,,,,
430,430,,,1.0325348377227783,0.888405978679657,0.8768507838249207,1.0504070520401,0.2094765305519104,0.4654507040977478,0.3404749631881714,0.20974311232566833
430,430,0.016286393627524376,,,,,,,,,
431,431,,,1.032432198524475,0.8881860971450806,0.8767743110656738,1.0499780178070068,0.20880863070487976,0.465008407831192,0.34018537402153015,0.20974311232566833
431,431,0.016244906932115555,,,,,,,,,
432,432,,,1.0323199033737183,0.8879664540290833,0.8766992688179016,1.0495573282241821,0.20813240110874176,0.4645698666572571,0.3398992419242859,0.20974311232566833
432,432,0.016203567385673523,,,,,,,,,
433,433,,,1.0321964025497437,0.8877471089363098,0.8766261339187622,1.049146056175232,0.20744800567626953,0.4641362130641937,0.3396172821521759,0.20974311232566833
433,433,0.016162363812327385,,,,,,,,,
434,434,,,1.0320634841918945,0.8875287771224976,0.8765544295310974,1.0487431287765503,0.20675553381443024,0.4637067914009094,0.3393389880657196,0.20974311232566833
434,434,0.016121290624141693,,,,,,,,,
435,435,,,1.0319212675094604,0.8873110413551331,0.8764842748641968,1.0483485460281372,0.20605531334877014,0.463281512260437,0.3390643000602722,0.20974311232566833
435,435,0.016080345958471298,,,,,,,,,
436,436,,,1.0317683219909668,0.8870934247970581,0.8764157891273499,1.047963261604309,0.20534734427928925,0.46286118030548096,0.33879369497299194,0.20974311232566833
436,436,0.0160395335406065,,,,,,,,,
437,437,,,1.0316059589385986,0.8868760466575623,0.8763489723205566,1.047586441040039,0.20463187992572784,0.46244534850120544,0.3385268449783325,0.20974311232566833
437,437,0.015998871996998787,,,,,,,,,
438,438,,,1.0314339399337769,0.8866589665412903,0.8762837052345276,1.0472183227539062,0.2039090096950531,0.4620342552661896,0.33826392889022827,0.20974311232566833
438,438,0.015958329662680626,,,,,,,,,
439,439,,,1.0312527418136597,0.8864427804946899,0.8762198686599731,1.0468590259552002,0.20317889750003815,0.4616280198097229,0.3380049467086792,0.20974311232566833
439,439,0.01591792330145836,,,,,,,,,
440,440,,,1.0310622453689575,0.886227011680603,0.8761575222015381,1.0465086698532104,0.20244182646274567,0.4612269401550293,0.33774998784065247,0.20974311232566833
440,440,0.015877649188041687,,,,,,,,,
441,441,,,1.030862808227539,0.8860117197036743,0.8760965466499329,1.0461668968200684,0.20169803500175476,0.4608307480812073,0.3374989628791809,0.20974311232566833
441,441,0.015837516635656357,,,,,,,,,
442,442,,,1.0306540727615356,0.8857964277267456,0.8760371804237366,1.0458341836929321,0.2009476125240326,0.4604399502277374,0.33725208044052124,0.20974311232566833
442,442,0.015797516331076622,,,,,,,,,
443,443,,,1.0304359197616577,0.8855815529823303,0.8759791254997253,1.0455100536346436,0.20019054412841797,0.4600542187690735,0.33700913190841675,0.20974311232566833
443,443,0.01575765758752823,,,,,,,,,
444,444,,,1.0302093029022217,0.8853676915168762,0.8759223222732544,1.045194387435913,0.19942723214626312,0.45967358350753784,0.3367699980735779,0.20974311232566833
444,444,0.015717921778559685,,,,,,,,,
445,445,,,1.0299744606018066,0.8851543664932251,0.875866711139679,1.044887661933899,0.1986580789089203,0.45929858088493347,0.33653515577316284,0.20974311232566833
445,445,0.015678316354751587,,,,,,,,,
446,446,,,1.029731273651123,0.8849415183067322,0.8758123517036438,1.044589877128601,0.1978829950094223,0.4589292109012604,0.3363044857978821,0.20974311232566833
446,446,0.01563885807991028,,,,,,,,,
447,447,,,1.0294795036315918,0.8847290277481079,0.8757591843605042,1.0443010330200195,0.19710201025009155,0.45856550335884094,0.3360779881477356,0.20974311232566833
447,447,0.015599534846842289,,,,,,,,,
448,448,,,1.0292198657989502,0.884517252445221,0.8757069706916809,1.0440205335617065,0.19631534814834595,0.45820707082748413,0.3358554542064667,0.20974311232566833
448,448,0.015560351312160492,,,,,,,,,
449,449,,0.015521295368671417,,,,,,,,
449,449,,,1.0289521217346191,0.8843063712120056,0.8756558299064636,1.043749213218689,0.19552327692508698,0.45785462856292725,0.3356372117996216,0.20974311232566833
449,449,0.015521295368671417,,,,,,,,,
450,450,,,1.02867591381073,0.8840959072113037,0.875605583190918,1.0434865951538086,0.19472593069076538,0.4575081169605255,0.33542317152023315,0.20974311232566833
450,450,0.015482380986213684,,,,,,,,,
451,451,,,1.0283924341201782,0.8838861584663391,0.8755561113357544,1.0432329177856445,0.19392339885234833,0.45716750621795654,0.33521342277526855,0.20974311232566833
451,451,0.01544359140098095,,,,,,,,,
452,452,,,1.0281016826629639,0.8836771845817566,0.8755075335502625,1.0429879426956177,0.19311587512493134,0.45683276653289795,0.33500778675079346,0.20974311232566833
452,452,0.015404955483973026,,,,,,,,,
453,453,,,1.0278034210205078,0.8834691047668457,0.8754594922065735,1.0427517890930176,0.19230373203754425,0.4565041661262512,0.3348064422607422,0.20974311232566833
453,453,0.015366457402706146,,,,,,,,,
454,454,,,1.0274980068206787,0.8832617998123169,0.8754119277000427,1.0425244569778442,0.19148722290992737,0.4561818838119507,0.3346094787120819,0.20974311232566833
454,454,0.015328088775277138,,,,,,,,,
455,455,,,1.0271857976913452,0.8830550312995911,0.8753647804260254,1.042305827140808,0.19066627323627472,0.45586535334587097,0.33441656827926636,0.20974311232566833
455,455,0.015289870090782642,,,,,,,,,
456,456,,,1.0268665552139282,0.8828495144844055,0.8753179907798767,1.0420961380004883,0.18984094262123108,0.45555543899536133,0.3342282176017761,0.20974311232566833
456,456,0.015251782722771168,,,,,,,,,
457,457,,,1.0265405178070068,0.8826449513435364,0.8752714395523071,1.0418956279754639,0.18901146948337555,0.45525220036506653,0.33404430747032166,0.20974311232566833
457,457,0.015213832259178162,,,,,,,,,
458,458,,,1.0262088775634766,0.8824416995048523,0.8752247095108032,1.0417035818099976,0.18817777931690216,0.45495474338531494,0.3338644802570343,0.20974311232566833
458,458,0.015176031738519669,,,,,,,,,
459,459,,,1.0258699655532837,0.8822395205497742,0.875177800655365,1.041520595550537,0.18734028935432434,0.4546642005443573,0.33368921279907227,0.20974311232566833
459,459,0.015138369984924793,,,,,,,,,
460,460,,,1.025524616241455,0.8820380568504333,0.8751306533813477,1.0413469076156616,0.18649916350841522,0.45438042283058167,0.333518385887146,0.20974311232566833
460,460,0.015100848861038685,,,,,,,,,
461,461,,,1.0251739025115967,0.8818376064300537,0.8750832080841064,1.0411815643310547,0.18565447628498077,0.4541027843952179,0.33335182070732117,0.20974311232566833
461,461,0.015063473023474216,,,,,,,,,
462,462,,,1.0248173475265503,0.8816385865211487,0.8750354647636414,1.0410252809524536,0.18480654060840607,0.45383206009864807,0.3331897258758545,0.20974311232566833
462,462,0.015026233159005642,,,,,,,,,
463,463,,,1.0244548320770264,0.8814409971237183,0.8749871850013733,1.0408782958984375,0.18395550549030304,0.45356836915016174,0.3330323100090027,0.20974311232566833
463,463,0.014989136718213558,,,,,,,,,
464,464,,,1.02408766746521,0.8812447786331177,0.8749377727508545,1.04073965549469,0.18310128152370453,0.4533110558986664,0.33287912607192993,0.20974311232566833
464,464,0.01495219487696886,,,,,,,,,
465,465,,,1.0237146615982056,0.8810495734214783,0.8748878836631775,1.0406103134155273,0.18224425613880157,0.4530608654022217,0.33273056149482727,0.20974311232566833
465,465,0.01491539552807808,,,,,,,,,
466,466,,,1.0233361721038818,0.8808559775352478,0.8748375773429871,1.0404903888702393,0.18138448894023895,0.4528179466724396,0.33258676528930664,0.20974311232566833
466,466,0.014878740534186363,,,,,,,,,
467,467,,,1.0229535102844238,0.8806641101837158,0.8747864961624146,1.0403786897659302,0.1805218607187271,0.4525813162326813,0.3324471414089203,0.20974311232566833
467,467,0.014842220582067966,,,,,,,,,
468,468,,,1.0225653648376465,0.8804740309715271,0.8747345209121704,1.0402761697769165,0.17965659499168396,0.4523520767688751,0.33231228590011597,0.20974311232566833
468,468,0.014805851504206657,,,,,,,,,
469,469,,,1.0221729278564453,0.880285382270813,0.8746808767318726,1.0401830673217773,0.1787891387939453,0.45213010907173157,0.3321820795536041,0.20974311232566833
469,469,0.01476963423192501,,,,,,,,,
470,470,,,1.0217760801315308,0.8800981640815735,0.874626100063324,1.0400986671447754,0.17791949212551117,0.45191511511802673,0.3320563733577728,0.20974311232566833
470,470,0.014733557589352131,,,,,,,,,
471,471,,,1.0213749408721924,0.879912793636322,0.8745702505111694,1.0400234460830688,0.17704777419567108,0.4517074227333069,0.3319353759288788,0.20974311232566833
471,471,0.014697636477649212,,,,,,,,,
472,472,,,1.0209699869155884,0.8797296285629272,0.8745134472846985,1.039957046508789,0.17617417871952057,0.45150700211524963,0.3318190574645996,0.20974311232566833
472,472,0.01466185599565506,,,,,,,,,
473,473,,,1.0205613374710083,0.879548192024231,0.8744555711746216,1.0398998260498047,0.1752987653017044,0.4513137638568878,0.3317074179649353,0.20974311232566833
473,473,0.01462622918188572,,,,,,,,,
474,474,,,1.020148515701294,0.8793684840202332,0.8743960857391357,1.0398516654968262,0.1744215339422226,0.45112794637680054,0.33160048723220825,0.20974311232566833
474,474,0.014590739272534847,,,,,,,,,
475,475,,,1.0197317600250244,0.8791908621788025,0.8743343949317932,1.0398129224777222,0.17354261875152588,0.4509497880935669,0.3314983546733856,0.20974311232566833
475,475,0.01455541793256998,,,,,,,,,
476,476,,,1.0193126201629639,0.8790156841278076,0.8742710947990417,1.0397825241088867,0.17266221344470978,0.450778603553772,0.33140069246292114,0.20974311232566833
476,476,0.014520240016281605,,,,,,,,,
477,477,,,1.0188897848129272,0.8788424730300903,0.8742061853408813,1.0397615432739258,0.1717805117368698,0.4506150782108307,0.33130791783332825,0.20974311232566833
477,477,0.014485206454992294,,,,,,,,,
478,478,,,1.0184638500213623,0.8786716461181641,0.874139666557312,1.0397496223449707,0.17089781165122986,0.4504590630531311,0.331219881772995,0.20974311232566833
478,478,0.014450331218540668,,,,,,,,,
479,479,,,1.0180351734161377,0.878503143787384,0.8740715384483337,1.039746880531311,0.17001405358314514,0.450310617685318,0.33113670349121094,0.20974311232566833
479,479,0.014415604062378407,,,,,,,,,
480,480,,,1.0176043510437012,0.8783367872238159,0.8740014433860779,1.039752721786499,0.16912943124771118,0.45016950368881226,0.331058144569397,0.20974311232566833
480,480,0.014381022192537785,,,,,,,,,
481,481,,,1.017170786857605,0.8781728148460388,0.8739286661148071,1.039768099784851,0.16824406385421753,0.4500363767147064,0.33098456263542175,0.20974311232566833
481,481,0.014346595853567123,,,,,,,,,
482,482,,,1.0167348384857178,0.8780110478401184,0.8738534450531006,1.039792537689209,0.16735799610614777,0.4499109089374542,0.33091577887535095,0.20974311232566833
482,482,0.014312323182821274,,,,,,,,,
483,483,,,1.0162968635559082,0.8778519630432129,0.8737760782241821,1.0398255586624146,0.16647124290466309,0.4497927129268646,0.33085155487060547,0.20974311232566833
483,483,0.01427820511162281,,,,,,,,,
484,484,,,1.0158566236495972,0.8776956796646118,0.8736964464187622,1.039867639541626,0.16558405756950378,0.4496823847293854,0.33079224824905396,0.20974311232566833
484,484,0.01424423698335886,,,,,,,,,
485,485,,,1.0154149532318115,0.87754225730896,0.8736144304275513,1.0399186611175537,0.16469654440879822,0.449579656124115,0.3307376801967621,0.20974311232566833
485,485,0.014210427179932594,,,,,,,,,
486,486,,,1.014971375465393,0.877391517162323,0.8735300302505493,1.0399788618087769,0.16380871832370758,0.44948482513427734,0.3306880593299866,0.20974311232566833
486,486,0.01417677104473114,,,,,,,,,
487,487,,,1.0145268440246582,0.8772433400154114,0.8734430074691772,1.0400481224060059,0.16292081773281097,0.4493978023529053,0.33064332604408264,0.20974311232566833
487,487,0.014143274165689945,,,,,,,,,
488,488,,,1.014081358909607,0.8770983815193176,0.8733529448509216,1.0401259660720825,0.16203317046165466,0.4493183195590973,0.3306032717227936,0.20974311232566833
488,488,0.01410992257297039,,,,,,,,,
489,489,,,1.013634204864502,0.8769563436508179,0.8732600808143616,1.040212869644165,0.16114577651023865,0.44924694299697876,0.3305681347846985,0.20974311232566833
489,489,0.014076728373765945,,,,,,,,,
490,490,,,1.0131866931915283,0.8768173456192017,0.8731644749641418,1.040307879447937,0.16025860607624054,0.4491826593875885,0.3305375277996063,0.20974311232566833
490,490,0.014043700881302357,,,,,,,,,
491,491,,,1.01273775100708,0.8766809105873108,0.8730661273002625,1.0404123067855835,0.1593717485666275,0.44912660121917725,0.3305118978023529,0.20974311232566833
491,491,0.014010821469128132,,,,,,,,,
492,492,,,1.0122884511947632,0.8765475153923035,0.8729648590087891,1.0405256748199463,0.15848548710346222,0.4490785002708435,0.33049121499061584,0.20974311232566833
492,492,0.013978095725178719,,,,,,,,,
493,493,,,1.0118396282196045,0.8764175772666931,0.8728604912757874,1.040647029876709,0.15759988129138947,0.44903773069381714,0.3304750621318817,0.20974311232566833
493,493,0.013945534825325012,,,,,,,,,
494,494,,,1.0113900899887085,0.8762909770011902,0.8727527856826782,1.0407776832580566,0.1567150056362152,0.4490053057670593,0.3304639756679535,0.20974311232566833
494,494,0.013913123868405819,,,,,,,,,
495,495,,,1.0109405517578125,0.8761675357818604,0.8726418018341064,1.0409166812896729,0.15583109855651855,0.4489803612232208,0.33045750856399536,0.20974311232566833
495,495,0.013880878686904907,,,,,,,,,
496,496,,,1.010491132736206,0.8760471940040588,0.872527539730072,1.0410640239715576,0.1549479067325592,0.4489629566669464,0.3304556906223297,0.20974311232566833
496,496,0.013848787173628807,,,,,,,,,
497,497,,,1.0100420713424683,0.8759304881095886,0.872410237789154,1.0412200689315796,0.15406593680381775,0.448953777551651,0.3304588496685028,0.20974311232566833
497,497,0.013816856779158115,,,,,,,,,
498,498,,,1.0095936059951782,0.8758174180984497,0.8722899556159973,1.0413844585418701,0.15318500995635986,0.4489521086215973,0.3304666578769684,0.20974311232566833
498,498,0.013785080052912235,,,,,,,,,
499,499,,0.01375347189605236,,,,,,,,
499,499,,,1.0091458559036255,0.8757073879241943,0.8721667528152466,1.04155695438385,0.15230533480644226,0.4489581882953644,0.33047908544540405,0.20974311232566833
499,499,0.01375347189605236,,,,,,,,,
500,500,,,1.0086984634399414,0.8756008148193359,0.8720405101776123,1.0417381525039673,0.1514272540807724,0.4489721357822418,0.3304964303970337,0.20974311232566833
500,500,0.013722014613449574,,,,,,,,,
501,501,,,1.0082522630691528,0.8754977583885193,0.8719112873077393,1.0419272184371948,0.1505507379770279,0.44899362325668335,0.33051836490631104,0.20974311232566833
501,501,0.013690723106265068,,,,,,,,,
502,502,,,1.0078078508377075,0.8753982186317444,0.8717790842056274,1.0421243906021118,0.14967593550682068,0.4490227997303009,0.3305450677871704,0.20974311232566833
502,502,0.013659586198627949,,,,,,,,,
503,503,,,1.0073643922805786,0.8753029704093933,0.8716437220573425,1.0423297882080078,0.14880289137363434,0.4490598738193512,0.33057647943496704,0.20974311232566833
503,503,0.013628615997731686,,,,,,,,,
504,504,,,1.0069222450256348,0.8752108812332153,0.871505081653595,1.0425430536270142,0.14793147146701813,0.44910451769828796,0.3306124806404114,0.20974311232566833
504,504,0.013597799465060234,,,,,,,,,
505,505,,,1.0064818859100342,0.8751224875450134,0.8713632822036743,1.0427640676498413,0.14706194400787354,0.4491564929485321,0.33065298199653625,0.20974311232566833
505,505,0.013567151501774788,,,,,,,,,
506,506,,,1.0060425996780396,0.875037670135498,0.8712184429168701,1.0429933071136475,0.14619454741477966,0.4492165744304657,0.33069831132888794,0.20974311232566833
506,506,0.013536663725972176,,,,,,,,,
507,507,,,1.0056061744689941,0.8749567866325378,0.8710710406303406,1.043229579925537,0.14532940089702606,0.4492837190628052,0.330748051404953,0.20974311232566833
507,507,0.013506345450878143,,,,,,,,,
508,508,,,1.0051720142364502,0.8748800158500671,0.8709211945533752,1.043473482131958,0.14446675777435303,0.4493583142757416,0.330802321434021,0.20974311232566833
508,508,0.013476177118718624,,,,,,,,,
509,509,,,1.0047396421432495,0.8748067617416382,0.8707687854766846,1.0437250137329102,0.14360640943050385,0.4494405686855316,0.33086124062538147,0.20974311232566833
509,509,0.013446168042719364,,,,,,,,,
510,510,,,1.0043096542358398,0.8747369647026062,0.8706139922142029,1.0439839363098145,0.1427483856678009,0.4495301842689514,0.3309246301651001,0.20974311232566833
510,510,0.013416326604783535,,,,,,,,,
511,511,,,1.0038822889328003,0.8746711015701294,0.870457112789154,1.044250249862671,0.1418929547071457,0.44962722063064575,0.33099260926246643,0.20974311232566833
511,511,0.013386650010943413,,,,,,,,,
512,512,,,1.0034575462341309,0.8746095299720764,0.8702981472015381,1.0445234775543213,0.14104010164737701,0.44973158836364746,0.33106499910354614,0.20974311232566833
512,512,0.01335713267326355,,,,,,,,,
513,513,,,1.0030361413955688,0.8745521306991577,0.8701375126838684,1.044803500175476,0.14019019901752472,0.4498429596424103,0.33114171028137207,0.20974311232566833
513,513,0.013327781111001968,,,,,,,,,
514,514,,,1.0026170015335083,0.8744978904724121,0.8699748516082764,1.0450910329818726,0.1393430083990097,0.4499618709087372,0.3312230706214905,0.20974311232566833
514,514,0.01329858973622322,,,,,,,,,
515,515,,,1.0022013187408447,0.874447762966156,0.8698107004165649,1.0453851222991943,0.13849879801273346,0.4500878155231476,0.3313086926937103,0.20974311232566833
515,515,0.01326956506818533,,,,,,,,,
516,516,,,1.0017890930175781,0.8744015097618103,0.8696450591087341,1.0456856489181519,0.1376575529575348,0.4502207338809967,0.331398606300354,0.20974311232566833
516,516,0.013240705244243145,,,,,,,,,
517,517,,,1.0013798475265503,0.874359667301178,0.8694776892662048,1.0459928512573242,0.13681940734386444,0.45036080479621887,0.3314928412437439,0.20974311232566833
517,517,0.013212003745138645,,,,,,,,,
518,518,,,1.0009742975234985,0.8743212819099426,0.869308590888977,1.0463062524795532,0.13598443567752838,0.4505075216293335,0.3315912187099457,0.20974311232566833
518,518,0.013183465227484703,,,,,,,,,
519,519,,,1.0005720853805542,0.8742864727973938,0.8691383600234985,1.0466259717941284,0.1351528912782669,0.45066118240356445,0.33169376850128174,0.20974311232566833
519,519,0.013155095279216766,,,,,,,,,
520,520,,,1.0001736879348755,0.8742561340332031,0.8689671158790588,1.0469521284103394,0.1343248188495636,0.4508219063282013,0.331800639629364,0.20974311232566833
520,520,0.013126879930496216,,,,,,,,,
521,521,,,0.9997795820236206,0.8742295503616333,0.8687952756881714,1.0472840070724487,0.13350026309490204,0.45098912715911865,0.331911563873291,0.20974311232566833
521,521,0.013098831288516521,,,,,,,,,
522,522,,,0.9993888735771179,0.8742067217826843,0.8686227798461914,1.047621726989746,0.13267916440963745,0.45116302371025085,0.33202657103538513,0.20974311232566833
522,522,0.013070949353277683,,,,,,,,,
523,523,,,0.9990026950836182,0.8741878867149353,0.8684501051902771,1.0479652881622314,0.1318618655204773,0.45134347677230835,0.33214569091796875,0.20974311232566833
523,523,0.013043226674199104,,,,,,,,,
524,524,,,0.9986202120780945,0.8741728663444519,0.8682772517204285,1.0483143329620361,0.1310480237007141,0.4515303075313568,0.33226871490478516,0.20974311232566833
524,524,0.013015669770538807,,,,,,,,,
525,525,,,0.9982419610023499,0.8741616010665894,0.8681042194366455,1.0486687421798706,0.13023801147937775,0.4517236351966858,0.33239567279815674,0.20974311232566833
525,525,0.012988272123038769,,,,,,,,,
526,526,,,0.9978684186935425,0.8741543889045715,0.8679312467575073,1.0490282773971558,0.12943176925182343,0.45192307233810425,0.33252647519111633,0.20974311232566833
526,526,0.012961048632860184,,,,,,,,,
527,527,,,0.9974990487098694,0.8741509318351746,0.8677583932876587,1.0493931770324707,0.12862947583198547,0.4521288573741913,0.3326611816883087,0.20974311232566833
527,527,0.012933974154293537,,,,,,,,,
528,528,,,0.9971346259117126,0.8741509318351746,0.8675857186317444,1.0497628450393677,0.12783119082450867,0.4523405134677887,0.3327995538711548,0.20974311232566833
528,528,0.012907065451145172,,,,,,,,,
529,529,,,0.996774435043335,0.8741545677185059,0.8674131631851196,1.0501376390457153,0.12703678011894226,0.45255839824676514,0.3329416811466217,0.20974311232566833
529,529,0.01288031879812479,,,,,,,,,
530,530,,,0.9964193105697632,0.8741621971130371,0.8672406673431396,1.050516963005066,0.1262465864419937,0.4527820646762848,0.3330874443054199,0.20974311232566833
530,530,0.012853734195232391,,,,,,,,,
531,531,,,0.9960688948631287,0.8741735816001892,0.8670685291290283,1.0509005784988403,0.12546077370643616,0.4530114233493805,0.3332366645336151,0.20974311232566833
531,531,0.012827308848500252,,,,,,,,,
532,532,,,0.995723307132721,0.8741883635520935,0.8668967485427856,1.0512886047363281,0.12467914074659348,0.45324650406837463,0.3333893120288849,0.20974311232566833
532,532,0.012801048345863819,,,,,,,,,
533,533,,,0.9953824281692505,0.8742067813873291,0.866725742816925,1.0516806840896606,0.1239018589258194,0.4534871578216553,0.33354541659355164,0.20974311232566833
533,533,0.012774945236742496,,,,,,,,,
534,534,,,0.9950464367866516,0.8742285370826721,0.8665554523468018,1.052076816558838,0.12312883883714676,0.4537331163883209,0.33370476961135864,0.20974311232566833
534,534,0.012749007903039455,,,,,,,,,
535,535,,,0.9947156310081482,0.8742537498474121,0.8663861155509949,1.0524771213531494,0.12236019968986511,0.4539845585823059,0.3338676393032074,0.20974311232566833
535,535,0.012723222374916077,,,,,,,,,
536,536,,,0.9943896532058716,0.8742826581001282,0.8662177324295044,1.0528810024261475,0.12159611284732819,0.45424139499664307,0.33403363823890686,0.20974311232566833
536,536,0.012697603553533554,,,,,,,,,
537,537,,,0.994069516658783,0.8743147253990173,0.8660507798194885,1.0532878637313843,0.12083643674850464,0.45450273156166077,0.3342025578022003,0.20974311232566833
537,537,0.01267213560640812,,,,,,,,,
538,538,,,0.9937539100646973,0.8743506073951721,0.8658847212791443,1.0536987781524658,0.12008121609687805,0.45476973056793213,0.3343748152256012,0.20974311232566833
538,538,0.01264683436602354,,,,,,,,,
539,539,,,0.993443489074707,0.8743888735771179,0.8657200932502747,1.0541125535964966,0.11933057010173798,0.45504117012023926,0.3345499336719513,0.20974311232566833
539,539,0.01262168399989605,,,,,,,,,
540,540,,,0.9931384325027466,0.8744304180145264,0.8655567169189453,1.0545294284820557,0.11858450621366501,0.45531728863716125,0.33472785353660583,0.20974311232566833
540,540,0.01259669940918684,,,,,,,,,
541,541,,,0.9928385019302368,0.8744754791259766,0.8653947114944458,1.0549495220184326,0.11784311383962631,0.4555983543395996,0.3349088132381439,0.20974311232566833
541,541,0.012571865692734718,,,,,,,,,
542,542,,,0.9925446510314941,0.8745235800743103,0.865234375,1.055371642112732,0.117106594145298,0.45588356256484985,0.3350922763347626,0.20974311232566833
542,542,0.012547185644507408,,,,,,,,,
543,543,,,0.9922555685043335,0.8745741248130798,0.8650753498077393,1.0557963848114014,0.11637458950281143,0.456172913312912,0.3352782726287842,0.20974311232566833
543,543,0.012522665783762932,,,,,,,,,
544,544,,,0.9919711947441101,0.8746278285980225,0.8649175763130188,1.0562241077423096,0.11564752459526062,0.4564671218395233,0.3354671895503998,0.20974311232566833
544,544,0.012498302385210991,,,,,,,,,
545,545,,,0.9916930198669434,0.8746842741966248,0.8647617697715759,1.056653618812561,0.11492525786161423,0.4567648768424988,0.33565831184387207,0.20974311232566833
545,545,0.012474083341658115,,,,,,,,,
546,546,,,0.9914205074310303,0.8747437000274658,0.8646078705787659,1.0570847988128662,0.11420772969722748,0.45706626772880554,0.33585163950920105,0.20974311232566833
546,546,0.012450029142200947,,,,,,,,,
547,547,,,0.9911524653434753,0.8748061656951904,0.8644554615020752,1.0575186014175415,0.11349505931138992,0.45737236738204956,0.3360477685928345,0.20974311232566833
547,547,0.01242611650377512,,,,,,,,,
548,548,,,0.9908897280693054,0.8748703002929688,0.8643052577972412,1.0579534769058228,0.11278695613145828,0.4576812982559204,0.33624565601348877,0.20974311232566833
548,548,0.01240235660225153,,,,,,,,,
549,549,,0.012378748506307602,,,,,,,,
549,549,,,0.9906321167945862,0.8749372363090515,0.8641570806503296,1.0583902597427368,0.11208374798297882,0.45799392461776733,0.33644577860832214,0.20974311232566833
549,549,0.012378748506307602,,,,,,,,,
550,550,,,0.990380048751831,0.8750072121620178,0.8640108108520508,1.058828592300415,0.11138572543859482,0.45831045508384705,0.33664822578430176,0.20974311232566833
550,550,0.012355288490653038,,,,,,,,,
551,551,,,0.9901346564292908,0.8750789165496826,0.8638672828674316,1.059267520904541,0.110692597925663,0.45862942934036255,0.3368522822856903,0.20974311232566833
551,551,0.012331986799836159,,,,,,,,,
552,552,,,0.9898932576179504,0.8751530647277832,0.863725483417511,1.0597082376480103,0.11000433564186096,0.4589522182941437,0.33705851435661316,0.20974311232566833
552,552,0.01230882853269577,,,,,,,,,
553,553,,,0.9896568655967712,0.8752286434173584,0.8635860085487366,1.0601496696472168,0.10932078212499619,0.4592777192592621,0.33726635575294495,0.20974311232566833
553,553,0.012285809963941574,,,,,,,,,
554,554,,,0.9894260764122009,0.8753065466880798,0.8634490370750427,1.0605915784835815,0.10864216089248657,0.45960572361946106,0.33747583627700806,0.20974311232566833
554,554,0.012262946926057339,,,,,,,,,
555,555,,,0.989201009273529,0.8753868937492371,0.8633143305778503,1.061034083366394,0.10796862840652466,0.45993658900260925,0.3376869261264801,0.20974311232566833
555,555,0.012240219861268997,,,,,,,,,
556,556,,,0.988980770111084,0.8754689693450928,0.863182008266449,1.0614769458770752,0.10730000585317612,0.4602699279785156,0.33789947628974915,0.20974311232566833
556,556,0.012217642739415169,,,,,,,,,
557,557,,,0.9887656569480896,0.8755525946617126,0.8630520701408386,1.0619202852249146,0.10663631558418274,0.46060556173324585,0.338113397359848,0.20974311232566833
557,557,0.012195209972560406,,,,,,,,,
558,558,,,0.9885548949241638,0.8756381273269653,0.862924337387085,1.062364101409912,0.10597745329141617,0.4609440267086029,0.33832889795303345,0.20974311232566833
558,558,0.012172918766736984,,,,,,,,,
559,559,,,0.9883502125740051,0.875725269317627,0.8627994060516357,1.0628072023391724,0.10532360523939133,0.46128371357917786,0.3385452330112457,0.20974311232566833
559,559,0.012150770984590054,,,,,,,,,
560,560,,,0.9881505966186523,0.8758142590522766,0.8626770973205566,1.063250184059143,0.10467471182346344,0.4616255760192871,0.3387628495693207,0.20974311232566833
560,560,0.012128752656280994,,,,,,,,,
561,561,,,0.9879547357559204,0.8759045600891113,0.8625569343566895,1.0636935234069824,0.10403063893318176,0.4619698226451874,0.3389817178249359,0.20974311232566833
561,561,0.012106885202229023,,,,,,,,,
562,562,,,0.9877646565437317,0.8759953379631042,0.8624398708343506,1.0641355514526367,0.10339154303073883,0.4623149037361145,0.3392011523246765,0.20974311232566833
562,562,0.012085150927305222,,,,,,,,,
563,563,,,0.9875790476799011,0.8760877847671509,0.8623251914978027,1.064577579498291,0.1027575135231018,0.4626621603965759,0.3394217789173126,0.20974311232566833
563,563,0.012063553556799889,,,,,,,,,
564,564,,,0.9873983860015869,0.8761816024780273,0.8622133731842041,1.065018653869629,0.10212825983762741,0.46301063895225525,0.33964309096336365,0.20974311232566833
564,564,0.012042094022035599,,,,,,,,,
565,565,,,0.9872230291366577,0.8762760162353516,0.8621045351028442,1.0654582977294922,0.10150377452373505,0.4633597433567047,0.3398648202419281,0.20974311232566833
565,565,0.012020762078464031,,,,,,,,,
566,566,,,0.9870513081550598,0.8763718605041504,0.8619980812072754,1.065897822380066,0.10088415443897247,0.4637107253074646,0.34008753299713135,0.20974311232566833
566,566,0.011999565176665783,,,,,,,,,
567,567,,,0.986884355545044,0.8764680624008179,0.861894428730011,1.066335916519165,0.10026933252811432,0.46406233310699463,0.34031060338020325,0.20974311232566833
567,567,0.01197850238531828,,,,,,,,,
568,568,,,0.9867221713066101,0.8765652775764465,0.8617936968803406,1.0667724609375,0.09965942800045013,0.4644147455692291,0.3405340313911438,0.20974311232566833
568,568,0.011957568116486073,,,,,,,,,
569,569,,,0.9865645170211792,0.8766633868217468,0.8616957664489746,1.0672073364257812,0.09905437380075455,0.46476754546165466,0.34075766801834106,0.20974311232566833
569,569,0.011936768889427185,,,,,,,,,
570,570,,,0.9864106178283691,0.8767622113227844,0.8616003394126892,1.067641019821167,0.0984540581703186,0.46512120962142944,0.3409816324710846,0.20974311232566833
570,570,0.01191609725356102,,,,,,,,,
571,571,,,0.9862614870071411,0.876861035823822,0.8615078330039978,1.0680729150772095,0.09785865992307663,0.4654751718044281,0.34120577573776245,0.20974311232566833
571,571,0.011895556002855301,,,,,,,,,
572,572,,,0.9861159324645996,0.8769604563713074,0.8614179491996765,1.0685032606124878,0.09726786613464355,0.4658295810222626,0.34143003821372986,0.20974311232566833
572,572,0.011875131167471409,,,,,,,,,
573,573,,,0.9859756231307983,0.8770602345466614,0.8613311648368835,1.0689313411712646,0.09668198972940445,0.46618375182151794,0.3416542112827301,0.20974311232566833
573,573,0.011854836717247963,,,,,,,,,
574,574,,,0.9858388304710388,0.8771606683731079,0.8612469434738159,1.0693573951721191,0.09610076993703842,0.4665381610393524,0.34187832474708557,0.20974311232566833
574,574,0.011834677308797836,,,,,,,,,
575,575,,,0.9857056140899658,0.8772604465484619,0.8611655831336975,1.0697813034057617,0.09552417695522308,0.4668922424316406,0.3421020805835724,0.20974311232566833
575,575,0.011814625933766365,,,,,,,,,
576,576,,,0.9855757355690002,0.8773604035377502,0.8610867857933044,1.0702030658721924,0.09495224803686142,0.46724626421928406,0.3423256278038025,0.20974311232566833
576,576,0.01179470308125019,,,,,,,,,
577,577,,,0.9854503870010376,0.8774607181549072,0.8610110282897949,1.070622205734253,0.09438503533601761,0.46759963035583496,0.34254878759384155,0.20974311232566833
577,577,0.011774897575378418,,,,,,,,,
578,578,,,0.9853290915489197,0.8775607347488403,0.8609380722045898,1.071038842201233,0.09382259100675583,0.4679524600505829,0.3427715599536896,0.20974311232566833
578,578,0.011755211278796196,,,,,,,,,
579,579,,,0.9852109551429749,0.877660870552063,0.8608677983283997,1.0714530944824219,0.0932648554444313,0.46830490231513977,0.3429938852787018,0.20974311232566833
579,579,0.011735646054148674,,,,,,,,,
580,580,,,0.9850963354110718,0.8777601718902588,0.8608003258705139,1.0718644857406616,0.09271147102117538,0.4686563014984131,0.3432154953479767,0.20974311232566833
580,580,0.011716199107468128,,,,,,,,,
581,581,,,0.9849849343299866,0.8778595328330994,0.8607355356216431,1.0722733736038208,0.09216266870498657,0.46900713443756104,0.34343665838241577,0.20974311232566833
581,581,0.011696862056851387,,,,,,,,,
582,582,,,0.9848769307136536,0.8779588937759399,0.8606735467910767,1.0726791620254517,0.09161847829818726,0.4693567156791687,0.3436569273471832,0.20974311232566833
582,582,0.011677647940814495,,,,,,,,,
583,583,,,0.984772264957428,0.8780574798583984,0.8606144189834595,1.0730814933776855,0.09107881039381027,0.46970486640930176,0.3438761830329895,0.20974311232566833
583,583,0.011658540926873684,,,,,,,,,
584,584,,,0.9846701622009277,0.8781555891036987,0.8605575561523438,1.0734812021255493,0.09054358303546906,0.47005218267440796,0.34409475326538086,0.20974311232566833
584,584,0.011639544740319252,,,,,,,,,
585,585,,,0.9845717549324036,0.8782526850700378,0.8605035543441772,1.0738776922225952,0.09001287072896957,0.47039794921875,0.34431228041648865,0.20974311232566833
585,585,0.011620672419667244,,,,,,,,,
586,586,,,0.984476625919342,0.878349244594574,0.8604522943496704,1.0742708444595337,0.08948686718940735,0.47074228525161743,0.34452885389328003,0.20974311232566833
586,586,0.011601907201111317,,,,,,,,,
587,587,,,0.9843840599060059,0.8784457445144653,0.8604034185409546,1.0746607780456543,0.08896519243717194,0.47108519077301025,0.34474435448646545,0.20974311232566833
587,587,0.011583244428038597,,,,,,,,,
588,588,,,0.9842945337295532,0.8785406947135925,0.8603572845458984,1.0750468969345093,0.08844796568155289,0.47142598032951355,0.34495845437049866,0.20974311232566833
588,588,0.011564690619707108,,,,,,,,,
589,589,,,0.9842068552970886,0.8786347508430481,0.8603134751319885,1.075429916381836,0.08793498575687408,0.47176527976989746,0.3451715111732483,0.20974311232566833
589,589,0.011546245776116848,,,,,,,,,
590,590,,,0.9841216206550598,0.8787281513214111,0.8602720499038696,1.075809359550476,0.0874260738492012,0.47210267186164856,0.3453832268714905,0.20974311232566833
590,590,0.01152790617197752,,,,,,,,,
591,591,,,0.9840400218963623,0.8788207173347473,0.8602336645126343,1.0761847496032715,0.08692177385091782,0.47243767976760864,0.3455934226512909,0.20974311232566833
591,591,0.011509668081998825,,,,,,,,,
592,592,,,0.9839603900909424,0.8789125084877014,0.8601973056793213,1.07655668258667,0.08642185479402542,0.47277113795280457,0.3458024561405182,0.20974311232566833
592,592,0.011491542682051659,,,,,,,,,
593,593,,,0.9838825464248657,0.879002571105957,0.8601633906364441,1.076925277709961,0.08592629432678223,0.4731024503707886,0.3460100293159485,0.20974311232566833
593,593,0.011473515070974827,,,,,,,,,
594,594,,,0.9838074445724487,0.8790913224220276,0.8601319789886475,1.0772897005081177,0.08543520420789719,0.4734311103820801,0.34621596336364746,0.20974311232566833
594,594,0.011455578729510307,,,,,,,,,
595,595,,,0.9837346076965332,0.8791800737380981,0.8601027131080627,1.0776503086090088,0.08494833111763,0.47375768423080444,0.3464203476905823,0.20974311232566833
595,595,0.011437755078077316,,,,,,,,,
596,596,,,0.9836636185646057,0.8792667984962463,0.8600760698318481,1.078006625175476,0.08446559309959412,0.474081426858902,0.34662288427352905,0.20974311232566833
596,596,0.011420030146837234,,,,,,,,,
597,597,,,0.9835943579673767,0.8793520927429199,0.8600515127182007,1.0783590078353882,0.08398701995611191,0.47440269589424133,0.3468237817287445,0.20974311232566833
597,597,0.011402400210499763,,,,,,,,,
598,598,,,0.9835264682769775,0.8794364333152771,0.860028862953186,1.0787079334259033,0.08351270109415054,0.47472190856933594,0.34702321887016296,0.20974311232566833
598,598,0.011384871788322926,,,,,,,,,
599,599,,0.011367438361048698,,,,,,,,
599,599,,,0.9834620952606201,0.8795189261436462,0.8600090742111206,1.0790519714355469,0.08304278552532196,0.47503751516342163,0.34722045063972473,0.20974311232566833
599,599,0.011367438361048698,,,,,,,,,
600,600,,,0.9833987951278687,0.8796009421348572,0.8599910736083984,1.079392671585083,0.08257713168859482,0.4753512442111969,0.34741634130477905,0.20974311232566833
600,600,0.01135009154677391,,,,,,,,,
601,601,,,0.9833368062973022,0.8796810507774353,0.8599750995635986,1.0797287225723267,0.082115538418293,0.47566166520118713,0.3476100265979767,0.20974311232566833
601,601,0.011332850903272629,,,,,,,,,
602,602,,,0.9832765460014343,0.8797591328620911,0.8599615097045898,1.080060362815857,0.08165810257196426,0.4759689271450043,0.34780165553092957,0.20974311232566833
602,602,0.011315695010125637,,,,,,,,,
603,603,,,0.9832171201705933,0.87983638048172,0.85994952917099,1.0803883075714111,0.08120493590831757,0.4762738347053528,0.34799155592918396,0.20974311232566833
603,603,0.011298633180558681,,,,,,,,,
604,604,,,0.9831596612930298,0.8799114227294922,0.8599398732185364,1.0807114839553833,0.08075584471225739,0.4765750467777252,0.3481792211532593,0.20974311232566833
604,604,0.011281665414571762,,,,,,,,,
605,605,,,0.9831034541130066,0.8799854516983032,0.8599318861961365,1.0810307264328003,0.08031095564365387,0.47687363624572754,0.34836506843566895,0.20974311232566833
605,605,0.011264784261584282,,,,,,,,,
606,606,,,0.9830489754676819,0.8800578713417053,0.8599259257316589,1.081345558166504,0.07987034320831299,0.47716885805130005,0.3485487699508667,0.20974311232566833
606,606,0.011247996240854263,,,,,,,,,
607,607,,,0.9829950928688049,0.8801285028457642,0.8599216938018799,1.0816560983657837,0.07943380624055862,0.47746095061302185,0.3487303853034973,0.20974311232566833
607,607,0.011231289245188236,,,,,,,,,
608,608,,,0.9829421043395996,0.8801975250244141,0.8599191904067993,1.0819623470306396,0.07900137454271317,0.47774985432624817,0.348909854888916,0.20974311232566833
608,608,0.011214676313102245,,,,,,,,,
609,609,,,0.9828904271125793,0.8802646398544312,0.8599187135696411,1.0822638273239136,0.0785730704665184,0.47803497314453125,0.3490869402885437,0.20974311232566833
609,609,0.011198140680789948,,,,,,,,,
610,610,,,0.9828395843505859,0.8803306818008423,0.8599197268486023,1.0825612545013428,0.0781489908695221,0.4783172011375427,0.3492620587348938,0.20974311232566833
610,610,0.011181700974702835,,,,,,,,,
611,611,,,0.9827898740768433,0.8803943395614624,0.8599225878715515,1.0828540325164795,0.07772903889417648,0.47859564423561096,0.3494347631931305,0.20974311232566833
611,611,0.011165338568389416,,,,,,,,,
612,612,,,0.9827408194541931,0.8804562091827393,0.8599270582199097,1.083142638206482,0.07731315493583679,0.47887077927589417,0.34960535168647766,0.20974311232566833
612,612,0.011149055324494839,,,,,,,,,
613,613,,,0.9826925992965698,0.8805168867111206,0.8599329590797424,1.0834271907806396,0.07690157741308212,0.47914284467697144,0.34977391362190247,0.20974311232566833
613,613,0.011132863350212574,,,,,,,,,
614,614,,,0.9826453924179077,0.8805748224258423,0.8599408864974976,1.0837063789367676,0.07649408280849457,0.47941040992736816,0.34993958473205566,0.20974311232566833
614,614,0.011116748675704002,,,,,,,,,
615,615,,,0.982598066329956,0.8806319236755371,0.8599498867988586,1.0839818716049194,0.07609053701162338,0.47967529296875,0.3501034379005432,0.20974311232566833
615,615,0.011100713163614273,,,,,,,,,
616,616,,,0.9825513958930969,0.8806867003440857,0.8599604368209839,1.0842528343200684,0.07569106668233871,0.4799360930919647,0.3502647280693054,0.20974311232566833
616,616,0.011084756813943386,,,,,,,,,
617,617,,,0.9825053215026855,0.880739152431488,0.8599725961685181,1.0845190286636353,0.07529588788747787,0.48019301891326904,0.35042351484298706,0.20974311232566833
617,617,0.01106888335198164,,,,,,,,,
618,618,,,0.9824596643447876,0.8807908892631531,0.8599858283996582,1.0847811698913574,0.07490486651659012,0.4804469347000122,0.35058027505874634,0.20974311232566833
618,618,0.011053086258471012,,,,,,,,,
619,619,,,0.9824154376983643,0.8808400630950928,0.8600008487701416,1.085038423538208,0.07451815903186798,0.48069649934768677,0.3507343530654907,0.20974311232566833
619,619,0.011037363670766354,,,,,,,,,
620,620,,,0.9823702573776245,0.8808873295783997,0.8600166440010071,1.085291862487793,0.07413556426763535,0.48094284534454346,0.3508862257003784,0.20974311232566833
620,620,0.011021718382835388,,,,,,,,,
621,621,,,0.9823249578475952,0.8809329867362976,0.8600335717201233,1.085541009902954,0.07375691831111908,0.48118558526039124,0.3510357737541199,0.20974311232566833
621,621,0.01100614108145237,,,,,,,,,
622,622,,,0.9822811484336853,0.8809759020805359,0.8600524663925171,1.0857847929000854,0.07338245213031769,0.48142340779304504,0.35118237137794495,0.20974311232566833
622,622,0.01099063828587532,,,,,,,,,
623,623,,,0.9822366833686829,0.8810184597969055,0.8600717186927795,1.0860249996185303,0.0730123296380043,0.4816586673259735,0.351327121257782,0.20974311232566833
623,623,0.010975216515362263,,,,,,,,,
624,624,,,0.98219233751297,0.8810579180717468,0.8600925207138062,1.0862609148025513,0.07264631241559982,0.4818895757198334,0.3514692783355713,0.20974311232566833
624,624,0.010959857143461704,,,,,,,,,
625,625,,,0.9821482300758362,0.8810953497886658,0.8601142764091492,1.0864924192428589,0.07228466868400574,0.4821167588233948,0.3516089916229248,0.20974311232566833
625,625,0.010944574140012264,,,,,,,,,
626,626,,,0.982103705406189,0.8811318874359131,0.8601367473602295,1.0867201089859009,0.07192718982696533,0.4823407530784607,0.351746529340744,0.20974311232566833
626,626,0.010929361917078495,,,,,,,,,
627,627,,,0.9820601940155029,0.8811649084091187,0.8601611256599426,1.0869423151016235,0.07157394289970398,0.48255959153175354,0.3518810570240021,0.20974311232566833
627,627,0.010914217680692673,,,,,,,,,
628,628,,,0.9820154309272766,0.8811973333358765,0.8601856827735901,1.0871613025665283,0.07122482359409332,0.4827757477760315,0.35201355814933777,0.20974311232566833
628,628,0.010899134911596775,,,,,,,,,
629,629,,,0.9819704294204712,0.8812273144721985,0.8602113127708435,1.0873758792877197,0.07088003307580948,0.4829878509044647,0.35214364528656006,0.20974311232566833
629,629,0.01088413130491972,,,,,,,,,
630,630,,,0.9819260835647583,0.8812546133995056,0.860238254070282,1.0875859260559082,0.07053956389427185,0.4831955134868622,0.35227102041244507,0.20974311232566833
630,630,0.010869186371564865,,,,,,,,,
631,631,,,0.9818806648254395,0.8812819123268127,0.86026531457901,1.0877925157546997,0.07020316272974014,0.4834003746509552,0.3523964583873749,0.20974311232566833
631,631,0.010854309424757957,,,,,,,,,
632,632,,,0.9818360209465027,0.8813055753707886,0.8602941036224365,1.0879937410354614,0.06987112760543823,0.4835999608039856,0.352518767118454,0.20974311232566833
632,632,0.010839494876563549,,,,,,,,,
633,633,,,0.9817897081375122,0.8813281655311584,0.860322892665863,1.0881919860839844,0.06954322755336761,0.4837968349456787,0.3526391386985779,0.20974311232566833
633,633,0.010824745520949364,,,,,,,,,
634,634,,,0.9817434549331665,0.8813478946685791,0.860352635383606,1.0883859395980835,0.06921978294849396,0.48398950695991516,0.352757066488266,0.20974311232566833
634,634,0.010810057632625103,,,,,,,,,
635,635,,,0.9816974401473999,0.8813661336898804,0.8603832125663757,1.0885757207870483,0.06890063732862473,0.4841783046722412,0.35287243127822876,0.20974311232566833
635,635,0.010795430280268192,,,,,,,,,
636,636,,,0.9816511273384094,0.8813828229904175,0.860414445400238,1.0887614488601685,0.06858602911233902,0.4843633472919464,0.3529855012893677,0.20974311232566833
636,636,0.010780864395201206,,,,,,,,,
637,637,,,0.9816032648086548,0.8813970685005188,0.860446035861969,1.088943362236023,0.068275585770607,0.48454466462135315,0.3530961871147156,0.20974311232566833
637,637,0.010766368359327316,,,,,,,,,
638,638,,,0.9815547466278076,0.8814094066619873,0.8604781627655029,1.0891214609146118,0.06796947866678238,0.48472219705581665,0.3532044589519501,0.20974311232566833
638,638,0.010751918889582157,,,,,,,,,
639,639,,,0.9815060496330261,0.8814199566841125,0.8605108261108398,1.0892959833145142,0.06766778230667114,0.48489606380462646,0.35331055521965027,0.20974311232566833
639,639,0.010737534612417221,,,,,,,,,
640,640,,,0.9814577698707581,0.8814287781715393,0.8605444431304932,1.0894659757614136,0.0673704668879509,0.4850656986236572,0.35341405868530273,0.20974311232566833
640,640,0.010723206214606762,,,,,,,,,
641,641,,,0.9814078211784363,0.881435751914978,0.8605782389640808,1.089632511138916,0.06707744300365448,0.4852319359779358,0.3535153567790985,0.20974311232566833
641,641,0.010708929039537907,,,,,,,,,
642,642,,,0.981356680393219,0.8814402222633362,0.8606122732162476,1.0897955894470215,0.06678899377584457,0.4853944182395935,0.35361430048942566,0.20974311232566833
642,642,0.01069471426308155,,,,,,,,,
643,643,,,0.9813053607940674,0.8814426064491272,0.8606469631195068,1.0899547338485718,0.06650494039058685,0.4855530858039856,0.3537108898162842,0.20974311232566833
643,643,0.01068055722862482,,,,,,,,,
644,644,,,0.9812538027763367,0.881443977355957,0.8606820702552795,1.090110182762146,0.0662253201007843,0.4857081472873688,0.3538053035736084,0.20974311232566833
644,644,0.010666449554264545,,,,,,,,,
645,645,,,0.9812015891075134,0.8814429044723511,0.8607177734375,1.0902619361877441,0.0659501776099205,0.485859215259552,0.35389724373817444,0.20974311232566833
645,645,0.0106523921713233,,,,,,,,,
646,646,,,0.9811477661132812,0.8814401626586914,0.8607534766197205,1.090410590171814,0.06567924469709396,0.48600712418556213,0.3539872467517853,0.20974311232566833
646,646,0.010638391599059105,,,,,,,,,
647,647,,,0.9810927510261536,0.8814350366592407,0.8607894778251648,1.0905554294586182,0.06541291624307632,0.4861510097980499,0.35407477617263794,0.20974311232566833
647,647,0.010624437592923641,,,,,,,,,
648,648,,,0.9810373783111572,0.8814284205436707,0.8608259558677673,1.090696930885315,0.06515095382928848,0.4862915277481079,0.3541601896286011,0.20974311232566833
648,648,0.01061053667217493,,,,,,,,,
649,649,,0.010596691630780697,,,,,,,,
649,649,,,0.980981707572937,0.8814203143119812,0.8608627319335938,1.0908348560333252,0.06489356607198715,0.4864282011985779,0.35424330830574036,0.20974311232566833
649,649,0.010596691630780697,,,,,,,,,
650,650,,,0.9809247851371765,0.8814098238945007,0.8608996272087097,1.0909695625305176,0.06464080512523651,0.48656153678894043,0.3543243408203125,0.20974311232566833
650,650,0.010582891292870045,,,,,,,,,
651,651,,,0.9808662533760071,0.8813974857330322,0.8609364032745361,1.0911011695861816,0.06439240276813507,0.486691415309906,0.3544032573699951,0.20974311232566833
651,651,0.010569139383733273,,,,,,,,,
652,652,,,0.9808074235916138,0.8813834190368652,0.8609734177589417,1.0912290811538696,0.06414850056171417,0.48681747913360596,0.3544798791408539,0.20974311232566833
652,652,0.010555439628660679,,,,,,,,,
653,653,,,0.9807475805282593,0.8813676834106445,0.8610103726387024,1.0913540124893188,0.06390900164842606,0.4869402050971985,0.35455450415611267,0.20974311232566833
653,653,0.010541779920458794,,,,,,,,,
654,654,,,0.9806869029998779,0.881350040435791,0.8610475659370422,1.0914756059646606,0.06367406249046326,0.4870592951774597,0.3546268939971924,0.20974311232566833
654,654,0.010528169572353363,,,,,,,,,
655,655,,,0.980624258518219,0.8813302516937256,0.8610844612121582,1.0915945768356323,0.06344366818666458,0.4871753454208374,0.3546973764896393,0.20974311232566833
655,655,0.010514602065086365,,,,,,,,,
656,656,,,0.9805607795715332,0.8813090324401855,0.8611215949058533,1.0917102098464966,0.0632178783416748,0.4872879385948181,0.35476571321487427,0.20974311232566833
656,656,0.010501083917915821,,,,,,,,,
657,657,,,0.9804970026016235,0.8812859654426575,0.8611587882041931,1.0918227434158325,0.06299657374620438,0.4873969256877899,0.3548320233821869,0.20974311232566833
657,657,0.010487604886293411,,,,,,,,,
658,658,,,0.9804322123527527,0.8812611699104309,0.8611961603164673,1.0919321775436401,0.06277977675199509,0.4875026047229767,0.35489630699157715,0.20974311232566833
658,658,0.010474169626832008,,,,,,,,,
659,659,,,0.980364978313446,0.8812346458435059,0.8612330555915833,1.0920391082763672,0.06256746500730515,0.48760533332824707,0.35495874285697937,0.20974311232566833
659,659,0.010460777208209038,,,,,,,,,
660,660,,,0.9802974462509155,0.8812061548233032,0.8612703680992126,1.0921428203582764,0.062359634786844254,0.4877043068408966,0.3550190329551697,0.20974311232566833
660,660,0.010447428561747074,,,,,,,,,
661,661,,,0.9802289605140686,0.8811765909194946,0.8613073229789734,1.092244267463684,0.0621563121676445,0.4878004491329193,0.3550776541233063,0.20974311232566833
661,661,0.010434115305542946,,,,,,,,,
662,662,,,0.9801589846611023,0.8811447024345398,0.8613443374633789,1.092342495918274,0.06195736303925514,0.4878931939601898,0.35513418912887573,0.20974311232566833
662,662,0.010420838370919228,,,,,,,,,
663,663,,,0.9800878763198853,0.8811107873916626,0.8613814115524292,1.0924378633499146,0.06176304444670677,0.48798245191574097,0.35518863797187805,0.20974311232566833
663,663,0.010407612659037113,,,,,,,,,
664,664,,,0.9800148606300354,0.8810765743255615,0.8614176511764526,1.092531442642212,0.06157315522432327,0.488069623708725,0.3552418351173401,0.20974311232566833
664,664,0.010394422337412834,,,,,,,,,
665,665,,,0.9799419641494751,0.8810389637947083,0.8614546656608582,1.092621088027954,0.06138787791132927,0.4881521761417389,0.355292409658432,0.20974311232566833
665,665,0.010381264612078667,,,,,,,,,
666,666,,,0.9798665046691895,0.881001353263855,0.8614904284477234,1.0927095413208008,0.061206936836242676,0.4882330894470215,0.3553418219089508,0.20974311232566833
666,666,0.010368147864937782,,,,,,,,,
667,667,,,0.9797906279563904,0.8809608221054077,0.861526608467102,1.09279465675354,0.06103057414293289,0.48831015825271606,0.3553890585899353,0.20974311232566833
667,667,0.010355066508054733,,,,,,,,,
668,668,,,0.979713499546051,0.8809189796447754,0.861562192440033,1.0928773880004883,0.06085871905088425,0.48838427662849426,0.3554345369338989,0.20974311232566833
668,668,0.010342023335397243,,,,,,,,,
669,669,,,0.9796342849731445,0.8808767199516296,0.861596941947937,1.0929583311080933,0.060691073536872864,0.48845624923706055,0.3554786741733551,0.20974311232566833
669,669,0.010329012759029865,,,,,,,,,
670,670,,,0.979555070400238,0.8808304667472839,0.8616322875022888,1.0930356979370117,0.06052800267934799,0.4885236620903015,0.3555203378200531,0.20974311232566833
670,670,0.01031603291630745,,,,,,,,,
671,671,,,0.979473352432251,0.880785346031189,0.8616663813591003,1.0931122303009033,0.060369253158569336,0.48859015107154846,0.35556119680404663,0.20974311232566833
671,671,0.010303092189133167,,,,,,,,,
672,672,,,0.9793907999992371,0.8807362914085388,0.8617008924484253,1.0931851863861084,0.06021491065621376,0.4886521100997925,0.355599582195282,0.20974311232566833
672,672,0.010290185920894146,,,,,,,,,
673,673,,,0.9793065786361694,0.8806869387626648,0.8617346882820129,1.0932564735412598,0.060064878314733505,0.488711953163147,0.3556366562843323,0.20974311232566833
673,673,0.010277308523654938,,,,,,,,,
674,674,,,0.9792217016220093,0.8806363344192505,0.8617682456970215,1.0933258533477783,0.05991915240883827,0.4887692332267761,0.35567227005958557,0.20974311232566833
674,674,0.010264463722705841,,,,,,,,,
675,675,,,0.9791353940963745,0.8805831074714661,0.8618015646934509,1.0933927297592163,0.059777893126010895,0.4888232350349426,0.3557060658931732,0.20974311232566833
675,675,0.010251646861433983,,,,,,,,,
676,676,,,0.9790467619895935,0.8805299997329712,0.8618339896202087,1.0934582948684692,0.0596407912671566,0.48887544870376587,0.35573869943618774,0.20974311232566833
676,676,0.01023886539041996,,,,,,,,,
677,677,,,0.9789574146270752,0.8804736733436584,0.8618665337562561,1.0935207605361938,0.05950802564620972,0.4889237880706787,0.3557691276073456,0.20974311232566833
677,677,0.010226106271147728,,,,,,,,,
678,678,,,0.9788663983345032,0.8804172873497009,0.8618983030319214,1.0935817956924438,0.0593794621527195,0.48897022008895874,0.3557984232902527,0.20974311232566833
678,678,0.010213382542133331,,,,,,,,,
679,679,,,0.9787745475769043,0.8803585767745972,0.8619298338890076,1.0936405658721924,0.05925529822707176,0.48901376128196716,0.35582610964775085,0.20974311232566833
679,679,0.010200689546763897,,,,,,,,,
680,680,,,0.9786805510520935,0.880298376083374,0.8619607090950012,1.0936979055404663,0.059135280549526215,0.4890548586845398,0.3558523952960968,0.20974311232566833
680,680,0.01018801610916853,,,,,,,,,
681,681,,,0.9785854816436768,0.880237340927124,0.8619909286499023,1.0937535762786865,0.059019435197114944,0.4890938401222229,0.35587742924690247,0.20974311232566833
681,681,0.010175371542572975,,,,,,,,,
682,682,,,0.9784896969795227,0.8801743388175964,0.8620211482048035,1.0938067436218262,0.05890769138932228,0.48912951350212097,0.35590067505836487,0.20974311232566833
682,682,0.010162757709622383,,,,,,,,,
683,683,,,0.9783920049667358,0.8801108002662659,0.862050473690033,1.0938587188720703,0.05879979953169823,0.48916351795196533,0.3559228777885437,0.20974311232566833
683,683,0.010150166228413582,,,,,,,,,
684,684,,,0.9782922863960266,0.8800448179244995,0.8620792031288147,1.093908667564392,0.05869593843817711,0.489194393157959,0.3559432625770569,0.20974311232566833
684,684,0.010137606412172318,,,,,,,,,
685,685,,,0.9781911373138428,0.8799781203269958,0.8621071577072144,1.0939571857452393,0.058596134185791016,0.48922333121299744,0.3559625744819641,0.20974311232566833
685,685,0.010125063359737396,,,,,,,,,
686,686,,,0.9780896306037903,0.8799102902412415,0.8621350526809692,1.0940037965774536,0.05850041285157204,0.4892497658729553,0.3559805154800415,0.20974311232566833
686,686,0.010112552903592587,,,,,,,,,
687,687,,,0.9779864549636841,0.8798407912254333,0.8621622323989868,1.0940489768981934,0.058408819139003754,0.4892738461494446,0.35599714517593384,0.20974311232566833
687,687,0.010100064799189568,,,,,,,,,
688,688,,,0.9778814911842346,0.8797702789306641,0.8621883988380432,1.094092845916748,0.05832112208008766,0.4892960488796234,0.35601264238357544,0.20974311232566833
688,688,0.010087588801980019,,,,,,,,,
689,689,,,0.9777749180793762,0.8796979188919067,0.8622142672538757,1.0941346883773804,0.05823704972863197,0.48931536078453064,0.3560265302658081,0.20974311232566833
689,689,0.01007514726370573,,,,,,,,,
690,690,,,0.9776671528816223,0.8796247839927673,0.8622394800186157,1.0941752195358276,0.058156657963991165,0.4893326163291931,0.35603928565979004,0.20974311232566833
690,690,0.010062722489237785,,,,,,,,,
691,691,,,0.9775574207305908,0.8795506358146667,0.8622637987136841,1.0942145586013794,0.05808018893003464,0.4893479347229004,0.35605090856552124,0.20974311232566833
691,691,0.010050316341221333,,,,,,,,,
692,692,,,0.9774471521377563,0.8794745206832886,0.8622878193855286,1.0942522287368774,0.05800751969218254,0.4893608093261719,0.35606130957603455,0.20974311232566833
692,692,0.010037933476269245,,,,,,,,,
693,693,,,0.9773349165916443,0.8793981671333313,0.8623107075691223,1.0942895412445068,0.05793842300772667,0.48937246203422546,0.35607096552848816,0.20974311232566833
693,693,0.010025570169091225,,,,,,,,,
694,694,,,0.9772218465805054,0.8793193697929382,0.8623335361480713,1.0943243503570557,0.05787307396531105,0.4893808364868164,0.3560788333415985,0.20974311232566833
694,694,0.010013232938945293,,,,,,,,,
695,695,,,0.9771064519882202,0.8792407512664795,0.8623551726341248,1.0943585634231567,0.05781109258532524,0.4893881380558014,0.35608598589897156,0.20974311232566833
695,695,0.010000908747315407,,,,,,,,,
696,696,,,0.9769900441169739,0.8791596293449402,0.8623763918876648,1.094391107559204,0.057752806693315506,0.4893926978111267,0.35609170794487,0.20974311232566833
696,696,0.009988603182137012,,,,,,,,,
697,697,,,0.9768719673156738,0.879078209400177,0.8623966574668884,1.0944228172302246,0.05769796669483185,0.4893958568572998,0.35609662532806396,0.20974311232566833
697,697,0.00997631810605526,,,,,,,,,
698,698,,,0.9767528176307678,0.8789958357810974,0.8624164462089539,1.09445321559906,0.05764642730355263,0.489396870136261,0.3561003804206848,0.20974311232566833
698,698,0.009964048862457275,,,,,,,,,
699,699,,0.009951796382665634,,,,,,,,
699,699,,,0.976632297039032,0.8789116740226746,0.8624355792999268,1.094482421875,0.05759838595986366,0.4893956482410431,0.3561030328273773,0.20974311232566833
699,699,0.009951796382665634,,,,,,,,,
700,700,,,0.976509690284729,0.8788273334503174,0.8624535202980042,1.0945111513137817,0.057553570717573166,0.4893933832645416,0.3561049997806549,0.20974311232566833
700,700,0.009939566254615784,,,,,,,,,
701,701,,,0.9763864874839783,0.8787408471107483,0.8624712228775024,1.0945382118225098,0.05751204863190651,0.4893884062767029,0.3561055660247803,0.20974311232566833
701,701,0.009927341714501381,,,,,,,,,
702,702,,,0.976261556148529,0.8786544799804688,0.8624879121780396,1.0945645570755005,0.0574735589325428,0.4893822968006134,0.3561054766178131,0.20974311232566833
702,702,0.009915139526128769,,,,,,,,,
703,703,,,0.9761351346969604,0.8785657286643982,0.8625040650367737,1.0945895910263062,0.05743838846683502,0.4893738031387329,0.3561041057109833,0.20974311232566833
703,703,0.009902946650981903,,,,,,,,,
704,704,,,0.9760072231292725,0.8784768581390381,0.8625190854072571,1.0946141481399536,0.05740634724497795,0.48936426639556885,0.3561021685600281,0.20974311232566833
704,704,0.009890767745673656,,,,,,,,,
705,705,,,0.9758784770965576,0.8783866167068481,0.862533688545227,1.0946376323699951,0.0573774129152298,0.48935261368751526,0.3560991585254669,0.20974311232566833
705,705,0.009878612123429775,,,,,,,,,
706,706,,,0.9757481813430786,0.8782958984375,0.8625473976135254,1.0946602821350098,0.05735132470726967,0.48933956027030945,0.35609543323516846,0.20974311232566833
706,706,0.009866463020443916,,,,,,,,,
707,707,,,0.9756159782409668,0.8782036900520325,0.8625602722167969,1.0946820974349976,0.057328078895807266,0.48932453989982605,0.3560906946659088,0.20974311232566833
707,707,0.0098543306812644,,,,,,,,,
708,708,,,0.9754819273948669,0.8781110048294067,0.8625720739364624,1.0947035551071167,0.057307515293359756,0.4893084764480591,0.35608524084091187,0.20974311232566833
708,708,0.009842203930020332,,,,,,,,,
709,709,,,0.9753476977348328,0.8780164122581482,0.8625836372375488,1.0947233438491821,0.057289864867925644,0.48928987979888916,0.356078565120697,0.20974311232566833
709,709,0.009830095805227757,,,,,,,,,
710,710,,,0.9752115607261658,0.8779223561286926,0.8625938296318054,1.0947433710098267,0.05727488175034523,0.4892709255218506,0.35607174038887024,0.20974311232566833
710,710,0.009817996062338352,,,,,,,,,
711,711,,,0.9750745296478271,0.8778256773948669,0.8626036047935486,1.0947620868682861,0.05726291239261627,0.48924949765205383,0.3560636639595032,0.20974311232566833
711,711,0.009805906563997269,,,,,,,,,
712,712,,,0.9749353528022766,0.8777296543121338,0.8626120090484619,1.0947808027267456,0.05725330486893654,0.4892275333404541,0.3560551702976227,0.20974311232566833
712,712,0.009793826378881931,,,,,,,,,
713,713,,,0.9747955799102783,0.8776315450668335,0.8626202940940857,1.094797968864441,0.05724620819091797,0.4892030358314514,0.3560454845428467,0.20974311232566833
713,713,0.009781760163605213,,,,,,,,,
714,714,,,0.9746537804603577,0.8775336146354675,0.8626271486282349,1.0948152542114258,0.057241544127464294,0.48917797207832336,0.3560354709625244,0.20974311232566833
714,714,0.009769700467586517,,,,,,,,,
715,715,,,0.9745111465454102,0.8774339556694031,0.8626335263252258,1.0948318243026733,0.05723937600851059,0.4891511797904968,0.3560246229171753,0.20974311232566833
715,715,0.009757651947438717,,,,,,,,,
716,716,,,0.9743672013282776,0.8773341774940491,0.8626388907432556,1.0948481559753418,0.05723951756954193,0.48912349343299866,0.35601332783699036,0.20974311232566833
716,716,0.009745605289936066,,,,,,,,,
717,717,,,0.9742220044136047,0.8772333264350891,0.8626434803009033,1.0948636531829834,0.05724198371171951,0.48909416794776917,0.35600122809410095,0.20974311232566833
717,717,0.00973358191549778,,,,,,,,,
718,718,,,0.9740755558013916,0.8771317005157471,0.8626472353935242,1.094878911972046,0.057246580719947815,0.489063560962677,0.3559885025024414,0.20974311232566833
718,718,0.009721547365188599,,,,,,,,,
719,719,,,0.9739274382591248,0.877029299736023,0.8626497983932495,1.0948938131332397,0.05725326016545296,0.4890318810939789,0.3559752106666565,0.20974311232566833
719,719,0.009709530510008335,,,,,,,,,
720,720,,,0.9737783670425415,0.8769255876541138,0.8626518249511719,1.0949081182479858,0.05726217105984688,0.4889985918998718,0.3559612035751343,0.20974311232566833
720,720,0.009697518311440945,,,,,,,,,
721,721,,,0.9736279845237732,0.8768218159675598,0.8626528978347778,1.0949220657348633,0.05727306380867958,0.4889645278453827,0.35594674944877625,0.20974311232566833
721,721,0.009685512632131577,,,,,,,,,
722,722,,,0.9734765887260437,0.8767169713973999,0.8626531958580017,1.094935655593872,0.05728606507182121,0.48892903327941895,0.3559316396713257,0.20974311232566833
722,722,0.00967351347208023,,,,,,,,,
723,723,,,0.9733237028121948,0.8766111731529236,0.8626523613929749,1.0949492454528809,0.05730098858475685,0.4888926148414612,0.3559161424636841,0.20974311232566833
723,723,0.009661516174674034,,,,,,,,,
724,724,,,0.97316974401474,0.8765057325363159,0.8626506924629211,1.0949628353118896,0.057317499071359634,0.4888554811477661,0.3559003174304962,0.20974311232566833
724,724,0.00964952353388071,,,,,,,,,
725,725,,,0.9730147123336792,0.8763982057571411,0.8626484870910645,1.0949753522872925,0.057336073368787766,0.48881635069847107,0.35588353872299194,0.20974311232566833
725,725,0.009637534618377686,,,,,,,,,
726,726,,,0.9728574752807617,0.876291811466217,0.8626446723937988,1.0949888229370117,0.0573561005294323,0.4887775778770447,0.355866938829422,0.20974311232566833
726,726,0.009625552222132683,,,,,,,,,
727,727,,,0.9727006554603577,0.8761820793151855,0.8626409769058228,1.0950006246566772,0.057378124445676804,0.4887359142303467,0.3558489978313446,0.20974311232566833
727,727,0.009613574482500553,,,,,,,,,
728,728,,,0.9725415706634521,0.8760753870010376,0.8626352548599243,1.0950140953063965,0.05740109458565712,0.4886956214904785,0.3558318018913269,0.20974311232566833
728,728,0.009601597674190998,,,,,,,,,
729,729,,,0.9723822474479675,0.8759636282920837,0.8626298308372498,1.0950254201889038,0.05742660537362099,0.48865166306495667,0.35581278800964355,0.20974311232566833
729,729,0.009589622728526592,,,,,,,,,
730,730,,,0.9722203016281128,0.8758556842803955,0.8626219630241394,1.095038890838623,0.057452768087387085,0.4886096715927124,0.3557948172092438,0.20974311232566833
730,730,0.009577649645507336,,,,,,,,,
731,731,,,0.9720596075057983,0.8757433891296387,0.8626148104667664,1.0950504541397095,0.05748086795210838,0.48856425285339355,0.3557754158973694,0.20974311232566833
731,731,0.009565675631165504,,,,,,,,,
732,732,,,0.9718961119651794,0.8756335377693176,0.8626055121421814,1.0950634479522705,0.057509858161211014,0.4885200560092926,0.3557564914226532,0.20974311232566833
732,732,0.009553704410791397,,,,,,,,,
733,733,,,0.9717319011688232,0.875520646572113,0.8625959157943726,1.0950753688812256,0.05754056200385094,0.4884735941886902,0.35573652386665344,0.20974311232566833
733,733,0.009541738778352737,,,,,,,,,
734,734,,,0.9715665578842163,0.8754088282585144,0.8625850081443787,1.0950883626937866,0.05757215991616249,0.48842737078666687,0.35571685433387756,0.20974311232566833
734,734,0.009529766626656055,,,,,,,,,
735,735,,,0.9714003801345825,0.8752955198287964,0.8625734448432922,1.0951007604599,0.05760497972369194,0.4883796274662018,0.35569649934768677,0.20974311232566833
735,735,0.009517793543636799,,,,,,,,,
736,736,,,0.9712331891059875,0.875182569026947,0.8625609278678894,1.0951133966445923,0.0576389916241169,0.48833146691322327,0.35567599534988403,0.20974311232566833
736,736,0.009505823254585266,,,,,,,,,
737,737,,,0.9710646271705627,0.8750685453414917,0.8625472187995911,1.0951263904571533,0.05767432600259781,0.48828282952308655,0.35565537214279175,0.20974311232566833
737,737,0.009493852965533733,,,,,,,,,
738,738,,,0.9708954691886902,0.8749540448188782,0.8625326752662659,1.0951396226882935,0.05771058425307274,0.48823341727256775,0.35563451051712036,0.20974311232566833
738,738,0.009481874294579029,,,,,,,,,
739,739,,,0.970725953578949,0.8748393058776855,0.8625174164772034,1.0951528549194336,0.05774747580289841,0.4881833493709564,0.35561349987983704,0.20974311232566833
739,739,0.009469898417592049,,,,,,,,,
740,740,,,0.9705542922019958,0.8747236132621765,0.8625008463859558,1.0951663255691528,0.057785455137491226,0.4881325364112854,0.3555920720100403,0.20974311232566833
740,740,0.009457919746637344,,,,,,,,,
741,741,,,0.9703817367553711,0.8746077418327332,0.8624833226203918,1.0951801538467407,0.057824261486530304,0.4880812466144562,0.35557055473327637,0.20974311232566833
741,741,0.00944594293832779,,,,,,,,,
742,742,,,0.970209002494812,0.8744916915893555,0.862464964389801,1.0951944589614868,0.0578637532889843,0.4880295693874359,0.35554906725883484,0.20974311232566833
742,742,0.009433952160179615,,,,,,,,,
743,743,,,0.9700360894203186,0.8743747472763062,0.8624459505081177,1.0952088832855225,0.05790425464510918,0.4879770874977112,0.355527400970459,0.20974311232566833
743,743,0.009421959519386292,,,,,,,,,
744,744,,,0.969860851764679,0.8742581605911255,0.8624253273010254,1.095224142074585,0.05794542655348778,0.4879247844219208,0.3555057942867279,0.20974311232566833
744,744,0.009409965947270393,,,,,,,,,
745,745,,,0.9696854948997498,0.8741397261619568,0.8624042272567749,1.0952390432357788,0.05798735097050667,0.48787105083465576,0.35548365116119385,0.20974311232566833
745,745,0.009397968649864197,,,,,,,,,
746,746,,,0.969508945941925,0.874022901058197,0.862381637096405,1.0952552556991577,0.05802936479449272,0.48781806230545044,0.35546204447746277,0.20974311232566833
746,746,0.009385964833199978,,,,,,,,,
747,747,,,0.9693322777748108,0.8739030957221985,0.8623586893081665,1.0952707529067993,0.05807248130440712,0.48776307702064514,0.3554396629333496,0.20974311232566833
747,747,0.009373949840664864,,,,,,,,,
748,748,,,0.9691537022590637,0.873786449432373,0.8623340129852295,1.0952882766723633,0.058115582913160324,0.48770979046821594,0.3554181456565857,0.20974311232566833
748,748,0.009361936710774899,,,,,,,,,
749,749,,0.009349912405014038,,,,,,,,
749,749,,,0.9689754843711853,0.8736651539802551,0.8623092770576477,1.0953046083450317,0.05815999209880829,0.4876537024974823,0.3553955852985382,0.20974311232566833
749,749,0.009349912405014038,,,,,,,,,
750,750,,,0.9687955379486084,0.873548686504364,0.8622822761535645,1.0953236818313599,0.05820373445749283,0.4876004457473755,0.3553745150566101,0.20974311232566833
750,750,0.009337881579995155,,,,,,,,,
751,751,,,0.9686167240142822,0.8734254837036133,0.8622560501098633,1.095340609550476,0.05824899300932884,0.48754289746284485,0.35535159707069397,0.20974311232566833
751,751,0.009325848892331123,,,,,,,,,
752,752,,,0.9684342741966248,0.8733099102973938,0.8622262477874756,1.0953618288040161,0.05829320102930069,0.48749029636383057,0.355331152677536,0.20974311232566833
752,752,0.009313796646893024,,,,,,,,,
753,753,,,0.9682543873786926,0.8731841444969177,0.8621983528137207,1.0953789949417114,0.05833955109119415,0.48743119835853577,0.35530775785446167,0.20974311232566833
753,753,0.009301742538809776,,,,,,,,,
754,754,,,0.9680707454681396,0.8730702996253967,0.8621663451194763,1.0954023599624634,0.05838371440768242,0.48737937211990356,0.35528814792633057,0.20974311232566833
754,754,0.009289681911468506,,,,,,,,,
755,755,,,0.9678897857666016,0.8729414343833923,0.8621370196342468,1.095420002937317,0.05843111500144005,0.48731812834739685,0.3552641272544861,0.20974311232566833
755,755,0.00927761010825634,,,,,,,,,
756,756,,,0.9677035212516785,0.8728302121162415,0.8621018528938293,1.0954463481903076,0.05847536399960518,0.48726826906204224,0.3552458584308624,0.20974311232566833
756,756,0.009265526197850704,,,,,,,,,
757,757,,,0.9675232172012329,0.8726964592933655,0.8620716333389282,1.095463752746582,0.05852394178509712,0.4872044026851654,0.35522106289863586,0.20974311232566833
757,757,0.009253434836864471,,,,,,,,,
758,758,,,0.9673351049423218,0.8725903630256653,0.8620331883430481,1.095494270324707,0.05856703221797943,0.48715779185295105,0.35520485043525696,0.20974311232566833
758,758,0.009241332300007343,,,,,,,,,
759,759,,,0.9671552777290344,0.8724485635757446,0.8620026707649231,1.0955098867416382,0.05861703306436539,0.487089067697525,0.35517799854278564,0.20974311232566833
759,759,0.009229220449924469,,,,,,,,,
760,760,,,0.9669628143310547,0.872351884841919,0.8619593977928162,1.0955463647842407,0.05865848436951637,0.48704850673675537,0.35516518354415894,0.20974311232566833
760,760,0.009217099286615849,,,,,,,,,
761,761,,,0.9667854905128479,0.8721970319747925,0.8619300723075867,1.0955581665039062,0.05871109291911125,0.4869717061519623,0.3551349937915802,0.20974311232566833
761,761,0.00920496229082346,,,,,,,,,
762,762,,,0.9665882587432861,0.8721174597740173,0.8618804216384888,1.095604419708252,0.05874916538596153,0.4869420826435089,0.35512804985046387,0.20974311232566833
762,762,0.0091928131878376,,,,,,,,,
763,763,,,0.9664152264595032,0.8719388842582703,0.8618543148040771,1.095608115196228,0.058806538581848145,0.4868512451648712,0.35509151220321655,0.20974311232566833
763,763,0.009180652908980846,,,,,,,,,
764,764,,,0.9662104249000549,0.8718898296356201,0.8617954254150391,1.0956695079803467,0.05883809179067612,0.4868409335613251,0.35509443283081055,0.20974311232566833
764,764,0.009168485179543495,,,,,,,,,
765,765,,,0.9660464525222778,0.8716694116592407,0.861777126789093,1.0956575870513916,0.058903470635414124,0.486724853515625,0.3550461530685425,0.20974311232566833
765,765,0.009156301617622375,,,,,,,,,
766,766,,,0.9658269882202148,0.8716757297515869,0.8617023825645447,1.095745325088501,0.058923713862895966,0.48674917221069336,0.3550664782524109,0.20974311232566833
766,766,0.00914410874247551,,,,,,,,,
767,767,,,0.9656789302825928,0.8713794946670532,0.8616994619369507,1.095703125,0.059004299342632294,0.4865870773792267,0.3549962341785431,0.20974311232566833
767,767,0.009131906554102898,,,,,,,,,
768,768,,,0.9654372334480286,0.871488630771637,0.8615989089012146,1.0958369970321655,0.05900321528315544,0.4866747260093689,0.35504817962646484,0.20974311232566833
768,768,0.00911970715969801,,,,,,,,,
769,769,,,0.9653198719024658,0.8710522651672363,0.8616265058517456,1.095737099647522,0.05911220237612724,0.48642703890800476,0.35493677854537964,0.20974311232566833
769,769,0.009107503108680248,,,,,,,,,
770,770,,,0.9650355577468872,0.8713549375534058,0.8614789247512817,1.0959558486938477,0.05907117947936058,0.4866337478160858,0.35504743456840515,0.20974311232566833
770,770,0.009095330722630024,,,,,,,,,
771,771,,,0.9649734497070312,0.8706515431404114,0.8615643382072449,1.095745325088501,0.05923466756939888,0.48622363805770874,0.35485732555389404,0.20974311232566833
771,771,0.009083208627998829,,,,,,,,,
772,772,,,0.9646137952804565,0.8713280558586121,0.8613315224647522,1.096123456954956,0.05911600589752197,0.48665717244148254,0.35507968068122864,0.20974311232566833
772,772,0.009071208536624908,,,,,,,,,
773,773,,,0.9646568298339844,0.8701106309890747,0.8615298271179199,1.0956974029541016,0.05938713625073433,0.48593273758888245,0.3547365367412567,0.20974311232566833
773,773,0.009059450589120388,,,,,,,,,
774,774,,,0.9641539454460144,0.8715202808380127,0.8611333966255188,1.0963830947875977,0.059117138385772705,0.4868081510066986,0.3551761209964752,0.20974311232566833
774,774,0.00904818158596754,,,,,,,,,
775,775,,,0.9643978476524353,0.8692989349365234,0.8615520596504211,1.0955337285995483,0.05960188806056976,0.48546725511550903,0.3545324504375458,0.20974311232566833
775,775,0.009037906304001808,,,,,,,,,
776,776,,,0.963628351688385,0.8721767067909241,0.8608376383781433,1.0968225002288818,0.059029385447502136,0.4872142970561981,0.3554009795188904,0.20974311232566833
776,776,0.009029578417539597,,,,,,,,,
777,777,,,0.964261531829834,0.8679874539375305,0.8616908192634583,1.0951334238052368,0.05994538217782974,0.484650582075119,0.35416120290756226,0.20974311232566833
777,777,0.009025170467793941,,,,,,,,,
778,778,,,0.9629935026168823,0.8738504648208618,0.8603401184082031,1.0976145267486572,0.058766920119524,0.48812931776046753,0.35588350892066956,0.20974311232566833
778,778,0.009028485976159573,,,,,,,,,
779,779,,,0.9643902778625488,0.8658789396286011,0.8620604276657104,1.0942741632461548,0.06055263802409172,0.48315900564193726,0.3534749448299408,0.20974311232566833
779,779,0.009047245606780052,,,,,,,,,
780,780,,,0.962242066860199,0.8777358531951904,0.8594228625297546,1.099056601524353,0.05818333849310875,0.48998400568962097,0.3568536639213562,0.20974311232566833
780,780,0.009095193818211555,,,,,,,,,
781,781,,,0.9650546908378601,0.8630673289299011,0.8628459572792053,1.092681884765625,0.06163956597447395,0.4806097149848938,0.3523198664188385,0.20974311232566833
781,781,0.009197814390063286,,,,,,,,,
782,782,,,0.9615776538848877,0.8852064609527588,0.8578740358352661,1.1013009548187256,0.057201359421014786,0.49297863245010376,0.35845595598220825,0.20974311232566833
782,782,0.009384353645145893,,,,,,,,,
783,783,,,0.9662036299705505,0.8610759973526001,0.8639851212501526,1.0907847881317139,0.06311220675706863,0.4777214229106903,0.3510604798793793,0.20974311232566833
783,783,0.009678001515567303,,,,,,,,,
784,784,,,0.9613724946975708,0.8904449343681335,0.8568724989891052,1.1027487516403198,0.056567106395959854,0.49476444721221924,0.3594876229763031,0.20974311232566833
784,784,0.009983666241168976,,,,,,,,,
785,785,,,0.9655182957649231,0.8613846898078918,0.8637086749076843,1.0914362668991089,0.06302843242883682,0.47868725657463074,0.3514694273471832,0.20974311232566833
785,785,0.01009406242519617,,,,,,,,,
786,786,,,0.9617197513580322,0.8781396746635437,0.8592999577522278,1.0995253324508667,0.0581757090985775,0.4900420606136322,0.3570233881473541,0.20974311232566833
786,786,0.009738762862980366,,,,,,,,,
787,787,,,0.9623685479164124,0.8696345686912537,0.8610597252845764,1.096580982208252,0.059726931154727936,0.4858020842075348,0.3548646569252014,0.20974311232566833
787,787,0.009156820364296436,,,,,,,,,
788,788,,,0.9633009433746338,0.8641513586044312,0.8622801303863525,1.0939524173736572,0.0612129308283329,0.48195788264274597,0.35298848152160645,0.20974311232566833
788,788,0.008874744176864624,,,,,,,,,
789,789,,,0.9607983827590942,0.8821378946304321,0.8581404685974121,1.1008589267730713,0.05728010833263397,0.49154427647590637,0.3578452467918396,0.20974311232566833
789,789,0.009084785357117653,,,,,,,,,
790,790,,,0.9635692238807678,0.8616966605186462,0.8624638915061951,1.0929346084594727,0.062146592885255814,0.48012062907218933,0.3521515429019928,0.20974311232566833
790,790,0.009392389096319675,,,,,,,,,
791,791,,,0.9609827399253845,0.874968945980072,0.8592258095741272,1.099112868309021,0.0585005097091198,0.4888049364089966,0.3564426898956299,0.20974311232566833
791,791,0.009334048256278038,,,,,,,,,
792,792,,,0.9612050652503967,0.8687361478805542,0.8602838516235352,1.0969842672348022,0.05992785468697548,0.485796719789505,0.3548605144023895,0.20974311232566833
792,792,0.008989697322249413,,,,,,,,,
793,793,,,0.9617977142333984,0.8632616996765137,0.8612213134765625,1.094576120376587,0.06159014627337456,0.4822459816932678,0.3530912697315216,0.20974311232566833
793,793,0.008815440349280834,,,,,,,,,
794,794,,,0.9597893953323364,0.877597451210022,0.8580877780914307,1.100299596786499,0.058283768594264984,0.49008411169052124,0.3571033179759979,0.20974311232566833
794,794,0.008972207084298134,,,,,,,,,
795,795,,,0.9612959027290344,0.8623918294906616,0.8609553575515747,1.0946340560913086,0.061911556869745255,0.48178356885910034,0.35293692350387573,0.20974311232566833
795,795,0.009128243662416935,,,,,,,,,
796,796,,,0.9599539041519165,0.8703219294548035,0.859342098236084,1.0982692241668701,0.05961848795413971,0.48686233162879944,0.35549426078796387,0.20974311232566833
796,796,0.009007119573652744,,,,,,,,,
797,797,,,0.9598042368888855,0.8703407645225525,0.8592764735221863,1.0983422994613647,0.05963827669620514,0.4868958294391632,0.3555164635181427,0.20974311232566833
797,797,0.008796295151114464,,,,,,,,,
798,798,,,0.9607152938842773,0.8626869320869446,0.8606648445129395,1.0951690673828125,0.06180570274591446,0.48220810294151306,0.3531897962093353,0.20974311232566833
798,798,0.008786838501691818,,,,,,,,,
799,799,,0.008915361016988754,,,,,,,,
799,799,,,0.9593294858932495,0.8742963671684265,0.8583241701126099,1.0999236106872559,0.05898787081241608,0.48883020877838135,0.35657626390457153,0.20974311232566833
799,799,0.008915361016988754,,,,,,,,,
800,800,,,0.960124671459198,0.8641436100006104,0.8602471351623535,1.0961993932724,0.06151553988456726,0.4834333658218384,0.3538362979888916,0.20974311232566833
800,800,0.008921529166400433,,,,,,,,,
801,801,,,0.9597947597503662,0.8667716979980469,0.8598539233207703,1.0973538160324097,0.06082869693636894,0.4850325584411621,0.3546651303768158,0.20974311232566833
801,801,0.008780453354120255,,,,,,,,,
802,802,,,0.9592458605766296,0.8714374899864197,0.8588860034942627,1.099189281463623,0.05976037681102753,0.4874917268753052,0.35595157742500305,0.20974311232566833
802,802,0.008707351982593536,,,,,,,,,
803,803,,,0.9597455859184265,0.8628460764884949,0.8603604435920715,1.0959279537200928,0.06200826168060303,0.48257067799568176,0.35349130630493164,0.20974311232566833
803,803,0.008771151304244995,,,,,,,,,
804,804,,,0.9587340354919434,0.8710393309593201,0.8587573170661926,1.0993776321411133,0.059716664254665375,0.4873769283294678,0.3559473752975464,0.20974311232566833
804,804,0.008812356740236282,,,,,,,,,
805,805,,,0.9587987065315247,0.8663779497146606,0.8595833778381348,1.0977301597595215,0.06080169975757599,0.48493659496307373,0.35469791293144226,0.20974311232566833
805,805,0.008739138953387737,,,,,,,,,
806,806,,,0.9587605595588684,0.8647240996360779,0.8597903251647949,1.0971354246139526,0.061289358884096146,0.4839622676372528,0.35421717166900635,0.20974311232566833
806,806,0.008659704588353634,,,,,,,,,
807,807,,,0.9581466913223267,0.8709945678710938,0.8584346771240234,1.0996909141540527,0.05976998433470726,0.48744532465934753,0.35602283477783203,0.20974311232566833
807,807,0.008674195036292076,,,,,,,,,
808,808,,,0.9584119319915771,0.8634127974510193,0.8596387505531311,1.096964716911316,0.061746418476104736,0.4833221435546875,0.35393962264060974,0.20974311232566833
808,808,0.008713745512068272,,,,,,,,,
809,809,,,0.9580101370811462,0.8677308559417725,0.8588254451751709,1.0987896919250488,0.06049223616719246,0.48587900400161743,0.35525256395339966,0.20974311232566833
809,809,0.008682594634592533,,,,,,,,,
810,810,,,0.9578323364257812,0.867455244064331,0.8587532043457031,1.0987740755081177,0.0605141744017601,0.48575103282928467,0.3551931381225586,0.20974311232566833
810,810,0.008617859333753586,,,,,,,,,
811,811,,,0.9578596353530884,0.8634204268455505,0.8592748045921326,1.097331166267395,0.06157539412379265,0.4834511876106262,0.3540484309196472,0.20974311232566833
811,811,0.008603917434811592,,,,,,,,,
812,812,,,0.9574759006500244,0.8692033290863037,0.858144223690033,1.0997250080108643,0.05999404564499855,0.486715167760849,0.35575997829437256,0.20974311232566833
812,812,0.008628384210169315,,,,,,,,,
813,813,,,0.9575114250183105,0.864294171333313,0.858930766582489,1.0979993343353271,0.06125250458717346,0.48406368494033813,0.35442250967025757,0.20974311232566833
813,813,0.00862035620957613,,,,,,,,,
814,814,,,0.9573423862457275,0.8655293583869934,0.8586888313293457,1.0985335111618042,0.06093022972345352,0.48475807905197144,0.3547908365726471,0.20974311232566833
814,814,0.008574479259550571,,,,,,,,,
815,815,,,0.9571006894111633,0.8678342700004578,0.858167290687561,1.0994842052459717,0.060376085340976715,0.4860054552555084,0.3554489016532898,0.20974311232566833
815,815,0.008547619916498661,,,,,,,,,
816,816,,,0.9570272564888,0.8632939457893372,0.858806312084198,1.0978935956954956,0.0616159662604332,0.48348864912986755,0.3541870415210724,0.20974311232566833
816,816,0.008555663749575615,,,,,,,,,
817,817,,,0.9568215012550354,0.8674510717391968,0.8580387234687805,1.0996021032333374,0.060447316616773605,0.4858498275279999,0.3554235100746155,0.20974311232566833
817,817,0.008556288667023182,,,,,,,,,
818,818,,,0.9566702246665955,0.8651975989341736,0.8583530187606812,1.0988733768463135,0.061013851314783096,0.4846574068069458,0.3548257350921631,0.20974311232566833
818,818,0.008527428843080997,,,,,,,,,
819,819,,,0.9565261602401733,0.8642901182174683,0.8584057688713074,1.0986568927764893,0.06124032661318779,0.4841609001159668,0.3546012341976166,0.20974311232566833
819,819,0.008497948758304119,,,,,,,,,
820,820,,,0.9563539624214172,0.8674078583717346,0.8577350378036499,1.0999969244003296,0.06039014086127281,0.4858992099761963,0.3555367588996887,0.20974311232566833
820,820,0.008492525666952133,,,,,,,,,
821,821,,,0.9561261534690857,0.8635367155075073,0.8582340478897095,1.0987457036972046,0.06142912805080414,0.4838407039642334,0.3545072674751282,0.20974311232566833
821,821,0.008493466302752495,,,,,,,,,
822,822,,,0.9559823870658875,0.8658857941627502,0.857757031917572,1.099774956703186,0.060783591121435165,0.48520606756210327,0.35523319244384766,0.20974311232566833
822,822,0.008476639166474342,,,,,,,,,
823,823,,,0.9558119773864746,0.8655370473861694,0.8576818704605103,1.0998241901397705,0.060899581760168076,0.4850926995277405,0.3552020192146301,0.20974311232566833
823,823,0.008450465276837349,,,,,,,,,
824,824,,,0.9556187987327576,0.8635331392288208,0.8578311204910278,1.099307894706726,0.06146858260035515,0.48407500982284546,0.354718953371048,0.20974311232566833
824,824,0.008436336182057858,,,,,,,,,
825,825,,,0.9555260539054871,0.8664259910583496,0.8572109341621399,1.1006007194519043,0.06068193539977074,0.4857407808303833,0.35562315583229065,0.20974311232566833
825,825,0.008433033712208271,,,,,,,,,
826,826,,,0.9552395939826965,0.8637246489524841,0.8574855923652649,1.09982168674469,0.06140667200088501,0.48436152935028076,0.3549404740333557,0.20974311232566833
826,826,0.008423042483627796,,,,,,,,,
827,827,,,0.9551184177398682,0.864654541015625,0.8572246432304382,1.1003493070602417,0.06112707033753395,0.4849315881729126,0.35527274012565613,0.20974311232566833
827,827,0.008402494713664055,,,,,,,,,
828,828,,,0.954982578754425,0.8653889298439026,0.8569503426551819,1.1008411645889282,0.06091930717229843,0.48540619015693665,0.35556286573410034,0.20974311232566833
828,828,0.008384483866393566,,,,,,,,,
829,829,,,0.9547135233879089,0.8631401658058167,0.8571091890335083,1.1002707481384277,0.06154162064194679,0.4842848777770996,0.35502439737319946,0.20974311232566833
829,829,0.008375757373869419,,,,,,,,,
830,830,,,0.9547196626663208,0.8653703927993774,0.8566612601280212,1.10128653049469,0.060931771993637085,0.48558154702186584,0.3557397425174713,0.20974311232566833
830,830,0.008367813192307949,,,,,,,,,
831,831,,,0.9545069932937622,0.8637189269065857,0.8567858338356018,1.1008987426757812,0.06138761714100838,0.4847860038280487,0.35536253452301025,0.20974311232566833
831,831,0.008352663367986679,,,,,,,,,
832,832,,,0.9543749690055847,0.8636811375617981,0.8566600680351257,1.101102352142334,0.06139559671282768,0.48484888672828674,0.35543859004974365,0.20974311232566833
832,832,0.008334643207490444,,,,,,,,,
833,833,,,0.9542844891548157,0.8648300766944885,0.8563395738601685,1.1017422676086426,0.06107868254184723,0.48554590344429016,0.3558472692966461,0.20974311232566833
833,833,0.008321547880768776,,,,,,,,,
834,834,,,0.9539756774902344,0.8628411889076233,0.8564739227294922,1.1012521982192993,0.061620842665433884,0.4845542311668396,0.3553716540336609,0.20974311232566833
834,834,0.00831240601837635,,,,,,,,,
835,835,,,0.9539896249771118,0.864422082901001,0.8561505675315857,1.1020112037658691,0.06116707623004913,0.4854675829410553,0.3558935225009918,0.20974311232566833
835,835,0.008300641551613808,,,,,,,,,
836,836,,,0.9537815451622009,0.8635765910148621,0.8561294078826904,1.1019443273544312,0.06139466539025307,0.485109806060791,0.3557508885860443,0.20974311232566833
836,836,0.008284809067845345,,,,,,,,,
837,837,,,0.9536001682281494,0.8630537390708923,0.8560425639152527,1.1020087003707886,0.061543066054582596,0.48493075370788574,0.35570526123046875,0.20974311232566833
837,837,0.00826962385326624,,,,,,,,,
838,838,,,0.9535982012748718,0.8642280101776123,0.855739414691925,1.102652668952942,0.061229512095451355,0.48564448952674866,0.3561273515224457,0.20974311232566833
838,838,0.008257977664470673,,,,,,,,,
839,839,,,0.9533235430717468,0.8625981211662292,0.8558154702186584,1.1023085117340088,0.06169350445270538,0.4848688542842865,0.35576459765434265,0.20974311232566833
839,839,0.008247110061347485,,,,,,,,,
840,840,,,0.9533253908157349,0.863582968711853,0.8555509448051453,1.1028887033462524,0.06142768636345863,0.4854869544506073,0.3561384677886963,0.20974311232566833
840,840,0.008233692497015,,,,,,,,,
841,841,,,0.9531570076942444,0.8631927967071533,0.8554356098175049,1.1030232906341553,0.06154214218258858,0.48539450764656067,0.35614219307899475,0.20974311232566833
841,841,0.008218633942306042,,,,,,,,,
842,842,,,0.9529665112495422,0.8624901175498962,0.8553621172904968,1.1030452251434326,0.06173928081989288,0.4851296842098236,0.35605642199516296,0.20974311232566833
842,842,0.008204975165426731,,,,,,,,,
843,843,,,0.9529931545257568,0.8635223507881165,0.8550872206687927,1.103644609451294,0.061457205563783646,0.4857701063156128,0.35644519329071045,0.20974311232566833
843,843,0.0081931808963418,,,,,,,,,
844,844,,,0.9527071118354797,0.8622554540634155,0.8550835847854614,1.1034643650054932,0.06181875988841057,0.48521190881729126,0.356198251247406,0.20974311232566833
844,844,0.008181042037904263,,,,,,,,,
845,845,,,0.9526714086532593,0.862846314907074,0.8548533320426941,1.103933334350586,0.061667852103710175,0.48563504219055176,0.3564748764038086,0.20974311232566833
845,845,0.008167216554284096,,,,,,,,,
846,846,,,0.9525365829467773,0.8627049326896667,0.8547062873840332,1.1041553020477295,0.06172965466976166,0.48567456007003784,0.35654908418655396,0.20974311232566833
846,846,0.008152931928634644,,,,,,,,,
847,847,,,0.9523319602012634,0.862006664276123,0.8546342253684998,1.1041743755340576,0.06194967031478882,0.485413521528244,0.3564624488353729,0.20974311232566833
847,847,0.008139769546687603,,,,,,,,,
848,848,,,0.9523600935935974,0.8628399968147278,0.8543906807899475,1.1047114133834839,0.06174056604504585,0.4859531819820404,0.3568017780780792,0.20974311232566833
848,848,0.008127473294734955,,,,,,,,,
849,849,,0.008114654570817947,,,,,,,,
849,849,,,0.9521002173423767,0.8618621826171875,0.8543397188186646,1.104660153388977,0.06202583387494087,0.48556214570999146,0.3566489815711975,0.20974311232566833
849,849,0.008114654570817947,,,,,,,,,
850,850,,,0.9520606398582458,0.8622245192527771,0.8541410565376282,1.105061650276184,0.06193682178854942,0.48586833477020264,0.3568693995475769,0.20974311232566833
850,850,0.008100866340100765,,,,,,,,,
851,851,,,0.9519562125205994,0.8621870279312134,0.8539886474609375,1.1053204536437988,0.0619685985147953,0.4859626293182373,0.35697484016418457,0.20974311232566833
851,851,0.008087005466222763,,,,,,,,,
852,852,,,0.9517639875411987,0.8615719079971313,0.8539016246795654,1.1053849458694458,0.062167540192604065,0.4857551157474518,0.35692012310028076,0.20974311232566833
852,852,0.008073866367340088,,,,,,,,,
853,853,,,0.9517977833747864,0.8622128367424011,0.8536751866340637,1.105879545211792,0.062021903693675995,0.48620548844337463,0.35721978545188904,0.20974311232566833
853,853,0.00806112214922905,,,,,,,,,
854,854,,,0.9515636563301086,0.8614468574523926,0.8535851240158081,1.1059209108352661,0.06226783245801926,0.4859387278556824,0.3571358025074005,0.20974311232566833
854,854,0.008047970943152905,,,,,,,,,
855,855,,,0.9515239000320435,0.8616912961006165,0.8533961176872253,1.1062874794006348,0.06223247945308685,0.4861888289451599,0.35732772946357727,0.20974311232566833
855,855,0.008034270256757736,,,,,,,,,
856,856,,,0.9514339566230774,0.8616662621498108,0.8532333374023438,1.1065644025802612,0.062271058559417725,0.4862985908985138,0.35744452476501465,0.20974311232566833
856,856,0.008020577020943165,,,,,,,,,
857,857,,,0.9512461423873901,0.8611589074134827,0.8531105518341064,1.1066954135894775,0.062441710382699966,0.4861653745174408,0.3574332594871521,0.20974311232566833
857,857,0.008007296361029148,,,,,,,,,
858,858,,,0.9512568712234497,0.8616388440132141,0.852885365486145,1.107157588005066,0.062341898679733276,0.4865446388721466,0.35769885778427124,0.20974311232566833
858,858,0.007994221523404121,,,,,,,,,
859,859,,,0.9510404467582703,0.8610231876373291,0.8527669310569763,1.107262134552002,0.0625481903553009,0.4863635301589966,0.3576621115207672,0.20974311232566833
859,859,0.007980899885296822,,,,,,,,,
860,860,,,0.9510102868080139,0.8612102270126343,0.8525799512863159,1.1076205968856812,0.06253457814455032,0.4865897595882416,0.3578450679779053,0.20974311232566833
860,860,0.00796724297106266,,,,,,,,,
861,861,,,0.9509186744689941,0.8611396551132202,0.8524088263511658,1.1079039573669434,0.06259504705667496,0.4866906404495239,0.3579607307910919,0.20974311232566833
861,861,0.007953568361699581,,,,,,,,,
862,862,,,0.9507485032081604,0.8607387542724609,0.8522615432739258,1.1080890893936157,0.06274773925542831,0.4866279661655426,0.35798895359039307,0.20974311232566833
862,862,0.007940116338431835,,,,,,,,,
863,863,,,0.9507583975791931,0.8610855340957642,0.8520525097846985,1.1085115671157837,0.06269606202840805,0.48694348335266113,0.3582226037979126,0.20974311232566833
863,863,0.007926796562969685,,,,,,,,,
864,864,,,0.950569212436676,0.8605785369873047,0.851921796798706,1.1086596250534058,0.0628802552819252,0.4868234694004059,0.3582206666469574,0.20974311232566833
864,864,0.007913345471024513,,,,,,,,,
865,865,,,0.950543999671936,0.8607496023178101,0.8517311215400696,1.1090281009674072,0.06287994980812073,0.48704928159713745,0.35840749740600586,0.20974311232566833
865,865,0.007899682968854904,,,,,,,,,
866,866,,,0.9504423141479492,0.8606330156326294,0.8515575528144836,1.1093138456344604,0.06296179443597794,0.4871351420879364,0.3585190176963806,0.20974311232566833
866,866,0.007885967381298542,,,,,,,,,
867,867,,,0.9503080248832703,0.8603540062904358,0.8513997197151184,1.1095479726791382,0.06309032440185547,0.48713886737823486,0.35858649015426636,0.20974311232566833
867,867,0.007872353307902813,,,,,,,,,
868,868,,,0.9503154158592224,0.8605909943580627,0.8512033820152283,1.1099424362182617,0.06308216601610184,0.4874033033847809,0.35879600048065186,0.20974311232566833
868,868,0.007858837023377419,,,,,,,,,
869,869,,,0.9501442313194275,0.8601607084274292,0.8510557413101196,1.1101340055465698,0.0632588192820549,0.4873364269733429,0.35882529616355896,0.20974311232566833
869,869,0.007845261134207249,,,,,,,,,
870,870,,,0.9501338601112366,0.8603160977363586,0.8508589863777161,1.1105166673660278,0.0632769986987114,0.487568199634552,0.35901957750320435,0.20974311232566833
870,870,0.007831559516489506,,,,,,,,,
871,871,,,0.9500315189361572,0.8601406216621399,0.8506853580474854,1.1107988357543945,0.06338591128587723,0.48763507604599,0.35912418365478516,0.20974311232566833
871,871,0.007817775011062622,,,,,,,,,
872,872,,,0.9499311447143555,0.8599652647972107,0.8505128622055054,1.1110795736312866,0.06349588930606842,0.4877012372016907,0.3592282831668854,0.20974311232566833
872,872,0.007804027758538723,,,,,,,,,
873,873,,,0.9499168992042542,0.8600934743881226,0.8503149747848511,1.1114585399627686,0.06352604925632477,0.4879229664802551,0.35941803455352783,0.20974311232566833
873,873,0.007790329400449991,,,,,,,,,
874,874,,,0.9497609734535217,0.8597356677055359,0.8501474261283875,1.1116960048675537,0.06368979811668396,0.4879072904586792,0.3594787120819092,0.20974311232566833
874,874,0.0077766249887645245,,,,,,,,,
875,875,,,0.9497592449188232,0.8598769307136536,0.8499452471733093,1.1120898723602295,0.06372266262769699,0.4881429970264435,0.3596785366535187,0.20974311232566833
875,875,0.0077628507278859615,,,,,,,,,
876,876,,,0.9496483206748962,0.8596574664115906,0.8497682213783264,1.1123732328414917,0.06385685503482819,0.48819977045059204,0.35977962613105774,0.20974311232566833
876,876,0.007748997770249844,,,,,,,,,
877,877,,,0.9495821595191956,0.8595731258392334,0.8495820164680481,1.11270010471344,0.06395670771598816,0.4883246421813965,0.3599192202091217,0.20974311232566833
877,877,0.007735125720500946,,,,,,,,,
878,878,,,0.9495519995689392,0.8596004247665405,0.8493850827217102,1.1130675077438354,0.06402767449617386,0.4885084331035614,0.36009272933006287,0.20974311232566833
878,878,0.007721280213445425,,,,,,,,,
879,879,,,0.949425995349884,0.8593258857727051,0.8492061495780945,1.1133471727371216,0.06418033689260483,0.48854494094848633,0.360185444355011,0.20974311232566833
879,879,0.007707436569035053,,,,,,,,,
880,880,,,0.9494321346282959,0.8594414591789246,0.8490046858787537,1.113744854927063,0.0642315223813057,0.48877543210983276,0.3603860139846802,0.20974311232566833
880,880,0.007693558931350708,,,,,,,,,
881,881,,,0.949325442314148,0.8592022061347961,0.8488248586654663,1.1140390634536743,0.0643795058131218,0.48883235454559326,0.36049142479896545,0.20974311232566833
881,881,0.0076796310022473335,,,,,,,,,
882,882,,,0.9492965340614319,0.8591907024383545,0.8486289381980896,1.1144071817398071,0.0644703209400177,0.48900508880615234,0.36066222190856934,0.20974311232566833
882,882,0.007665661629289389,,,,,,,,,
883,883,,,0.9492485523223877,0.8591275811195374,0.8484335541725159,1.1147632598876953,0.06457827985286713,0.48915502429008484,0.36082059144973755,0.20974311232566833
883,883,0.007651678752154112,,,,,,,,,
884,884,,,0.9491618871688843,0.8589437007904053,0.8482459187507629,1.115084171295166,0.0647202581167221,0.4892459809780121,0.3609466850757599,0.20974311232566833
884,884,0.007637695409357548,,,,,,,,,
885,885,,,0.9491667747497559,0.859007716178894,0.8480443954467773,1.1154814958572388,0.06479894369840622,0.4894609749317169,0.36114269495010376,0.20974311232566833
885,885,0.007623703684657812,,,,,,,,,
886,886,,,0.9490638375282288,0.8587761521339417,0.847854733467102,1.115797996520996,0.06495701521635056,0.48953503370285034,0.36126089096069336,0.20974311232566833
886,886,0.007609683554619551,,,,,,,,,
887,887,,,0.9490581750869751,0.8588060736656189,0.8476496934890747,1.1161960363388062,0.06504903733730316,0.48974019289016724,0.3614532947540283,0.20974311232566833
887,887,0.007595618721097708,,,,,,,,,
888,888,,,0.9489952921867371,0.8586720824241638,0.847453236579895,1.1165469884872437,0.06518615037202835,0.4898659884929657,0.3616017699241638,0.20974311232566833
888,888,0.007581528276205063,,,,,,,,,
889,889,,,0.9489496350288391,0.8585753440856934,0.8472548723220825,1.1169111728668213,0.06531622260808945,0.4900112450122833,0.3617618978023529,0.20974311232566833
889,889,0.007567415479570627,,,,,,,,,
890,890,,,0.9489359259605408,0.8585655689239502,0.8470485210418701,1.117306113243103,0.06542698293924332,0.49020296335220337,0.3619486689567566,0.20974311232566833
890,890,0.00755330128595233,,,,,,,,,
891,891,,,0.9488551616668701,0.8583763241767883,0.8468490242958069,1.117653250694275,0.06558649986982346,0.49030977487564087,0.36208873987197876,0.20974311232566833
891,891,0.0075391680002212524,,,,,,,,,
892,892,,,0.9488664865493774,0.8584085702896118,0.8466407060623169,1.1180660724639893,0.06569208204746246,0.4905257821083069,0.36229097843170166,0.20974311232566833
892,892,0.0075250044465065,,,,,,,,,
893,893,,,0.948797881603241,0.8582391142845154,0.8464402556419373,1.118423581123352,0.06585215777158737,0.49064555764198303,0.3624395430088043,0.20974311232566833
893,893,0.007510817144066095,,,,,,,,,
894,894,,,0.9487870931625366,0.8582120537757874,0.8462315201759338,1.1188268661499023,0.06597820669412613,0.4908372759819031,0.36262965202331543,0.20974311232566833
894,894,0.007496599107980728,,,,,,,,,
895,895,,,0.9487547874450684,0.8581310510635376,0.8460233807563782,1.1192184686660767,0.06612061709165573,0.4910050630569458,0.362807035446167,0.20974311232566833
895,895,0.007482356391847134,,,,,,,,,
896,896,,,0.9487113952636719,0.8580150008201599,0.8458170890808105,1.1196012496948242,0.06627486646175385,0.4911566972732544,0.3629758358001709,0.20974311232566833
896,896,0.007468109019100666,,,,,,,,,
897,897,,,0.9487171173095703,0.8580105304718018,0.8456059098243713,1.1200188398361206,0.066404327750206,0.4913650155067444,0.36317723989486694,0.20974311232566833
897,897,0.0074538374319672585,,,,,,,,,
898,898,,,0.9486591815948486,0.8578518033027649,0.845398485660553,1.1203968524932861,0.06657519936561584,0.49150121212005615,0.3633386790752411,0.20974311232566833
898,898,0.007439543958753347,,,,,,,,,
899,899,,0.007425227668136358,,,,,,,,
899,899,,,0.9486726522445679,0.8578536510467529,0.8451838493347168,1.1208246946334839,0.06670859456062317,0.4917178452014923,0.3635466694831848,0.20974311232566833
899,899,0.007425227668136358,,,,,,,,,
900,900,,,0.9486293792724609,0.8577239513397217,0.8449733853340149,1.1212165355682373,0.06687728315591812,0.49187177419662476,0.3637193739414215,0.20974311232566833
900,900,0.007410884834825993,,,,,,,,,
901,901,,,0.9486247301101685,0.8576769232749939,0.8447597026824951,1.1216341257095337,0.06702788174152374,0.4920671582221985,0.3639163374900818,0.20974311232566833
901,901,0.007396523840725422,,,,,,,,,
902,902,,,0.9486123323440552,0.8576109409332275,0.8445442914962769,1.1220510005950928,0.06718584150075912,0.49225619435310364,0.3641105592250824,0.20974311232566833
902,902,0.007382142823189497,,,,,,,,,
903,903,,,0.9485829472541809,0.8575044274330139,0.8443288803100586,1.122459888458252,0.06735675781965256,0.4924279451370239,0.3642955720424652,0.20974311232566833
903,903,0.007367738056927919,,,,,,,,,
904,904,,,0.9485970139503479,0.8574867844581604,0.8441104888916016,1.1228958368301392,0.06750917434692383,0.4926442801952362,0.36450663208961487,0.20974311232566833
904,904,0.007353311870247126,,,,,,,,,
905,905,,,0.9485610127449036,0.8573563098907471,0.8438947796821594,1.1233025789260864,0.06769201159477234,0.49280789494514465,0.36468812823295593,0.20974311232566833
905,905,0.007338875439018011,,,,,,,,,
906,906,,,0.9485810399055481,0.8573424220085144,0.8436742424964905,1.1237456798553467,0.06784944981336594,0.49302995204925537,0.36490392684936523,0.20974311232566833
906,906,0.00732440548017621,,,,,,,,,
907,907,,,0.9485548734664917,0.857231080532074,0.8434547781944275,1.1241647005081177,0.06803303956985474,0.4932071566581726,0.36509454250335693,0.20974311232566833
907,907,0.007309919688850641,,,,,,,,,
908,908,,,0.948563277721405,0.8571852445602417,0.843233585357666,1.1246041059494019,0.06820357590913773,0.4934171140193939,0.3653046488761902,0.20974311232566833
908,908,0.00729540828615427,,,,,,,,,
909,909,,,0.9485631585121155,0.8571172952651978,0.8430123925209045,1.12503981590271,0.06838206201791763,0.4936182498931885,0.36551034450531006,0.20974311232566833
909,909,0.007280877325683832,,,,,,,,,
910,910,,,0.9485554695129395,0.8570322394371033,0.8427900671958923,1.125474452972412,0.06856755167245865,0.4938133955001831,0.36571332812309265,0.20974311232566833
910,910,0.007266331929713488,,,,,,,,,
911,911,,,0.9485753178596497,0.8569993376731873,0.8425655364990234,1.1259264945983887,0.06874381750822067,0.4940357208251953,0.36593255400657654,0.20974311232566833
911,911,0.00725176278501749,,,,,,,,,
912,912,,,0.9485602974891663,0.8568936586380005,0.84234219789505,1.1263601779937744,0.0689401775598526,0.4942241609096527,0.3661328852176666,0.20974311232566833
912,912,0.007237171288579702,,,,,,,,,
913,913,,,0.9485892653465271,0.8568717837333679,0.8421165943145752,1.126819133758545,0.06912007182836533,0.4944545030593872,0.3663577735424042,0.20974311232566833
913,913,0.007222563493996859,,,,,,,,,
914,914,,,0.9485785365104675,0.8567715287208557,0.841890811920166,1.1272598505020142,0.06932096928358078,0.494649201631546,0.3665628433227539,0.20974311232566833
914,914,0.007207931485027075,,,,,,,,,
915,915,,,0.9486036896705627,0.8567363023757935,0.8416632413864136,1.1277214288711548,0.06950963288545609,0.494876891374588,0.36678773164749146,0.20974311232566833
915,915,0.0071932789869606495,,,,,,,,,
916,916,,,0.9486094117164612,0.8566604852676392,0.8414358496665955,1.1281737089157104,0.0697106197476387,0.49508658051490784,0.3670026659965515,0.20974311232566833
916,916,0.0071786087937653065,,,,,,,,,
917,917,,,0.948625385761261,0.8566011786460876,0.8412074446678162,1.12863290309906,0.0699106752872467,0.4953056573867798,0.3672236502170563,0.20974311232566833
917,917,0.007163910195231438,,,,,,,,,
918,918,,,0.9486474394798279,0.856551468372345,0.8409774303436279,1.129097580909729,0.07011131942272186,0.4955313205718994,0.367449015378952,0.20974311232566833
918,918,0.007149201817810535,,,,,,,,,
919,919,,,0.948654294013977,0.8564713001251221,0.8407469987869263,1.1295565366744995,0.07032189518213272,0.49574410915374756,0.3676674962043762,0.20974311232566833
919,919,0.007134472019970417,,,,,,,,,
920,920,,,0.9486896395683289,0.8564392328262329,0.8405158519744873,1.1300301551818848,0.07052495330572128,0.4959810674190521,0.367900550365448,0.20974311232566833
920,920,0.007119718939065933,,,,,,,,,
921,921,,,0.9486963748931885,0.8563528060913086,0.840284526348114,1.1304917335510254,0.07074318081140518,0.49619367718696594,0.3681200444698334,0.20974311232566833
921,921,0.007104948163032532,,,,,,,,,
922,922,,,0.9487358927726746,0.856323778629303,0.8400512933731079,1.1309714317321777,0.07095146924257278,0.4964355230331421,0.3683571517467499,0.20974311232566833
922,922,0.007090160623192787,,,,,,,,,
923,923,,,0.9487470984458923,0.8562435507774353,0.8398176431655884,1.131439447402954,0.0711737722158432,0.4966541528701782,0.36858123540878296,0.20974311232566833
923,923,0.007075344678014517,,,,,,,,,
924,924,,,0.948785126209259,0.8562068343162537,0.8395835161209106,1.1319206953048706,0.0713895708322525,0.4968947470188141,0.36881861090660095,0.20974311232566833
924,924,0.007060517091304064,,,,,,,,,
925,925,,,0.9488081932067871,0.8561414480209351,0.8393489122390747,1.1323961019515991,0.0716145932674408,0.49712273478507996,0.36904919147491455,0.20974311232566833
925,925,0.007045671809464693,,,,,,,,,
926,926,,,0.9488412737846375,0.8560917377471924,0.8391132354736328,1.1328781843185425,0.07183922082185745,0.4973599910736084,0.3692857027053833,0.20974311232566833
926,926,0.007030798587948084,,,,,,,,,
927,927,,,0.9488757252693176,0.8560423254966736,0.8388767242431641,1.133362889289856,0.07206683605909348,0.4975990653038025,0.369523823261261,0.20974311232566833
927,927,0.007015915121883154,,,,,,,,,
928,928,,,0.9489047527313232,0.8559811115264893,0.8386401534080505,1.1338456869125366,0.07229980081319809,0.497833251953125,0.36975955963134766,0.20974311232566833
928,928,0.007001005113124847,,,,,,,,,
929,929,,,0.9489502310752869,0.8559450507164001,0.8384031057357788,1.1343367099761963,0.07253029197454453,0.4980805218219757,0.37000349164009094,0.20974311232566833
929,929,0.00698608485981822,,,,,,,,,
930,930,,,0.9489755630493164,0.8558769822120667,0.8381646871566772,1.1348215341567993,0.0727703869342804,0.4983140230178833,0.37023964524269104,0.20974311232566833
930,930,0.006971137132495642,,,,,,,,,
931,931,,,0.9490272998809814,0.8558477759361267,0.8379260301589966,1.135318636894226,0.07300522923469543,0.49856722354888916,0.37048813700675964,0.20974311232566833
931,931,0.006956173572689295,,,,,,,,,
932,932,,,0.9490561485290527,0.8557792901992798,0.8376869559288025,1.135806679725647,0.07325135171413422,0.4988027513027191,0.3707265257835388,0.20974311232566833
932,932,0.0069411927834153175,,,,,,,,,
933,933,,,0.9491109251976013,0.8557517528533936,0.8374475240707397,1.1363070011138916,0.07349210977554321,0.49905893206596375,0.3709774911403656,0.20974311232566833
933,933,0.006926198024302721,,,,,,,,,
934,934,,,0.9491437673568726,0.8556874394416809,0.837207019329071,1.136799693107605,0.07374300062656403,0.49929872155189514,0.3712193965911865,0.20974311232566833
934,934,0.006911176256835461,,,,,,,,,
935,935,,,0.949198842048645,0.8556568622589111,0.8369662165641785,1.1373026371002197,0.07398994266986847,0.4995555281639099,0.37147173285484314,0.20974311232566833
935,935,0.006896140985190868,,,,,,,,,
936,936,,,0.9492381811141968,0.8556000590324402,0.8367250561714172,1.1377999782562256,0.07424512505531311,0.49980077147483826,0.37171751260757446,0.20974311232566833
936,936,0.00688108941540122,,,,,,,,,
937,937,,,0.9492927193641663,0.8555648326873779,0.8364837169647217,1.1383042335510254,0.07449889928102493,0.5000571012496948,0.37197044491767883,0.20974311232566833
937,937,0.006866016425192356,,,,,,,,,
938,938,,,0.9493396282196045,0.8555168509483337,0.8362413644790649,1.1388071775436401,0.07475798577070236,0.5003085136413574,0.3722209334373474,0.20974311232566833
938,938,0.006850920617580414,,,,,,,,,
939,939,,,0.9493921399116516,0.8554761409759521,0.8359989523887634,1.139312982559204,0.07501859217882156,0.5005642771720886,0.3724742829799652,0.20974311232566833
939,939,0.006835819687694311,,,,,,,,,
940,940,,,0.9494464993476868,0.8554365038871765,0.8357563614845276,1.139819860458374,0.0752817839384079,0.5008211135864258,0.3727286458015442,0.20974311232566833
940,940,0.006820694077759981,,,,,,,,,
941,941,,,0.9494985342025757,0.855391800403595,0.8355132341384888,1.1403268575668335,0.07554876804351807,0.5010762810707092,0.3729825019836426,0.20974311232566833
941,941,0.0068055507726967335,,,,,,,,,
942,942,,,0.9495581388473511,0.8553589582443237,0.8352696299552917,1.1408381462097168,0.0758163183927536,0.5013379454612732,0.37324047088623047,0.20974311232566833
942,942,0.0067903948947787285,,,,,,,,,
943,943,,,0.9496093392372131,0.8553112149238586,0.8350258469581604,1.1413465738296509,0.0760895311832428,0.5015932321548462,0.37349504232406616,0.20974311232566833
943,943,0.006775220390409231,,,,,,,,,
944,944,,,0.9496763944625854,0.8552842140197754,0.8347823619842529,1.141861081123352,0.0763615295290947,0.5018589496612549,0.3737563192844391,0.20974311232566833
944,944,0.00676002586260438,,,,,,,,,
945,945,,,0.9497277140617371,0.8552346229553223,0.834537923336029,1.1423710584640503,0.07664082944393158,0.5021146535873413,0.3740118741989136,0.20974311232566833
945,945,0.006744815036654472,,,,,,,,,
946,946,,,0.9497990012168884,0.8552128076553345,0.8342937231063843,1.1428889036178589,0.07691771537065506,0.5023840665817261,0.37427598237991333,0.20974311232566833
946,946,0.006729595363140106,,,,,,,,,
947,947,,,0.9498510956764221,0.8551619648933411,0.8340492248535156,1.143399953842163,0.07720240950584412,0.5026399493217468,0.3745323419570923,0.20974311232566833
947,947,0.00671434635296464,,,,,,,,,
948,948,,,0.949927031993866,0.8551448583602905,0.8338049054145813,1.1439201831817627,0.0774838775396347,0.5029125213623047,0.3747989237308502,0.20974311232566833
948,948,0.006699093151837587,,,,,,,,,
949,949,,0.0066838194616138935,,,,,,,,
949,949,,,0.9499786496162415,0.8550924062728882,0.8335596323013306,1.1444324254989624,0.07777435332536697,0.5031687021255493,0.37505605816841125,0.20974311232566833
949,949,0.0066838194616138935,,,,,,,,,
950,950,,,0.9500604867935181,0.855080246925354,0.8333151936531067,1.1449553966522217,0.0780603364109993,0.5034445524215698,0.37532538175582886,0.20974311232566833
950,950,0.006668529007583857,,,,,,,,,
951,951,,,0.950111985206604,0.8550252914428711,0.8330699801445007,1.1454681158065796,0.07835670560598373,0.5037003755569458,0.37558287382125854,0.20974311232566833
951,951,0.0066532245837152,,,,,,,,,
952,952,,,0.9501998424530029,0.8550199270248413,0.8328256607055664,1.1459935903549194,0.07864683121442795,0.5039800405502319,0.3758549392223358,0.20974311232566833
952,952,0.006637908983975649,,,,,,,,,
953,953,,,0.9502485394477844,0.854960024356842,0.8325800895690918,1.1465059518814087,0.07894911617040634,0.5042338371276855,0.37611180543899536,0.20974311232566833
953,953,0.0066225724294781685,,,,,,,,,
954,954,,,0.9503448605537415,0.8549644947052002,0.8323359489440918,1.1470346450805664,0.07924284785985947,0.5045187473297119,0.3763875961303711,0.20974311232566833
954,954,0.006607224699109793,,,,,,,,,
955,955,,,0.9503879547119141,0.8548964858055115,0.8320902585983276,1.1475456953048706,0.07955160737037659,0.5047690868377686,0.3766428232192993,0.20974311232566833
955,955,0.006591862067580223,,,,,,,,,
956,956,,,0.9504965543746948,0.8549144864082336,0.8318468332290649,1.1480780839920044,0.07984834909439087,0.5050607919692993,0.3769233226776123,0.20974311232566833
956,956,0.006576483137905598,,,,,,,,,
957,957,,,0.9505298137664795,0.8548329472541809,0.8316008448600769,1.1485861539840698,0.08016463369131088,0.5053048133850098,0.37717512249946594,0.20974311232566833
957,957,0.006561090238392353,,,,,,,,,
958,958,,,0.9506558775901794,0.8548721075057983,0.8313583135604858,1.1491239070892334,0.08046335726976395,0.5056067705154419,0.3774622678756714,0.20974311232566833
958,958,0.00654568849131465,,,,,,,,,
959,959,,,0.950671374797821,0.8547666072845459,0.8311119675636292,1.1496261358261108,0.08078847080469131,0.5058392286300659,0.3777076005935669,0.20974311232566833
959,959,0.006530272774398327,,,,,,,,,
960,960,,,0.9508257508277893,0.854840099811554,0.8308707475662231,1.1501723527908325,0.08108670264482498,0.5061579346656799,0.3780052363872528,0.20974311232566833
960,960,0.006514840293675661,,,,,,,,,
961,961,,,0.9508090615272522,0.8546932339668274,0.8306236267089844,1.1506643295288086,0.0814230665564537,0.5063703060150146,0.3782386779785156,0.20974311232566833
961,961,0.006499405484646559,,,,,,,,,
962,962,,,0.9510103464126587,0.8548240661621094,0.8303847908973694,1.15122389793396,0.0817170962691307,0.5067161321640015,0.3785533010959625,0.20974311232566833
962,962,0.006483951583504677,,,,,,,,,
963,963,,,0.9509364366531372,0.8546053171157837,0.8301358819007874,1.151698112487793,0.0820695012807846,0.506893515586853,0.3787658214569092,0.20974311232566833
963,963,0.006468499079346657,,,,,,,,,
964,964,,,0.9512187242507935,0.8548352718353271,0.8299006223678589,1.1522811651229858,0.08235367387533188,0.507286787033081,0.37910962104797363,0.20974311232566833
964,964,0.006453047506511211,,,,,,,,,
965,965,,,0.951040506362915,0.8544886708259583,0.8296480178833008,1.1527234315872192,0.08273036777973175,0.5074015855789185,0.3792842626571655,0.20974311232566833
965,965,0.006437601055949926,,,,,,,,,
966,966,,,0.9514685273170471,0.8548936247825623,0.8294190168380737,1.1533472537994385,0.08299306780099869,0.5078785419464111,0.3796793222427368,0.20974311232566833
966,966,0.006422178354114294,,,,,,,,,
967,967,,,0.9510982036590576,0.8543151617050171,0.8291581869125366,1.1537326574325562,0.08340872079133987,0.5078800320625305,0.37978512048721313,0.20974311232566833
967,967,0.006406813394278288,,,,,,,,,
968,968,,,0.9517924189567566,0.855040431022644,0.8289390802383423,1.1544321775436401,0.08362966030836105,0.5085112452507019,0.38027438521385193,0.20974311232566833
968,968,0.006391549948602915,,,,,,,,,
969,969,,,0.9510622620582581,0.8540319800376892,0.828661322593689,1.1547126770019531,0.08411350846290588,0.5083016157150269,0.38025176525115967,0.20974311232566833
969,969,0.0063764965161681175,,,,,,,,,
970,970,,,0.9522653818130493,0.8553611040115356,0.8284583687782288,1.155553936958313,0.08425410091876984,0.5092231035232544,0.3809179961681366,0.20974311232566833
970,970,0.0063618384301662445,,,,,,,,,
971,971,,,0.9508369565010071,0.8535350561141968,0.8281394839286804,1.1556352376937866,0.0848616287112236,0.5086103677749634,0.3806489109992981,0.20974311232566833
971,971,0.006347956135869026,,,,,,,,,
972,972,,,0.9530356526374817,0.8560366630554199,0.8279566168785095,1.1567504405975342,0.08484754711389542,0.5100934505462646,0.3816574215888977,0.20974311232566833
972,972,0.006335569079965353,,,,,,,,,
973,973,,,0.9502391219139099,0.8526332974433899,0.8275325298309326,1.1564453840255737,0.08569131046533585,0.508693277835846,0.3809055685997009,0.20974311232566833
973,973,0.006326109636574984,,,,,,,,,
974,974,,,0.9544298648834229,0.8574768900871277,0.827349841594696,1.1581002473831177,0.0853826180100441,0.5112870931625366,0.3825894892215729,0.20974311232566833
974,974,0.006322395987808704,,,,,,,,,
975,975,,,0.9489373564720154,0.8510200381278992,0.8266239166259766,1.157031774520874,0.08669176697731018,0.5083236694335938,0.38087597489356995,0.20974311232566833
975,975,0.006330120377242565,,,,,,,,,
976,976,,,0.9571326971054077,0.8606173992156982,0.8263253569602966,1.159759759902954,0.08583768457174301,0.5131293535232544,0.38390102982521057,0.20974311232566833
976,976,0.006360202562063932,,,,,,,,,
977,977,,,0.9465376734733582,0.8484676480293274,0.8247700929641724,1.1571896076202393,0.08806581795215607,0.5071014165878296,0.3802994191646576,0.20974311232566833
977,977,0.006434197537600994,,,,,,,,,
978,978,,,0.9622018933296204,0.867296576499939,0.8241453170776367,1.1619772911071777,0.08629932999610901,0.5161156058311462,0.385876327753067,0.20974311232566833
978,978,0.006587822921574116,,,,,,,,,
979,979,,,0.9436154961585999,0.8459016680717468,0.8215023875236511,1.1567068099975586,0.09006108343601227,0.5047322511672974,0.3790466785430908,0.20974311232566833
979,979,0.006876605562865734,,,,,,,,,
980,980,,,0.9683477878570557,0.8773122429847717,0.820937991142273,1.1646500825881958,0.08706331253051758,0.5199333429336548,0.3883326053619385,0.20974311232566833
980,980,0.007323835510760546,,,,,,,,,
981,981,,,0.943711519241333,0.8455126285552979,0.8204548954963684,1.1563113927841187,0.09162778407335281,0.5031020641326904,0.3784310221672058,0.20974311232566833
981,981,0.007840043865144253,,,,,,,,,
982,982,,,0.9651356339454651,0.8745546340942383,0.8215942978858948,1.1652902364730835,0.08797302842140198,0.5198931097984314,0.3883712887763977,0.20974311232566833
982,982,0.008004950359463692,,,,,,,,,
983,983,,,0.9495000243186951,0.8487475514411926,0.8250924348831177,1.159148931503296,0.09027222543954849,0.5078937411308289,0.38155484199523926,0.20974311232566833
983,983,0.007476760074496269,,,,,,,,,
984,984,,,0.9532407522201538,0.8543285727500916,0.8258602619171143,1.1614701747894287,0.08943849802017212,0.5119578838348389,0.38392651081085205,0.20974311232566833
984,984,0.006535452790558338,,,,,,,,,
985,985,,,0.9596185684204102,0.8647904396057129,0.8235046863555908,1.1645551919937134,0.08878512680530548,0.5169384479522705,0.3869000971317291,0.20974311232566833
985,985,0.0061336420476436615,,,,,,,,,
986,986,,,0.947339653968811,0.846956729888916,0.822319746017456,1.1595375537872314,0.09127458930015564,0.5064551830291748,0.38098692893981934,0.20974311232566833
986,986,0.006529799662530422,,,,,,,,,
987,987,,,0.9621586203575134,0.8682440519332886,0.8218730688095093,1.1662437915802002,0.08933448791503906,0.5188360810279846,0.38819706439971924,0.20974311232566833
987,987,0.006984834559261799,,,,,,,,,
988,988,,,0.9504798650741577,0.850294828414917,0.8240810632705688,1.1621934175491333,0.09131953120231628,0.510657548904419,0.3835180401802063,0.20974311232566833
988,988,0.006801307201385498,,,,,,,,,
989,989,,,0.9522600769996643,0.8524585366249084,0.8241686820983887,1.1637126207351685,0.09149131923913956,0.5124906301498413,0.384771466255188,0.20974311232566833
989,989,0.006231687497347593,,,,,,,,,
990,990,,,0.9591201543807983,0.8637162446975708,0.822087824344635,1.167220950126648,0.09115330129861832,0.5183226466178894,0.3882058262825012,0.20974311232566833
990,990,0.006087942980229855,,,,,,,,,
991,991,,,0.9476662278175354,0.8478021621704102,0.8217458128929138,1.1628674268722534,0.09338051825761795,0.509509801864624,0.3831203281879425,0.20974311232566833
991,991,0.006422339007258415,,,,,,,,,
992,992,,,0.9579417109489441,0.861447811126709,0.8221585154533386,1.16774582862854,0.09228866547346115,0.5180948972702026,0.3882538080215454,0.20974311232566833
992,992,0.006560212001204491,,,,,,,,,
993,993,,,0.9533036351203918,0.8539365530014038,0.8231783509254456,1.166355848312378,0.09324771165847778,0.5147423148155212,0.38646432757377625,0.20974311232566833
993,993,0.00625357311218977,,,,,,,,,
994,994,,,0.9503159523010254,0.8502911329269409,0.8225202560424805,1.1655018329620361,0.09421292692422867,0.5126204490661621,0.38527047634124756,0.20974311232566833
994,994,0.005999513901770115,,,,,,,,,
995,995,,,0.9592692255973816,0.863068163394928,0.8212922811508179,1.1694096326828003,0.09359193593263626,0.5194921493530273,0.38936492800712585,0.20974311232566833
995,995,0.006136319134384394,,,,,,,,,
996,996,,,0.9505596160888672,0.8497896194458008,0.8222522735595703,1.166111946105957,0.09505518525838852,0.5125214457511902,0.3854961693286896,0.20974311232566833
996,996,0.006308929994702339,,,,,,,,,
997,997,,,0.9549626111984253,0.8560802340507507,0.8224959373474121,1.168592095375061,0.09462768584489822,0.516816258430481,0.38802632689476013,0.20974311232566833
997,997,0.006167712155729532,,,,,,,,,
998,998,,,0.9563530683517456,0.8580334186553955,0.822025716304779,1.1695176362991333,0.09482363611459732,0.5179638862609863,0.38879770040512085,0.20974311232566833
998,998,0.005953665357083082,,,,,,,,,
999,999,,0.005988091696053743,,,,,,,,
999,999,,,0.9508609175682068,0.8502141237258911,0.8218408226966858,1.167434573173523,0.09600502997636795,0.5132710933685303,0.3862418234348297,0.20974311232566833
999,999,0.005988091696053743,,,,,,,,,
1000,1000,,,0.9579812288284302,0.8604750037193298,0.8211244344711304,1.1708084344863892,0.09556341916322708,0.5193779468536377,0.3897877037525177,0.20974311232566833
1000,1000,0.006117446348071098,,,,,,,,,
1001,1001,,,0.9530216455459595,0.8530497550964355,0.8218876123428345,1.1691683530807495,0.0965547114610672,0.5157232880592346,0.3877784311771393,0.20974311232566833
1001,1001,0.006059315055608749,,,,,,,,,
1002,1002,,,0.9534019827842712,0.8527531027793884,0.8217372298240662,1.1694347858428955,0.09702292829751968,0.515724778175354,0.3879011869430542,0.20974311232566833
1002,1002,0.005902637727558613,,,,,,,,,
1003,1003,,,0.9580140113830566,0.859271764755249,0.820689857006073,1.1716108322143555,0.09696969389915466,0.5194863677024841,0.39010345935821533,0.20974311232566833
1003,1003,0.005892018787562847,,,,,,,,,
1004,1004,,,0.9517856240272522,0.8508042097091675,0.8209647536277771,1.1696040630340576,0.09795907884836197,0.5148921012878418,0.38756880164146423,0.20974311232566833
1004,1004,0.005977493245154619,,,,,,,,,
1005,1005,,,0.9563536047935486,0.8563680052757263,0.8208643794059753,1.1717759370803833,0.09768836200237274,0.5184658169746399,0.3897698223590851,0.20974311232566833
1005,1005,0.0059553394094109535,,,,,,,,,
1006,1006,,,0.955781102180481,0.855555534362793,0.8208110928535461,1.1719244718551636,0.09802599251270294,0.5182373523712158,0.38971996307373047,0.20974311232566833
1006,1006,0.005846256855875254,,,,,,,,,
1007,1007,,,0.9525778889656067,0.8514134287834167,0.8206014037132263,1.1710087060928345,0.09874086827039719,0.5159135460853577,0.3884546756744385,0.20974311232566833
1007,1007,0.005816442426294088,,,,,,,,,
1008,1008,,,0.9578977227210999,0.8581094741821289,0.8199675679206848,1.17336905002594,0.09864456951618195,0.5199580788612366,0.39088761806488037,0.20974311232566833
1008,1008,0.005866797640919685,,,,,,,,,
1009,1009,,,0.9538517594337463,0.8525498509407043,0.8204131722450256,1.1721982955932617,0.0994608998298645,0.5170670747756958,0.38933873176574707,0.20974311232566833
1009,1009,0.005862570367753506,,,,,,,,,
1010,1010,,,0.9548540115356445,0.8537999987602234,0.8203290104866028,1.17289400100708,0.09979146718978882,0.518027126789093,0.3899567127227783,0.20974311232566833
1010,1010,0.005787805188447237,,,,,,,,,
1011,1011,,,0.9574063420295715,0.856884777545929,0.8198120594024658,1.1741482019424438,0.09997241944074631,0.5199181437492371,0.3911477327346802,0.20974311232566833
1011,1011,0.005750559736043215,,,,,,,,,
1012,1012,,,0.9533926844596863,0.8516457080841064,0.8198957443237305,1.1730862855911255,0.10068326443433762,0.5170888900756836,0.38964080810546875,0.20974311232566833
1012,1012,0.0057752616703510284,,,,,,,,,
1013,1013,,,0.956881046295166,0.8561422228813171,0.8196082711219788,1.174824595451355,0.1007005050778389,0.5200487375259399,0.39140585064888,0.20974311232566833
1013,1013,0.005777846090495586,,,,,,,,,
1014,1014,,,0.9557160139083862,0.8542556762695312,0.8197001218795776,1.1747084856033325,0.10117325931787491,0.5191819071769714,0.3910380005836487,0.20974311232566833
1014,1014,0.0057282717898488045,,,,,,,,,
1015,1015,,,0.9545665979385376,0.8526034951210022,0.8195604085922241,1.174609661102295,0.10168527811765671,0.5183475613594055,0.39067453145980835,0.20974311232566833
1015,1015,0.005689891986548901,,,,,,,,,
1016,1016,,,0.9576579928398132,0.8566738963127136,0.818996250629425,1.1761631965637207,0.10183614492416382,0.5209245085716248,0.39221426844596863,0.20974311232566833
1016,1016,0.00569593021646142,,,,,,,,,
1017,1017,,,0.9545276165008545,0.8525096774101257,0.8190876841545105,1.175423264503479,0.10247063636779785,0.5187215209007263,0.39107662439346313,0.20974311232566833
1017,1017,0.005699923727661371,,,,,,,,,
1018,1018,,,0.956345796585083,0.8545187711715698,0.818903923034668,1.176385521888733,0.10269613564014435,0.5201033353805542,0.3919745087623596,0.20974311232566833
1018,1018,0.005667997989803553,,,,,,,,,
1019,1019,,,0.9568591117858887,0.8553027510643005,0.8186311721801758,1.176992654800415,0.10301928967237473,0.5207355618476868,0.3924204409122467,0.20974311232566833
1019,1019,0.00563227292150259,,,,,,,,,
1020,1020,,,0.9546228647232056,0.852507472038269,0.8184953927993774,1.1766406297683716,0.10354495793581009,0.5192408561706543,0.39169180393218994,0.20974311232566833
1020,1020,0.005625104997307062,,,,,,,,,
1021,1021,,,0.9575689435005188,0.8558856248855591,0.8181685209274292,1.1780169010162354,0.10370750725269318,0.5214443206787109,0.3930603563785553,0.20974311232566833
1021,1021,0.005626564845442772,,,,,,,,,
1022,1022,,,0.9557442665100098,0.8534936904907227,0.8182121515274048,1.1777286529541016,0.10419875383377075,0.5202761888504028,0.39248672127723694,0.20974311232566833
1022,1022,0.005606949329376221,,,,,,,,,
1023,1023,,,0.9560351371765137,0.8535721898078918,0.8180662393569946,1.1781268119812012,0.10455001890659332,0.5205050110816956,0.392724871635437,0.20974311232566833
1023,1023,0.00557627622038126,,,,,,,,,
1024,1024,,,0.9577435255050659,0.8554341793060303,0.8177462220191956,1.179045557975769,0.10479935258626938,0.521759033203125,0.39355435967445374,0.20974311232566833
1024,1024,0.005560548976063728,,,,,,,,,
1025,1025,,,0.9554862976074219,0.8526923060417175,0.8177099227905273,1.1786648035049438,0.10527859628200531,0.520301878452301,0.3928287625312805,0.20974311232566833
1025,1025,0.00555721390992403,,,,,,,,,
1026,1026,,,0.9575633406639099,0.854933500289917,0.8175209760665894,1.1796563863754272,0.10549264401197433,0.5218168497085571,0.3937954604625702,0.20974311232566833
1026,1026,0.005544866435229778,,,,,,,,,
1027,1027,,,0.9570671319961548,0.8541126847267151,0.8174399733543396,1.1798319816589355,0.10586444288492203,0.521506667137146,0.3937411904335022,0.20974311232566833
1027,1027,0.005520552396774292,,,,,,,,,
1028,1028,,,0.9563048481941223,0.8532365560531616,0.8172886967658997,1.1799825429916382,0.10626495629549026,0.521161675453186,0.39364394545555115,0.20974311232566833
1028,1028,0.005500612314790487,,,,,,,,,
1029,1029,,,0.9581358432769775,0.8552860617637634,0.8170108199119568,1.180924654006958,0.10654839873313904,0.5225443840026855,0.3945315480232239,0.20974311232566833
1029,1029,0.005491629708558321,,,,,,,,,
1030,1030,,,0.9565235376358032,0.8531650900840759,0.816997230052948,1.180722951889038,0.10701600462198257,0.5214301347732544,0.394023597240448,0.20974311232566833
1030,1030,0.005482246167957783,,,,,,,,,
1031,1031,,,0.9576462507247925,0.8543593287467957,0.8168066143989563,1.181422233581543,0.10734158754348755,0.5223459005355835,0.39463481307029724,0.20974311232566833
1031,1031,0.005464029964059591,,,,,,,,,
1032,1032,,,0.9578151702880859,0.8544394969940186,0.8166165351867676,1.1818448305130005,0.10770575702190399,0.5225788950920105,0.3948742151260376,0.20974311232566833
1032,1032,0.005443661008030176,,,,,,,,,
1033,1033,,,0.9568700790405273,0.8531984686851501,0.8164862394332886,1.1818863153457642,0.10812072455883026,0.5219739675521851,0.39464855194091797,0.20974311232566833
1033,1033,0.005429842974990606,,,,,,,,,
1034,1034,,,0.9584583044052124,0.8549444079399109,0.8162527680397034,1.182695746421814,0.10843697935342789,0.5231800079345703,0.3954180181026459,0.20974311232566833
1034,1034,0.0054199304431676865,,,,,,,,,
1035,1035,,,0.9572995901107788,0.8535109162330627,0.8161833882331848,1.1826751232147217,0.1088753417134285,0.522470235824585,0.3951266407966614,0.20974311232566833
1035,1035,0.005406135227531195,,,,,,,,,
1036,1036,,,0.9578888416290283,0.8540319204330444,0.8160104751586914,1.1831833124160767,0.10925330221652985,0.522945761680603,0.3955012559890747,0.20974311232566833
1036,1036,0.005387953948229551,,,,,,,,,
1037,1037,,,0.9584025740623474,0.8545540571212769,0.8158235549926758,1.1836589574813843,0.10963793098926544,0.5234111547470093,0.39585354924201965,0.20974311232566833
1037,1037,0.005371446721255779,,,,,,,,,
1038,1038,,,0.9574474692344666,0.8533705472946167,0.8157323002815247,1.1836600303649902,0.11006661504507065,0.5228016376495361,0.39561331272125244,0.20974311232566833
1038,1038,0.005359156057238579,,,,,,,,,
1039,1039,,,0.9587986469268799,0.8547398447990417,0.8155345916748047,1.184341311454773,0.11040405929088593,0.5237500667572021,0.3962448835372925,0.20974311232566833
1039,1039,0.005347166210412979,,,,,,,,,
1040,1040,,,0.9580334424972534,0.8538389801979065,0.8154441714286804,1.1844309568405151,0.11080441623926163,0.5233336687088013,0.3961082994937897,0.20974311232566833
1040,1040,0.005331984721124172,,,,,,,,,
1041,1041,,,0.9582939147949219,0.8539780378341675,0.8153076767921448,1.1847792863845825,0.11117961257696152,0.5235438346862793,0.3963226079940796,0.20974311232566833
1041,1041,0.0053153564222157,,,,,,,,,
1042,1042,,,0.9590275287628174,0.8545852303504944,0.8151442408561707,1.1852411031723022,0.11155127733945847,0.5240321755409241,0.39669305086135864,0.20974311232566833
1042,1042,0.005300776567310095,,,,,,,,,
1043,1043,,,0.9581679105758667,0.8535478711128235,0.8150633573532104,1.1852771043777466,0.11196871846914291,0.5235211849212646,0.39650192856788635,0.20974311232566833
1043,1043,0.00528828427195549,,,,,,,,,
1044,1044,,,0.9591999650001526,0.8545424342155457,0.8148849606513977,1.185845136642456,0.11233778297901154,0.5242615342140198,0.3970068395137787,0.20974311232566833
1044,1044,0.005275118630379438,,,,,,,,,
1045,1045,,,0.9587908983230591,0.8539445996284485,0.8147920966148376,1.1859978437423706,0.11273913830518723,0.5240120887756348,0.39696818590164185,0.20974311232566833
1045,1045,0.005260033532977104,,,,,,,,,
1046,1046,,,0.9588547945022583,0.8539115190505981,0.8146647214889526,1.1862765550613403,0.11313000321388245,0.5241119265556335,0.3971099555492401,0.20974311232566833
1046,1046,0.005244678817689419,,,,,,,,,
1047,1047,,,0.9594905972480774,0.8544694185256958,0.8144917488098145,1.186718225479126,0.11350744217634201,0.5245711803436279,0.3974568545818329,0.20974311232566833
1047,1047,0.0052307951264083385,,,,,,,,,
1048,1048,,,0.9588177800178528,0.8536370992660522,0.8143969178199768,1.1868082284927368,0.11390658468008041,0.5241634249687195,0.3973299264907837,0.20974311232566833
1048,1048,0.005217898637056351,,,,,,,,,
1049,1049,,0.005204365588724613,,,,,,,,
1049,1049,,,0.9596065282821655,0.8543776273727417,0.8142350912094116,1.1872729063034058,0.11428527534008026,0.5247385501861572,0.39773011207580566,0.20974311232566833
1049,1049,0.005204365588724613,,,,,,,,,
1050,1050,,,0.959349513053894,0.8539465665817261,0.8141391277313232,1.1874470710754395,0.11467722058296204,0.524577796459198,0.3977358937263489,0.20974311232566833
1050,1050,0.005189771763980389,,,,,,,,,
1051,1051,,,0.9594039916992188,0.8538689017295837,0.8140178918838501,1.1877118349075317,0.11506333202123642,0.5246419310569763,0.39786195755004883,0.20974311232566833
1051,1051,0.0051752058789134026,,,,,,,,,
1052,1052,,,0.9599115252494812,0.8543043732643127,0.8138670921325684,1.1880981922149658,0.11544463038444519,0.5250272154808044,0.3981578052043915,0.20974311232566833
1052,1052,0.005161558743566275,,,,,,,,,
1053,1053,,,0.9594244956970215,0.8536472320556641,0.8137882947921753,1.1882057189941406,0.11583536118268967,0.5247083306312561,0.3980775475502014,0.20974311232566833
1053,1053,0.005148448050022125,,,,,,,,,
1054,1054,,,0.9601028561592102,0.8542162179946899,0.8136475086212158,1.1886012554168701,0.11622148007154465,0.5251601338386536,0.39840880036354065,0.20974311232566833
1054,1054,0.005134946666657925,,,,,,,,,
1055,1055,,,0.9598743319511414,0.8538676500320435,0.8135522603988647,1.1887755393981934,0.11661651730537415,0.5250388383865356,0.3984282314777374,0.20974311232566833
1055,1055,0.0051208618097007275,,,,,,,,,
1056,1056,,,0.9599738121032715,0.8538277745246887,0.813439667224884,1.189021110534668,0.11701147258281708,0.5251029133796692,0.3985508680343628,0.20974311232566833
1056,1056,0.005106796510517597,,,,,,,,,
1057,1057,,,0.9604035019874573,0.8541356325149536,0.8133116364479065,1.1893367767333984,0.11740589886903763,0.525380551815033,0.3987841308116913,0.20974311232566833
1057,1057,0.0050932723097503185,,,,,,,,,
1058,1058,,,0.9600281119346619,0.8536298871040344,0.8132339119911194,1.1894551515579224,0.11779624223709106,0.5251399874687195,0.3987385332584381,0.20974311232566833
1058,1058,0.005080113653093576,,,,,,,,,
1059,1059,,,0.9606003165245056,0.8540782928466797,0.8130967617034912,1.1898053884506226,0.11818062514066696,0.525505006313324,0.39901992678642273,0.20974311232566833
1059,1059,0.005066802725195885,,,,,,,,,
1060,1060,,,0.9604015350341797,0.8537537455558777,0.8130057454109192,1.1899672746658325,0.11856122314929962,0.5253784656524658,0.39903557300567627,0.20974311232566833
1060,1060,0.0050531597808003426,,,,,,,,,
1061,1061,,,0.9605451226234436,0.8537689447402954,0.8128986954689026,1.1901949644088745,0.11894501745700836,0.5254611968994141,0.39915961027145386,0.20974311232566833
1061,1061,0.005039478652179241,,,,,,,,,
1062,1062,,,0.9608623385429382,0.8539391160011292,0.8127801418304443,1.190458059310913,0.11933287233114243,0.525635302066803,0.3993353545665741,0.20974311232566833
1062,1062,0.005026096943765879,,,,,,,,,
1063,1063,,,0.9606052041053772,0.8535589575767517,0.8126947283744812,1.1905919313430786,0.11972042173147202,0.5254603028297424,0.3993225693702698,0.20974311232566833
1063,1063,0.005013001151382923,,,,,,,,,
1064,1064,,,0.9610828161239624,0.8539049029350281,0.8125681281089783,1.1908859014511108,0.12011539191007614,0.5257493257522583,0.39955371618270874,0.20974311232566833
1064,1064,0.0049999128095805645,,,,,,,,,
1065,1065,,,0.9609214067459106,0.8535887598991394,0.8124873638153076,1.1910253763198853,0.12050077319145203,0.525604248046875,0.3995586633682251,0.20974311232566833
1065,1065,0.0049866558983922005,,,,,,,,,
1066,1066,,,0.9611232280731201,0.8536704182624817,0.8123835921287537,1.1912474632263184,0.12088853120803833,0.5257160067558289,0.39969319105148315,0.20974311232566833
1066,1066,0.004973336588591337,,,,,,,,,
1067,1067,,,0.9613059163093567,0.8537200093269348,0.8122801184654236,1.191464900970459,0.12127229571342468,0.5258010625839233,0.39981725811958313,0.20974311232566833
1067,1067,0.004960151854902506,,,,,,,,,
1068,1068,,,0.9611937403678894,0.8534661531448364,0.812199592590332,1.1916078329086304,0.12164989113807678,0.5256853699684143,0.3998356759548187,0.20974311232566833
1068,1068,0.004947175271809101,,,,,,,,,
1069,1069,,,0.9615893959999084,0.853720486164093,0.812089204788208,1.19185209274292,0.12203750759363174,0.5258997678756714,0.4000210165977478,0.20974311232566833
1069,1069,0.00493430532515049,,,,,,,,,
1070,1070,,,0.9614449143409729,0.8534212112426758,0.8120149970054626,1.1919775009155273,0.12241322547197342,0.5257479548454285,0.40002039074897766,0.20974311232566833
1070,1070,0.0049213930033147335,,,,,,,,,
1071,1071,,,0.9617133140563965,0.8535498976707458,0.8119129538536072,1.1921900510787964,0.12279825657606125,0.525874674320221,0.4001600444316864,0.20974311232566833
1071,1071,0.00490843178704381,,,,,,,,,
1072,1072,,,0.9617876410484314,0.8534852266311646,0.8118258118629456,1.1923555135726929,0.12317916750907898,0.5258704423904419,0.4002315104007721,0.20974311232566833
1072,1072,0.004895510617643595,,,,,,,,,
1073,1073,,,0.9618018865585327,0.8533473014831543,0.8117448687553406,1.1925015449523926,0.12355843931436539,0.5258134007453918,0.4002765119075775,0.20974311232566833
1073,1073,0.004882720299065113,,,,,,,,,
1074,1074,,,0.962095320224762,0.853499174118042,0.8116421699523926,1.192705512046814,0.1239466443657875,0.5259481072425842,0.40041667222976685,0.20974311232566833
1074,1074,0.00487005477771163,,,,,,,,,
1075,1075,,,0.9619746208190918,0.8532422184944153,0.8115689754486084,1.1928215026855469,0.124323770403862,0.5258088111877441,0.4004177749156952,0.20974311232566833
1075,1075,0.004857443738728762,,,,,,,,,
1076,1076,,,0.9622759222984314,0.8533881902694702,0.8114702701568604,1.19301176071167,0.12471285462379456,0.5259291529655457,0.4005492329597473,0.20974311232566833
1076,1076,0.004844836425036192,,,,,,,,,
1077,1077,,,0.9622727632522583,0.8532388210296631,0.8113935589790344,1.1931360960006714,0.12509165704250336,0.525851309299469,0.4005787670612335,0.20974311232566833
1077,1077,0.004832231905311346,,,,,,,,,
1078,1078,,,0.9623889327049255,0.8532057404518127,0.8113076686859131,1.1932820081710815,0.12547187507152557,0.5258485674858093,0.40064582228660583,0.20974311232566833
1078,1078,0.004819690249860287,,,,,,,,,
1079,1079,,,0.9625837206840515,0.8532450795173645,0.811217188835144,1.19343900680542,0.12585245072841644,0.52588951587677,0.4007347822189331,0.20974311232566833
1079,1079,0.004807250574231148,,,,,,,,,
1080,1080,,,0.9625434279441833,0.8530613780021667,0.8111468553543091,1.1935439109802246,0.1262241154909134,0.5257773995399475,0.40074485540390015,0.20974311232566833
1080,1080,0.004794899839907885,,,,,,,,,
1081,1081,,,0.9628221988677979,0.8531811833381653,0.811055064201355,1.1937038898468018,0.12660731375217438,0.5258636474609375,0.40085336565971375,0.20974311232566833
1081,1081,0.00478260638192296,,,,,,,,,
1082,1082,,,0.9627871513366699,0.8529969453811646,0.8109858632087708,1.1938031911849976,0.12697888910770416,0.5257446765899658,0.40085989236831665,0.20974311232566833
1082,1082,0.004770346917212009,,,,,,,,,
1083,1083,,,0.962981104850769,0.8530393838882446,0.810901403427124,1.19393789768219,0.12736110389232635,0.5257757306098938,0.4009372889995575,0.20974311232566833
1083,1083,0.00475811492651701,,,,,,,,,
1084,1084,,,0.963080108165741,0.8529735803604126,0.8108261823654175,1.1940484046936035,0.12773805856704712,0.5257270932197571,0.4009767770767212,0.20974311232566833
1084,1084,0.004745945800095797,,,,,,,,,
1085,1085,,,0.9631404876708984,0.8528823852539062,0.8107540607452393,1.1941488981246948,0.1281125396490097,0.5256596207618713,0.40100452303886414,0.20974311232566833
1085,1085,0.0047338553704321384,,,,,,,,,
1086,1086,,,0.9633443355560303,0.852928876876831,0.8106705546379089,1.1942718029022217,0.12849129736423492,0.5256826877593994,0.4010757505893707,0.20974311232566833
1086,1086,0.0047218468971550465,,,,,,,,,
1087,1087,,,0.9633374214172363,0.8527629375457764,0.8106051087379456,1.1943528652191162,0.12885776162147522,0.5255574584007263,0.4010753631591797,0.20974311232566833
1087,1087,0.004709902685135603,,,,,,,,,
1088,1088,,,0.9635571837425232,0.8528247475624084,0.8105234503746033,1.1944667100906372,0.12923511862754822,0.5255855917930603,0.40114539861679077,0.20974311232566833
1088,1088,0.004698010627180338,,,,,,,,,
1089,1089,,,0.9635828733444214,0.8526898622512817,0.8104573488235474,1.1945452690124512,0.12960103154182434,0.5254742503166199,0.4011501669883728,0.20974311232566833
1089,1089,0.004686163272708654,,,,,,,,,
1090,1090,,,0.9637319445610046,0.8526806235313416,0.8103817105293274,1.1946396827697754,0.1299736052751541,0.525446891784668,0.40119248628616333,0.20974311232566833
1090,1090,0.004674370866268873,,,,,,,,,
1091,1091,,,0.9638451337814331,0.852632999420166,0.810309886932373,1.1947221755981445,0.13034364581108093,0.525388777256012,0.40121912956237793,0.20974311232566833
1091,1091,0.004662649240344763,,,,,,,,,
1092,1092,,,0.9639089703559875,0.8525347113609314,0.8102430701255798,1.194791316986084,0.1307096630334854,0.5252910256385803,0.4012264013290405,0.20974311232566833
1092,1092,0.004651002120226622,,,,,,,,,
1093,1093,,,0.964089572429657,0.8525561094284058,0.8101670145988464,1.1948753595352173,0.13108186423778534,0.5252730250358582,0.40126925706863403,0.20974311232566833
1093,1093,0.00463942252099514,,,,,,,,,
1094,1094,,,0.9641103148460388,0.852418065071106,0.8101049661636353,1.1949303150177002,0.13144321739673615,0.5251405835151672,0.4012586772441864,0.20974311232566833
1094,1094,0.00462790671736002,,,,,,,,,
1095,1095,,,0.9643001556396484,0.8524432182312012,0.8100309371948242,1.1950045824050903,0.13181397318840027,0.5251179337501526,0.4012969136238098,0.20974311232566833
1095,1095,0.0046164472587406635,,,,,,,,,
1096,1096,,,0.9643491506576538,0.8523280620574951,0.8099693059921265,1.195052981376648,0.1321742832660675,0.5249940156936646,0.40128791332244873,0.20974311232566833
1096,1096,0.004605039022862911,,,,,,,,,
1097,1097,,,0.9644879698753357,0.8523041009902954,0.8099005222320557,1.1951100826263428,0.13253901898860931,0.5249296426773071,0.40130454301834106,0.20974311232566833
1097,1097,0.00459370156750083,,,,,,,,,
1098,1098,,,0.964596688747406,0.8522483110427856,0.809834897518158,1.195157766342163,0.13289977610111237,0.5248381495475769,0.40130814909935,0.20974311232566833
1098,1098,0.004582426510751247,,,,,,,,,
1099,1099,,0.004571216180920601,,,,,,,,
1099,1099,,,0.964675784111023,0.8521643877029419,0.8097729086875916,1.1951956748962402,0.13325759768486023,0.524723470211029,0.40129950642585754,0.20974311232566833
1099,1099,0.004571216180920601,,,,,,,,,
1100,1100,,,0.9648342728614807,0.8521560430526733,0.8097044229507446,1.1952406167984009,0.1336197853088379,0.5246583223342896,0.40131235122680664,0.20974311232566833
1100,1100,0.004560080356895924,,,,,,,,,
1101,1101,,,0.964881420135498,0.8520397543907166,0.80964595079422,1.195266604423523,0.13397321105003357,0.5245135426521301,0.40128862857818604,0.20974311232566833
1101,1101,0.004549004137516022,,,,,,,,,
1102,1102,,,0.9650459885597229,0.8520413637161255,0.8095781803131104,1.1953022480010986,0.13433466851711273,0.5244486331939697,0.40129825472831726,0.20974311232566833
1102,1102,0.004537992179393768,,,,,,,,,
1103,1103,,,0.9651051163673401,0.8519307374954224,0.8095206618309021,1.1953192949295044,0.13468632102012634,0.5242994427680969,0.40127065777778625,0.20974311232566833
1103,1103,0.00452703982591629,,,,,,,,,
1104,1104,,,0.9652421474456787,0.8519060015678406,0.8094561100006104,1.19534170627594,0.13504381477832794,0.5242099761962891,0.40126633644104004,0.20974311232566833
1104,1104,0.004516152665019035,,,,,,,,,
1105,1105,,,0.965333878993988,0.8518276214599609,0.8093962073326111,1.1953545808792114,0.13539516925811768,0.5240770578384399,0.4012435972690582,0.20974311232566833
1105,1105,0.00450532604008913,,,,,,,,,
1106,1106,,,0.9654359221458435,0.851763904094696,0.8093364834785461,1.1953626871109009,0.13574647903442383,0.523951530456543,0.40122151374816895,0.20974311232566833
1106,1106,0.004494566936045885,,,,,,,,,
1107,1107,,,0.9655594229698181,0.8517194986343384,0.8092753291130066,1.1953681707382202,0.13609793782234192,0.5238355994224548,0.40120238065719604,0.20974311232566833
1107,1107,0.004483870230615139,,,,,,,,,
1108,1108,,,0.965634822845459,0.8516248464584351,0.8092188835144043,1.1953643560409546,0.13644364476203918,0.5236797332763672,0.40116560459136963,0.20974311232566833
1108,1108,0.0044732410460710526,,,,,,,,,
1109,1109,,,0.9657731652259827,0.8515987992286682,0.8091572523117065,1.195361852645874,0.13679438829421997,0.5235709547996521,0.4011461138725281,0.20974311232566833
1109,1109,0.0044626714661717415,,,,,,,,,
1110,1110,,,0.9658408164978027,0.8514934182167053,0.8091034293174744,1.1953471899032593,0.13713647425174713,0.5233991742134094,0.4011002480983734,0.20974311232566833
1110,1110,0.004452172666788101,,,,,,,,,
1111,1111,,,0.965979278087616,0.8514668345451355,0.8090434074401855,1.1953343152999878,0.13748449087142944,0.523281455039978,0.40107420086860657,0.20974311232566833
1111,1111,0.004441733006387949,,,,,,,,,
1112,1112,,,0.9660525918006897,0.8513692617416382,0.808989405632019,1.1953115463256836,0.1378244012594223,0.5231083631515503,0.4010249972343445,0.20974311232566833
1112,1112,0.004431355744600296,,,,,,,,,
1113,1113,,,0.9661756753921509,0.8513244390487671,0.808931291103363,1.1952869892120361,0.13816797733306885,0.5229703187942505,0.40098774433135986,0.20974311232566833
1113,1113,0.0044210380874574184,,,,,,,,,
1114,1114,,,0.9662677049636841,0.851245105266571,0.8088769316673279,1.1952545642852783,0.13850709795951843,0.5228022933006287,0.4009372293949127,0.20974311232566833
1114,1114,0.004410781431943178,,,,,,,,,
1115,1115,,,0.9663694500923157,0.8511780500411987,0.8088219165802002,1.1952184438705444,0.13884615898132324,0.5226399302482605,0.4008873701095581,0.20974311232566833
1115,1115,0.0044005983509123325,,,,,,,,,
1116,1116,,,0.9664791226387024,0.851117730140686,0.8087663054466248,1.195178508758545,0.1391844004392624,0.5224790573120117,0.4008368253707886,0.20974311232566833
1116,1116,0.004390469286590815,,,,,,,,,
1117,1117,,,0.9665636420249939,0.8510308861732483,0.8087136149406433,1.1951314210891724,0.13951857388019562,0.5222951769828796,0.40077561140060425,0.20974311232566833
1117,1117,0.004380407277494669,,,,,,,,,
1118,1118,,,0.966683566570282,0.8509833216667175,0.8086578249931335,1.1950819492340088,0.13985519111156464,0.5221362113952637,0.40072235465049744,0.20974311232566833
1118,1118,0.004370402544736862,,,,,,,,,
1119,1119,,,0.9667600393295288,0.85088711977005,0.8086066246032715,1.195025086402893,0.14018499851226807,0.521936297416687,0.4006524085998535,0.20974311232566833
1119,1119,0.00436045927926898,,,,,,,,,
1120,1120,,,0.9668791890144348,0.8508423566818237,0.8085513114929199,1.1949654817581177,0.14051951467990875,0.5217728614807129,0.40059372782707214,0.20974311232566833
1120,1120,0.0043505774810910225,,,,,,,,,
1121,1121,,,0.9669572114944458,0.85074383020401,0.8085004687309265,1.1948992013931274,0.14084656536579132,0.5215640068054199,0.40051770210266113,0.20974311232566833
1121,1121,0.004340754821896553,,,,,,,,,
1122,1122,,,0.9670721888542175,0.8506938815116882,0.8084466457366943,1.1948286294937134,0.1411779820919037,0.5213894844055176,0.40045127272605896,0.20974311232566833
1122,1122,0.004330992233008146,,,,,,,,,
1123,1123,,,0.9671548008918762,0.8506008982658386,0.8083962202072144,1.1947535276412964,0.14150242507457733,0.5211768746376038,0.4003709554672241,0.20974311232566833
1123,1123,0.004321290645748377,,,,,,,,,
1124,1124,,,0.9672595262527466,0.8505412340164185,0.8083436489105225,1.1946732997894287,0.1418295055627823,0.5209881067276001,0.4002961814403534,0.20974311232566833
1124,1124,0.0043116468004882336,,,,,,,,,
1125,1125,,,0.9673488140106201,0.8504554033279419,0.8082931041717529,1.1945884227752686,0.14215195178985596,0.5207744240760803,0.40021196007728577,0.20974311232566833
1125,1125,0.004302057903259993,,,,,,,,,
1126,1126,,,0.9674460291862488,0.8503849506378174,0.8082422614097595,1.1944977045059204,0.14247502386569977,0.5205692052841187,0.4001280665397644,0.20974311232566833
1126,1126,0.004292533732950687,,,,,,,,,
1127,1127,,,0.9675398468971252,0.8503076434135437,0.8081915974617004,1.1944031715393066,0.14279566705226898,0.5203544497489929,0.4000399112701416,0.20974311232566833
1127,1127,0.004283062648028135,,,,,,,,,
1128,1128,,,0.9676297903060913,0.8502275943756104,0.80814129114151,1.1943037509918213,0.14311441779136658,0.5201343894004822,0.39994803071022034,0.20974311232566833
1128,1128,0.004273650702089071,,,,,,,,,
1129,1129,,,0.9677265882492065,0.8501558303833008,0.80809086561203,1.194198489189148,0.1434328705072403,0.5199172496795654,0.3998550474643707,0.20974311232566833
1129,1129,0.004264293238520622,,,,,,,,,
1130,1130,,,0.9678120017051697,0.8500685095787048,0.8080416917800903,1.194089412689209,0.14374764263629913,0.5196834802627563,0.3997553884983063,0.20974311232566833
1130,1130,0.004254993516951799,,,,,,,,,
1131,1131,,,0.9679083824157715,0.8500010371208191,0.8079914450645447,1.1939749717712402,0.14406363666057587,0.5194625854492188,0.39965754747390747,0.20974311232566833
1131,1131,0.004245748743414879,,,,,,,,,
1132,1132,,,0.9679899215698242,0.8499082326889038,0.807942807674408,1.1938568353652954,0.14437445998191833,0.519217312335968,0.3995508551597595,0.20974311232566833
1132,1132,0.004236559849232435,,,,,,,,,
1133,1133,,,0.9680874347686768,0.8498418927192688,0.8078927397727966,1.193731665611267,0.14468786120414734,0.5189906358718872,0.3994472026824951,0.20974311232566833
1133,1133,0.004227423574775457,,,,,,,,,
1134,1134,,,0.9681670665740967,0.8497450947761536,0.8078447580337524,1.193603754043579,0.1449953317642212,0.5187342762947083,0.39933350682258606,0.20974311232566833
1134,1134,0.0042183371260762215,,,,,,,,,
1135,1135,,,0.9682617783546448,0.849680483341217,0.8077949285507202,1.1934689283370972,0.14530602097511292,0.5185015201568604,0.39922404289245605,0.20974311232566833
1135,1135,0.004209309816360474,,,,,,,,,
1136,1136,,,0.9683390259742737,0.8495802879333496,0.8077472448348999,1.1933321952819824,0.1456100046634674,0.5182351469993591,0.39910396933555603,0.20974311232566833
1136,1136,0.004200334195047617,,,,,,,,,
1137,1137,,,0.9684340953826904,0.8495163321495056,0.8076980113983154,1.193186640739441,0.1459178477525711,0.5179961919784546,0.3989885747432709,0.20974311232566833
1137,1137,0.004191403277218342,,,,,,,,,
1138,1138,,,0.9685089588165283,0.8494129776954651,0.8076506853103638,1.193041443824768,0.14621812105178833,0.5177198052406311,0.39886224269866943,0.20974311232566833
1138,1138,0.004182530101388693,,,,,,,,,
1139,1139,,,0.9686004519462585,0.8493505120277405,0.8076016902923584,1.1928858757019043,0.14652322232723236,0.5174752473831177,0.3987410068511963,0.20974311232566833
1139,1139,0.0041737062856554985,,,,,,,,,
1140,1140,,,0.9686742424964905,0.8492423295974731,0.8075546622276306,1.1927313804626465,0.14681966602802277,0.5171870589256287,0.39860770106315613,0.20974311232566833
1140,1140,0.004164930898696184,,,,,,,,,
1141,1141,,,0.9687650799751282,0.8491822481155396,0.8075060248374939,1.1925650835037231,0.14712244272232056,0.5169381499290466,0.3984808325767517,0.20974311232566833
1141,1141,0.004156202543526888,,,,,,,,,
1142,1142,,,0.9688352346420288,0.8490676879882812,0.8074590563774109,1.192402958869934,0.14741481840610504,0.5166375637054443,0.39834102988243103,0.20974311232566833
1142,1142,0.00414752122014761,,,,,,,,,
1143,1143,,,0.9689254760742188,0.8490132689476013,0.8074105381965637,1.192225694656372,0.14771583676338196,0.5163868069648743,0.3982090950012207,0.20974311232566833
1143,1143,0.0041388897225260735,,,,,,,,,
1144,1144,,,0.9689916372299194,0.8488884568214417,0.8073642253875732,1.192055106163025,0.14800362288951874,0.5160698294639587,0.3980613648891449,0.20974311232566833
1144,1144,0.004130305722355843,,,,,,,,,
1145,1145,,,0.9690823554992676,0.8488439917564392,0.807315468788147,1.191866397857666,0.1483035683631897,0.5158213973045349,0.39792534708976746,0.20974311232566833
1145,1145,0.004121763631701469,,,,,,,,,
1146,1146,,,0.9691421389579773,0.8487043976783752,0.8072695136070251,1.19169020652771,0.1485857516527176,0.5154839754104614,0.39776965975761414,0.20974311232566833
1146,1146,0.004113272298127413,,,,,,,,,
1147,1147,,,0.9692347645759583,0.848676323890686,0.8072208762168884,1.1914877891540527,0.1488858163356781,0.5152443051338196,0.3976302444934845,0.20974311232566833
1147,1147,0.00410482520237565,,,,,,,,,
1148,1148,,,0.9692907333374023,0.8485121130943298,0.8071748614311218,1.191307544708252,0.14916059374809265,0.5148768424987793,0.3974650502204895,0.20974311232566833
1148,1148,0.004096421878784895,,,,,,,,,
1149,1149,,0.004088069312274456,,,,,,,,
1149,1149,,,0.9693812727928162,0.8485124111175537,0.8071265816688538,1.1910876035690308,0.14946307241916656,0.5146576166152954,0.39732348918914795,0.20974311232566833
1149,1149,0.004088069312274456,,,,,,,,,
1150,1150,,,0.9694350957870483,0.8483089804649353,0.807080090045929,1.1909092664718628,0.14972750842571259,0.5142453908920288,0.3971474766731262,0.20974311232566833
1150,1150,0.004079763777554035,,,,,,,,,
1151,1151,,,0.9695221185684204,0.8483577370643616,0.8070329427719116,1.1906648874282837,0.15003672242164612,0.5140672326087952,0.3970060646533966,0.20974311232566833
1151,1151,0.004071502946317196,,,,,,,,,
1152,1152,,,0.9695783257484436,0.8480873703956604,0.8069847226142883,1.1904982328414917,0.1502852886915207,0.5135826468467712,0.3968166410923004,0.20974311232566833
1152,1152,0.004063301719725132,,,,,,,,,
1153,1153,,,0.969654381275177,0.8482226133346558,0.8069401979446411,1.190215826034546,0.1506088376045227,0.5134831666946411,0.3966788649559021,0.20974311232566833
1153,1153,0.004055170342326164,,,,,,,,,
1154,1154,,,0.9697211384773254,0.8478344678878784,0.8068877458572388,1.1900790929794312,0.15083114802837372,0.512874186038971,0.39647090435028076,0.20974311232566833
1154,1154,0.00404713349416852,,,,,,,,,
1155,1155,,,0.9697731733322144,0.8481274843215942,0.8068487644195557,1.1897326707839966,0.15118344128131866,0.5129253268241882,0.39634329080581665,0.20974311232566833
1155,1155,0.004039224702864885,,,,,,,,,
1156,1156,,,0.9698742628097534,0.8475251793861389,0.8067862391471863,1.1896641254425049,0.15135939419269562,0.5120933651924133,0.39610928297042847,0.20974311232566833
1156,1156,0.004031532909721136,,,,,,,,,
1157,1157,,,0.9698653221130371,0.8481130003929138,0.8067599534988403,1.1892002820968628,0.15176896750926971,0.5124346613883972,0.3960026800632477,0.20974311232566833
1157,1157,0.004024202469736338,,,,,,,,,
1158,1158,,,0.9700604677200317,0.8471134901046753,0.8066729307174683,1.1892778873443604,0.1518590897321701,0.5111852884292603,0.3957294821739197,0.20974311232566833
1158,1158,0.004017528612166643,,,,,,,,,
1159,1159,,,0.9698958396911621,0.8482688665390015,0.8066744804382324,1.188584804534912,0.15238212049007416,0.5120946764945984,0.39566177129745483,0.20974311232566833
1159,1159,0.004012088291347027,,,,,,,,,
1160,1160,,,0.9703332781791687,0.846517026424408,0.8065272569656372,1.1889748573303223,0.15230712294578552,0.5100399255752563,0.39532968401908875,0.20974311232566833
1160,1160,0.00400902982801199,,,,,,,,,
1161,1161,,,0.9697982668876648,0.8488021492958069,0.8065844178199768,1.1878209114074707,0.1530589461326599,0.5120856761932373,0.39533448219299316,0.20974311232566833
1161,1161,0.0040105958469212055,,,,,,,,,
1162,1162,,,0.9708018898963928,0.8456185460090637,0.806289553642273,1.1888701915740967,0.15265904366970062,0.5084465146064758,0.3949112296104431,0.20974311232566833
1162,1162,0.004021428991109133,,,,,,,,,
1163,1163,,,0.9694852232933044,0.8502257466316223,0.8064255118370056,1.1868081092834473,0.15387123823165894,0.5127803087234497,0.39506667852401733,0.20974311232566833
1163,1163,0.004050231538712978,,,,,,,,,
1164,1164,,,0.9715467095375061,0.8443841934204102,0.8057966828346252,1.1891422271728516,0.1528456062078476,0.5060808658599854,0.3944700360298157,0.20974311232566833
1164,1164,0.004114765673875809,,,,,,,,,
1165,1165,,,0.9693049788475037,0.8537091016769409,0.8058204650878906,1.1855865716934204,0.1549321711063385,0.5147725939750671,0.3950401544570923,0.20974311232566833
1165,1165,0.004242233466356993,,,,,,,,,
1166,1166,,,0.9716793298721313,0.8432475328445435,0.8046923279762268,1.1895822286605835,0.15287111699581146,0.5028402805328369,0.39381930232048035,0.20974311232566833
1166,1166,0.004477997776120901,,,,,,,,,
1167,1167,,,0.9722142815589905,0.8600902557373047,0.8033633232116699,1.185012698173523,0.15626220405101776,0.5176753401756287,0.3956475257873535,0.20974311232566833
1167,1167,0.004829965997487307,,,,,,,,,
1168,1168,,,0.96736741065979,0.8422727584838867,0.8028039932250977,1.1880707740783691,0.15323086082935333,0.5000816583633423,0.3920822739601135,0.20974311232566833
1168,1168,0.0052591231651604176,,,,,,,,,
1169,1169,,,0.9827256798744202,0.8624324798583984,0.798285961151123,1.1860495805740356,0.15734489262104034,0.5166484713554382,0.39622777700424194,0.20974311232566833
1169,1169,0.005486674141138792,,,,,,,,,
1170,1170,,,0.9588378071784973,0.8403144478797913,0.8021478652954102,1.1836220026016235,0.15455466508865356,0.5016608834266663,0.389850914478302,0.20974311232566833
1170,1170,0.005337705370038748,,,,,,,,,
1171,1171,,,0.9875614047050476,0.8525696992874146,0.799386739730835,1.1866620779037476,0.1567801833152771,0.508620023727417,0.3947782516479492,0.20974311232566833
1171,1171,0.0047796620056033134,,,,,,,,,
1172,1172,,,0.9616566896438599,0.8463937640190125,0.8065128922462463,1.1818792819976807,0.1560768187046051,0.5081440210342407,0.39127492904663086,0.20974311232566833
1172,1172,0.004234116058796644,,,,,,,,,
1173,1173,,,0.9722192883491516,0.8437054753303528,0.8057633638381958,1.1848411560058594,0.1551205813884735,0.5016900300979614,0.3916471004486084,0.20974311232566833
1173,1173,0.004054919816553593,,,,,,,,,
1174,1174,,,0.9807271957397461,0.8567288517951965,0.800195038318634,1.1841634511947632,0.15751458704471588,0.5110570788383484,0.39397940039634705,0.20974311232566833
1174,1174,0.004244998563081026,,,,,,,,,
1175,1175,,,0.9569971561431885,0.841062068939209,0.8017282485961914,1.1812922954559326,0.15553049743175507,0.5009210109710693,0.3885495364665985,0.20974311232566833
1175,1175,0.004506755154579878,,,,,,,,,
1176,1176,,,0.9860837459564209,0.8530933260917664,0.7988316416740417,1.1851739883422852,0.1577308475971222,0.5069460868835449,0.393630713224411,0.20974311232566833
1176,1176,0.004504939541220665,,,,,,,,,
1177,1177,,,0.9627329707145691,0.8454992175102234,0.8056076765060425,1.180924654006958,0.15722937881946564,0.5049362778663635,0.39011767506599426,0.20974311232566833
1177,1177,0.00420736987143755,,,,,,,,,
1178,1178,,,0.9678080081939697,0.8439381122589111,0.8052046298980713,1.1823316812515259,0.1572142094373703,0.5016571283340454,0.39024484157562256,0.20974311232566833
1178,1178,0.0039335619658231735,,,,,,,,,
1179,1179,,,0.9821770191192627,0.8538684248924255,0.7999494671821594,1.1835216283798218,0.15942740440368652,0.5073757171630859,0.39288026094436646,0.20974311232566833
1179,1179,0.003988403361290693,,,,,,,,,
1180,1180,,,0.958207368850708,0.8413671255111694,0.8026613593101501,1.179669976234436,0.15793311595916748,0.5003998279571533,0.3879176080226898,0.20974311232566833
1180,1180,0.00421947380527854,,,,,,,,,
1181,1181,,,0.9805822968482971,0.8503496050834656,0.8018879890441895,1.1827740669250488,0.1596204787492752,0.5045995116233826,0.3918793499469757,0.20974311232566833
1181,1181,0.004233149345964193,,,,,,,,,
1182,1182,,,0.9699576497077942,0.8461970090866089,0.8054965734481812,1.1807674169540405,0.15918231010437012,0.5029778480529785,0.39011117815971375,0.20974311232566833
1182,1182,0.00398715864866972,,,,,,,,,
1183,1183,,,0.9640279412269592,0.8427926898002625,0.8051808476448059,1.1797415018081665,0.15876783430576324,0.5005025267601013,0.3885989189147949,0.20974311232566833
1183,1183,0.0038348997477442026,,,,,,,,,
1184,1184,,,0.9829192757606506,0.8517605066299438,0.8004226088523865,1.1820744276046753,0.16028960049152374,0.5044882297515869,0.39163410663604736,0.20974311232566833
1184,1184,0.00395211623981595,,,,,,,,,
1185,1185,,,0.963085412979126,0.8418629169464111,0.8048456907272339,1.1787376403808594,0.15889215469360352,0.499162882566452,0.3877507746219635,0.20974311232566833
1185,1185,0.004082048777490854,,,,,,,,,
1186,1186,,,0.9733157753944397,0.8469697833061218,0.8047363758087158,1.1797900199890137,0.1599840372800827,0.501933753490448,0.389640748500824,0.20974311232566833
1186,1186,0.003991944249719381,,,,,,,,,
1187,1187,,,0.9759898781776428,0.846608579158783,0.8041049838066101,1.1800304651260376,0.16027189791202545,0.5008499026298523,0.389620304107666,0.20974311232566833
1187,1187,0.0038308354560285807,,,,,,,,,
1188,1188,,,0.9630768299102783,0.8415599465370178,0.8048936724662781,1.1774171590805054,0.15993531048297882,0.49833324551582336,0.38700026273727417,0.20974311232566833
1188,1188,0.0038280757144093513,,,,,,,,,
1189,1189,,,0.9788373708724976,0.8489384055137634,0.8023568987846375,1.1795105934143066,0.16142401099205017,0.5016390085220337,0.3896976709365845,0.20974311232566833
1189,1189,0.0039240652695298195,,,,,,,,,
1190,1190,,,0.9684933423995972,0.8424728512763977,0.8052695393562317,1.1780197620391846,0.16054850816726685,0.49756619334220886,0.3875052332878113,0.20974311232566833
1190,1190,0.003926598001271486,,,,,,,,,
1191,1191,,,0.9676488637924194,0.8442634344100952,0.805432140827179,1.1769330501556396,0.1611257791519165,0.49924495816230774,0.387423038482666,0.20974311232566833
1191,1191,0.003833583788946271,,,,,,,,,
1192,1192,,,0.9777218699455261,0.8464785814285278,0.8032482266426086,1.1784929037094116,0.16154702007770538,0.498765766620636,0.38854309916496277,0.20974311232566833
1192,1192,0.0037880651652812958,,,,,,,,,
1193,1193,,,0.9650901556015015,0.8415279984474182,0.8049689531326294,1.1760038137435913,0.16087228059768677,0.496278315782547,0.38607677817344666,0.20974311232566833
1193,1193,0.003820928279310465,,,,,,,,,
1194,1194,,,0.9736739993095398,0.8465183973312378,0.8042516112327576,1.1767042875289917,0.1618822067975998,0.4989413321018219,0.3876259922981262,0.20974311232566833
1194,1194,0.003839673474431038,,,,,,,,,
1195,1195,,,0.9733303189277649,0.8431836366653442,0.8048341870307922,1.1768865585327148,0.16144445538520813,0.4957762062549591,0.3869267702102661,0.20974311232566833
1195,1195,0.00380612351000309,,,,,,,,,
1196,1196,,,0.9661012887954712,0.8427568078041077,0.805452823638916,1.1745818853378296,0.16175876557826996,0.4966278672218323,0.3856879472732544,0.20974311232566833
1196,1196,0.003771672723814845,,,,,,,,,
1197,1197,,,0.9763863682746887,0.8454515337944031,0.803737998008728,1.1762269735336304,0.16237816214561462,0.49661022424697876,0.38701289892196655,0.20974311232566833
1197,1197,0.0037678605876863003,,,,,,,,,
1198,1198,,,0.9686512351036072,0.8416160345077515,0.8051922917366028,1.174745798110962,0.1619866043329239,0.4943419098854065,0.3853680491447449,0.20974311232566833
1198,1198,0.0037689697928726673,,,,,,,,,
1199,1199,,0.0037573606241494417,,,,,,,,
1199,1199,,,0.969909131526947,0.8442140221595764,0.8051306009292603,1.1739426851272583,0.16280601918697357,0.4963078796863556,0.3856155276298523,0.20974311232566833
1199,1199,0.0037573606241494417,,,,,,,,,
1200,1200,,,0.9752601981163025,0.8430401086807251,0.804310142993927,1.175153136253357,0.16275814175605774,0.49387770891189575,0.3858518600463867,0.20974311232566833
1200,1200,0.0037459644954651594,,,,,,,,,
1201,1201,,,0.9667643308639526,0.8418588638305664,0.805245041847229,1.172767162322998,0.16286130249500275,0.49419137835502625,0.3843780755996704,0.20974311232566833
1201,1201,0.003738637315109372,,,,,,,,,
1202,1202,,,0.9735646843910217,0.8438517451286316,0.8043305277824402,1.1736713647842407,0.16332519054412842,0.4942609667778015,0.3852153718471527,0.20974311232566833
1202,1202,0.0037251838948577642,,,,,,,,,
1203,1203,,,0.9715540409088135,0.8416342735290527,0.8047569990158081,1.1733235120773315,0.16305695474147797,0.4923117160797119,0.3844725489616394,0.20974311232566833
1203,1203,0.003709938144311309,,,,,,,,,
1204,1204,,,0.9680354595184326,0.8427202701568604,0.8050675392150879,1.1717091798782349,0.16352806985378265,0.49371886253356934,0.383916974067688,0.20974311232566833
1204,1204,0.0037066079676151276,,,,,,,,,
1205,1205,,,0.9747785925865173,0.8425779938697815,0.8040376901626587,1.1731398105621338,0.16360989212989807,0.49181002378463745,0.38446876406669617,0.20974311232566833
1205,1205,0.0037087288219481707,,,,,,,,,
1206,1206,,,0.968497097492218,0.8416663408279419,0.8048633933067322,1.1712002754211426,0.16374386847019196,0.491848886013031,0.3832719624042511,0.20974311232566833
1206,1206,0.00369774061255157,,,,,,,,,
1207,1207,,,0.9712433815002441,0.8426331877708435,0.8045135140419006,1.1712071895599365,0.16415423154830933,0.4917919337749481,0.383445143699646,0.20974311232566833
1207,1207,0.0036767935380339622,,,,,,,,,
1208,1208,,,0.9731411337852478,0.8417297601699829,0.8042252063751221,1.1715584993362427,0.16417014598846436,0.4902135729789734,0.38332599401474,0.20974311232566833
1208,1208,0.0036665666848421097,,,,,,,,,
1209,1209,,,0.9680652618408203,0.8420314788818359,0.8048071265220642,1.1696693897247314,0.16450947523117065,0.49115118384361267,0.3824450671672821,0.20974311232566833
1209,1209,0.0036704468075186014,,,,,,,,,
1210,1210,,,0.9736865162849426,0.841964066028595,0.8040518164634705,1.1707769632339478,0.16459186375141144,0.4895530939102173,0.3828773498535156,0.20974311232566833
1210,1210,0.003669525496661663,,,,,,,,,
1211,1211,,,0.9703178405761719,0.8416482210159302,0.8045154213905334,1.1694879531860352,0.16472271084785461,0.48956578969955444,0.3821341395378113,0.20974311232566833
1211,1211,0.003653811989352107,,,,,,,,,
1212,1212,,,0.9700167179107666,0.8417152762413025,0.80450040102005,1.1689488887786865,0.16490201652050018,0.48930755257606506,0.3818284869194031,0.20974311232566833
1212,1212,0.0036368551664054394,,,,,,,,,
1213,1213,,,0.9734988808631897,0.8415079116821289,0.8039646148681641,1.169506549835205,0.165004163980484,0.48803994059562683,0.3819715976715088,0.20974311232566833
1213,1213,0.0036323561798781157,,,,,,,,,
1214,1214,,,0.9688675403594971,0.8414965271949768,0.804550290107727,1.1677433252334595,0.16527360677719116,0.4886035919189453,0.38108307123184204,0.20974311232566833
1214,1214,0.0036341033410280943,,,,,,,,,
1215,1215,,,0.9724546670913696,0.8411314487457275,0.8040457367897034,1.1684067249298096,0.1653800904750824,0.487184077501297,0.3812434673309326,0.20974311232566833
1215,1215,0.003628385718911886,,,,,,,,,
1216,1216,,,0.9712982177734375,0.8413649797439575,0.8041370511054993,1.1675646305084229,0.16567793488502502,0.48724493384361267,0.38083624839782715,0.20974311232566833
1216,1216,0.0036145674530416727,,,,,,,,,
1217,1217,,,0.9695215225219727,0.8408387303352356,0.8042954802513123,1.1667581796646118,0.16582004725933075,0.4867343008518219,0.3802621364593506,0.20974311232566833
1217,1217,0.0036031685303896666,,,,,,,,,
1218,1218,,,0.9729208946228027,0.8409556746482849,0.8037737607955933,1.1671937704086304,0.16604317724704742,0.4857582747936249,0.3804231286048889,0.20974311232566833
1218,1218,0.0035989510361105204,,,,,,,,,
1219,1219,,,0.9694827198982239,0.8409584164619446,0.8041980862617493,1.1657449007034302,0.16630004346370697,0.4860546588897705,0.37967759370803833,0.20974311232566833
1219,1219,0.003596278838813305,,,,,,,,,
1220,1220,,,0.9714117050170898,0.8403562307357788,0.8038989305496216,1.165991187095642,0.1663547307252884,0.4847187399864197,0.3795790672302246,0.20974311232566833
1220,1220,0.0035893579479306936,,,,,,,,,
1221,1221,,,0.9716038107872009,0.840988039970398,0.8038139939308167,1.1653199195861816,0.16668254137039185,0.4848090708255768,0.3793375492095947,0.20974311232566833
1221,1221,0.003579474054276943,,,,,,,,,
1222,1222,,,0.9696171283721924,0.8401879668235779,0.8040266633033752,1.1645232439041138,0.16671422123908997,0.4840751886367798,0.3787021338939667,0.20974311232566833
1222,1222,0.003570930566638708,,,,,,,,,
1223,1223,,,0.9722434282302856,0.8404595851898193,0.803627073764801,1.1647149324417114,0.16694432497024536,0.4833821952342987,0.37878409028053284,0.20974311232566833
1223,1223,0.003564810613170266,,,,,,,,,
1224,1224,,,0.9700804948806763,0.8405001759529114,0.8038944005966187,1.1635901927947998,0.16718411445617676,0.4834403991699219,0.3781984746456146,0.20974311232566833
1224,1224,0.0035592117346823215,,,,,,,,,
1225,1225,,,0.9708918333053589,0.839756965637207,0.8037370443344116,1.1635584831237793,0.1672457754611969,0.48221921920776367,0.3779415786266327,0.20974311232566833
1225,1225,0.0035527863074094057,,,,,,,,,
1226,1226,,,0.9715036749839783,0.8405080437660217,0.8035922050476074,1.1629546880722046,0.16764691472053528,0.4823523759841919,0.37776562571525574,0.20974311232566833
1226,1226,0.003545698244124651,,,,,,,,,
1227,1227,,,0.9698604941368103,0.8395346403121948,0.8037542104721069,1.1622952222824097,0.16769137978553772,0.48144954442977905,0.37716782093048096,0.20974311232566833
1227,1227,0.0035383286885917187,,,,,,,,,
1228,1228,,,0.9715442061424255,0.839814305305481,0.8034817576408386,1.1621626615524292,0.16797710955142975,0.4809761345386505,0.37710848450660706,0.20974311232566833
1228,1228,0.003530867164954543,,,,,,,,,
1229,1229,,,0.9703633785247803,0.839776873588562,0.8035972118377686,1.161320686340332,0.16819749772548676,0.48077642917633057,0.3766389489173889,0.20974311232566833
1229,1229,0.003523818217217922,,,,,,,,,
1230,1230,,,0.9704391360282898,0.8390430212020874,0.8035082817077637,1.1611040830612183,0.1682448387145996,0.47972390055656433,0.3762981593608856,0.20974311232566833
1230,1230,0.0035176172386854887,,,,,,,,,
1231,1231,,,0.9710516929626465,0.839756965637207,0.8033676147460938,1.1605079174041748,0.16860300302505493,0.47980958223342896,0.37611445784568787,0.20974311232566833
1231,1231,0.0035117524676024914,,,,,,,,,
1232,1232,,,0.9699210524559021,0.8387905359268188,0.8034524917602539,1.1599836349487305,0.16860510408878326,0.47879642248153687,0.3755793273448944,0.20974311232566833
1232,1232,0.0035051291342824697,,,,,,,,,
1233,1233,,,0.9707784056663513,0.8391340374946594,0.803297758102417,1.1595680713653564,0.16888491809368134,0.4785006642341614,0.37539491057395935,0.20974311232566833
1233,1233,0.0034975120797753334,,,,,,,,,
1234,1234,,,0.970373809337616,0.8389953970909119,0.8033009171485901,1.1589633226394653,0.16906791925430298,0.47803646326065063,0.3750095069408417,0.20974311232566833
1234,1234,0.003489929484203458,,,,,,,,,
1235,1235,,,0.9700628519058228,0.8384246230125427,0.8032736778259277,1.1585339307785034,0.16915932297706604,0.4771895706653595,0.3746080696582794,0.20974311232566833
1235,1235,0.003483356209471822,,,,,,,,,
1236,1236,,,0.9706822037696838,0.8389887809753418,0.8031508326530457,1.1579509973526,0.16949562728405,0.4771120250225067,0.3743930757045746,0.20974311232566833
1236,1236,0.0034775040112435818,,,,,,,,,
1237,1237,,,0.9699388146400452,0.8381449580192566,0.8031818270683289,1.1574946641921997,0.16952666640281677,0.4761093854904175,0.3739156424999237,0.20974311232566833
1237,1237,0.0034713156055659056,,,,,,,,,
1238,1238,,,0.9702335596084595,0.8384997844696045,0.8031097650527954,1.1568849086761475,0.1698160171508789,0.47590917348861694,0.3736398220062256,0.20974311232566833
1238,1238,0.003464271780103445,,,,,,,,,
1239,1239,,,0.9703658819198608,0.8382251262664795,0.8030335903167725,1.1564573049545288,0.16996672749519348,0.47521859407424927,0.37330740690231323,0.20974311232566833
1239,1239,0.003456894541159272,,,,,,,,,
1240,1240,,,0.9697213768959045,0.8378721475601196,0.803056538105011,1.1558253765106201,0.1700960248708725,0.4746030271053314,0.37285909056663513,0.20974311232566833
1240,1240,0.0034499536268413067,,,,,,,,,
1241,1241,,,0.9704113006591797,0.8381948471069336,0.802913248538971,1.1553434133529663,0.1703645884990692,0.47428008913993835,0.3726310431957245,0.20974311232566833
1241,1241,0.003443550318479538,,,,,,,,,
1242,1242,,,0.9697549939155579,0.8375389575958252,0.8029234409332275,1.1548320055007935,0.17042231559753418,0.4734109044075012,0.3721696734428406,0.20974311232566833
1242,1242,0.003437219886109233,,,,,,,,,
1243,1243,,,0.9698227047920227,0.8378020524978638,0.8028739094734192,1.1541712284088135,0.17068536579608917,0.47316545248031616,0.37184756994247437,0.20974311232566833
1243,1243,0.003430595388635993,,,,,,,,,
1244,1244,,,0.9701389670372009,0.8374578952789307,0.8027565479278564,1.1538293361663818,0.17082029581069946,0.47237876057624817,0.37153923511505127,0.20974311232566833
1244,1244,0.0034237559884786606,,,,,,,,,
1245,1245,,,0.9692792892456055,0.8372736573219299,0.8028138875961304,1.1530559062957764,0.17099319398403168,0.4719395339488983,0.3710632920265198,0.20974311232566833
1245,1245,0.0034169573336839676,,,,,,,,,
1246,1246,,,0.970134437084198,0.837333083152771,0.8026413321495056,1.1527001857757568,0.17122071981430054,0.4713711142539978,0.37083861231803894,0.20974311232566833
1246,1246,0.0034102650824934244,,,,,,,,,
1247,1247,,,0.9693393111228943,0.8369042873382568,0.8026799559593201,1.1520342826843262,0.171339213848114,0.47071969509124756,0.37035948038101196,0.20974311232566833
1247,1247,0.0034035751596093178,,,,,,,,,
1248,1248,,,0.969569981098175,0.8370035290718079,0.8026021122932434,1.151476502418518,0.17156904935836792,0.4702966809272766,0.3700481057167053,0.20974311232566833
1248,1248,0.003396835410967469,,,,,,,,,
1249,1249,,0.0033901387359946966,,,,,,,,
1249,1249,,,0.9697351455688477,0.8367286324501038,0.8025105595588684,1.1510522365570068,0.1717129945755005,0.4695813059806824,0.3697153627872467,0.20974311232566833
1249,1249,0.0033901387359946966,,,,,,,,,
1250,1250,,,0.9689953923225403,0.8366037607192993,0.8025577068328857,1.1502779722213745,0.17188453674316406,0.4691523015499115,0.36925122141838074,0.20974311232566833
1250,1250,0.003383554983884096,,,,,,,,,
1251,1251,,,0.9698385000228882,0.8365379571914673,0.8023785352706909,1.1499710083007812,0.17207084596157074,0.4684734642505646,0.36901983618736267,0.20974311232566833
1251,1251,0.0033770010340958834,,,,,,,,,
1252,1252,,,0.9688947796821594,0.8362936973571777,0.8024442791938782,1.1491800546646118,0.17221251130104065,0.46798157691955566,0.36852049827575684,0.20974311232566833
1252,1252,0.0033703441731631756,,,,,,,,,
1253,1253,,,0.969426155090332,0.8362272381782532,0.8023107051849365,1.148768424987793,0.17239883542060852,0.4673523008823395,0.36823898553848267,0.20974311232566833
1253,1253,0.003363552037626505,,,,,,,,,
1254,1254,,,0.969168484210968,0.8360799551010132,0.8022826910018921,1.1481417417526245,0.17256662249565125,0.4668046832084656,0.3678383529186249,0.20974311232566833
1254,1254,0.003356730565428734,,,,,,,,,
1255,1255,,,0.9688606858253479,0.8358736634254456,0.8022528886795044,1.1475279331207275,0.1727220118045807,0.46622028946876526,0.36743056774139404,0.20974311232566833
1255,1255,0.0033499980345368385,,,,,,,,,
1256,1256,,,0.9693091511726379,0.8358311057090759,0.8021265864372253,1.1470783948898315,0.17291675508022308,0.4656219184398651,0.3671361804008484,0.20974311232566833
1256,1256,0.003343374002724886,,,,,,,,,
1257,1257,,,0.9685651063919067,0.8355931639671326,0.802158772945404,1.1463314294815063,0.17306190729141235,0.46508774161338806,0.36665868759155273,0.20974311232566833
1257,1257,0.003336777212098241,,,,,,,,,
1258,1258,,,0.96909099817276,0.8354870080947876,0.8020191192626953,1.145927906036377,0.17324112355709076,0.4644226133823395,0.36637234687805176,0.20974311232566833
1258,1258,0.0033301282674074173,,,,,,,,,
1259,1259,,,0.9685899019241333,0.8353852033615112,0.8020280003547668,1.1451951265335083,0.17341256141662598,0.4639471769332886,0.3659316897392273,0.20974311232566833
1259,1259,0.0033234304282814264,,,,,,,,,
1260,1260,,,0.9686853885650635,0.8351176977157593,0.8019357919692993,1.1447196006774902,0.17354972660541534,0.4632321298122406,0.3655759394168854,0.20974311232566833
1260,1260,0.0033167151268571615,,,,,,,,,
1261,1261,,,0.968644917011261,0.8351473212242126,0.8018907904624939,1.1440649032592773,0.1737487018108368,0.46276453137397766,0.3652000427246094,0.20974311232566833
1261,1261,0.0033100119326263666,,,,,,,,,
1262,1262,,,0.9683786630630493,0.8348219394683838,0.8018444180488586,1.1434972286224365,0.17386911809444427,0.46206679940223694,0.3647879660129547,0.20974311232566833
1262,1262,0.0033033087383955717,,,,,,,,,
1263,1263,,,0.9685071706771851,0.8348181247711182,0.8017730712890625,1.1429075002670288,0.1740630716085434,0.4615405201911926,0.36443570256233215,0.20974311232566833
1263,1263,0.0032965841237455606,,,,,,,,,
1264,1264,,,0.9682590365409851,0.8346081972122192,0.8017356991767883,1.1422864198684692,0.1742098033428192,0.46092283725738525,0.36402371525764465,0.20974311232566833
1264,1264,0.0032898560166358948,,,,,,,,,
1265,1265,,,0.9682380557060242,0.8344447016716003,0.8016688227653503,1.141714334487915,0.17436788976192474,0.46029409766197205,0.36364415287971497,0.20974311232566833
1265,1265,0.003283139318227768,,,,,,,,,
1266,1266,,,0.9681699275970459,0.8344022035598755,0.8016192317008972,1.1410701274871826,0.17455005645751953,0.45976051688194275,0.36325603723526,0.20974311232566833
1266,1266,0.00327645568177104,,,,,,,,,
1267,1267,,,0.9680050015449524,0.8341115713119507,0.8015563488006592,1.140505313873291,0.17467635869979858,0.45905664563179016,0.3628517687320709,0.20974311232566833
1267,1267,0.0032697825226932764,,,,,,,,,
1268,1268,,,0.9679644703865051,0.8341314196586609,0.8015098571777344,1.1398345232009888,0.17486801743507385,0.45855751633644104,0.3624640703201294,0.20974311232566833
1268,1268,0.0032631056383252144,,,,,,,,,
1269,1269,,,0.9678919911384583,0.8338531851768494,0.8014340400695801,1.1392914056777954,0.17499364912509918,0.4578418433666229,0.3620724678039551,0.20974311232566833
1269,1269,0.003256402211263776,,,,,,,,,
1270,1270,,,0.9676557183265686,0.833802342414856,0.8014076948165894,1.1385843753814697,0.17516477406024933,0.45732054114341736,0.3616522252559662,0.20974311232566833
1270,1270,0.0032496859785169363,,,,,,,,,
1271,1271,,,0.9678083658218384,0.8336215615272522,0.8013096451759338,1.138060212135315,0.17531222105026245,0.45663273334503174,0.36129075288772583,0.20974311232566833
1271,1271,0.0032429667189717293,,,,,,,,,
1272,1272,,,0.9673729538917542,0.83347088098526,0.8012996315956116,1.1373281478881836,0.17545849084854126,0.4560678005218506,0.36083701252937317,0.20974311232566833
1272,1272,0.003236249554902315,,,,,,,,,
1273,1273,,,0.9676337838172913,0.8333630561828613,0.8011946082115173,1.1368006467819214,0.17562253773212433,0.4554085433483124,0.3604891896247864,0.20974311232566833
1273,1273,0.0032295354176312685,,,,,,,,,
1274,1274,,,0.9672023057937622,0.8331850171089172,0.8011810183525085,1.1360763311386108,0.17576228082180023,0.4548182785511017,0.36003339290618896,0.20974311232566833
1274,1274,0.003222813131287694,,,,,,,,,
1275,1275,,,0.9673470854759216,0.8330597281455994,0.8010909557342529,1.1355130672454834,0.1759198009967804,0.45416322350502014,0.359665185213089,0.20974311232566833
1275,1275,0.0032160773407667875,,,,,,,,,
1276,1276,,,0.9670985341072083,0.8329306244850159,0.8010563850402832,1.1348216533660889,0.17606864869594574,0.45357075333595276,0.359235018491745,0.20974311232566833
1276,1276,0.0032093445770442486,,,,,,,,,
1277,1277,,,0.9670233130455017,0.8327450752258301,0.8009893298149109,1.1342113018035889,0.1762062907218933,0.4529052972793579,0.3588313162326813,0.20974311232566833
1277,1277,0.003202612977474928,,,,,,,,,
1278,1278,,,0.9669679999351501,0.832669734954834,0.8009341955184937,1.133551001548767,0.17636580765247345,0.4523126482963562,0.3584272861480713,0.20974311232566833
1278,1278,0.0031958867330104113,,,,,,,,,
1279,1279,,,0.966759443283081,0.8324554562568665,0.8008808493614197,1.1329069137573242,0.17649205029010773,0.45164570212364197,0.35800132155418396,0.20974311232566833
1279,1279,0.0031891600228846073,,,,,,,,,
1280,1280,,,0.9667497277259827,0.8323782086372375,0.8008174896240234,1.132258415222168,0.17664912343025208,0.45103719830513,0.3576018810272217,0.20974311232566833
1280,1280,0.003182429587468505,,,,,,,,,
1281,1281,,,0.9665609002113342,0.8321969509124756,0.8007645606994629,1.1315985918045044,0.17678087949752808,0.45038408041000366,0.35717514157295227,0.20974311232566833
1281,1281,0.003175693331286311,,,,,,,,,
1282,1282,,,0.9664697647094727,0.8320656418800354,0.8007040619850159,1.1309455633163452,0.17692436277866364,0.4497472643852234,0.3567620813846588,0.20974311232566833
1282,1282,0.003168957307934761,,,,,,,,,
1283,1283,,,0.9663745164871216,0.831946849822998,0.800645649433136,1.130282998085022,0.17706991732120514,0.4491174817085266,0.35634711384773254,0.20974311232566833
1283,1283,0.003162221284583211,,,,,,,,,
1284,1284,,,0.9661971926689148,0.8317623734474182,0.8005887269973755,1.1296226978302002,0.1771991103887558,0.4484533965587616,0.3559193015098572,0.20974311232566833
1284,1284,0.0031554901506751776,,,,,,,,,
1285,1285,,,0.966143012046814,0.8316792845726013,0.8005290031433105,1.1289499998092651,0.17735014855861664,0.44783538579940796,0.3555067181587219,0.20974311232566833
1285,1285,0.003148756455630064,,,,,,,,,
1286,1286,,,0.9659699201583862,0.8314827084541321,0.8004682064056396,1.128292441368103,0.17747332155704498,0.4471565783023834,0.3550774157047272,0.20974311232566833
1286,1286,0.0031420178711414337,,,,,,,,,
1287,1287,,,0.9658529758453369,0.8313903212547302,0.8004159927368164,1.1275978088378906,0.17761735618114471,0.44653749465942383,0.35465240478515625,0.20974311232566833
1287,1287,0.0031352757941931486,,,,,,,,,
1288,1288,,,0.9657813310623169,0.8312196731567383,0.8003448247909546,1.1269556283950806,0.17774446308612823,0.44585534930229187,0.35423600673675537,0.20974311232566833
1288,1288,0.0031285358127206564,,,,,,,,,
1289,1289,,,0.9655382633209229,0.8310967683792114,0.800305187702179,1.1262303590774536,0.17787626385688782,0.4452322721481323,0.3537900447845459,0.20974311232566833
1289,1289,0.0031217955984175205,,,,,,,,,
1290,1290,,,0.9655880331993103,0.8309533596038818,0.800220251083374,1.1256113052368164,0.1780088096857071,0.44454294443130493,0.3533901572227478,0.20974311232566833
1290,1290,0.003115058410912752,,,,,,,,,
1291,1291,,,0.9652281403541565,0.8308178782463074,0.8001942038536072,1.1248475313186646,0.17813335359096527,0.4439259469509125,0.3529231548309326,0.20974311232566833
1291,1291,0.0031083214562386274,,,,,,,,,
1292,1292,,,0.9653726816177368,0.830668032169342,0.8000938296318054,1.1242594718933105,0.17826497554779053,0.44321170449256897,0.3525366187095642,0.20974311232566833
1292,1292,0.003101589158177376,,,,,,,,,
1293,1293,,,0.9649246335029602,0.830564022064209,0.8000841736793518,1.1234461069107056,0.17839168012142181,0.4426249563694,0.35205233097076416,0.20974311232566833
1293,1293,0.0030948626808822155,,,,,,,,,
1294,1294,,,0.9651563167572021,0.830363392829895,0.7999617457389832,1.122909426689148,0.17851266264915466,0.441858172416687,0.3516797721385956,0.20974311232566833
1294,1294,0.003088147845119238,,,,,,,,,
1295,1295,,,0.9645853638648987,0.8303288221359253,0.7999805212020874,1.122012734413147,0.17864681780338287,0.44133248925209045,0.3511701226234436,0.20974311232566833
1295,1295,0.0030814625788480043,,,,,,,,,
1296,1296,,,0.964994490146637,0.8300442099571228,0.7998164296150208,1.1215778589248657,0.178751140832901,0.44047603011131287,0.3508283197879791,0.20974311232566833
1296,1296,0.003074824810028076,,,,,,,,,
1297,1297,,,0.9641367793083191,0.8301130533218384,0.7998926639556885,1.12052583694458,0.17889505624771118,0.4400595426559448,0.3502657413482666,0.20974311232566833
1297,1297,0.003068280639126897,,,,,,,,,
1298,1298,,,0.9649776220321655,0.8297092914581299,0.7996441721916199,1.1202977895736694,0.17898274958133698,0.4390503764152527,0.3499979078769684,0.20974311232566833
1298,1298,0.003061897587031126,,,,,,,,,
1299,1299,,0.0030558460857719183,,,,,,,,
1299,1299,,,0.9634777903556824,0.8299310803413391,0.7998356223106384,1.1189409494400024,0.17913706600666046,0.4388333261013031,0.3493214249610901,0.20974311232566833
1299,1299,0.0030558460857719183,,,,,,,,,
1300,1300,,,0.9652409553527832,0.8293311595916748,0.7994170188903809,1.1191309690475464,0.1792065054178238,0.4375423789024353,0.3492121398448944,0.20974311232566833
1300,1300,0.003050421131774783,,,,,,,,,
1301,1301,,,0.962424635887146,0.8298362493515015,0.7998363375663757,1.1171722412109375,0.17937815189361572,0.43771883845329285,0.34830623865127563,0.20974311232566833
1301,1301,0.003046231810003519,,,,,,,,,
1302,1302,,,0.9660500884056091,0.8288467526435852,0.7990698218345642,1.1182122230529785,0.17941716313362122,0.43587619066238403,0.3485220670700073,0.20974311232566833
1302,1302,0.0030445256270468235,,,,,,,,,
1303,1303,,,0.960608184337616,0.8299517631530762,0.7999343276023865,1.1150472164154053,0.17962965369224548,0.43686428666114807,0.34716156125068665,0.20974311232566833
1303,1303,0.0030477624386548996,,,,,,,,,
1304,1304,,,0.9679529070854187,0.8281513452529907,0.7984409928321838,1.1178220510482788,0.17960487306118011,0.4339176118373871,0.3480373024940491,0.20974311232566833
1304,1304,0.00306107965297997,,,,,,,,,
1305,1305,,,0.9573389887809753,0.8305689692497253,0.8001395463943481,1.1122689247131348,0.17991501092910767,0.4365915358066559,0.34579384326934814,0.20974311232566833
1305,1305,0.003094188868999481,,,,,,,,,
1306,1306,,,0.971789538860321,0.8271075487136841,0.7971770763397217,1.1184217929840088,0.1797468364238739,0.4315232038497925,0.3479440212249756,0.20974311232566833
1306,1306,0.0031663558911532164,,,,,,,,,
1307,1307,,,0.9521676301956177,0.8323238492012024,0.8002552390098572,1.1086970567703247,0.18030217289924622,0.4374169707298279,0.34422340989112854,0.20974311232566833
1307,1307,0.003304885933175683,,,,,,,,,
1308,1308,,,0.9766862988471985,0.8256592750549316,0.7952990531921387,1.1197530031204224,0.17975370585918427,0.4288596212863922,0.34811291098594666,0.20974311232566833
1308,1308,0.003543775761500001,,,,,,,,,
1309,1309,,,0.948920726776123,0.835380494594574,0.8002373576164246,1.1058127880096436,0.1809014081954956,0.4385511875152588,0.34315088391304016,0.20974311232566833
1309,1309,0.0038434250745922327,,,,,,,,,
1310,1310,,,0.9734225869178772,0.823893129825592,0.79585862159729,1.1175665855407715,0.17950394749641418,0.42675164341926575,0.3465867042541504,0.20974311232566833
1310,1310,0.004060730338096619,,,,,,,,,
1311,1311,,,0.958764910697937,0.8355764746665955,0.7997422814369202,1.1068806648254395,0.18161694705486298,0.4352794289588928,0.34355324506759644,0.20974311232566833
1311,1311,0.003904848825186491,,,,,,,,,
1312,1312,,,0.956788957118988,0.8235852122306824,0.7976385951042175,1.1094287633895874,0.17960427701473236,0.4275205135345459,0.3424486517906189,0.20974311232566833
1312,1312,0.0034594081807881594,,,,,,,,,
1313,1313,,,0.9751245379447937,0.8304868936538696,0.7957839965820312,1.1106263399124146,0.181863471865654,0.4285697042942047,0.3444013297557831,0.20974311232566833
1313,1313,0.0031139515340328217,,,,,,,,,
1314,1314,,,0.948765218257904,0.8285045623779297,0.7985039949417114,1.1036075353622437,0.1806573122739792,0.4309321939945221,0.34043192863464355,0.20974311232566833
1314,1314,0.003131469013169408,,,,,,,,,
1315,1315,,,0.9700512290000916,0.8252632021903992,0.7967448234558105,1.1107096672058105,0.18068651854991913,0.4246710240840912,0.3432771563529968,0.20974311232566833
1315,1315,0.0032951519824564457,,,,,,,,,
1316,1316,,,0.9619619846343994,0.8342037796974182,0.7985686659812927,1.1038849353790283,0.18219715356826782,0.43019047379493713,0.34143003821372986,0.20974311232566833
1316,1316,0.0033067455515265465,,,,,,,,,
1317,1317,,,0.9521532654762268,0.8230123519897461,0.7958359718322754,1.10490083694458,0.17985416948795319,0.4241730570793152,0.3395095765590668,0.20974311232566833
1317,1317,0.0031923255883157253,,,,,,,,,
1318,1318,,,0.9763113856315613,0.8331507444381714,0.7937636971473694,1.106874942779541,0.18289044499397278,0.4263140857219696,0.34244054555892944,0.20974311232566833
1318,1318,0.003145520342513919,,,,,,,,,
1319,1319,,,0.9487928152084351,0.8258544206619263,0.7968140840530396,1.1011735200881958,0.1806878000497818,0.42564594745635986,0.3382251560688019,0.20974311232566833
1319,1319,0.0031708301976323128,,,,,,,,,
1320,1320,,,0.9661334156990051,0.826991856098175,0.7970619797706604,1.1051559448242188,0.18158194422721863,0.4228886067867279,0.3404996395111084,0.20974311232566833
1320,1320,0.0031125135719776154,,,,,,,,,
1321,1321,,,0.9648962616920471,0.8318735361099243,0.7973426580429077,1.1024152040481567,0.18258054554462433,0.425261527299881,0.3399229347705841,0.20974311232566833
1321,1321,0.0029950973112136126,,,,,,,,,
1322,1322,,,0.949840247631073,0.8230742812156677,0.79537034034729,1.1010111570358276,0.1805005967617035,0.42188408970832825,0.3373202681541443,0.20974311232566833
1322,1322,0.0029891731683164835,,,,,,,,,
1323,1323,,,0.9746702313423157,0.8324271440505981,0.7939574122428894,1.1034473180770874,0.18339069187641144,0.4233837425708771,0.3403816223144531,0.20974311232566833
1323,1323,0.003091069171205163,,,,,,,,,
1324,1324,,,0.951749861240387,0.8244348168373108,0.7969160079956055,1.0994666814804077,0.1810954064130783,0.4215613603591919,0.336922287940979,0.20974311232566833
1324,1324,0.0031092946883291006,,,,,,,,,
1325,1325,,,0.9610576629638672,0.8271035552024841,0.7977420091629028,1.1005983352661133,0.18201769888401031,0.4211820065975189,0.33805832266807556,0.20974311232566833
1325,1325,0.002981955651193857,,,,,,,,,
1326,1326,,,0.966812252998352,0.82918781042099,0.7967355847358704,1.100556492805481,0.18278135359287262,0.42105749249458313,0.33837801218032837,0.20974311232566833
1326,1326,0.00288334209471941,,,,,,,,,
1327,1327,,,0.9501952528953552,0.8228456974029541,0.7961040735244751,1.097432017326355,0.1810624897480011,0.41925671696662903,0.33545762300491333,0.20974311232566833
1327,1327,0.002928859321400523,,,,,,,,,
1328,1328,,,0.9695010781288147,0.830411434173584,0.7956863045692444,1.099382996559143,0.1833212673664093,0.4201236069202423,0.33785882592201233,0.20974311232566833
1328,1328,0.003006335813552141,,,,,,,,,
1329,1329,,,0.9552878141403198,0.8237894177436829,0.7971411347389221,1.0972294807434082,0.18157416582107544,0.4177039861679077,0.3355254530906677,0.20974311232566833
1329,1329,0.002980825724080205,,,,,,,,,
1330,1330,,,0.95707768201828,0.8265283703804016,0.7979569435119629,1.0956987142562866,0.1822815090417862,0.41844215989112854,0.3353082537651062,0.20974311232566833
1330,1330,0.0028947675600647926,,,,,,,,,
1331,1331,,,0.9660681486129761,0.8272482752799988,0.7965629696846008,1.0972610712051392,0.18286527693271637,0.41691312193870544,0.336152046918869,0.20974311232566833
1331,1331,0.0028667892329394817,,,,,,,,,
1332,1332,,,0.9516717195510864,0.8235450983047485,0.7967997193336487,1.0938034057617188,0.18164320290088654,0.4161261320114136,0.3335825800895691,0.20974311232566833
1332,1332,0.002898038364946842,,,,,,,,,
1333,1333,,,0.9638475179672241,0.8284389972686768,0.7969701886177063,1.0945345163345337,0.1830897331237793,0.41635584831237793,0.3348698616027832,0.20974311232566833
1333,1333,0.0029060221277177334,,,,,,,,,
1334,1334,,,0.9583364725112915,0.8238388299942017,0.7970588207244873,1.0939264297485352,0.1820332407951355,0.413865327835083,0.33367371559143066,0.20974311232566833
1334,1334,0.002873244695365429,,,,,,,,,
1335,1335,,,0.9549957513809204,0.8262031078338623,0.7978538870811462,1.0911351442337036,0.1824219673871994,0.4151228964328766,0.33270010352134705,0.20974311232566833
1335,1335,0.0028516429010778666,,,,,,,,,
1336,1336,,,0.9637928009033203,0.825744092464447,0.7966997623443604,1.0932111740112305,0.18276777863502502,0.41297659277915955,0.33360642194747925,0.20974311232566833
1336,1336,0.002857942134141922,,,,,,,,,
1337,1337,,,0.9542912840843201,0.8241499662399292,0.7973446846008301,1.090131402015686,0.18218357861042023,0.4128095209598541,0.3317234516143799,0.20974311232566833
1337,1337,0.0028543113730847836,,,,,,,,,
1338,1338,,,0.9595161080360413,0.8262983560562134,0.7974443435668945,1.0900157690048218,0.18289759755134583,0.41260799765586853,0.3320516049861908,0.20974311232566833
1338,1338,0.002827178221195936,,,,,,,,,
1339,1339,,,0.9596737623214722,0.8238236904144287,0.7968756556510925,1.0904635190963745,0.18251557648181915,0.4105726480484009,0.33174946904182434,0.20974311232566833
1339,1339,0.0028096556197851896,,,,,,,,,
1340,1340,,,0.954325795173645,0.82548987865448,0.7976559400558472,1.0873370170593262,0.18270884454250336,0.41169795393943787,0.33046695590019226,0.20974311232566833
1340,1340,0.0028188147116452456,,,,,,,,,
1341,1341,,,0.9609960913658142,0.8242194056510925,0.7967246770858765,1.0891379117965698,0.18282675743103027,0.4094262719154358,0.3310948610305786,0.20974311232566833
1341,1341,0.0028263407293707132,,,,,,,,,
1342,1342,,,0.9560931324958801,0.8245201706886292,0.7972679138183594,1.0868514776229858,0.18273574113845825,0.4096890985965729,0.32995980978012085,0.20974311232566833
1342,1342,0.002807268872857094,,,,,,,,,
1343,1343,,,0.9562594890594482,0.82454913854599,0.7971774339675903,1.086247205734253,0.18278613686561584,0.40902888774871826,0.3296016752719879,0.20974311232566833
1343,1343,0.002779589267447591,,,,,,,,,
1344,1344,,,0.9596366882324219,0.823891282081604,0.7965940237045288,1.0868299007415771,0.18284766376018524,0.40751367807388306,0.3297123908996582,0.20974311232566833
1344,1344,0.0027720981743186712,,,,,,,,,
1345,1345,,,0.9541563391685486,0.8248089551925659,0.7972329258918762,1.08404541015625,0.18283407390117645,0.40816500782966614,0.3284396231174469,0.20974311232566833
1345,1345,0.002781021175906062,,,,,,,,,
1346,1346,,,0.9583151936531067,0.823475182056427,0.7964873313903809,1.0852813720703125,0.1827934980392456,0.4061545133590698,0.3287390470504761,0.20974311232566833
1346,1346,0.002781235845759511,,,,,,,,,
1347,1347,,,0.9569772481918335,0.8249089121818542,0.7968906760215759,1.0834894180297852,0.18304765224456787,0.40645134449005127,0.32806453108787537,0.20974311232566833
1347,1347,0.002765108598396182,,,,,,,,,
1348,1348,,,0.9545190930366516,0.8234712481498718,0.7966801524162292,1.0825870037078857,0.1826997697353363,0.40533119440078735,0.3272823989391327,0.20974311232566833
1348,1348,0.002748556435108185,,,,,,,,,
1349,1349,,0.00274320924654603,,,,,,,,
1349,1349,,,0.958990752696991,0.8242443203926086,0.7963727116584778,1.08290433883667,0.18306566774845123,0.4044302701950073,0.32753488421440125,0.20974311232566833
1349,1349,0.00274320924654603,,,,,,,,,
1350,1350,,,0.9541038870811462,0.8241983652114868,0.7967857122421265,1.0807164907455444,0.18286028504371643,0.4044378697872162,0.32637786865234375,0.20974311232566833
1350,1350,0.0027425307780504227,,,,,,,,,
1351,1351,,,0.9566327333450317,0.8231920599937439,0.7963032126426697,1.0811647176742554,0.1828009933233261,0.4028289318084717,0.32636192440986633,0.20974311232566833
1351,1351,0.002736557275056839,,,,,,,,,
1352,1352,,,0.9570652842521667,0.8247855305671692,0.7965667843818665,1.0797654390335083,0.18314407765865326,0.4029347598552704,0.3259199559688568,0.20974311232566833
1352,1352,0.0027265381067991257,,,,,,,,,
1353,1353,,,0.9535211324691772,0.8227190375328064,0.7962638735771179,1.078857421875,0.1826053112745285,0.40164458751678467,0.3250114321708679,0.20974311232566833
1353,1353,0.0027191746048629284,,,,,,,,,
1354,1354,,,0.9579681158065796,0.8242886066436768,0.7962237000465393,1.078730821609497,0.18313068151474,0.40117794275283813,0.32520928978919983,0.20974311232566833
1354,1354,0.002714727772399783,,,,,,,,,
1355,1355,,,0.953859269618988,0.8232832551002502,0.7963670492172241,1.0771206617355347,0.18278445303440094,0.40055814385414124,0.3241734802722931,0.20974311232566833
1355,1355,0.0027082699816673994,,,,,,,,,
1356,1356,,,0.9554012417793274,0.823056697845459,0.7961448431015015,1.076974868774414,0.18284288048744202,0.3995307385921478,0.3240076005458832,0.20974311232566833
1356,1356,0.002698830794543028,,,,,,,,,
1357,1357,,,0.9562175273895264,0.8241408467292786,0.7962390780448914,1.0759965181350708,0.18311867117881775,0.39931154251098633,0.32367295026779175,0.20974311232566833
1357,1357,0.0026908183936029673,,,,,,,,,
1358,1358,,,0.9528700113296509,0.8222696185112,0.7959444522857666,1.0750343799591064,0.18263612687587738,0.39810726046562195,0.32278120517730713,0.20974311232566833
1358,1358,0.0026867249980568886,,,,,,,,,
1359,1359,,,0.9566938281059265,0.8240485787391663,0.7960292100906372,1.074623942375183,0.18317465484142303,0.39781269431114197,0.32287344336509705,0.20974311232566833
1359,1359,0.0026833354495465755,,,,,,,,,
1360,1360,,,0.9532521963119507,0.8225763440132141,0.7959267497062683,1.0735235214233398,0.18274331092834473,0.3968488574028015,0.321991503238678,0.20974311232566833
1360,1360,0.0026765933725982904,,,,,,,,,
1361,1361,,,0.9544661045074463,0.8231199383735657,0.7959398627281189,1.0729180574417114,0.1829143911600113,0.39629337191581726,0.3217490613460541,0.20974311232566833
1361,1361,0.002667160239070654,,,,,,,,,
1362,1362,,,0.9551246762275696,0.82333904504776,0.7958693504333496,1.0722638368606567,0.1829976886510849,0.39563632011413574,0.32141754031181335,0.20974311232566833
1362,1362,0.0026590321213006973,,,,,,,,,
1363,1363,,,0.9524489045143127,0.8222680687904358,0.7957038879394531,1.0712013244628906,0.1826704740524292,0.3947637677192688,0.3206252455711365,0.20974311232566833
1363,1363,0.0026540488470345736,,,,,,,,,
1364,1364,,,0.9553654193878174,0.8235912919044495,0.7957433462142944,1.0707653760910034,0.18306715786457062,0.3943544924259186,0.32061198353767395,0.20974311232566833
1364,1364,0.002650077920407057,,,,,,,,,
1365,1365,,,0.952653706073761,0.822169303894043,0.7955539226531982,1.0698264837265015,0.1826758235692978,0.3933359980583191,0.31982922554016113,0.20974311232566833
1365,1365,0.002644370077177882,,,,,,,,,
1366,1366,,,0.9537087678909302,0.8230287432670593,0.7956717014312744,1.0689849853515625,0.18289721012115479,0.3929697573184967,0.3195359408855438,0.20974311232566833
1366,1366,0.0026368761900812387,,,,,,,,,
1367,1367,,,0.9539430141448975,0.8225674033164978,0.7954663634300232,1.0685440301895142,0.18282276391983032,0.3920224905014038,0.31918102502822876,0.20974311232566833
1367,1367,0.0026295846328139305,,,,,,,,,
1368,1368,,,0.9520559310913086,0.8222998976707458,0.7954710125923157,1.0673141479492188,0.18268001079559326,0.391483336687088,0.31847238540649414,0.20974311232566833
1368,1368,0.0026236707344651222,,,,,,,,,
1369,1369,,,0.9541450142860413,0.822775661945343,0.7953768372535706,1.0669714212417603,0.18287363648414612,0.39075982570648193,0.31835266947746277,0.20974311232566833
1369,1369,0.0026183645240962505,,,,,,,,,
1370,1370,,,0.9520140886306763,0.821958601474762,0.7952662706375122,1.0659401416778564,0.1826048493385315,0.3899683654308319,0.3176378011703491,0.20974311232566833
1370,1370,0.0026124664582312107,,,,,,,,,
1371,1371,,,0.9528891444206238,0.8225802779197693,0.7953226566314697,1.0651617050170898,0.18275131285190582,0.38948312401771545,0.31732645630836487,0.20974311232566833
1371,1371,0.0026059059891849756,,,,,,,,,
1372,1372,,,0.9528549909591675,0.8220074772834778,0.7951134443283081,1.06464684009552,0.18262353539466858,0.3885127902030945,0.31691932678222656,0.20974311232566833
1372,1372,0.002599554369226098,,,,,,,,,
1373,1373,,,0.9515959024429321,0.82216477394104,0.795195460319519,1.0633866786956787,0.18256638944149017,0.3880906403064728,0.3162807822227478,0.20974311232566833
1373,1373,0.002593879820778966,,,,,,,,,
1374,1374,,,0.9530186653137207,0.8220852017402649,0.7949992418289185,1.063124179840088,0.18259619176387787,0.3871518075466156,0.3160887360572815,0.20974311232566833
1374,1374,0.0025884213391691446,,,,,,,,,
1375,1375,,,0.9513558149337769,0.8219219446182251,0.7950252294540405,1.0619001388549805,0.1824524700641632,0.3866175413131714,0.31540578603744507,0.20974311232566833
1375,1375,0.0025824843905866146,,,,,,,,,
1376,1376,,,0.9521471261978149,0.8219875693321228,0.7949339747428894,1.0613347291946411,0.1824759542942047,0.3858470916748047,0.3150966167449951,0.20974311232566833
1376,1376,0.002576020546257496,,,,,,,,,
1377,1377,,,0.9518681764602661,0.8218280673027039,0.7948492169380188,1.0605496168136597,0.18239565193653107,0.38511016964912415,0.3146322965621948,0.20974311232566833
1377,1377,0.002569618634879589,,,,,,,,,
1378,1378,,,0.9510470628738403,0.8218183517456055,0.7948449850082397,1.0595135688781738,0.1823103129863739,0.38452526926994324,0.3140721917152405,0.20974311232566833
1378,1378,0.0025637561921030283,,,,,,,,,
1379,1379,,,0.9520489573478699,0.821723222732544,0.7946869134902954,1.0590921640396118,0.18230317533016205,0.38364025950431824,0.3138042688369751,0.20974311232566833
1379,1379,0.002558319363743067,,,,,,,,,
1380,1380,,,0.9506750106811523,0.8217172026634216,0.7947309017181396,1.0578733682632446,0.18218591809272766,0.3831504285335541,0.313158243894577,0.20974311232566833
1380,1380,0.0025528285186737776,,,,,,,,,
1381,1381,,,0.9514300227165222,0.821523904800415,0.7945587038993835,1.0574506521224976,0.1821409910917282,0.3822537660598755,0.31286853551864624,0.20974311232566833
1381,1381,0.0025469553656876087,,,,,,,,,
1382,1382,,,0.9509005546569824,0.8216869831085205,0.794588565826416,1.0564178228378296,0.1820930391550064,0.3817221522331238,0.3123472332954407,0.20974311232566833
1382,1382,0.0025408410001546144,,,,,,,,,
1383,1383,,,0.9505038857460022,0.8213125467300415,0.7944455742835999,1.05569589138031,0.18194793164730072,0.3809039890766144,0.31187766790390015,0.20974311232566833
1383,1383,0.002534805564209819,,,,,,,,,
1384,1384,,,0.9510794878005981,0.8215725421905518,0.7944223284721375,1.0549827814102173,0.18196965754032135,0.3802706301212311,0.3115343749523163,0.20974311232566833
1384,1384,0.0025290201883763075,,,,,,,,,
1385,1385,,,0.9499673843383789,0.8212486505508423,0.7943421602249146,1.054026484489441,0.1817871481180191,0.37958964705467224,0.31095799803733826,0.20974311232566833
1385,1385,0.002523384289816022,,,,,,,,,
1386,1386,,,0.9507209062576294,0.8213251829147339,0.7942572236061096,1.0534602403640747,0.18177802860736847,0.378837913274765,0.31065359711647034,0.20974311232566833
1386,1386,0.0025177141651511192,,,,,,,,,
1387,1387,,,0.949964702129364,0.8213033080101013,0.7942432761192322,1.0524672269821167,0.1816646307706833,0.37825635075569153,0.31011784076690674,0.20974311232566833
1387,1387,0.002511951606720686,,,,,,,,,
1388,1388,,,0.9499615430831909,0.8210358619689941,0.7940946817398071,1.051857352256775,0.18154111504554749,0.3774431347846985,0.3097227215766907,0.20974311232566833
1388,1388,0.0025061836931854486,,,,,,,,,
1389,1389,,,0.9500892162322998,0.8213505744934082,0.7941218018531799,1.0509787797927856,0.18153105676174164,0.37690386176109314,0.30930954217910767,0.20974311232566833
1389,1389,0.002500510308891535,,,,,,,,,
1390,1390,,,0.9493546485900879,0.8208508491516113,0.7939513325691223,1.0502409934997559,0.1813158243894577,0.37608397006988525,0.30880871415138245,0.20974311232566833
1390,1390,0.0024949247017502785,,,,,,,,,
1391,1391,,,0.949923574924469,0.8212531208992004,0.7939773797988892,1.0494658946990967,0.18133731186389923,0.37552371621131897,0.3084637224674225,0.20974311232566833
1391,1391,0.0024893437512218952,,,,,,,,,
1392,1392,,,0.9491143226623535,0.8208310008049011,0.7938339114189148,1.0486716032028198,0.18112455308437347,0.3747542202472687,0.30794987082481384,0.20974311232566833
1392,1392,0.0024836931843310595,,,,,,,,,
1393,1393,,,0.9493871927261353,0.8210154175758362,0.7938156127929688,1.047905683517456,0.18108442425727844,0.37412920594215393,0.3075692653656006,0.20974311232566833
1393,1393,0.0024779904633760452,,,,,,,,,
1394,1394,,,0.9491294622421265,0.8209003806114197,0.7937332987785339,1.047131061553955,0.18095536530017853,0.37343430519104004,0.30712589621543884,0.20974311232566833
1394,1394,0.002472309162840247,,,,,,,,,
1395,1395,,,0.9487738013267517,0.8207644820213318,0.793647825717926,1.0463389158248901,0.18081305921077728,0.372744619846344,0.30666980147361755,0.20974311232566833
1395,1395,0.0024667230900377035,,,,,,,,,
1396,1396,,,0.9490633010864258,0.8209356665611267,0.7936238050460815,1.045584797859192,0.1807614266872406,0.372112900018692,0.30629396438598633,0.20974311232566833
1396,1396,0.0024612294510006905,,,,,,,,,
1397,1397,,,0.9483797550201416,0.8205938339233398,0.7934942245483398,1.0447841882705688,0.18055416643619537,0.37136971950531006,0.3057957887649536,0.20974311232566833
1397,1397,0.0024557721335440874,,,,,,,,,
1398,1398,,,0.9487378001213074,0.8208653926849365,0.7935008406639099,1.0440064668655396,0.1805172711610794,0.37077781558036804,0.3054279088973999,0.20974311232566833
1398,1398,0.002450307598337531,,,,,,,,,
1399,1399,,0.002444816753268242,,,,,,,,
1399,1399,,,0.948243260383606,0.8205437064170837,0.7933650612831116,1.0432664155960083,0.1803176999092102,0.370022714138031,0.30496418476104736,0.20974311232566833
1399,1399,0.002444816753268242,,,,,,,,,
1400,1400,,,0.9482358694076538,0.8207143545150757,0.7933638095855713,1.0424188375473022,0.18023552000522614,0.3694384694099426,0.3045443296432495,0.20974311232566833
1400,1400,0.002439324976876378,,,,,,,,,
1401,1401,,,0.9481993317604065,0.8205466270446777,0.7932484149932861,1.0417492389678955,0.18008343875408173,0.3686904311180115,0.30414530634880066,0.20974311232566833
1401,1401,0.002433870453387499,,,,,,,,,
1402,1402,,,0.9477517008781433,0.8205645680427551,0.7932191491127014,1.0408469438552856,0.1799388825893402,0.3680955171585083,0.3036682605743408,0.20974311232566833
1402,1402,0.002428462728857994,,,,,,,,,
1403,1403,,,0.9480477571487427,0.8205313086509705,0.7931289672851562,1.040213704109192,0.1798250526189804,0.36737045645713806,0.30331510305404663,0.20974311232566833
1403,1403,0.002423090161755681,,,,,,,,,
1404,1404,,,0.947457492351532,0.8204658031463623,0.7930802702903748,1.0393098592758179,0.17965035140514374,0.36676040291786194,0.3028225898742676,0.20974311232566833
1404,1404,0.0024177301675081253,,,,,,,,,
1405,1405,,,0.9477176070213318,0.820468008518219,0.7930024266242981,1.0386558771133423,0.17953406274318695,0.3660579025745392,0.302465558052063,0.20974311232566833
1405,1405,0.0024123722687363625,,,,,,,,,
1406,1406,,,0.9473100304603577,0.8204262256622314,0.7929491996765137,1.0378050804138184,0.17936775088310242,0.36543551087379456,0.30200424790382385,0.20974311232566833
1406,1406,0.00240702205337584,,,,,,,,,
1407,1407,,,0.9472856521606445,0.8203675746917725,0.7928681969642639,1.0370889902114868,0.17921724915504456,0.3647511303424835,0.30160677433013916,0.20974311232566833
1407,1407,0.0024016902316361666,,,,,,,,,
1408,1408,,,0.9472094774246216,0.8204005360603333,0.7928216457366943,1.0363105535507202,0.17907699942588806,0.36412033438682556,0.3011965751647949,0.20974311232566833
1408,1408,0.002396396826952696,,,,,,,,,
1409,1409,,,0.9468920826911926,0.8202828764915466,0.7927361726760864,1.0355371236801147,0.17889054119586945,0.36345475912094116,0.3007599711418152,0.20974311232566833
1409,1409,0.002391144633293152,,,,,,,,,
1410,1410,,,0.9470385909080505,0.8203517198562622,0.7926909923553467,1.0348122119903564,0.17876413464546204,0.3628142774105072,0.30038487911224365,0.20974311232566833
1410,1410,0.0023859222419559956,,,,,,,,,
1411,1411,,,0.946611762046814,0.8202311992645264,0.7926110029220581,1.0340059995651245,0.17856508493423462,0.3621681034564972,0.29993295669555664,0.20974311232566833
1411,1411,0.0023807180114090443,,,,,,,,,
1412,1412,,,0.9467546939849854,0.8202690482139587,0.7925547957420349,1.0333051681518555,0.1784268170595169,0.361515611410141,0.29956379532814026,0.20974311232566833
1412,1412,0.0023755310103297234,,,,,,,,,
1413,1413,,,0.9464305639266968,0.8202194571495056,0.7924942374229431,1.0324984788894653,0.1782413274049759,0.3608940541744232,0.29912662506103516,0.20974311232566833
1413,1413,0.0023703621700406075,,,,,,,,,
1414,1414,,,0.9464178085327148,0.8201668858528137,0.7924154996871948,1.0317975282669067,0.17807039618492126,0.36022743582725525,0.29874131083488464,0.20974311232566833
1414,1414,0.0023652149830013514,,,,,,,,,
1415,1415,,,0.9462823271751404,0.8202177286148071,0.79237961769104,1.0310012102127075,0.17790783941745758,0.35962945222854614,0.2983297109603882,0.20974311232566833
1415,1415,0.0023600945714861155,,,,,,,,,
1416,1416,,,0.9460932612419128,0.8200749158859253,0.7922766804695129,1.0302966833114624,0.1777024120092392,0.3589474856853485,0.29792535305023193,0.20974311232566833
1416,1416,0.0023550093173980713,,,,,,,,,
1417,1417,,,0.9460955262184143,0.8202036619186401,0.7922621965408325,1.0295039415359497,0.17755748331546783,0.35837167501449585,0.29753220081329346,0.20974311232566833
1417,1417,0.0023499506060034037,,,,,,,,,
1418,1418,,,0.9458410143852234,0.8200083374977112,0.7921428680419922,1.0288127660751343,0.17733263969421387,0.35768023133277893,0.29712507128715515,0.20974311232566833
1418,1418,0.002344915410503745,,,,,,,,,
1419,1419,,,0.9458411931991577,0.8201711773872375,0.792140781879425,1.028006672859192,0.17718788981437683,0.35712459683418274,0.2967326045036316,0.20974311232566833
1419,1419,0.0023399062920361757,,,,,,,,,
1420,1420,,,0.9456574320793152,0.8199659585952759,0.7920142412185669,1.0273460149765015,0.17695938050746918,0.3564217984676361,0.29633960127830505,0.20974311232566833
1420,1420,0.002334915567189455,,,,,,,,,
1421,1421,,,0.945540189743042,0.820124626159668,0.7920181751251221,1.0265042781829834,0.17680083215236664,0.35588735342025757,0.295930415391922,0.20974311232566833
1421,1421,0.0023299504537135363,,,,,,,,,
1422,1422,,,0.9455174803733826,0.819930374622345,0.7918863296508789,1.0258983373641968,0.1765783727169037,0.3551713824272156,0.29556700587272644,0.20974311232566833
1422,1422,0.0023250195663422346,,,,,,,,,
1423,1423,,,0.9452283382415771,0.82008957862854,0.7919000387191772,1.0250024795532227,0.17640405893325806,0.3546677827835083,0.29513272643089294,0.20974311232566833
1423,1423,0.0023201219737529755,,,,,,,,,
1424,1424,,,0.9453884363174438,0.8198797702789307,0.7917536497116089,1.0244688987731934,0.17618469893932343,0.35392239689826965,0.29480278491973877,0.20974311232566833
1424,1424,0.002315264893695712,,,,,,,,,
1425,1425,,,0.9449304938316345,0.8200829029083252,0.7917922735214233,1.0234971046447754,0.17600251734256744,0.3534710705280304,0.29434120655059814,0.20974311232566833
1425,1425,0.0023104571737349033,,,,,,,,,
1426,1426,,,0.9452486038208008,0.819797158241272,0.7916085720062256,1.0230674743652344,0.17577235400676727,0.35267046093940735,0.29404735565185547,0.20974311232566833
1426,1426,0.002305702306330204,,,,,,,,,
1427,1427,,,0.9446481466293335,0.8201245665550232,0.7917022109031677,1.0219789743423462,0.17559906840324402,0.3523060977458954,0.29355499148368835,0.20974311232566833
1427,1427,0.00230103125795722,,,,,,,,,
1428,1428,,,0.9451249241828918,0.8196660280227661,0.7914443612098694,1.0217081308364868,0.1753406524658203,0.3514053225517273,0.2933051288127899,0.20974311232566833
1428,1428,0.0022964717354625463,,,,,,,,,
1429,1429,,,0.9443444609642029,0.8202323317527771,0.79163658618927,1.0204282999038696,0.17519602179527283,0.3511883318424225,0.2927677631378174,0.20974311232566833
1429,1429,0.0022920812480151653,,,,,,,,,
1430,1430,,,0.9450569152832031,0.8194655179977417,0.791246771812439,1.020422101020813,0.17488862574100494,0.3501094579696655,0.2925857901573181,0.20974311232566833
1430,1430,0.0022879643365740776,,,,,,,,,
1431,1431,,,0.9439563751220703,0.8204395174980164,0.7916098833084106,1.018802523612976,0.17479602992534637,0.35014259815216064,0.2919654846191406,0.20974311232566833
1431,1431,0.002284299349412322,,,,,,,,,
1432,1432,,,0.9451354742050171,0.8191556930541992,0.7909920811653137,1.019266963005066,0.17441336810588837,0.3487536907196045,0.2919093072414398,0.20974311232566833
1432,1432,0.00228140689432621,,,,,,,,,
1433,1433,,,0.9433753490447998,0.8208200931549072,0.79164719581604,1.0170334577560425,0.17440424859523773,0.3492256999015808,0.29112866520881653,0.20974311232566833
1433,1433,0.0022798432037234306,,,,,,,,,
1434,1434,,,0.9454973340034485,0.818656325340271,0.7906264066696167,1.018346905708313,0.17390601336956024,0.3472816050052643,0.29130810499191284,0.20974311232566833
1434,1434,0.0022806478664278984,,,,,,,,,
1435,1435,,,0.9424236416816711,0.8215301036834717,0.7917907238006592,1.0149891376495361,0.17403610050678253,0.3485456705093384,0.29022136330604553,0.20974311232566833
1435,1435,0.0022856409195810556,,,,,,,,,
1436,1436,,,0.9463773965835571,0.8178319334983826,0.7900334596633911,1.0178664922714233,0.1733483374118805,0.34560951590538025,0.29084792733192444,0.20974311232566833
1436,1436,0.002298293635249138,,,,,,,,,
1437,1437,,,0.9408088326454163,0.8228958249092102,0.7920887470245361,1.0124646425247192,0.17372213304042816,0.34833595156669617,0.2891984283924103,0.20974311232566833
1437,1437,0.0023244856856763363,,,,,,,,,
1438,1438,,,0.948137640953064,0.8165145516395569,0.7889706492424011,1.0181660652160645,0.17270460724830627,0.3436466157436371,0.2906420826911926,0.20974311232566833
1438,1438,0.002375398064032197,,,,,,,,,
1439,1439,,,0.9381901025772095,0.8255066871643066,0.7925145626068115,1.0092476606369019,0.17351819574832916,0.3490143120288849,0.28804054856300354,0.20974311232566833
1439,1439,0.0024672946892678738,,,,,,,,,
1440,1440,,,0.9509186744689941,0.8147250413894653,0.7870779037475586,1.0195131301879883,0.1719227284193039,0.3414630591869354,0.29078394174575806,0.20974311232566833
1440,1440,0.0026273916009813547,,,,,,,,,
1441,1441,,,0.9351024031639099,0.8297480940818787,0.7928079962730408,1.0056977272033691,0.1735026240348816,0.3507699966430664,0.2869393825531006,0.20974311232566833
1441,1441,0.002870376454666257,,,,,,,,,
1442,1442,,,0.9526248574256897,0.8130955100059509,0.7849087119102478,1.0204503536224365,0.17100338637828827,0.3394850790500641,0.2907184660434723,0.20974311232566833
1442,1442,0.003190952818840742,,,,,,,,,
1443,1443,,,0.935789167881012,0.8326682448387146,0.7928019165992737,1.0038701295852661,0.17361721396446228,0.35100457072257996,0.2864220440387726,0.20974311232566833
1443,1443,0.0034409458748996258,,,,,,,,,
1444,1444,,,0.9469659328460693,0.8126595616340637,0.7856479287147522,1.0160489082336426,0.1703108251094818,0.338456392288208,0.2885856330394745,0.20974311232566833
1444,1444,0.003436856670305133,,,,,,,,,
1445,1445,,,0.9458041191101074,0.8279534578323364,0.7917399406433105,1.0061781406402588,0.17336228489875793,0.34536296129226685,0.2868165969848633,0.20974311232566833
1445,1445,0.0030285026878118515,,,,,,,,,
1446,1446,,,0.9351597428321838,0.8163912892341614,0.7883303761482239,1.0072046518325806,0.1704031378030777,0.34086665511131287,0.2852170467376709,0.20974311232566833
1446,1446,0.002518679015338421,,,,,,,,,
1447,1447,,,0.9555408358573914,0.8199936151504517,0.7886651754379272,1.0107884407043457,0.17215915024280548,0.3390175998210907,0.2877095639705658,0.20974311232566833
1447,1447,0.002302456647157669,,,,,,,,,
1448,1448,,,0.9315335750579834,0.8241732716560364,0.7906371355056763,1.0018517971038818,0.17103321850299835,0.3444792926311493,0.28395822644233704,0.20974311232566833
1448,1448,0.0024564228951931,,,,,,,,,
1449,1449,,0.0026725674979388714,,,,,,,,
1449,1449,,,0.9495332837104797,0.8162404298782349,0.7874351143836975,1.0111162662506104,0.17012111842632294,0.33678290247917175,0.28688469529151917,0.20974311232566833
1449,1449,0.0026725674979388714,,,,,,,,,
1450,1450,,,0.9426370859146118,0.8273539543151855,0.7911481261253357,1.002747893333435,0.1716645359992981,0.342463880777359,0.2848123610019684,0.20974311232566833
1450,1450,0.0026458303909748793,,,,,,,,,
1451,1451,,,0.9347651600837708,0.8165417909622192,0.7867060899734497,1.0049089193344116,0.168855682015419,0.3377746641635895,0.28372615575790405,0.20974311232566833
1451,1451,0.0024333258625119925,,,,,,,,,
1452,1452,,,0.9561962485313416,0.8241032361984253,0.7878127694129944,1.006948709487915,0.1716334968805313,0.337925523519516,0.28619304299354553,0.20974311232566833
1452,1452,0.002312446478754282,,,,,,,,,
1453,1453,,,0.9288074970245361,0.820100724697113,0.7873154878616333,1.0004632472991943,0.16897577047348022,0.34018266201019287,0.2822190523147583,0.20974311232566833
1453,1453,0.0023905730340629816,,,,,,,,,
1454,1454,,,0.9524931311607361,0.8199321627616882,0.7880492806434631,1.007009506225586,0.17025116086006165,0.33573856949806213,0.28553658723831177,0.20974311232566833
1454,1454,0.0024770561140030622,,,,,,,,,
1455,1455,,,0.9398449063301086,0.8233160972595215,0.7903772592544556,1.0013741254806519,0.1698802262544632,0.33885306119918823,0.28338417410850525,0.20974311232566833
1455,1455,0.0023979488760232925,,,,,,,,,
1456,1456,,,0.9365577697753906,0.8181268572807312,0.7880293130874634,1.0024874210357666,0.1683628112077713,0.3365471661090851,0.2828964293003082,0.20974311232566833
1456,1456,0.0022460317704826593,,,,,,,,,
1457,1457,,,0.9547066688537598,0.8231855034828186,0.7882006764411926,1.0044447183609009,0.17031116783618927,0.33600178360939026,0.28486642241477966,0.20974311232566833
1457,1457,0.0022216334473341703,,,,,,,,,
1458,1458,,,0.9297371506690979,0.8182573318481445,0.7868949174880981,0.9988961219787598,0.16748064756393433,0.3371807336807251,0.28114214539527893,0.20974311232566833
1458,1458,0.0023276188876479864,,,,,,,,,
1459,1459,,,0.9522117972373962,0.8214316368103027,0.7885597348213196,1.0034470558166504,0.16932202875614166,0.33458077907562256,0.2840917706489563,0.20974311232566833
1459,1459,0.0023803235962986946,,,,,,,,,
1460,1460,,,0.9387726187705994,0.8197227716445923,0.7893751859664917,0.9997469782829285,0.16791582107543945,0.3354088068008423,0.2819952666759491,0.20974311232566833
1460,1460,0.002289427211508155,,,,,,,,,
1461,1461,,,0.9384129643440247,0.8194781541824341,0.789252758026123,0.9991179704666138,0.16762706637382507,0.3349437415599823,0.28165102005004883,0.20974311232566833
1461,1461,0.0021737993229180574,,,,,,,,,
1462,1462,,,0.9510159492492676,0.821210503578186,0.788729727268219,1.0013706684112549,0.16853171586990356,0.33331573009490967,0.28305548429489136,0.20974311232566833
1462,1462,0.0021731967572122812,,,,,,,,,
1463,1463,,,0.9318837523460388,0.8183209300041199,0.7875827550888062,0.9964936971664429,0.16646884381771088,0.33442869782447815,0.2800208330154419,0.20974311232566833
1463,1463,0.0022510795388370752,,,,,,,,,
1464,1464,,,0.9496275782585144,0.8216312527656555,0.7890133261680603,0.9993703365325928,0.16803817451000214,0.3326617181301117,0.28215834498405457,0.20974311232566833
1464,1464,0.002275187987834215,,,,,,,,,
1465,1465,,,0.9389247894287109,0.8184217810630798,0.7886433005332947,0.9972795248031616,0.1664261668920517,0.3322547674179077,0.2805129587650299,0.20974311232566833
1465,1465,0.0022129113785922527,,,,,,,,,
1466,1466,,,0.9395204186439514,0.8209869265556335,0.7897881865501404,0.995647668838501,0.16670361161231995,0.33299320936203003,0.2802228033542633,0.20974311232566833
1466,1466,0.002153379376977682,,,,,,,,,
1467,1467,,,0.9476975202560425,0.8195816874504089,0.788848340511322,0.9980085492134094,0.16665834188461304,0.33061546087265015,0.2811439633369446,0.20974311232566833
1467,1467,0.0021618742030113935,,,,,,,,,
1468,1468,,,0.9352834224700928,0.8190959095954895,0.788754403591156,0.9938250780105591,0.16548722982406616,0.3319395184516907,0.2789829671382904,0.20974311232566833
1468,1468,0.0021964069455862045,,,,,,,,,
1469,1469,,,0.9466611742973328,0.8208706974983215,0.7894081473350525,0.9957828521728516,0.1663191020488739,0.3304865062236786,0.2803145945072174,0.20974311232566833
1469,1469,0.0021913056261837482,,,,,,,,,
1470,1470,,,0.9401669502258301,0.8181300163269043,0.7887024879455566,0.9947366714477539,0.16511385142803192,0.32978424429893494,0.27927088737487793,0.20974311232566833
1470,1470,0.0021528652869164944,,,,,,,,,
1471,1471,,,0.9403964281082153,0.8211418986320496,0.7899803519248962,0.9927119612693787,0.16555525362491608,0.3309181332588196,0.27889761328697205,0.20974311232566833
1471,1471,0.002134046284481883,,,,,,,,,
1472,1472,,,0.9451876878738403,0.818394124507904,0.7886884808540344,0.9949744343757629,0.16506412625312805,0.3283602297306061,0.27947157621383667,0.20974311232566833
1472,1472,0.002149169100448489,,,,,,,,,
1473,1473,,,0.938021183013916,0.8199547529220581,0.7894220352172852,0.9915114045143127,0.1646636724472046,0.32981401681900024,0.27805790305137634,0.20974311232566833
1473,1473,0.0021606413647532463,,,,,,,,,
1474,1474,,,0.9438733458518982,0.8197001218795776,0.789225161075592,0.9928390383720398,0.16471083462238312,0.3283178508281708,0.2786715626716614,0.20974311232566833
1474,1474,0.0021423527505248785,,,,,,,,,
1475,1475,,,0.9414535760879517,0.8186297416687012,0.7888227701187134,0.9922294616699219,0.16403810679912567,0.3278053402900696,0.2781510055065155,0.20974311232566833
1475,1475,0.002114686416462064,,,,,,,,,
1476,1476,,,0.9401244521141052,0.8208561539649963,0.7896351218223572,0.9903218746185303,0.16411742568016052,0.32868093252182007,0.2776224911212921,0.20974311232566833
1476,1476,0.00210931827314198,,,,,,,,,
1477,1477,,,0.9436174631118774,0.8183845281600952,0.7884445786476135,0.9921201467514038,0.1635437309741974,0.32637208700180054,0.27799540758132935,0.20974311232566833
1477,1477,0.002123586367815733,,,,,,,,,
1478,1478,,,0.9397315979003906,0.820701539516449,0.7894460558891296,0.9892206192016602,0.16351906955242157,0.32768991589546204,0.2770233154296875,0.20974311232566833
1478,1478,0.00212931539863348,,,,,,,,,
1479,1479,,,0.9419131875038147,0.8192077875137329,0.7887538075447083,0.9901795983314514,0.16307894885540009,0.3261569142341614,0.27718687057495117,0.20974311232566833
1479,1479,0.0021140992175787687,,,,,,,,,
1480,1480,,,0.9424806833267212,0.8198426365852356,0.7889505624771118,0.9895595908164978,0.16297058761119843,0.3259519040584564,0.27699747681617737,0.20974311232566833
1480,1480,0.002094159834086895,,,,,,,,,
1481,1481,,,0.9396122694015503,0.8203473091125488,0.7891775965690613,0.9878798723220825,0.16260962188243866,0.32623377442359924,0.27627143263816833,0.20974311232566833
1481,1481,0.0020887749269604683,,,,,,,,,
1482,1482,,,0.9433711171150208,0.8190478086471558,0.7885207533836365,0.9891225099563599,0.16230201721191406,0.32452088594436646,0.276622474193573,0.20974311232566833
1482,1482,0.0020955821964889765,,,,,,,,,
1483,1483,,,0.9402341246604919,0.8207734823226929,0.7892823815345764,0.9867905974388123,0.16219490766525269,0.3254649043083191,0.2758161425590515,0.20974311232566833
1483,1483,0.002098302822560072,,,,,,,,,
1484,1484,,,0.9412440061569214,0.8190701007843018,0.7885507345199585,0.9874257445335388,0.16164422035217285,0.32403942942619324,0.27579399943351746,0.20974311232566833
1484,1484,0.0020896531641483307,,,,,,,,,
1485,1485,,,0.942949116230011,0.8203970193862915,0.7890193462371826,0.9866799712181091,0.1617867797613144,0.32402071356773376,0.27570173144340515,0.20974311232566833
1485,1485,0.002077816752716899,,,,,,,,,
1486,1486,,,0.9391050934791565,0.8196048140525818,0.7887295484542847,0.9854277968406677,0.16110768914222717,0.3238491117954254,0.2749258875846863,0.20974311232566833
1486,1486,0.0020728353410959244,,,,,,,,,
1487,1487,,,0.943466305732727,0.8197124004364014,0.7886450886726379,0.98618084192276,0.16116373240947723,0.32276323437690735,0.27531519532203674,0.20974311232566833
1487,1487,0.002073935465887189,,,,,,,,,
1488,1488,,,0.9397883415222168,0.8201737999916077,0.7889180779457092,0.9843271374702454,0.16077974438667297,0.32320258021354675,0.27450138330459595,0.20974311232566833
1488,1488,0.002073196927085519,,,,,,,,,
1489,1489,,,0.9414104223251343,0.81935054063797,0.7885083556175232,0.9847824573516846,0.16047042608261108,0.3221341371536255,0.2745567858219147,0.20974311232566833
1489,1489,0.002066918881610036,,,,,,,,,
1490,1490,,,0.9422776103019714,0.8204019665718079,0.7888434529304504,0.9840437769889832,0.1605050265789032,0.3221195638179779,0.274396151304245,0.20974311232566833
1490,1490,0.0020592426881194115,,,,,,,,,
1491,1491,,,0.9390931725502014,0.8193743824958801,0.7884081602096558,0.9831228852272034,0.15982013940811157,0.32173505425453186,0.2737351655960083,0.20974311232566833
1491,1491,0.0020554109942167997,,,,,,,,,
1492,1492,,,0.9433712959289551,0.8202006220817566,0.7886146903038025,0.9834970235824585,0.16001929342746735,0.3210470676422119,0.27408313751220703,0.20974311232566833
1492,1492,0.0020550796762108803,,,,,,,,,
1493,1493,,,0.9392099380493164,0.8197047710418701,0.7884786128997803,0.9820923209190369,0.1593777984380722,0.3211331069469452,0.2732912003993988,0.20974311232566833
1493,1493,0.002053738571703434,,,,,,,,,
1494,1494,,,0.9420272707939148,0.81992107629776,0.7885028123855591,0.9823967814445496,0.15936122834682465,0.32042136788368225,0.2734847366809845,0.20974311232566833
1494,1494,0.0020487403962761164,,,,,,,,,
1495,1495,,,0.9412398934364319,0.8200199007987976,0.7885384559631348,0.9816201329231262,0.1590910702943802,0.3202305734157562,0.27312833070755005,0.20974311232566833
1495,1495,0.0020421152003109455,,,,,,,,,
1496,1496,,,0.9398618936538696,0.8196272850036621,0.7883460521697998,0.9809336066246033,0.15867789089679718,0.3198870122432709,0.2727127969264984,0.20974311232566833
1496,1496,0.0020374837331473827,,,,,,,,,
1497,1497,,,0.9427387118339539,0.820160984992981,0.7884494662284851,0.9810559153556824,0.15874828398227692,0.3193254768848419,0.2728818655014038,0.20974311232566833
1497,1497,0.0020357687026262283,,,,,,,,,
1498,1498,,,0.9392496943473816,0.8195059299468994,0.7882221937179565,0.9798632264137268,0.1581396907567978,0.31925326585769653,0.2721768021583557,0.20974311232566833
1498,1498,0.0020346902310848236,,,,,,,,,
1499,1499,,0.0020317735616117716,,,,,,,,
1499,1499,,,0.942438006401062,0.8201059103012085,0.7883942127227783,0.9800212383270264,0.15823930501937866,0.3186675012111664,0.2723824977874756,0.20974311232566833
1499,1499,0.0020317735616117716,,,,,,,,,
1500,1500,,,0.9403265714645386,0.8195659518241882,0.7881991863250732,0.9791906476020813,0.15773539245128632,0.318380743265152,0.27187201380729675,0.20974311232566833
1500,1500,0.002026922535151243,,,,,,,,,
1501,1501,,,0.9408379197120667,0.8199024796485901,0.7883049249649048,0.9786730408668518,0.15759654343128204,0.31810295581817627,0.2716934382915497,0.20974311232566833
1501,1501,0.0020220112055540085,,,,,,,,,
1502,1502,,,0.9417830109596252,0.819732666015625,0.7881736755371094,0.9785560369491577,0.15737660229206085,0.3175119161605835,0.27160927653312683,0.20974311232566833
1502,1502,0.002018582308664918,,,,,,,,,
1503,1503,,,0.9398587346076965,0.8197020888328552,0.7881602644920349,0.9775196313858032,0.15698784589767456,0.31746283173561096,0.27110016345977783,0.20974311232566833
1503,1503,0.002016402082517743,,,,,,,,,
1504,1504,,,0.9422024488449097,0.8199384212493896,0.7881683707237244,0.9776219129562378,0.15693998336791992,0.31682783365249634,0.27120137214660645,0.20974311232566833
1504,1504,0.002014118479564786,,,,,,,,,
1505,1505,,,0.9400771856307983,0.8195398449897766,0.7880257964134216,0.9766899347305298,0.1564573347568512,0.3166286051273346,0.2706751227378845,0.20974311232566833
1505,1505,0.0020108402241021395,,,,,,,,,
1506,1506,,,0.9414717555046082,0.8200019001960754,0.7881682515144348,0.9763838052749634,0.15639907121658325,0.31626787781715393,0.27062466740608215,0.20974311232566833
1506,1506,0.0020068762823939323,,,,,,,,,
1507,1507,,,0.9410244822502136,0.8195374011993408,0.7879521250724792,0.9760331511497498,0.15602000057697296,0.3157661557197571,0.2703651189804077,0.20974311232566833
1507,1507,0.002003149827942252,,,,,,,,,
1508,1508,,,0.940617024898529,0.8199527263641357,0.7881118655204773,0.9752095341682434,0.15583835542201996,0.3157050609588623,0.27005577087402344,0.20974311232566833
1508,1508,0.002000147709622979,,,,,,,,,
1509,1509,,,0.9416651725769043,0.8196204900741577,0.787912905216217,0.9752230644226074,0.15559013187885284,0.31502267718315125,0.2700030505657196,0.20974311232566833
1509,1509,0.0019975716713815928,,,,,,,,,
1510,1510,,,0.9403335452079773,0.8197801113128662,0.7879826426506042,0.9742668867111206,0.1552838385105133,0.3149794936180115,0.26957499980926514,0.20974311232566833
1510,1510,0.0019947923719882965,,,,,,,,,
1511,1511,,,0.9415242671966553,0.8197555541992188,0.7879167795181274,0.9741816520690918,0.15510773658752441,0.31443727016448975,0.26953527331352234,0.20974311232566833
1511,1511,0.001991504104807973,,,,,,,,,
1512,1512,,,0.9407560229301453,0.8196095824241638,0.7878488898277283,0.9735707640647888,0.1547756940126419,0.3141794502735138,0.26921772956848145,0.20974311232566833
1512,1512,0.0019879580941051245,,,,,,,,,
1513,1513,,,0.9410088658332825,0.819844663143158,0.7879157662391663,0.973075270652771,0.1545962542295456,0.3139304518699646,0.2690301537513733,0.20974311232566833
1513,1513,0.0019846123177558184,,,,,,,,,
1514,1514,,,0.9412326812744141,0.8195088505744934,0.7877331972122192,0.972878098487854,0.15429161489009857,0.3133965730667114,0.26887157559394836,0.20974311232566833
1514,1514,0.0019816900603473186,,,,,,,,,
1515,1515,,,0.9406376481056213,0.8198423385620117,0.7878652215003967,0.9720710515975952,0.15407997369766235,0.3133451044559479,0.2685539722442627,0.20974311232566833
1515,1515,0.001979024149477482,,,,,,,,,
1516,1516,,,0.9413789510726929,0.8195037245750427,0.7876695990562439,0.9720515608787537,0.15381130576133728,0.31274500489234924,0.2684820890426636,0.20974311232566833
1516,1516,0.0019762699957937002,,,,,,,,,
1517,1517,,,0.9407422542572021,0.8197837471961975,0.7877776026725769,0.9712914824485779,0.15358248353004456,0.31268101930618286,0.2681736648082733,0.20974311232566833
1517,1517,0.0019732306245714426,,,,,,,,,
1518,1518,,,0.941122829914093,0.8195827603340149,0.7876514196395874,0.9710906147956848,0.15331721305847168,0.31220343708992004,0.2680405080318451,0.20974311232566833
1518,1518,0.0019699770491570234,,,,,,,,,
1519,1519,,,0.9410673379898071,0.819671094417572,0.7876625061035156,0.9706012606620789,0.15308618545532227,0.3119468688964844,0.2678263783454895,0.20974311232566833
1519,1519,0.001966737676411867,,,,,,,,,
1520,1520,,,0.9407820105552673,0.8196674585342407,0.7876364588737488,0.9701065421104431,0.15281853079795837,0.3116888999938965,0.26758989691734314,0.20974311232566833
1520,1520,0.0019636950455605984,,,,,,,,,
1521,1521,,,0.9413089752197266,0.8195790648460388,0.7875556349754333,0.9699025750160217,0.15258799493312836,0.3112551271915436,0.2674782872200012,0.20974311232566833
1521,1521,0.0019608610309660435,,,,,,,,,
1522,1522,,,0.9406976699829102,0.8197267055511475,0.7876110076904297,0.969215452671051,0.15233302116394043,0.31113356351852417,0.26718220114707947,0.20974311232566833
1522,1522,0.0019581036176532507,,,,,,,,,
1523,1523,,,0.9412460923194885,0.8195064663887024,0.7874736189842224,0.9690859317779541,0.15207739174365997,0.3106323480606079,0.267081081867218,0.20974311232566833
1523,1523,0.00195527751930058,,,,,,,,,
1524,1524,,,0.9408556222915649,0.819726288318634,0.7875556349754333,0.9684335589408875,0.15185733139514923,0.31051042675971985,0.26681602001190186,0.20974311232566833
1524,1524,0.0019523277878761292,,,,,,,,,
1525,1525,,,0.9409794211387634,0.8194840550422668,0.787422239780426,0.9681859612464905,0.15157391130924225,0.31007853150367737,0.2666551172733307,0.20974311232566833
1525,1525,0.0019493058789521456,,,,,,,,,
1526,1526,,,0.9411592483520508,0.8196858167648315,0.7874845266342163,0.967716634273529,0.151393324136734,0.30985987186431885,0.26647672057151794,0.20974311232566833
1526,1526,0.0019463024800643325,,,,,,,,,
1527,1527,,,0.9407352805137634,0.8195004463195801,0.787388026714325,0.967278003692627,0.15108436346054077,0.3095507323741913,0.26623430848121643,0.20974311232566833
1527,1527,0.0019433810375630856,,,,,,,,,
1528,1528,,,0.9413252472877502,0.8196129202842712,0.7874014973640442,0.9669801592826843,0.1509094536304474,0.309216171503067,0.2661210298538208,0.20974311232566833
1528,1528,0.0019405408529564738,,,,,,,,,
1529,1529,,,0.9406833052635193,0.8195342421531677,0.7873611450195312,0.9664152264595032,0.1506068855524063,0.30900120735168457,0.26584044098854065,0.20974311232566833
1529,1529,0.0019377331482246518,,,,,,,,,
1530,1530,,,0.9412996768951416,0.819543182849884,0.7873263955116272,0.9661977291107178,0.15041036903858185,0.30862000584602356,0.26574432849884033,0.20974311232566833
1530,1530,0.0019349063513800502,,,,,,,,,
1531,1531,,,0.9408482909202576,0.8195800185203552,0.7873305082321167,0.9656394720077515,0.1501482129096985,0.3084341883659363,0.26548945903778076,0.20974311232566833
1531,1531,0.0019320407882332802,,,,,,,,,
1532,1532,,,0.9411060214042664,0.8194841742515564,0.7872570753097534,0.9653656482696533,0.14990746974945068,0.3080599904060364,0.2653454542160034,0.20974311232566833
1532,1532,0.0019291515927761793,,,,,,,,,
1533,1533,,,0.9410943388938904,0.8196035027503967,0.7872856259346008,0.9648987650871277,0.14969711005687714,0.30784082412719727,0.2651512324810028,0.20974311232566833
1533,1533,0.0019262746209278703,,,,,,,,,
1534,1534,,,0.9408923983573914,0.8194496631622314,0.7871953845024109,0.9645310044288635,0.14941398799419403,0.30752626061439514,0.2649497985839844,0.20974311232566833
1534,1534,0.0019234330393373966,,,,,,,,,
1535,1535,,,0.9413041472434998,0.8196040987968445,0.7872303128242493,0.9641790986061096,0.14924290776252747,0.30726251006126404,0.2648191750049591,0.20974311232566833
1535,1535,0.0019206308061257005,,,,,,,,,
1536,1536,,,0.9407907724380493,0.8194347023963928,0.7871432900428772,0.9637230038642883,0.14893631637096405,0.3069957494735718,0.26457294821739197,0.20974311232566833
1536,1536,0.0019178560469299555,,,,,,,,,
1537,1537,,,0.9413624405860901,0.8195716738700867,0.7871665358543396,0.9634336829185486,0.14877398312091827,0.3066967725753784,0.264468789100647,0.20974311232566833
1537,1537,0.0019150825683027506,,,,,,,,,
1538,1538,,,0.9408238530158997,0.819433867931366,0.7870959043502808,0.9629563689231873,0.1484752595424652,0.30645719170570374,0.26421961188316345,0.20974311232566833
1538,1538,0.001912297448143363,,,,,,,,,
1539,1539,,,0.9413037896156311,0.8195207118988037,0.7871018052101135,0.9626679420471191,0.14829792082309723,0.30615633726119995,0.26410695910453796,0.20974311232566833
1539,1539,0.0019094987073913217,,,,,,,,,
1540,1540,,,0.9409794211387634,0.8194476366043091,0.7870554327964783,0.9622260928153992,0.1480293571949005,0.30591467022895813,0.26388776302337646,0.20974311232566833
1540,1540,0.0019066957756876945,,,,,,,,,
1541,1541,,,0.9411682486534119,0.8194647431373596,0.7870371341705322,0.9618898034095764,0.1478174775838852,0.30563101172447205,0.26373812556266785,0.20974311232566833
1541,1541,0.0019038973841816187,,,,,,,,,
1542,1542,,,0.9411574602127075,0.8194555044174194,0.78701251745224,0.9615065455436707,0.14758703112602234,0.30537039041519165,0.2635609805583954,0.20974311232566833
1542,1542,0.001901120413094759,,,,,,,,,
1543,1543,,,0.9410473108291626,0.8194131255149841,0.7869747877120972,0.9611154794692993,0.14734326303005219,0.3051114082336426,0.2633730471134186,0.20974311232566833
1543,1543,0.0018983656773343682,,,,,,,,,
1544,1544,,,0.9413071274757385,0.8194622993469238,0.7869686484336853,0.960788369178772,0.14714676141738892,0.3048362731933594,0.26323455572128296,0.20974311232566833
1544,1544,0.001895631430670619,,,,,,,,,
1545,1545,,,0.9409920573234558,0.8193731904029846,0.7869150638580322,0.9603606462478638,0.14687995612621307,0.3045933246612549,0.2630203068256378,0.20974311232566833
1545,1545,0.0018929080106317997,,,,,,,,,
1546,1546,,,0.9413753151893616,0.8194504976272583,0.7869187593460083,0.9600555300712585,0.14669927954673767,0.3043113946914673,0.2628982961177826,0.20974311232566833
1546,1546,0.0018901884322986007,,,,,,,,,
1547,1547,,,0.941006064414978,0.8193461298942566,0.7868595719337463,0.9596242308616638,0.1464262306690216,0.3040710985660553,0.26267898082733154,0.20974311232566833
1547,1547,0.001887470600195229,,,,,,,,,
1548,1548,,,0.9413766264915466,0.8194294571876526,0.7868669629096985,0.959316611289978,0.14624850451946259,0.3038009703159332,0.2625575661659241,0.20974311232566833
1548,1548,0.0018847514875233173,,,,,,,,,
1549,1549,,0.0018820313271135092,,,,,,,,
1549,1549,,,0.9410885572433472,0.8193274736404419,0.786807656288147,0.9589106440544128,0.14598482847213745,0.3035539388656616,0.26235175132751465,0.20974311232566833
1549,1549,0.0018820313271135092,,,,,,,,,
1550,1550,,,0.9413308501243591,0.8193963170051575,0.7868123054504395,0.9585731625556946,0.14579786360263824,0.3032984733581543,0.2622130811214447,0.20974311232566833
1550,1550,0.001879317220300436,,,,,,,,,
1551,1551,,,0.9411899447441101,0.8193117380142212,0.7867574095726013,0.9582037925720215,0.14555099606513977,0.30303657054901123,0.26202869415283203,0.20974311232566833
1551,1551,0.001876609050668776,,,,,,,,,
1552,1552,,,0.9412761330604553,0.8193556070327759,0.7867563366889954,0.9578345417976379,0.1453501135110855,0.302802711725235,0.26187074184417725,0.20974311232566833
1552,1552,0.0018739098450168967,,,,,,,,,
1553,1553,,,0.9412980675697327,0.8192964196205139,0.7867091298103333,0.957506000995636,0.14512218534946442,0.3025302290916443,0.2617112994194031,0.20974311232566833
1553,1553,0.001871225656941533,,,,,,,,,
1554,1554,,,0.9412392377853394,0.8193182945251465,0.7867019176483154,0.9571077227592468,0.14490793645381927,0.3023117184638977,0.2615349292755127,0.20974311232566833
1554,1554,0.0018685488030314445,,,,,,,,,
1555,1555,,,0.9413790702819824,0.8192766308784485,0.7866597175598145,0.9568053483963013,0.1446944773197174,0.30202946066856384,0.2613920271396637,0.20974311232566833
1555,1555,0.0018658817280083895,,,,,,,,,
1556,1556,,,0.9412295818328857,0.819283127784729,0.786647379398346,0.9563916325569153,0.14447255432605743,0.3018224239349365,0.2612053155899048,0.20974311232566833
1556,1556,0.001863218960352242,,,,,,,,,
1557,1557,,,0.9414334297180176,0.8192547559738159,0.7866089940071106,0.9561066031455994,0.1442686766386032,0.3015388250350952,0.2610733211040497,0.20974311232566833
1557,1557,0.0018605634104460478,,,,,,,,,
1558,1558,,,0.9412546753883362,0.8192560076713562,0.7865955233573914,0.9556880593299866,0.1440453678369522,0.3013368844985962,0.260883629322052,0.20974311232566833
1558,1558,0.0018579125171527267,,,,,,,,,
1559,1559,,,0.9414598941802979,0.8192260265350342,0.7865561842918396,0.9554054141044617,0.1438433676958084,0.3010542094707489,0.26075273752212524,0.20974311232566833
1559,1559,0.0018552629044279456,,,,,,,,,
1560,1560,,,0.941296398639679,0.8192316293716431,0.7865437865257263,0.9549922347068787,0.1436244696378708,0.30085402727127075,0.2605665624141693,0.20974311232566833
1560,1560,0.001852619112469256,,,,,,,,,
1561,1561,,,0.9414682388305664,0.8191927075386047,0.7865014672279358,0.9547061324119568,0.14342056214809418,0.30057570338249207,0.26043254137039185,0.20974311232566833
1561,1561,0.0018499827710911632,,,,,,,,,
1562,1562,,,0.9413588047027588,0.8192118406295776,0.7864946722984314,0.9543026685714722,0.14321112632751465,0.30037593841552734,0.2602543532848358,0.20974311232566833
1562,1562,0.0018473481759428978,,,,,,,,,
1563,1563,,,0.9414686560630798,0.8191553950309753,0.7864457964897156,0.9540104269981384,0.1430010348558426,0.3001020848751068,0.2601139545440674,0.20974311232566833
1563,1563,0.001844723359681666,,,,,,,,,
1564,1564,,,0.9414206147193909,0.8191934823989868,0.7864463329315186,0.9536173939704895,0.1428021937608719,0.29990336298942566,0.25994476675987244,0.20974311232566833
1564,1564,0.0018421013373881578,,,,,,,,,
1565,1565,,,0.9414677619934082,0.8191132545471191,0.7863892912864685,0.9533190727233887,0.14258430898189545,0.2996314465999603,0.2597973048686981,0.20974311232566833
1565,1565,0.0018394874641671777,,,,,,,,,
1566,1566,,,0.9414868354797363,0.8191777467727661,0.7864009141921997,0.9529341459274292,0.14239837229251862,0.29943710565567017,0.2596376836299896,0.20974311232566833
1566,1566,0.0018368770834058523,,,,,,,,,
1567,1567,,,0.9414721727371216,0.819068431854248,0.7863317728042603,0.9526365399360657,0.14217175543308258,0.29916492104530334,0.2594848573207855,0.20974311232566833
1567,1567,0.0018342772964388132,,,,,,,,,
1568,1568,,,0.9415477514266968,0.81916344165802,0.7863567471504211,0.9522516131401062,0.1419995129108429,0.2989775836467743,0.25933191180229187,0.20974311232566833
1568,1568,0.0018316828645765781,,,,,,,,,
1569,1569,,,0.9414820075035095,0.8190190196037292,0.7862723469734192,0.951959490776062,0.14176350831985474,0.2986980676651001,0.2591746747493744,0.20974311232566833
1569,1569,0.0018290956504642963,,,,,,,,,
1570,1570,,,0.9416031241416931,0.8191551566123962,0.7863150835037231,0.9515697956085205,0.1416058987379074,0.29852619767189026,0.25902777910232544,0.20974311232566833
1570,1570,0.0018265172839164734,,,,,,,,,
1571,1571,,,0.9414994716644287,0.8189645409584045,0.7862097024917603,0.9512943625450134,0.14135849475860596,0.29823383688926697,0.258869469165802,0.20974311232566833
1571,1571,0.0018239431083202362,,,,,,,,,
1572,1572,,,0.9416543245315552,0.8191548585891724,0.786277174949646,0.9508857727050781,0.14121747016906738,0.2980836033821106,0.2587246894836426,0.20974311232566833
1572,1572,0.001821379759348929,,,,,,,,,
1573,1573,,,0.9415209293365479,0.8189003467559814,0.7861416935920715,0.9506397247314453,0.14095517992973328,0.29776671528816223,0.2585673928260803,0.20974311232566833
1573,1573,0.001818824908696115,,,,,,,,,
1574,1574,,,0.9417002201080322,0.8191672563552856,0.7862449884414673,0.9501979351043701,0.1408359259366989,0.2976531386375427,0.2584226131439209,0.20974311232566833
1574,1574,0.0018162872875109315,,,,,,,,,
1575,1575,,,0.941550612449646,0.8188180923461914,0.7860649228096008,0.9500019550323486,0.14055323600769043,0.29729557037353516,0.25827035307884216,0.20974311232566833
1575,1575,0.0018137629376724362,,,,,,,,,
1576,1576,,,0.9417416453361511,0.8192026019096375,0.7862241268157959,0.9495003819465637,0.14046403765678406,0.2972392737865448,0.25812098383903503,0.20974311232566833
1576,1576,0.0018112686229869723,,,,,,,,,
1577,1577,,,0.9415856003761292,0.8187057971954346,0.7859732508659363,0.9493867754936218,0.1401490867137909,0.2968129813671112,0.25797829031944275,0.20974311232566833
1577,1577,0.0018088105134665966,,,,,,,,,
1578,1578,,,0.941775381565094,0.8192756772041321,0.7862211465835571,0.9487829208374023,0.14010493457317352,0.29685062170028687,0.2578180432319641,0.20974311232566833
1578,1578,0.001806409447453916,,,,,,,,,
1579,1579,,,0.9416343569755554,0.8185440301895142,0.785855233669281,0.9488093256950378,0.13973906636238098,0.29630911350250244,0.2576943039894104,0.20974311232566833
1579,1579,0.0018041054718196392,,,,,,,,,
1580,1580,,,0.9417946934700012,0.8194184899330139,0.7862491011619568,0.9480277895927429,0.13976500928401947,0.2965031862258911,0.2575112581253052,0.20974311232566833
1580,1580,0.0018019509734585881,,,,,,,,,
1581,1581,,,0.9417076706886292,0.8182961344718933,0.7856894135475159,0.9482935070991516,0.1393144577741623,0.2957632541656494,0.25742191076278687,0.20974311232566833
1581,1581,0.0018000544514507055,,,,,,,,,
1582,1582,,,0.9417763352394104,0.8196839094161987,0.7863283753395081,0.9472005367279053,0.1394534856081009,0.29622623324394226,0.2571941018104553,0.20974311232566833
1582,1582,0.0017985855229198933,,,,,,,,,
1583,1583,,,0.9418344497680664,0.8179015517234802,0.7854350209236145,0.947887122631073,0.13886170089244843,0.29514071345329285,0.257170170545578,0.20974311232566833
1583,1583,0.001797857927158475,,,,,,,,,
1584,1584,,,0.9416845440864563,0.8201768398284912,0.7864938378334045,0.946240246295929,0.13919015228748322,0.29607880115509033,0.2568567097187042,0.20974311232566833
1584,1584,0.001798414858058095,,,,,,,,,
1585,1585,,,0.9420737028121948,0.8172574639320374,0.7850083112716675,0.9476847052574158,0.13835753500461578,0.2943824827671051,0.2569585144519806,0.20974311232566833
1585,1585,0.0018012539949268103,,,,,,,,,
1586,1586,,,0.941429615020752,0.8211012482643127,0.7867960929870605,0.9450340270996094,0.13900916278362274,0.2961779236793518,0.2564793825149536,0.20974311232566833
1586,1586,0.0018081190064549446,,,,,,,,,
1587,1587,,,0.9425540566444397,0.8162034749984741,0.7842327952384949,0.9478644728660583,0.13776066899299622,0.2933926582336426,0.2568264305591583,0.20974311232566833
1587,1587,0.001822267659008503,,,,,,,,,
1588,1588,,,0.9408380389213562,0.8228702545166016,0.7872834205627441,0.9433972239494324,0.13897107541561127,0.2967703938484192,0.2560357451438904,0.20974311232566833
1588,1588,0.0018493457464501262,,,,,,,,,
1589,1589,,,0.9435133337974548,0.8145633339881897,0.7827353477478027,0.9487586617469788,0.13700343668460846,0.29206523299217224,0.25685742497444153,0.20974311232566833
1589,1589,0.0018998963059857488,,,,,,,,,
1590,1590,,,0.9396242499351501,0.8262588977813721,0.7879003286361694,0.9410951733589172,0.13917241990566254,0.2983315885066986,0.2555084228515625,0.20974311232566833
1590,1590,0.0019906857050955296,,,,,,,,,
1591,1591,,,0.9452557563781738,0.8124193549156189,0.7800309658050537,0.9507890939712524,0.13601279258728027,0.2904369831085205,0.25718891620635986,0.20974311232566833
1591,1591,0.00215061753988266,,,,,,,,,
1592,1592,,,0.9376684427261353,0.8320760726928711,0.7882595658302307,0.938223659992218,0.139695405960083,0.3013913631439209,0.2549913823604584,0.20974311232566833
1592,1592,0.002409883076325059,,,,,,,,,
1593,1593,,,0.9473592042922974,0.8106569647789001,0.776581883430481,0.9533779621124268,0.1348814070224762,0.2889977991580963,0.2577188313007355,0.20974311232566833
1593,1593,0.0027947225607931614,,,,,,,,,
1594,1594,,,0.9367159008979797,0.8374574184417725,0.7880035638809204,0.9362042546272278,0.14026078581809998,0.3041137158870697,0.2547343671321869,0.20974311232566833
1594,1594,0.0032224617898464203,,,,,,,,,
1595,1595,,,0.9461976885795593,0.8101038336753845,0.7764217853546143,0.9518551826477051,0.13434481620788574,0.28831419348716736,0.25698915123939514,0.20974311232566833
1595,1595,0.0034963490907102823,,,,,,,,,
1596,1596,,,0.9420230984687805,0.8320882320404053,0.7874358296394348,0.9377275705337524,0.13977491855621338,0.29974669218063354,0.2548102140426636,0.20974311232566833
1596,1596,0.003263386432081461,,,,,,,,,
1597,1597,,,0.9377890825271606,0.8132935762405396,0.7820068597793579,0.9432449340820312,0.13532249629497528,0.2907492220401764,0.2542925179004669,0.20974311232566833
1597,1597,0.0025782648008316755,,,,,,,,,
1598,1598,,,0.9524457454681396,0.819818377494812,0.7843704223632812,0.9435580372810364,0.13785460591316223,0.29131290316581726,0.2557905316352844,0.20974311232566833
1598,1598,0.0019472178537398577,,,,,,,,,
1599,1599,,0.0018903684103861451,,,,,,,,
1599,1599,,,0.9296457767486572,0.8235360980033875,0.7858800292015076,0.9363535046577454,0.13667237758636475,0.2974742650985718,0.25286784768104553,0.20974311232566833
1599,1599,0.0018903684103861451,,,,,,,,,
1600,1600,,,0.954194188117981,0.8149844408035278,0.7809438705444336,0.9476482272148132,0.13571031391620636,0.28833210468292236,0.25652310252189636,0.20974311232566833
1600,1600,0.0022794276010245085,,,,,,,,,
1601,1601,,,0.9328822493553162,0.8271057605743408,0.786770761013031,0.935884952545166,0.13691559433937073,0.2976662516593933,0.2531018555164337,0.20974311232566833
1601,1601,0.0025316127575933933,,,,,,,,,
1602,1602,,,0.9429749250411987,0.8169206380844116,0.7830632925033569,0.9427747130393982,0.13507622480392456,0.28998759388923645,0.2545328736305237,0.20974311232566833
1602,1602,0.002304768655449152,,,,,,,,,
1603,1603,,,0.9468322992324829,0.8211079835891724,0.7844815254211426,0.9415642619132996,0.13644880056381226,0.2913779616355896,0.2547750473022461,0.20974311232566833
1603,1603,0.0018798611126840115,,,,,,,,,
1604,1604,,,0.9306460618972778,0.8223676681518555,0.784546971321106,0.9365494251251221,0.13564647734165192,0.2952156662940979,0.2525515854358673,0.20974311232566833
1604,1604,0.00178587029222399,,,,,,,,,
1605,1605,,,0.9546872973442078,0.8177474141120911,0.7815981507301331,0.9452348947525024,0.13609619438648224,0.2884744107723236,0.2558591067790985,0.20974311232566833
1605,1605,0.0020451585296541452,,,,,,,,,
1606,1606,,,0.9311757683753967,0.8228513598442078,0.7849547266960144,0.93656986951828,0.13563592731952667,0.29525426030158997,0.252641499042511,0.20974311232566833
1606,1606,0.002215627348050475,,,,,,,,,
1607,1607,,,0.9466777443885803,0.8196519017219543,0.7843964099884033,0.941612184047699,0.13581421971321106,0.2906741797924042,0.2546379566192627,0.20974311232566833
1607,1607,0.0020437631756067276,,,,,,,,,
1608,1608,,,0.94383704662323,0.8180684447288513,0.7841652631759644,0.9412822723388672,0.13499264419078827,0.2903040945529938,0.25422587990760803,0.20974311232566833
1608,1608,0.0017818297492340207,,,,,,,,,
1609,1609,,,0.9354338645935059,0.8231059908866882,0.7861025333404541,0.9366905689239502,0.13542956113815308,0.2944337725639343,0.25293630361557007,0.20974311232566833
1609,1609,0.0017750010592862964,,,,,,,,,
1610,1610,,,0.9505007266998291,0.8165414929389954,0.7827997803688049,0.9432382583618164,0.13479037582874298,0.2884393632411957,0.2549390196800232,0.20974311232566833
1610,1610,0.0019505104282870889,,,,,,,,,
1611,1611,,,0.9356142282485962,0.8204861879348755,0.7853220701217651,0.9368589520454407,0.13475266098976135,0.2929258644580841,0.2526695132255554,0.20974311232566833
1611,1611,0.0019945811945945024,,,,,,,,,
1612,1612,,,0.9447570443153381,0.8200165033340454,0.7851412892341614,0.9391889572143555,0.1351833939552307,0.29062995314598083,0.2537311017513275,0.20974311232566833
1612,1612,0.0018454965902492404,,,,,,,,,
1613,1613,,,0.9430975914001465,0.8163475394248962,0.7833945751190186,0.9403845071792603,0.13394498825073242,0.2889229357242584,0.25357159972190857,0.20974311232566833
1613,1613,0.001735249301418662,,,,,,,,,
1614,1614,,,0.9380970597267151,0.8230656385421753,0.7862960696220398,0.9357236623764038,0.13509058952331543,0.29319673776626587,0.2526179850101471,0.20974311232566833
1614,1614,0.0017997239483520389,,,,,,,,,
1615,1615,,,0.9453552961349487,0.8159506320953369,0.7830056548118591,0.9403866529464722,0.13366065919399261,0.28796523809432983,0.25354814529418945,0.20974311232566833
1615,1615,0.0018932694802060723,,,,,,,,,
1616,1616,,,0.940265953540802,0.8204504251480103,0.7855094075202942,0.9365147352218628,0.13432830572128296,0.2908935546875,0.25258734822273254,0.20974311232566833
1616,1616,0.0018531077075749636,,,,,,,,,
1617,1617,,,0.9407746195793152,0.8193579316139221,0.7851505875587463,0.9367141127586365,0.13394960761070251,0.29020488262176514,0.25253766775131226,0.20974311232566833
1617,1617,0.0017447321442887187,,,,,,,,,
1618,1618,,,0.945231020450592,0.8165022730827332,0.7836143970489502,0.9389187097549438,0.13332659006118774,0.2879023253917694,0.25308212637901306,0.20974311232566833
1618,1618,0.0017228347714990377,,,,,,,,,
1619,1619,,,0.9385992884635925,0.821559727191925,0.7861053347587585,0.9346122741699219,0.13393844664096832,0.29149749875068665,0.2519766390323639,0.20974311232566833
1619,1619,0.0017889135051518679,,,,,,,,,
1620,1620,,,0.9438173770904541,0.8162816166877747,0.7837271094322205,0.937903642654419,0.1328604519367218,0.2876977026462555,0.2526128590106964,0.20974311232566833
1620,1620,0.001817795680835843,,,,,,,,,
1621,1621,,,0.9434065222740173,0.8193227052688599,0.7853665351867676,0.9359092712402344,0.13357703387737274,0.28929662704467773,0.2523207366466522,0.20974311232566833
1621,1621,0.0017635257681831717,,,,,,,,,
1622,1622,,,0.9390285015106201,0.8185454607009888,0.7850611209869385,0.9348313212394714,0.13301301002502441,0.28959137201309204,0.2516597509384155,0.20974311232566833
1622,1622,0.0017118598334491253,,,,,,,,,
1623,1623,,,0.9469298124313354,0.8170483708381653,0.7840355038642883,0.9373415112495422,0.13306747376918793,0.2871741056442261,0.25259554386138916,0.20974311232566833
1623,1623,0.0017279613530263305,,,,,,,,,
1624,1624,,,0.9383513331413269,0.8194843530654907,0.7854664921760559,0.9336614012718201,0.13294324278831482,0.28984206914901733,0.25130242109298706,0.20974311232566833
1624,1624,0.0017656482523307204,,,,,,,,,
1625,1625,,,0.944266676902771,0.8173432350158691,0.7843744158744812,0.9359381198883057,0.1326162964105606,0.28749439120292664,0.25201234221458435,0.20974311232566833
1625,1625,0.0017564344452694058,,,,,,,,,
1626,1626,,,0.943061888217926,0.8181253671646118,0.7847535014152527,0.9350594282150269,0.13251502811908722,0.2878861427307129,0.2517325282096863,0.20974311232566833
1626,1626,0.001713100471533835,,,,,,,,,
1627,1627,,,0.9395543336868286,0.8190212845802307,0.7851402163505554,0.9334346055984497,0.13232021033763885,0.288768470287323,0.2511167824268341,0.20974311232566833
1627,1627,0.0016964247915893793,,,,,,,,,
1628,1628,,,0.9461415410041809,0.817308783531189,0.7839947938919067,0.9356719851493835,0.13221383094787598,0.2864830791950226,0.2518748342990875,0.20974311232566833
1628,1628,0.0017182043520733714,,,,,,,,,
1629,1629,,,0.9390233159065247,0.8189901113510132,0.7849749326705933,0.9328487515449524,0.13203661143779755,0.2884356677532196,0.25082194805145264,0.20974311232566833
1629,1629,0.0017339454498142004,,,,,,,,,
1630,1630,,,0.9441848993301392,0.8185223937034607,0.7846634984016418,0.9341569542884827,0.1321491003036499,0.28700873255729675,0.25137946009635925,0.20974311232566833
1630,1630,0.0017167959595099092,,,,,,,,,
1631,1631,,,0.942478358745575,0.8176259994506836,0.7843087911605835,0.9337873458862305,0.13164076209068298,0.28669092059135437,0.251046359539032,0.20974311232566833
1631,1631,0.0016914362786337733,,,,,,,,,
1632,1632,,,0.9410839080810547,0.8197118639945984,0.7853332161903381,0.9321700930595398,0.1319035142660141,0.28786346316337585,0.250690758228302,0.20974311232566833
1632,1632,0.0016892924904823303,,,,,,,,,
1633,1633,,,0.9443405866622925,0.8171435594558716,0.7839991450309753,0.9338607788085938,0.13131287693977356,0.28576183319091797,0.2510302662849426,0.20974311232566833
1633,1633,0.001703224959783256,,,,,,,,,
1634,1634,,,0.941156268119812,0.8191160559654236,0.7851234674453735,0.9317139983177185,0.13148833811283112,0.28718671202659607,0.2504149079322815,0.20974311232566833
1634,1634,0.0017052723560482264,,,,,,,,,
1635,1635,,,0.9431365132331848,0.8182594180107117,0.7846843600273132,0.9323131442070007,0.13130880892276764,0.286225289106369,0.2505638897418976,0.20974311232566833
1635,1635,0.0016896201996132731,,,,,,,,,
1636,1636,,,0.9430498480796814,0.8176069259643555,0.7843345999717712,0.932332456111908,0.13102403283119202,0.28573471307754517,0.2504546344280243,0.20974311232566833
1636,1636,0.0016761404694989324,,,,,,,,,
1637,1637,,,0.9414175152778625,0.8193778395652771,0.7851994633674622,0.9307655692100525,0.13124893605709076,0.28674986958503723,0.2500600814819336,0.20974311232566833
1637,1637,0.0016783243045210838,,,,,,,,,
1638,1638,,,0.9435579776763916,0.817126989364624,0.784021258354187,0.9320410490036011,0.1306973695755005,0.2850211560726166,0.25025492906570435,0.20974311232566833
1638,1638,0.001686168136075139,,,,,,,,,
1639,1639,,,0.9421684741973877,0.8190761208534241,0.7849874496459961,0.9305228590965271,0.1309940367937088,0.2861174941062927,0.24991600215435028,0.20974311232566833
1639,1639,0.0016841610195115209,,,,,,,,,
1640,1640,,,0.9420179724693298,0.8179381489753723,0.7844171524047852,0.9307207465171814,0.1305864304304123,0.2853890359401703,0.24980220198631287,0.20974311232566833
1640,1640,0.0016729860799387097,,,,,,,,,
1641,1641,,,0.9438015818595886,0.8180178999900818,0.7843672633171082,0.9308562278747559,0.13062389194965363,0.284903883934021,0.24989840388298035,0.20974311232566833
1641,1641,0.001665235380642116,,,,,,,,,
1642,1642,,,0.940852701663971,0.8187840580940247,0.7847724556922913,0.9295091032981873,0.1304905116558075,0.285674512386322,0.24939864873886108,0.20974311232566833
1642,1642,0.0016665594885125756,,,,,,,,,
1643,1643,,,0.9439284801483154,0.817700207233429,0.7841264009475708,0.9306053519248962,0.13029606640338898,0.2844184637069702,0.24972784519195557,0.20974311232566833
1643,1643,0.0016697519458830357,,,,,,,,,
1644,1644,,,0.9418677687644958,0.8186457753181458,0.7846503853797913,0.9293246865272522,0.13028106093406677,0.2851333022117615,0.24931514263153076,0.20974311232566833
1644,1644,0.001666684984229505,,,,,,,,,
1645,1645,,,0.942485511302948,0.8181707859039307,0.7843893766403198,0.9293996095657349,0.130101278424263,0.28460028767585754,0.24927708506584167,0.20974311232566833
1645,1645,0.0016589527949690819,,,,,,,,,
1646,1646,,,0.9435335993766785,0.8179937601089478,0.7842376232147217,0.9294803142547607,0.1300477534532547,0.28416600823402405,0.2492987960577011,0.20974311232566833
1646,1646,0.001653858576901257,,,,,,,,,
1647,1647,,,0.9413154125213623,0.8185369372367859,0.7845487594604492,0.928340494632721,0.1299625039100647,0.2847302258014679,0.2488775998353958,0.20974311232566833
1647,1647,0.0016540864016860723,,,,,,,,,
1648,1648,,,0.9441112279891968,0.8178171515464783,0.784096896648407,0.9290931224822998,0.12988616526126862,0.2836967706680298,0.24912580847740173,0.20974311232566833
1648,1648,0.0016552582383155823,,,,,,,,,
1649,1649,,0.0016527468105778098,,,,,,,,
1649,1649,,,0.9417407512664795,0.8182352185249329,0.7843688726425171,0.9279556274414062,0.1297215223312378,0.2841784954071045,0.2486780285835266,0.20974311232566833
1649,1649,0.0016527468105778098,,,,,,,,,
1650,1650,,,0.9432091116905212,0.818216860294342,0.7842992544174194,0.9280129671096802,0.12970273196697235,0.28373953700065613,0.24872875213623047,0.20974311232566833
1650,1650,0.0016473574796691537,,,,,,,,,
1651,1651,,,0.9429493546485901,0.8176360726356506,0.7840029001235962,0.9278722405433655,0.12941564619541168,0.2833351194858551,0.24857132136821747,0.20974311232566833
1651,1651,0.0016432097181677818,,,,,,,,,
1652,1652,,,0.9423925876617432,0.8185815811157227,0.7844570875167847,0.9269899725914001,0.12950748205184937,0.28374671936035156,0.24834808707237244,0.20974311232566833
1652,1652,0.0016421255422756076,,,,,,,,,
1653,1653,,,0.9434906244277954,0.8175436854362488,0.7838843464851379,0.9274603128433228,0.1292077898979187,0.28285467624664307,0.24839000403881073,0.20974311232566833
1653,1653,0.0016419242601841688,,,,,,,,,
1654,1654,,,0.9424962997436523,0.8183311223983765,0.7843008637428284,0.9264976382255554,0.12924136221408844,0.2832849323749542,0.24810627102851868,0.20974311232566833
1654,1654,0.0016398495063185692,,,,,,,,,
1655,1655,,,0.9430855512619019,0.817902147769928,0.7840591073036194,0.9265282154083252,0.12906014919281006,0.28279179334640503,0.24805942177772522,0.20974311232566833
1655,1655,0.0016358972061425447,,,,,,,,,
1656,1656,,,0.9431987404823303,0.8178002238273621,0.7839893102645874,0.926298201084137,0.12892833352088928,0.2825634181499481,0.24794964492321014,0.20974311232566833
1656,1656,0.001632257946766913,,,,,,,,,
1657,1657,,,0.9426678419113159,0.8182913064956665,0.7842379212379456,0.9256128668785095,0.12891529500484467,0.28277555108070374,0.2477411925792694,0.20974311232566833
1657,1657,0.00163038179744035,,,,,,,,,
1658,1658,,,0.9435113668441772,0.8174910545349121,0.7837948203086853,0.925895631313324,0.12866708636283875,0.28206339478492737,0.24774278700351715,0.20974311232566833
1658,1658,0.0016294695669785142,,,,,,,,,
1659,1659,,,0.9428080320358276,0.8182518482208252,0.7841827273368835,0.9250614643096924,0.12871770560741425,0.28241416811943054,0.24750886857509613,0.20974311232566833
1659,1659,0.0016278382390737534,,,,,,,,,
1660,1660,,,0.9431017637252808,0.8176244497299194,0.783848762512207,0.9251336455345154,0.12847349047660828,0.2818988561630249,0.24744179844856262,0.20974311232566833
1660,1660,0.0016249481122940779,,,,,,,,,
1661,1661,,,0.943469762802124,0.8178833723068237,0.7839524149894714,0.9248108267784119,0.12846197187900543,0.28183212876319885,0.24736148118972778,0.20974311232566833
1661,1661,0.0016217558877542615,,,,,,,,,
1662,1662,,,0.9426252841949463,0.8178624510765076,0.7839574217796326,0.9243031144142151,0.1282883733510971,0.2818300724029541,0.24713268876075745,0.20974311232566833
1662,1662,0.0016193578485399485,,,,,,,,,
1663,1663,,,0.9438559412956238,0.8176071047782898,0.783765435218811,0.9244535565376282,0.12820498645305634,0.28131988644599915,0.24717506766319275,0.20974311232566833
1663,1663,0.0016177867073565722,,,,,,,,,
1664,1664,,,0.94260573387146,0.8178765773773193,0.7839374542236328,0.9237068295478821,0.12809649109840393,0.28155359625816345,0.24689030647277832,0.20974311232566833
1664,1664,0.0016162038082256913,,,,,,,,,
1665,1665,,,0.9437031149864197,0.8176229000091553,0.7837504744529724,0.923854649066925,0.12801629304885864,0.2810843288898468,0.24692900478839874,0.20974311232566833
1665,1665,0.0016139508225023746,,,,,,,,,
1666,1666,,,0.9430608153343201,0.8176818490028381,0.783789336681366,0.9233928918838501,0.12789137661457062,0.28108498454093933,0.24673444032669067,0.20974311232566833
1666,1666,0.0016111991135403514,,,,,,,,,
1667,1667,,,0.9432613253593445,0.8178002238273621,0.7838272452354431,0.9231125712394714,0.12783560156822205,0.2809644937515259,0.2466421127319336,0.20974311232566833
1667,1667,0.0016085953684523702,,,,,,,,,
1668,1668,,,0.9435372352600098,0.8174642324447632,0.7836307287216187,0.9230732917785645,0.12766042351722717,0.2806083858013153,0.24657543003559113,0.20974311232566833
1668,1668,0.0016065199160948396,,,,,,,,,
1669,1669,,,0.9430316090583801,0.8178552389144897,0.7838326096534729,0.9224980473518372,0.12762032449245453,0.2807612121105194,0.246392622590065,0.20974311232566833
1669,1669,0.0016047573881223798,,,,,,,,,
1670,1670,,,0.9436705112457275,0.8174543380737305,0.7835933566093445,0.9225846529006958,0.12745870649814606,0.2803023159503937,0.2463739961385727,0.20974311232566833
1670,1670,0.0016028392128646374,,,,,,,,,
1671,1671,,,0.9431642889976501,0.8176863789558411,0.7837220430374146,0.9220660328865051,0.1273890733718872,0.2803785502910614,0.24619059264659882,0.20974311232566833
1671,1671,0.0016005528159439564,,,,,,,,,
1672,1672,,,0.9434718489646912,0.8175778985023499,0.7836417555809021,0.9219300746917725,0.12728726863861084,0.2801298201084137,0.24612250924110413,0.20974311232566833
1672,1672,0.0015980862081050873,,,,,,,,,
1673,1673,,,0.9434420466423035,0.8174419403076172,0.7835633754730225,0.921707272529602,0.1271541714668274,0.2799307107925415,0.24600887298583984,0.20974311232566833
1673,1673,0.0015957659343257546,,,,,,,,,
1674,1674,,,0.9433311820030212,0.8176931738853455,0.783687174320221,0.9212766885757446,0.127117320895195,0.2799464762210846,0.24587348103523254,0.20974311232566833
1674,1674,0.0015937215648591518,,,,,,,,,
1675,1675,,,0.9436070322990417,0.8172978162765503,0.7834622263908386,0.9212610721588135,0.12693719565868378,0.27956414222717285,0.245807945728302,0.20974311232566833
1675,1675,0.0015918129356577992,,,,,,,,,
1676,1676,,,0.9433842301368713,0.8176619410514832,0.7836465835571289,0.920756459236145,0.12692317366600037,0.2796521484851837,0.24565736949443817,0.20974311232566833
1676,1676,0.001589802443049848,,,,,,,,,
1677,1677,,,0.9435323476791382,0.8173125386238098,0.7834534049034119,0.9206793308258057,0.12674720585346222,0.2793136239051819,0.24557213485240936,0.20974311232566833
1677,1677,0.001587603590451181,,,,,,,,,
1678,1678,,,0.9436503648757935,0.8175193667411804,0.7835425138473511,0.9203444719314575,0.1267130970954895,0.27926504611968994,0.2454720139503479,0.20974311232566833
1678,1678,0.0015853095101192594,,,,,,,,,
1679,1679,,,0.9433836340904236,0.8174017667770386,0.7834798097610474,0.920060396194458,0.12656444311141968,0.27912378311157227,0.2453315258026123,0.20974311232566833
1679,1679,0.001583079225383699,,,,,,,,,
1680,1680,,,0.9438981413841248,0.8173788785934448,0.7834330797195435,0.9199340343475342,0.1264968365430832,0.27888256311416626,0.2452862411737442,0.20974311232566833
1680,1680,0.0015809935284778476,,,,,,,,,
1681,1681,,,0.943328320980072,0.8174365758895874,0.7834727764129639,0.9194880723953247,0.12637822329998016,0.2788850963115692,0.2451026439666748,0.20974311232566833
1681,1681,0.0015789881581440568,,,,,,,,,
1682,1682,,,0.9439841508865356,0.8173351883888245,0.7833747863769531,0.9194572567939758,0.12630701065063477,0.2785845696926117,0.24508525431156158,0.20974311232566833
1682,1682,0.001576958573423326,,,,,,,,,
1683,1683,,,0.9434289932250977,0.8173731565475464,0.7834035158157349,0.9190297722816467,0.12619106471538544,0.27857932448387146,0.24490660429000854,0.20974311232566833
1683,1683,0.0015748380683362484,,,,,,,,,
1684,1684,,,0.9439296126365662,0.8173686861991882,0.7833644151687622,0.9189009666442871,0.1261366903781891,0.2783539593219757,0.244862899184227,0.20974311232566833
1684,1684,0.0015726499259471893,,,,,,,,,
1685,1685,,,0.9436095356941223,0.8172420859336853,0.7832980751991272,0.9186131954193115,0.1259906142950058,0.2782224118709564,0.2447187304496765,0.20974311232566833
1685,1685,0.0015704667894169688,,,,,,,,,
1686,1686,,,0.9438549280166626,0.8174132704734802,0.7833610773086548,0.9183374643325806,0.1259622871875763,0.2781399190425873,0.24463984370231628,0.20974311232566833
1686,1686,0.0015683474484831095,,,,,,,,,
1687,1687,,,0.9437695741653442,0.8171297907829285,0.7832059860229492,0.9181832671165466,0.12579216063022614,0.27788978815078735,0.24452978372573853,0.20974311232566833
1687,1687,0.0015662903897464275,,,,,,,,,
1688,1688,,,0.943870484828949,0.8174115419387817,0.7833327054977417,0.9178175330162048,0.12578637897968292,0.2778848111629486,0.2444290667772293,0.20974311232566833
1688,1688,0.0015642474172636867,,,,,,,,,
1689,1689,,,0.9438070058822632,0.8170831799507141,0.7831518650054932,0.9176926016807556,0.1256093680858612,0.2776067852973938,0.24432364106178284,0.20974311232566833
1689,1689,0.0015621797647327185,,,,,,,,,
1690,1690,,,0.9439979791641235,0.8173463344573975,0.7832664251327515,0.9173542261123657,0.12560667097568512,0.27757856249809265,0.2442336529493332,0.20974311232566833
1690,1690,0.0015600696206092834,,,,,,,,,
1691,1691,,,0.9437789916992188,0.817086935043335,0.7831292748451233,0.9171522259712219,0.12543530762195587,0.27736321091651917,0.24410544335842133,0.20974311232566833
1691,1691,0.0015579394530504942,,,,,,,,,
1692,1692,,,0.944186806678772,0.8172607421875,0.7831862568855286,0.9169167280197144,0.12542147934436798,0.277248740196228,0.2440463751554489,0.20974311232566833
1692,1692,0.0015558208106085658,,,,,,,,,
1693,1693,,,0.943720817565918,0.8170884251594543,0.7831063270568848,0.9166060090065002,0.12525634467601776,0.27712512016296387,0.24388401210308075,0.20974311232566833
1693,1693,0.0015537390718236566,,,,,,,,,
1694,1694,,,0.9443588256835938,0.817193329334259,0.783116340637207,0.916464626789093,0.12524251639842987,0.2769334018230438,0.24385638535022736,0.20974311232566833
1694,1694,0.0015516853891313076,,,,,,,,,
1695,1695,,,0.9436914324760437,0.8170533180236816,0.7830610871315002,0.916089653968811,0.12507440149784088,0.27686211466789246,0.24366885423660278,0.20974311232566833
1695,1695,0.0015496456762775779,,,,,,,,,
1696,1696,,,0.9444881677627563,0.8171774744987488,0.7830724716186523,0.9159810543060303,0.12507939338684082,0.27665284276008606,0.24366098642349243,0.20974311232566833
1696,1696,0.001547600724734366,,,,,,,,,
1697,1697,,,0.9436976313591003,0.8169578909873962,0.7829827070236206,0.9156054258346558,0.1248834878206253,0.27656635642051697,0.2434585839509964,0.20974311232566833
1697,1697,0.0015455478569492698,,,,,,,,,
1698,1698,,,0.9445928931236267,0.8172059655189514,0.7830532193183899,0.915466845035553,0.12492911517620087,0.27639925479888916,0.24346044659614563,0.20974311232566833
1698,1698,0.001543492078781128,,,,,,,,,
1699,1699,,0.0015414581866934896,,,,,,,,
1699,1699,,,0.9436976313591003,0.816825270652771,0.7828845977783203,0.9151411056518555,0.12468530237674713,0.27625447511672974,0.24325017631053925,0.20974311232566833
1699,1699,0.0015414581866934896,,,,,,,,,
1700,1700,,,0.9447343945503235,0.8172600865364075,0.7830454111099243,0.914951503276825,0.1247936561703682,0.2761579155921936,0.24326518177986145,0.20974311232566833
1700,1700,0.0015394540969282389,,,,,,,,,
1701,1701,,,0.9436392188072205,0.8166715502738953,0.7827761173248291,0.9146695137023926,0.12448243796825409,0.2759447693824768,0.24303457140922546,0.20974311232566833
1701,1701,0.0015374993672594428,,,,,,,,,
1702,1702,,,0.9449634552001953,0.8173314929008484,0.7830373048782349,0.914451003074646,0.12467069178819656,0.27590441703796387,0.24307967722415924,0.20974311232566833
1702,1702,0.0015356000512838364,,,,,,,,,
1703,1703,,,0.9434746503829956,0.8165059685707092,0.7826609015464783,0.9141733646392822,0.12426925450563431,0.27565038204193115,0.24280506372451782,0.20974311232566833
1703,1703,0.001533770584501326,,,,,,,,,
1704,1704,,,0.9453399777412415,0.817423403263092,0.7830232977867126,0.913982093334198,0.12456371635198593,0.2756391167640686,0.24291306734085083,0.20974311232566833
1704,1704,0.0015320326201617718,,,,,,,,,
1705,1705,,,0.9431462287902832,0.8163147568702698,0.7825259566307068,0.9136496782302856,0.12403872609138489,0.27537232637405396,0.2425556629896164,0.20974311232566833
1705,1705,0.0015304444823414087,,,,,,,,,
1706,1706,,,0.9459021091461182,0.8175681829452515,0.7830051183700562,0.913537859916687,0.12448716908693314,0.2753625214099884,0.24276670813560486,0.20974311232566833
1706,1706,0.0015290753217414021,,,,,,,,,
1707,1707,,,0.942602276802063,0.8160493969917297,0.782331645488739,0.9130997061729431,0.12377899885177612,0.2750997245311737,0.24227769672870636,0.20974311232566833
1707,1707,0.001528048887848854,,,,,,,,,
1708,1708,,,0.9467338919639587,0.8178203701972961,0.7829781770706177,0.913116991519928,0.12446119636297226,0.27508991956710815,0.2426486313343048,0.20974311232566833
1708,1708,0.0015275472542271018,,,,,,,,,
1709,1709,,,0.9417484998703003,0.8156546354293823,0.7820143103599548,0.9125264883041382,0.12346324324607849,0.2748183012008667,0.24195784330368042,0.20974311232566833
1709,1709,0.0015278577338904142,,,,,,,,,
1710,1710,,,0.9479769468307495,0.8182604312896729,0.7829108238220215,0.9127163887023926,0.12451202422380447,0.2748335301876068,0.24256834387779236,0.20974311232566833
1710,1710,0.0015294031472876668,,,,,,,,,
1711,1711,,,0.9404246211051941,0.815049409866333,0.7814545035362244,0.9119263887405396,0.12305643409490585,0.27451884746551514,0.24157194793224335,0.20974311232566833
1711,1711,0.0015328762819990516,,,,,,,,,
1712,1712,,,0.9498836398124695,0.81901615858078,0.7826908826828003,0.9123495221138,0.12469003349542618,0.274604856967926,0.24254310131072998,0.20974311232566833
1712,1712,0.00153930124361068,,,,,,,,,
1713,1713,,,0.9383981823921204,0.8141400218009949,0.7804371118545532,0.9112759828567505,0.12251489609479904,0.27418965101242065,0.24107657372951508,0.20974311232566833
1713,1713,0.001550374086946249,,,,,,,,,
1714,1714,,,0.952843189239502,0.8202638030052185,0.7820305824279785,0.9120385050773621,0.12506332993507385,0.27441349625587463,0.24258975684642792,0.20974311232566833
1714,1714,0.0015684575773775578,,,,,,,,,
1715,1715,,,0.9353895783424377,0.8128364682197571,0.7785983085632324,0.910541832447052,0.12178275734186172,0.27382323145866394,0.24041152000427246,0.20974311232566833
1715,1715,0.001597404945641756,,,,,,,,,
1716,1716,,,0.9573053121566772,0.8222273588180542,0.7803839445114136,0.9118127226829529,0.12570807337760925,0.27427372336387634,0.24271386861801147,0.20974311232566833
1716,1716,0.0016418109880760312,,,,,,,,,
1717,1717,,,0.9313636422157288,0.811161458492279,0.7755767703056335,0.9096864461898804,0.12084373086690903,0.27340859174728394,0.23953431844711304,0.20974311232566833
1717,1717,0.001708522904664278,,,,,,,,,
1718,1718,,,0.9631940722465515,0.8249349594116211,0.7774500846862793,0.9116721749305725,0.12661321461200714,0.2742064893245697,0.24289245903491974,0.20974311232566833
1718,1718,0.001801451900973916,,,,,,,,,
1719,1719,,,0.9272643327713013,0.8095128536224365,0.7718721032142639,0.9087305068969727,0.11986237019300461,0.27293309569358826,0.238561749458313,0.20974311232566833
1719,1719,0.0019229832105338573,,,,,,,,,
1720,1720,,,0.9680708646774292,0.8273736238479614,0.7746968865394592,0.9114732146263123,0.12737874686717987,0.2742145359516144,0.24300360679626465,0.20974311232566833
1720,1720,0.0020539911929517984,,,,,,,,,
1721,1721,,,0.925967276096344,0.8088892102241516,0.7703889012336731,0.9079309701919556,0.11940084397792816,0.2724428176879883,0.23801882565021515,0.20974311232566833
1721,1721,0.002162422053515911,,,,,,,,,
1722,1722,,,0.9657354354858398,0.8266769051551819,0.775879979133606,0.9107811450958252,0.12695254385471344,0.27415844798088074,0.24268072843551636,0.20974311232566833
1722,1722,0.0021788193844258785,,,,,,,,,
1723,1723,,,0.9313054084777832,0.8105735182762146,0.7748595476150513,0.9078783392906189,0.1202346533536911,0.2721766531467438,0.23869788646697998,0.20974311232566833
1723,1723,0.002068185480311513,,,,,,,,,
1724,1724,,,0.9534642100334167,0.8212924599647522,0.7817004919052124,0.9091819524765015,0.12469349056482315,0.2736909091472626,0.24157994985580444,0.20974311232566833
1724,1724,0.0018429119372740388,,,,,,,,,
1725,1725,,,0.9436139464378357,0.81522136926651,0.7816382646560669,0.9087541699409485,0.12233182042837143,0.27237749099731445,0.24045895040035248,0.20974311232566833
1725,1725,0.0016143328975886106,,,,,,,,,
1726,1726,,,0.939525306224823,0.8149831891059875,0.7812452912330627,0.9073640704154968,0.12186623364686966,0.27287909388542175,0.23975464701652527,0.20974311232566833
1726,1726,0.001495575299486518,,,,,,,,,
1727,1727,,,0.955844521522522,0.8206799626350403,0.7806519865989685,0.9094285368919373,0.12442857027053833,0.27270475029945374,0.2415943592786789,0.20974311232566833
1727,1727,0.0015241737710312009,,,,,,,,,
1728,1728,,,0.9325214624404907,0.8117570281028748,0.7766392827033997,0.9065219759941101,0.12033148854970932,0.2722293734550476,0.23849627375602722,0.20974311232566833
1728,1728,0.0016386117786169052,,,,,,,,,
1729,1729,,,0.9585002064704895,0.8224815726280212,0.779392659664154,0.9090441465377808,0.12508325278759003,0.2728640139102936,0.24161255359649658,0.20974311232566833
1729,1729,0.0017322148196399212,,,,,,,,,
1730,1730,,,0.9352698922157288,0.8123259544372559,0.7780383229255676,0.9066541194915771,0.12078569084405899,0.27175602316856384,0.2387828826904297,0.20974311232566833
1730,1730,0.001731421798467636,,,,,,,,,
1731,1731,,,0.9500731825828552,0.8194178342819214,0.7822992205619812,0.9076752066612244,0.12377829104661942,0.27270886301994324,0.24072593450546265,0.20974311232566833
1731,1731,0.0016370420344173908,,,,,,,,,
1732,1732,,,0.945082426071167,0.8156917095184326,0.7818098068237305,0.9075384736061096,0.12237445265054703,0.2716574966907501,0.24008364975452423,0.20974311232566833
1732,1732,0.001526016159914434,,,,,,,,,
1733,1733,,,0.9398108720779419,0.8151378631591797,0.7813394069671631,0.9059701561927795,0.12167169898748398,0.27219077944755554,0.23923228681087494,0.20974311232566833
1733,1733,0.001476534060202539,,,,,,,,,
1734,1734,,,0.9537559151649475,0.8192513585090637,0.7811300158500671,0.908136248588562,0.12356496602296829,0.2717292904853821,0.24089911580085754,0.20974311232566833
1734,1734,0.0015067732892930508,,,,,,,,,
1735,1735,,,0.9357419013977051,0.8132057785987854,0.7790039777755737,0.9051492214202881,0.12053237110376358,0.27176207304000854,0.23840630054473877,0.20974311232566833
1735,1735,0.0015690140426158905,,,,,,,,,
1736,1736,,,0.9539923071861267,0.8195626139640808,0.7810964584350586,0.9074186682701111,0.12349839508533478,0.27159351110458374,0.2406626045703888,0.20974311232566833
1736,1736,0.0015985439531505108,,,,,,,,,
1737,1737,,,0.9395737648010254,0.8143667578697205,0.7806183099746704,0.9051681756973267,0.12109801918268204,0.2713448405265808,0.2387647032737732,0.20974311232566833
1737,1737,0.0015695947222411633,,,,,,,,,
1738,1738,,,0.9467692971229553,0.8169617056846619,0.782207727432251,0.9058244228363037,0.1223413273692131,0.27131080627441406,0.23964010179042816,0.20974311232566833
1738,1738,0.0015080847078934312,,,,,,,,,
1739,1739,,,0.947512149810791,0.8170152306556702,0.7821112871170044,0.9056327939033508,0.12236661463975906,0.2710576057434082,0.23958683013916016,0.20974311232566833
1739,1739,0.0014646559720858932,,,,,,,,,
1740,1740,,,0.9399744272232056,0.8145461082458496,0.7807230949401855,0.904219388961792,0.12101759761571884,0.27094489336013794,0.23843714594841003,0.20974311232566833
1740,1740,0.0014659313019365072,,,,,,,,,
1741,1741,,,0.9522979855537415,0.8186938166618347,0.7814141511917114,0.9058135151863098,0.12284889817237854,0.2707974314689636,0.23991619050502777,0.20974311232566833
1741,1741,0.0014968316536396742,,,,,,,,,
1742,1742,,,0.9389340877532959,0.8141369223594666,0.7802518010139465,0.9034990668296814,0.12052613496780396,0.27074897289276123,0.23805557191371918,0.20974311232566833
1742,1742,0.0015210440615192056,,,,,,,,,
1743,1743,,,0.9504668712615967,0.8177245855331421,0.7817236185073853,0.9051381945610046,0.1222279742360115,0.2704082131385803,0.23951882123947144,0.20974311232566833
1743,1743,0.0015146706718951464,,,,,,,,,
1744,1744,,,0.9431573748588562,0.8157966136932373,0.7817724347114563,0.9035459756851196,0.12116345763206482,0.2705995738506317,0.2384883612394333,0.20974311232566833
1744,1744,0.001484663924202323,,,,,,,,,
1745,1745,,,0.9449890851974487,0.8154194355010986,0.7815067172050476,0.9040217995643616,0.12121876329183578,0.27003830671310425,0.2386651635169983,0.20974311232566833
1745,1745,0.0014564025914296508,,,,,,,,,
1746,1746,,,0.9485446214675903,0.8177193403244019,0.7821657061576843,0.9038155674934387,0.12210643291473389,0.2704744338989258,0.2389962077140808,0.20974311232566833
1746,1746,0.0014494283823296428,,,,,,,,,
1747,1747,,,0.9413028359413147,0.8140825033187866,0.7804599404335022,0.9030730128288269,0.12059217691421509,0.2697657346725464,0.23795978724956512,0.20974311232566833
1747,1747,0.0014616078697144985,,,,,,,,,
1748,1748,,,0.9503018260002136,0.8181478977203369,0.7818599939346313,0.9036902189254761,0.12229947000741959,0.2701895236968994,0.23902158439159393,0.20974311232566833
1748,1748,0.001475291675888002,,,,,,,,,
1749,1749,,0.0014752456918358803,,,,,,,,
1749,1749,,,0.9420623183250427,0.814418375492096,0.7807627320289612,0.9026308655738831,0.12064004689455032,0.26965299248695374,0.2378799468278885,0.20974311232566833
1749,1749,0.0014752456918358803,,,,,,,,,
1750,1750,,,0.9477097392082214,0.8168113827705383,0.7818962335586548,0.9030566215515137,0.12159772217273712,0.2697414457798004,0.23855163156986237,0.20974311232566833
1750,1750,0.0014606504701077938,,,,,,,,,
1751,1751,,,0.9456571936607361,0.8160396814346313,0.7817471027374268,0.9025267958641052,0.12115521728992462,0.26959505677223206,0.23819072544574738,0.20974311232566833
1751,1751,0.001443327870219946,,,,,,,,,
1752,1752,,,0.9440667033195496,0.8150632977485657,0.7812015414237976,0.9022423624992371,0.12070546299219131,0.26928895711898804,0.23788559436798096,0.20974311232566833
1752,1752,0.001435208017937839,,,,,,,,,
1753,1753,,,0.9486911296844482,0.8173814415931702,0.7818832397460938,0.9023686051368713,0.12160614877939224,0.2695273756980896,0.2383735477924347,0.20974311232566833
1753,1753,0.001438557868823409,,,,,,,,,
1754,1754,,,0.9425950646400452,0.8143483400344849,0.7806302309036255,0.9016153216362,0.1203312873840332,0.2689259350299835,0.23747317492961884,0.20974311232566833
1754,1754,0.0014459638623520732,,,,,,,,,
1755,1755,,,0.9487462639808655,0.8173741698265076,0.781858503818512,0.9018112421035767,0.12159043550491333,0.2693020701408386,0.23816229403018951,0.20974311232566833
1755,1755,0.0014482681872323155,,,,,,,,,
1756,1756,,,0.9441191554069519,0.814816415309906,0.7809858322143555,0.9013195633888245,0.12056095898151398,0.2687162756919861,0.2374885231256485,0.20974311232566833
1756,1756,0.0014423377579078078,,,,,,,,,
1757,1757,,,0.9462735652923584,0.8163240551948547,0.7817684412002563,0.9010189175605774,0.12108493596315384,0.26897868514060974,0.23766285181045532,0.20974311232566833
1757,1757,0.001432265853509307,,,,,,,,,
1758,1758,,,0.9469377994537354,0.8159001469612122,0.7814801335334778,0.9011386632919312,0.12095602601766586,0.2685471475124359,0.23765809834003448,0.20974311232566833
1758,1758,0.0014247567160055041,,,,,,,,,
1759,1759,,,0.9438926577568054,0.8152530193328857,0.7812695503234863,0.9002424478530884,0.12048180401325226,0.26865047216415405,0.23714138567447662,0.20974311232566833
1759,1759,0.0014232042012736201,,,,,,,,,
1760,1760,,,0.9486398100852966,0.8165605068206787,0.7815129160881042,0.9008520245552063,0.121100515127182,0.2683582901954651,0.23767003417015076,0.20974311232566833
1760,1760,0.0014256908325478435,,,,,,,,,
1761,1761,,,0.9433861374855042,0.814998209476471,0.7810803651809692,0.8996472954750061,0.12026110291481018,0.26835769414901733,0.23685306310653687,0.20974311232566833
1761,1761,0.0014275831636041403,,,,,,,,,
1762,1762,,,0.9481700658798218,0.8162826895713806,0.7814454436302185,0.9002800583839417,0.1209363266825676,0.26806968450546265,0.23740136623382568,0.20974311232566833
1762,1762,0.0014256436843425035,,,,,,,,,
1763,1763,,,0.9447421431541443,0.8155359625816345,0.781375527381897,0.8993126749992371,0.12048584967851639,0.2681739628314972,0.23684538900852203,0.20974311232566833
1763,1763,0.0014202833408489823,,,,,,,,,
1764,1764,,,0.9463544487953186,0.8154628872871399,0.7812212705612183,0.8995746374130249,0.12057086825370789,0.2677323520183563,0.23696865141391754,0.20974311232566833
1764,1764,0.0014144503511488438,,,,,,,,,
1765,1765,,,0.946679413318634,0.8163211345672607,0.781633198261261,0.8990061283111572,0.12079392373561859,0.2679966688156128,0.23688943684101105,0.20974311232566833
1765,1765,0.0014109218027442694,,,,,,,,,
1766,1766,,,0.9449394941329956,0.8147734999656677,0.7808501720428467,0.8989464044570923,0.12019985914230347,0.2674166262149811,0.23658204078674316,0.20974311232566833
1766,1766,0.0014102279674261808,,,,,,,,,
1767,1767,,,0.9476377964019775,0.8167060017585754,0.7816586494445801,0.8986117839813232,0.12085399776697159,0.26780349016189575,0.2368093580007553,0.20974311232566833
1767,1767,0.0014107292518019676,,,,,,,,,
1768,1768,,,0.9449329376220703,0.8146432042121887,0.7807543277740479,0.8984665274620056,0.12005152553319931,0.26712659001350403,0.2363756150007248,0.20974311232566833
1768,1768,0.0014102833811193705,,,,,,,,,
1769,1769,,,0.9471017122268677,0.8164721727371216,0.7816126346588135,0.898040771484375,0.12065555900335312,0.26756951212882996,0.23654642701148987,0.20974311232566833
1769,1769,0.001407907227985561,,,,,,,,,
1770,1770,,,0.9460984468460083,0.8149700164794922,0.7808916568756104,0.898164689540863,0.12014739215373993,0.2668895721435547,0.23634162545204163,0.20974311232566833
1770,1770,0.0014042810071259737,,,,,,,,,
1771,1771,,,0.9457851052284241,0.8159348368644714,0.7814672589302063,0.8973299860954285,0.12035670131444931,0.26731717586517334,0.23616881668567657,0.20974311232566833
1771,1771,0.0014009191654622555,,,,,,,,,
1772,1772,,,0.9475433230400085,0.815355122089386,0.7809571623802185,0.897895097732544,0.12029599398374557,0.2666221857070923,0.2363290935754776,0.20974311232566833
1772,1772,0.0013989554718136787,,,,,,,,,
1773,1773,,,0.9447049498558044,0.8155832290649414,0.7813020944595337,0.8966324925422668,0.12012077867984772,0.267131507396698,0.23582296073436737,0.20974311232566833
1773,1773,0.0013984771212562919,,,,,,,,,
1774,1774,,,0.9483627080917358,0.8153732419013977,0.7808314561843872,0.8976064920425415,0.12028422206640244,0.2662857472896576,0.23623625934123993,0.20974311232566833
1774,1774,0.0013987352140247822,,,,,,,,,
1775,1775,,,0.9444558620452881,0.8157261610031128,0.7813687324523926,0.8959581851959229,0.12005289644002914,0.26703211665153503,0.23558078706264496,0.20974311232566833
1775,1775,0.0013989456929266453,,,,,,,,,
1776,1776,,,0.9483427405357361,0.8149013519287109,0.7805443406105042,0.897316575050354,0.12005754560232162,0.2658492624759674,0.23605018854141235,0.20974311232566833
1776,1776,0.0013989771250635386,,,,,,,,,
1777,1777,,,0.944848895072937,0.8163443803787231,0.7816628217697144,0.8952754735946655,0.12015017122030258,0.2670717239379883,0.23542520403862,0.20974311232566833
1777,1777,0.0013995565241202712,,,,,,,,,
1778,1778,,,0.9480355381965637,0.8140833973884583,0.7800490260124207,0.8970955610275269,0.11972232162952423,0.2652812600135803,0.23582671582698822,0.20974311232566833
1778,1778,0.0014020035741850734,,,,,,,,,
1779,1779,,,0.9451515674591064,0.8172985911369324,0.7820574641227722,0.8944497108459473,0.1203441470861435,0.26728731393814087,0.235255628824234,0.20974311232566833
1779,1779,0.0014078267849981785,,,,,,,,,
1780,1780,,,0.94820636510849,0.8131237030029297,0.7793241143226624,0.8971483111381531,0.11939571797847748,0.2645860016345978,0.2356879562139511,0.20974311232566833
1780,1780,0.0014187674969434738,,,,,,,,,
1781,1781,,,0.9446547627449036,0.8184695243835449,0.7825285196304321,0.8933225274085999,0.12053737044334412,0.26777809858322144,0.234980970621109,0.20974311232566833
1781,1781,0.0014370409771800041,,,,,,,,,
1782,1782,,,0.9494488835334778,0.8120976090431213,0.7783491611480713,0.8976547718048096,0.11909367889165878,0.26370733976364136,0.23572540283203125,0.20974311232566833
1782,1782,0.001466561108827591,,,,,,,,,
1783,1783,,,0.9429434537887573,0.8200273513793945,0.7831351161003113,0.8917780518531799,0.1206948384642601,0.26875635981559753,0.23457182943820953,0.20974311232566833
1783,1783,0.00151320721488446,,,,,,,,,
1784,1784,,,0.9519637227058411,0.8108903765678406,0.7768984436988831,0.8988069891929626,0.11875958740711212,0.2626466155052185,0.23599554598331451,0.20974311232566833
1784,1784,0.0015869579510763288,,,,,,,,,
1785,1785,,,0.9401115775108337,0.822388231754303,0.7838180065155029,0.8897996544837952,0.12091238051652908,0.2704824209213257,0.23406943678855896,0.20974311232566833
1785,1785,0.0016988236457109451,,,,,,,,,
1786,1786,,,0.9552514553070068,0.8095357418060303,0.7748412489891052,0.9005320072174072,0.11834725737571716,0.26155224442481995,0.23645174503326416,0.20974311232566833
1786,1786,0.0018622978823259473,,,,,,,,,
1787,1787,,,0.9371822476387024,0.8254483938217163,0.7843019366264343,0.8878120183944702,0.12126250565052032,0.27274471521377563,0.2336312234401703,0.20974311232566833
1787,1787,0.002073106123134494,,,,,,,,,
1788,1788,,,0.9573332071304321,0.8084982633590698,0.7731661200523376,0.9015653729438782,0.11793726682662964,0.26077449321746826,0.2366778701543808,0.20974311232566833
1788,1788,0.0023051996249705553,,,,,,,,,
1789,1789,,,0.9370314478874207,0.8267850279808044,0.7843549847602844,0.8869990706443787,0.12152586132287979,0.2733232080936432,0.2334689497947693,0.20974311232566833
1789,1789,0.0024613041896373034,,,,,,,,,
1790,1790,,,0.9544225335121155,0.8086877465248108,0.7744824886322021,0.8990610837936401,0.11792903393507004,0.26080381870269775,0.2357693910598755,0.20974311232566833
1790,1790,0.0024345992133021355,,,,,,,,,
1791,1791,,,0.9428935647010803,0.8226171731948853,0.7833629846572876,0.8887680768966675,0.12118159979581833,0.2693622410297394,0.23374517261981964,0.20974311232566833
1791,1791,0.0021510336082428694,,,,,,,,,
1792,1792,,,0.9463258385658264,0.8120511174201965,0.7787279486656189,0.8931634426116943,0.11870551854372025,0.26313117146492004,0.23400047421455383,0.20974311232566833
1792,1792,0.0017399147618561983,,,,,,,,,
1793,1793,,,0.9513015747070312,0.8156731128692627,0.7800377607345581,0.892882764339447,0.12002012133598328,0.26389580965042114,0.23452521860599518,0.20974311232566833
1793,1793,0.001433477969840169,,,,,,,,,
1794,1794,,,0.9400225877761841,0.8189278841018677,0.7820720076560974,0.8886141180992126,0.11988813430070877,0.26753804087638855,0.23308272659778595,0.20974311232566833
1794,1794,0.0013907430693507195,,,,,,,,,
1795,1795,,,0.953852117061615,0.8116452097892761,0.7763682007789612,0.8961070775985718,0.1185554563999176,0.2612799108028412,0.23503990471363068,0.20974311232566833
1795,1795,0.001558238291181624,,,,,,,,,
1796,1796,,,0.9410562515258789,0.8235427737236023,0.7829430103302002,0.8876712918281555,0.12076099961996078,0.2692970633506775,0.23324957489967346,0.20974311232566833
1796,1796,0.00174500432331115,,,,,,,,,
1797,1797,,,0.9491440653800964,0.8111571669578552,0.7760702967643738,0.8949604034423828,0.11789754033088684,0.26137253642082214,0.23432886600494385,0.20974311232566833
1797,1797,0.0017857704078778625,,,,,,,,,
1798,1798,,,0.9479002952575684,0.8212085962295532,0.7814427614212036,0.8900628089904785,0.12077780067920685,0.2664982080459595,0.23395323753356934,0.20974311232566833
1798,1798,0.0016529494896531105,,,,,,,,,
1799,1799,,0.0014719803584739566,,,,,,,,
1799,1799,,,0.9426831603050232,0.8138997554779053,0.7787835001945496,0.8910617828369141,0.11855893582105637,0.2638373374938965,0.23321275413036346,0.20974311232566833
1799,1799,0.0014719803584739566,,,,,,,,,
1800,1800,,,0.9531551003456116,0.8156115412712097,0.7788701057434082,0.8934561610221863,0.11980362981557846,0.2629762589931488,0.2346298098564148,0.20974311232566833
1800,1800,0.0013832654803991318,,,,,,,,,
1801,1801,,,0.9409947395324707,0.8187522888183594,0.781707763671875,0.8888776302337646,0.11972165107727051,0.2668571472167969,0.23311439156532288,0.20974311232566833
1801,1801,0.0014215443516150117,,,,,,,,,
1802,1802,,,0.9512033462524414,0.8120182752609253,0.7772523164749146,0.8944765329360962,0.11843715608119965,0.2616420388221741,0.2344515472650528,0.20974311232566833
1802,1802,0.0015075429109856486,,,,,,,,,
1803,1803,,,0.9458421468734741,0.8206090927124023,0.7820663452148438,0.8891473412513733,0.12041106075048447,0.2667168378829956,0.23357723653316498,0.20974311232566833
1803,1803,0.0015427741454914212,,,,,,,,,
1804,1804,,,0.9450441002845764,0.8117462396621704,0.7776561379432678,0.8920173645019531,0.117972731590271,0.2623492479324341,0.23335188627243042,0.20974311232566833
1804,1804,0.001498874044045806,,,,,,,,,
1805,1805,,,0.9517554640769958,0.817723274230957,0.780203104019165,0.8909567594528198,0.1202671155333519,0.26409316062927246,0.23401367664337158,0.20974311232566833
1805,1805,0.001422849833033979,,,,,,,,,
1806,1806,,,0.941519021987915,0.8145197629928589,0.7798038721084595,0.8889065384864807,0.11875037103891373,0.2642802298069,0.2325817197561264,0.20974311232566833
1806,1806,0.0013790247030556202,,,,,,,,,
1807,1807,,,0.9521183371543884,0.8139542937278748,0.7787221074104309,0.8920658826828003,0.11928091943264008,0.2619767189025879,0.2339283525943756,0.20974311232566833
1807,1807,0.0013853228883817792,,,,,,,,,
1808,1808,,,0.9438371658325195,0.8179529905319214,0.7816678285598755,0.8878440856933594,0.11967252194881439,0.2653104364871979,0.23274706304073334,0.20974311232566833
1808,1808,0.0014119980623945594,,,,,,,,,
1809,1809,,,0.9475482702255249,0.8120867013931274,0.7780146598815918,0.8909082412719727,0.11812097579240799,0.26153239607810974,0.23308902978897095,0.20974311232566833
1809,1809,0.0014221376040950418,,,,,,,,,
1810,1810,,,0.9495918154716492,0.8183819055557251,0.7810303568840027,0.888558030128479,0.11993201076984406,0.2641630172729492,0.2331753820180893,0.20974311232566833
1810,1810,0.0014059520326554775,,,,,,,,,
1811,1811,,,0.9431511759757996,0.8126534819602966,0.7786453366279602,0.8885685205459595,0.11791083961725235,0.2624550759792328,0.23221223056316376,0.20974311232566833
1811,1811,0.0013805230846628547,,,,,,,,,
1812,1812,,,0.9525735974311829,0.815800666809082,0.7797163128852844,0.8896664381027222,0.1195446029305458,0.26237785816192627,0.23334497213363647,0.20974311232566833
1812,1812,0.001364347874186933,,,,,,,,,
1813,1813,,,0.9432525634765625,0.8149623870849609,0.7804898023605347,0.8871379494667053,0.11873304098844528,0.26360955834388733,0.23209813237190247,0.20974311232566833
1813,1813,0.0013610213063657284,,,,,,,,,
1814,1814,,,0.950045645236969,0.8131945729255676,0.7790083289146423,0.889682412147522,0.11871465295553207,0.26142972707748413,0.23294582962989807,0.20974311232566833
1814,1814,0.001361855654977262,,,,,,,,,
1815,1815,,,0.9474503397941589,0.816866397857666,0.7812332510948181,0.8872188329696655,0.11952671408653259,0.2636435329914093,0.23251095414161682,0.20974311232566833
1815,1815,0.001359538990072906,,,,,,,,,
1816,1816,,,0.9456235766410828,0.8121973872184753,0.7785773873329163,0.8883702158927917,0.11800875514745712,0.26152610778808594,0.2321789711713791,0.20974311232566833
1816,1816,0.0013541504740715027,,,,,,,,,
1817,1817,,,0.9513221979141235,0.8166438341140747,0.7802963852882385,0.8880351781845093,0.11958382278680801,0.2626190483570099,0.23282639682292938,0.20974311232566833
1817,1817,0.0013490805868059397,,,,,,,,,
1818,1818,,,0.9435772895812988,0.8131279945373535,0.7792208194732666,0.8869785070419312,0.11801538616418839,0.26219069957733154,0.23174598813056946,0.20974311232566833
1818,1818,0.0013452329440042377,,,,,,,,,
1819,1819,,,0.951249361038208,0.814786434173584,0.7795629501342773,0.888365626335144,0.1189645379781723,0.2615455090999603,0.23269207775592804,0.20974311232566833
1819,1819,0.0013402706244960427,,,,,,,,,
1820,1820,,,0.9454449415206909,0.8150873184204102,0.7804195284843445,0.8864120841026306,0.11858668178319931,0.26259422302246094,0.23187686502933502,0.20974311232566833
1820,1820,0.0013332177186384797,,,,,,,,,
1821,1821,,,0.9479813575744629,0.8132005929946899,0.7790206074714661,0.8876920938491821,0.11817587912082672,0.26105189323425293,0.23211389780044556,0.20974311232566833
1821,1821,0.0013264443259686232,,,,,,,,,
1822,1822,,,0.9492132663726807,0.8163564801216125,0.7805244326591492,0.8865207433700562,0.1191227063536644,0.2622827887535095,0.2321625053882599,0.20974311232566833
1822,1822,0.0013233971549198031,,,,,,,,,
1823,1823,,,0.9450423717498779,0.8128373026847839,0.778805673122406,0.8864914774894714,0.11783140897750854,0.261150598526001,0.23151633143424988,0.20974311232566833
1823,1823,0.0013242923887446523,,,,,,,,,
1824,1824,,,0.9510945677757263,0.816000759601593,0.7799855470657349,0.8866794109344482,0.11914060264825821,0.2615349292755127,0.23219576478004456,0.20974311232566833
1824,1824,0.0013253557262942195,,,,,,,,,
1825,1825,,,0.9449341297149658,0.8136991262435913,0.7794743180274963,0.8854935765266418,0.11804841458797455,0.2614125609397888,0.2312907874584198,0.20974311232566833
1825,1825,0.001322528813034296,,,,,,,,,
1826,1826,,,0.9498728513717651,0.8145474791526794,0.7796211242675781,0.8863070011138916,0.11857359111309052,0.2608431577682495,0.23184309899806976,0.20974311232566833
1826,1826,0.0013153685722500086,,,,,,,,,
1827,1827,,,0.9472885131835938,0.8150666952133179,0.7802284359931946,0.8850452303886414,0.11847683787345886,0.26143959164619446,0.23139598965644836,0.20974311232566833
1827,1827,0.0013076302129775286,,,,,,,,,
1828,1828,,,0.9472148418426514,0.8133472204208374,0.7791663408279419,0.8854234218597412,0.11794070899486542,0.2604747414588928,0.23126918077468872,0.20974311232566833
1828,1828,0.001303550903685391,,,,,,,,,
1829,1829,,,0.9498106241226196,0.8158373236656189,0.7801861763000488,0.8849299550056458,0.11881069839000702,0.2611313760280609,0.23150338232517242,0.20974311232566833
1829,1829,0.0013040835037827492,,,,,,,,,
1830,1830,,,0.9455790519714355,0.8131533861160278,0.7790260910987854,0.884537935256958,0.11777615547180176,0.26043519377708435,0.2308541089296341,0.20974311232566833
1830,1830,0.0013062774669378996,,,,,,,,,
1831,1831,,,0.9503681063652039,0.8154795169830322,0.7798750996589661,0.8847230672836304,0.11877693235874176,0.26061853766441345,0.2313777208328247,0.20974311232566833
1831,1831,0.0013060729252174497,,,,,,,,,
1832,1832,,,0.9461880326271057,0.8138556480407715,0.7794582843780518,0.8839162588119507,0.11801890283823013,0.2604694962501526,0.2307485044002533,0.20974311232566833
1832,1832,0.0013018571771681309,,,,,,,,,
1833,1833,,,0.9489378333091736,0.8144288063049316,0.7795570492744446,0.8842736482620239,0.1183265671133995,0.2601625621318817,0.23103004693984985,0.20974311232566833
1833,1833,0.001295445836149156,,,,,,,,,
1834,1834,,,0.9481576681137085,0.8148787617683411,0.7798821330070496,0.8836330771446228,0.11835269629955292,0.2604258358478546,0.2308395653963089,0.20974311232566833
1834,1834,0.0012902747839689255,,,,,,,,,
1835,1835,,,0.9471147656440735,0.8135700225830078,0.7791528105735779,0.883650004863739,0.11787769943475723,0.2598664164543152,0.230617955327034,0.20974311232566833
1835,1835,0.0012884240131825209,,,,,,,,,
1836,1836,,,0.9497154951095581,0.8154388070106506,0.7798672318458557,0.8834529519081116,0.11857053637504578,0.2602296769618988,0.23087310791015625,0.20974311232566833
1836,1836,0.0012891902588307858,,,,,,,,,
1837,1837,,,0.9464098811149597,0.8133963346481323,0.7790152430534363,0.8830642104148865,0.11777222901582718,0.259718120098114,0.2303488552570343,0.20974311232566833
1837,1837,0.0012900261208415031,,,,,,,,,
1838,1838,,,0.9498326778411865,0.8151627779006958,0.7796909213066101,0.8830870389938354,0.11850807070732117,0.25988832116127014,0.23070017993450165,0.20974311232566833
1838,1838,0.001288726576603949,,,,,,,,,
1839,1839,,,0.947190523147583,0.8138427734375,0.779255211353302,0.8825927972793579,0.11794819682836533,0.2596307694911957,0.2302670031785965,0.20974311232566833
1839,1839,0.0012850351631641388,,,,,,,,,
1840,1840,,,0.9487226605415344,0.8143644332885742,0.7794256806373596,0.8825573325157166,0.11818598210811615,0.25953057408332825,0.2303706854581833,0.20974311232566833
1840,1840,0.0012804740108549595,,,,,,,,,
1841,1841,,,0.9486557245254517,0.8145108819007874,0.7795095443725586,0.8821969032287598,0.1182074099779129,0.2595210671424866,0.23025861382484436,0.20974311232566833
1841,1841,0.0012769749155268073,,,,,,,,,
1842,1842,,,0.9475610852241516,0.8136698007583618,0.7790939211845398,0.8819550275802612,0.11787979304790497,0.25920385122299194,0.23001590371131897,0.20974311232566833
1842,1842,0.0012754077324643731,,,,,,,,,
1843,1843,,,0.9496456980705261,0.814917802810669,0.7795454859733582,0.8817887306213379,0.11835961788892746,0.25934725999832153,0.23018386960029602,0.20974311232566833
1843,1843,0.0012751732720062137,,,,,,,,,
1844,1844,,,0.947257936000824,0.8134405016899109,0.7789427638053894,0.8814046382904053,0.11776403337717056,0.2589488625526428,0.2297692894935608,0.20974311232566833
1844,1844,0.0012748875888064504,,,,,,,,,
1845,1845,,,0.9496104717254639,0.8148018717765808,0.7794780731201172,0.8812815546989441,0.1182878315448761,0.2591022551059723,0.22997942566871643,0.20974311232566833
1845,1845,0.0012734774500131607,,,,,,,,,
1846,1846,,,0.9478772878646851,0.813677191734314,0.7790448665618896,0.8809638619422913,0.11783701181411743,0.2587752342224121,0.2296602874994278,0.20974311232566833
1846,1846,0.0012708392459899187,,,,,,,,,
1847,1847,,,0.9488367438316345,0.8142876625061035,0.7793136835098267,0.8807231187820435,0.11806412786245346,0.25881582498550415,0.22968707978725433,0.20974311232566833
1847,1847,0.0012676988262683153,,,,,,,,,
1848,1848,,,0.9488884210586548,0.8141067028045654,0.7791998386383057,0.8805519342422485,0.11800765991210938,0.2586241066455841,0.22959847748279572,0.20974311232566833
1848,1848,0.0012649786658585072,,,,,,,,,
1849,1849,,0.001263145706616342,,,,,,,,
1849,1849,,,0.9480583071708679,0.8137620091438293,0.7790732383728027,0.8801996111869812,0.11784310638904572,0.2585155963897705,0.22939817607402802,0.20974311232566833
1849,1849,0.001263145706616342,,,,,,,,,
1850,1850,,,0.9495704770088196,0.814416766166687,0.7792646884918213,0.8801290988922119,0.11811324954032898,0.2584800720214844,0.22950230538845062,0.20974311232566833
1850,1850,0.0012620164779946208,,,,,,,,,
1851,1851,,,0.9478611350059509,0.813491702079773,0.7789069414138794,0.8797632455825806,0.11771459877490997,0.2582440674304962,0.22919148206710815,0.20974311232566833
1851,1851,0.0012610178673639894,,,,,,,,,
1852,1852,,,0.9495645761489868,0.8144276738166809,0.7792523503303528,0.8796549439430237,0.11807161569595337,0.25831061601638794,0.2293274700641632,0.20974311232566833
1852,1852,0.0012596292654052377,,,,,,,,,
1853,1853,,,0.9482969641685486,0.81352698802948,0.778876781463623,0.8794036507606506,0.11771871894598007,0.2580142617225647,0.22907471656799316,0.20974311232566833
1853,1853,0.0012577000306919217,,,,,,,,,
1854,1854,,,0.9490822553634644,0.8141583800315857,0.7791574597358704,0.8791418075561523,0.11794020235538483,0.25809445977211,0.2290896624326706,0.20974311232566833
1854,1854,0.001255452516488731,,,,,,,,,
1855,1855,,,0.9490094780921936,0.8137531876564026,0.7789208889007568,0.8790584802627563,0.11781024187803268,0.2578189969062805,0.22899596393108368,0.20974311232566833
1855,1855,0.0012532445834949613,,,,,,,,,
1856,1856,,,0.9485403895378113,0.8138207793235779,0.7790051698684692,0.878664493560791,0.11778277158737183,0.2578526735305786,0.2288503348827362,0.20974311232566833
1856,1856,0.0012513414258137345,,,,,,,,,
1857,1857,,,0.9495594501495361,0.8139740824699402,0.7789624333381653,0.8786803483963013,0.11787144094705582,0.2576599717140198,0.22889985144138336,0.20974311232566833
1857,1857,0.001249757711775601,,,,,,,,,
1858,1858,,,0.9483350515365601,0.8135913610458374,0.7788686752319336,0.8782564997673035,0.1176559180021286,0.25760549306869507,0.22865881025791168,0.20974311232566833
1858,1858,0.0012483204482123256,,,,,,,,,
1859,1859,,,0.9496740102767944,0.8140534162521362,0.7789759635925293,0.8782382607460022,0.11785469204187393,0.2575075328350067,0.2287493795156479,0.20974311232566833
1859,1859,0.0012468122877180576,,,,,,,,,
1860,1860,,,0.9485664963722229,0.8135154247283936,0.7787898778915405,0.8779003620147705,0.11761462688446045,0.2573626637458801,0.22852179408073425,0.20974311232566833
1860,1860,0.001245112158358097,,,,,,,,,
1861,1861,,,0.9494026899337769,0.81395423412323,0.7789486646652222,0.8777447938919067,0.11778280884027481,0.2573431432247162,0.22854802012443542,0.20974311232566833
1861,1861,0.0012432486983016133,,,,,,,,,
1862,1862,,,0.9490421414375305,0.8135677576065063,0.7787643074989319,0.8775633573532104,0.11763963103294373,0.2571384608745575,0.22841690480709076,0.20974311232566833
1862,1862,0.0012413421645760536,,,,,,,,,
1863,1863,,,0.9490132927894592,0.813762366771698,0.7788808941841125,0.8772395849227905,0.11768102645874023,0.25716063380241394,0.2283274531364441,0.20974311232566833
1863,1863,0.0012395171215757728,,,,,,,,,
1864,1864,,,0.9495160579681396,0.8136543035507202,0.778749406337738,0.8772003650665283,0.11766906082630157,0.25693580508232117,0.22830785810947418,0.20974311232566833
1864,1864,0.0012378349201753736,,,,,,,,,
1865,1865,,,0.9487720727920532,0.8135995268821716,0.7787980437278748,0.8767683506011963,0.11758903414011002,0.2569586932659149,0.2281249314546585,0.20974311232566833
1865,1865,0.0012362621491774917,,,,,,,,,
1866,1866,,,0.949772834777832,0.8136999607086182,0.7787283062934875,0.8767903447151184,0.11766861379146576,0.2567465007305145,0.22816947102546692,0.20974311232566833
1866,1866,0.0012347121955826879,,,,,,,,,
1867,1867,,,0.9488130211830139,0.8135155439376831,0.7787282466888428,0.8763535618782043,0.11753696948289871,0.2567473351955414,0.22796109318733215,0.20974311232566833
1867,1867,0.0012331056641414762,,,,,,,,,
1868,1868,,,0.9497559666633606,0.813667356967926,0.7786965370178223,0.8763444423675537,0.11762452125549316,0.25656914710998535,0.2280002236366272,0.20974311232566833
1868,1868,0.0012314077466726303,,,,,,,,,
1869,1869,,,0.9490963220596313,0.8135111927986145,0.7786810398101807,0.8759818077087402,0.11752055585384369,0.25653260946273804,0.22783052921295166,0.20974311232566833
1869,1869,0.001229632180184126,,,,,,,,,
1870,1870,,,0.9495786428451538,0.8135700225830078,0.7786493301391602,0.8758769035339355,0.11755416542291641,0.2563965320587158,0.22781121730804443,0.20974311232566833
1870,1870,0.0012278391513973475,,,,,,,,,
1871,1871,,,0.9494706392288208,0.813544511795044,0.7786381840705872,0.8756356835365295,0.11752781271934509,0.25632375478744507,0.22771629691123962,0.20974311232566833
1871,1871,0.0012260806979611516,,,,,,,,,
1872,1872,,,0.9493785500526428,0.8134698271751404,0.7785956859588623,0.8754184246063232,0.11749102175235748,0.2562253773212433,0.22762341797351837,0.20974311232566833
1872,1872,0.001224388601258397,,,,,,,,,
1873,1873,,,0.949781060218811,0.8135607838630676,0.7785871624946594,0.8752856254577637,0.11753231287002563,0.2561197876930237,0.22759628295898438,0.20974311232566833
1873,1873,0.0012227555271238089,,,,,,,,,
1874,1874,,,0.9492815136909485,0.8134015202522278,0.7785441279411316,0.87498539686203,0.1174406185746193,0.2560540437698364,0.2274516224861145,0.20974311232566833
1874,1874,0.0012211559806019068,,,,,,,,,
1875,1875,,,0.9499475359916687,0.8135257363319397,0.7785242199897766,0.8749102354049683,0.11750312149524689,0.2559167444705963,0.2274564653635025,0.20974311232566833
1875,1875,0.0012195534072816372,,,,,,,,,
1876,1876,,,0.9493487477302551,0.8133795261383057,0.7785047888755798,0.8745703101158142,0.11740648001432419,0.255876749753952,0.2272978127002716,0.20974311232566833
1876,1876,0.0012179262703284621,,,,,,,,,
1877,1877,,,0.9499691724777222,0.8134398460388184,0.7784523367881775,0.874509871006012,0.11745025962591171,0.25571686029434204,0.22729754447937012,0.20974311232566833
1877,1877,0.0012162646744400263,,,,,,,,,
1878,1878,,,0.9495342373847961,0.8133998513221741,0.7784767150878906,0.874172568321228,0.11740013211965561,0.255697101354599,0.22715917229652405,0.20974311232566833
1878,1878,0.001214587246067822,,,,,,,,,
1879,1879,,,0.9499130249023438,0.8133313059806824,0.7783787250518799,0.8740897178649902,0.11739641427993774,0.2555175721645355,0.22712670266628265,0.20974311232566833
1879,1879,0.00121290551032871,,,,,,,,,
1880,1880,,,0.9497671127319336,0.8134344816207886,0.7784501314163208,0.8737804293632507,0.11740608513355255,0.2555153965950012,0.2270258218050003,0.20974311232566833
1880,1880,0.0012112399563193321,,,,,,,,,
1881,1881,,,0.9498609900474548,0.8132259845733643,0.7783073782920837,0.8736644387245178,0.11734169721603394,0.2553200423717499,0.22695498168468475,0.20974311232566833
1881,1881,0.001209594658575952,,,,,,,,,
1882,1882,,,0.9499735236167908,0.813450038433075,0.7784183025360107,0.873379647731781,0.1173991784453392,0.25533005595207214,0.22688664495944977,0.20974311232566833
1882,1882,0.0012079705484211445,,,,,,,,,
1883,1883,,,0.9498637318611145,0.8131444454193115,0.778243899345398,0.8732470273971558,0.11729316413402557,0.25512510538101196,0.22679099440574646,0.20974311232566833
1883,1883,0.0012063550530001521,,,,,,,,,
1884,1884,,,0.9500971436500549,0.8134332299232483,0.7783774137496948,0.8729721903800964,0.11737888306379318,0.25514551997184753,0.22673851251602173,0.20974311232566833
1884,1884,0.001204740023240447,,,,,,,,,
1885,1885,,,0.9499459266662598,0.8130918145179749,0.7781875729560852,0.8728399276733398,0.11726335436105728,0.25493043661117554,0.22663697600364685,0.20974311232566833
1885,1885,0.001203120918944478,,,,,,,,,
1886,1886,,,0.9501373767852783,0.8133865594863892,0.7783290147781372,0.8725528717041016,0.11735019832849503,0.25496068596839905,0.22657983005046844,0.20974311232566833
1886,1886,0.0012014907551929355,,,,,,,,,
1887,1887,,,0.9500922560691833,0.8130613565444946,0.7781350612640381,0.8724462389945984,0.11724740266799927,0.2547363042831421,0.2264925241470337,0.20974311232566833
1887,1887,0.0011998580303043127,,,,,,,,,
1888,1888,,,0.9501258134841919,0.8133222460746765,0.7782789468765259,0.8721249103546143,0.11731487512588501,0.2547800838947296,0.2264149785041809,0.20974311232566833
1888,1888,0.001198228565044701,,,,,,,,,
1889,1889,,,0.9502751231193542,0.8130357265472412,0.778081476688385,0.8720630407333374,0.11723543703556061,0.25453951954841614,0.22635363042354584,0.20974311232566833
1889,1889,0.0011966070160269737,,,,,,,,,
1890,1890,,,0.9500910043716431,0.813261866569519,0.7782341837882996,0.8716915249824524,0.11727973073720932,0.2546059787273407,0.22624821960926056,0.20974311232566833
1890,1890,0.0011949974577873945,,,,,,,,,
1891,1891,,,0.9504707455635071,0.8129957318305969,0.7780179977416992,0.8716870546340942,0.11722162365913391,0.25433480739593506,0.22621586918830872,0.20974311232566833
1891,1891,0.0011934128124266863,,,,,,,,,
1892,1892,,,0.9500671625137329,0.8132249712944031,0.7782022356987,0.8712497353553772,0.11725234985351562,0.25444158911705017,0.22608235478401184,0.20974311232566833
1892,1892,0.0011918507516384125,,,,,,,,,
1893,1893,,,0.9506537914276123,0.8129286170005798,0.7779385447502136,0.8713207244873047,0.1171984001994133,0.25411903858184814,0.22607718408107758,0.20974311232566833
1893,1893,0.0011903148842975497,,,,,,,,,
1894,1894,,,0.950056254863739,0.8132264018058777,0.7781915068626404,0.870795726776123,0.11723662167787552,0.2542942464351654,0.22591815888881683,0.20974311232566833
1894,1894,0.0011888181325048208,,,,,,,,,
1895,1895,,,0.9508296847343445,0.812818169593811,0.7778340578079224,0.8709681630134583,0.11716427654027939,0.25388479232788086,0.22593727707862854,0.20974311232566833
1895,1895,0.0011873680632561445,,,,,,,,,
1896,1896,,,0.9500415921211243,0.8132792115211487,0.7782105207443237,0.8703198432922363,0.11723775416612625,0.2541722059249878,0.225753515958786,0.20974311232566833
1896,1896,0.0011860002996399999,,,,,,,,,
1897,1897,,,0.9510217308998108,0.8126484155654907,0.7776902318000793,0.8706425428390503,0.11711668968200684,0.2536202371120453,0.22579893469810486,0.20974311232566833
1897,1897,0.0011847520945593715,,,,,,,,,
1898,1898,,,0.949988603591919,0.8133993744850159,0.7782735824584961,0.8698039054870605,0.11725596338510513,0.25409072637557983,0.22558359801769257,0.20974311232566833
1898,1898,0.0011836973717436194,,,,,,,,,
1899,1899,,0.0011829514987766743,,,,,,,,
1899,1899,,,0.9512747526168823,0.8124022483825684,0.7774876356124878,0.8703705668449402,0.11704973131418228,0.25330930948257446,0.22566978633403778,0.20974311232566833
1899,1899,0.0011829514987766743,,,,,,,,,
1900,1900,,,0.9498381018638611,0.8136260509490967,0.7784067392349243,0.8692217469215393,0.11729563027620316,0.2540799379348755,0.22540283203125,0.20974311232566833
1900,1900,0.0011827013222500682,,,,,,,,,
1901,1901,,,0.9516664743423462,0.8120386600494385,0.7771837711334229,0.8701940774917603,0.11695702373981476,0.25292232632637024,0.22556047141551971,0.20974311232566833
1901,1901,0.0011832613963633776,,,,,,,,,
1902,1902,,,0.9495014548301697,0.8140277862548828,0.7786523103713989,0.8685222864151001,0.1173713356256485,0.25419026613235474,0.22520017623901367,0.20974311232566833
1902,1902,0.001185140572488308,,,,,,,,,
1903,1903,,,0.952312707901001,0.8114894032478333,0.7767027020454407,0.870185911655426,0.11682438105344772,0.25240856409072876,0.22548824548721313,0.20974311232566833
1903,1903,0.0011892264010384679,,,,,,,,,
1904,1904,,,0.9488310217857361,0.8147413730621338,0.7790773510932922,0.8676266074180603,0.11750597506761551,0.2545243501663208,0.22496184706687927,0.20974311232566833
1904,1904,0.001196985482238233,,,,,,,,,
1905,1905,,,0.9534034729003906,0.810640275478363,0.7758973836898804,0.8704810738563538,0.11661925911903381,0.2516977787017822,0.22548623383045197,0.20974311232566833
1905,1905,0.0012109854724258184,,,,,,,,,
1906,1906,,,0.9475893974304199,0.8160373568534851,0.7797675132751465,0.8664076924324036,0.11774080246686935,0.2552773058414459,0.2246689796447754,0.20974311232566833
1906,1906,0.0012354503851383924,,,,,,,,,
1907,1907,,,0.9552417397499084,0.8093488812446594,0.7745020389556885,0.8713086247444153,0.11629000306129456,0.25071167945861816,0.22561439871788025,0.20974311232566833
1907,1907,0.0012777363881468773,,,,,,,,,
1908,1908,,,0.9454362392425537,0.8184012770652771,0.7807576060295105,0.8647147417068481,0.11814761161804199,0.25681328773498535,0.22431109845638275,0.20974311232566833
1908,1908,0.0013492668513208628,,,,,,,,,
1909,1909,,,0.9581745266914368,0.8075692653656006,0.7721353769302368,0.8729825019836426,0.11577412486076355,0.24947011470794678,0.22596876323223114,0.20974311232566833
1909,1909,0.0014686314389109612,,,,,,,,,
1910,1910,,,0.9421724677085876,0.8224611282348633,0.7818126678466797,0.862549364566803,0.11880277097225189,0.25960445404052734,0.22393333911895752,0.20974311232566833
1910,1910,0.0016582582611590624,,,,,,,,,
1911,1911,,,0.961953341960907,0.8057048320770264,0.7688197493553162,0.8754341006278992,0.11507423967123032,0.2483176290988922,0.22656503319740295,0.20974311232566833
1911,1911,0.0019425922073423862,,,,,,,,,
1912,1912,,,0.9389819502830505,0.8275399804115295,0.7822971343994141,0.8605819940567017,0.11961308866739273,0.26306086778640747,0.2236921787261963,0.20974311232566833
1912,1912,0.0023077758960425854,,,,,,,,,
1913,1913,,,0.963528573513031,0.8046512007713318,0.7669830918312073,0.8763320446014404,0.11455390602350235,0.24772298336029053,0.22671838104724884,0.20974311232566833
1913,1913,0.0026739616878330708,,,,,,,,,
1914,1914,,,0.9406810402870178,0.8279047012329102,0.7820166945457458,0.8604633212089539,0.11994703114032745,0.2625900208950043,0.22369763255119324,0.20974311232566833
1914,1914,0.002817996311932802,,,,,,,,,
1915,1915,,,0.9570402503013611,0.8054742813110352,0.7709764838218689,0.8713521957397461,0.11506769806146622,0.24830356240272522,0.22509151697158813,0.20974311232566833
1915,1915,0.0025501204654574394,,,,,,,,,
1916,1916,,,0.9514783024787903,0.8191274404525757,0.7792499661445618,0.8638909459114075,0.11904142796993256,0.25531312823295593,0.2241726815700531,0.20974311232566833
1916,1916,0.0019115667091682553,,,,,,,,,
1917,1917,,,0.9447596669197083,0.8117457628250122,0.7772790193557739,0.8638799786567688,0.11666615307331085,0.2530897855758667,0.22311821579933167,0.20974311232566833
1917,1917,0.0013408345403149724,,,,,,,,,
1918,1918,,,0.9623868465423584,0.8108014464378357,0.7730736136436462,0.8694865107536316,0.11725616455078125,0.24946220219135284,0.22528775036334991,0.20974311232566833
1918,1918,0.0012222275836393237,,,,,,,,,
1919,1919,,,0.938779354095459,0.8204159140586853,0.7801429033279419,0.8607297539710999,0.11805342137813568,0.2585090100765228,0.22282257676124573,0.20974311232566833
1919,1919,0.0015096737770363688,,,,,,,,,
1920,1920,,,0.9605591297149658,0.8086711168289185,0.7712025046348572,0.8709418773651123,0.11586235463619232,0.24847638607025146,0.22531385719776154,0.20974311232566833
1920,1920,0.001806637505069375,,,,,,,,,
1921,1921,,,0.9461277723312378,0.8207912445068359,0.7797854542732239,0.8624999523162842,0.11850497871637344,0.25639984011650085,0.22359363734722137,0.20974311232566833
1921,1921,0.0017726426012814045,,,,,,,,,
1922,1922,,,0.9484039545059204,0.810832679271698,0.7748574018478394,0.8661115169525146,0.11602234840393066,0.25100183486938477,0.22360888123512268,0.20974311232566833
1922,1922,0.0014590054051950574,,,,,,,,,
1923,1923,,,0.9596081376075745,0.8150678277015686,0.774614155292511,0.8677711486816406,0.1181676834821701,0.2511809170246124,0.22499075531959534,0.20974311232566833
1923,1923,0.0012139281025156379,,,,,,,,,
1924,1924,,,0.9393964409828186,0.815351665019989,0.7774214744567871,0.8623487949371338,0.11699971556663513,0.2555505633354187,0.22268043458461761,0.20974311232566833
1924,1924,0.0012629793491214514,,,,,,,,,
1925,1925,,,0.9631389379501343,0.8114976286888123,0.7723021507263184,0.8703749179840088,0.11737063527107239,0.24943764507770538,0.22557850182056427,0.20974311232566833
1925,1925,0.00146212347317487,,,,,,,,,
1926,1926,,,0.9432047605514526,0.8165628910064697,0.7789817452430725,0.8632135391235352,0.11750447750091553,0.25544339418411255,0.223341703414917,0.20974311232566833
1926,1926,0.001521415775641799,,,,,,,,,
1927,1927,,,0.9530258178710938,0.8114376664161682,0.7758402824401855,0.86697918176651,0.11675471812486649,0.25103065371513367,0.22428330779075623,0.20974311232566833
1927,1927,0.0013591209426522255,,,,,,,,,
1928,1928,,,0.9560115337371826,0.8135190606117249,0.7763572335243225,0.8665905594825745,0.11768945306539536,0.251451313495636,0.22450147569179535,0.20974311232566833
1928,1928,0.001175507204607129,,,,,,,,,
1929,1929,,,0.9423443675041199,0.8132829070091248,0.7774776816368103,0.8627619743347168,0.11687475442886353,0.25405430793762207,0.2227763682603836,0.20974311232566833
1929,1929,0.0011722726048901677,,,,,,,,,
1930,1930,,,0.9620150923728943,0.8117696046829224,0.7734739780426025,0.8683938980102539,0.11783069372177124,0.24970096349716187,0.22500202059745789,0.20974311232566833
1930,1930,0.0013040831545367837,,,,,,,,,
1931,1931,,,0.9428502321243286,0.8135055303573608,0.7777954936027527,0.8622617721557617,0.11708573997020721,0.2538815140724182,0.22266218066215515,0.20974311232566833
1931,1931,0.0013728891499340534,,,,,,,,,
1932,1932,,,0.9550609588623047,0.812638521194458,0.7763272523880005,0.8655906319618225,0.1175055205821991,0.2508329451084137,0.2240244597196579,0.20974311232566833
1932,1932,0.0012887469492852688,,,,,,,,,
1933,1933,,,0.9524410367012024,0.811836838722229,0.7765398025512695,0.8646897673606873,0.11695657670497894,0.2508634924888611,0.2235628366470337,0.20974311232566833
1933,1933,0.0011633180547505617,,,,,,,,,
1934,1934,,,0.946139395236969,0.8137563467025757,0.7782964706420898,0.8619985580444336,0.11701761186122894,0.25307217240333557,0.2227403074502945,0.20974311232566833
1934,1934,0.0011397103080525994,,,,,,,,,
1935,1935,,,0.9589402675628662,0.8111457228660583,0.7747673988342285,0.8662372827529907,0.117111936211586,0.2494773268699646,0.22416548430919647,0.20974311232566833
1935,1935,0.0012124554486945271,,,,,,,,,
1936,1936,,,0.9449898600578308,0.8128265142440796,0.7779144644737244,0.8615877032279968,0.11683473736047745,0.2528670132160187,0.22245776653289795,0.20974311232566833
1936,1936,0.0012624366208910942,,,,,,,,,
1937,1937,,,0.9556533098220825,0.8123496770858765,0.7765704989433289,0.864406406879425,0.11752468347549438,0.2505475878715515,0.22366438806056976,0.20974311232566833
1937,1937,0.0012232123408466578,,,,,,,,,
1938,1938,,,0.9514914751052856,0.8107364177703857,0.7764673829078674,0.8636400699615479,0.11682917177677155,0.25050535798072815,0.22309191524982452,0.20974311232566833
1938,1938,0.0011514192447066307,,,,,,,,,
1939,1939,,,0.9491649270057678,0.813849151134491,0.7785590291023254,0.8618574142456055,0.1175575703382492,0.2524278163909912,0.222843199968338,0.20974311232566833
1939,1939,0.0011329626431688666,,,,,,,,,
1940,1940,,,0.9563580751419067,0.8100599646568298,0.7751582264900208,0.8649595379829407,0.11687493324279785,0.24928531050682068,0.2235695719718933,0.20974311232566833
1940,1940,0.0011715134605765343,,,,,,,,,
1941,1941,,,0.9477608799934387,0.813174307346344,0.7782690525054932,0.8614947199821472,0.11717943847179413,0.25230661034584045,0.22258102893829346,0.20974311232566833
1941,1941,0.0012000729329884052,,,,,,,,,
1942,1942,,,0.9543206095695496,0.8114811778068542,0.7763589024543762,0.863749086856842,0.11705277115106583,0.2500858008861542,0.2232740968465805,0.20974311232566833
1942,1942,0.0011773399310186505,,,,,,,,,
1943,1943,,,0.9517114162445068,0.8111783266067505,0.7765800952911377,0.8628902435302734,0.1167488694190979,0.2503030002117157,0.22286421060562134,0.20974311232566833
1943,1943,0.0011332782451063395,,,,,,,,,
1944,1944,,,0.950145423412323,0.8133869767189026,0.777977705001831,0.8615831136703491,0.11724644899368286,0.25156083703041077,0.22266072034835815,0.20974311232566833
1944,1944,0.00111939269118011,,,,,,,,,
1945,1945,,,0.9547443985939026,0.8102572560310364,0.7752875089645386,0.8637887239456177,0.11661415547132492,0.24910423159599304,0.22308528423309326,0.20974311232566833
1945,1945,0.0011419139336794615,,,,,,,,,
1946,1946,,,0.9494472742080688,0.8137487769126892,0.7781664729118347,0.860970675945282,0.11733628809452057,0.25167131423950195,0.2224590927362442,0.20974311232566833
1946,1946,0.001162640517577529,,,,,,,,,
1947,1947,,,0.9532892107963562,0.8110350966453552,0.7760580778121948,0.8626850247383118,0.11683927476406097,0.24953706562519073,0.2227710336446762,0.20974311232566833
1947,1947,0.0011527991155162454,,,,,,,,,
1948,1948,,,0.9524720311164856,0.8123197555541992,0.7769777774810791,0.8617398142814636,0.117172010242939,0.25019019842147827,0.22259920835494995,0.20974311232566833
1948,1948,0.0011249169474467635,,,,,,,,,
1949,1949,,0.0011103276629000902,,,,,,,,
1949,1949,,,0.9503265619277954,0.8124969005584717,0.7774121165275574,0.8607181310653687,0.1170487031340599,0.25060105323791504,0.22222080826759338,0.20974311232566833
1949,1949,0.0011103276629000902,,,,,,,,,
1950,1950,,,0.9549198150634766,0.8110388517379761,0.7758232355117798,0.8621762990951538,0.11685458570718765,0.24897900223731995,0.22263376414775848,0.20974311232566833
1950,1950,0.0011189919896423817,,,,,,,,,
1951,1951,,,0.949989378452301,0.8131721615791321,0.7778498530387878,0.8598834276199341,0.11712882667779922,0.2508458197116852,0.2220144271850586,0.20974311232566833
1951,1951,0.001132485456764698,,,,,,,,,
1952,1952,,,0.9535034894943237,0.8110364079475403,0.776095449924469,0.8612936735153198,0.11675310134887695,0.24904358386993408,0.22228971123695374,0.20974311232566833
1952,1952,0.001131019787862897,,,,,,,,,
1953,1953,,,0.9526177048683167,0.8126025795936584,0.7771459221839905,0.8602349758148193,0.11722098290920258,0.249845951795578,0.22211334109306335,0.20974311232566833
1953,1953,0.001116213039495051,,,,,,,,,
1954,1954,,,0.9506986141204834,0.8118155002593994,0.7769322395324707,0.8597109317779541,0.11693143099546432,0.24975194036960602,0.22177399694919586,0.20974311232566833
1954,1954,0.001104723778553307,,,,,,,,,
1955,1955,,,0.9549149870872498,0.8117591142654419,0.7761608362197876,0.8606618642807007,0.11721087247133255,0.2488432228565216,0.22218573093414307,0.20974311232566833
1955,1955,0.0011061137774959207,,,,,,,,,
1956,1956,,,0.9498807787895203,0.8123545050621033,0.777307391166687,0.858854353427887,0.11705625802278519,0.250011682510376,0.22152380645275116,0.20974311232566833
1956,1956,0.001113497419282794,,,,,,,,,
1957,1957,,,0.9542235136032104,0.8115423917770386,0.7761536240577698,0.8602010607719421,0.1170620322227478,0.24872732162475586,0.22197464108467102,0.20974311232566833
1957,1957,0.0011146186152473092,,,,,,,,,
1958,1958,,,0.9517730474472046,0.8122351765632629,0.7769646644592285,0.859106183052063,0.11709416657686234,0.2494417428970337,0.22163152694702148,0.20974311232566833
1958,1958,0.0011066475417464972,,,,,,,,,
1959,1959,,,0.951857328414917,0.8118588924407959,0.7767113447189331,0.8590192794799805,0.11700715869665146,0.24916371703147888,0.22154811024665833,0.20974311232566833
1959,1959,0.0010974702890962362,,,,,,,,,
1960,1960,,,0.9542030096054077,0.8118577599525452,0.7762647867202759,0.8594716191291809,0.11719275265932083,0.2486458420753479,0.2217511534690857,0.20974311232566833
1960,1960,0.0010949794668704271,,,,,,,,,
1961,1961,,,0.950468122959137,0.8120735287666321,0.7769585847854614,0.8581514954566956,0.11706387996673584,0.24940335750579834,0.22123661637306213,0.20974311232566833
1961,1961,0.0010985089465975761,,,,,,,,,
1962,1962,,,0.9546412825584412,0.8117692470550537,0.776101291179657,0.8591873049736023,0.11726799607276917,0.24840503931045532,0.2216482013463974,0.20974311232566833
1962,1962,0.001101202447898686,,,,,,,,,
1963,1963,,,0.9513188600540161,0.8118434548377991,0.7767239212989807,0.8579817414283752,0.11709415167570114,0.24900251626968384,0.22116869688034058,0.20974311232566833
1963,1963,0.0010984539985656738,,,,,,,,,
1964,1964,,,0.953188955783844,0.811957597732544,0.776496171951294,0.8581894636154175,0.11725148558616638,0.24862943589687347,0.2212994545698166,0.20974311232566833
1964,1964,0.0010922143701463938,,,,,,,,,
1965,1965,,,0.9532795548439026,0.8114559054374695,0.7761937975883484,0.8580746054649353,0.11712311953306198,0.24830390512943268,0.2211950272321701,0.20974311232566833
1965,1965,0.0010876379674300551,,,,,,,,,
1966,1966,,,0.9517909288406372,0.8120940327644348,0.7767989039421082,0.8571880459785461,0.11722865700721741,0.24880927801132202,0.22094012796878815,0.20974311232566833
1966,1966,0.0010871562408283353,,,,,,,,,
1967,1967,,,0.9542545676231384,0.8114021420478821,0.7759602665901184,0.8578773736953735,0.11719419062137604,0.24794389307498932,0.22113639116287231,0.20974311232566833
1967,1967,0.001088613411411643,,,,,,,,,
1968,1968,,,0.9517115354537964,0.811873197555542,0.7766807079315186,0.8567418456077576,0.11718319356441498,0.24857918918132782,0.22075313329696655,0.20974311232566833
1968,1968,0.0010884131770581007,,,,,,,,,
1969,1969,,,0.9537704586982727,0.8116549253463745,0.7762153148651123,0.857124388217926,0.11725179851055145,0.24800747632980347,0.2209012806415558,0.20974311232566833
1969,1969,0.0010854083811864257,,,,,,,,,
1970,1970,,,0.9528173208236694,0.8114206194877625,0.7762564420700073,0.8566719889640808,0.11712981015443802,0.24800845980644226,0.22069330513477325,0.20974311232566833
1970,1970,0.0010814947308972478,,,,,,,,,
1971,1971,,,0.9527632594108582,0.8119298219680786,0.7765669822692871,0.8562371134757996,0.11728614568710327,0.24819329380989075,0.22061187028884888,0.20974311232566833
1971,1971,0.0010791195090860128,,,,,,,,,
1972,1972,,,0.9537614583969116,0.8111172914505005,0.7759193778038025,0.8565718531608582,0.11712240427732468,0.24755610525608063,0.22063793241977692,0.20974311232566833
1972,1972,0.001078772358596325,,,,,,,,,
1973,1973,,,0.9523466229438782,0.8119603991508484,0.7766479253768921,0.8557021617889404,0.11728238314390182,0.2481517642736435,0.22041882574558258,0.20974311232566833
1973,1973,0.0010789126390591264,,,,,,,,,
1974,1974,,,0.9537747502326965,0.8111715912818909,0.7759420275688171,0.8561474680900574,0.11714079976081848,0.24744734168052673,0.22049613296985626,0.20974311232566833
1974,1974,0.001077844644896686,,,,,,,,,
1975,1975,,,0.9529259204864502,0.811659038066864,0.7763758897781372,0.8555159568786621,0.11722869426012039,0.24776975810527802,0.22032538056373596,0.20974311232566833
1975,1975,0.0010753277456387877,,,,,,,,,
1976,1976,,,0.9531735181808472,0.8114206194877625,0.7761868834495544,0.855458676815033,0.11717769503593445,0.24754126369953156,0.22027651965618134,0.20974311232566833
1976,1976,0.001072517829015851,,,,,,,,,
1977,1977,,,0.9537062048912048,0.8112903833389282,0.7760106921195984,0.8554567098617554,0.11718501895666122,0.2473176121711731,0.22026830911636353,0.20974311232566833
1977,1977,0.001070615486241877,,,,,,,,,
1978,1978,,,0.9527283906936646,0.8116245865821838,0.776374101638794,0.8548816442489624,0.11723645031452179,0.24760112166404724,0.22009310126304626,0.20974311232566833
1978,1978,0.0010697917314246297,,,,,,,,,
1979,1979,,,0.9539668560028076,0.8110930919647217,0.775836169719696,0.8552260994911194,0.11716494709253311,0.24705031514167786,0.22016389667987823,0.20974311232566833
1979,1979,0.0010692597134038806,,,,,,,,,
1980,1980,,,0.9529439210891724,0.8116235136985779,0.7763292789459229,0.8545613884925842,0.11725582927465439,0.24742843210697174,0.2199835479259491,0.20974311232566833
1980,1980,0.0010681558633223176,,,,,,,,,
1981,1981,,,0.9536409974098206,0.8111076354980469,0.7759081125259399,0.8547327518463135,0.11714599281549454,0.2469979077577591,0.21998749673366547,0.20974311232566833
1981,1981,0.0010663034627214074,,,,,,,,,
1982,1982,,,0.9536077380180359,0.8114493489265442,0.7761141061782837,0.8544331789016724,0.11724244803190231,0.24710409343242645,0.21992850303649902,0.20974311232566833
1982,1982,0.0010642079869285226,,,,,,,,,
1983,1983,,,0.9530871510505676,0.811227560043335,0.7760800719261169,0.854178786277771,0.11715491116046906,0.24704304337501526,0.21979902684688568,0.20974311232566833
1983,1983,0.0010624753776937723,,,,,,,,,
1984,1984,,,0.9541143178939819,0.8112444281578064,0.7759073376655579,0.8542689085006714,0.11723785847425461,0.24680078029632568,0.21985435485839844,0.20974311232566833
1984,1984,0.0010612899204716086,,,,,,,,,
1985,1985,,,0.952912449836731,0.8112789988517761,0.776146411895752,0.8537144064903259,0.11718858778476715,0.24698929488658905,0.2196424901485443,0.20974311232566833
1985,1985,0.0010603440459817648,,,,,,,,,
1986,1986,,,0.9541603922843933,0.8111322522163391,0.7758370637893677,0.8539107441902161,0.11723127216100693,0.24662281572818756,0.21971645951271057,0.20974311232566833
1986,1986,0.0010592073667794466,,,,,,,,,
1987,1987,,,0.9532482028007507,0.8112335205078125,0.7760668396949768,0.8534101843833923,0.11721114814281464,0.24678684771060944,0.21953877806663513,0.20974311232566833
1987,1987,0.0010576874483376741,,,,,,,,,
1988,1988,,,0.9538052678108215,0.8111268281936646,0.7759018540382385,0.8534138798713684,0.11721653491258621,0.24657310545444489,0.21953655779361725,0.20974311232566833
1988,1988,0.0010559422662481666,,,,,,,,,
1989,1989,,,0.953801155090332,0.8111477494239807,0.7759127616882324,0.8532116413116455,0.11722462624311447,0.246523916721344,0.21946874260902405,0.20974311232566833
1989,1989,0.0010542761301621795,,,,,,,,,
1990,1990,,,0.9534509778022766,0.8111496567726135,0.7759780287742615,0.8529043793678284,0.11720773577690125,0.24653370678424835,0.21935567259788513,0.20974311232566833
1990,1990,0.0010528851998969913,,,,,,,,,
1991,1991,,,0.9542458057403564,0.8110722899436951,0.7757832407951355,0.852956235408783,0.11723719537258148,0.24629025161266327,0.21937930583953857,0.20974311232566833
1991,1991,0.00105171964969486,,,,,,,,,
1992,1992,,,0.9533849954605103,0.8111194968223572,0.7759695649147034,0.8525023460388184,0.11720338463783264,0.2464217096567154,0.21921125054359436,0.20974311232566833
1992,1992,0.0010505884420126677,,,,,,,,,
1993,1993,,,0.9543367028236389,0.8110631704330444,0.775759220123291,0.8526062369346619,0.11725088953971863,0.2461605817079544,0.2192588746547699,0.20974311232566833
1993,1993,0.001049310783855617,,,,,,,,,
1994,1994,,,0.9536320567131042,0.8110420107841492,0.7758758068084717,0.8522331118583679,0.11721061170101166,0.24623261392116547,0.21911244094371796,0.20974311232566833
1994,1994,0.0010478560579940677,,,,,,,,,
1995,1995,,,0.954160213470459,0.8110986351966858,0.7758025527000427,0.8521856665611267,0.11726683378219604,0.24610115587711334,0.21911326050758362,0.20974311232566833
1995,1995,0.0010463240323588252,,,,,,,,,
1996,1996,,,0.9540192484855652,0.8109485507011414,0.7757354974746704,0.8520084619522095,0.11722157150506973,0.24600163102149963,0.21902808547019958,0.20974311232566833
1996,1996,0.0010448493994772434,,,,,,,,,
1997,1997,,,0.9539709687232971,0.8111217617988586,0.7758377194404602,0.8517565131187439,0.11727115511894226,0.24603526294231415,0.21896247565746307,0.20974311232566833
1997,1997,0.001043502357788384,,,,,,,,,
1998,1998,,,0.9543106555938721,0.8108837604522705,0.7756267786026001,0.8517563343048096,0.11722270399332047,0.2458064705133438,0.21893605589866638,0.20974311232566833
1998,1998,0.0010422513587400317,,,,,,,,,
1999,1999,,0.0010410153772681952,,,,,,,,
1999,1999,,,0.9539281129837036,0.8110954165458679,0.7758181095123291,0.8513918519020081,0.1172620952129364,0.24592213332653046,0.21883052587509155,0.20974311232566833
1999,1999,0.0010410153772681952,,,,,,,,,
2000,2000,,,0.9544123411178589,0.8108662366867065,0.7755874395370483,0.8514184951782227,0.11722962558269501,0.24566857516765594,0.21881791949272156,0.20974311232566833
2000,2000,0.0010397183941677213,,,,,,,,,
2001,2001,,,0.9540982842445374,0.8110198974609375,0.7757331728935242,0.851086437702179,0.11726438999176025,0.24574391543865204,0.21871745586395264,0.20974311232566833
2001,2001,0.001038342365063727,,,,,,,,,
2002,2002,,,0.9543742537498474,0.8108862042427063,0.775600016117096,0.8510167002677917,0.11725315451622009,0.24557392299175262,0.2186807245016098,0.20974311232566833
2002,2002,0.0010369239607825875,,,,,,,,,
2003,2003,,,0.9543668031692505,0.8109238743782043,0.7756224870681763,0.8508110046386719,0.11727308481931686,0.24553753435611725,0.2186146378517151,0.20974311232566833
2003,2003,0.001035521156154573,,,,,,,,,
2004,2004,,,0.9542983770370483,0.8109107613563538,0.7756276726722717,0.8506081104278564,0.11727090179920197,0.2454913705587387,0.21854156255722046,0.20974311232566833
2004,2004,0.0010341719025745988,,,,,,,,,
2005,2005,,,0.9545981287956238,0.8108332753181458,0.7755254507064819,0.8505250811576843,0.11727003008127213,0.24534595012664795,0.21850889921188354,0.20974311232566833
2005,2005,0.001032876898534596,,,,,,,,,
2006,2006,,,0.9543178081512451,0.8109060525894165,0.7756239175796509,0.8502237200737,0.11727863550186157,0.24537920951843262,0.21840965747833252,0.20974311232566833
2006,2006,0.0010316087864339352,,,,,,,,,
2007,2007,,,0.9547148942947388,0.8107663989067078,0.7754634022712708,0.850192666053772,0.11726865917444229,0.2451850324869156,0.21838796138763428,0.20974311232566833
2007,2007,0.0010303320595994592,,,,,,,,,
2008,2008,,,0.9544391632080078,0.8108704686164856,0.7755776047706604,0.8498883843421936,0.11729243397712708,0.24523206055164337,0.21829186379909515,0.20974311232566833
2008,2008,0.0010290262289345264,,,,,,,,,
2009,2009,,,0.9547120332717896,0.810728907585144,0.7754398584365845,0.8498270511627197,0.11727865040302277,0.24506163597106934,0.21825699508190155,0.20974311232566833
2009,2009,0.0010276907123625278,,,,,,,,,
2010,2010,,,0.954635500907898,0.8108153939247131,0.7755035758018494,0.8495886921882629,0.11730948835611343,0.24506239593029022,0.21818497776985168,0.20974311232566833
2010,2010,0.0010263455333188176,,,,,,,,,
2011,2011,,,0.9546657800674438,0.8107012510299683,0.7754310369491577,0.8494431376457214,0.11728827655315399,0.24495254456996918,0.2181205004453659,0.20974311232566833
2011,2011,0.0010250109480693936,,,,,,,,,
2012,2012,,,0.9548527598381042,0.8107480406761169,0.7754209637641907,0.8492898344993591,0.11732175946235657,0.2448859065771103,0.21807797253131866,0.20974311232566833
2012,2012,0.001023696269840002,,,,,,,,,
2013,2013,,,0.9546476006507874,0.8106709718704224,0.7754179239273071,0.8490684032440186,0.11729695647954941,0.24483822286128998,0.2179877758026123,0.20974311232566833
2013,2013,0.0010224062716588378,,,,,,,,,
2014,2014,,,0.9550173878669739,0.8106914162635803,0.7753561735153198,0.8489798307418823,0.11733466386795044,0.24472565948963165,0.21796759963035583,0.20974311232566833
2014,2014,0.0010211258195340633,,,,,,,,,
2015,2015,,,0.9546954035758972,0.8106294274330139,0.7753868103027344,0.8487175703048706,0.1173088401556015,0.2447081357240677,0.21786344051361084,0.20974311232566833
2015,2015,0.0010198516538366675,,,,,,,,,
2016,2016,,,0.9551162719726562,0.810649037361145,0.7753135561943054,0.8486416339874268,0.11734971404075623,0.24458439648151398,0.21784839034080505,0.20974311232566833
2016,2016,0.0010185667779296637,,,,,,,,,
2017,2017,,,0.954815685749054,0.8105764985084534,0.7753345370292664,0.8483859896659851,0.11732251942157745,0.24455808103084564,0.21774573624134064,0.20974311232566833
2017,2017,0.0010172680485993624,,,,,,,,,
2018,2018,,,0.9551606178283691,0.8106164932250977,0.7752883434295654,0.8482808470726013,0.11736560612916946,0.2444593906402588,0.2177220582962036,0.20974311232566833
2018,2018,0.0010159675730392337,,,,,,,,,
2019,2019,,,0.9549667239189148,0.8105136752128601,0.7752695083618164,0.8480688333511353,0.11733641475439072,0.24439837038516998,0.2176322489976883,0.20974311232566833
2019,2019,0.0010146653512492776,,,,,,,,,
2020,2020,,,0.9551774859428406,0.8105912804603577,0.7752718329429626,0.8479129672050476,0.11738217622041702,0.24434182047843933,0.21759353578090668,0.20974311232566833
2020,2020,0.0010133716277778149,,,,,,,,,
2021,2021,,,0.9551209807395935,0.8104487061500549,0.7752014398574829,0.8477516174316406,0.11734900623559952,0.24423685669898987,0.21751852333545685,0.20974311232566833
2021,2021,0.0010120864026248455,,,,,,,,,
2022,2022,,,0.9552127122879028,0.8105664253234863,0.775251030921936,0.8475465774536133,0.11739850789308548,0.2442205846309662,0.21746592223644257,0.20974311232566833
2022,2022,0.0010108096757903695,,,,,,,,,
2023,2023,,,0.9552478790283203,0.8103876709938049,0.7751400470733643,0.8474265336990356,0.11736004799604416,0.24408157169818878,0.2174019068479538,0.20974311232566833
2023,2023,0.0010095414472743869,,,,,,,,,
2024,2024,,,0.9552817344665527,0.810542643070221,0.7752236127853394,0.8471950888633728,0.11741793900728226,0.2440945953130722,0.217344269156456,0.20974311232566833
2024,2024,0.0010082770604640245,,,,,,,,,
2025,2025,,,0.9553362131118774,0.810328483581543,0.7750886678695679,0.8470929861068726,0.11737168580293655,0.24393635988235474,0.21728213131427765,0.20974311232566833
2025,2025,0.0010070162825286388,,,,,,,,,
2026,2026,,,0.9553914070129395,0.8105178475379944,0.775187611579895,0.8468562364578247,0.11744093149900436,0.2439601868391037,0.21722763776779175,0.20974311232566833
2026,2026,0.001005754922516644,,,,,,,,,
2027,2027,,,0.9553914666175842,0.8102678656578064,0.7750434875488281,0.8467505574226379,0.11738070100545883,0.24379700422286987,0.21715858578681946,0.20974311232566833
2027,2027,0.00100449298042804,,,,,,,,,
2028,2028,,,0.9555397033691406,0.8104966282844543,0.7751456499099731,0.8465291261672974,0.11746560782194138,0.24382206797599792,0.21711643040180206,0.20974311232566833
2028,2028,0.0010032351128757,,,,,,,,,
2029,2029,,,0.9554178714752197,0.810202419757843,0.7750009894371033,0.8464071750640869,0.11738516390323639,0.24366243183612823,0.2170335054397583,0.20974311232566833
2029,2029,0.0010019815526902676,,,,,,,,,
2030,2030,,,0.9557055830955505,0.810487687587738,0.7751046419143677,0.8462101817131042,0.11749465763568878,0.24368605017662048,0.21700961887836456,0.20974311232566833
2030,2030,0.0010007385862991214,,,,,,,,,
2031,2031,,,0.9554269909858704,0.8101235032081604,0.7749524712562561,0.8460652232170105,0.11738686263561249,0.24352580308914185,0.21690675616264343,0.20974311232566833
2031,2031,0.0009995091240853071,,,,,,,,,
2032,2032,,,0.9558889865875244,0.81049644947052,0.7750678062438965,0.8458898663520813,0.11753222346305847,0.24355460703372955,0.2169049233198166,0.20974311232566833
2032,2032,0.000998293631710112,,,,,,,,,
2033,2033,,,0.9554218649864197,0.8100230097770691,0.7748925089836121,0.8457279801368713,0.11738261580467224,0.2433817982673645,0.21677829325199127,0.20974311232566833
2033,2033,0.0009971042163670063,,,,,,,,,
2034,2034,,,0.9560855627059937,0.8105335235595703,0.7750424146652222,0.84556645154953,0.11757799983024597,0.24343422055244446,0.21680304408073425,0.20974311232566833
2034,2034,0.0009959398303180933,,,,,,,,,
2035,2035,,,0.9553967714309692,0.8098894357681274,0.7748161554336548,0.845398485660553,0.11736638844013214,0.24322737753391266,0.21664762496948242,0.20974311232566833
2035,2035,0.0009948192164301872,,,,,,,,,
2036,2036,,,0.9563074707984924,0.8106154203414917,0.7750338315963745,0.8452374339103699,0.1176367923617363,0.2433292269706726,0.21670541167259216,0.20974311232566833
2036,2036,0.0009937542490661144,,,,,,,,,
2037,2037,,,0.9553419351577759,0.8097038269042969,0.7747126817703247,0.8450769186019897,0.11733385175466537,0.24305607378482819,0.21651211380958557,0.20974311232566833
2037,2037,0.0009927782230079174,,,,,,,,,
2038,2038,,,0.9565796852111816,0.8107651472091675,0.7750461101531982,0.8448997139930725,0.1177186444401741,0.24324484169483185,0.21661415696144104,0.20974311232566833
2038,2038,0.000991926877759397,,,,,,,,,
2039,2039,,,0.9552224278450012,0.809439480304718,0.7745680809020996,0.8447659015655518,0.11727622151374817,0.2428620457649231,0.21636787056922913,0.20974311232566833
2039,2039,0.0009912699460983276,,,,,,,,,
2040,2040,,,0.9569369554519653,0.8110227584838867,0.7750821709632874,0.8445536494255066,0.11783641576766968,0.24319243431091309,0.2165343314409256,0.20974311232566833
2040,2040,0.0009909089421853423,,,,,,,,,
2041,2041,,,0.9549981951713562,0.8090526461601257,0.7743523120880127,0.844466507434845,0.11717678606510162,0.24263247847557068,0.21620765328407288,0.20974311232566833
2041,2041,0.0009910052176564932,,,,,,,,,
2042,2042,,,0.9574437737464905,0.8114609122276306,0.7751359939575195,0.8441951870918274,0.11801044642925262,0.24318784475326538,0.21647217869758606,0.20974311232566833
2042,2042,0.0009918112773448229,,,,,,,,,
2043,2043,,,0.9545989036560059,0.8084790110588074,0.7740082144737244,0.8441855311393738,0.11700914800167084,0.24234752357006073,0.21602055430412292,0.20974311232566833
2043,2043,0.000993733643554151,,,,,,,,,
2044,2044,,,0.9581984877586365,0.8122038245201111,0.7751602530479431,0.843818724155426,0.11827605962753296,0.24326249957084656,0.21643567085266113,0.20974311232566833
2044,2044,0.0009974001441150904,,,,,,,,,
2045,2045,,,0.9539247751235962,0.8076258301734924,0.7734275460243225,0.8439379930496216,0.1167316809296608,0.24197550117969513,0.21579037606716156,0.20974311232566833
2045,2045,0.001003859331831336,,,,,,,,,
2046,2046,,,0.959362268447876,0.8134745955467224,0.7750088572502136,0.843413233757019,0.11869107931852341,0.24347083270549774,0.21643294394016266,0.20974311232566833
2046,2046,0.0010146984132006764,,,,,,,,,
2047,2047,,,0.9528493285179138,0.8063727021217346,0.772398829460144,0.8437455296516418,0.1162811666727066,0.2414657026529312,0.21549037098884583,0.20974311232566833
2047,2047,0.00103260506875813,,,,,,,,,
2048,2048,,,0.961176335811615,0.8156633973121643,0.7743973731994629,0.8429586887359619,0.11934596300125122,0.2439044862985611,0.2164728343486786,0.20974311232566833
2048,2048,0.001061453833244741,,,,,,,,,
2049,2049,,0.0011077930685132742,,,,,,,,
2049,2049,,,0.9512519836425781,0.8046531081199646,0.7705835700035095,0.8436576724052429,0.1155797615647316,0.240757018327713,0.21509364247322083,0.20974311232566833
2049,2049,0.0011077930685132742,,,,,,,,,
2050,2050,,,0.9639133214950562,0.8193687796592712,0.7729106545448303,0.8424305319786072,0.12035314738750458,0.24470895528793335,0.2165669947862625,0.20974311232566833
2050,2050,0.0011798508930951357,,,,,,,,,
2051,2051,,,0.9492288827896118,0.80265873670578,0.7676696181297302,0.8437550067901611,0.1145821362733841,0.2398117184638977,0.21460887789726257,0.20974311232566833
2051,2051,0.0012906445190310478,,,,,,,,,
2052,2052,,,0.9674320220947266,0.8250241279602051,0.7705127000808716,0.8417974710464478,0.12173069268465042,0.24602758884429932,0.2167232632637024,0.20974311232566833
2052,2052,0.001449447008781135,,,,,,,,,
2053,2053,,,0.947636067867279,0.8010952472686768,0.7642016410827637,0.8441344499588013,0.11348296701908112,0.23875382542610168,0.21419702470302582,0.20974311232566833
2053,2053,0.0016654739156365395,,,,,,,,,
2054,2054,,,0.9696542024612427,0.8307991623878479,0.7687075138092041,0.8410120010375977,0.1229994148015976,0.24765747785568237,0.21683311462402344,0.20974311232566833
2054,2054,0.0019098614575341344,,,,,,,,,
2055,2055,,,0.9485983848571777,0.8006328344345093,0.7629052400588989,0.8447321653366089,0.11308401077985764,0.23806247115135193,0.21425651013851166,0.20974311232566833
2055,2055,0.0021309289149940014,,,,,,,,,
2056,2056,,,0.9656588435173035,0.8297200798988342,0.7709816694259644,0.8399586081504822,0.1227346807718277,0.24828451871871948,0.21645914018154144,0.20974311232566833
2056,2056,0.002197989961132407,,,,,,,,,
2057,2057,,,0.9545847177505493,0.8018166422843933,0.7667951583862305,0.8450325131416321,0.11456101387739182,0.23843418061733246,0.2151130735874176,0.20974311232566833
2057,2057,0.0020421522203832865,,,,,,,,,
2058,2058,,,0.9549124836921692,0.8184146285057068,0.7772248387336731,0.8388595581054688,0.11994338780641556,0.24628187716007233,0.21535636484622955,0.20974311232566833
2058,2058,0.0016778049757704139,,,,,,,,,
2059,2059,,,0.964664876461029,0.8082824945449829,0.7708823680877686,0.8445125222206116,0.11774527281522751,0.24014557898044586,0.21629567444324493,0.20974311232566833
2059,2059,0.0013113643508404493,,,,,,,,,
2060,2060,,,0.9458792805671692,0.8077343702316284,0.7730278372764587,0.8388553261756897,0.1163737028837204,0.24297241866588593,0.21377719938755035,0.20974311232566833
2060,2060,0.0011392722371965647,,,,,,,,,
2061,2061,,,0.970775842666626,0.8180580139160156,0.7678545117378235,0.8432525396347046,0.12045619636774063,0.24245025217533112,0.2166011780500412,0.20974311232566833
2061,2061,0.0012010143836960196,,,,,,,,,
2062,2062,,,0.9448234438896179,0.8045668005943298,0.7684520483016968,0.8401514887809753,0.11490597575902939,0.24080254137516022,0.21342895925045013,0.20974311232566833
2062,2062,0.0013531888835132122,,,,,,,,,
2063,2063,,,0.9649942517280579,0.8197652697563171,0.7710400819778442,0.8414964079856873,0.12066039443016052,0.24389421939849854,0.21612776815891266,0.20974311232566833
2063,2063,0.0013993593165650964,,,,,,,,,
2064,2064,,,0.953105628490448,0.8066509962081909,0.7712256908416748,0.8418123722076416,0.11646752804517746,0.24025025963783264,0.21469397842884064,0.20974311232566833
2064,2064,0.0012786895968019962,,,,,,,,,
2065,2065,,,0.9527165293693542,0.8129904270172119,0.7759159207344055,0.8394706845283508,0.11854315549135208,0.24354015290737152,0.21484629809856415,0.20974311232566833
2065,2065,0.0010954330209642649,,,,,,,,,
2066,2066,,,0.9655531644821167,0.8120427131652832,0.7708221673965454,0.8433670401573181,0.1189732775092125,0.2409363090991974,0.2161874771118164,0.20974311232566833
2066,2066,0.001020370633341372,,,,,,,,,
2067,2067,,,0.9457064270973206,0.8077368140220642,0.7723813652992249,0.8382426500320435,0.11638399213552475,0.2424507588148117,0.21347051858901978,0.20974311232566833
2067,2067,0.0010990091832354665,,,,,,,,,
2068,2068,,,0.9701864123344421,0.8150616884231567,0.76869136095047,0.8433676958084106,0.11984460055828094,0.24151533842086792,0.21647635102272034,0.20974311232566833
2068,2068,0.0012200821656733751,,,,,,,,,
2069,2069,,,0.9481930136680603,0.8074116110801697,0.7727956175804138,0.8386797904968262,0.1164381355047226,0.24197962880134583,0.21373677253723145,0.20974311232566833
2069,2069,0.0012433869997039437,,,,,,,,,
2070,2070,,,0.9623228907585144,0.8115766048431396,0.7730225324630737,0.841465175151825,0.11869901418685913,0.24133124947547913,0.215584397315979,0.20974311232566833
2070,2070,0.0011337011819705367,,,,,,,,,
2071,2071,,,0.957527220249176,0.8109849691390991,0.7746856808662415,0.8399233818054199,0.1183939278125763,0.24181124567985535,0.21495865285396576,0.20974311232566833
2071,2071,0.0009990126127377152,,,,,,,,,
2072,2072,,,0.9522672891616821,0.8074623942375183,0.7731048464775085,0.8393362164497375,0.11701522767543793,0.2410808503627777,0.2141333967447281,0.20974311232566833
2072,2072,0.000955852388869971,,,,,,,,,
2073,2073,,,0.9649854898452759,0.8136964440345764,0.7717927098274231,0.8411633372306824,0.11944891512393951,0.24159401655197144,0.21566005051136017,0.20974311232566833
2073,2073,0.0010130784939974546,,,,,,,,,
2074,2074,,,0.9491832852363586,0.8072187900543213,0.7727916240692139,0.8380941152572632,0.11642571538686752,0.2413008064031601,0.21354001760482788,0.20974311232566833
2074,2074,0.0010810935636982322,,,,,,,,,
2075,2075,,,0.9633451700210571,0.8114341497421265,0.7723524570465088,0.8412125706672668,0.11842908710241318,0.24087537825107574,0.215465247631073,0.20974311232566833
2075,2075,0.0010800976306200027,,,,,,,,,
2076,2076,,,0.9537830352783203,0.8104051351547241,0.7751045227050781,0.8382700085639954,0.11758948117494583,0.24199990928173065,0.21423661708831787,0.20974311232566833
2076,2076,0.0010214300127699971,,,,,,,,,
2077,2077,,,0.9568527340888977,0.807527482509613,0.7726090550422668,0.8401415944099426,0.11696869879961014,0.24000293016433716,0.2145240157842636,0.20974311232566833
2077,2077,0.000973994901869446,,,,,,,,,
2078,2078,,,0.9596850872039795,0.813678503036499,0.7747396230697632,0.8389332890510559,0.11906159669160843,0.24230772256851196,0.21492643654346466,0.20974311232566833
2078,2078,0.0009810063056647778,,,,,,,,,
2079,2079,,,0.953690230846405,0.8061417937278748,0.7720373272895813,0.8391996622085571,0.11654669046401978,0.23987212777137756,0.21393130719661713,0.20974311232566833
2079,2079,0.0010163566330447793,,,,,,,,,
2080,2080,,,0.960709273815155,0.8127022385597229,0.7742121815681458,0.8390488624572754,0.11896644532680511,0.24168513715267181,0.2148936688899994,0.20974311232566833
2080,2080,0.0010261927964165807,,,,,,,,,
2081,2081,,,0.9558389186859131,0.8080946803092957,0.7735691666603088,0.8387282490730286,0.11734291166067123,0.24045468866825104,0.21416233479976654,0.20974311232566833
2081,2081,0.0009940356248989701,,,,,,,,,
2082,2082,,,0.9572955965995789,0.8089331984519958,0.7738402485847473,0.8387178182601929,0.11767498403787613,0.24057330191135406,0.21431149542331696,0.20974311232566833
2082,2082,0.000952242873609066,,,,,,,,,
2083,2083,,,0.9596044421195984,0.8114988803863525,0.7743353247642517,0.838530421257019,0.11853572726249695,0.2412014901638031,0.21458356082439423,0.20974311232566833
2083,2083,0.000940284226089716,,,,,,,,,
2084,2084,,,0.9549233317375183,0.8068915009498596,0.7725732326507568,0.8384499549865723,0.11686950922012329,0.23975329101085663,0.2138296216726303,0.20974311232566833
2084,2084,0.0009605421801097691,,,,,,,,,
2085,2085,,,0.9599593281745911,0.8125329613685608,0.7743614315986633,0.838056206703186,0.1188683807849884,0.24143247306346893,0.21451719105243683,0.20974311232566833
2085,2085,0.000982533092610538,,,,,,,,,
2086,2086,,,0.9566079378128052,0.8075072169303894,0.7726951837539673,0.8384042382240295,0.11720018833875656,0.23961344361305237,0.21393728256225586,0.20974311232566833
2086,2086,0.0009810084011405706,,,,,,,,,
2087,2087,,,0.9567673802375793,0.810703694820404,0.774691104888916,0.837230384349823,0.11818588525056839,0.2409980446100235,0.2139805406332016,0.20974311232566833
2087,2087,0.0009603936341591179,,,,,,,,,
2088,2088,,,0.960195004940033,0.8097196221351624,0.7731596231460571,0.8384748101234436,0.11810671538114548,0.23992404341697693,0.2143256962299347,0.20974311232566833
2088,2088,0.0009441906586289406,,,,,,,,,
2089,2089,,,0.9541846513748169,0.8087635636329651,0.7739502787590027,0.8366312980651855,0.11746788769960403,0.240431010723114,0.21345405280590057,0.20974311232566833
2089,2089,0.0009456581901758909,,,,,,,,,
2090,2090,,,0.9615221619606018,0.8109932541847229,0.7732552886009216,0.8381145000457764,0.11853977292776108,0.2401106357574463,0.21436497569084167,0.20974311232566833
2090,2090,0.000956021249294281,,,,,,,,,
2091,2091,,,0.9549980163574219,0.8085541725158691,0.7737936973571777,0.8364924192428589,0.11745164543390274,0.2401048243045807,0.2134106606245041,0.20974311232566833
2091,2091,0.0009583808714523911,,,,,,,,,
2092,2092,,,0.9595099687576294,0.8100407719612122,0.7737343907356262,0.8372133374214172,0.1181972548365593,0.2400018274784088,0.21395376324653625,0.20974311232566833
2092,2092,0.0009472728124819696,,,,,,,,,
2093,2093,,,0.9581401944160461,0.8096696138381958,0.7739867568016052,0.8366459012031555,0.11807937920093536,0.2400207221508026,0.2137010246515274,0.20974311232566833
2093,2093,0.0009328873711638153,,,,,,,,,
2094,2094,,,0.9565494656562805,0.808623194694519,0.7737520933151245,0.8362293839454651,0.1177736222743988,0.23978975415229797,0.21339711546897888,0.20974311232566833
2094,2094,0.0009273940813727677,,,,,,,,,
2095,2095,,,0.9605949521064758,0.8104881644248962,0.7736185193061829,0.8367437124252319,0.11864404380321503,0.23991191387176514,0.21387630701065063,0.20974311232566833
2095,2095,0.0009321250836364925,,,,,,,,,
2096,2096,,,0.9556469321250916,0.8084145188331604,0.77377849817276,0.8356160521507263,0.11778341978788376,0.23974724113941193,0.21314220130443573,0.20974311232566833
2096,2096,0.000938253419008106,,,,,,,,,
2097,2097,,,0.9602977633476257,0.8098934888839722,0.7734578847885132,0.8364784121513367,0.11849144101142883,0.2395804226398468,0.21371033787727356,0.20974311232566833
2097,2097,0.0009376942762173712,,,,,,,,,
2098,2098,,,0.9570647478103638,0.8094491362571716,0.7741699814796448,0.835403561592102,0.11816065013408661,0.23991426825523376,0.2132466435432434,0.20974311232566833
2098,2098,0.0009311374742537737,,,,,,,,,
2099,2099,,0.0009253125754185021,,,,,,,,
2099,2099,,,0.9585021138191223,0.8085891008377075,0.773283064365387,0.8360342383384705,0.11798422038555145,0.23921528458595276,0.2133660912513733,0.20974311232566833
2099,2099,0.0009253125754185021,,,,,,,,,
2100,2100,,,0.9587618112564087,0.8106171488761902,0.7743012309074402,0.8352837562561035,0.11864302307367325,0.24003192782402039,0.2133769690990448,0.20974311232566833
2100,2100,0.0009249136783182621,,,,,,,,,
2101,2101,,,0.9575419425964355,0.8079079389572144,0.7730517983436584,0.8355891108512878,0.11785062402486801,0.23897387087345123,0.21310441195964813,0.20974311232566833
2101,2101,0.0009281239472329617,,,,,,,,,
2102,2102,,,0.959010660648346,0.8106484413146973,0.7742282152175903,0.8349905610084534,0.11882074177265167,0.23991891741752625,0.21328751742839813,0.20974311232566833
2102,2102,0.0009297074284404516,,,,,,,,,
2103,2103,,,0.9582856297492981,0.8083151578903198,0.7731759548187256,0.8352928757667542,0.11813893169164658,0.23894523084163666,0.21308094263076782,0.20974311232566833
2103,2103,0.0009269309230148792,,,,,,,,,
2104,2104,,,0.957919716835022,0.8096693754196167,0.7741020917892456,0.8344960808753967,0.11853869259357452,0.2396073043346405,0.2129935771226883,0.20974311232566833
2104,2104,0.0009217699989676476,,,,,,,,,
2105,2105,,,0.9597557783126831,0.8091384768486023,0.7732974290847778,0.8350526094436646,0.11848442256450653,0.23901714384555817,0.21314364671707153,0.20974311232566833
2105,2105,0.0009181027417071164,,,,,,,,,
2106,2106,,,0.9570069313049316,0.8087802529335022,0.7738465666770935,0.834010660648346,0.11822862178087234,0.23927682638168335,0.21270424127578735,0.20974311232566833
2106,2106,0.0009175448794849217,,,,,,,,,
2107,2107,,,0.9604166150093079,0.8095102310180664,0.7733147740364075,0.8346696496009827,0.1186622828245163,0.238978773355484,0.2130770981311798,0.20974311232566833
2107,2107,0.0009183803340420127,,,,,,,,,
2108,2108,,,0.9572895765304565,0.8086612820625305,0.7737425565719604,0.8337093591690063,0.11827202886343002,0.23909302055835724,0.21259945631027222,0.20974311232566833
2108,2108,0.0009179283515550196,,,,,,,,,
2109,2109,,,0.9597423076629639,0.8091259002685547,0.7733699679374695,0.8341680765151978,0.11857874691486359,0.23882292211055756,0.21285603940486908,0.20974311232566833
2109,2109,0.000915311393328011,,,,,,,,,
2110,2110,,,0.9584733843803406,0.8091779351234436,0.7737869620323181,0.833537757396698,0.11854349821805954,0.23902371525764465,0.2126350700855255,0.20974311232566833
2110,2110,0.0009119610767811537,,,,,,,,,
2111,2111,,,0.9587040543556213,0.8084909319877625,0.7733289003372192,0.8336689472198486,0.11836149543523788,0.23863188922405243,0.21259339153766632,0.20974311232566833
2111,2111,0.0009097838774323463,,,,,,,,,
2112,2112,,,0.9594435691833496,0.8096012473106384,0.7737439274787903,0.8333718776702881,0.11873240023851395,0.23894822597503662,0.2126481533050537,0.20974311232566833
2112,2112,0.0009092760155908763,,,,,,,,,
2113,2113,,,0.958305835723877,0.8082404732704163,0.7732898592948914,0.8332733511924744,0.1182725727558136,0.23848311603069305,0.21241995692253113,0.20974311232566833
2113,2113,0.000909335445612669,,,,,,,,,
2114,2114,,,0.9594820141792297,0.8094604015350342,0.77367103099823,0.83311527967453,0.11870867758989334,0.23879505693912506,0.21254591643810272,0.20974311232566833
2114,2114,0.0009086047066375613,,,,,,,,,
2115,2115,,,0.9587976932525635,0.808491051197052,0.7733339071273804,0.8330364227294922,0.11840371787548065,0.23843207955360413,0.21238461136817932,0.20974311232566833
2115,2115,0.0009067606297321618,,,,,,,,,
2116,2116,,,0.9588552117347717,0.8089189529418945,0.7735790014266968,0.8327454924583435,0.11856027692556381,0.2385748028755188,0.21234577894210815,0.20974311232566833
2116,2116,0.0009045922197401524,,,,,,,,,
2117,2117,,,0.9596010446548462,0.8088899254798889,0.7733556032180786,0.8328487277030945,0.11862760782241821,0.23840303719043732,0.21238991618156433,0.20974311232566833
2117,2117,0.0009030575747601688,,,,,,,,,
2118,2118,,,0.9583591222763062,0.8084724545478821,0.7734702229499817,0.8324099779129028,0.11847258359193802,0.23839323222637177,0.2121705859899521,0.20974311232566833
2118,2118,0.0009023821330629289,,,,,,,,,
2119,2119,,,0.9599743485450745,0.8090076446533203,0.7733317613601685,0.8326161503791809,0.11875070631504059,0.23831398785114288,0.21233555674552917,0.20974311232566833
2119,2119,0.0009019976132549345,,,,,,,,,
2120,2120,,,0.958452582359314,0.8084315657615662,0.7734497785568237,0.8321504592895508,0.11851993948221207,0.2382890284061432,0.21208365261554718,0.20974311232566833
2120,2120,0.0009012174559757113,,,,,,,,,
2121,2121,,,0.9597548842430115,0.808728039264679,0.7732773423194885,0.832331657409668,0.11869451403617859,0.2381620556116104,0.21220584213733673,0.20974311232566833
2121,2121,0.0008998520206660032,,,,,,,,,
2122,2122,,,0.9590058922767639,0.8087193965911865,0.7735006213188171,0.8319319486618042,0.11866626888513565,0.23824740946292877,0.21206071972846985,0.20974311232566833
2122,2122,0.000898274767678231,,,,,,,,,
2123,2123,,,0.9593231678009033,0.8083259463310242,0.773187518119812,0.8320260643959045,0.11859181523323059,0.23797956109046936,0.21204641461372375,0.20974311232566833
2123,2123,0.0008969951304607093,,,,,,,,,
2124,2124,,,0.9594489932060242,0.8089993596076965,0.7735384702682495,0.8316962122917175,0.11882788687944412,0.2382218986749649,0.21202605962753296,0.20974311232566833
2124,2124,0.0008961856947280467,,,,,,,,,
2125,2125,,,0.9592136144638062,0.8080838322639465,0.7730820178985596,0.8317619562149048,0.11857842653989792,0.23780792951583862,0.21192552149295807,0.20974311232566833
2125,2125,0.0008956226520240307,,,,,,,,,
2126,2126,,,0.9594318866729736,0.8090391159057617,0.7735741138458252,0.8313684463500977,0.11889620125293732,0.23816166818141937,0.2119225263595581,0.20974311232566833
2126,2126,0.000894961238373071,,,,,,,,,
2127,2127,,,0.959609866142273,0.8080652952194214,0.7729789614677429,0.8315828442573547,0.11863995343446732,0.23766294121742249,0.21187293529510498,0.20974311232566833
2127,2127,0.0008940702537074685,,,,,,,,,
2128,2128,,,0.9590164422988892,0.8088774681091309,0.7736279964447021,0.8309582471847534,0.11885835230350494,0.2380947768688202,0.21176250278949738,0.20974311232566833
2128,2128,0.0008931246702559292,,,,,,,,,
2129,2129,,,0.9603064656257629,0.8081339597702026,0.7728419899940491,0.8314794898033142,0.11872771382331848,0.23750682175159454,0.21186169981956482,0.20974311232566833
2129,2129,0.0008924524881877005,,,,,,,,,
2130,2130,,,0.9584994316101074,0.8087719678878784,0.7737317681312561,0.8305059671401978,0.11884002387523651,0.23807993531227112,0.2115941345691681,0.20974311232566833
2130,2130,0.0008923031273297966,,,,,,,,,
2131,2131,,,0.9610071778297424,0.8080313801765442,0.772590160369873,0.8314298987388611,0.11878831684589386,0.23727867007255554,0.21184603869915009,0.20974311232566833
2131,2131,0.0008927939925342798,,,,,,,,,
2132,2132,,,0.958072304725647,0.8089507222175598,0.7739606499671936,0.829998254776001,0.1189236044883728,0.23817206919193268,0.2114441692829132,0.20974311232566833
2132,2132,0.0008940353873185813,,,,,,,,,
2133,2133,,,0.9616221189498901,0.8076224327087402,0.7721722722053528,0.8314758539199829,0.11874999850988388,0.2369368076324463,0.21182045340538025,0.20974311232566833
2133,2133,0.0008963757427409291,,,,,,,,,
2134,2134,,,0.9576271176338196,0.8094971179962158,0.7743816375732422,0.8293876647949219,0.11909295618534088,0.2384454607963562,0.21130630373954773,0.20974311232566833
2134,2134,0.0009006116888485849,,,,,,,,,
2135,2135,,,0.9624106287956238,0.8069121837615967,0.7714830040931702,0.8317127227783203,0.11860526353120804,0.2364363670349121,0.21181818842887878,0.20974311232566833
2135,2135,0.0009081658208742738,,,,,,,,,
2136,2136,,,0.9567497372627258,0.810440182685852,0.7750659584999084,0.8285515308380127,0.119331955909729,0.2389928102493286,0.21113255620002747,0.20974311232566833
2136,2136,0.0009213253506459296,,,,,,,,,
2137,2137,,,0.9639015197753906,0.8059195876121521,0.7703089118003845,0.8323329091072083,0.11840220540761948,0.23573973774909973,0.21191348135471344,0.20974311232566833
2137,2137,0.0009437704575248063,,,,,,,,,
2138,2138,,,0.9549106955528259,0.8118911385536194,0.7761003375053406,0.8273209929466248,0.11964904516935349,0.24001862108707428,0.21086972951889038,0.20974311232566833
2138,2138,0.0009813871001824737,,,,,,,,,
2139,2139,,,0.9666388630867004,0.8045872449874878,0.7683034539222717,0.8336068391799927,0.11813583970069885,0.23482538759708405,0.21219530701637268,0.20974311232566833
2139,2139,0.0010438053868710995,,,,,,,,,
2140,2140,,,0.9517021179199219,0.8141842484474182,0.7774400115013123,0.8255674242973328,0.12007960677146912,0.24190586805343628,0.21050147712230682,0.20974311232566833
2140,2140,0.0011453917250037193,,,,,,,,,
2141,2141,,,0.9709526300430298,0.802882194519043,0.7650628685951233,0.8357838988304138,0.11775506287813187,0.23381322622299194,0.21274495124816895,0.20974311232566833
2141,2141,0.0013063796795904636,,,,,,,,,
2142,2142,,,0.9472873210906982,0.8176530003547668,0.7785658836364746,0.8234660625457764,0.1206609457731247,0.2449590563774109,0.21009810268878937,0.20974311232566833
2142,2142,0.0015462168958038092,,,,,,,,,
2143,2143,,,0.9757170081138611,0.8011965155601501,0.7612408995628357,0.8383172750473022,0.11730153858661652,0.23310309648513794,0.2134261578321457,0.20974311232566833
2143,2143,0.0018692081794142723,,,,,,,,,
2144,2144,,,0.9440616369247437,0.8208503127098083,0.7789173126220703,0.8219984769821167,0.1212138831615448,0.2477276474237442,0.20987065136432648,0.20974311232566833
2144,2144,0.002220032038167119,,,,,,,,,
2145,2145,,,0.9759185910224915,0.8005878925323486,0.7610020041465759,0.837993860244751,0.11719217896461487,0.23288439214229584,0.21328184008598328,0.20974311232566833
2145,2145,0.0024530463851988316,,,,,,,,,
2146,2146,,,0.9477960467338562,0.8186650276184082,0.7786622643470764,0.8229204416275024,0.12113963067531586,0.2453092783689499,0.21004226803779602,0.20974311232566833
2146,2146,0.002355544362217188,,,,,,,,,
2147,2147,,,0.9664088487625122,0.8030678629875183,0.7681223154067993,0.8318766355514526,0.11806273460388184,0.23414722084999084,0.21152418851852417,0.20974311232566833
2147,2147,0.0018654423765838146,,,,,,,,,
2148,2148,,,0.960228443145752,0.8105732202529907,0.7741274833679199,0.8275170922279358,0.12006355822086334,0.23812931776046753,0.21088702976703644,0.20974311232566833
2148,2148,0.0012382013956084847,,,,,,,,,
2149,2149,,0.0008967405883595347,,,,,,,,
2149,2149,,,0.9537312984466553,0.8105919361114502,0.7754033803939819,0.8255008459091187,0.11963046342134476,0.2394530028104782,0.21009093523025513,0.20974311232566833
2149,2149,0.0008967405883595347,,,,,,,,,
2150,2150,,,0.9702813625335693,0.804632842540741,0.7665879130363464,0.8330118656158447,0.1185607761144638,0.2339870035648346,0.21203605830669403,0.20974311232566833
2150,2150,0.0010066368849948049,,,,,,,,,
2151,2151,,,0.9493852257728577,0.8173452019691467,0.7775548696517944,0.8238628506660461,0.12076409161090851,0.24354815483093262,0.21011248230934143,0.20974311232566833
2151,2151,0.001343307550996542,,,,,,,,,
2152,2152,,,0.9681211113929749,0.8036479353904724,0.7661429047584534,0.833415150642395,0.11785305291414261,0.23373189568519592,0.21192611753940582,0.20974311232566833
2152,2152,0.0015340102836489677,,,,,,,,,
2153,2153,,,0.9567059278488159,0.8151878714561462,0.7756410241127014,0.8265376091003418,0.12074854224920273,0.2405179888010025,0.21086174249649048,0.20974311232566833
2153,2153,0.001392827369272709,,,,,,,,,
2154,2154,,,0.9581040740013123,0.8070252537727356,0.7718814015388489,0.8289146423339844,0.11870545148849487,0.2366185188293457,0.21073749661445618,0.20974311232566833
2154,2154,0.001078522065654397,,,,,,,,,
2155,2155,,,0.9667120575904846,0.8082956075668335,0.7698145508766174,0.8316598534584045,0.11967775970697403,0.23588141798973083,0.2119406908750534,0.20974311232566833
2155,2155,0.0008986081229522824,,,,,,,,,
2156,2156,,,0.9520606398582458,0.8128573894500732,0.7760637402534485,0.8262693285942078,0.12011969089508057,0.24091240763664246,0.21048976480960846,0.20974311232566833
2156,2156,0.0009739257511682808,,,,,,,,,
2157,2157,,,0.9673898816108704,0.8044291138648987,0.7676445245742798,0.8334711194038391,0.1184866651892662,0.23444518446922302,0.21211135387420654,0.20974311232566833
2157,2157,0.0011448237346485257,,,,,,,,,
2158,2158,,,0.9562903642654419,0.814046323299408,0.7760140895843506,0.8273036479949951,0.12072005867958069,0.2405899465084076,0.2110748142004013,0.20974311232566833
2158,2158,0.0011909578461199999,,,,,,,,,
2159,2159,,,0.9596862196922302,0.8049596548080444,0.7709679007530212,0.8299614787101746,0.11851982772350311,0.23585394024848938,0.21095311641693115,0.20974311232566833
2159,2159,0.0010704825399443507,,,,,,,,,
2160,2160,,,0.9648661613464355,0.8093839287757874,0.7716827392578125,0.83009934425354,0.12035716325044632,0.2368517369031906,0.211623877286911,0.20974311232566833
2160,2160,0.0009296360658481717,,,,,,,,,
2161,2161,,,0.9536700248718262,0.8091071844100952,0.7747194170951843,0.8264907598495483,0.11975327134132385,0.23894339799880981,0.2102433741092682,0.20974311232566833
2161,2161,0.0009069053339771926,,,,,,,,,
2162,2162,,,0.9666087627410889,0.8054341673851013,0.7692314982414246,0.8313610553741455,0.11936560273170471,0.23486453294754028,0.21161307394504547,0.20974311232566833
2162,2162,0.00098028767388314,,,,,,,,,
2163,2163,,,0.9564791917800903,0.812044084072113,0.7757886052131653,0.826280951499939,0.12053392082452774,0.23948876559734344,0.21058514714241028,0.20974311232566833
2163,2163,0.0010301661677658558,,,,,,,,,
2164,2164,,,0.9606451988220215,0.804862916469574,0.7710044980049133,0.8289555311203003,0.11854977905750275,0.23542968928813934,0.2106633335351944,0.20974311232566833
2164,2164,0.0009940603049471974,,,,,,,,,
2165,2165,,,0.964164137840271,0.8100279569625854,0.7726374864578247,0.8283615112304688,0.12027568370103836,0.2371019423007965,0.21116317808628082,0.20974311232566833
2165,2165,0.0009228612761944532,,,,,,,,,
2166,2166,,,0.9555663466453552,0.8070551156997681,0.7737839221954346,0.8261768817901611,0.11907688528299332,0.23757286369800568,0.2099912166595459,0.20974311232566833
2166,2166,0.0008954794611781836,,,,,,,,,
2167,2167,,,0.966574490070343,0.8064672350883484,0.7704190611839294,0.8298671841621399,0.11974431574344635,0.2353338599205017,0.21132445335388184,0.20974311232566833
2167,2167,0.0009203776717185974,,,,,,,,,
2168,2168,,,0.9572016000747681,0.8096293210983276,0.7751497626304626,0.8260625600814819,0.12028823792934418,0.23846063017845154,0.21034030616283417,0.20974311232566833
2168,2168,0.000944511208217591,,,,,,,,,
2169,2169,,,0.9619504809379578,0.8049963712692261,0.7712774276733398,0.8286717534065247,0.11921421438455582,0.23540721833705902,0.21068942546844482,0.20974311232566833
2169,2169,0.0009303079568780959,,,,,,,,,
2170,2170,,,0.9633722305297852,0.8096632957458496,0.7731093764305115,0.8279301524162292,0.12057752907276154,0.23714201152324677,0.21101412177085876,0.20974311232566833
2170,2170,0.0008967822650447488,,,,,,,,,
2171,2171,,,0.9569655060768127,0.8060073852539062,0.7729796767234802,0.82669597864151,0.1190464124083519,0.2367607057094574,0.2100636065006256,0.20974311232566833
2171,2171,0.000882578082382679,,,,,,,,,
2172,2172,,,0.9660641551017761,0.8075246214866638,0.7709978222846985,0.8292654752731323,0.11994575709104538,0.23569908738136292,0.2112196981906891,0.20974311232566833
2172,2172,0.0008938727551139891,,,,,,,,,
2173,2173,,,0.9573013782501221,0.8081283569335938,0.77415931224823,0.8263237476348877,0.11962438374757767,0.23753543198108673,0.21020567417144775,0.20974311232566833
2173,2173,0.0009042131714522839,,,,,,,,,
2174,2174,,,0.962638258934021,0.8059070110321045,0.7714131474494934,0.8284695744514465,0.11932190507650375,0.23541931807994843,0.21070855855941772,0.20974311232566833
2174,2174,0.0008936850354075432,,,,,,,,,
2175,2175,,,0.9621778130531311,0.8091640472412109,0.773199737071991,0.8273735046386719,0.12030328810214996,0.23684607446193695,0.210726797580719,0.20974311232566833
2175,2175,0.0008732532733120024,,,,,,,,,
2176,2176,,,0.9581433534622192,0.8059718608856201,0.7725409865379333,0.8267110586166382,0.1191854402422905,0.23617306351661682,0.21004845201969147,0.20974311232566833
2176,2176,0.0008653683471493423,,,,,,,,,
2177,2177,,,0.9653513431549072,0.8083557486534119,0.7715855240821838,0.8282490372657776,0.12033328413963318,0.23586004972457886,0.21095038950443268,0.20974311232566833
2177,2177,0.0008739906479604542,,,,,,,,,
2178,2178,,,0.9577720165252686,0.8071888089179993,0.7734985947608948,0.8258724808692932,0.1195993721485138,0.23676025867462158,0.2099406123161316,0.20974311232566833
2178,2178,0.0008822384406812489,,,,,,,,,
2179,2179,,,0.9634374380111694,0.8068602681159973,0.7717909812927246,0.8275588154792786,0.11983451247215271,0.2354586273431778,0.21054524183273315,0.20974311232566833
2179,2179,0.0008756207535043359,,,,,,,,,
2180,2180,,,0.9613716006278992,0.8083370327949524,0.773283064365387,0.8262520432472229,0.12014768272638321,0.23641593754291534,0.21027064323425293,0.20974311232566833
2180,2180,0.0008597976411692798,,,,,,,,,
2181,2181,,,0.9596477746963501,0.8061907291412354,0.7725387215614319,0.8259851932525635,0.11941719800233841,0.23574106395244598,0.20988649129867554,0.20974311232566833
2181,2181,0.0008510388433933258,,,,,,,,,
2182,2182,,,0.9645226001739502,0.8084656000137329,0.772100031375885,0.8268215656280518,0.12036948651075363,0.23575906455516815,0.21049325168132782,0.20974311232566833
2182,2182,0.0008558451663702726,,,,,,,,,
2183,2183,,,0.9583672881126404,0.8066636323928833,0.7730801105499268,0.8250582814216614,0.11955372989177704,0.2360880821943283,0.20961378514766693,0.20961378514766693
2183,2183,0.0008645396446809173,,,,,,,,,
2184,2184,,,0.9638866782188416,0.8076167702674866,0.7719911932945251,0.8264346718788147,0.12021023780107498,0.23538833856582642,0.21026301383972168,0.20961378514766693
2184,2184,0.0008642436587251723,,,,,,,,,
2185,2185,,,0.9606081247329712,0.8076032996177673,0.7730866074562073,0.825236439704895,0.12007295340299606,0.23593859374523163,0.20982670783996582,0.20961378514766693
2185,2185,0.0008539483533240855,,,,,,,,,
2186,2186,,,0.9608477354049683,0.8067310452461243,0.7725213766098022,0.8253796696662903,0.11984865367412567,0.23545771837234497,0.20976665616035461,0.20961378514766693
2186,2186,0.0008438252261839807,,,,,,,,,
2187,2187,,,0.9635100364685059,0.8081485629081726,0.7723603844642639,0.8257638216018677,0.1204010620713234,0.23554113507270813,0.21009452641010284,0.20961378514766693
2187,2187,0.000842666020616889,,,,,,,,,
2188,2188,,,0.9591487646102905,0.8065329790115356,0.772798478603363,0.8246204257011414,0.11968327313661575,0.23564359545707703,0.2094602882862091,0.2094602882862091
2188,2188,0.0008485394064337015,,,,,,,,,
2189,2189,,,0.9639845490455627,0.8079365491867065,0.7720731496810913,0.8256893157958984,0.12039491534233093,0.23529496788978577,0.21004898846149445,0.2094602882862091
2189,2189,0.000852482276968658,,,,,,,,,
2190,2190,,,0.960296630859375,0.807001531124115,0.7728080749511719,0.8245534896850586,0.11998312920331955,0.235543355345726,0.20951925218105316,0.2094602882862091
2190,2190,0.0008490566979162395,,,,,,,,,
2191,2191,,,0.9620036482810974,0.8072483539581299,0.7724371552467346,0.8249017000198364,0.12021307647228241,0.23527728021144867,0.2096874862909317,0.2094602882862091
2191,2191,0.0008412906900048256,,,,,,,,,
2192,2192,,,0.962682843208313,0.8076105713844299,0.772397518157959,0.8248394131660461,0.12039242684841156,0.2352648377418518,0.20971934497356415,0.2094602882862091
2192,2192,0.0008362203370779753,,,,,,,,,
2193,2193,,,0.9602339863777161,0.8066995739936829,0.7726437449455261,0.8240494132041931,0.11999659240245819,0.2353030890226364,0.20931637287139893,0.20931637287139893
2193,2193,0.000837000843603164,,,,,,,,,
2194,2194,,,0.9638447761535645,0.8078015446662903,0.7720653414726257,0.8247523307800293,0.12051482498645782,0.23506096005439758,0.20972731709480286,0.20931637287139893
2194,2194,0.0008404758991673589,,,,,,,,,
2195,2195,,,0.9604200124740601,0.8066583871841431,0.7725982666015625,0.8237020373344421,0.12001381069421768,0.23517824709415436,0.20920532941818237,0.20920532941818237
2195,2195,0.000841500295791775,,,,,,,,,
2196,2196,,,0.9629097580909729,0.8074955344200134,0.772307813167572,0.8241264224052429,0.12044374644756317,0.23502081632614136,0.20948226749897003,0.20920532941818237
2196,2196,0.0008383066160604358,,,,,,,,,
2197,2197,,,0.9620378613471985,0.8070279359817505,0.7723702192306519,0.8237911462783813,0.12032211571931839,0.23494404554367065,0.20930740237236023,0.20920532941818237
2197,2197,0.0008335955208167434,,,,,,,,,
2198,2198,,,0.9612836837768555,0.8069596290588379,0.7725829482078552,0.8233763575553894,0.12031057476997375,0.23502352833747864,0.20915555953979492,0.20915555953979492
2198,2198,0.0008309821132570505,,,,,,,,,
2199,2199,,0.0008314045262522995,,,,,,,,
2199,2199,,,0.9633963704109192,0.8073650598526001,0.7721153497695923,0.8237882256507874,0.12056784331798553,0.23476578295230865,0.2093672752380371,0.20915555953979492
2199,2199,0.0008314045262522995,,,,,,,,,
2200,2200,,,0.9607658386230469,0.8065978288650513,0.7725671529769897,0.8229638338088989,0.12020684778690338,0.23491425812244415,0.20897376537322998,0.20897376537322998
2200,2200,0.000832790567073971,,,,,,,,,
2201,2201,,,0.9632785320281982,0.8073909282684326,0.7722074389457703,0.8234541416168213,0.12058336287736893,0.2347443699836731,0.209263876080513,0.20897376537322998
2201,2201,0.0008326392853632569,,,,,,,,,
2202,2202,,,0.9616135954856873,0.8066201210021973,0.7723693251609802,0.8229701519012451,0.12029317766427994,0.23469297587871552,0.20899342000484467,0.20897376537322998
2202,2202,0.0008304511429741979,,,,,,,,,
2203,2203,,,0.9621644616127014,0.8071260452270508,0.7724730372428894,0.8229167461395264,0.12050323933362961,0.23476700484752655,0.20904380083084106,0.20897376537322998
2203,2203,0.0008277114829979837,,,,,,,,,
2204,2204,,,0.9628594517707825,0.8068925142288208,0.7721213698387146,0.8230741620063782,0.12050892412662506,0.2344965785741806,0.20907507836818695,0.20897376537322998
2204,2204,0.0008261016337200999,,,,,,,,,
2205,2205,,,0.961378276348114,0.8067693114280701,0.7725306749343872,0.8224918246269226,0.12041716277599335,0.23469439148902893,0.20885078608989716,0.20885078608989716
2205,2205,0.0008259081514552236,,,,,,,,,
2206,2206,,,0.9633327722549438,0.8071117997169495,0.7720749378204346,0.8229417204856873,0.12063723802566528,0.23443539440631866,0.20906250178813934,0.20885078608989716
2206,2206,0.0008260875474661589,,,,,,,,,
2207,2207,,,0.9615836143493652,0.8065685629844666,0.7723736763000488,0.8223800659179688,0.12039882689714432,0.23450714349746704,0.2087930291891098,0.2087930291891098
2207,2207,0.0008255234570242465,,,,,,,,,
2208,2208,,,0.9628485441207886,0.8071117997169495,0.7722721099853516,0.8225468993186951,0.12064116448163986,0.234463170170784,0.20892953872680664,0.2087930291891098
2208,2208,0.0008240388706326485,,,,,,,,,
2209,2209,,,0.9624506235122681,0.80660480260849,0.7721466422080994,0.8224327564239502,0.12049411237239838,0.23428641259670258,0.20882633328437805,0.2087930291891098
2209,2209,0.0008223320473916829,,,,,,,,,
2210,2210,,,0.9620822668075562,0.8069195747375488,0.7724518179893494,0.8221194744110107,0.12058699131011963,0.23446431756019592,0.20875877141952515,0.20875877141952515
2210,2210,0.0008211504900828004,,,,,,,,,
2211,2211,,,0.9631476998329163,0.8067602515220642,0.7720304727554321,0.8223954439163208,0.12062069028615952,0.23416602611541748,0.2088439017534256,0.20875877141952515
2211,2211,0.0008206123020499945,,,,,,,,,
2212,2212,,,0.961815357208252,0.8066727519035339,0.7724363803863525,0.8218594789505005,0.12054656445980072,0.2343607246875763,0.20864388346672058,0.20864388346672058
2212,2212,0.0008202451281249523,,,,,,,,,
2213,2213,,,0.9631537199020386,0.8068617582321167,0.7721177339553833,0.8221229314804077,0.12070298939943314,0.23415914177894592,0.20877109467983246,0.20864388346672058
2213,2213,0.0008195368573069572,,,,,,,,,
2214,2214,,,0.9622241854667664,0.8065174221992493,0.7722580432891846,0.8217692971229553,0.12058631330728531,0.23416130244731903,0.20860470831394196,0.20860470831394196
2214,2214,0.000818394822999835,,,,,,,,,
2215,2215,,,0.9626683592796326,0.806854248046875,0.7723026871681213,0.821714460849762,0.12073543667793274,0.23418733477592468,0.2086332142353058,0.20860470831394196
2215,2215,0.0008171365479938686,,,,,,,,,
2216,2216,,,0.9628570079803467,0.8065279126167297,0.7720723748207092,0.8217357397079468,0.1206723004579544,0.23397868871688843,0.20860321819782257,0.20860321819782257
2216,2216,0.0008161267032846808,,,,,,,,,
2217,2217,,,0.9622617363929749,0.8067559599876404,0.7723971009254456,0.8213611841201782,0.12071660906076431,0.2341616302728653,0.20850174129009247,0.20850174129009247
2217,2217,0.0008154475945048034,,,,,,,,,
2218,2218,,,0.9632244110107422,0.8066188097000122,0.7720100283622742,0.8215953707695007,0.12073713541030884,0.2338874191045761,0.208573117852211,0.20850174129009247
2218,2218,0.0008148885099217296,,,,,,,,,
2219,2219,,,0.9623143076896667,0.8066256046295166,0.7723272442817688,0.8211705684661865,0.1207050010561943,0.23403941094875336,0.20842574536800385,0.20842574536800385
2219,2219,0.0008141764556057751,,,,,,,,,
2220,2220,,,0.9631412029266357,0.8066868782043457,0.7720952033996582,0.8213167786598206,0.12079153954982758,0.23387950658798218,0.20849139988422394,0.20842574536800385
2220,2220,0.0008132196962833405,,,,,,,,,
2221,2221,,,0.9627285599708557,0.8065308332443237,0.7721579670906067,0.8211159706115723,0.12075397372245789,0.23386549949645996,0.2084028273820877,0.2084028273820877
2221,2221,0.0008121504215523601,,,,,,,,,
2222,2222,,,0.9628244042396545,0.8067007660865784,0.7722253799438477,0.8210005760192871,0.12083490937948227,0.23389378190040588,0.20838746428489685,0.20838746428489685
2222,2222,0.0008111740462481976,,,,,,,,,
2223,2223,,,0.9631842970848083,0.8065026998519897,0.7720046043395996,0.8210651874542236,0.120817631483078,0.23371411859989166,0.20838922262191772,0.20838746428489685
2223,2223,0.000810392084531486,,,,,,,,,
2224,2224,,,0.9626453518867493,0.8066608309745789,0.772273063659668,0.8207463622093201,0.12084797024726868,0.23385950922966003,0.20829813182353973,0.20829813182353973
2224,2224,0.0008097417885437608,,,,,,,,,
2225,2225,,,0.9633709192276001,0.8065184950828552,0.7719575762748718,0.8209174871444702,0.12085917592048645,0.23362991213798523,0.20834501087665558,0.20829813182353973
2225,2225,0.0008090682094916701,,,,,,,,,
2226,2226,,,0.9627651572227478,0.8065930008888245,0.7722062468528748,0.820591390132904,0.12086448818445206,0.23375077545642853,0.20824088156223297,0.20824088156223297
2226,2226,0.0008082647109404206,,,,,,,,,
2227,2227,,,0.9632651209831238,0.8065406680107117,0.772013783454895,0.8206620812416077,0.12089607864618301,0.23360119760036469,0.20826314389705658,0.20824088156223297
2227,2227,0.0008073452045209706,,,,,,,,,
2228,2228,,,0.9630944728851318,0.8065248131752014,0.7720710039138794,0.8204913139343262,0.12090463191270828,0.23359785974025726,0.20820415019989014,0.20820415019989014
2228,2228,0.0008064025896601379,,,,,,,,,
2229,2229,,,0.9630792140960693,0.8065513372421265,0.7720997929573059,0.8203622102737427,0.12093335390090942,0.23358476161956787,0.20816592872142792,0.20816592872142792
2229,2229,0.0008055357611738145,,,,,,,,,
2230,2230,,,0.9634126424789429,0.8064714074134827,0.7719545364379883,0.8203780651092529,0.12094951421022415,0.2334596812725067,0.20816616714000702,0.20816592872142792
2230,2230,0.0008047737646847963,,,,,,,,,
2231,2231,,,0.9630143642425537,0.8065431714057922,0.7721422910690308,0.8201071619987488,0.12097102403640747,0.23354224860668182,0.2080836147069931,0.2080836147069931
2231,2231,0.0008040686370804906,,,,,,,,,
2232,2232,,,0.963551938533783,0.8064248561859131,0.7719111442565918,0.8201947808265686,0.12098900228738785,0.23336221277713776,0.2081054151058197,0.2080836147069931
2232,2232,0.000803348608314991,,,,,,,,,
2233,2233,,,0.963152289390564,0.8065080046653748,0.7721068263053894,0.8199202418327332,0.12101558595895767,0.23345011472702026,0.20802317559719086,0.20802317559719086
2233,2233,0.000802564958576113,,,,,,,,,
2234,2234,,,0.9635051488876343,0.806387186050415,0.7719366550445557,0.8199470043182373,0.12102410197257996,0.23330487310886383,0.2080228328704834,0.2080228328704834
2234,2234,0.000801722111646086,,,,,,,,,
2235,2235,,,0.963407039642334,0.806455671787262,0.7720191478729248,0.8197806477546692,0.121062271296978,0.23332786560058594,0.2079770863056183,0.2079770863056183
2235,2235,0.0008008676231838763,,,,,,,,,
2236,2236,,,0.9633938670158386,0.8063684701919556,0.7719879150390625,0.8196837306022644,0.12106083333492279,0.23326806724071503,0.20793603360652924,0.20793603360652924
2236,2236,0.000800043810158968,,,,,,,,,
2237,2237,,,0.9636378884315491,0.8063927888870239,0.7719272971153259,0.8196433186531067,0.12110576778650284,0.2332046926021576,0.20792943239212036,0.20792943239212036
2237,2237,0.000799265515524894,,,,,,,,,
2238,2238,,,0.9633623957633972,0.806361198425293,0.7720152139663696,0.8194453120231628,0.1211080327630043,0.2332184910774231,0.20785915851593018,0.20785915851593018
2238,2238,0.000798518187366426,,,,,,,,,
2239,2239,,,0.9637481570243835,0.8063211441040039,0.7718714475631714,0.8194721341133118,0.12114215642213821,0.23310044407844543,0.20786818861961365,0.20785915851593018
2239,2239,0.0007977742934599519,,,,,,,,,
2240,2240,,,0.9634608030319214,0.806352436542511,0.7720000147819519,0.8192547559738159,0.12116063386201859,0.2331453412771225,0.20779946446418762,0.20779946446418762
2240,2240,0.0007970111328177154,,,,,,,,,
2241,2241,,,0.9637438058853149,0.8062515258789062,0.7718616127967834,0.8192607760429382,0.12117084860801697,0.23302286863327026,0.20779366791248322,0.20779366791248322
2241,2241,0.0007962232921272516,,,,,,,,,
2242,2242,,,0.9636511206626892,0.806331217288971,0.7719494700431824,0.819095253944397,0.12121380865573883,0.23305122554302216,0.2077498883008957,0.2077498883008957
2242,2242,0.0007954287575557828,,,,,,,,,
2243,2243,,,0.9637019038200378,0.806200385093689,0.7718765139579773,0.8190282583236694,0.12120635062456131,0.23296208679676056,0.20771457254886627,0.20771457254886627
2243,2243,0.0007946380064822733,,,,,,,,,
2244,2244,,,0.9638444185256958,0.8062900304794312,0.7718876600265503,0.8189378380775452,0.12126732617616653,0.23294773697853088,0.20769882202148438,0.20769882202148438
2244,2244,0.0007938654744066298,,,,,,,,,
2245,2245,,,0.9636940956115723,0.8061730265617371,0.7718908190727234,0.8188016414642334,0.12125349789857864,0.23290351033210754,0.2076404094696045,0.2076404094696045
2245,2245,0.000793105224147439,,,,,,,,,
2246,2246,,,0.9639692306518555,0.806226372718811,0.7718373537063599,0.8187618851661682,0.12130805850028992,0.2328481674194336,0.20763827860355377,0.20763827860355377
2246,2246,0.0007923514349386096,,,,,,,,,
2247,2247,,,0.9637710452079773,0.8061631321907043,0.7718868851661682,0.8185935616493225,0.12130333483219147,0.23283632099628448,0.20757552981376648,0.20757552981376648
2247,2247,0.0007915923488326371,,,,,,,,,
2248,2248,,,0.964015781879425,0.8061518669128418,0.7718082070350647,0.818561851978302,0.12133637815713882,0.23275946080684662,0.20756779611110687,0.20756779611110687
2248,2248,0.0007908290717750788,,,,,,,,,
2249,2249,,0.000790060730651021,,,,,,,,
2249,2249,,,0.9639105796813965,0.8061610460281372,0.7718629837036133,0.8184080123901367,0.12135883420705795,0.2327592372894287,0.20751918852329254,0.20751918852329254
2249,2249,0.000790060730651021,,,,,,,,,
2250,2250,,,0.9640169739723206,0.8060852885246277,0.771797239780426,0.8183495402336121,0.12136971205472946,0.23268121480941772,0.20749342441558838,0.20749342441558838
2250,2250,0.0007892955327406526,,,,,,,,,
2251,2251,,,0.9640649557113647,0.8061525225639343,0.7718276977539062,0.8182359933853149,0.12141863256692886,0.2326754331588745,0.2074662446975708,0.2074662446975708
2251,2251,0.0007885365630500019,,,,,,,,,
2252,2252,,,0.9640267491340637,0.8060334324836731,0.7717907428741455,0.8181395530700684,0.12140920013189316,0.23260855674743652,0.2074216902256012,0.2074216902256012
2252,2252,0.0007877863245084882,,,,,,,,,
2253,2253,,,0.9641937613487244,0.8061230182647705,0.7717917561531067,0.8180620670318604,0.12146726250648499,0.23258940875530243,0.20741012692451477,0.20741012692451477
2253,2253,0.0007870399276725948,,,,,,,,,
2254,2254,,,0.964078426361084,0.806001603603363,0.7717810869216919,0.817944347858429,0.12145081907510757,0.23253795504570007,0.20735767483711243,0.20735767483711243
2254,2254,0.0007862948696129024,,,,,,,,,
2255,2255,,,0.9642744064331055,0.8060743808746338,0.7717627882957458,0.8178829550743103,0.12150583416223526,0.23250660300254822,0.20734964311122894,0.20734964311122894
2255,2255,0.0007855456206016243,,,,,,,,,
2256,2256,,,0.9641767740249634,0.8059880137443542,0.7717637419700623,0.8177640438079834,0.12150194495916367,0.23246541619300842,0.20730094611644745,0.20730094611644745
2256,2256,0.0007847951492294669,,,,,,,,,
2257,2257,,,0.9643160700798035,0.8060153722763062,0.7717405557632446,0.8176963925361633,0.12154344469308853,0.23242612183094025,0.2072848379611969,0.2072848379611969
2257,2257,0.0007840420585125685,,,,,,,,,
2258,2258,,,0.9643032550811768,0.805981457233429,0.7717393040657043,0.8175921440124512,0.12156002223491669,0.23239076137542725,0.20724809169769287,0.20724809169769287
2258,2258,0.0007832932751625776,,,,,,,,,
2259,2259,,,0.9643445014953613,0.805955171585083,0.7717220783233643,0.8175061345100403,0.12158054858446121,0.2323480248451233,0.20721858739852905,0.20721858739852905
2259,2259,0.0007825486245565116,,,,,,,,,
2260,2260,,,0.9644245505332947,0.8059714436531067,0.7717140913009644,0.8174217939376831,0.12161451578140259,0.23231589794158936,0.20719517767429352,0.20719517767429352
2260,2260,0.0007818075246177614,,,,,,,,,
2261,2261,,,0.9643877744674683,0.8059035539627075,0.7717036604881287,0.8173186779022217,0.12161868810653687,0.23227085173130035,0.20715449750423431,0.20715449750423431
2261,2261,0.0007810731767676771,,,,,,,,,
2262,2262,,,0.9645232558250427,0.8059518933296204,0.7716920971870422,0.81724613904953,0.12166428565979004,0.23224064707756042,0.20713913440704346,0.20713913440704346
2262,2262,0.0007803387125022709,,,,,,,,,
2263,2263,,,0.9644554257392883,0.8058642148971558,0.7716827988624573,0.8171382546424866,0.12166208028793335,0.23219366371631622,0.20709431171417236,0.20709431171417236
2263,2263,0.0007796064019203186,,,,,,,,,
2264,2264,,,0.9645935893058777,0.8059197664260864,0.7716753482818604,0.8170648217201233,0.12171096354722977,0.23216673731803894,0.20707973837852478,0.20707973837852478
2264,2264,0.0007788731600157917,,,,,,,,,
2265,2265,,,0.964547336101532,0.8058343529701233,0.771660327911377,0.8169650435447693,0.1217111125588417,0.23211735486984253,0.20703817903995514,0.20703817903995514
2265,2265,0.000778139044996351,,,,,,,,,
2266,2266,,,0.964643120765686,0.8058759570121765,0.7716616988182068,0.8168793320655823,0.12175476551055908,0.2320934236049652,0.2070177048444748,0.2070177048444748
2266,2266,0.0007774068508297205,,,,,,,,,
2267,2267,,,0.9646522998809814,0.8058082461357117,0.7716363072395325,0.81679368019104,0.12176354974508286,0.2320408672094345,0.20698340237140656,0.20698340237140656
2267,2267,0.0007766757626086473,,,,,,,,,
2268,2268,,,0.9646876454353333,0.8058282732963562,0.7716477513313293,0.8166955709457397,0.12179826200008392,0.23201991617679596,0.20695573091506958,0.20695573091506958
2268,2268,0.0007759471773169935,,,,,,,,,
2269,2269,,,0.964755654335022,0.8057856559753418,0.7716140151023865,0.816624104976654,0.12181680649518967,0.23196561634540558,0.20692947506904602,0.20692947506904602
2269,2269,0.0007752203964628279,,,,,,,,,
2270,2270,,,0.9647385478019714,0.8057833313941956,0.7716317176818848,0.816515326499939,0.12184184044599533,0.23194541037082672,0.20689508318901062,0.20689508318901062
2270,2270,0.0007744983886368573,,,,,,,,,
2271,2271,,,0.9648451209068298,0.8057603240013123,0.7715938687324524,0.8164535760879517,0.12186714261770248,0.23189227283000946,0.20687463879585266,0.20687463879585266
2271,2271,0.0007737766136415303,,,,,,,,,
2272,2272,,,0.9648076891899109,0.8057433366775513,0.7716121673583984,0.8163408041000366,0.12188705801963806,0.23187007009983063,0.20683711767196655,0.20683711767196655
2272,2272,0.0007730562356300652,,,,,,,,,
2273,2273,,,0.9649201035499573,0.805730402469635,0.7715772390365601,0.8162798285484314,0.12191607803106308,0.23181989789009094,0.2068181186914444,0.2068181186914444
2273,2273,0.0007723360322415829,,,,,,,,,
2274,2274,,,0.9648873209953308,0.8057070374488831,0.771589994430542,0.8161725401878357,0.12193571031093597,0.23179441690444946,0.20678162574768066,0.20678162574768066
2274,2274,0.000771618855651468,,,,,,,,,
2275,2275,,,0.9649827480316162,0.8056959509849548,0.771562933921814,0.8161051273345947,0.12196513265371323,0.2317487895488739,0.20676076412200928,0.20676076412200928
2275,2275,0.0007709025521762669,,,,,,,,,
2276,2276,,,0.964978039264679,0.8056751489639282,0.7715672850608826,0.8160075545310974,0.12198629230260849,0.23171883821487427,0.2067279815673828,0.2067279815673828
2276,2276,0.000770186772570014,,,,,,,,,
2277,2277,,,0.9650388360023499,0.8056594133377075,0.7715499401092529,0.8159306049346924,0.12201224267482758,0.23167827725410461,0.2067030966281891,0.2067030966281891
2277,2277,0.0007694718078710139,,,,,,,,,
2278,2278,,,0.9650694131851196,0.8056422472000122,0.7715436816215515,0.8158433437347412,0.12203650176525116,0.23164373636245728,0.20667456090450287,0.20667456090450287
2278,2278,0.0007687617326155305,,,,,,,,,
2279,2279,,,0.965096116065979,0.8056221008300781,0.7715368866920471,0.8157570362091064,0.12205987423658371,0.23160795867443085,0.20664581656455994,0.20664581656455994
2279,2279,0.0007680512499064207,,,,,,,,,
2280,2280,,,0.9651566743850708,0.8056098818778992,0.7715221047401428,0.815678596496582,0.12208753079175949,0.23156900703907013,0.2066209465265274,0.2066209465265274
2280,2280,0.0007673435029573739,,,,,,,,,
2281,2281,,,0.9651587009429932,0.8055846095085144,0.7715216279029846,0.8155843019485474,0.12210913002490997,0.23153679072856903,0.20658890902996063,0.20658890902996063
2281,2281,0.0007666366873309016,,,,,,,,,
2282,2282,,,0.9652369618415833,0.8055755496025085,0.7715017199516296,0.8155126571655273,0.12213852256536484,0.23149561882019043,0.2065666913986206,0.2065666913986206
2282,2282,0.0007659331895411015,,,,,,,,,
2283,2283,,,0.9652289152145386,0.8055514693260193,0.7715061902999878,0.8154152631759644,0.12215954065322876,0.23146560788154602,0.20653370022773743,0.20653370022773743
2283,2283,0.0007652289932593703,,,,,,,,,
2284,2284,,,0.9653108716011047,0.8055396676063538,0.7714835405349731,0.8153451085090637,0.12218844890594482,0.2314230501651764,0.20651178061962128,0.20651178061962128
2284,2284,0.0007645279983989894,,,,,,,,,
2285,2285,,,0.9653046727180481,0.8055189251899719,0.7714887261390686,0.8152481913566589,0.1222105547785759,0.2313942164182663,0.20647932589054108,0.20647932589054108
2285,2285,0.0007638265378773212,,,,,,,,,
2286,2286,,,0.9653788208961487,0.8055015802383423,0.7714663147926331,0.8151776790618896,0.12223780155181885,0.23135092854499817,0.20645658671855927,0.20645658671855927
2286,2286,0.0007631282205693424,,,,,,,,,
2287,2287,,,0.9653856158256531,0.8054884672164917,0.7714712619781494,0.8150835633277893,0.12226318567991257,0.23132307827472687,0.20642612874507904,0.20642612874507904
2287,2287,0.0007624321151524782,,,,,,,,,
2288,2288,,,0.96544349193573,0.8054618835449219,0.7714495062828064,0.8150110244750977,0.12228765338659286,0.23127946257591248,0.20640145242214203,0.20640145242214203
2288,2288,0.0007617349619977176,,,,,,,,,
2289,2289,,,0.96546471118927,0.8054580688476562,0.7714536190032959,0.8149204254150391,0.12231636792421341,0.23125265538692474,0.20637334883213043,0.20637334883213043
2289,2289,0.0007610421744175255,,,,,,,,,
2290,2290,,,0.9655091762542725,0.8054226040840149,0.771432638168335,0.8148457407951355,0.1223377212882042,0.2312079221010208,0.20634683966636658,0.20634683966636658
2290,2290,0.0007603485137224197,,,,,,,,,
2291,2291,,,0.9655429720878601,0.8054283261299133,0.7714369893074036,0.8147574663162231,0.12237007915973663,0.23118272423744202,0.20632073283195496,0.20632073283195496
2291,2291,0.0007596579380333424,,,,,,,,,
2292,2292,,,0.9655751585960388,0.8053818941116333,0.771414577960968,0.8146822452545166,0.12238773703575134,0.23113620281219482,0.20629265904426575,0.20629265904426575
2292,2292,0.000758969341404736,,,,,,,,,
2293,2293,,,0.9656178951263428,0.8053990602493286,0.7714217305183411,0.8145949244499207,0.12242354452610016,0.23111391067504883,0.20626823604106903,0.20626823604106903
2293,2293,0.0007582817343063653,,,,,,,,,
2294,2294,,,0.9656449556350708,0.8053417205810547,0.771395742893219,0.8145211338996887,0.12243802100419998,0.23106396198272705,0.20623934268951416,0.20623934268951416
2294,2294,0.0007575945928692818,,,,,,,,,
2295,2295,,,0.9656895399093628,0.8053703904151917,0.7714081406593323,0.8144311904907227,0.12247764319181442,0.23104633390903473,0.2062154859304428,0.2062154859304428
2295,2295,0.0007569106528535485,,,,,,,,,
2296,2296,,,0.9657171368598938,0.8052994608879089,0.7713747620582581,0.8143616318702698,0.12248879671096802,0.23099061846733093,0.20618635416030884,0.20618635416030884
2296,2296,0.000756228226236999,,,,,,,,,
2297,2297,,,0.9657576680183411,0.8053449392318726,0.7713978290557861,0.8142673969268799,0.1225329115986824,0.23098093271255493,0.20616307854652405,0.20616307854652405
2297,2297,0.0007555476622655988,,,,,,,,,
2298,2298,,,0.9657929539680481,0.8052545785903931,0.7713513374328613,0.8142056465148926,0.12253939360380173,0.2309158742427826,0.20613425970077515,0.20613425970077515
2298,2298,0.0007548684370703995,,,,,,,,,
2299,2299,,0.0007541915983892977,,,,,,,,
2299,2299,,,0.9658207893371582,0.8053221702575684,0.7713906168937683,0.8141013979911804,0.12258893251419067,0.23091791570186615,0.20611025393009186,0.20611025393009186
2299,2299,0.0007541915983892977,,,,,,,,,
2300,2300,,,0.9658722877502441,0.8052039742469788,0.7713236808776855,0.8140527606010437,0.12258808314800262,0.23083804547786713,0.2060825377702713,0.2060825377702713
2300,2300,0.0007535174954682589,,,,,,,,,
2301,2301,,,0.9658807516098022,0.8053075671195984,0.7713893055915833,0.8139340877532959,0.12264670431613922,0.23085947334766388,0.20605799555778503,0.20605799555778503
2301,2301,0.0007528472342528403,,,,,,,,,
2302,2302,,,0.9659549593925476,0.805144190788269,0.7712895274162292,0.8139057755470276,0.12263514846563339,0.23075614869594574,0.20603162050247192,0.20603162050247192
2302,2302,0.0007521820953115821,,,,,,,,,
2303,2303,,,0.9659335613250732,0.8053048253059387,0.7713966965675354,0.8137617111206055,0.12270879745483398,0.23080715537071228,0.20600540935993195,0.20600540935993195
2303,2303,0.000751521612983197,,,,,,,,,
2304,2304,,,0.9660453796386719,0.8050680160522461,0.7712438702583313,0.8137659430503845,0.12267881631851196,0.2306661605834961,0.20598120987415314,0.20598120987415314
2304,2304,0.0007508717244490981,,,,,,,,,
2305,2305,,,0.9659772515296936,0.805324137210846,0.7714186906814575,0.8135831356048584,0.12277613580226898,0.23076611757278442,0.20595331490039825,0.20595331490039825
2305,2305,0.0007502346998080611,,,,,,,,,
2306,2306,,,0.9661468267440796,0.8049639463424683,0.7711793780326843,0.8136379718780518,0.12271486222743988,0.23056288063526154,0.20593146979808807,0.20593146979808807
2306,2306,0.0007496205507777631,,,,,,,,,
2307,2307,,,0.9660056829452515,0.8053804039955139,0.771465539932251,0.8133910894393921,0.12285257130861282,0.23074392974376678,0.205901101231575,0.205901101231575
2307,2307,0.0007490410935133696,,,,,,,,,
2308,2308,,,0.9662675857543945,0.8048134446144104,0.7710814476013184,0.8135313391685486,0.12273916602134705,0.23043648898601532,0.20588310062885284,0.20588310062885284
2308,2308,0.0007485189125873148,,,,,,,,,
2309,2309,,,0.9660082459449768,0.8055016398429871,0.7715547680854797,0.8131745457649231,0.12294633686542511,0.23075437545776367,0.20584836602210999,0.20584836602210999
2309,2309,0.0007480935892090201,,,,,,,,,
2310,2310,,,0.9664233922958374,0.804580807685852,0.7709239721298218,0.8134592771530151,0.12274261564016342,0.23026937246322632,0.20583629608154297,0.20583629608154297
2310,2310,0.0007478309562429786,,,,,,,,,
2311,2311,,,0.9659611582756042,0.8057394623756409,0.7717186808586121,0.812915563583374,0.12306873500347137,0.23082366585731506,0.20579484105110168,0.20579484105110168
2311,2311,0.0007478483021259308,,,,,,,,,
2312,2312,,,0.9666451811790466,0.8042058348655701,0.7706579566001892,0.8134506344795227,0.12270831316709518,0.23003210127353668,0.20579317212104797,0.20579317212104797
2312,2312,0.0007483451045118272,,,,,,,,,
2313,2313,,,0.9658268094062805,0.8061900734901428,0.7720106840133667,0.8125792741775513,0.1232421025633812,0.23100046813488007,0.20573951303958893,0.20573951303958893
2313,2313,0.0007496761973015964,,,,,,,,,
2314,2314,,,0.9669846892356873,0.8035864233970642,0.7701908349990845,0.8135573267936707,0.12260735034942627,0.22967195510864258,0.20575731992721558,0.20573951303958893
2314,2314,0.0007524759857915342,,,,,,,,,
2315,2315,,,0.9655317068099976,0.8070435523986816,0.7725191712379456,0.8121069669723511,0.12350929528474808,0.23138155043125153,0.20568230748176575,0.20568230748176575
2315,2315,0.0007578619406558573,,,,,,,,,
2316,2316,,,0.9675449132919312,0.8025532364845276,0.7693415284156799,0.8138831853866577,0.12238622456789017,0.2291058897972107,0.2057393193244934,0.20568230748176575
2316,2316,0.0007678727270103991,,,,,,,,,
2317,2317,,,0.9649385809898376,0.8086838126182556,0.7733513712882996,0.8113992810249329,0.12394656240940094,0.2321634739637375,0.20562435686588287,0.20562435686588287
2317,2317,0.0007861080812290311,,,,,,,,,
2318,2318,,,0.9685129523277283,0.8008726239204407,0.7677611708641052,0.8146283626556396,0.12195048481225967,0.2282206118106842,0.2057667374610901,0.20562435686588287
2318,2318,0.0008191554807126522,,,,,,,,,
2319,2319,,,0.9638135433197021,0.8119035363197327,0.7744747400283813,0.8103194832801819,0.12469232082366943,0.23375505208969116,0.20557288825511932,0.20557288825511932
2319,2319,0.0008784186793491244,,,,,,,,,
2320,2320,,,0.9701943397521973,0.7984005212783813,0.7648595571517944,0.8161673545837402,0.12115633487701416,0.2269599437713623,0.2059175819158554,0.20557288825511932
2320,2320,0.000984310987405479,,,,,,,,,
2321,2321,,,0.961835503578186,0.818188488483429,0.7753374576568604,0.8087944388389587,0.1259559839963913,0.23692217469215393,0.20556814968585968,0.20556814968585968
2321,2321,0.0011686206562444568,,,,,,,,,
2322,2322,,,0.9728902578353882,0.7956821918487549,0.7601374983787537,0.8189564347267151,0.1198919266462326,0.2256462275981903,0.20636063814163208,0.20556814968585968
2322,2322,0.0014807813568040729,,,,,,,,,
2323,2323,,,0.9590633511543274,0.8287048935890198,0.7748233675956726,0.8072014451026917,0.12780745327472687,0.24221311509609222,0.20574110746383667,0.20556814968585968
2323,2323,0.001964742550626397,,,,,,,,,
2324,2324,,,0.975834310054779,0.7943369150161743,0.7554237246513367,0.8220299482345581,0.11857161670923233,0.22512170672416687,0.2070275992155075,0.20556814968585968
2324,2324,0.0026263713371008635,,,,,,,,,
2325,2325,,,0.9579183459281921,0.8360608816146851,0.77363520860672,0.8065923452377319,0.12917912006378174,0.24555231630802155,0.20597109198570251,0.20556814968585968
2325,2325,0.0032655929680913687,,,,,,,,,
2326,2326,,,0.9746135473251343,0.7939931154251099,0.7579512000083923,0.8196241855621338,0.1190350279211998,0.22519026696681976,0.20641258358955383,0.20556814968585968
2326,2326,0.003482283093035221,,,,,,,,,
2327,2327,,,0.9641497135162354,0.8218685388565063,0.7731069922447205,0.8084115982055664,0.12744726240634918,0.23763610422611237,0.20562048256397247,0.20556814968585968
2327,2327,0.0028232920449227095,,,,,,,,,
2328,2328,,,0.9647611975669861,0.8009834885597229,0.7703463435173035,0.8109422326087952,0.12268093973398209,0.2294866442680359,0.20475630462169647,0.20475630462169647
2328,2328,0.0016224770806729794,,,,,,,,,
2329,2329,,,0.9750393629074097,0.8020103573799133,0.7658829689025879,0.81484454870224,0.12316182255744934,0.22772979736328125,0.20610618591308594,0.20475630462169647
2329,2329,0.0008337573381140828,,,,,,,,,
2330,2330,,,0.9548423290252686,0.8198056221008301,0.7761569023132324,0.807372510433197,0.12617293000221252,0.2391136884689331,0.2050357162952423,0.20475630462169647
2330,2330,0.0010367422364652157,,,,,,,,,
2331,2331,,,0.9758594632148743,0.7980236411094666,0.760057806968689,0.818372368812561,0.1205567792057991,0.22584590315818787,0.20645979046821594,0.20475630462169647
2331,2331,0.0017192992381751537,,,,,,,,,
2332,2332,,,0.9590522050857544,0.8204404711723328,0.774322509765625,0.809252142906189,0.12614452838897705,0.23744630813598633,0.20556354522705078,0.20475630462169647
2332,2332,0.001934375031851232,,,,,,,,,
2333,2333,,,0.9648329019546509,0.8032326102256775,0.7684706449508667,0.8132448196411133,0.12240292131900787,0.22932571172714233,0.2053453028202057,0.20475630462169647
2333,2333,0.0014142392901703715,,,,,,,,,
2334,2334,,,0.9728448390960693,0.8056164383888245,0.7665700316429138,0.8151587247848511,0.12392160296440125,0.2288440465927124,0.2063240259885788,0.20475630462169647
2334,2334,0.0008379615028388798,,,,,,,,,
2335,2335,,,0.9544569253921509,0.8150197267532349,0.775693953037262,0.8096626996994019,0.12549133598804474,0.23697009682655334,0.20529595017433167,0.20475630462169647
2335,2335,0.0008853577892296016,,,,,,,,,
2336,2336,,,0.9771159887313843,0.8007310628890991,0.7623938918113708,0.8189578056335449,0.12246567010879517,0.2270403653383255,0.20710545778274536,0.20475630462169647
2336,2336,0.0013122595846652985,,,,,,,,,
2337,2337,,,0.9595015645027161,0.8129021525382996,0.7752335071563721,0.8112449645996094,0.1250542551279068,0.2353050857782364,0.2058216631412506,0.20475630462169647
2337,2337,0.0014098112005740404,,,,,,,,,
2338,2338,,,0.966759443283081,0.8047220706939697,0.7707404494285583,0.8139067888259888,0.12337257713079453,0.23054687678813934,0.20601680874824524,0.20475630462169647
2338,2338,0.0010346922790631652,,,,,,,,,
2339,2339,,,0.972927451133728,0.8023845553398132,0.7672839760780334,0.8158555626869202,0.12329769879579544,0.22874361276626587,0.20649318397045135,0.20475630462169647
2339,2339,0.0007402431219816208,,,,,,,,,
2340,2340,,,0.9573097825050354,0.8116048574447632,0.7759753465652466,0.8102308511734009,0.12533915042877197,0.235865518450737,0.20546267926692963,0.20475630462169647
2340,2340,0.0008862623944878578,,,,,,,,,
2341,2341,,,0.9749157428741455,0.8008251786231995,0.7651981711387634,0.8168641328811646,0.12344232201576233,0.22770340740680695,0.2066226303577423,0.20475630462169647
2341,2341,0.0011415347689762712,,,,,,,,,
2342,2342,,,0.9609784483909607,0.8072927594184875,0.7737509608268738,0.8114816546440125,0.1245061457157135,0.2328038066625595,0.20545929670333862,0.20475630462169647
2342,2342,0.001078257104381919,,,,,,,,,
2343,2343,,,0.9658551216125488,0.8071973323822021,0.7724027037620544,0.8123621344566345,0.12431058287620544,0.231549933552742,0.20580017566680908,0.20475630462169647
2343,2343,0.0008144680177792907,,,,,,,,,
2344,2344,,,0.9707492589950562,0.8010556101799011,0.767236590385437,0.8150407671928406,0.12233766913414001,0.22822205722332,0.2060050666332245,0.20475630462169647
2344,2344,0.0007472604047507048,,,,,,,,,
2345,2345,,,0.9594932198524475,0.810637891292572,0.7755228877067566,0.8104352951049805,0.12442269176244736,0.2345791906118393,0.20545950531959534,0.20475630462169647
2345,2345,0.0009087378275580704,,,,,,,,,
2346,2346,,,0.9711432456970215,0.8019264936447144,0.7679917216300964,0.8149265050888062,0.12288109213113785,0.22859030961990356,0.20611968636512756,0.20475630462169647
2346,2346,0.000985324033536017,,,,,,,,,
2347,2347,,,0.9644579291343689,0.8046203255653381,0.7720290422439575,0.8125633597373962,0.12368546426296234,0.23097117245197296,0.20560789108276367,0.20475630462169647
2347,2347,0.0008533071959391236,,,,,,,,,
2348,2348,,,0.9648984670639038,0.8079310655593872,0.7734853029251099,0.8119746446609497,0.12482459843158722,0.23225466907024384,0.2058028280735016,0.20475630462169647
2348,2348,0.000733529741410166,,,,,,,,,
2349,2349,,0.0007894344162195921,,,,,,,,
2349,2349,,,0.9704887270927429,0.8002563714981079,0.7674887180328369,0.815077006816864,0.12280820310115814,0.2281648814678192,0.2059963494539261,0.20475630462169647
2349,2349,0.0007894344162195921,,,,,,,,,
2350,2350,,,0.9631402492523193,0.8088428378105164,0.7743961811065674,0.811806857585907,0.12475785613059998,0.23314884305000305,0.2058250904083252,0.20475630462169647
2350,2350,0.0008859147201292217,,,,,,,,,
2351,2351,,,0.9683153629302979,0.8026758432388306,0.7699165940284729,0.8141692280769348,0.12319064885377884,0.2295222133398056,0.20597325265407562,0.20475630462169647
2351,2351,0.000851716729812324,,,,,,,,,
2352,2352,,,0.9679005742073059,0.8032115697860718,0.7702364921569824,0.8138346076011658,0.12329310178756714,0.22971339523792267,0.20590490102767944,0.20475630462169647
2352,2352,0.0007480729836970568,,,,,,,,,
2353,2353,,,0.9638246297836304,0.8076973557472229,0.7735189199447632,0.8120310306549072,0.12434767931699753,0.23224438726902008,0.20574067533016205,0.20475630462169647
2353,2353,0.0007335891714319587,,,,,,,,,
2354,2354,,,0.9698017239570618,0.8012486100196838,0.7679920792579651,0.8148518204689026,0.12283425033092499,0.22831951081752777,0.20596398413181305,0.20475630462169647
2354,2354,0.0008020722889341414,,,,,,,,,
2355,2355,,,0.9649688005447388,0.8073855638504028,0.7728721499443054,0.8124393224716187,0.12445369362831116,0.231697678565979,0.20582345128059387,0.20475630462169647
2355,2355,0.0008231562096625566,,,,,,,,,
2356,2356,,,0.9658451676368713,0.80427485704422,0.7711037993431091,0.8130455017089844,0.12363637983798981,0.23016346991062164,0.20567841827869415,0.20475630462169647
2356,2356,0.0007652193889953196,,,,,,,,,
2357,2357,,,0.9695168733596802,0.8035043478012085,0.7694404125213623,0.8138483762741089,0.12357541173696518,0.22905947268009186,0.20589648187160492,0.20475630462169647
2357,2357,0.0007235755329020321,,,,,,,,,
2358,2358,,,0.9635553359985352,0.8073388338088989,0.7734160423278809,0.8114334940910339,0.12431830912828445,0.2318643480539322,0.20548738539218903,0.20475630462169647
2358,2358,0.0007508114213123918,,,,,,,,,
2359,2359,,,0.969563901424408,0.8027788400650024,0.7691896557807922,0.8136422634124756,0.1233052983880043,0.22868919372558594,0.20575912296772003,0.20475630462169647
2359,2359,0.000784559000749141,,,,,,,,,
2360,2360,,,0.9662200808525085,0.8057243824005127,0.772045373916626,0.8119717240333557,0.12402399629354477,0.23053188621997833,0.20553302764892578,0.20475630462169647
2360,2360,0.0007649458129890263,,,,,,,,,
2361,2361,,,0.9657639265060425,0.8052105903625488,0.7720363736152649,0.8116633892059326,0.12390841543674469,0.23045098781585693,0.20538759231567383,0.20475630462169647
2361,2361,0.000725767866242677,,,,,,,,,
2362,2362,,,0.9701462388038635,0.8031784296035767,0.7694472670555115,0.8129041194915771,0.12364628911018372,0.22871153056621552,0.20561161637306213,0.20475630462169647
2362,2362,0.0007250274065881968,,,,,,,,,
2363,2363,,,0.9642802476882935,0.8063122630119324,0.773037314414978,0.8106613159179688,0.1243724599480629,0.23116786777973175,0.20517602562904358,0.20475630462169647
2363,2363,0.0007521268562413752,,,,,,,,,
2364,2364,,,0.9691334366798401,0.8036577105522156,0.7700827121734619,0.8123204708099365,0.1239759624004364,0.22900687158107758,0.20546536147594452,0.20475630462169647
2364,2364,0.0007566615240648389,,,,,,,,,
2365,2365,,,0.9667655229568481,0.8043613433837891,0.7712944149971008,0.8115307688713074,0.12407099455595016,0.22972428798675537,0.20526070892810822,0.20475630462169647
2365,2365,0.0007319782162085176,,,,,,,,,
2366,2366,,,0.9659357070922852,0.8058357834815979,0.7722551822662354,0.8109079599380493,0.1244046688079834,0.23043832182884216,0.20520955324172974,0.20475630462169647
2366,2366,0.0007167335133999586,,,,,,,,,
2367,2367,,,0.9691672325134277,0.8030330538749695,0.7696540355682373,0.8121457695960999,0.12373840808868408,0.22861996293067932,0.2053242176771164,0.20475630462169647
2367,2367,0.0007281337748281658,,,,,,,,,
2368,2368,,,0.965299129486084,0.8059279322624207,0.7724361419677734,0.8105894327163696,0.1244085431098938,0.23054535686969757,0.205100417137146,0.20475630462169647
2368,2368,0.0007405992946587503,,,,,,,,,
2369,2369,,,0.9680518507957458,0.8044184446334839,0.7707396745681763,0.8115097284317017,0.12423310428857803,0.22928565740585327,0.20525354146957397,0.20475630462169647
2369,2369,0.0007323355530388653,,,,,,,,,
2370,2370,,,0.9672811031341553,0.80401611328125,0.7707945704460144,0.8112351298332214,0.1241949200630188,0.2292437106370926,0.2051103562116623,0.20475630462169647
2370,2370,0.0007169279851950705,,,,,,,,,
2371,2371,,,0.9662426710128784,0.8060723543167114,0.7721542119979858,0.8103703856468201,0.12478907406330109,0.23024649918079376,0.20505130290985107,0.20475630462169647
2371,2371,0.0007161853718571365,,,,,,,,,
2372,2372,,,0.9685176014900208,0.8031764626502991,0.7699669003486633,0.8112722635269165,0.12407299131155014,0.228611558675766,0.20505070686340332,0.20475630462169647
2372,2372,0.0007262073340825737,,,,,,,,,
2373,2373,,,0.9666634202003479,0.8054893612861633,0.7718575596809387,0.8101729154586792,0.12462880462408066,0.22992047667503357,0.20494654774665833,0.20475630462169647
2373,2373,0.0007280340068973601,,,,,,,,,
2374,2374,,,0.967359185218811,0.8043302893638611,0.7710952162742615,0.8103963732719421,0.124352365732193,0.2292996644973755,0.20490331947803497,0.20475630462169647
2374,2374,0.0007183645502664149,,,,,,,,,
2375,2375,,,0.9682261347770691,0.8037542104721069,0.7705296277999878,0.810498058795929,0.12429296225309372,0.228852778673172,0.2048853486776352,0.20475630462169647
2375,2375,0.0007113381288945675,,,,,,,,,
2376,2376,,,0.9665067791938782,0.8054841756820679,0.7720106840133667,0.8095276951789856,0.12477666884660721,0.22986628115177155,0.20475129783153534,0.20475129783153534
2376,2376,0.0007146946736611426,,,,,,,,,
2377,2377,,,0.9683988094329834,0.8033245801925659,0.7702870965003967,0.8102781176567078,0.12431531399488449,0.22857023775577545,0.2047724425792694,0.20475129783153534
2377,2377,0.0007198962266556919,,,,,,,,,
2378,2378,,,0.9672456979751587,0.8048890829086304,0.7715102434158325,0.8095647692680359,0.12471355497837067,0.22939617931842804,0.204707533121109,0.204707533121109
2378,2378,0.0007175556384027004,,,,,,,,,
2379,2379,,,0.9670135378837585,0.804311990737915,0.7713404893875122,0.8095179796218872,0.12450000643730164,0.22919437289237976,0.2046276181936264,0.2046276181936264
2379,2379,0.0007110107690095901,,,,,,,,,
2380,2380,,,0.9685544967651367,0.8037575483322144,0.7705115079879761,0.8099121451377869,0.12438928335905075,0.22861570119857788,0.20470714569091797,0.2046276181936264
2380,2380,0.0007089917198754847,,,,,,,,,
2381,2381,,,0.9664185047149658,0.8049623966217041,0.7718706130981445,0.8090404272079468,0.12463067471981049,0.22950728237628937,0.2045375108718872,0.2045375108718872
2381,2381,0.0007121410453692079,,,,,,,,,
2382,2382,,,0.9683590531349182,0.8036954998970032,0.7705460786819458,0.8097459673881531,0.12441495805978775,0.22853778302669525,0.20463812351226807,0.2045375108718872
2382,2382,0.0007136978092603385,,,,,,,,,
2383,2383,,,0.9672531485557556,0.8043914437294006,0.7713028192520142,0.8093099594116211,0.12461478263139725,0.22902624309062958,0.2045641839504242,0.2045375108718872
2383,2383,0.0007104622782208025,,,,,,,,,
2384,2384,,,0.9671761393547058,0.8044189810752869,0.7713606953620911,0.8092148900032043,0.12466465681791306,0.22903653979301453,0.2045375406742096,0.2045375108718872
2384,2384,0.0007066071848385036,,,,,,,,,
2385,2385,,,0.9683597087860107,0.8035805821418762,0.7705313563346863,0.8095912337303162,0.12451685965061188,0.22843994200229645,0.20457889139652252,0.2045375108718872
2385,2385,0.0007064223755151033,,,,,,,,,
2386,2386,,,0.9667364358901978,0.8045817017555237,0.7716389298439026,0.8089306950569153,0.12474555522203445,0.22918204963207245,0.20446552336215973,0.20446552336215973
2386,2386,0.0007083702948875725,,,,,,,,,
2387,2387,,,0.9682576060295105,0.8037049174308777,0.7706802487373352,0.8094691038131714,0.12460669130086899,0.22848545014858246,0.20455597341060638,0.20446552336215973
2387,2387,0.0007083407836034894,,,,,,,,,
2388,2388,,,0.9673317670822144,0.803948700428009,0.7711538076400757,0.8091592192649841,0.12466593831777573,0.22875352203845978,0.20447395741939545,0.20446552336215973
2388,2388,0.0007057592156343162,,,,,,,,,
2389,2389,,,0.9674161076545715,0.8043489456176758,0.7713322043418884,0.8090513944625854,0.12481875717639923,0.2288684844970703,0.20448468625545502,0.20446552336215973
2389,2389,0.0007036583847366273,,,,,,,,,
2390,2390,,,0.9680454730987549,0.8034060597419739,0.7706543207168579,0.809326171875,0.12460976839065552,0.22834512591362,0.20447544753551483,0.20446552336215973
2390,2390,0.0007038302719593048,,,,,,,,,
2391,2391,,,0.9671546220779419,0.8044648170471191,0.7715200781822205,0.808837354183197,0.1248946562409401,0.22893479466438293,0.20442885160446167,0.20442885160446167
2391,2391,0.0007046677637845278,,,,,,,,,
2392,2392,,,0.9678495526313782,0.8036249876022339,0.7708619236946106,0.8091343641281128,0.12472698837518692,0.22843417525291443,0.20443738996982574,0.20442885160446167
2392,2392,0.000703992962371558,,,,,,,,,
2393,2393,,,0.9675760865211487,0.8038997650146484,0.7711110711097717,0.8089377880096436,0.12482597678899765,0.2285771518945694,0.20440280437469482,0.20440280437469482
2393,2393,0.0007020818302407861,,,,,,,,,
2394,2394,,,0.9673633575439453,0.8041878342628479,0.771338939666748,0.8087462782859802,0.12491966038942337,0.2287077009677887,0.2043711543083191,0.2043711543083191
2394,2394,0.0007008217507973313,,,,,,,,,
2395,2395,,,0.9680066108703613,0.8034670352935791,0.7707551717758179,0.8089762330055237,0.12476001679897308,0.2282649278640747,0.20437116920948029,0.2043711543083191
2395,2395,0.0007009025430306792,,,,,,,,,
2396,2396,,,0.9673653244972229,0.8042948842048645,0.7714175581932068,0.8085838556289673,0.12497004121541977,0.22871726751327515,0.20433317124843597,0.20433317124843597
2396,2396,0.0007011492853052914,,,,,,,,,
2397,2397,,,0.9678103923797607,0.8036174774169922,0.7709423303604126,0.808779776096344,0.1248101219534874,0.22834350168704987,0.2043265998363495,0.2043265998363495
2397,2397,0.0007004184881225228,,,,,,,,,
2398,2398,,,0.9678967595100403,0.803893506526947,0.7710736393928528,0.8086754083633423,0.12491840869188309,0.22842593491077423,0.20432788133621216,0.2043265998363495
2398,2398,0.0006990647525526583,,,,,,,,,
2399,2399,,0.0006981818587519228,,,,,,,,
2399,2399,,,0.9674767255783081,0.803985595703125,0.7712903022766113,0.8084744215011597,0.12495946139097214,0.22854314744472504,0.20427206158638,0.20427206158638
2399,2399,0.0006981818587519228,,,,,,,,,
2400,2400,,,0.9682725071907043,0.8035771250724792,0.7708047032356262,0.8087143898010254,0.12491675466299057,0.22818809747695923,0.20431078970432281,0.20427206158638
2400,2400,0.0006980520556680858,,,,,,,,,
2401,2401,,,0.9675014615058899,0.8040795922279358,0.7713432908058167,0.8083879947662354,0.12504026293754578,0.22853830456733704,0.20425474643707275,0.20425474643707275
2401,2401,0.000697946990840137,,,,,,,,,
2402,2402,,,0.9681001305580139,0.803723931312561,0.7709497213363647,0.8085785508155823,0.12497620284557343,0.2282467484474182,0.20428059995174408,0.20425474643707275
2402,2402,0.0006972536211833358,,,,,,,,,
2403,2403,,,0.9679299592971802,0.8038316369056702,0.7710627317428589,0.8084633350372314,0.12500016391277313,0.2283007949590683,0.20425240695476532,0.20425240695476532
2403,2403,0.0006962272454984486,,,,,,,,,
2404,2404,,,0.9677574634552002,0.8040128350257874,0.7712132930755615,0.8083287477493286,0.12505334615707397,0.22838687896728516,0.20422667264938354,0.20422667264938354
2404,2404,0.0006954935379326344,,,,,,,,,
2405,2405,,,0.9682633280754089,0.8036428689956665,0.7708421349525452,0.8084874749183655,0.12499779462814331,0.22810807824134827,0.20423977077007294,0.20422667264938354
2405,2405,0.0006952082039788365,,,,,,,,,
2406,2406,,,0.967677116394043,0.8040380477905273,0.7712541818618774,0.8082099556922913,0.12511172890663147,0.22836759686470032,0.20418845117092133,0.20418845117092133
2406,2406,0.0006949476664885879,,,,,,,,,
2407,2407,,,0.9681911468505859,0.8037468791007996,0.7709311246871948,0.8083357214927673,0.12508690357208252,0.22812195122241974,0.20420168340206146,0.20418845117092133
2407,2407,0.0006943516782484949,,,,,,,,,
2408,2408,,,0.967979371547699,0.8037760853767395,0.7710440754890442,0.808198869228363,0.1251104325056076,0.228168323636055,0.20416152477264404,0.20416152477264404
2408,2408,0.0006935442215763032,,,,,,,,,
2409,2409,,,0.9680153131484985,0.8039538264274597,0.7711394429206848,0.8081024289131165,0.1251847743988037,0.22821567952632904,0.2041526436805725,0.2041526436805725
2409,2409,0.000692885194439441,,,,,,,,,
2410,2410,,,0.9682353138923645,0.8035637140274048,0.7708880305290222,0.8081717491149902,0.1251107156276703,0.22800298035144806,0.2041357308626175,0.2041357308626175
2410,2410,0.0006924882181920111,,,,,,,,,
2411,2411,,,0.9679940938949585,0.8039560914039612,0.771193265914917,0.8079640865325928,0.12523888051509857,0.22819799184799194,0.2041129767894745,0.2041129767894745
2411,2411,0.0006921340245753527,,,,,,,,,
2412,2412,,,0.9682302474975586,0.8035944104194641,0.7709487080574036,0.8080247640609741,0.12517781555652618,0.22798752784729004,0.20409616827964783,0.20409616827964783
2412,2412,0.0006915943813510239,,,,,,,,,
2413,2413,,,0.968209445476532,0.8037399053573608,0.77104651927948,0.8079107403755188,0.1252480000257492,0.22803346812725067,0.20407754182815552,0.20407754182815552
2413,2413,0.0006909119547344744,,,,,,,,,
2414,2414,,,0.9680966734886169,0.8037424087524414,0.7711015343666077,0.8078159689903259,0.12527115643024445,0.22804445028305054,0.20404762029647827,0.20404762029647827
2414,2414,0.0006902858731336892,,,,,,,,,
2415,2415,,,0.9683703184127808,0.8035462498664856,0.7709128856658936,0.8078693747520447,0.12525489926338196,0.2278878539800644,0.2040456384420395,0.2040456384420395
2415,2415,0.0006898168358020484,,,,,,,,,
2416,2416,,,0.9680765867233276,0.80378657579422,0.7711520791053772,0.807680606842041,0.1253347098827362,0.2280292809009552,0.20401011407375336,0.20401011407375336
2416,2416,0.0006894069374538958,,,,,,,,,
2417,2417,,,0.9683518409729004,0.8035193085670471,0.7709286212921143,0.8077370524406433,0.12530119717121124,0.22784654796123505,0.2040017694234848,0.2040017694234848
2417,2417,0.0006889115320518613,,,,,,,,,
2418,2418,,,0.968253493309021,0.8036388754844666,0.771039605140686,0.8076171278953552,0.12535855174064636,0.22789809107780457,0.20397713780403137,0.20397713780403137
2418,2418,0.0006883158930577338,,,,,,,,,
2419,2419,,,0.9682281017303467,0.803595781326294,0.7710462212562561,0.8075542449951172,0.12537476420402527,0.22787438333034515,0.20395389199256897,0.20395389199256897
2419,2419,0.0006877259002067149,,,,,,,,,
2420,2420,,,0.9684458374977112,0.8034720420837402,0.7709215879440308,0.8075722455978394,0.1253827065229416,0.22776781022548676,0.20394986867904663,0.20394986867904663
2420,2420,0.0006872205995023251,,,,,,,,,
2421,2421,,,0.968193531036377,0.8036068081855774,0.7711023092269897,0.8074054718017578,0.12544184923171997,0.22786346077919006,0.20391149818897247,0.20391149818897247
2421,2421,0.0006867741467431188,,,,,,,,,
2422,2422,,,0.9685154557228088,0.8034262657165527,0.7709118723869324,0.8074509501457214,0.12544122338294983,0.2277076095342636,0.20391082763671875,0.20391082763671875
2422,2422,0.0006862987065687776,,,,,,,,,
2423,2423,,,0.9683229923248291,0.8034981489181519,0.7710372805595398,0.8073170185089111,0.12548419833183289,0.22776587307453156,0.20387627184391022,0.20387627184391022
2423,2423,0.0006857625558041036,,,,,,,,,
2424,2424,,,0.9684572219848633,0.8034826517105103,0.7709940671920776,0.8072879314422607,0.12551471590995789,0.2277134507894516,0.20386762917041779,0.20386762917041779
2424,2424,0.0006852027727290988,,,,,,,,,
2425,2425,,,0.9684751629829407,0.8033605813980103,0.7709416151046753,0.8072476983070374,0.12550635635852814,0.22764652967453003,0.20384272933006287,0.20384272933006287
2425,2425,0.0006846798351034522,,,,,,,,,
2426,2426,,,0.9684295654296875,0.8035131692886353,0.7710477709770203,0.807133138179779,0.12557242810726166,0.22770270705223083,0.20382414758205414,0.20382414758205414
2426,2426,0.0006842027651146054,,,,,,,,,
2427,2427,,,0.9685598015785217,0.8033049702644348,0.7709075212478638,0.807138979434967,0.12554845213890076,0.22757454216480255,0.20380491018295288,0.20380491018295288
2427,2427,0.0006837312830612063,,,,,,,,,
2428,2428,,,0.968493640422821,0.8034527897834778,0.7710166573524475,0.8070258498191833,0.12561841309070587,0.2276296764612198,0.2037854790687561,0.2037854790687561
2428,2428,0.0006832281360402703,,,,,,,,,
2429,2429,,,0.9685384035110474,0.8033419251441956,0.7709559798240662,0.8070003986358643,0.1256207674741745,0.22756104171276093,0.20376631617546082,0.20376631617546082
2429,2429,0.000682698329910636,,,,,,,,,
2430,2430,,,0.968613862991333,0.8033414483070374,0.770941436290741,0.8069543242454529,0.12565211951732635,0.22752751410007477,0.20375332236289978,0.20375332236289978
2430,2430,0.0006821756833232939,,,,,,,,,
2431,2431,,,0.9685295820236206,0.8033788204193115,0.7710078954696655,0.8068574070930481,0.12568306922912598,0.2275470495223999,0.2037273794412613,0.2037273794412613
2431,2431,0.000681680568959564,,,,,,,,,
2432,2432,,,0.9687057733535767,0.8032610416412354,0.7708988785743713,0.8068660497665405,0.1256828010082245,0.22744996845722198,0.2037201076745987,0.2037201076745987
2432,2432,0.000681203615386039,,,,,,,,,
2433,2433,,,0.9685893654823303,0.8033496141433716,0.7710039019584656,0.806757390499115,0.1257283240556717,0.22749727964401245,0.20369581878185272,0.20369581878185272
2433,2433,0.0006807177560403943,,,,,,,,,
2434,2434,,,0.968717098236084,0.8032573461532593,0.770924985408783,0.8067508935928345,0.12573851644992828,0.22741812467575073,0.20368579030036926,0.20368579030036926
2434,2434,0.0006802153075113893,,,,,,,,,
2435,2435,,,0.9687047600746155,0.803268313407898,0.7709491848945618,0.8066840171813965,0.12577277421951294,0.22741182148456573,0.20366697013378143,0.20366697013378143
2435,2435,0.0006797039532102644,,,,,,,,,
2436,2436,,,0.9687071442604065,0.803277850151062,0.7709671258926392,0.8066208958625793,0.12580539286136627,0.22739958763122559,0.20364905893802643,0.20364905893802643
2436,2436,0.0006792039494030178,,,,,,,,,
2437,2437,,,0.9688061475753784,0.8031992316246033,0.7709037661552429,0.8066051602363586,0.12581516802310944,0.22733135521411896,0.20363707840442657,0.20363707840442657
2437,2437,0.0006787184975109994,,,,,,,,,
2438,2438,,,0.9687243700027466,0.8032665848731995,0.7709808945655823,0.8065133094787598,0.12585557997226715,0.22736309468746185,0.20361575484275818,0.20361575484275818
2438,2438,0.0006782386917620897,,,,,,,,,
2439,2439,,,0.9688466191291809,0.8031762838363647,0.7709029316902161,0.8065038323402405,0.1258617490530014,0.2272840440273285,0.203604593873024,0.203604593873024
2439,2439,0.0006777537055313587,,,,,,,,,
2440,2440,,,0.9687947034835815,0.8032077550888062,0.7709521055221558,0.8064232468605042,0.125895693898201,0.22729246318340302,0.20358304679393768,0.20358304679393768
2440,2440,0.0006772588239982724,,,,,,,,,
2441,2441,,,0.9688547253608704,0.8031872510910034,0.7709331512451172,0.8063854575157166,0.12592294812202454,0.22725725173950195,0.2035704255104065,0.2035704255104065
2441,2441,0.0006767621380276978,,,,,,,,,
2442,2442,,,0.9688767194747925,0.8031355738639832,0.7709145545959473,0.806343674659729,0.12594027817249298,0.227216899394989,0.2035527527332306,0.2035527527332306
2442,2442,0.0006762745324522257,,,,,,,,,
2443,2443,,,0.9688663482666016,0.8031870126724243,0.770959734916687,0.8062726855278015,0.1259845495223999,0.22722552716732025,0.20353709161281586,0.20353709161281586
2443,2443,0.0006757931550964713,,,,,,,,,
2444,2444,,,0.9689340591430664,0.8030853271484375,0.7709009051322937,0.8062517642974854,0.12598928809165955,0.22715887427330017,0.20352140069007874,0.20352140069007874
2444,2444,0.0006753152119927108,,,,,,,,,
2445,2445,,,0.968926727771759,0.8031464219093323,0.7709511518478394,0.8061762452125549,0.1260351687669754,0.22717051208019257,0.20350557565689087,0.20350557565689087
2445,2445,0.0006748340674676001,,,,,,,,,
2446,2446,,,0.9689531922340393,0.8030693531036377,0.7709180116653442,0.8061433434486389,0.12604385614395142,0.22712016105651855,0.20348794758319855,0.20348794758319855
2446,2446,0.0006743481499142945,,,,,,,,,
2447,2447,,,0.9690017104148865,0.803085446357727,0.7709221243858337,0.8060969710350037,0.12608034908771515,0.2271023690700531,0.20347662270069122,0.20347662270069122
2447,2447,0.000673863454721868,,,,,,,,,
2448,2448,,,0.9689637422561646,0.8030640482902527,0.770940899848938,0.8060349822044373,0.12610149383544922,0.2270878404378891,0.2034553587436676,0.2034553587436676
2448,2448,0.0006733823684044182,,,,,,,,,
2449,2449,,0.0006729061715304852,,,,,,,,
2449,2449,,,0.9690723419189453,0.80303555727005,0.7708985805511475,0.806013286113739,0.12612783908843994,0.22703711688518524,0.2034471035003662,0.2034471035003662
2449,2449,0.0006729061715304852,,,,,,,,,
2450,2450,,,0.9689927101135254,0.8030385375022888,0.770945131778717,0.8059360384941101,0.1261543184518814,0.22704368829727173,0.20342357456684113,0.20342357456684113
2450,2450,0.0006724321865476668,,,,,,,,,
2451,2451,,,0.9691176414489746,0.8030093312263489,0.7708963751792908,0.8059214949607849,0.1261814683675766,0.22698915004730225,0.2034175992012024,0.2034175992012024
2451,2451,0.0006719563971273601,,,,,,,,,
2452,2452,,,0.9690412878990173,0.8029903173446655,0.7709311246871948,0.8058513402938843,0.12620200216770172,0.22698497772216797,0.20339375734329224,0.20339375734329224
2452,2452,0.0006714797345921397,,,,,,,,,
2453,2453,,,0.9691485166549683,0.8030018210411072,0.7709096670150757,0.8058222532272339,0.1262402981519699,0.22695179283618927,0.2033877670764923,0.2033877670764923
2453,2453,0.0006710024899803102,,,,,,,,,
2454,2454,,,0.9690998196601868,0.802931010723114,0.7709090113639832,0.805768609046936,0.1262476146221161,0.22692126035690308,0.20336374640464783,0.20336374640464783
2454,2454,0.0006705293199047446,,,,,,,,,
2455,2455,,,0.969187319278717,0.802993893623352,0.7709211111068726,0.8057244420051575,0.12629877030849457,0.22691234946250916,0.2033585011959076,0.2033585011959076
2455,2455,0.0006700585945509374,,,,,,,,,
2456,2456,,,0.9691399335861206,0.8028808832168579,0.7708994746208191,0.8056814670562744,0.1262950748205185,0.22686700522899628,0.20333340764045715,0.20333340764045715
2456,2456,0.0006695912452414632,,,,,,,,,
2457,2457,,,0.969248354434967,0.8029690384864807,0.7709161639213562,0.8056351542472839,0.1263553947210312,0.22686274349689484,0.20333048701286316,0.20333048701286316
2457,2457,0.000669123197440058,,,,,,,,,
2458,2458,,,0.9691558480262756,0.802843451499939,0.7709056735038757,0.8055819272994995,0.12634655833244324,0.2268216460943222,0.20330031216144562,0.20330031216144562
2458,2458,0.0006686566630378366,,,,,,,,,
2459,2459,,,0.9693315029144287,0.8029356002807617,0.7708976864814758,0.8055532574653625,0.12641151249408722,0.22680459916591644,0.2033039629459381,0.20330031216144562
2459,2459,0.000668191525619477,,,,,,,,,
2460,2460,,,0.969154417514801,0.8028081059455872,0.7709190249443054,0.8054791688919067,0.126397967338562,0.22678224742412567,0.20326635241508484,0.20326635241508484
2460,2460,0.0006677299970760942,,,,,,,,,
2461,2461,,,0.9694212675094604,0.8029112219810486,0.7708797454833984,0.8054738640785217,0.12646952271461487,0.22674700617790222,0.20327898859977722,0.20326635241508484
2461,2461,0.0006672727758996189,,,,,,,,,
2462,2462,,,0.9691447615623474,0.8027598857879639,0.7709287405014038,0.8053781986236572,0.12644459307193756,0.22673963010311127,0.20323137938976288,0.20323137938976288
2462,2462,0.0006668212008662522,,,,,,,,,
2463,2463,,,0.969523012638092,0.80290687084198,0.7708668112754822,0.8053927421569824,0.12653419375419617,0.22669583559036255,0.20325586199760437,0.20323137938976288
2463,2463,0.000666378706227988,,,,,,,,,
2464,2464,,,0.969120442867279,0.8026872277259827,0.7709309458732605,0.8052794337272644,0.12648478150367737,0.22668954730033875,0.20319408178329468,0.20319408178329468
2464,2464,0.0006659446517005563,,,,,,,,,
2465,2465,,,0.9696399569511414,0.8029294013977051,0.7708597183227539,0.8053123354911804,0.12660808861255646,0.2266514152288437,0.20323589444160461,0.20319408178329468
2465,2465,0.0006655264878645539,,,,,,,,,
2466,2466,,,0.9690700173377991,0.8025863170623779,0.7709290385246277,0.8051809072494507,0.12651638686656952,0.22663655877113342,0.20315372943878174,0.20315372943878174
2466,2466,0.0006651311414316297,,,,,,,,,
2467,2467,,,0.9697995781898499,0.8029814958572388,0.7708480954170227,0.8052369356155396,0.12669135630130768,0.2266077995300293,0.20322081446647644,0.20315372943878174
2467,2467,0.0006647707195952535,,,,,,,,,
2468,2468,,,0.968960165977478,0.8024545907974243,0.7709318995475769,0.8050733804702759,0.12653620541095734,0.22658534348011017,0.20310647785663605,0.20310647785663605
2468,2468,0.0006644645472988486,,,,,,,,,
2469,2469,,,0.9700405597686768,0.8030704855918884,0.7708171606063843,0.8051756620407104,0.1267894208431244,0.22656074166297913,0.20321448147296906,0.20310647785663605
2469,2469,0.0006642427761107683,,,,,,,,,
2470,2470,,,0.9687473773956299,0.8022790551185608,0.77094566822052,0.8049497008323669,0.1265394389629364,0.22653982043266296,0.20304784178733826,0.20304784178733826
2470,2470,0.0006641502841375768,,,,,,,,,
2471,2471,,,0.9704123139381409,0.8032227754592896,0.7707514762878418,0.8051354289054871,0.12691104412078857,0.2265075445175171,0.20322155952453613,0.20304784178733826
2471,2471,0.0006642657099291682,,,,,,,,,
2472,2472,,,0.9683794975280762,0.8020253777503967,0.7709630727767944,0.8048002123832703,0.1265125423669815,0.22650066018104553,0.20297002792358398,0.20297002792358398
2472,2472,0.000664710474666208,,,,,,,,,
2473,2473,,,0.9709932804107666,0.803493082523346,0.7706236243247986,0.805126428604126,0.1270722597837448,0.22645004093647003,0.20324982702732086,0.20297002792358398
2473,2473,0.0006656812038272619,,,,,,,,,
2474,2474,,,0.9677641987800598,0.8016377091407776,0.7709622979164124,0.8046144247055054,0.12643378973007202,0.22646650671958923,0.2028605341911316,0.2028605341911316
2474,2474,0.0006675134063698351,,,,,,,,,
2475,2475,,,0.9719241857528687,0.8039715886116028,0.7703583836555481,0.8051660656929016,0.12730339169502258,0.2263910174369812,0.20331084728240967,0.2028605341911316
2475,2475,0.0006707284483127296,,,,,,,,,
2476,2476,,,0.9667556881904602,0.8010311126708984,0.7708823680877686,0.8043684959411621,0.12626829743385315,0.22643598914146423,0.20269542932510376,0.20269542932510376
2476,2476,0.000676231284160167,,,,,,,,,
2477,2477,,,0.973455548286438,0.8048144578933716,0.7697548270225525,0.8052845001220703,0.12765061855316162,0.22633109986782074,0.2034192979335785,0.20269542932510376
2477,2477,0.0006854181410744786,,,,,,,,,
2478,2478,,,0.9651318788528442,0.8000948429107666,0.77056884765625,0.8040251135826111,0.12596029043197632,0.22641512751579285,0.2024347186088562,0.2024347186088562
2478,2478,0.0007007693056948483,,,,,,,,,
2479,2479,,,0.9760101437568665,0.8062940835952759,0.7683457732200623,0.8055377006530762,0.1281876564025879,0.22627170383930206,0.20359206199645996,0.2024347186088562
2479,2479,0.0007258925470523536,,,,,,,,,
2480,2480,,,0.9626373648643494,0.7987297177314758,0.769682765007019,0.8035174608230591,0.12543413043022156,0.2264111340045929,0.2020138055086136,0.2020138055086136
2480,2480,0.0007673125364817679,,,,,,,,,
2481,2481,,,0.980201780796051,0.8088250756263733,0.7653906345367432,0.8060115575790405,0.1290109008550644,0.22622625529766083,0.2038528472185135,0.2020138055086136
2481,2481,0.0008331279968842864,,,,,,,,,
2482,2482,,,0.9592322111129761,0.7970154285430908,0.767754077911377,0.8027642965316772,0.12462828308343887,0.2264264076948166,0.20137262344360352,0.20137262344360352
2482,2482,0.0009377144742757082,,,,,,,,,
2483,2483,,,0.9863025546073914,0.8126814365386963,0.7607873678207397,0.8067873120307922,0.1301470696926117,0.22625106573104858,0.20425254106521606,0.20137262344360352
2483,2483,0.001090347534045577,,,,,,,,,
2484,2484,,,0.9558249115943909,0.7955548763275146,0.765059232711792,0.8017573952674866,0.12368237972259521,0.22641901671886444,0.20060229301452637,0.20060229301452637
2484,2484,0.0013047080719843507,,,,,,,,,
2485,2485,,,0.9917567372322083,0.816397488117218,0.7567802667617798,0.8077455759048462,0.1311851590871811,0.22647736966609955,0.20472940802574158,0.20060229301452637
2485,2485,0.0015436883550137281,,,,,,,,,
2486,2486,,,0.95491623878479,0.7953777313232422,0.7643840312957764,0.8008875250816345,0.12333899736404419,0.2262568175792694,0.20021122694015503,0.20021122694015503
2486,2486,0.0017558610998094082,,,,,,,,,
2487,2487,,,0.9884845614433289,0.8147182464599609,0.7589536309242249,0.8080160021781921,0.13082166016101837,0.2268924117088318,0.20475007593631744,0.20021122694015503
2487,2487,0.001774342032149434,,,,,,,,,
2488,2488,,,0.9597582221031189,0.7973999977111816,0.7687253952026367,0.8014842867851257,0.124722421169281,0.22602708637714386,0.20107275247573853,0.20021122694015503
2488,2488,0.0015473972307518125,,,,,,,,,
2489,2489,,,0.9745087027549744,0.806050717830658,0.7691405415534973,0.8060730695724487,0.12827947735786438,0.22685715556144714,0.20376737415790558,0.20021122694015503
2489,2489,0.001111494144424796,,,,,,,,,
2490,2490,,,0.9713672399520874,0.8034747838973999,0.770761251449585,0.8046723008155823,0.12747903168201447,0.2263641506433487,0.2031450718641281,0.20021122694015503
2490,2490,0.000747334270272404,,,,,,,,,
2491,2491,,,0.9625944495201111,0.7990419268608093,0.7704193592071533,0.8027737140655518,0.1255696713924408,0.22623857855796814,0.20183919370174408,0.20021122694015503
2491,2491,0.0006636714679189026,,,,,,,,,
2492,2492,,,0.9813694953918457,0.8103830814361572,0.7641199231147766,0.8078594207763672,0.12972082197666168,0.22699880599975586,0.20450922846794128,0.20021122694015503
2492,2492,0.0008427800494246185,,,,,,,,,
2493,2493,,,0.9596177935600281,0.7974266409873962,0.7687488794326782,0.801876425743103,0.125077486038208,0.22608540952205658,0.2011914700269699,0.20021122694015503
2493,2493,0.001067277160473168,,,,,,,,,
2494,2494,,,0.9789932370185852,0.8090323209762573,0.7658130526542664,0.8073976039886475,0.12973909080028534,0.2268429547548294,0.20429302752017975,0.20021122694015503
2494,2494,0.001107594813220203,,,,,,,,,
2495,2495,,,0.9651158452033997,0.8003610968589783,0.7711504101753235,0.8040798902511597,0.12680715322494507,0.2264057844877243,0.20250898599624634,0.20021122694015503
2495,2495,0.0009386690799146891,,,,,,,,,
2496,2496,,,0.9686418175697327,0.8020321130752563,0.7712693810462952,0.8048883080482483,0.12747333943843842,0.2263965606689453,0.20303615927696228,0.20021122694015503
2496,2496,0.000721431861165911,,,,,,,,,
2497,2497,,,0.9748699069023132,0.8062843084335327,0.7688943147659302,0.806617259979248,0.12873204052448273,0.22668994963169098,0.2039276659488678,0.20021122694015503
2497,2497,0.000654839095659554,,,,,,,,,
2498,2498,,,0.9622660875320435,0.7986151576042175,0.7701302766799927,0.8032020926475525,0.12568774819374084,0.22617940604686737,0.20190675556659698,0.20021122694015503
2498,2498,0.0007564292172901332,,,,,,,,,
2499,2499,,0.0008756421157158911,,,,,,,,
2499,2499,,,0.9782992601394653,0.8079386949539185,0.7666034698486328,0.8072971105575562,0.12932999432086945,0.22679206728935242,0.20423978567123413,0.20021122694015503
2499,2499,0.0008756421157158911,,,,,,,,,
2500,2500,,,0.9642452001571655,0.7999252080917358,0.7710298299789429,0.8033681511878967,0.1265157163143158,0.22614902257919312,0.20219214260578156,0.20021122694015503
2500,2500,0.0008748769760131836,,,,,,,,,
2501,2501,,,0.9713892936706543,0.8035515546798706,0.7705339193344116,0.8055484294891357,0.12821157276630402,0.22641752660274506,0.20340393483638763,0.20021122694015503
2501,2501,0.0007592352339997888,,,,,,,,,
2502,2502,,,0.972053587436676,0.8041446805000305,0.7705244421958923,0.8051613569259644,0.12838423252105713,0.22640949487686157,0.2033480703830719,0.20021122694015503
2502,2502,0.0006602239445783198,,,,,,,,,
2503,2503,,,0.9649210572242737,0.7999178171157837,0.7708789110183716,0.8032803535461426,0.12646980583667755,0.2258942425251007,0.20217196643352509,0.20021122694015503
2503,2503,0.0006675037438981235,,,,,,,,,
2504,2504,,,0.9761918187141418,0.8065646886825562,0.7680994868278503,0.8064180016517639,0.12882456183433533,0.22659768164157867,0.20389330387115479,0.20021122694015503
2504,2504,0.000742577773053199,,,,,,,,,
2505,2505,,,0.965339720249176,0.799793004989624,0.771010160446167,0.8029276132583618,0.1262589395046234,0.22586235404014587,0.20209626853466034,0.20021122694015503
2505,2505,0.0007830926333554089,,,,,,,,,
2506,2506,,,0.9725245237350464,0.8040266036987305,0.7703098058700562,0.8054812550544739,0.12805885076522827,0.226261705160141,0.2034359723329544,0.20021122694015503
2506,2506,0.0007417932501994073,,,,,,,,,
2507,2507,,,0.9704403877258301,0.8026908040046692,0.7711181640625,0.8045819401741028,0.12788507342338562,0.22622576355934143,0.20305491983890533,0.20021122694015503
2507,2507,0.0006720561068505049,,,,,,,,,
2508,2508,,,0.9673144221305847,0.8003392219543457,0.7711056470870972,0.8036383390426636,0.12721100449562073,0.22577215731143951,0.20245696604251862,0.20021122694015503
2508,2508,0.0006480930023826659,,,,,,,,,
2509,2509,,,0.9743459820747375,0.8052485585212708,0.7695623636245728,0.8058743476867676,0.12903350591659546,0.2264096438884735,0.2036714404821396,0.20021122694015503
2509,2509,0.0006813281797803938,,,,,,,,,
2510,2510,,,0.9662635922431946,0.7996960282325745,0.771021842956543,0.8032101392745972,0.12696820497512817,0.22570228576660156,0.20222927629947662,0.20021122694015503
2510,2510,0.0007187185110524297,,,,,,,,,
2511,2511,,,0.972899854183197,0.8038117289543152,0.7702401876449585,0.8052734136581421,0.1284818798303604,0.22613699734210968,0.20337964594364166,0.20021122694015503
2511,2511,0.0007125437841750681,,,,,,,,,
2512,2512,,,0.9693508148193359,0.8019737601280212,0.771286129951477,0.804227888584137,0.1277237832546234,0.2259473353624344,0.2028433084487915,0.20021122694015503
2512,2512,0.0006734400521963835,,,,,,,,,
2513,2513,,,0.9687294960021973,0.8010664582252502,0.7711139917373657,0.8038648962974548,0.12751397490501404,0.22570526599884033,0.20263196527957916,0.20021122694015503
2513,2513,0.0006461293087340891,,,,,,,,,
2514,2514,,,0.9730560183525085,0.8042526841163635,0.7702141404151917,0.8051027059555054,0.12876833975315094,0.2261366844177246,0.20335154235363007,0.20021122694015503
2514,2514,0.0006546875811181962,,,,,,,,,
2515,2515,,,0.966838002204895,0.8001427054405212,0.7711039185523987,0.803183376789093,0.12733587622642517,0.22552861273288727,0.20226268470287323,0.20021122694015503
2515,2515,0.0006793256616219878,,,,,,,,,
2516,2516,,,0.9728192687034607,0.8037362098693848,0.7703458666801453,0.8047520518302917,0.1288347691297531,0.2260165959596634,0.2032172679901123,0.20021122694015503
2516,2516,0.0006864704773761332,,,,,,,,,
2517,2517,,,0.9691017866134644,0.8013797402381897,0.7712498307228088,0.803624153137207,0.12797710299491882,0.22570227086544037,0.2026078701019287,0.20021122694015503
2517,2517,0.0006687344284728169,,,,,,,,,
2518,2518,,,0.9695135354995728,0.8016475439071655,0.7712326049804688,0.8036725521087646,0.12808308005332947,0.22568373382091522,0.20265385508537292,0.20021122694015503
2518,2518,0.0006473493995144963,,,,,,,,,
2519,2519,,,0.9722155928611755,0.8033086657524109,0.770667314529419,0.8042673468589783,0.12873536348342896,0.2258850485086441,0.20303328335285187,0.20021122694015503
2519,2519,0.0006440175930038095,,,,,,,,,
2520,2520,,,0.9678168296813965,0.8005183339118958,0.7712533473968506,0.8029412627220154,0.12767958641052246,0.2254551500082016,0.2022719830274582,0.20021122694015503
2520,2520,0.0006566448137164116,,,,,,,,,
2521,2521,,,0.972446084022522,0.8036400079727173,0.7706076502799988,0.804182767868042,0.12889188528060913,0.22584639489650726,0.2030249834060669,0.20021122694015503
2521,2521,0.0006663078675046563,,,,,,,,,
2522,2522,,,0.9690819978713989,0.8011162281036377,0.7712322473526001,0.8030036091804504,0.1280670315027237,0.22546590864658356,0.20239172875881195,0.20021122694015503
2522,2522,0.0006612350698560476,,,,,,,,,
2523,2523,,,0.9702983498573303,0.8021261096000671,0.7711907029151917,0.8033626079559326,0.12847356498241425,0.2256184071302414,0.20261983573436737,0.20021122694015503
2523,2523,0.0006478430004790425,,,,,,,,,
2524,2524,,,0.9714105129241943,0.8026898503303528,0.7709235548973083,0.8035575747489929,0.12875014543533325,0.22560787200927734,0.20274609327316284,0.20021122694015503
2524,2524,0.0006405487074516714,,,,,,,,,
2525,2525,,,0.9686999917030334,0.8008601069450378,0.7713013291358948,0.802605926990509,0.12811729311943054,0.225370854139328,0.2022387832403183,0.20021122694015503
2525,2525,0.0006444863975048065,,,,,,,,,
2526,2526,,,0.9722310900688171,0.8032322525978088,0.7706934213638306,0.8036929965019226,0.1290121078491211,0.22565576434135437,0.2028437852859497,0.20021122694015503
2526,2526,0.0006519025191664696,,,,,,,,,
2527,2527,,,0.9691383242607117,0.8010377883911133,0.7713037729263306,0.802577018737793,0.12824702262878418,0.22532008588314056,0.20225977897644043,0.20021122694015503
2527,2527,0.0006529806414619088,,,,,,,,,
2528,2528,,,0.9710569977760315,0.8022567629814148,0.7710647583007812,0.8030745387077332,0.12876193225383759,0.22551126778125763,0.20256997644901276,0.20021122694015503
2528,2528,0.0006465386832132936,,,,,,,,,
2529,2529,,,0.9708784818649292,0.8020680546760559,0.7710503935813904,0.8030009865760803,0.12874408066272736,0.22542868554592133,0.20252202451229095,0.20021122694015503
2529,2529,0.0006397044635377824,,,,,,,,,
2530,2530,,,0.9694641828536987,0.8011907339096069,0.7713173627853394,0.8023620843887329,0.12846647202968597,0.22530357539653778,0.202223002910614,0.20021122694015503
2530,2530,0.0006386578897945583,,,,,,,,,
2531,2531,,,0.9720484614372253,0.8027341961860657,0.7707343101501465,0.8031461238861084,0.12909062206745148,0.22545920312404633,0.202641099691391,0.20021122694015503
2531,2531,0.0006424050661735237,,,,,,,,,
2532,2532,,,0.9692487120628357,0.8010361194610596,0.7712922692298889,0.8022142052650452,0.12845347821712494,0.22523227334022522,0.20215199887752533,0.20021122694015503
2532,2532,0.000645238091237843,,,,,,,,,
2533,2533,,,0.9714263677597046,0.802317202091217,0.7709394097328186,0.8027607798576355,0.12895873188972473,0.2253461480140686,0.2024785578250885,0.20021122694015503
2533,2533,0.0006435305112972856,,,,,,,,,
2534,2534,,,0.9704850912094116,0.801651656627655,0.7711177468299866,0.8024702072143555,0.12873882055282593,0.22526702284812927,0.20231732726097107,0.20021122694015503
2534,2534,0.0006390945636667311,,,,,,,,,
2535,2535,,,0.9700669646263123,0.8014116883277893,0.7712143659591675,0.802268922328949,0.12869395315647125,0.2252180129289627,0.20222629606723785,0.20021122694015503
2535,2535,0.0006361922132782638,,,,,,,,,
2536,2536,,,0.9715948104858398,0.8022493124008179,0.7708792090415955,0.8026639223098755,0.12909577786922455,0.22526928782463074,0.20244818925857544,0.20021122694015503
2536,2536,0.0006367485038936138,,,,,,,,,
2537,2537,,,0.9695184230804443,0.8009703159332275,0.7712624073028564,0.80202716588974,0.12867534160614014,0.22513620555400848,0.2021028995513916,0.20021122694015503
2537,2537,0.0006388559122569859,,,,,,,,,
2538,2538,,,0.9715073108673096,0.8021551966667175,0.7709141373634338,0.8026005029678345,0.12916162610054016,0.22522161900997162,0.20241984724998474,0.20021122694015503
2538,2538,0.0006394498632289469,,,,,,,,,
2539,2539,,,0.9701414704322815,0.8012838363647461,0.771216094493866,0.8021098375320435,0.12885066866874695,0.2251148372888565,0.2021721601486206,0.20021122694015503
2539,2539,0.0006376078235916793,,,,,,,,,
2540,2540,,,0.9705675840377808,0.8014891147613525,0.7711144685745239,0.8022756576538086,0.1289343684911728,0.22512228786945343,0.20224812626838684,0.20021122694015503
2540,2540,0.0006350117619149387,,,,,,,,,
2541,2541,,,0.9710907340049744,0.8018361926078796,0.7710491418838501,0.8023552894592285,0.1290765255689621,0.2251347452402115,0.20231252908706665,0.20021122694015503
2541,2541,0.0006337799713946879,,,,,,,,,
2542,2542,,,0.9698759317398071,0.8010098934173584,0.7712273001670837,0.8019481301307678,0.1288125216960907,0.2250072956085205,0.2020895779132843,0.20021122694015503
2542,2542,0.0006343022105284035,,,,,,,,,
2543,2543,,,0.9713805317878723,0.8019746541976929,0.7709503173828125,0.8024184107780457,0.12922300398349762,0.22511056065559387,0.20234520733356476,0.20021122694015503
2543,2543,0.0006352073396556079,,,,,,,,,
2544,2544,,,0.9699934720993042,0.8010874390602112,0.771222710609436,0.8019047975540161,0.12893497943878174,0.2249709516763687,0.20208369195461273,0.20021122694015503
2544,2544,0.0006350460462272167,,,,,,,,,
2545,2545,,,0.9709014892578125,0.8016213178634644,0.7710577845573425,0.8021817207336426,0.12916217744350433,0.22501122951507568,0.20223239064216614,0.20021122694015503
2545,2545,0.0006336788646876812,,,,,,,,,
2546,2546,,,0.970660924911499,0.8015051484107971,0.7711219787597656,0.8020806312561035,0.1291249692440033,0.22500069439411163,0.20218726992607117,0.20021122694015503
2546,2546,0.0006321623804979026,,,,,,,,,
2547,2547,,,0.9702401757240295,0.8011536598205566,0.7711705565452576,0.8018921613693237,0.1290084421634674,0.22490519285202026,0.2020879089832306,0.20021122694015503
2547,2547,0.0006314879283308983,,,,,,,,,
2548,2548,,,0.9711601734161377,0.8017913699150085,0.7710334658622742,0.8021643757820129,0.12925878167152405,0.22498880326747894,0.20224541425704956,0.20021122694015503
2548,2548,0.0006316812941804528,,,,,,,,,
2549,2549,,0.0006319628446362913,,,,,,,,
2549,2549,,,0.9700554609298706,0.8010046482086182,0.7711935043334961,0.8018025755882263,0.12900808453559875,0.2248620092868805,0.20204293727874756,0.20021122694015503
2549,2549,0.0006319628446362913,,,,,,,,,
2550,2550,,,0.9710574746131897,0.8016677498817444,0.7710615992546082,0.8020527958869934,0.1292956918478012,0.22492347657680511,0.20219849050045013,0.20021122694015503
2550,2550,0.0006316325743682683,,,,,,,,,
2551,2551,,,0.9704242944717407,0.8012280464172363,0.7711604237556458,0.8018640279769897,0.12917612493038177,0.22485892474651337,0.2020898163318634,0.20021122694015503
2551,2551,0.000630697060842067,,,,,,,,,
2552,2552,,,0.9705882668495178,0.8013057708740234,0.7711402177810669,0.8018746972084045,0.12924161553382874,0.22484947741031647,0.202103853225708,0.20021122694015503
2552,2552,0.0006297188811004162,,,,,,,,,
2553,2553,,,0.9709314107894897,0.8015275597572327,0.7710899114608765,0.8019424676895142,0.12934672832489014,0.22485283017158508,0.20214959979057312,0.20021122694015503
2553,2553,0.0006291943718679249,,,,,,,,,
2554,2554,,,0.9702439308166504,0.8010484576225281,0.7711798548698425,0.8017356395721436,0.12919045984745026,0.2247789204120636,0.2020290493965149,0.20021122694015503
2554,2554,0.000629121670499444,,,,,,,,,
2555,2555,,,0.9710988998413086,0.8015984296798706,0.7710548639297485,0.8019500970840454,0.12941385805606842,0.22483055293560028,0.20216037333011627,0.20021122694015503
2555,2555,0.0006291010067798197,,,,,,,,,
2556,2556,,,0.9703558087348938,0.8010784983634949,0.7711691856384277,0.8017048835754395,0.1292477548122406,0.22473806142807007,0.2020236700773239,0.20021122694015503
2556,2556,0.0006287748692557216,,,,,,,,,
2557,2557,,,0.9708486795425415,0.8014121651649475,0.7711011171340942,0.8018420934677124,0.12940262258052826,0.22478045523166656,0.20210568606853485,0.20021122694015503
2557,2557,0.000628123409114778,,,,,,,,,
2558,2558,,,0.9707441926002502,0.8012783527374268,0.7711079716682434,0.8017707467079163,0.1293954700231552,0.22473302483558655,0.20206999778747559,0.20021122694015503
2558,2558,0.0006274185725487769,,,,,,,,,
2559,2559,,,0.9705290198326111,0.8011616468429565,0.771160364151001,0.8016833066940308,0.12938155233860016,0.22471068799495697,0.20202870666980743,0.20021122694015503
2559,2559,0.0006269299774430692,,,,,,,,,
2560,2560,,,0.9710319638252258,0.8014342188835144,0.7710569500923157,0.801822304725647,0.1295166015625,0.2247239500284195,0.20210449397563934,0.20021122694015503
2560,2560,0.0006266891723498702,,,,,,,,,
2561,2561,,,0.9704402089118958,0.8010356426239014,0.7711665630340576,0.8015923500061035,0.12939351797103882,0.22465799748897552,0.201988086104393,0.20021122694015503
2561,2561,0.0006265162955969572,,,,,,,,,
2562,2562,,,0.9710316061973572,0.8014072179794312,0.7710670232772827,0.8017628192901611,0.12955063581466675,0.22468435764312744,0.20208331942558289,0.20021122694015503
2562,2562,0.0006262134411372244,,,,,,,,,
2563,2563,,,0.9706233739852905,0.8011113405227661,0.7711352109909058,0.801604151725769,0.12947149574756622,0.22463524341583252,0.20200160145759583,0.20021122694015503
2563,2563,0.0006257290369831026,,,,,,,,,
2564,2564,,,0.9708251953125,0.8012276291847229,0.7711058259010315,0.8016275763511658,0.12954728305339813,0.22462715208530426,0.20202241837978363,0.20021122694015503
2564,2564,0.0006251786253415048,,,,,,,,,
2565,2565,,,0.970890998840332,0.8012588024139404,0.7710912823677063,0.8016332983970642,0.12959301471710205,0.2246135026216507,0.20202720165252686,0.20021122694015503
2565,2565,0.0006247085402719676,,,,,,,,,
2566,2566,,,0.970628559589386,0.8010581731796265,0.7711365818977356,0.8015123605728149,0.12955652177333832,0.2245747596025467,0.20196834206581116,0.20021122694015503
2566,2566,0.0006243733805604279,,,,,,,,,
2567,2567,,,0.9710552096366882,0.8013084530830383,0.7710616588592529,0.801615834236145,0.1296790987253189,0.22458094358444214,0.20202937722206116,0.20021122694015503
2567,2567,0.0006241101073101163,,,,,,,,,
2568,2568,,,0.9706050157546997,0.8010122179985046,0.7711454629898071,0.8014551401138306,0.12959595024585724,0.22453631460666656,0.2019459307193756,0.20021122694015503
2568,2568,0.0006238126079551876,,,,,,,,,
2569,2569,,,0.9710127711296082,0.8012233972549438,0.7710704207420349,0.8015451431274414,0.12970717251300812,0.2245391458272934,0.20200030505657196,0.20021122694015503
2569,2569,0.0006234227912500501,,,,,,,,,
2570,2570,,,0.97077476978302,0.8010774254798889,0.7711241245269775,0.8014436960220337,0.12968257069587708,0.2245088368654251,0.201951801776886,0.20021122694015503
2570,2570,0.0006229706923477352,,,,,,,,,
2571,2571,,,0.9708362817764282,0.8010812997817993,0.7711029052734375,0.8014414310455322,0.1297215074300766,0.22448748350143433,0.20195190608501434,0.20021122694015503
2571,2571,0.0006225299439392984,,,,,,,,,
2572,2572,,,0.9709696769714355,0.8011553287506104,0.7710870504379272,0.8014392852783203,0.12978419661521912,0.2244824916124344,0.20196083188056946,0.20021122694015503
2572,2572,0.0006221480434760451,,,,,,,,,
2573,2573,,,0.9707217812538147,0.8009714484214783,0.7711208462715149,0.8013438582420349,0.12974591553211212,0.22443760931491852,0.2019093930721283,0.20021122694015503
2573,2573,0.0006218245252966881,,,,,,,,,
2574,2574,,,0.9710406064987183,0.8011703491210938,0.7710715532302856,0.8014068007469177,0.1298460066318512,0.22444894909858704,0.20195233821868896,0.20021122694015503
2574,2574,0.0006215136381797493,,,,,,,,,
2575,2575,,,0.9707528948783875,0.8009440898895264,0.7711123824119568,0.801287055015564,0.12979240715503693,0.22440055012702942,0.2018900364637375,0.20021122694015503
2575,2575,0.0006211688742041588,,,,,,,,,
2576,2576,,,0.9709815382957458,0.8010974526405334,0.7710812091827393,0.801334023475647,0.12987488508224487,0.22440432012081146,0.20192164182662964,0.20021122694015503
2576,2576,0.0006207820842973888,,,,,,,,,
2577,2577,,,0.9708748459815979,0.8009909391403198,0.7710937857627869,0.8012690544128418,0.12987257540225983,0.22437256574630737,0.2018904834985733,0.20021122694015503
2577,2577,0.0006203755037859082,,,,,,,,,
2578,2578,,,0.9708794355392456,0.8009769320487976,0.7710946798324585,0.8012405037879944,0.1299033910036087,0.22435496747493744,0.20188061892986298,0.20021122694015503
2578,2578,0.0006199854542501271,,,,,,,,,
2579,2579,,,0.9709944128990173,0.8010381460189819,0.7710763812065125,0.8012520670890808,0.12995971739292145,0.2243453562259674,0.20189133286476135,0.20021122694015503
2579,2579,0.0006196267786435783,,,,,,,,,
2580,2580,,,0.9708199501037598,0.8008900880813599,0.77110356092453,0.8011634945869446,0.12994107604026794,0.22431133687496185,0.20184841752052307,0.20021122694015503
2580,2580,0.0006192926084622741,,,,,,,,,
2581,2581,,,0.9710498452186584,0.8010284900665283,0.7710674405097961,0.8012075424194336,0.13002149760723114,0.22431179881095886,0.2018781453371048,0.20021122694015503
2581,2581,0.0006189584382809699,,,,,,,,,
2582,2582,,,0.9708421230316162,0.800872266292572,0.7711015939712524,0.8011174201965332,0.1299942284822464,0.22427494823932648,0.20183254778385162,0.20021122694015503
2582,2582,0.0006186069222167134,,,,,,,,,
2583,2583,,,0.9710193872451782,0.8009655475616455,0.7710739970207214,0.8011370897293091,0.13006064295768738,0.22427020967006683,0.20185044407844543,0.20021122694015503
2583,2583,0.0006182356737554073,,,,,,,,,
2584,2584,,,0.9709372520446777,0.8008943200111389,0.7710863351821899,0.8010897040367126,0.13006603717803955,0.2242436558008194,0.20182758569717407,0.20021122694015503
2584,2584,0.0006178584299050272,,,,,,,,,
2585,2585,,,0.9709450006484985,0.8008826375007629,0.771088719367981,0.8010587096214294,0.13009506464004517,0.2242269068956375,0.20181742310523987,0.20021122694015503
2585,2585,0.0006174894515424967,,,,,,,,,
2586,2586,,,0.9710384607315063,0.8009119033813477,0.771069347858429,0.8010578751564026,0.13014140725135803,0.2242128551006317,0.20182162523269653,0.20021122694015503
2586,2586,0.0006171364802867174,,,,,,,,,
2587,2587,,,0.9709048271179199,0.8008173704147339,0.7710970044136047,0.800990879535675,0.13013872504234314,0.22418759763240814,0.20179025828838348,0.20021122694015503
2587,2587,0.0006167941028252244,,,,,,,,,
2588,2588,,,0.9710806608200073,0.8009026646614075,0.7710649967193604,0.8010137677192688,0.1302039474248886,0.2241784632205963,0.20180800557136536,0.20021122694015503
2588,2588,0.000616451958194375,,,,,,,,,
2589,2589,,,0.9709301590919495,0.8007907867431641,0.7710942625999451,0.8009393811225891,0.13019420206546783,0.22415198385715485,0.2017728090286255,0.20021122694015503
2589,2589,0.000616104865912348,,,,,,,,,
2590,2590,,,0.9710630178451538,0.8008573055267334,0.7710707187652588,0.8009559512138367,0.13024862110614777,0.2241407036781311,0.20178571343421936,0.20021122694015503
2590,2590,0.0006157487514428794,,,,,,,,,
2591,2591,,,0.9709963798522949,0.8007980585098267,0.7710873484611511,0.8009012341499329,0.13025815784931183,0.22411978244781494,0.20176294445991516,0.20021122694015503
2591,2591,0.000615388504229486,,,,,,,,,
2592,2592,,,0.9710264205932617,0.8007915616035461,0.7710782885551453,0.8008882999420166,0.13028833270072937,0.224101260304451,0.20175868272781372,0.20021122694015503
2592,2592,0.00061503064353019,,,,,,,,,
2593,2593,,,0.971062421798706,0.8008098006248474,0.7710801959037781,0.8008676767349243,0.13032735884189606,0.2240893393754959,0.20175477862358093,0.20021122694015503
2593,2593,0.0006146800587885082,,,,,,,,,
2594,2594,,,0.9710015058517456,0.8007355332374573,0.7710852026939392,0.8008220791816711,0.13033653795719147,0.22406098246574402,0.2017330676317215,0.20021122694015503
2594,2594,0.000614335760474205,,,,,,,,,
2595,2595,,,0.9711039662361145,0.8008006811141968,0.7710761427879333,0.8008270263671875,0.13039228320121765,0.2240569293498993,0.20174235105514526,0.20021122694015503
2595,2595,0.0006139933248050511,,,,,,,,,
2596,2596,,,0.9710082411766052,0.8007057309150696,0.7710882425308228,0.8007707595825195,0.13039162755012512,0.22402459383010864,0.20171473920345306,0.20021122694015503
2596,2596,0.0006136507145129144,,,,,,,,,
2597,2597,,,0.9711089730262756,0.800765335559845,0.7710801362991333,0.8007708787918091,0.13044455647468567,0.22402064502239227,0.2017224282026291,0.20021122694015503
2597,2597,0.0006133036222308874,,,,,,,,,
2598,2598,,,0.9710500836372375,0.8006944060325623,0.7710845470428467,0.8007317781448364,0.13045209646224976,0.22399236261844635,0.2017027735710144,0.20021122694015503
2598,2598,0.000612954085227102,,,,,,,,,
2599,2599,,0.0006126057123765349,,,,,,,,
2599,2599,,,0.9710870385169983,0.8007164001464844,0.7710902690887451,0.8007086515426636,0.13049207627773285,0.22398294508457184,0.20169886946678162,0.20021122694015503
2599,2599,0.0006126057123765349,,,,,,,,,
2600,2600,,,0.9711037874221802,0.8006898760795593,0.7710790634155273,0.800693154335022,0.1305186003446579,0.2239592969417572,0.20169174671173096,0.20021122694015503
2600,2600,0.0006122575141489506,,,,,,,,,
2601,2601,,,0.9710649847984314,0.8006684184074402,0.7710989117622375,0.8006498217582703,0.13054266571998596,0.22394698858261108,0.2016763985157013,0.20021122694015503
2601,2601,0.0006119151366874576,,,,,,,,,
2602,2602,,,0.9711464047431946,0.8006794452667236,0.771076500415802,0.8006500601768494,0.1305820345878601,0.22392404079437256,0.20167843997478485,0.20021122694015503
2602,2602,0.0006115743308328092,,,,,,,,,
2603,2603,,,0.9710633158683777,0.8006343841552734,0.7711055874824524,0.8005960583686829,0.13059578835964203,0.22391319274902344,0.201657235622406,0.20021122694015503
2603,2603,0.0006112348637543619,,,,,,,,,
2604,2604,,,0.9711640477180481,0.8006508946418762,0.7710758447647095,0.8006043434143066,0.1306370198726654,0.22388839721679688,0.2016623169183731,0.20021122694015503
2604,2604,0.0006108953966759145,,,,,,,,,
2605,2605,,,0.9710841178894043,0.8006159067153931,0.7711099982261658,0.8005452752113342,0.1306542605161667,0.22387978434562683,0.20164072513580322,0.20021122694015503
2605,2605,0.0006105536594986916,,,,,,,,,
2606,2606,,,0.9711630344390869,0.800607442855835,0.771076500415802,0.8005546927452087,0.13068856298923492,0.22385048866271973,0.20164328813552856,0.20021122694015503
2606,2606,0.000610213028267026,,,,,,,,,
2607,2607,,,0.97111576795578,0.8006083965301514,0.7711132764816284,0.8005003929138184,0.13071849942207336,0.22384952008724213,0.2016272246837616,0.20021122694015503
2607,2607,0.0006098723970353603,,,,,,,,,
2608,2608,,,0.9711572527885437,0.8005585074424744,0.7710780501365662,0.8005017638206482,0.1307392120361328,0.2238098531961441,0.2016225904226303,0.20021122694015503
2608,2608,0.0006095331045798957,,,,,,,,,
2609,2609,,,0.9711446762084961,0.8006024956703186,0.7711185812950134,0.8004565238952637,0.13078247010707855,0.2238221913576126,0.2016143649816513,0.20021122694015503
2609,2609,0.0006091948016546667,,,,,,,,,
2610,2610,,,0.9711617827415466,0.8005096912384033,0.7710753679275513,0.8004522919654846,0.130789652466774,0.22376811504364014,0.20160317420959473,0.20021122694015503
2610,2610,0.0006088594673201442,,,,,,,,,
2611,2611,,,0.9711583852767944,0.8005924820899963,0.7711302638053894,0.8004052639007568,0.13084441423416138,0.2237950712442398,0.20159870386123657,0.20021122694015503
2611,2611,0.000608526635915041,,,,,,,,,
2612,2612,,,0.9711836576461792,0.8004655838012695,0.771065354347229,0.8004127740859985,0.13084375858306885,0.22372578084468842,0.20158737897872925,0.20021122694015503
2612,2612,0.0006081941537559032,,,,,,,,,
2613,2613,,,0.9711522459983826,0.8005794882774353,0.771150529384613,0.800343930721283,0.13090556859970093,0.22376997768878937,0.20157954096794128,0.20021122694015503
2613,2613,0.0006078642909415066,,,,,,,,,
2614,2614,,,0.9712237119674683,0.8004231452941895,0.7710460424423218,0.8003809452056885,0.13089929521083832,0.22367987036705017,0.20157398283481598,0.20021122694015503
2614,2614,0.0006075369892641902,,,,,,,,,
2615,2615,,,0.971128523349762,0.8005697131156921,0.7711808085441589,0.8002744317054749,0.1309661567211151,0.22375120222568512,0.20155832171440125,0.20021122694015503
2615,2615,0.0006072146934457123,,,,,,,,,
2616,2616,,,0.971280574798584,0.8003724217414856,0.7710145115852356,0.8003562092781067,0.13095295429229736,0.22362597286701202,0.2015618234872818,0.20021122694015503
2616,2616,0.0006069006049074233,,,,,,,,,
2617,2617,,,0.9710861444473267,0.8005746006965637,0.7712264657020569,0.8001958131790161,0.13102926313877106,0.22374269366264343,0.20153582096099854,0.20021122694015503
2617,2617,0.0006065976922400296,,,,,,,,,
2618,2618,,,0.9713557958602905,0.8002996444702148,0.7709628343582153,0.8003441691398621,0.13100162148475647,0.22355960309505463,0.20155121386051178,0.20021122694015503
2618,2618,0.0006063134642317891,,,,,,,,,
2619,2619,,,0.971025824546814,0.8006114959716797,0.7712982296943665,0.800101101398468,0.13110017776489258,0.22375066578388214,0.2015119343996048,0.20021122694015503
2619,2619,0.0006060605519451201,,,,,,,,,
2620,2620,,,0.9714522957801819,0.8001859188079834,0.7708777189254761,0.8003535270690918,0.13104090094566345,0.22347301244735718,0.20154255628585815,0.20021122694015503
2620,2620,0.0006058549624867737,,,,,,,,,
2621,2621,,,0.9709345102310181,0.800699770450592,0.7714115381240845,0.7999807596206665,0.1311836987733841,0.22378820180892944,0.20148611068725586,0.20021122694015503
2621,2621,0.0006057268474251032,,,,,,,,,
2622,2622,,,0.9715936779975891,0.800010621547699,0.770736813545227,0.800397515296936,0.13106569647789001,0.22335028648376465,0.20153741538524628,0.20021122694015503
2622,2622,0.000605729001108557,,,,,,,,,
2623,2623,,,0.9707793593406677,0.800871729850769,0.7715954780578613,0.7998162508010864,0.13128654658794403,0.223876491189003,0.2014559507369995,0.20021122694015503
2623,2623,0.000605944951530546,,,,,,,,,
2624,2624,,,0.9718211889266968,0.7997307777404785,0.7704942226409912,0.8005039691925049,0.13106627762317657,0.22316718101501465,0.2015395611524582,0.20021122694015503
2624,2624,0.0006065234774723649,,,,,,,,,
2625,2625,,,0.9705044627189636,0.8011908531188965,0.7719055414199829,0.7995732426643372,0.13141994178295135,0.22405488789081573,0.20141775906085968,0.20021122694015503
2625,2625,0.0006077143480069935,,,,,,,,,
2626,2626,,,0.9722093939781189,0.7992775440216064,0.7700676918029785,0.8007261753082275,0.13102637231349945,0.2228846698999405,0.2015574872493744,0.20021122694015503
2626,2626,0.0006099520833231509,,,,,,,,,
2627,2627,,,0.9700150489807129,0.801766037940979,0.7724266648292542,0.7991890907287598,0.13160741329193115,0.2243969440460205,0.20136389136314392,0.20021122694015503
2627,2627,0.000613983313087374,,,,,,,,,
2628,2628,,,0.9728823900222778,0.798535943031311,0.7693092226982117,0.8011606335639954,0.13091865181922913,0.22243882715702057,0.20160694420337677,0.20021122694015503
2628,2628,0.0006211219006218016,,,,,,,,,
2629,2629,,,0.9691481590270996,0.8028125762939453,0.7732897996902466,0.7985697388648987,0.1318911761045456,0.2250514179468155,0.20128731429576874,0.20021122694015503
2629,2629,0.0006336350343190134,,,,,,,,,
2630,2630,,,0.9740548729896545,0.7973193526268005,0.7679418325424194,0.8019798994064331,0.1306905597448349,0.22174271941184998,0.20171822607517242,0.20021122694015503
2630,2630,0.0006555230356752872,,,,,,,,,
2631,2631,,,0.9676263928413391,0.8047477006912231,0.7746177911758423,0.7975765466690063,0.13234302401542664,0.22631700336933136,0.20118127763271332,0.20021122694015503
2631,2631,0.000693610985763371,,,,,,,,,
2632,2632,,,0.976080596446991,0.7953957915306091,0.7654846906661987,0.803497314453125,0.13025975227355957,0.22073784470558167,0.20195907354354858,0.20021122694015503
2632,2632,0.0007597202202305198,,,,,,,,,
2633,2633,,,0.9650425910949707,0.8083257079124451,0.7761414647102356,0.7960866093635559,0.13307920098304749,0.22876551747322083,0.20104388892650604,0.20021122694015503
2633,2633,0.0008727491949684918,,,,,,,,,
2634,2634,,,0.9793574213981628,0.7926997542381287,0.7613557577133179,0.8061351776123047,0.12953872978687286,0.21958810091018677,0.20245352387428284,0.20021122694015503
2634,2634,0.0010622622212395072,,,,,,,,,
2635,2635,,,0.9611800312995911,0.8144286870956421,0.776951253414154,0.7942913174629211,0.13419729471206665,0.23309668898582458,0.20094996690750122,0.20021122694015503
2635,2635,0.0013635199284180999,,,,,,,,,
2636,2636,,,0.9835041761398315,0.7899298667907715,0.756083071231842,0.8095948100090027,0.12861286103725433,0.21890336275100708,0.20321190357208252,0.20021122694015503
2636,2636,0.0018049858044832945,,,,,,,,,
2637,2637,,,0.9575626850128174,0.8213908672332764,0.776201605796814,0.7932314276695251,0.1353936791419983,0.23787038028240204,0.20104894042015076,0.20021122694015503
2637,2637,0.0023416257463395596,,,,,,,,,
2638,2638,,,0.984852135181427,0.7886561751365662,0.7546513080596924,0.8099696040153503,0.12824854254722595,0.21872073411941528,0.20325139164924622,0.20021122694015503
2638,2638,0.002792710205540061,,,,,,,,,
2639,2639,,,0.9599183201789856,0.8195327520370483,0.7759893536567688,0.7944764494895935,0.1353602111339569,0.2354598492383957,0.20124343037605286,0.20021122694015503
2639,2639,0.002797767287120223,,,,,,,,,
2640,2640,,,0.977222204208374,0.7917246222496033,0.7640153169631958,0.8026469945907593,0.12972429394721985,0.219780832529068,0.20147675275802612,0.20021122694015503
2640,2640,0.002163846045732498,,,,,,,,,
2641,2641,,,0.9720712900161743,0.805144190788269,0.7718406319618225,0.7996869087219238,0.13323701918125153,0.22531118988990784,0.201796755194664,0.20021122694015503
2641,2641,0.0012112845433875918,,,,,,,,,
2642,2642,,,0.9636185169219971,0.8039789199829102,0.7749241590499878,0.7960256934165955,0.1324089616537094,0.22739139199256897,0.20057916641235352,0.20021122694015503
2642,2642,0.0006677316268905997,,,,,,,,,
2643,2643,,,0.982721745967865,0.7948494553565979,0.7608698010444641,0.8057869076728821,0.13067416846752167,0.2200392484664917,0.20264661312103271,0.20021122694015503
2643,2643,0.000850103737320751,,,,,,,,,
2644,2644,,,0.958290159702301,0.8145507574081421,0.77614426612854,0.7964333891868591,0.13388752937316895,0.23286132514476776,0.2013041377067566,0.20021122694015503
2644,2644,0.0013566470006480813,,,,,,,,,
2645,2645,,,0.978462815284729,0.7941421866416931,0.7624738812446594,0.8046464920043945,0.12994538247585297,0.22014735639095306,0.20213370025157928,0.20021122694015503
2645,2645,0.0015391870401799679,,,,,,,,,
2646,2646,,,0.9691112637519836,0.8089213967323303,0.7729066014289856,0.8007373213768005,0.13353954255580902,0.22720704972743988,0.20228885114192963,0.20021122694015503
2646,2646,0.001192635390907526,,,,,,,,,
2647,2647,,,0.9646725654602051,0.8007709980010986,0.7722574472427368,0.7998858690261841,0.13145802915096283,0.22547638416290283,0.2012900561094284,0.20021122694015503
2647,2647,0.0007534434553235769,,,,,,,,,
2648,2648,,,0.9820960760116577,0.7986257076263428,0.7630367875099182,0.8062351942062378,0.13222932815551758,0.22171683609485626,0.20318208634853363,0.20021122694015503
2648,2648,0.0007052511209622025,,,,,,,,,
2649,2649,,0.0009784707799553871,,,,,,,,
2649,2649,,,0.958901047706604,0.8073188066482544,0.7757160663604736,0.7989709377288818,0.13282857835292816,0.2302052527666092,0.20158053934574127,0.20021122694015503
2649,2649,0.0009784707799553871,,,,,,,,,
2650,2650,,,0.9789561629295349,0.7959181070327759,0.7648195028305054,0.8059802055358887,0.1312515288591385,0.22161483764648438,0.20294469594955444,0.20021122694015503
2650,2650,0.0011150829959660769,,,,,,,,,
2651,2651,,,0.9693257808685303,0.8038359880447388,0.7736256718635559,0.8015992641448975,0.13288937509059906,0.22639870643615723,0.20239147543907166,0.20021122694015503
2651,2651,0.0009129095124080777,,,,,,,,,
2652,2652,,,0.9653820395469666,0.7996705770492554,0.7729735374450684,0.8009295463562012,0.13169771432876587,0.22560425102710724,0.20168614387512207,0.20021122694015503
2652,2652,0.0006549582467414439,,,,,,,,,
2653,2653,,,0.9806298017501831,0.7982099056243896,0.7650867700576782,0.8055172562599182,0.13259486854076385,0.22229579091072083,0.2030787169933319,0.20021122694015503
2653,2653,0.0006655628676526248,,,,,,,,,
2654,2654,,,0.9608291387557983,0.8029403686523438,0.7751710414886475,0.7988678812980652,0.13244235515594482,0.22829951345920563,0.2013191133737564,0.20021122694015503
2654,2654,0.0008591199293732643,,,,,,,,,
2655,2655,,,0.9771063327789307,0.7981558442115784,0.7671937346458435,0.804704487323761,0.132146954536438,0.22256915271282196,0.20278720557689667,0.20021122694015503
2655,2655,0.0009151350241154432,,,,,,,,,
2656,2656,,,0.9694494009017944,0.8002745509147644,0.7726726531982422,0.8012324571609497,0.13201971352100372,0.22501565515995026,0.2019766867160797,0.20021122694015503
2656,2656,0.0007525267428718507,,,,,,,,,
2657,2657,,,0.9667075276374817,0.801136314868927,0.7739237546920776,0.8007280230522156,0.13188979029655457,0.22599950432777405,0.2018657773733139,0.20021122694015503
2657,2657,0.0006034926627762616,,,,,,,,,
2658,2658,,,0.9780676364898682,0.7976293563842773,0.766837477684021,0.8049283623695374,0.13183526694774628,0.22246931493282318,0.20286288857460022,0.20021122694015503
2658,2658,0.0006470594671554863,,,,,,,,,
2659,2659,,,0.9639028906822205,0.8012588024139404,0.7748088240623474,0.7996455430984497,0.13209585845470428,0.22711272537708282,0.20155103504657745,0.20021122694015503
2659,2659,0.0007694068481214345,,,,,,,,,
2660,2660,,,0.9758850336074829,0.7991578578948975,0.7689658403396606,0.8043535351753235,0.13251666724681854,0.22340334951877594,0.20285142958164215,0.20021122694015503
2660,2660,0.0007727686897851527,,,,,,,,,
2661,2661,,,0.9704465270042419,0.7982787489891052,0.7715108394622803,0.8025047183036804,0.13190527260303497,0.22412529587745667,0.20218627154827118,0.20021122694015503
2661,2661,0.0006634187302552164,,,,,,,,,
2662,2662,,,0.9683613181114197,0.8020438551902771,0.7740724086761475,0.8016104698181152,0.13264532387256622,0.22620892524719238,0.2022981196641922,0.20021122694015503
2662,2662,0.0006025377078913152,,,,,,,,,
2663,2663,,,0.976037859916687,0.796928882598877,0.7676824927330017,0.8051872849464417,0.13156098127365112,0.22251269221305847,0.202854186296463,0.20021122694015503
2663,2663,0.0006517288275063038,,,,,,,,,
2664,2664,,,0.9665424823760986,0.8013892769813538,0.7741776704788208,0.8013412356376648,0.1320580095052719,0.22624465823173523,0.20208880305290222,0.20021122694015503
2664,2664,0.0007061520009301603,,,,,,,,,
2665,2665,,,0.973822832107544,0.7993910312652588,0.7700168490409851,0.8039044737815857,0.1321118324995041,0.22369380295276642,0.2026943415403366,0.20021122694015503
2665,2665,0.0006763166165910661,,,,,,,,,
2666,2666,,,0.9710781574249268,0.7981434464454651,0.7705643773078918,0.8033934831619263,0.13166649639606476,0.22360901534557343,0.20236006379127502,0.20021122694015503
2666,2666,0.0006122400518506765,,,,,,,,,
2667,2667,,,0.9686052799224854,0.8027232885360718,0.7738437056541443,0.8018649220466614,0.13283732533454895,0.22599725425243378,0.20236968994140625,0.20021122694015503
2667,2667,0.0006050814990885556,,,,,,,,,
2668,2668,,,0.9744082689285278,0.7971326112747192,0.7685104012489319,0.8043003082275391,0.13173480331897736,0.2225438803434372,0.20255763828754425,0.20021122694015503
2668,2668,0.0006485867197625339,,,,,,,,,
2669,2669,,,0.968487560749054,0.8019181489944458,0.7735412120819092,0.801826000213623,0.13261185586452484,0.22562949359416962,0.20226679742336273,0.20021122694015503
2669,2669,0.0006650057039223611,,,,,,,,,
2670,2670,,,0.9719775915145874,0.7993680238723755,0.771166980266571,0.8025879859924316,0.13216763734817505,0.22381354868412018,0.202284038066864,0.20021122694015503
2670,2670,0.0006286766147240996,,,,,,,,,
2671,2671,,,0.9725949168205261,0.7987200617790222,0.7704882621765137,0.8029438257217407,0.13203762471675873,0.22340798377990723,0.2023189216852188,0.20021122694015503
2671,2671,0.0005934353685006499,,,,,,,,,
2672,2672,,,0.9686462879180908,0.8020185828208923,0.7737088203430176,0.8012136816978455,0.13270948827266693,0.22553297877311707,0.20210304856300354,0.20021122694015503
2672,2672,0.0006028841016814113,,,,,,,,,
2673,2673,,,0.9738152027130127,0.7976177930831909,0.7694740295410156,0.8028814196586609,0.13196873664855957,0.22264409065246582,0.20219720900058746,0.20021122694015503
2673,2673,0.0006311296601779759,,,,,,,,,
2674,2674,,,0.9700515270233154,0.8014982342720032,0.7729195356369019,0.8014594316482544,0.13283786177635193,0.22494065761566162,0.20213466882705688,0.20021122694015503
2674,2674,0.0006319147651083767,,,,,,,,,
2675,2675,,,0.9706503748893738,0.7992196679115295,0.7717112302780151,0.8015694618225098,0.13233274221420288,0.22384653985500336,0.20193924009799957,0.20021122694015503
2675,2675,0.0006065346533432603,,,,,,,,,
2676,2676,,,0.9733000993728638,0.7991867065429688,0.770409345626831,0.802327573299408,0.1325511783361435,0.22325043380260468,0.20217841863632202,0.20021122694015503
2676,2676,0.0005921873962506652,,,,,,,,,
2677,2677,,,0.9684154987335205,0.800898015499115,0.773249626159668,0.8008038401603699,0.13266530632972717,0.2249760627746582,0.20184604823589325,0.20021122694015503
2677,2677,0.0006031171069480479,,,,,,,,,
2678,2678,,,0.9731990694999695,0.7985013723373413,0.7700889110565186,0.8022906184196472,0.13236850500106812,0.2229185849428177,0.202083557844162,0.20021122694015503
2678,2678,0.0006156020681373775,,,,,,,,,
2679,2679,,,0.9704059362411499,0.8006048202514648,0.7723398804664612,0.8011719584465027,0.1327827274799347,0.22430604696273804,0.20194077491760254,0.20021122694015503
2679,2679,0.0006088957889005542,,,,,,,,,
2680,2680,,,0.9701160192489624,0.7995835542678833,0.7719161510467529,0.8012053966522217,0.13253438472747803,0.22392773628234863,0.20183220505714417,0.20021122694015503
2680,2680,0.0005936162197031081,,,,,,,,,
2681,2681,,,0.9732275605201721,0.7994855642318726,0.7704614996910095,0.8019195199012756,0.1327866017818451,0.22318202257156372,0.20206038653850555,0.20021122694015503
2681,2681,0.0005908086313866079,,,,,,,,,
2682,2682,,,0.9687739610671997,0.8003392219543457,0.7728402018547058,0.8003681898117065,0.1327323615550995,0.22447365522384644,0.20164504647254944,0.20021122694015503
2682,2682,0.0006005092873238027,,,,,,,,,
2683,2683,,,0.9729089736938477,0.7992836833000183,0.7704921960830688,0.8016679286956787,0.13274836540222168,0.22311219573020935,0.2019549310207367,0.20021122694015503
2683,2683,0.0006054528057575226,,,,,,,,,
2684,2684,,,0.9706233143806458,0.7997418642044067,0.7719317078590393,0.8005703687667847,0.1327100545167923,0.22376073896884918,0.20166827738285065,0.20021122694015503
2684,2684,0.0005979675333946943,,,,,,,,,
2685,2685,,,0.9705580472946167,0.7999722957611084,0.7720280885696411,0.8005391359329224,0.1327752321958542,0.22384792566299438,0.2016775757074356,0.20021122694015503
2685,2685,0.000588630442507565,,,,,,,,,
2686,2686,,,0.9726921916007996,0.7990438342094421,0.7706144452095032,0.8011396527290344,0.1327248215675354,0.22300761938095093,0.20177721977233887,0.20021122694015503
2686,2686,0.0005886579165235162,,,,,,,,,
2687,2687,,,0.9695207476615906,0.8000757694244385,0.7726051807403564,0.7998304963111877,0.13283956050872803,0.2240784615278244,0.20147176086902618,0.20021122694015503
2687,2687,0.0005948026082478464,,,,,,,,,
2688,2688,,,0.9724301695823669,0.7993484139442444,0.7708789706230164,0.8008934259414673,0.13288532197475433,0.22310030460357666,0.201726496219635,0.20021122694015503
2688,2688,0.0005965601885691285,,,,,,,,,
2689,2689,,,0.970623254776001,0.7992740273475647,0.7717577815055847,0.8001649379730225,0.13274948298931122,0.22344480454921722,0.20149201154708862,0.20021122694015503
2689,2689,0.0005915286601521075,,,,,,,,,
2690,2690,,,0.9707461595535278,0.8001174330711365,0.772075355052948,0.80009526014328,0.13295964896678925,0.22370058298110962,0.20155347883701324,0.20021122694015503
2690,2690,0.0005868421285413206,,,,,,,,,
2691,2691,,,0.9719318151473999,0.798734188079834,0.7708368301391602,0.8006783723831177,0.13264180719852448,0.2228732407093048,0.2015860676765442,0.20021122694015503
2691,2691,0.0005877202493138611,,,,,,,,,
2692,2692,,,0.9700495004653931,0.8002172112464905,0.7724129557609558,0.7998412847518921,0.13292589783668518,0.22385278344154358,0.20147652924060822,0.20021122694015503
2692,2692,0.0005909205065108836,,,,,,,,,
2693,2693,,,0.9717319011688232,0.7991304993629456,0.7711028456687927,0.8005254864692688,0.13278800249099731,0.22298800945281982,0.201571524143219,0.20021122694015503
2693,2693,0.0005907525774091482,,,,,,,,,
2694,2694,,,0.9707874059677124,0.7994358539581299,0.7716596126556396,0.8002387285232544,0.1328546106815338,0.22330187261104584,0.20150792598724365,0.20021122694015503
2694,2694,0.0005871151224710047,,,,,,,,,
2695,2695,,,0.9706642627716064,0.7998771667480469,0.7719593644142151,0.8000736236572266,0.1330024003982544,0.2234944850206375,0.20150643587112427,0.20021122694015503
2695,2695,0.0005845898413099349,,,,,,,,,
2696,2696,,,0.9716421961784363,0.798739492893219,0.7709504961967468,0.8005514740943909,0.13277268409729004,0.2228076457977295,0.20153340697288513,0.20021122694015503
2696,2696,0.0005855681956745684,,,,,,,,,
2697,2697,,,0.9702773094177246,0.8000528216362,0.7721980810165405,0.799994170665741,0.13304466009140015,0.22363601624965668,0.2014952450990677,0.20021122694015503
2697,2697,0.000587548827752471,,,,,,,,,
2698,2698,,,0.9713481068611145,0.7988539934158325,0.771197497844696,0.8003854155540466,0.13281463086605072,0.22290386259555817,0.2014971375465393,0.20021122694015503
2698,2698,0.0005872531328350306,,,,,,,,,
2699,2699,,0.0005849096341989934,,,,,,,,
2699,2699,,,0.9709786772727966,0.7995500564575195,0.7716604471206665,0.8002715706825256,0.13300378620624542,0.22322432696819305,0.201526939868927,0.20021122694015503
2699,2699,0.0005849096341989934,,,,,,,,,
2700,2700,,,0.9703903198242188,0.7994356155395508,0.7718969583511353,0.8000343441963196,0.13297252357006073,0.22330479323863983,0.20144149661064148,0.20021122694015503
2700,2700,0.0005832602037116885,,,,,,,,,
2701,2701,,,0.9715933799743652,0.7990108132362366,0.7711513638496399,0.8004281520843506,0.13296857476234436,0.22284336388111115,0.2015218585729599,0.20021122694015503
2701,2701,0.0005836192285642028,,,,,,,,,
2702,2702,,,0.9701495170593262,0.7997194528579712,0.7721191644668579,0.799929678440094,0.13307097554206848,0.22342266142368317,0.20143213868141174,0.20021122694015503
2702,2702,0.0005845435662195086,,,,,,,,,
2703,2703,,,0.9711913466453552,0.7990149855613708,0.7713413834571838,0.8002455830574036,0.13296981155872345,0.2229013741016388,0.20146222412586212,0.20021122694015503
2703,2703,0.0005842120735906065,,,,,,,,,
2704,2704,,,0.9708671569824219,0.7994905114173889,0.7716952562332153,0.8000885248184204,0.1330816149711609,0.22312605381011963,0.20145778357982635,0.20021122694015503
2704,2704,0.0005827793502248824,,,,,,,,,
2705,2705,,,0.9703484773635864,0.7993748188018799,0.7718594074249268,0.7999378442764282,0.13301996886730194,0.2231721580028534,0.20139306783676147,0.20021122694015503
2705,2705,0.0005817799246869981,,,,,,,,,
2706,2706,,,0.9714946150779724,0.7992327809333801,0.7712823152542114,0.8002569079399109,0.13307428359985352,0.2228514552116394,0.20148256421089172,0.20021122694015503
2706,2706,0.0005819422076456249,,,,,,,,,
2707,2707,,,0.9701699614524841,0.7994996905326843,0.7720039486885071,0.799818754196167,0.13305675983428955,0.22323425114154816,0.20136721432209015,0.20021122694015503
2707,2707,0.000582429114729166,,,,,,,,,
2708,2708,,,0.9712862372398376,0.7992847561836243,0.7714059352874756,0.8001805543899536,0.13308605551719666,0.22289203107357025,0.20146146416664124,0.20021122694015503
2708,2708,0.000582158041652292,,,,,,,,,
2709,2709,,,0.9707735776901245,0.7993107438087463,0.7716834545135498,0.7999674677848816,0.13307330012321472,0.22301626205444336,0.20139937102794647,0.20021122694015503
2709,2709,0.0005811635637655854,,,,,,,,,
2710,2710,,,0.9706739187240601,0.7995108366012573,0.7717985510826111,0.7999542951583862,0.13313351571559906,0.2230881154537201,0.20141083002090454,0.20021122694015503
2710,2710,0.0005803374224342406,,,,,,,,,
2711,2711,,,0.9712845683097839,0.7991877198219299,0.7713719606399536,0.8001540303230286,0.133104145526886,0.22280777990818024,0.20144017040729523,0.20021122694015503
2711,2711,0.0005802072701044381,,,,,,,,,
2712,2712,,,0.9704533219337463,0.799564778804779,0.7719271183013916,0.7998346090316772,0.13315270841121674,0.22312484681606293,0.20137625932693481,0.20021122694015503
2712,2712,0.0005803868407383561,,,,,,,,,
2713,2713,,,0.9712221026420593,0.7993305921554565,0.7714408040046692,0.800118088722229,0.13314113020896912,0.22282542288303375,0.2014366239309311,0.20021122694015503
2713,2713,0.0005802204250358045,,,,,,,,,
2714,2714,,,0.9707209467887878,0.7993625998497009,0.7716995477676392,0.7998976111412048,0.13312172889709473,0.22294099628925323,0.20137090981006622,0.20021122694015503
2714,2714,0.0005796074401587248,,,,,,,,,
2715,2715,,,0.9708346128463745,0.7995637059211731,0.7717307209968567,0.7999022603034973,0.13319586217403412,0.2229728251695633,0.20139126479625702,0.20021122694015503
2715,2715,0.0005789980059489608,,,,,,,,,
2716,2716,,,0.9710486531257629,0.7991666793823242,0.7714455723762512,0.7999826669692993,0.13312508165836334,0.2227439135313034,0.20137320458889008,0.20021122694015503
2716,2716,0.0005787570844404399,,,,,,,,,
2717,2717,,,0.9706355333328247,0.7996307015419006,0.7718694806098938,0.7997419238090515,0.1332501769065857,0.22301341593265533,0.20134799182415009,0.20021122694015503
2717,2717,0.0005787487025372684,,,,,,,,,
2718,2718,,,0.9710705876350403,0.7991700768470764,0.771461009979248,0.7999064922332764,0.13317689299583435,0.22271521389484406,0.201351135969162,0.20021122694015503
2718,2718,0.0005785918328911066,,,,,,,,,
2719,2719,,,0.970801830291748,0.7994614839553833,0.7717422842979431,0.7997451424598694,0.1332545429468155,0.2228824943304062,0.20133265852928162,0.20021122694015503
2719,2719,0.0005781463114544749,,,,,,,,,
2720,2720,,,0.9708425402641296,0.7993210554122925,0.7716848254203796,0.7997113466262817,0.13324031233787537,0.222815603017807,0.20131048560142517,0.20021122694015503
2720,2720,0.0005776260513812304,,,,,,,,,
2721,2721,,,0.9710651636123657,0.799213171005249,0.771533727645874,0.7997750043869019,0.13324813544750214,0.22270618379116058,0.20131857693195343,0.20021122694015503
2721,2721,0.0005772924050688744,,,,,,,,,
2722,2722,,,0.9706753492355347,0.7994314432144165,0.771832287311554,0.7995750308036804,0.13330745697021484,0.22286942601203918,0.2012796550989151,0.20021122694015503
2722,2722,0.0005771526484750211,,,,,,,,,
2723,2723,,,0.9710873365402222,0.7991145849227905,0.7714981436729431,0.7997056841850281,0.1332790106534958,0.22263623774051666,0.2012876719236374,0.20021122694015503
2723,2723,0.0005770031712017953,,,,,,,,,
2724,2724,,,0.9707735776901245,0.7993764877319336,0.7717574834823608,0.7995633482933044,0.1333499401807785,0.22279076278209686,0.2012680470943451,0.20021122694015503
2724,2724,0.0005766987451352179,,,,,,,,,
2725,2725,,,0.9708481431007385,0.7991721630096436,0.7716419696807861,0.799554705619812,0.13332048058509827,0.22268131375312805,0.2012450098991394,0.20021122694015503
2725,2725,0.000576298451051116,,,,,,,,,
2726,2726,,,0.9710165858268738,0.7992250323295593,0.7715850472450256,0.7995865345001221,0.13336576521396637,0.22265157103538513,0.20125991106033325,0.20021122694015503
2726,2726,0.0005759543273597956,,,,,,,,,
2727,2727,,,0.9706319570541382,0.7992274165153503,0.7717682719230652,0.7994309067726135,0.1333627700805664,0.22272516787052155,0.20121034979820251,0.20021122694015503
2727,2727,0.0005757306353189051,,,,,,,,,
2728,2728,,,0.9710934162139893,0.799128532409668,0.771522045135498,0.7995423674583435,0.13339698314666748,0.22257079184055328,0.20123684406280518,0.20021122694015503
2728,2728,0.0005755482707172632,,,,,,,,,
2729,2729,,,0.9706816077232361,0.7991833090782166,0.7717433571815491,0.7993817329406738,0.13341090083122253,0.222676083445549,0.20119169354438782,0.20021122694015503
2729,2729,0.0005752976867370307,,,,,,,,,
2730,2730,,,0.9709506630897522,0.7991443276405334,0.7716140151023865,0.799426257610321,0.13344551622867584,0.2225850522518158,0.20120272040367126,0.20021122694015503
2730,2730,0.0005749640986323357,,,,,,,,,
2731,2731,,,0.970893144607544,0.7990815043449402,0.7716253995895386,0.7993695139884949,0.13344769179821014,0.22256599366664886,0.2011796236038208,0.20021122694015503
2731,2731,0.0005746224196627736,,,,,,,,,
2732,2732,,,0.9707778692245483,0.7991777658462524,0.7717284560203552,0.7992953658103943,0.13348373770713806,0.22261761128902435,0.20116618275642395,0.20021122694015503
2732,2732,0.0005743438960053027,,,,,,,,,
2733,2733,,,0.9710277915000916,0.7990256547927856,0.7715557217597961,0.7993367314338684,0.1334797590970993,0.2224859893321991,0.2011643350124359,0.20021122694015503
2733,2733,0.0005741212517023087,,,,,,,,,
2734,2734,,,0.9707501530647278,0.7991397976875305,0.7717414498329163,0.7992021441459656,0.13351233303546906,0.22258320450782776,0.20113380253314972,0.20021122694015503
2734,2734,0.000573894358240068,,,,,,,,,
2735,2735,,,0.9709792733192444,0.7990537285804749,0.7715975046157837,0.7992540001869202,0.1335262954235077,0.2224799245595932,0.2011406123638153,0.20021122694015503
2735,2735,0.0005736188031733036,,,,,,,,,
2736,2736,,,0.9708555340766907,0.799050509929657,0.7716643810272217,0.7991678714752197,0.13353945314884186,0.22249402105808258,0.201113760471344,0.20021122694015503
2736,2736,0.0005733129219152033,,,,,,,,,
2737,2737,,,0.9708617329597473,0.799113929271698,0.7716895341873169,0.7991423606872559,0.1335786134004593,0.22250454127788544,0.20111168920993805,0.20021122694015503
2737,2737,0.0005730233388021588,,,,,,,,,
2738,2738,,,0.9709492325782776,0.7989705801010132,0.771589994430542,0.7991494536399841,0.1335667222738266,0.22241315245628357,0.20109890401363373,0.20021122694015503
2738,2738,0.0005727719981223345,,,,,,,,,
2739,2739,,,0.9708174467086792,0.7991290092468262,0.7717340588569641,0.799058198928833,0.13361959159374237,0.22249452769756317,0.20108726620674133,0.20021122694015503
2739,2739,0.0005725388182327151,,,,,,,,,
2740,2740,,,0.9709445834159851,0.7989509701728821,0.7715951800346375,0.7990976572036743,0.13359969854354858,0.22238211333751678,0.20108051598072052,0.20021122694015503
2740,2740,0.000572290038689971,,,,,,,,,
2741,2741,,,0.9708736538887024,0.7990775108337402,0.7716983556747437,0.7990266680717468,0.13364866375923157,0.2224368453025818,0.20107212662696838,0.20021122694015503
2741,2741,0.0005720137851312757,,,,,,,,,
2742,2742,,,0.9708743691444397,0.798981785774231,0.7716625928878784,0.7990090250968933,0.13364392518997192,0.2223879098892212,0.2010568380355835,0.20021122694015503
2742,2742,0.0005717299645766616,,,,,,,,,
2743,2743,,,0.9709635376930237,0.7990062236785889,0.7716366648674011,0.7990138530731201,0.13367919623851776,0.22236546874046326,0.20106086134910583,0.20021122694015503
2743,2743,0.0005714587750844657,,,,,,,,,
2744,2744,,,0.9708135724067688,0.7990061640739441,0.771717369556427,0.7989292144775391,0.13369226455688477,0.22238817811012268,0.20103473961353302,0.20021122694015503
2744,2744,0.0005712077836506069,,,,,,,,,
2745,2745,,,0.9709926843643188,0.79896080493927,0.771616518497467,0.7989694476127625,0.13371425867080688,0.22231590747833252,0.20104241371154785,0.20021122694015503
2745,2745,0.0005709617398679256,,,,,,,,,
2746,2746,,,0.9708272814750671,0.7989901900291443,0.7717146277427673,0.7988840937614441,0.1337316334247589,0.22235453128814697,0.2010187953710556,0.20021122694015503
2746,2746,0.0005707057425752282,,,,,,,,,
2747,2747,,,0.9709415435791016,0.7989537119865417,0.77165287733078,0.798891007900238,0.1337503343820572,0.2223006635904312,0.20101743936538696,0.20021122694015503
2747,2747,0.0005704374052584171,,,,,,,,,
2748,2748,,,0.9708942174911499,0.7989454865455627,0.7716754674911499,0.7988558411598206,0.13376562297344208,0.22229664027690887,0.20100528001785278,0.20021122694015503
2748,2748,0.0005701675545424223,,,,,,,,,
2749,2749,,0.0005699055036529899,,,,,,,,
2749,2749,,,0.9708662629127502,0.79896080493927,0.7717059254646301,0.7988120913505554,0.13379104435443878,0.22229814529418945,0.20099376142024994,0.20021122694015503
2749,2749,0.0005699055036529899,,,,,,,,,
2750,2750,,,0.9709509015083313,0.7989058494567871,0.7716483473777771,0.7988170981407166,0.13380639255046844,0.2222433090209961,0.20098960399627686,0.20021122694015503
2750,2750,0.0005696546868421137,,,,,,,,,
2751,2751,,,0.9708319902420044,0.7989437580108643,0.7717288136482239,0.7987512946128845,0.133832648396492,0.22227582335472107,0.20097313821315765,0.20021122694015503
2751,2751,0.0005694058490917087,,,,,,,,,
2752,2752,,,0.970949649810791,0.7988908290863037,0.7716607451438904,0.7987622022628784,0.1338500827550888,0.2222163826227188,0.20097172260284424,0.20021122694015503
2752,2752,0.0005691524129360914,,,,,,,,,
2753,2753,,,0.9708606600761414,0.7988972663879395,0.7717124223709106,0.7987093925476074,0.13386794924736023,0.22222845256328583,0.20095586776733398,0.20021122694015503
2753,2753,0.0005688922246918082,,,,,,,,,
2754,2754,,,0.9709039926528931,0.7988950610160828,0.7716991305351257,0.7986969947814941,0.13389316201210022,0.22220735251903534,0.20095215737819672,0.20021122694015503
2754,2754,0.000568632036447525,,,,,,,,,
2755,2755,,,0.9709100723266602,0.7988452315330505,0.77168208360672,0.7986756563186646,0.13390353322029114,0.22217495739459991,0.2009405493736267,0.20021122694015503
2755,2755,0.0005683748750016093,,,,,,,,,
2756,2756,,,0.9708669781684875,0.798896312713623,0.7717300057411194,0.7986361384391785,0.13393796980381012,0.22219274938106537,0.20093323290348053,0.20021122694015503
2756,2756,0.0005681243492290378,,,,,,,,,
2757,2757,,,0.9709228873252869,0.7988105416297913,0.7716718912124634,0.7986345887184143,0.13394302129745483,0.2221350520849228,0.2009240984916687,0.20021122694015503
2757,2757,0.0005678747547790408,,,,,,,,,
2758,2758,,,0.970875084400177,0.7988735437393188,0.7717303037643433,0.7985880374908447,0.13397946953773499,0.22216010093688965,0.20091624557971954,0.20021122694015503
2758,2758,0.0005676235305145383,,,,,,,,,
2759,2759,,,0.970897912979126,0.798798680305481,0.7716909050941467,0.7985795140266418,0.1339835375547409,0.2221134454011917,0.2009056806564331,0.20021122694015503
2759,2759,0.0005673696286976337,,,,,,,,,
2760,2760,,,0.9709080457687378,0.7988349199295044,0.7717110514640808,0.7985515594482422,0.13401763141155243,0.22211584448814392,0.20090118050575256,0.20021122694015503
2760,2760,0.0005671139806509018,,,,,,,,,
2761,2761,,,0.9708633422851562,0.7987930774688721,0.7717196345329285,0.7985172271728516,0.13402706384658813,0.22209769487380981,0.2008860558271408,0.20021122694015503
2761,2761,0.0005668607191182673,,,,,,,,,
2762,2762,,,0.9709354639053345,0.798800528049469,0.7716965079307556,0.7985137104988098,0.13405875861644745,0.2220728099346161,0.20088601112365723,0.20021122694015503
2762,2762,0.0005666111828759313,,,,,,,,,
2763,2763,,,0.9708473682403564,0.798775315284729,0.7717349529266357,0.7984591126441956,0.1340709775686264,0.22207395732402802,0.2008667290210724,0.20021122694015503
2763,2763,0.0005663635092787445,,,,,,,,,
2764,2764,,,0.9709365367889404,0.7987767457962036,0.7717001438140869,0.7984635233879089,0.13410146534442902,0.22204171121120453,0.20086833834648132,0.20021122694015503
2764,2764,0.0005661141476593912,,,,,,,,,
2765,2765,,,0.9708554744720459,0.7987431883811951,0.7717322707176208,0.7984111905097961,0.13411110639572144,0.22203847765922546,0.2008490264415741,0.20021122694015503
2765,2765,0.0005658649606630206,,,,,,,,,
2766,2766,,,0.9709194898605347,0.7987642884254456,0.7717188596725464,0.7984030246734619,0.13414527475833893,0.22202099859714508,0.20084893703460693,0.20021122694015503
2766,2766,0.0005656133289448917,,,,,,,,,
2767,2767,,,0.970873236656189,0.7987036108970642,0.771719753742218,0.7983676195144653,0.1341504007577896,0.22199678421020508,0.20083165168762207,0.20021122694015503
2767,2767,0.0005653641419485211,,,,,,,,,
2768,2768,,,0.9709001779556274,0.79875648021698,0.7717397809028625,0.798343300819397,0.1341911256313324,0.22200150787830353,0.20083007216453552,0.20021122694015503
2768,2768,0.0005651162355206907,,,,,,,,,
2769,2769,,,0.9708833694458008,0.7986683249473572,0.7717135548591614,0.7983211874961853,0.13419131934642792,0.2219591587781906,0.20081396400928497,0.20021122694015503
2769,2769,0.0005648696096614003,,,,,,,,,
2770,2770,,,0.9708945751190186,0.7987421154975891,0.77174973487854,0.7982907891273499,0.13423649966716766,0.22197580337524414,0.20081256330013275,0.20021122694015503
2770,2770,0.0005646240315400064,,,,,,,,,
2771,2771,,,0.9708752036094666,0.7986399531364441,0.7717196345329285,0.7982673048973083,0.1342325359582901,0.22192956507205963,0.20079481601715088,0.20021122694015503
2771,2771,0.0005643783952109516,,,,,,,,,
2772,2772,,,0.9709088802337646,0.7987222671508789,0.771747887134552,0.7982465028762817,0.1342812180519104,0.2219434529542923,0.20079708099365234,0.20021122694015503
2772,2772,0.0005641322350129485,,,,,,,,,
2773,2773,,,0.9708489179611206,0.7986157536506653,0.7717344760894775,0.7982099652290344,0.13427376747131348,0.22190529108047485,0.20077477395534515,0.20021122694015503
2773,2773,0.0005638873553834856,,,,,,,,,
2774,2774,,,0.9709319472312927,0.7987017631530762,0.7717412114143372,0.7982041239738464,0.13432684540748596,0.2219085842370987,0.20078209042549133,0.20021122694015503
2774,2774,0.0005636425339616835,,,,,,,,,
2775,2775,,,0.9708209037780762,0.7985883355140686,0.7717486619949341,0.7981532216072083,0.13431362807750702,0.22187985479831696,0.20075452327728271,0.20021122694015503
2775,2775,0.0005634014960378408,,,,,,,,,
2776,2776,,,0.9709519147872925,0.7986891269683838,0.7717399597167969,0.798159658908844,0.13437438011169434,0.22187818586826324,0.2007673978805542,0.20021122694015503
2776,2776,0.0005631615058518946,,,,,,,,,
2777,2777,,,0.9707978963851929,0.798547089099884,0.7717539072036743,0.7980983853340149,0.13435107469558716,0.22184854745864868,0.20073354244232178,0.20021122694015503
2777,2777,0.000562923785764724,,,,,,,,,
2778,2778,,,0.9709646701812744,0.7986900210380554,0.7717480063438416,0.7981124520301819,0.1344258040189743,0.22185491025447845,0.20075322687625885,0.20021122694015503
2778,2778,0.0005626879865303636,,,,,,,,,
2779,2779,,,0.9707814455032349,0.7984926700592041,0.7717509865760803,0.7980453968048096,0.13438622653484344,0.22181031107902527,0.20071183145046234,0.20021122694015503
2779,2779,0.0005624559707939625,,,,,,,,,
2780,2780,,,0.9709767699241638,0.7987061738967896,0.7717620730400085,0.7980648279190063,0.1344813108444214,0.22183753550052643,0.20074036717414856,0.20021122694015503
2780,2780,0.0005622286698780954,,,,,,,,,
2781,2781,,,0.9707564115524292,0.7984246015548706,0.7717448472976685,0.7979919910430908,0.1344161480665207,0.221768319606781,0.20068839192390442,0.20021122694015503
2781,2781,0.0005620084702968597,,,,,,,,,
2782,2782,,,0.9710062742233276,0.798738420009613,0.7717762589454651,0.7980197668075562,0.13454118371009827,0.2218228429555893,0.20073014497756958,0.20021122694015503
2782,2782,0.0005617990391328931,,,,,,,,,
2783,2783,,,0.970709502696991,0.7983384132385254,0.7717390656471252,0.7979350686073303,0.1344396024942398,0.22172515094280243,0.20066189765930176,0.20021122694015503
2783,2783,0.0005616060807369649,,,,,,,,,
2784,2784,,,0.9710622429847717,0.7987916469573975,0.7717857956886292,0.7979810833930969,0.1346091777086258,0.22180946171283722,0.20072394609451294,0.20021122694015503
2784,2784,0.0005614347173832357,,,,,,,,,
2785,2785,,,0.9706293940544128,0.7982258200645447,0.7717352509498596,0.7978704571723938,0.13445502519607544,0.22167956829071045,0.20063011348247528,0.20021122694015503
2785,2785,0.0005612963577732444,,,,,,,,,
2786,2786,,,0.9711574912071228,0.7988802194595337,0.7717896699905396,0.7979540824890137,0.1346898078918457,0.2218012809753418,0.20072484016418457,0.20021122694015503
2786,2786,0.0005612085806205869,,,,,,,,,
2787,2787,,,0.9705050587654114,0.7980679869651794,0.7717286348342896,0.7977941632270813,0.13445475697517395,0.2216261774301529,0.20058967173099518,0.20021122694015503
2787,2787,0.0005611969972960651,,,,,,,,,
2788,2788,,,0.9713072776794434,0.7990319728851318,0.7717899680137634,0.797940731048584,0.1347893625497818,0.2218049019575119,0.20073607563972473,0.20021122694015503
2788,2788,0.0005613020621240139,,,,,,,,,
2789,2789,,,0.9703183174133301,0.7978353500366211,0.7717078328132629,0.797705888748169,0.13442891836166382,0.22155804932117462,0.20053692162036896,0.20021122694015503
2789,2789,0.0005615892005153,,,,,,,,,
2790,2790,,,0.9715393781661987,0.7992909550666809,0.7717851400375366,0.7979423999786377,0.13492126762866974,0.22182893753051758,0.2007618397474289,0.20021122694015503
2790,2790,0.0005621552700176835,,,,,,,,,
2791,2791,,,0.9700360894203186,0.7974828481674194,0.7716549038887024,0.7975990176200867,0.13436292111873627,0.2214640974998474,0.2004639059305191,0.20021122694015503
2791,2791,0.0005631647072732449,,,,,,,,,
2792,2792,,,0.9719085693359375,0.7997296452522278,0.7717577815055847,0.7979702353477478,0.13510669767856598,0.22188812494277954,0.2008112370967865,0.20021122694015503
2792,2792,0.0005648627411574125,,,,,,,,,
2793,2793,,,0.969600260257721,0.7969449162483215,0.7715374827384949,0.7974590063095093,0.13423147797584534,0.22132855653762817,0.2003566175699234,0.20021122694015503
2793,2793,0.0005676731816492975,,,,,,,,,
2794,2794,,,0.9725121855735779,0.8004717230796814,0.7716509103775024,0.7980436682701111,0.13537824153900146,0.22200365364551544,0.20089766383171082,0.20021122694015503
2794,2794,0.0005722221685573459,,,,,,,,,
2795,2795,,,0.968924343585968,0.7961271405220032,0.7712826728820801,0.7972629070281982,0.1339929699897766,0.22112761437892914,0.2001919001340866,0.2001919001340866
2795,2795,0.0005796255427412689,,,,,,,,,
2796,2796,,,0.9735209345817566,0.8017421960830688,0.7713019847869873,0.7981950044631958,0.13579097390174866,0.22221128642559052,0.2010393887758255,0.2001919001340866
2796,2796,0.0005914853536523879,,,,,,,,,
2797,2797,,,0.9678899049758911,0.794915497303009,0.7707362174987793,0.7969765067100525,0.1335841417312622,0.2208249866962433,0.1999330222606659,0.1999330222606659
2797,2797,0.0006107481895014644,,,,,,,,,
2798,2798,,,0.9752222299575806,0.8039395213127136,0.7702879905700684,0.7984743118286133,0.13643161952495575,0.22257056832313538,0.20125499367713928,0.1999330222606659
2798,2798,0.0006413129740394652,,,,,,,,,
2799,2799,,0.0006906251655891538,,,,,,,,
2799,2799,,,0.966398298740387,0.7932521104812622,0.7696239352226257,0.7965567111968994,0.13291959464550018,0.2203710675239563,0.1995329111814499,0.1995329111814499
2799,2799,0.0006906251655891538,,,,,,,,,
2800,2800,,,0.9780188798904419,0.8076843619346619,0.7679519653320312,0.7989470958709717,0.1374073475599289,0.22317089140415192,0.20156705379486084,0.1995329111814499
2800,2800,0.0007666102610528469,,,,,,,,,
2801,2801,,,0.9645492434501648,0.7913526296615601,0.7676703333854675,0.7959725856781006,0.13193905353546143,0.21972401440143585,0.1989692747592926,0.1989692747592926
2801,2801,0.0008850318263284862,,,,,,,,,
2802,2802,,,0.9820465445518494,0.8134095072746277,0.7643256783485413,0.7996506094932556,0.138738214969635,0.22409451007843018,0.20202024281024933,0.1989692747592926
2802,2802,0.0010517577175050974,,,,,,,,,
2803,2803,,,0.9629961848258972,0.7899559736251831,0.7652944326400757,0.7953137159347534,0.1308189332485199,0.2189493477344513,0.19837063550949097,0.19837063550949097
2803,2803,0.001281821634620428,,,,,,,,,
2804,2804,,,0.9854404330253601,0.8190217614173889,0.7613928318023682,0.8003633618354797,0.13994863629341125,0.22518113255500793,0.20250290632247925,0.19837063550949097
2804,2804,0.0015263904351741076,,,,,,,,,
2805,2805,,,0.9629574418067932,0.7896674871444702,0.7646238207817078,0.7950505614280701,0.1303984522819519,0.21845021843910217,0.19817925989627838,0.19817925989627838
2805,2805,0.0017409748397767544,,,,,,,,,
2806,2806,,,0.9826884269714355,0.8169171214103699,0.7635093331336975,0.8001930117607117,0.1395825743675232,0.22550852596759796,0.20240455865859985,0.19817925989627838
2806,2806,0.0017467435682192445,,,,,,,,,
2807,2807,,,0.9659450054168701,0.7911893725395203,0.7678918838500977,0.7960881590843201,0.1319362372159958,0.21904221177101135,0.1990395039319992,0.19817925989627838
2807,2807,0.0015131736872717738,,,,,,,,,
2808,2808,,,0.9728422164916992,0.8047091364860535,0.7719383835792542,0.798270046710968,0.13667695224285126,0.22388140857219696,0.20131933689117432,0.19817925989627838
2808,2808,0.0010654262732714415,,,,,,,,,
2809,2809,,,0.9729763865470886,0.7986813187599182,0.770595371723175,0.7986435294151306,0.13516192138195038,0.2211858034133911,0.20089386403560638,0.19817925989627838
2809,2809,0.000685134727973491,,,,,,,,,
2810,2810,,,0.9649565815925598,0.7949860095977783,0.7711817622184753,0.79598468542099,0.13335324823856354,0.2211749106645584,0.1995193213224411,0.19817925989627838
2810,2810,0.0005760182393714786,,,,,,,,,
2811,2811,,,0.9785227179527283,0.8087747097015381,0.7666367888450623,0.8006330728530884,0.1379459798336029,0.22373650968074799,0.20208774507045746,0.19817925989627838
2811,2811,0.0007320629665628076,,,,,,,,,
2812,2812,,,0.9638648629188538,0.7924985289573669,0.7684209942817688,0.7958851456642151,0.13241159915924072,0.21958959102630615,0.198977530002594,0.19817925989627838
2812,2812,0.0009523122571408749,,,,,,,,,
2813,2813,,,0.975184440612793,0.8090348839759827,0.7692304849624634,0.7995828986167908,0.1381627470254898,0.22453191876411438,0.2018459290266037,0.19817925989627838
2813,2813,0.0010136803612113,,,,,,,,,
2814,2814,,,0.9689486622810364,0.7945273518562317,0.7695848345756531,0.7983000874519348,0.13400976359844208,0.22002039849758148,0.20021796226501465,0.19817925989627838
2814,2814,0.0008793547749519348,,,,,,,,,
2815,2815,,,0.9676234722137451,0.8007223606109619,0.7740486860275269,0.7967539429664612,0.1356458216905594,0.22310394048690796,0.20050311088562012,0.19817925989627838
2815,2815,0.0006778710521757603,,,,,,,,,
2816,2816,,,0.9760027527809143,0.8010715842247009,0.7688303589820862,0.8005744218826294,0.13618901371955872,0.22169268131256104,0.20164920389652252,0.19817925989627838
2816,2816,0.0005932144704274833,,,,,,,,,
2817,2817,,,0.9647355675697327,0.7951432466506958,0.7715615034103394,0.7955476641654968,0.1334591507911682,0.22122056782245636,0.1994156390428543,0.19817925989627838
2817,2817,0.0006582711357623339,,,,,,,,,
2818,2818,,,0.9768766760826111,0.8051552176475525,0.7687633633613586,0.8000922799110413,0.13727562129497528,0.22305352985858917,0.2018125057220459,0.19817925989627838
2818,2818,0.000754974433220923,,,,,,,,,
2819,2819,,,0.9675678610801697,0.794624388217926,0.7704975008964539,0.7970594763755798,0.13388805091381073,0.22040221095085144,0.19987210631370544,0.19817925989627838
2819,2819,0.0007632229244336486,,,,,,,,,
2820,2820,,,0.9704047441482544,0.8018549084663391,0.7731931805610657,0.7973718047142029,0.1363379955291748,0.2230742871761322,0.20083391666412354,0.19817925989627838
2820,2820,0.0006752751069143414,,,,,,,,,
2821,2821,,,0.9736502766609192,0.7981619834899902,0.769521176815033,0.7995161414146423,0.13542984426021576,0.22078995406627655,0.20106299221515656,0.19817925989627838
2821,2821,0.0005944094737060368,,,,,,,,,
2822,2822,,,0.9651199579238892,0.7975812554359436,0.7730394005775452,0.795410692691803,0.13424958288669586,0.22212384641170502,0.1996747851371765,0.19817925989627838
2822,2822,0.0005957470275461674,,,,,,,,,
2823,2823,,,0.9764006733894348,0.8016688823699951,0.7684841752052307,0.8003278970718384,0.13606160879135132,0.22166649997234344,0.20158757269382477,0.19817925989627838
2823,2823,0.0006523660849779844,,,,,,,,,
2824,2824,,,0.9658821225166321,0.7964334487915039,0.7720804810523987,0.7960500121116638,0.13372649252414703,0.22122183442115784,0.1997133493423462,0.19817925989627838
2824,2824,0.0006814963999204338,,,,,,,,,
2825,2825,,,0.9723084568977356,0.800794243812561,0.771540641784668,0.7987120747566223,0.13584887981414795,0.22216875851154327,0.20110243558883667,0.19817925989627838
2825,2825,0.0006429356290027499,,,,,,,,,
2826,2826,,,0.9711110591888428,0.7977285385131836,0.7710893750190735,0.7984325885772705,0.1352112889289856,0.22095106542110443,0.20070040225982666,0.19817925989627838
2826,2826,0.0005809642025269568,,,,,,,,,
2827,2827,,,0.9668735265731812,0.7981158494949341,0.7732139229774475,0.7963996529579163,0.1351403295993805,0.22201845049858093,0.20010513067245483,0.19817925989627838
2827,2827,0.0005595734692178667,,,,,,,,,
2828,2828,,,0.9753344058990479,0.799559473991394,0.7691541910171509,0.8001770973205566,0.13622604310512543,0.2211829274892807,0.20142370462417603,0.19817925989627838
2828,2828,0.00059078837512061,,,,,,,,,
2829,2829,,,0.9658492803573608,0.7971934080123901,0.7730091214179993,0.7957279682159424,0.13458098471164703,0.22165293991565704,0.1997595876455307,0.19817925989627838
2829,2829,0.0006282739341259003,,,,,,,,,
2830,2830,,,0.9736979007720947,0.7993571162223816,0.7702398896217346,0.7994862794876099,0.13580141961574554,0.22132901847362518,0.20120057463645935,0.19817925989627838
2830,2830,0.0006258442881517112,,,,,,,,,
2831,2831,,,0.969334065914154,0.7982413172721863,0.7724337577819824,0.7971892952919006,0.13514994084835052,0.22145506739616394,0.20038460195064545,0.19817925989627838
2831,2831,0.0005878882948309183,,,,,,,,,
2832,2832,,,0.9690781235694885,0.7979061007499695,0.77223801612854,0.7972375154495239,0.13515721261501312,0.2212754637002945,0.2003406584262848,0.19817925989627838
2832,2832,0.0005549569032154977,,,,,,,,,
2833,2833,,,0.973207414150238,0.7995640635490417,0.7706247568130493,0.7989268898963928,0.13612867891788483,0.22135613858699799,0.20104475319385529,0.19817925989627838
2833,2833,0.0005559758865274489,,,,,,,,,
2834,2834,,,0.9669352769851685,0.7974323034286499,0.7728643417358398,0.7958427667617798,0.1350179761648178,0.22139175236225128,0.19983766973018646,0.19817925989627838
2834,2834,0.000579622108489275,,,,,,,,,
2835,2835,,,0.9735151529312134,0.799271821975708,0.7703611254692078,0.7990648746490479,0.13610470294952393,0.22113703191280365,0.20105582475662231,0.19817925989627838
2835,2835,0.0005940601695328951,,,,,,,,,
2836,2836,,,0.9684597253799438,0.7984492182731628,0.7730246186256409,0.7963475584983826,0.1354113221168518,0.22165603935718536,0.20015399158000946,0.19817925989627838
2836,2836,0.0005843632388859987,,,,,,,,,
2837,2837,,,0.970812201499939,0.797732949256897,0.7715088129043579,0.7976572513580322,0.13537940382957458,0.22084304690361023,0.2004762887954712,0.19817925989627838
2837,2837,0.0005635925917886198,,,,,,,,,
2838,2838,,,0.9714229106903076,0.7998338937759399,0.7721460461616516,0.7976251840591431,0.13607412576675415,0.22170387208461761,0.2007027268409729,0.19817925989627838
2838,2838,0.0005535938544198871,,,,,,,,,
2839,2839,,,0.9686338305473328,0.7969030737876892,0.7722103595733643,0.7963142395019531,0.13509266078472137,0.22085827589035034,0.19997064769268036,0.19817925989627838
2839,2839,0.0005598426214419305,,,,,,,,,
2840,2840,,,0.9726771116256714,0.7996526956558228,0.771297812461853,0.7980684638023376,0.13630937039852142,0.2213936299085617,0.2008170187473297,0.19817925989627838
2840,2840,0.0005695337895303965,,,,,,,,,
2841,2841,,,0.9688470363616943,0.797711193561554,0.7726833820343018,0.7961841225624084,0.1355169713497162,0.2212560921907425,0.20004750788211823,0.19817925989627838
2841,2841,0.0005694385035894811,,,,,,,,,
2842,2842,,,0.971537172794342,0.7980441451072693,0.7714853286743164,0.7974439859390259,0.13587960600852966,0.2209160178899765,0.20047983527183533,0.19817925989627838
2842,2842,0.0005598890711553395,,,,,,,,,
2843,2843,,,0.970579981803894,0.7993218898773193,0.772591769695282,0.7968446016311646,0.13616172969341278,0.22162321209907532,0.20043228566646576,0.19817925989627838
2843,2843,0.0005518800462596118,,,,,,,,,
2844,2844,,,0.9698693156242371,0.7968501448631287,0.7717931866645813,0.7966106534004211,0.135421022772789,0.2206432968378067,0.20008713006973267,0.19817925989627838
2844,2844,0.0005527835455723107,,,,,,,,,
2845,2845,,,0.9718334078788757,0.79991215467453,0.7720848917961121,0.7972216010093689,0.13648828864097595,0.2216358780860901,0.20060603320598602,0.19817925989627838
2845,2845,0.0005590740474872291,,,,,,,,,
2846,2846,,,0.9694655537605286,0.7970612049102783,0.77208411693573,0.7963052988052368,0.13555248081684113,0.22078651189804077,0.20001448690891266,0.19817925989627838
2846,2846,0.0005620023584924638,,,,,,,,,
2847,2847,,,0.9713769555091858,0.7988850474357605,0.772010087966919,0.7969103455543518,0.13630884885787964,0.22129428386688232,0.2004166841506958,0.19817925989627838
2847,2847,0.0005576671683229506,,,,,,,,,
2848,2848,,,0.9704567193984985,0.798312246799469,0.7722528576850891,0.7965385317802429,0.13609714806079865,0.22115446627140045,0.20023512840270996,0.19817925989627838
2848,2848,0.0005504852160811424,,,,,,,,,
2849,2849,,0.0005471239564940333,,,,,,,,
2849,2849,,,0.9701464772224426,0.7975006699562073,0.7720428705215454,0.7963750958442688,0.13585156202316284,0.22085657715797424,0.2000977098941803,0.19817925989627838
2849,2849,0.0005471239564940333,,,,,,,,,
2850,2850,,,0.9714463949203491,0.7992565035820007,0.7721421718597412,0.7967429161071777,0.13644443452358246,0.22141234576702118,0.20040494203567505,0.19817925989627838
2850,2850,0.000549476535525173,,,,,,,,,
2851,2851,,,0.969747006893158,0.7969139814376831,0.7719829082489014,0.7961627840995789,0.13563762605190277,0.22065338492393494,0.19996723532676697,0.19817925989627838
2851,2851,0.0005535891395993531,,,,,,,,,
2852,2852,,,0.9712559580802917,0.7990321516990662,0.772257924079895,0.7965509295463562,0.13642430305480957,0.22139333188533783,0.20033717155456543,0.19817925989627838
2852,2852,0.0005546094034798443,,,,,,,,,
2853,2853,,,0.9704704880714417,0.7973223924636841,0.7719267010688782,0.7963632345199585,0.13594554364681244,0.22075201570987701,0.20009256899356842,0.19817925989627838
2853,2853,0.0005516930250450969,,,,,,,,,
2854,2854,,,0.9702309966087341,0.798101544380188,0.7724546194076538,0.7961398959159851,0.1362013965845108,0.22113513946533203,0.2001127004623413,0.19817925989627838
2854,2854,0.0005478766979649663,,,,,,,,,
2855,2855,,,0.9713494777679443,0.7981732487678528,0.7718704342842102,0.7966492176055908,0.13633687794208527,0.22096873819828033,0.2002771943807602,0.19817925989627838
2855,2855,0.0005463939742185175,,,,,,,,,
2856,2856,,,0.9696318507194519,0.7973595261573792,0.7723698616027832,0.7959288954734802,0.13592547178268433,0.22086259722709656,0.19995611906051636,0.19817925989627838
2856,2856,0.0005475110956467688,,,,,,,,,
2857,2857,,,0.9713226556777954,0.7985625863075256,0.772029459476471,0.7966195940971375,0.13638342916965485,0.22110973298549652,0.20030346512794495,0.19817925989627838
2857,2857,0.0005489860777743161,,,,,,,,,
2858,2858,,,0.9700222611427307,0.797255277633667,0.7721302509307861,0.7961062788963318,0.13591185212135315,0.2207459658384323,0.20000086724758148,0.19817925989627838
2858,2858,0.0005488082533702254,,,,,,,,,
2859,2859,,,0.9704576134681702,0.7982456684112549,0.7723548412322998,0.7962579131126404,0.1362803727388382,0.22108960151672363,0.20015451312065125,0.19817925989627838
2859,2859,0.0005470736650750041,,,,,,,,,
2860,2860,,,0.9708064198493958,0.7976413369178772,0.771878719329834,0.7964687943458557,0.1362207978963852,0.22075903415679932,0.2001536786556244,0.19817925989627838
2860,2860,0.0005454433849081397,,,,,,,,,
2861,2861,,,0.9696696996688843,0.7977196574211121,0.7725113034248352,0.7959027886390686,0.1361936777830124,0.22097422182559967,0.19998501241207123,0.19817925989627838
2861,2861,0.0005451757460832596,,,,,,,,,
2862,2862,,,0.9712005853652954,0.7979897856712341,0.771796464920044,0.7966591119766235,0.13641521334648132,0.22081531584262848,0.20024563372135162,0.19817925989627838
2862,2862,0.0005459777894429862,,,,,,,,,
2863,2863,,,0.9695945978164673,0.7974826693534851,0.7724528908729553,0.7958559989929199,0.13612613081932068,0.22088146209716797,0.19994588196277618,0.19817925989627838
2863,2863,0.0005465666763484478,,,,,,,,,
2864,2864,,,0.9708806276321411,0.7979267835617065,0.7719730138778687,0.7965002655982971,0.13635364174842834,0.22083860635757446,0.2001916468143463,0.19817925989627838
2864,2864,0.000546060036867857,,,,,,,,,
2865,2865,,,0.9701253175735474,0.7976430654525757,0.772270143032074,0.796120285987854,0.1362348049879074,0.2208392322063446,0.2000451385974884,0.19817925989627838
2865,2865,0.0005447426810860634,,,,,,,,,
2866,2866,,,0.970188558101654,0.7976362109184265,0.7722288966178894,0.7961549758911133,0.13628773391246796,0.22081798315048218,0.20005455613136292,0.19817925989627838
2866,2866,0.0005435959319584072,,,,,,,,,
2867,2867,,,0.9707069396972656,0.7978782057762146,0.7720436453819275,0.7964175343513489,0.1364440768957138,0.22081388533115387,0.2001587450504303,0.19817925989627838
2867,2867,0.000543297384865582,,,,,,,,,
2868,2868,,,0.9697311520576477,0.7974885106086731,0.7723910212516785,0.7959275841712952,0.13627885282039642,0.2208130657672882,0.19996608793735504,0.19817925989627838
2868,2868,0.0005436799256131053,,,,,,,,,
2869,2869,,,0.9708835482597351,0.7978545427322388,0.7719334363937378,0.7964961528778076,0.13648562133312225,0.22076907753944397,0.2001802921295166,0.19817925989627838
2869,2869,0.0005440433160401881,,,,,,,,,
2870,2870,,,0.9697851538658142,0.7976040840148926,0.7724136710166931,0.7959553003311157,0.13631632924079895,0.2208385467529297,0.19998538494110107,0.19817925989627838
2870,2870,0.0005438669468276203,,,,,,,,,
2871,2871,,,0.9705822467803955,0.7975986003875732,0.7719947099685669,0.7963429093360901,0.13639283180236816,0.22069555521011353,0.2001054883003235,0.19817925989627838
2871,2871,0.0005432053585536778,,,,,,,,,
2872,2872,,,0.9701990485191345,0.797849178314209,0.7723180055618286,0.7961364984512329,0.13644930720329285,0.22086140513420105,0.20006820559501648,0.19817925989627838
2872,2872,0.0005425182171165943,,,,,,,,,
2873,2873,,,0.970146119594574,0.7973678708076477,0.7721223831176758,0.7961360216140747,0.13634169101715088,0.2206483781337738,0.20001496374607086,0.19817925989627838
2873,2873,0.0005421764799393713,,,,,,,,,
2874,2874,,,0.9705597758293152,0.7979589104652405,0.7721939086914062,0.796267032623291,0.13657258450984955,0.22084610164165497,0.20012319087982178,0.19817925989627838
2874,2874,0.0005421676323749125,,,,,,,,,
2875,2875,,,0.9699739813804626,0.7973427772521973,0.7722151875495911,0.7960395812988281,0.13636869192123413,0.22066327929496765,0.19998368620872498,0.19817925989627838
2875,2875,0.0005421968526206911,,,,,,,,,
2876,2876,,,0.9705753326416016,0.797821581363678,0.7721409797668457,0.7962549328804016,0.13657289743423462,0.22077393531799316,0.2001059353351593,0.19817925989627838
2876,2876,0.0005419951630756259,,,,,,,,,
2877,2877,,,0.970116913318634,0.7975216507911682,0.772240161895752,0.7960681319236755,0.13646304607391357,0.2207120805978775,0.20001378655433655,0.19817925989627838
2877,2877,0.000541551155038178,,,,,,,,,
2878,2878,,,0.9703273177146912,0.7975625395774841,0.7721478939056396,0.7961517572402954,0.13651034235954285,0.2206779569387436,0.20004312694072723,0.19817925989627838
2878,2878,0.0005410734447650611,,,,,,,,,
2879,2879,,,0.9703608155250549,0.7977591753005981,0.7722228765487671,0.7961286306381226,0.13659358024597168,0.22075726091861725,0.20005810260772705,0.19817925989627838
2879,2879,0.0005407711723819375,,,,,,,,,
2880,2880,,,0.9701064825057983,0.7973572015762329,0.7721508145332336,0.7960518598556519,0.1364845186471939,0.22060810029506683,0.19998717308044434,0.19817925989627838
2880,2880,0.0005406762356869876,,,,,,,,,
2881,2881,,,0.9704475402832031,0.7978593111038208,0.7722172737121582,0.7961332201957703,0.13668100535869598,0.2207668274641037,0.20006917417049408,0.19817925989627838
2881,2881,0.0005406586569733918,,,,,,,,,
2882,2882,,,0.9701017141342163,0.7973114252090454,0.7721359729766846,0.7960212826728821,0.13652081787586212,0.22057797014713287,0.1999729871749878,0.19817925989627838
2882,2882,0.0005405497504398227,,,,,,,,,
2883,2883,,,0.9703192114830017,0.7977579832077026,0.7722427248954773,0.7960634827613831,0.1366829127073288,0.22073064744472504,0.20003610849380493,0.19817925989627838
2883,2883,0.000540286535397172,,,,,,,,,
2884,2884,,,0.9702632427215576,0.797408938407898,0.7721160650253296,0.7960529327392578,0.13659991323947906,0.22058235108852386,0.19999508559703827,0.19817925989627838
2884,2884,0.0005399346118792892,,,,,,,,,
2885,2885,,,0.9701231122016907,0.7975602149963379,0.7722689509391785,0.7959609031677246,0.13665150105953217,0.22067305445671082,0.1999841034412384,0.19817925989627838
2885,2885,0.000539613189175725,,,,,,,,,
2886,2886,,,0.9704113602638245,0.7975327372550964,0.7721055746078491,0.7960838675498962,0.13669590651988983,0.2206023931503296,0.2000192403793335,0.19817925989627838
2886,2886,0.0005393914761953056,,,,,,,,,
2887,2887,,,0.9700107574462891,0.7974019050598145,0.772260844707489,0.7958800792694092,0.1366540789604187,0.22061382234096527,0.19994254410266876,0.19817925989627838
2887,2887,0.0005392469465732574,,,,,,,,,
2888,2888,,,0.9704128503799438,0.79757159948349,0.772119402885437,0.7960547208786011,0.13676102459430695,0.2206076979637146,0.20001408457756042,0.19817925989627838
2888,2888,0.0005391037557274103,,,,,,,,,
2889,2889,,,0.9700430035591125,0.7973605990409851,0.7722184658050537,0.795866847038269,0.13668935000896454,0.22057020664215088,0.1999325305223465,0.19817925989627838
2889,2889,0.0005389038124121726,,,,,,,,,
2890,2890,,,0.9702720642089844,0.7975126504898071,0.7721620202064514,0.7959592342376709,0.13676640391349792,0.2205916792154312,0.1999771147966385,0.19817925989627838
2890,2890,0.0005386449047364295,,,,,,,,,
2891,2891,,,0.970177173614502,0.7974031567573547,0.7721596956253052,0.7959064245223999,0.13674286007881165,0.22054877877235413,0.19994792342185974,0.19817925989627838
2891,2891,0.0005383736570365727,,,,,,,,,
2892,2892,,,0.9700958728790283,0.7974165081977844,0.7722123861312866,0.7958442568778992,0.13676291704177856,0.22056514024734497,0.1999306082725525,0.19817925989627838
2892,2892,0.0005381383816711605,,,,,,,,,
2893,2893,,,0.9702970385551453,0.7974358797073364,0.7721092104911804,0.7959375381469727,0.1368154138326645,0.22053180634975433,0.19996097683906555,0.19817925989627838
2893,2893,0.0005379559588618577,,,,,,,,,
2894,2894,,,0.9699848294258118,0.7973479628562927,0.7722424268722534,0.7957651019096375,0.13679508864879608,0.22054126858711243,0.19989867508411407,0.19817925989627838
2894,2894,0.0005378024652600288,,,,,,,,,
2895,2895,,,0.9703209400177002,0.7974086403846741,0.7720909118652344,0.7959172129631042,0.13686925172805786,0.22050543129444122,0.19995242357254028,0.19817925989627838
2895,2895,0.000537638901732862,,,,,,,,,
2896,2896,,,0.9699889421463013,0.7973425984382629,0.7722424268722534,0.7957415580749512,0.13684314489364624,0.22052894532680511,0.19989122450351715,0.19817925989627838
2896,2896,0.0005374440806917846,,,,,,,,,
2897,2897,,,0.9702425003051758,0.7973319888114929,0.7721042037010193,0.7958511114120483,0.13688038289546967,0.22047242522239685,0.19992384314537048,0.19817925989627838
2897,2897,0.0005372184095904231,,,,,,,,,
2898,2898,,,0.9700694680213928,0.797380268573761,0.7722215056419373,0.7957490682601929,0.13689790666103363,0.2205207496881485,0.19989782571792603,0.19817925989627838
2898,2898,0.0005369873251765966,,,,,,,,,
2899,2899,,0.0005367720150388777,,,,,,,,
2899,2899,,,0.9701235890388489,0.7972457408905029,0.7721267342567444,0.7957732081413269,0.13688763976097107,0.220440074801445,0.1998896300792694,0.19817925989627838
2899,2899,0.0005367720150388777,,,,,,,,,
2900,2900,,,0.9701422452926636,0.7974082231521606,0.7721970081329346,0.7957476377487183,0.13695986568927765,0.22050482034683228,0.1999000906944275,0.19817925989627838
2900,2900,0.0005365785327740014,,,,,,,,,
2901,2901,,,0.9700462818145752,0.7971926927566528,0.7721417546272278,0.7957137227058411,0.13691601157188416,0.22041760385036469,0.19986502826213837,0.19817925989627838
2901,2901,0.0005363987875171006,,,,,,,,,
2902,2902,,,0.970154881477356,0.7973958849906921,0.7721865773200989,0.7957229614257812,0.13700398802757263,0.2204817831516266,0.19989079236984253,0.19817925989627838
2902,2902,0.0005362145602703094,,,,,,,,,
2903,2903,,,0.9700422286987305,0.7971911430358887,0.7721472382545471,0.7956814765930176,0.13695698976516724,0.22040559351444244,0.19985492527484894,0.19817925989627838
2903,2903,0.0005360168288461864,,,,,,,,,
2904,2904,,,0.9701077938079834,0.7973405718803406,0.7721896171569824,0.7956780791282654,0.13702264428138733,0.22045227885246277,0.19987064599990845,0.19817925989627838
2904,2904,0.0005358060006983578,,,,,,,,,
2905,2905,,,0.9700849056243896,0.7972226142883301,0.7721468806266785,0.7956657409667969,0.1370082050561905,0.22039689123630524,0.1998535692691803,0.19817925989627838
2905,2905,0.0005355908069759607,,,,,,,,,
2906,2906,,,0.9700356125831604,0.797264814376831,0.772196888923645,0.7956234812736511,0.13703805208206177,0.22041988372802734,0.19984552264213562,0.19817925989627838
2906,2906,0.0005353823071345687,,,,,,,,,
2907,2907,,,0.9701266884803772,0.7972501516342163,0.7721458673477173,0.7956509590148926,0.13706524670124054,0.2203889638185501,0.19985246658325195,0.19817925989627838
2907,2907,0.0005351855652406812,,,,,,,,,
2908,2908,,,0.969987690448761,0.7972053289413452,0.7722020149230957,0.7955741286277771,0.1370653659105301,0.2203902304172516,0.19982412457466125,0.19817925989627838
2908,2908,0.0005349963903427124,,,,,,,,,
2909,2909,,,0.9701297879219055,0.797250509262085,0.7721506953239441,0.7956245541572571,0.13711392879486084,0.22037748992443085,0.19984468817710876,0.19817925989627838
2909,2909,0.0005348102422431111,,,,,,,,,
2910,2910,,,0.9699798226356506,0.7971786856651306,0.7722010612487793,0.7955420613288879,0.13710331916809082,0.22036543488502502,0.1998114436864853,0.19817925989627838
2910,2910,0.0005346180405467749,,,,,,,,,
2911,2911,,,0.9700912237167358,0.7972218990325928,0.7721641659736633,0.795581579208374,0.13714659214019775,0.22035914659500122,0.19982843101024628,0.19817925989627838
2911,2911,0.0005344205419532955,,,,,,,,,
2912,2912,,,0.9700052738189697,0.7971763014793396,0.7721930742263794,0.7955257892608643,0.13714785873889923,0.2203463315963745,0.19980625808238983,0.19817925989627838
2912,2912,0.0005342191434465349,,,,,,,,,
2913,2913,,,0.9700308442115784,0.7971777319908142,0.7721824645996094,0.7955264449119568,0.13717317581176758,0.22033700346946716,0.19980667531490326,0.19817925989627838
2913,2913,0.0005340178613550961,,,,,,,,,
2914,2914,,,0.9700374603271484,0.7971814870834351,0.7721840143203735,0.7955152988433838,0.13719826936721802,0.22033089399337769,0.19980372488498688,0.19817925989627838
2914,2914,0.0005338219925761223,,,,,,,,,
2915,2915,,,0.9699791669845581,0.7971381545066833,0.772198498249054,0.7954742908477783,0.13720495998859406,0.2203146517276764,0.19978639483451843,0.19817925989627838
2915,2915,0.0005336311878636479,,,,,,,,,
2916,2916,,,0.9700508117675781,0.7971739768981934,0.7721790075302124,0.7954953908920288,0.13724419474601746,0.2203119546175003,0.19979682564735413,0.19817925989627838
2916,2916,0.0005334435845725238,,,,,,,,,
2917,2917,,,0.969951331615448,0.7971124053001404,0.7722077369689941,0.7954365015029907,0.13723976910114288,0.22029562294483185,0.19977203011512756,0.19817925989627838
2917,2917,0.0005332542350515723,,,,,,,,,
2918,2918,,,0.9700384140014648,0.7971466779708862,0.7721812129020691,0.7954623699188232,0.13727803528308868,0.22028905153274536,0.19978393614292145,0.19817925989627838
2918,2918,0.0005330629646778107,,,,,,,,,
2919,2919,,,0.9699492454528809,0.797101616859436,0.7722105979919434,0.7954102158546448,0.1372804343700409,0.22028028964996338,0.19976307451725006,0.19817925989627838
2919,2919,0.0005328693659976125,,,,,,,,,
2920,2920,,,0.9700043201446533,0.7971041798591614,0.7721866369247437,0.79542076587677,0.13730943202972412,0.22026397287845612,0.19976669549942017,0.19817925989627838
2920,2920,0.0005326747195795178,,,,,,,,,
2921,2921,,,0.9699599742889404,0.7971022129058838,0.7722121477127075,0.7953872680664062,0.1373293697834015,0.22026537358760834,0.19975624978542328,0.19817925989627838
2921,2921,0.0005324812955223024,,,,,,,,,
2922,2922,,,0.9699643850326538,0.7970598340034485,0.7721919417381287,0.7953799962997437,0.13734181225299835,0.22023901343345642,0.19974929094314575,0.19817925989627838
2922,2922,0.0005322893266566098,,,,,,,,,
2923,2923,,,0.969965934753418,0.797100841999054,0.7722152471542358,0.7953604459762573,0.13737499713897705,0.220249742269516,0.1997479349374771,0.19817925989627838
2923,2923,0.0005320987547747791,,,,,,,,,
2924,2924,,,0.9699368476867676,0.7970229983329773,0.7721953392028809,0.7953432202339172,0.13737225532531738,0.22021496295928955,0.19973400235176086,0.19817925989627838
2924,2924,0.0005319110932759941,,,,,,,,,
2925,2925,,,0.9699566960334778,0.7970890998840332,0.7722214460372925,0.7953278422355652,0.13741417229175568,0.22023418545722961,0.1997368186712265,0.19817925989627838
2925,2925,0.00053172348998487,,,,,,,,,
2926,2926,,,0.9699261784553528,0.7969954013824463,0.7721942663192749,0.795310914516449,0.1374087780714035,0.22019104659557343,0.1997210681438446,0.19817925989627838
2926,2926,0.0005315346643328667,,,,,,,,,
2927,2927,,,0.9699302911758423,0.7970702648162842,0.7722328305244446,0.7952883839607239,0.13745394349098206,0.22021818161010742,0.1997227966785431,0.19817925989627838
2927,2927,0.000531346129719168,,,,,,,,,
2928,2928,,,0.9699316024780273,0.7969745397567749,0.7721877694129944,0.7952842116355896,0.13745121657848358,0.22016698122024536,0.1997106671333313,0.19817925989627838
2928,2928,0.0005311566637828946,,,,,,,,,
2929,2929,,,0.9698902368545532,0.7970475554466248,0.7722489833831787,0.7952417731285095,0.13749045133590698,0.22020243108272552,0.1997060328722,0.19817925989627838
2929,2929,0.0005309688858687878,,,,,,,,,
2930,2930,,,0.969946026802063,0.7969528436660767,0.7721764445304871,0.7952631115913391,0.13749082386493683,0.22014248371124268,0.19970200955867767,0.19817925989627838
2930,2930,0.0005307820392772555,,,,,,,,,
2931,2931,,,0.9698487520217896,0.7970300912857056,0.772270143032074,0.7951909899711609,0.13752499222755432,0.22018902003765106,0.19968867301940918,0.19817925989627838
2931,2931,0.0005305982194840908,,,,,,,,,
2932,2932,,,0.9699572920799255,0.7969222068786621,0.7721604704856873,0.7952437996864319,0.1375270038843155,0.22011390328407288,0.19969265162944794,0.19817925989627838
2932,2932,0.0005304165533743799,,,,,,,,,
2933,2933,,,0.9698086977005005,0.797025203704834,0.7722963094711304,0.7951407432556152,0.1375652551651001,0.22018153965473175,0.1996729075908661,0.19817925989627838
2933,2933,0.0005302372155711055,,,,,,,,,
2934,2934,,,0.9699681997299194,0.7968783974647522,0.7721385359764099,0.7952258586883545,0.13756202161312103,0.2200784832239151,0.19968217611312866,0.19817925989627838
2934,2934,0.0005300639313645661,,,,,,,,,
2935,2935,,,0.969765841960907,0.7970379590988159,0.7723312377929688,0.7950888872146606,0.1376115381717682,0.22018280625343323,0.1996585726737976,0.19817925989627838
2935,2935,0.0005298958858475089,,,,,,,,,
2936,2936,,,0.9699838757514954,0.7968131303787231,0.7721038460731506,0.7952102422714233,0.13759064674377441,0.22003301978111267,0.19967010617256165,0.19817925989627838
2936,2936,0.0005297379102557898,,,,,,,,,
2937,2937,,,0.9697157740592957,0.7970753908157349,0.7723820805549622,0.7950320839881897,0.13766148686408997,0.22019656002521515,0.19964545965194702,0.19817925989627838
2937,2937,0.0005295953596942127,,,,,,,,,
2938,2938,,,0.9700121283531189,0.7967216372489929,0.7720484137535095,0.7952051162719727,0.13761194050312042,0.21997317671775818,0.19965818524360657,0.19817925989627838
2938,2938,0.0005294758011586964,,,,,,,,,
2939,2939,,,0.9696450233459473,0.7971445918083191,0.7724592685699463,0.7949599027633667,0.13771860301494598,0.22022832930088043,0.19963115453720093,0.19817925989627838
2939,2939,0.000529391982126981,,,,,,,,,
2940,2940,,,0.9700708985328674,0.7965930700302124,0.7719570398330688,0.7952207326889038,0.13762691617012024,0.21989119052886963,0.19964835047721863,0.19817925989627838
2940,2940,0.0005293663125485182,,,,,,,,,
2941,2941,,,0.9695350527763367,0.7972609996795654,0.7725809812545776,0.7948613166809082,0.13778696954250336,0.22029048204421997,0.19961431622505188,0.19817925989627838
2941,2941,0.0005294295260682702,,,,,,,,,
2942,2942,,,0.9701806306838989,0.7964047789573669,0.7718053460121155,0.7952707409858704,0.13763023912906647,0.2197735756635666,0.199642151594162,0.19817925989627838
2942,2942,0.0005296369199641049,,,,,,,,,
2943,2943,,,0.969357430934906,0.7974568009376526,0.7727757692337036,0.7947208881378174,0.13786958158016205,0.22040323913097382,0.1995936632156372,0.19817925989627838
2943,2943,0.0005300746415741742,,,,,,,,,
2944,2944,,,0.9703809022903442,0.7961205840110779,0.7715521454811096,0.7953776717185974,0.13761292397975922,0.21959681808948517,0.19964221119880676,0.19817925989627838
2944,2944,0.0005308842519298196,,,,,,,,,
2945,2945,,,0.9690633416175842,0.797789454460144,0.7730888724327087,0.7945131063461304,0.1379782110452652,0.2206038236618042,0.1995673030614853,0.19817925989627838
2945,2945,0.0005322984070517123,,,,,,,,,
2946,2946,,,0.9707261919975281,0.7956727147102356,0.7711241841316223,0.7955802083015442,0.13756173849105835,0.2193240225315094,0.19965240359306335,0.19817925989627838
2946,2946,0.000534709426574409,,,,,,,,,
2947,2947,,,0.9685836434364319,0.7983638644218445,0.773591935634613,0.7941956520080566,0.13813355565071106,0.22095993161201477,0.19953353703022003,0.19817925989627838
2947,2947,0.0005387617857195437,,,,,,,,,
2948,2948,,,0.9713121652603149,0.7949516177177429,0.7703914046287537,0.7959477305412292,0.13745157420635223,0.21889828145503998,0.19968077540397644,0.19817925989627838
2948,2948,0.0005455463542602956,,,,,,,,,
2949,2949,,0.000556863029487431,,,,,,,,
2949,2949,,,0.9677916765213013,0.7993651628494263,0.7743751406669617,0.7937015295028687,0.13836967945098877,0.22159714996814728,0.1994892805814743,0.19817925989627838
2949,2949,0.000556863029487431,,,,,,,,,
2950,2950,,,0.9723014831542969,0.7937950491905212,0.7691264152526855,0.7966068387031555,0.13724158704280853,0.21824418008327484,0.1997459977865219,0.19817925989627838
2950,2950,0.0005757816252298653,,,,,,,,,
2951,2951,,,0.9664816856384277,0.8011303544044495,0.7754459977149963,0.7929399609565735,0.13874362409114838,0.22275596857070923,0.19942903518676758,0.19817925989627838
2951,2951,0.0006072961841709912,,,,,,,,,
2952,2952,,,0.9739497900009155,0.7919914126396179,0.7669495940208435,0.7977705597877502,0.1368701010942459,0.21729923784732819,0.19988706707954407,0.19817925989627838
2952,2952,0.0006597911124117672,,,,,,,,,
2953,2953,,,0.9643549919128418,0.8042322397232056,0.7765889763832092,0.7918374538421631,0.13934354484081268,0.22486954927444458,0.19935615360736847,0.19817925989627838
2953,2953,0.000746057543437928,,,,,,,,,
2954,2954,,,0.9765594005584717,0.789421021938324,0.7634004950523376,0.7997273802757263,0.13627149164676666,0.21614518761634827,0.2001800239086151,0.19817925989627838
2954,2954,0.0008859487134031951,,,,,,,,,
2955,2955,,,0.9611908197402954,0.809354305267334,0.7771152853965759,0.7905144095420837,0.14024963974952698,0.22847497463226318,0.19931581616401672,0.19817925989627838
2955,2955,0.0011029650922864676,,,,,,,,,
2956,2956,,,0.9800325632095337,0.7864917516708374,0.758671760559082,0.8023989200592041,0.1354820728302002,0.2152169793844223,0.2006666362285614,0.19817925989627838
2956,2956,0.0014207969652488828,,,,,,,,,
2957,2957,,,0.9577374458312988,0.8157616853713989,0.7762950658798218,0.789614737033844,0.14131009578704834,0.23290680348873138,0.19940565526485443,0.19817925989627838
2957,2957,0.001825670595280826,,,,,,,,,
2958,2958,,,0.9823496341705322,0.7845949530601501,0.7558691501617432,0.8036240935325623,0.13496088981628418,0.21489593386650085,0.20088645815849304,0.19817925989627838
2958,2958,0.002236385829746723,,,,,,,,,
2959,2959,,,0.9575475454330444,0.8172147274017334,0.7758492827415466,0.7901783585548401,0.1416698694229126,0.23308905959129333,0.19958436489105225,0.19817925989627838
2959,2959,0.00243355636484921,,,,,,,,,
2960,2960,,,0.9787672758102417,0.7861323952674866,0.7612835168838501,0.7993356585502625,0.13568700850009918,0.21540969610214233,0.19988834857940674,0.19817925989627838
2960,2960,0.002202924806624651,,,,,,,,,
2961,2961,,,0.9651274085044861,0.8069032430648804,0.7754642367362976,0.7934169769287109,0.14030414819717407,0.2252112179994583,0.19989535212516785,0.19817925989627838
2961,2961,0.0015331978211179376,,,,,,,,,
2962,2962,,,0.9680010080337524,0.795163631439209,0.7729319334030151,0.7929791808128357,0.1377793848514557,0.22053654491901398,0.19896110892295837,0.19817925989627838
2962,2962,0.0008352785953320563,,,,,,,,,
2963,2963,,,0.9764673709869385,0.7942664623260498,0.7662320733070374,0.7988973259925842,0.1379634141921997,0.2181432694196701,0.2004816085100174,0.19817925989627838
2963,2963,0.0005681012407876551,,,,,,,,,
2964,2964,,,0.958292543888092,0.807705283164978,0.7765430808067322,0.791806161403656,0.1395854353904724,0.22788459062576294,0.1993502378463745,0.19817925989627838
2964,2964,0.0008045312133617699,,,,,,,,,
2965,2965,,,0.98026442527771,0.7894723415374756,0.7607676386833191,0.8006175756454468,0.13657420873641968,0.21637436747550964,0.20051367580890656,0.19817925989627838
2965,2965,0.0011811302974820137,,,,,,,,,
2966,2966,,,0.9601808190345764,0.809556782245636,0.776211142539978,0.7947558164596558,0.14000971615314484,0.22715964913368225,0.20028777420520782,0.19817925989627838
2966,2966,0.0012748658191412687,,,,,,,,,
2967,2967,,,0.9718490242958069,0.7923738956451416,0.7685022354125977,0.7969433069229126,0.13711509108543396,0.21878977119922638,0.19978326559066772,0.19817925989627838
2967,2967,0.0009999709436669946,,,,,,,,,
2968,2968,,,0.9725923538208008,0.7994799017906189,0.7704373598098755,0.7991430759429932,0.13924317061901093,0.22101469337940216,0.20105205476284027,0.19817925989627838
2968,2968,0.0006613875739276409,,,,,,,,,
2969,2969,,,0.9603845477104187,0.8004790544509888,0.7755711078643799,0.7946030497550964,0.13840444386005402,0.22460196912288666,0.19969451427459717,0.19817925989627838
2969,2969,0.0005943026626482606,,,,,,,,,
2970,2970,,,0.9809689521789551,0.7918294072151184,0.7632331848144531,0.801210343837738,0.13812953233718872,0.21802541613578796,0.2011599838733673,0.19817925989627838
2970,2970,0.000781995477154851,,,,,,,,,
2971,2971,,,0.9591779112815857,0.8032857179641724,0.7766924500465393,0.7954877614974976,0.13896024227142334,0.2258889228105545,0.20017105340957642,0.19817925989627838
2971,2971,0.0009310408495366573,,,,,,,,,
2972,2972,,,0.9742490649223328,0.792502224445343,0.7688146829605103,0.798379123210907,0.13782998919487,0.21918386220932007,0.20043623447418213,0.19817925989627838
2972,2972,0.0008396746125072241,,,,,,,,,
2973,2973,,,0.9704263806343079,0.7977515459060669,0.7725712656974792,0.798105001449585,0.1389743834733963,0.22159668803215027,0.20077906548976898,0.19817925989627838
2973,2973,0.0006248272256925702,,,,,,,,,
2974,2974,,,0.9620388746261597,0.798141598701477,0.7752048969268799,0.7953366041183472,0.13821078836917877,0.22323182225227356,0.19978827238082886,0.19817925989627838
2974,2974,0.000539007131010294,,,,,,,,,
2975,2975,,,0.9791248440742493,0.7933878898620605,0.7655558586120605,0.7999227046966553,0.13856273889541626,0.2187930941581726,0.200954869389534,0.19817925989627838
2975,2975,0.0006442713201977313,,,,,,,,,
2976,2976,,,0.9602311253547668,0.7999173998832703,0.7759284973144531,0.7953863739967346,0.13816025853157043,0.22452527284622192,0.1999167799949646,0.19817925989627838
2976,2976,0.0007649872568435967,,,,,,,,,
2977,2977,,,0.9744088649749756,0.7947608232498169,0.7694276571273804,0.798713207244873,0.13815294206142426,0.21973949670791626,0.20070791244506836,0.19817925989627838
2977,2977,0.0007347719511017203,,,,,,,,,
2978,2978,,,0.9692156314849854,0.7957547903060913,0.7727821469306946,0.7974846959114075,0.1380060315132141,0.22138787806034088,0.20045116543769836,0.19817925989627838
2978,2978,0.0005990725476294756,,,,,,,,,
2979,2979,,,0.9648871421813965,0.7985627055168152,0.7752280235290527,0.7969071865081787,0.13834166526794434,0.22294150292873383,0.20041877031326294,0.19817925989627838
2979,2979,0.0005242144106887281,,,,,,,,,
2980,2980,,,0.9765135049819946,0.7933706641197205,0.7677870392799377,0.7996915578842163,0.1382627636194229,0.21914833784103394,0.20091621577739716,0.19817925989627838
2980,2980,0.0005749684059992433,,,,,,,,,
2981,2981,,,0.9630647897720337,0.7984884977340698,0.775486946105957,0.7966346144676208,0.1383192390203476,0.22374171018600464,0.20031848549842834,0.19817925989627838
2981,2981,0.0006532112020067871,,,,,,,,,
2982,2982,,,0.9736819863319397,0.7956533432006836,0.7701353430747986,0.7996196746826172,0.13840940594673157,0.2200709730386734,0.20103980600833893,0.19817925989627838
2982,2982,0.0006485079065896571,,,,,,,,,
2983,2983,,,0.9690378904342651,0.7950514554977417,0.7725245356559753,0.797906756401062,0.137732595205307,0.221062570810318,0.2004905492067337,0.19817925989627838
2983,2983,0.0005756270256824791,,,,,,,,,
2984,2984,,,0.9668325781822205,0.7990336418151855,0.7745710611343384,0.7981422543525696,0.13847142457962036,0.22266246378421783,0.2008432000875473,0.19817925989627838
2984,2984,0.0005306039820425212,,,,,,,,,
2985,2985,,,0.973476231098175,0.7934392094612122,0.7692031264305115,0.7993649840354919,0.13762453198432922,0.21917863190174103,0.2007266879081726,0.19817925989627838
2985,2985,0.0005559420678764582,,,,,,,,,
2986,2986,,,0.9654567837715149,0.7990556955337524,0.7751173377037048,0.7972870469093323,0.13853873312473297,0.22321006655693054,0.2006005346775055,0.19817925989627838
2986,2986,0.000597805657889694,,,,,,,,,
2987,2987,,,0.9717012643814087,0.7954615354537964,0.7707998752593994,0.7991381883621216,0.13819485902786255,0.22004812955856323,0.20080970227718353,0.19817925989627838
2987,2987,0.0005926926387473941,,,,,,,,,
2988,2988,,,0.9691572189331055,0.7960498332977295,0.7727349400520325,0.7976261377334595,0.13816824555397034,0.22099363803863525,0.20045554637908936,0.19817925989627838
2988,2988,0.0005490250769071281,,,,,,,,,
2989,2989,,,0.9678819179534912,0.7986389994621277,0.7741376757621765,0.7977441549301147,0.13868698477745056,0.22222918272018433,0.20071008801460266,0.19817925989627838
2989,2989,0.0005236226716078818,,,,,,,,,
2990,2990,,,0.972008466720581,0.7940490245819092,0.7703539729118347,0.7984209060668945,0.1377679705619812,0.2193916290998459,0.20047889649868011,0.19817925989627838
2990,2990,0.0005411859601736069,,,,,,,,,
2991,2991,,,0.9671036601066589,0.7991669774055481,0.7748645544052124,0.7967841625213623,0.13878847658634186,0.22265899181365967,0.20049096643924713,0.19817925989627838
2991,2991,0.000568650895729661,,,,,,,,,
2992,2992,,,0.9708145260810852,0.7949026226997375,0.7712962031364441,0.7980697751045227,0.13801588118076324,0.21997112035751343,0.20045147836208344,0.19817925989627838
2992,2992,0.0005667067598551512,,,,,,,,,
2993,2993,,,0.9696440696716309,0.7969974279403687,0.7729842662811279,0.7971535921096802,0.13857978582382202,0.22098161280155182,0.20039530098438263,0.19817925989627838
2993,2993,0.0005394085892476141,,,,,,,,,
2994,2994,,,0.9678821563720703,0.7972333431243896,0.7736958861351013,0.7968505024909973,0.13855770230293274,0.22157393395900726,0.20031076669692993,0.19817925989627838
2994,2994,0.0005214216653257608,,,,,,,,,
2995,2995,,,0.9715214967727661,0.7949588298797607,0.7709107398986816,0.7979270219802856,0.13824248313903809,0.21971452236175537,0.20040476322174072,0.19817925989627838
2995,2995,0.000529538607224822,,,,,,,,,
2996,2996,,,0.9672368168830872,0.7983570694923401,0.7744404673576355,0.7963473796844482,0.1387675255537033,0.22201356291770935,0.20025329291820526,0.19817925989627838
2996,2996,0.0005458265659399331,,,,,,,,,
2997,2997,,,0.9703580737113953,0.7950254678726196,0.7714282274246216,0.7975277304649353,0.1381702870130539,0.22001196444034576,0.2002813220024109,0.19817925989627838
2997,2997,0.0005465263384394348,,,,,,,,,
2998,2998,,,0.9693151712417603,0.7972894310951233,0.7729817032814026,0.7969366908073425,0.13869139552116394,0.220939502120018,0.200314462184906,0.19817925989627838
2998,2998,0.0005321093485690653,,,,,,,,,
2999,2999,,0.0005216843564994633,,,,,,,,
2999,2999,,,0.9679204225540161,0.7966709733009338,0.7733580470085144,0.7963694930076599,0.13844582438468933,0.22110073268413544,0.20008337497711182,0.19817925989627838
2999,2999,0.0005216843564994633,,,,,,,,,
3000,3000,,,0.9679204225540161,0.7966709733009338,0.7733580470085144,0.7963694930076599,0.13844582438468933,0.22110073268413544,0.20008337497711182,0.19817925989627838
