epoch,step,train/loss_epoch,train/loss_step,val/error_p,val/error_q,val/error_qq,val/error_u,val/error_v,val/error_xx,val/loss,val/loss_best
0,0,,,3.066462755203247,1.103968620300293,1.772107720375061,0.9698997139930725,0.7083163261413574,0.6027231216430664,0.7215346097946167,0.7215346097946167
0,0,2.0179288387298584,,,,,,,,,
1,1,,,2.6275594234466553,1.0962659120559692,1.436932921409607,0.9422131180763245,0.3322522044181824,0.6915492415428162,0.6460062861442566,0.6460062861442566
1,1,1.701788306236267,,,,,,,,,
2,2,,,2.2107784748077393,1.0927035808563232,1.1729832887649536,0.9204148650169373,0.4478004574775696,0.7548487186431885,0.606305718421936,0.606305718421936
2,2,1.4842097759246826,,,,,,,,,
3,3,,,1.8542096614837646,1.0958595275878906,1.0244252681732178,0.9025255441665649,0.6863093972206116,0.7688866257667542,0.5743544697761536,0.5743544697761536
3,3,1.353437900543213,,,,,,,,,
4,4,,,1.588826298713684,1.1078954935073853,0.950847864151001,0.8828762173652649,0.8139487504959106,0.7563532590866089,0.5412682294845581,0.5412682294845581
4,4,1.2786169052124023,,,,,,,,,
5,5,,,1.4201288223266602,1.1292672157287598,0.9258473515510559,0.8555629253387451,0.8265978097915649,0.7384926080703735,0.5066035985946655,0.5066035985946655
5,5,1.2210251092910767,,,,,,,,,
6,6,,,1.329059362411499,1.1591891050338745,0.9301741719245911,0.8174695372581482,0.7593799233436584,0.717309296131134,0.46770724654197693,0.46770724654197693
6,6,1.1544684171676636,,,,,,,,,
7,7,,,1.2890468835830688,1.1962485313415527,0.9452508687973022,0.7689594626426697,0.6519468426704407,0.6872103810310364,0.42292898893356323,0.42292898893356323
7,7,1.0707762241363525,,,,,,,,,
8,8,,,1.280218482017517,1.2379846572875977,0.9616827964782715,0.7136439681053162,0.5394759178161621,0.6446932554244995,0.3743765950202942,0.3743765950202942
8,8,0.9731773138046265,,,,,,,,,
9,9,,,1.292624592781067,1.279941201210022,0.9775893688201904,0.6579251885414124,0.4495049715042114,0.5921251177787781,0.3276434540748596,0.3276434540748596
9,9,0.8695281147956848,,,,,,,,,
10,10,,,1.3222507238388062,1.3152486085891724,0.9945250749588013,0.6096320748329163,0.3975915014743805,0.5358062982559204,0.2887939214706421,0.2887939214706421
10,10,0.7684062123298645,,,,,,,,,
11,11,,,1.3651106357574463,1.3359168767929077,1.0141830444335938,0.5743837356567383,0.3822134733200073,0.4827725291252136,0.2611408829689026,0.2611408829689026
11,11,0.6768729090690613,,,,,,,,,
12,12,,,1.4134526252746582,1.33714759349823,1.0366747379302979,0.5507457256317139,0.3896596431732178,0.4378196597099304,0.24341538548469543,0.24341538548469543
12,12,0.5983840227127075,,,,,,,,,
13,13,,,1.4567369222640991,1.323349118232727,1.0605069398880005,0.5301739573478699,0.40623143315315247,0.4011855125427246,0.2306244969367981,0.2306244969367981
13,13,0.5311289429664612,,,,,,,,,
14,14,,,1.4856956005096436,1.3088536262512207,1.0835670232772827,0.5033509135246277,0.4226570725440979,0.36922553181648254,0.2174120545387268,0.2174120545387268
14,14,0.46937140822410583,,,,,,,,,
15,15,,,1.4953782558441162,1.3107322454452515,1.1039161682128906,0.46615302562713623,0.4322602450847626,0.3380914330482483,0.20120394229888916,0.20120394229888916
15,15,0.4080600142478943,,,,,,,,,
16,16,,,1.4855812788009644,1.3378708362579346,1.120134711265564,0.4218932092189789,0.4291931688785553,0.3074345588684082,0.1831747591495514,0.1831747591495514
16,16,0.34664207696914673,,,,,,,,,
17,17,,,1.459625005722046,1.3845109939575195,1.1312659978866577,0.38090890645980835,0.40834370255470276,0.2817528545856476,0.16700905561447144,0.16700905561447144
17,17,0.28920039534568787,,,,,,,,,
18,18,,,1.4226316213607788,1.4333070516586304,1.1363357305526733,0.3564983904361725,0.36690250039100647,0.267767071723938,0.1563156545162201,0.1563156545162201
18,18,0.24149101972579956,,,,,,,,,
19,19,,,1.3796908855438232,1.4638413190841675,1.1342976093292236,0.35546624660491943,0.3074405789375305,0.26812323927879333,0.15222898125648499,0.15222898125648499
19,19,0.20698454976081848,,,,,,,,,
20,20,,,1.3341755867004395,1.4620449542999268,1.1246285438537598,0.3724227547645569,0.24116189777851105,0.278670072555542,0.153159499168396,0.15222898125648499
20,20,0.18451660871505737,,,,,,,,,
21,21,,,1.2870105504989624,1.425446629524231,1.1077358722686768,0.39727917313575745,0.1889646053314209,0.29365256428718567,0.156747505068779,0.15222898125648499
21,21,0.16970621049404144,,,,,,,,,
22,22,,,1.237323522567749,1.3617572784423828,1.0846939086914062,0.4235681891441345,0.1723078191280365,0.310256689786911,0.1615043431520462,0.15222898125648499
22,22,0.15868733823299408,,,,,,,,,
23,23,,,1.1838175058364868,1.2839125394821167,1.0567647218704224,0.44844546914100647,0.18547101318836212,0.3276941776275635,0.1666269600391388,0.15222898125648499
23,23,0.1500714272260666,,,,,,,,,
24,24,,,1.1261976957321167,1.2048989534378052,1.025362253189087,0.46952325105667114,0.2012041062116623,0.3445467948913574,0.17098696529865265,0.15222898125648499
24,24,0.14390036463737488,,,,,,,,,
25,25,,,1.0662856101989746,1.1339268684387207,0.9922969937324524,0.48375892639160156,0.20348380506038666,0.3581739664077759,0.1729511171579361,0.15222898125648499
25,25,0.139547199010849,,,,,,,,,
26,26,,,1.008304476737976,1.0752471685409546,0.9594776630401611,0.4890938401222229,0.19403986632823944,0.3665936589241028,0.17150448262691498,0.15222898125648499
26,26,0.13488835096359253,,,,,,,,,
27,27,,,0.9579554796218872,1.0297259092330933,0.927679181098938,0.4863665997982025,0.18932047486305237,0.37036216259002686,0.16736993193626404,0.15222898125648499
27,27,0.12766577303409576,,,,,,,,,
28,28,,,0.9205238223075867,0.9972304701805115,0.8983968496322632,0.47912874817848206,0.2097870260477066,0.3722221255302429,0.16279663145542145,0.15222898125648499
28,28,0.11754187196493149,,,,,,,,,
29,29,,,0.8988013863563538,0.9779483675956726,0.8772889971733093,0.4712904393672943,0.2578716278076172,0.3746984302997589,0.16004528105258942,0.15222898125648499
29,29,0.10652027279138565,,,,,,,,,
30,30,,,0.8918254971504211,0.9723160266876221,0.8657847046852112,0.4643099904060364,0.3175918757915497,0.37765341997146606,0.15935444831848145,0.15222898125648499
30,30,0.09738989919424057,,,,,,,,,
31,31,,,0.8952617645263672,0.9800485968589783,0.8613439798355103,0.4563341736793518,0.3715536892414093,0.3780757486820221,0.15874165296554565,0.15222898125648499
31,31,0.09170076996088028,,,,,,,,,
32,32,,,0.903321385383606,0.999127209186554,0.859032928943634,0.44434112310409546,0.4075729250907898,0.37241068482398987,0.1555512249469757,0.15222898125648499
32,32,0.08889913558959961,,,,,,,,,
33,33,,,0.9109993577003479,1.0257872343063354,0.8583114147186279,0.4272407293319702,0.41922643780708313,0.3591844141483307,0.14867524802684784,0.14867524802684784
33,33,0.08722616732120514,,,,,,,,,
34,34,,,0.9154074192047119,1.055788278579712,0.8595737814903259,0.4070581793785095,0.40539631247520447,0.3398326635360718,0.1390642374753952,0.1390642374753952
34,34,0.08539625257253647,,,,,,,,,
35,35,,,0.9159030914306641,1.086010456085205,0.8622623682022095,0.3875698149204254,0.36955347657203674,0.3176921308040619,0.12877437472343445,0.12877437472343445
35,35,0.08340062946081161,,,,,,,,,
36,36,,,0.9133977293968201,1.1152257919311523,0.8657018542289734,0.3717977702617645,0.3188680410385132,0.2962157428264618,0.11963823437690735,0.11963823437690735
36,36,0.0819406509399414,,,,,,,,,
37,37,,,0.9093570113182068,1.1437031030654907,0.8693784475326538,0.3604336082935333,0.2629159688949585,0.2775748372077942,0.11249642074108124,0.11249642074108124
37,37,0.08139446377754211,,,,,,,,,
38,38,,,0.9049568176269531,1.1721174716949463,0.8728806376457214,0.35243910551071167,0.21171599626541138,0.2625218629837036,0.10733568668365479,0.10733568668365479
38,38,0.08139676600694656,,,,,,,,,
39,39,,,0.9006727337837219,1.200578212738037,0.8756994605064392,0.3468281328678131,0.17296980321407318,0.25129929184913635,0.10387420654296875,0.10387420654296875
39,39,0.08129014074802399,,,,,,,,,
40,40,,,0.8962974548339844,1.2283068895339966,0.8771279454231262,0.34356874227523804,0.14892615377902985,0.24430763721466064,0.10192020237445831,0.10192020237445831
40,40,0.08079765737056732,,,,,,,,,
41,41,,,0.8912067413330078,1.253887414932251,0.8763824701309204,0.34302231669425964,0.13573788106441498,0.24177831411361694,0.10130637139081955,0.10130637139081955
41,41,0.08015135675668716,,,,,,,,,
42,42,,,0.8847416639328003,1.275646686553955,0.872917652130127,0.3450932502746582,0.12780308723449707,0.24320246279239655,0.10173773765563965,0.10130637139081955
42,42,0.07962174713611603,,,,,,,,,
43,43,,,0.8766086101531982,1.2918477058410645,0.8667523860931396,0.349307119846344,0.12236391752958298,0.24761739373207092,0.10290409624576569,0.10130637139081955
43,43,0.07905110716819763,,,,,,,,,
44,44,,,0.8671388626098633,1.3007258176803589,0.8586168885231018,0.3555954396724701,0.11991432309150696,0.2545146346092224,0.10477303713560104,0.10130637139081955
44,44,0.07793674618005753,,,,,,,,,
45,45,,,0.857252836227417,1.3005731105804443,0.8496782183647156,0.36451253294944763,0.12198243290185928,0.26410266757011414,0.10764364898204803,0.10130637139081955
45,45,0.07597373425960541,,,,,,,,,
46,46,,,0.8481303453445435,1.2900172472000122,0.8411089181900024,0.37631428241729736,0.12895336747169495,0.2764378488063812,0.1117667406797409,0.10130637139081955
46,46,0.07343943417072296,,,,,,,,,
47,47,,,0.8407650589942932,1.2684816122055054,0.8338220715522766,0.38984760642051697,0.13948242366313934,0.2903915345668793,0.11684273183345795,0.10130637139081955
47,47,0.07098983228206635,,,,,,,,,
48,48,,,0.8356334567070007,1.2366540431976318,0.828239917755127,0.40259796380996704,0.15127083659172058,0.30367910861968994,0.12190204858779907,0.10130637139081955
48,48,0.06909257173538208,,,,,,,,,
49,49,,0.06768576055765152,,,,,,,,
49,49,,,0.8326313495635986,1.1966989040374756,0.8242019414901733,0.4120054543018341,0.16189205646514893,0.31396904587745667,0.12576209008693695,0.10130637139081955
49,49,0.06768576055765152,,,,,,,,,
50,50,,,0.8312770128250122,1.15200674533844,0.8211091756820679,0.41687172651290894,0.16917283833026886,0.3200279772281647,0.12770015001296997,0.10130637139081955
50,50,0.06638187915086746,,,,,,,,,
51,51,,,0.8310202360153198,1.1065080165863037,0.8182848691940308,0.41776326298713684,0.1714347004890442,0.32204315066337585,0.12777557969093323,0.10130637139081955
51,51,0.06494412571191788,,,,,,,,,
52,52,,,0.831476092338562,1.0638209581375122,0.815351665019989,0.41629505157470703,0.16785074770450592,0.32109346985816956,0.12659862637519836,0.10130637139081955
52,52,0.06350260972976685,,,,,,,,,
53,53,,,0.8325046896934509,1.0265718698501587,0.8123975396156311,0.4140014350414276,0.1588536947965622,0.3183377981185913,0.12484592944383621,0.10130637139081955
53,53,0.06233173608779907,,,,,,,,,
54,54,,,0.834166944026947,0.9960872530937195,0.8098490238189697,0.4116641581058502,0.1463148593902588,0.3145523965358734,0.12295195460319519,0.10130637139081955
54,54,0.061515431851148605,,,,,,,,,
55,55,,,0.8366224765777588,0.9724522233009338,0.8082839250564575,0.4094012975692749,0.13315241038799286,0.31019458174705505,0.12111763656139374,0.10130637139081955
55,55,0.060897186398506165,,,,,,,,,
56,56,,,0.8400217890739441,0.9548113942146301,0.8084381222724915,0.4070699214935303,0.12220194935798645,0.3056339919567108,0.11944380402565002,0.10130637139081955
56,56,0.06031547114253044,,,,,,,,,
57,57,,,0.8444216251373291,0.9417765140533447,0.8106993436813354,0.40445607900619507,0.11483098566532135,0.3011757433414459,0.11795365810394287,0.10130637139081955
57,57,0.0597868375480175,,,,,,,,,
58,58,,,0.8497382402420044,0.9318587779998779,0.8151072859764099,0.40127626061439514,0.11063540726900101,0.29694968461990356,0.11658050119876862,0.10130637139081955
58,58,0.059417832642793655,,,,,,,,,
59,59,,,0.8557370901107788,0.9238635897636414,0.8213975429534912,0.3973240256309509,0.1088235154747963,0.2929782569408417,0.11524095386266708,0.10130637139081955
59,59,0.05920683965086937,,,,,,,,,
60,60,,,0.8620444536209106,0.9171381592750549,0.829007089138031,0.39276400208473206,0.10963062942028046,0.28941839933395386,0.11396688222885132,0.10130637139081955
60,60,0.05902201682329178,,,,,,,,,
61,61,,,0.8681673407554626,0.9115627408027649,0.8370956778526306,0.3881954550743103,0.11386469751596451,0.2866135835647583,0.11291974782943726,0.10130637139081955
61,61,0.058776721358299255,,,,,,,,,
62,62,,,0.8735241889953613,0.9072949886322021,0.8446391224861145,0.38428688049316406,0.12107652425765991,0.2847788333892822,0.11222423613071442,0.10130637139081955
62,62,0.0585453063249588,,,,,,,,,
63,63,,,0.8775176405906677,0.9044369459152222,0.8506264686584473,0.38132444024086,0.12881970405578613,0.2836703956127167,0.11180121451616287,0.10130637139081955
63,63,0.05845516920089722,,,,,,,,,
64,64,,,0.8796610236167908,0.9028540253639221,0.8543028235435486,0.37916678190231323,0.13393720984458923,0.2826961576938629,0.11140768975019455,0.10130637139081955
64,64,0.058503761887550354,,,,,,,,,
65,65,,,0.8797203302383423,0.9022303819656372,0.8553396463394165,0.37760376930236816,0.13429932296276093,0.2813950181007385,0.11084902286529541,0.10130637139081955
65,65,0.058544956147670746,,,,,,,,,
66,66,,,0.877794086933136,0.9022421836853027,0.8538643717765808,0.3766329884529114,0.1296738237142563,0.2797708511352539,0.11012808978557587,0.10130637139081955
66,66,0.05845161899924278,,,,,,,,,
67,67,,,0.8742905855178833,0.9026789665222168,0.850371778011322,0.37635305523872375,0.12158972024917603,0.27817997336387634,0.10939235985279083,0.10130637139081955
67,67,0.05823299288749695,,,,,,,,,
68,68,,,0.8698159456253052,0.9034551382064819,0.8455759882926941,0.3767174780368805,0.11249244958162308,0.27699676156044006,0.10878616571426392,0.10130637139081955
68,68,0.057973794639110565,,,,,,,,,
69,69,,,0.8650298714637756,0.9045680165290833,0.8402501940727234,0.37752091884613037,0.10461081564426422,0.27643853425979614,0.10838481038808823,0.10130637139081955
69,69,0.05771109089255333,,,,,,,,,
70,70,,,0.8605227470397949,0.9060612916946411,0.8350907564163208,0.37860462069511414,0.09913831204175949,0.2766227424144745,0.10823536664247513,0.10130637139081955
70,70,0.05741981789469719,,,,,,,,,
71,71,,,0.8567396998405457,0.9080041646957397,0.8306340575218201,0.37997737526893616,0.09620676189661026,0.27763280272483826,0.10839489847421646,0.10130637139081955
71,71,0.057094089686870575,,,,,,,,,
72,72,,,0.853955864906311,0.9104723334312439,0.8272316455841064,0.3817262351512909,0.09544078260660172,0.2794692814350128,0.1089068129658699,0.10130637139081955
72,72,0.05678138881921768,,,,,,,,,
73,73,,,0.8522908091545105,0.9135202169418335,0.825067937374115,0.3838901221752167,0.09640610218048096,0.2820083200931549,0.10976892709732056,0.10130637139081955
73,73,0.056521933525800705,,,,,,,,,
74,74,,,0.8517434597015381,0.9171460270881653,0.8241968154907227,0.38644424080848694,0.0986916795372963,0.2850644886493683,0.11094348132610321,0.10130637139081955
74,74,0.056297559291124344,,,,,,,,,
75,75,,,0.8522248268127441,0.9212615489959717,0.8245714902877808,0.389309287071228,0.10186406970024109,0.2884485721588135,0.11237053573131561,0.10130637139081955
75,75,0.05607011169195175,,,,,,,,,
76,76,,,0.8535761833190918,0.9256845712661743,0.8260547518730164,0.3922727406024933,0.10547748953104019,0.29190489649772644,0.11393634974956512,0.10130637139081955
76,76,0.05584581196308136,,,,,,,,,
77,77,,,0.8555800914764404,0.9301689863204956,0.8284213542938232,0.39492493867874146,0.10909713804721832,0.29502972960472107,0.11544002592563629,0.10130637139081955
77,77,0.05566679313778877,,,,,,,,,
78,78,,,0.8579776287078857,0.9344642162322998,0.8313688039779663,0.3967842161655426,0.1122787818312645,0.29734888672828674,0.1166377067565918,0.10130637139081955
78,78,0.05554762855172157,,,,,,,,,
79,79,,,0.8604938983917236,0.9383755326271057,0.8345465660095215,0.39756253361701965,0.11454080790281296,0.29853355884552,0.11735496670007706,0.10130637139081955
79,79,0.05545418709516525,,,,,,,,,
80,80,,,0.8628661632537842,0.9417963624000549,0.8375969529151917,0.39732322096824646,0.11541594564914703,0.2985475957393646,0.11756379902362823,0.10130637139081955
80,80,0.05535046011209488,,,,,,,,,
81,81,,,0.8648675084114075,0.9447029829025269,0.8402007818222046,0.3963901996612549,0.11460927873849869,0.2976033389568329,0.11735887080430984,0.10130637139081955
81,81,0.055238403379917145,,,,,,,,,
82,82,,,0.8663304448127747,0.9471222162246704,0.8421213626861572,0.3951261341571808,0.11217966675758362,0.2960096597671509,0.11687564849853516,0.10130637139081955
82,82,0.055138301104307175,,,,,,,,,
83,83,,,0.8671703338623047,0.9490935802459717,0.8432419896125793,0.39378076791763306,0.10860687494277954,0.2940632402896881,0.11623238772153854,0.10130637139081955
83,83,0.0550510510802269,,,,,,,,,
84,84,,,0.8673995137214661,0.9506416916847229,0.8435818552970886,0.39246681332588196,0.10465298593044281,0.29201552271842957,0.1155160591006279,0.10130637139081955
84,84,0.0549609512090683,,,,,,,,,
85,85,,,0.8671171069145203,0.9517671465873718,0.843278706073761,0.39119189977645874,0.10107705742120743,0.2900562882423401,0.1147826686501503,0.10130637139081955
85,85,0.05486422777175903,,,,,,,,,
86,86,,,0.8664723634719849,0.9524572491645813,0.8425368070602417,0.38990160822868347,0.09839966893196106,0.28829604387283325,0.11405918747186661,0.10130637139081955
86,86,0.05477233976125717,,,,,,,,,
87,87,,,0.8656151294708252,0.952707827091217,0.8415606617927551,0.3885529637336731,0.09684614837169647,0.2867838740348816,0.11336047947406769,0.10130637139081955
87,87,0.05468865856528282,,,,,,,,,
88,88,,,0.8646538853645325,0.9525445699691772,0.8404974341392517,0.38719379901885986,0.09637969732284546,0.2855548560619354,0.11271418631076813,0.10130637139081955
88,88,0.05460149422287941,,,,,,,,,
89,89,,,0.8636385798454285,0.952028751373291,0.839413046836853,0.38597068190574646,0.09666700661182404,0.28464099764823914,0.11216256022453308,0.10130637139081955
89,89,0.05450443550944328,,,,,,,,,
90,90,,,0.8625721335411072,0.9512447714805603,0.8383061289787292,0.3850461542606354,0.09704359620809555,0.2840295732021332,0.11173564940690994,0.10130637139081955
90,90,0.05440783500671387,,,,,,,,,
91,91,,,0.8614436388015747,0.9502757787704468,0.8371533155441284,0.38450950384140015,0.09667963534593582,0.28363779187202454,0.1114301085472107,0.10130637139081955
91,91,0.05432247743010521,,,,,,,,,
92,92,,,0.860266923904419,0.9491815567016602,0.8359588384628296,0.384355753660202,0.09494409710168839,0.28335222601890564,0.11121882498264313,0.10130637139081955
92,92,0.054243478924036026,,,,,,,,,
93,93,,,0.8591006398200989,0.9479916095733643,0.8347815275192261,0.38451313972473145,0.09171996265649796,0.2830909788608551,0.11107400059700012,0.10130637139081955
93,93,0.05415954440832138,,,,,,,,,
94,94,,,0.8580384254455566,0.9467143416404724,0.8337244391441345,0.3848658800125122,0.08744663745164871,0.2828218638896942,0.11097502708435059,0.10130637139081955
94,94,0.05406983196735382,,,,,,,,,
95,95,,,0.8571780920028687,0.9453561902046204,0.832895815372467,0.3852749466896057,0.08288459479808807,0.28254270553588867,0.11090389639139175,0.10130637139081955
95,95,0.05398191511631012,,,,,,,,,
96,96,,,0.8565879464149475,0.9439367055892944,0.8323654532432556,0.38562270998954773,0.07876242697238922,0.28226929903030396,0.11084701120853424,0.10130637139081955
96,96,0.05389836058020592,,,,,,,,,
97,97,,,0.8562882542610168,0.9424926042556763,0.832140326499939,0.3858581781387329,0.07552552223205566,0.28203585743904114,0.11080271005630493,0.10130637139081955
97,97,0.05381563678383827,,,,,,,,,
98,98,,,0.8562493324279785,0.9410689473152161,0.8321642279624939,0.38599693775177,0.07328998297452927,0.2818813621997833,0.11077877879142761,0.10130637139081955
98,98,0.05373331904411316,,,,,,,,,
99,99,,0.05365500599145889,,,,,,,,
99,99,,,0.8564068675041199,0.9397075772285461,0.8323421478271484,0.38607755303382874,0.07195255905389786,0.2818215787410736,0.11077983677387238,0.10130637139081955
99,99,0.05365500599145889,,,,,,,,,
100,100,,,0.8566823601722717,0.938439667224884,0.8325714468955994,0.38612100481987,0.07132823765277863,0.28183671832084656,0.11079838871955872,0.10130637139081955
100,100,0.05358050391077995,,,,,,,,,
101,101,,,0.8570005297660828,0.9372838735580444,0.8327683210372925,0.3861164152622223,0.07123997062444687,0.2818802297115326,0.11081548035144806,0.10130637139081955
101,101,0.053505104035139084,,,,,,,,,
102,102,,,0.8572981357574463,0.9362491369247437,0.8328795433044434,0.3860194981098175,0.07154526561498642,0.2818865180015564,0.11080272495746613,0.10130637139081955
102,102,0.05342743545770645,,,,,,,,,
103,103,,,0.8575249910354614,0.9353383779525757,0.8328797221183777,0.38576388359069824,0.07211527228355408,0.28177544474601746,0.11072563380002975,0.10130637139081955
103,103,0.05335176736116409,,,,,,,,,
104,104,,,0.8576420545578003,0.9345523118972778,0.832761287689209,0.38529592752456665,0.07279178500175476,0.2814735472202301,0.11055503785610199,0.10130637139081955
104,104,0.05328083410859108,,,,,,,,,
105,105,,,0.8576245307922363,0.9338940978050232,0.832526445388794,0.3846190869808197,0.0733647346496582,0.2809484302997589,0.11028383672237396,0.10130637139081955
105,105,0.05321260914206505,,,,,,,,,
106,106,,,0.8574649095535278,0.933370053768158,0.8321852087974548,0.38380736112594604,0.07360567897558212,0.2802274525165558,0.10993369668722153,0.10130637139081955
106,106,0.0531449094414711,,,,,,,,,
107,107,,,0.8571772575378418,0.9329874515533447,0.8317599296569824,0.38297176361083984,0.07335036247968674,0.2793830335140228,0.10954511165618896,0.10130637139081955
107,107,0.05307900160551071,,,,,,,,,
108,108,,,0.8567970991134644,0.9327474236488342,0.8312916159629822,0.3822115659713745,0.07258567959070206,0.27850544452667236,0.10916144400835037,0.10130637139081955
108,108,0.053016118705272675,,,,,,,,,
109,109,,,0.856376051902771,0.9326403141021729,0.8308393359184265,0.381584107875824,0.07147211581468582,0.27768149971961975,0.10881774127483368,0.10130637139081955
109,109,0.05295463278889656,,,,,,,,,
110,110,,,0.8559685349464417,0.9326467514038086,0.8304678201675415,0.3810986876487732,0.07027587294578552,0.27697989344596863,0.10853517055511475,0.10130637139081955
110,110,0.05289294570684433,,,,,,,,,
111,111,,,0.8556163311004639,0.9327437281608582,0.8302267789840698,0.38072827458381653,0.06925538927316666,0.27643924951553345,0.10831951349973679,0.10130637139081955
111,111,0.05283133685588837,,,,,,,,,
112,112,,,0.8553345203399658,0.9329129457473755,0.8301294445991516,0.38043472170829773,0.06857085973024368,0.27606651186943054,0.10816489905118942,0.10130637139081955
112,112,0.052770134061574936,,,,,,,,,
113,113,,,0.8551061749458313,0.9331442713737488,0.8301423788070679,0.3801978528499603,0.06824847310781479,0.27584776282310486,0.10806180536746979,0.10130637139081955
113,113,0.052707962691783905,,,,,,,,,
114,114,,,0.8548862934112549,0.9334343075752258,0.8301917314529419,0.38002488017082214,0.06818362325429916,0.27575674653053284,0.10800127685070038,0.10130637139081955
114,114,0.05264417827129364,,,,,,,,,
115,115,,,0.8546169400215149,0.9337786436080933,0.8301864862442017,0.37993431091308594,0.06817574799060822,0.2757547199726105,0.10797291249036789,0.10130637139081955
115,115,0.0525803305208683,,,,,,,,,
116,116,,,0.8542467355728149,0.9341673851013184,0.8300471901893616,0.3799312710762024,0.06800901144742966,0.2757921814918518,0.10796186327934265,0.10130637139081955
116,116,0.052517857402563095,,,,,,,,,
117,117,,,0.8537478446960449,0.9345834255218506,0.829730749130249,0.379993736743927,0.0675525963306427,0.2758173942565918,0.10794959962368011,0.10130637139081955
117,117,0.05245644599199295,,,,,,,,,
118,118,,,0.8531247973442078,0.9350064396858215,0.8292405009269714,0.3800751864910126,0.0668218731880188,0.2757880687713623,0.10791775584220886,0.10130637139081955
118,118,0.05239550769329071,,,,,,,,,
119,119,,,0.8524115085601807,0.9354180097579956,0.8286199569702148,0.38011911511421204,0.06595686078071594,0.275678813457489,0.10785246640443802,0.10130637139081955
119,119,0.052335407584905624,,,,,,,,,
120,120,,,0.8516605496406555,0.9358066916465759,0.8279356360435486,0.3800815939903259,0.06513767689466476,0.2754853069782257,0.10774863511323929,0.10130637139081955
120,120,0.05227654427289963,,,,,,,,,
121,121,,,0.8509273529052734,0.9361695647239685,0.8272557258605957,0.37994977831840515,0.06450055539608002,0.2752251923084259,0.10761240869760513,0.10130637139081955
121,121,0.05221845209598541,,,,,,,,,
122,122,,,0.8502592444419861,0.936510443687439,0.8266364336013794,0.3797425925731659,0.06410038471221924,0.2749301493167877,0.10745863616466522,0.10130637139081955
122,122,0.05216076597571373,,,,,,,,,
123,123,,,0.8496877551078796,0.9368360638618469,0.8261151909828186,0.3794935643672943,0.06392287462949753,0.2746315002441406,0.10730363428592682,0.10130637139081955
123,123,0.05210380628705025,,,,,,,,,
124,124,,,0.8492280840873718,0.9371511340141296,0.8257118463516235,0.37922999262809753,0.06392179429531097,0.27434834837913513,0.10715845227241516,0.10130637139081955
124,124,0.05204760283231735,,,,,,,,,
125,125,,,0.8488800525665283,0.9374557733535767,0.8254320025444031,0.3789622485637665,0.06405028700828552,0.274084210395813,0.1070261299610138,0.10130637139081955
125,125,0.051991578191518784,,,,,,,,,
126,126,,,0.8486302495002747,0.9377452731132507,0.8252677321434021,0.3786844313144684,0.06427037715911865,0.2738296091556549,0.10690242052078247,0.10130637139081955
126,126,0.0519355908036232,,,,,,,,,
127,127,,,0.848453164100647,0.9380128383636475,0.8251963257789612,0.3783840537071228,0.06454070657491684,0.27356743812561035,0.106779083609581,0.10130637139081955
127,127,0.051880061626434326,,,,,,,,,
128,128,,,0.8483126759529114,0.9382537007331848,0.8251792788505554,0.37805575132369995,0.06479833275079727,0.2732817232608795,0.1066485345363617,0.10130637139081955
128,128,0.05182523652911186,,,,,,,,,
129,129,,,0.8481664061546326,0.938466489315033,0.8251660466194153,0.3777105212211609,0.06495492905378342,0.27296578884124756,0.106507807970047,0.10130637139081955
129,129,0.051770828664302826,,,,,,,,,
130,130,,,0.8479745984077454,0.9386526942253113,0.8251040577888489,0.37737318873405457,0.06492134183645248,0.2726250886917114,0.10635937750339508,0.10130637139081955
130,130,0.051716722548007965,,,,,,,,,
131,131,,,0.847707986831665,0.9388144016265869,0.8249527812004089,0.3770699203014374,0.0646471455693245,0.272274374961853,0.10620883107185364,0.10130637139081955
131,131,0.051663074642419815,,,,,,,,,
132,132,,,0.8473557233810425,0.9389516115188599,0.8246942162513733,0.3768157660961151,0.06415140628814697,0.2719324827194214,0.10606197267770767,0.10130637139081955
132,132,0.0516098327934742,,,,,,,,,
133,133,,,0.8469253778457642,0.9390625357627869,0.8243356347084045,0.3766094148159027,0.06351825594902039,0.2716172933578491,0.1059228703379631,0.10130637139081955
133,133,0.05155674368143082,,,,,,,,,
134,134,,,0.8464378118515015,0.9391440749168396,0.823902428150177,0.3764364719390869,0.06285826116800308,0.2713409662246704,0.10579289495944977,0.10130637139081955
134,134,0.051503922790288925,,,,,,,,,
135,135,,,0.8459181785583496,0.9391939043998718,0.8234263062477112,0.37627846002578735,0.06226109713315964,0.27110716700553894,0.10567125678062439,0.10130637139081955
135,135,0.05145147070288658,,,,,,,,,
136,136,,,0.8453874588012695,0.9392127394676208,0.8229336738586426,0.37612301111221313,0.06176375597715378,0.2709116041660309,0.10555645823478699,0.10130637139081955
136,136,0.051399290561676025,,,,,,,,,
137,137,,,0.8448588252067566,0.9392030239105225,0.822439968585968,0.3759678602218628,0.061346884816884995,0.2707434594631195,0.10544705390930176,0.10130637139081955
137,137,0.0513472817838192,,,,,,,,,
138,138,,,0.8443384170532227,0.9391688108444214,0.8219520449638367,0.3758164644241333,0.06095345690846443,0.27058684825897217,0.10534114390611649,0.10130637139081955
138,138,0.051295578479766846,,,,,,,,,
139,139,,,0.8438297510147095,0.9391143918037415,0.8214737176895142,0.3756697177886963,0.06052391603589058,0.2704227864742279,0.10523547977209091,0.10130637139081955
139,139,0.05124432593584061,,,,,,,,,
140,140,,,0.8433374762535095,0.9390437006950378,0.8210122585296631,0.3755209147930145,0.060026198625564575,0.2702328860759735,0.10512552410364151,0.10130637139081955
140,140,0.051193419843912125,,,,,,,,,
141,141,,,0.8428683876991272,0.9389600157737732,0.8205785155296326,0.3753565549850464,0.059470731765031815,0.27000361680984497,0.10500654578208923,0.10130637139081955
141,141,0.05114278197288513,,,,,,,,,
142,142,,,0.8424302339553833,0.9388669729232788,0.820184588432312,0.3751634955406189,0.05889797955751419,0.26973018050193787,0.10487575083971024,0.10130637139081955
142,142,0.05109246075153351,,,,,,,,,
143,143,,,0.8420276641845703,0.9387693405151367,0.8198370337486267,0.37493669986724854,0.058353450149297714,0.2694181501865387,0.10473378747701645,0.10130637139081955
143,143,0.051042430102825165,,,,,,,,,
144,144,,,0.8416601419448853,0.9386729001998901,0.8195343613624573,0.37468281388282776,0.05786709859967232,0.26908209919929504,0.1045849472284317,0.10130637139081955
144,144,0.050992608070373535,,,,,,,,,
145,145,,,0.8413217067718506,0.9385833740234375,0.819266676902771,0.37441667914390564,0.057448744773864746,0.2687406837940216,0.10443546622991562,0.10130637139081955
145,145,0.05094302445650101,,,,,,,,,
146,146,,,0.8410024642944336,0.9385058879852295,0.8190195560455322,0.3741535246372223,0.05709650740027428,0.26841092109680176,0.10429096221923828,0.10130637139081955
146,146,0.050893768668174744,,,,,,,,,
147,147,,,0.8406909704208374,0.9384442567825317,0.818777859210968,0.37390220165252686,0.056808073073625565,0.2681037485599518,0.1041543185710907,0.10130637139081955
147,147,0.05084479600191116,,,,,,,,,
148,148,,,0.8403758406639099,0.9384008646011353,0.8185286521911621,0.37366360425949097,0.05658251419663429,0.267822802066803,0.1040254607796669,0.10130637139081955
148,148,0.05079605430364609,,,,,,,,,
149,149,,0.05074760317802429,,,,,,,,
149,149,,,0.840046226978302,0.9383774399757385,0.8182603716850281,0.37343376874923706,0.0564156100153923,0.2675652503967285,0.10390199720859528,0.10130637139081955
149,149,0.05074760317802429,,,,,,,,,
150,150,,,0.8396927714347839,0.9383752942085266,0.8179632425308228,0.3732091784477234,0.05628977715969086,0.2673245966434479,0.10378115624189377,0.10130637139081955
150,150,0.050699423998594284,,,,,,,,,
151,151,,,0.8393076658248901,0.9383958578109741,0.8176286816596985,0.37299081683158875,0.056172363460063934,0.2670938968658447,0.10366103798151016,0.10130637139081955
151,151,0.050651468336582184,,,,,,,,,
152,152,,,0.8388872742652893,0.938439667224884,0.8172521591186523,0.3727833330631256,0.056024257093667984,0.266867995262146,0.103541299700737,0.10130637139081955
152,152,0.05060373619198799,,,,,,,,,
153,153,,,0.8384338021278381,0.9385071992874146,0.8168355226516724,0.372591495513916,0.055816493928432465,0.26664426922798157,0.10342250764369965,0.10130637139081955
153,153,0.0505562387406826,,,,,,,,,
154,154,,,0.8379563689231873,0.9385976195335388,0.8163899779319763,0.3724158704280853,0.05554475635290146,0.2664226293563843,0.1033056229352951,0.10130637139081955
154,154,0.050508931279182434,,,,,,,,,
155,155,,,0.8374695777893066,0.9387093186378479,0.8159336447715759,0.3722518980503082,0.05523021146655083,0.2662045955657959,0.10319127142429352,0.10130637139081955
155,155,0.05046182498335838,,,,,,,,,
156,156,,,0.8369891047477722,0.938839852809906,0.8154864311218262,0.3720916509628296,0.05490662902593613,0.2659921646118164,0.10307960212230682,0.10130637139081955
156,156,0.05041491612792015,,,,,,,,,
157,157,,,0.8365270495414734,0.9389864206314087,0.8150635957717896,0.37192803621292114,0.05460255220532417,0.26578643918037415,0.1029704287648201,0.10130637139081955
157,157,0.05036825314164162,,,,,,,,,
158,158,,,0.8360896706581116,0.9391455054283142,0.8146719336509705,0.37175750732421875,0.05432867258787155,0.26558664441108704,0.10286334902048111,0.10130637139081955
158,158,0.050321780145168304,,,,,,,,,
159,159,,,0.8356753587722778,0.9393133521080017,0.8143085241317749,0.371580570936203,0.054078344255685806,0.26539018750190735,0.10275773704051971,0.10130637139081955
159,159,0.0502755269408226,,,,,,,,,
160,160,,,0.8352778553962708,0.9394857287406921,0.8139640092849731,0.3713986277580261,0.05383584648370743,0.26519227027893066,0.10265231132507324,0.10130637139081955
160,160,0.05022945627570152,,,,,,,,,
161,161,,,0.8348885774612427,0.9396584033966064,0.8136267066001892,0.3712116777896881,0.053588222712278366,0.2649870812892914,0.1025451198220253,0.10130637139081955
161,161,0.05018362030386925,,,,,,,,,
162,162,,,0.8345001339912415,0.9398273229598999,0.8132877349853516,0.3710173964500427,0.05333218351006508,0.26476943492889404,0.10243398696184158,0.10130637139081955
162,162,0.0501379631459713,,,,,,,,,
163,163,,,0.8341074585914612,0.9399892687797546,0.8129410743713379,0.37081289291381836,0.053073275834321976,0.26453664898872375,0.10231736302375793,0.10130637139081955
163,163,0.050092510879039764,,,,,,,,,
164,164,,,0.8337082862854004,0.9401419162750244,0.8125842213630676,0.37059760093688965,0.052819814532995224,0.2642897963523865,0.10219511389732361,0.10130637139081955
164,164,0.050047263503074646,,,,,,,,,
165,165,,,0.8333021402359009,0.9402835369110107,0.8122166991233826,0.3703746199607849,0.052576594054698944,0.2640332877635956,0.10206875950098038,0.10130637139081955
165,165,0.050002194941043854,,,,,,,,,
166,166,,,0.8328903317451477,0.9404134750366211,0.8118395805358887,0.3701503872871399,0.052343934774398804,0.2637742757797241,0.1019410789012909,0.10130637139081955
166,166,0.0499572828412056,,,,,,,,,
167,167,,,0.8324758410453796,0.9405316710472107,0.8114563226699829,0.36993131041526794,0.05212121084332466,0.2635200619697571,0.10181506723165512,0.10130637139081955
167,167,0.04991260543465614,,,,,,,,,
168,168,,,0.8320622444152832,0.940638542175293,0.811071515083313,0.3697212040424347,0.051909998059272766,0.26327621936798096,0.10169294476509094,0.10130637139081955
168,168,0.04986806958913803,,,,,,,,,
169,169,,,0.8316529393196106,0.9407354593276978,0.8106902837753296,0.3695204555988312,0.05171428993344307,0.26304560899734497,0.10157561302185059,0.10130637139081955
169,169,0.04982372373342514,,,,,,,,,
170,170,,,0.8312501907348633,0.9408240914344788,0.8103160262107849,0.3693268895149231,0.051536865532398224,0.2628278434276581,0.10146283358335495,0.10130637139081955
170,170,0.04977952688932419,,,,,,,,,
171,171,,,0.8308533430099487,0.9409062266349792,0.8099489808082581,0.36913809180259705,0.05137378349900246,0.26261991262435913,0.1013534665107727,0.10130637139081955
171,171,0.04973551258444786,,,,,,,,,
172,172,,,0.8304595947265625,0.940983235836029,0.8095855116844177,0.36895275115966797,0.051214031875133514,0.2624173164367676,0.10124611854553223,0.10124611854553223
172,172,0.04969164729118347,,,,,,,,,
173,173,,,0.8300647139549255,0.9410566091537476,0.8092203140258789,0.3687704801559448,0.05104350671172142,0.2622154653072357,0.10113945603370667,0.10113945603370667
173,173,0.04964795708656311,,,,,,,,,
174,174,,,0.8296650052070618,0.941127598285675,0.8088482618331909,0.3685905635356903,0.05085160210728645,0.2620104253292084,0.10103224217891693,0.10103224217891693
174,174,0.049604419618844986,,,,,,,,,
175,175,,,0.8292593359947205,0.9411970973014832,0.8084675669670105,0.3684110939502716,0.050636790692806244,0.26180002093315125,0.10092353075742722,0.10092353075742722
175,175,0.04956106096506119,,,,,,,,,
176,176,,,0.828848659992218,0.9412661194801331,0.8080796003341675,0.3682290315628052,0.050406329333782196,0.26158377528190613,0.10081272572278976,0.10081272572278976
176,176,0.04951782897114754,,,,,,,,,
177,177,,,0.8284351825714111,0.9413354992866516,0.8076871037483215,0.36804163455963135,0.05017076060175896,0.2613627314567566,0.10069962590932846,0.10069962590932846
177,177,0.04947476089000702,,,,,,,,,
178,178,,,0.8280215859413147,0.9414061903953552,0.8072934150695801,0.3678476810455322,0.049938350915908813,0.2611386477947235,0.10058458149433136,0.10058458149433136
178,178,0.04943186044692993,,,,,,,,,
179,179,,,0.8276097774505615,0.9414781928062439,0.8069005012512207,0.3676481544971466,0.049711477011442184,0.2609134614467621,0.10046830773353577,0.10046830773353577
179,179,0.04938909038901329,,,,,,,,,
180,180,,,0.8272002935409546,0.9415518045425415,0.8065088391304016,0.36744511127471924,0.0494878813624382,0.2606881856918335,0.100351482629776,0.100351482629776
180,180,0.049346476793289185,,,,,,,,,
181,181,,,0.8267930150032043,0.9416271448135376,0.8061181306838989,0.36724042892456055,0.04926475137472153,0.2604629099369049,0.1002345159649849,0.1002345159649849
181,181,0.04930400475859642,,,,,,,,,
182,182,,,0.8263879418373108,0.941704273223877,0.8057286739349365,0.3670349717140198,0.049040935933589935,0.26023727655410767,0.10011754930019379,0.10011754930019379
182,182,0.049261674284935,,,,,,,,,
183,183,,,0.8259851932525635,0.9417836666107178,0.8053410649299622,0.3668288588523865,0.048818010836839676,0.2600107192993164,0.1000005304813385,0.1000005304813385
183,183,0.04921947792172432,,,,,,,,,
184,184,,,0.825584352016449,0.941865861415863,0.8049551248550415,0.3666222095489502,0.048597563058137894,0.25978296995162964,0.09988343715667725,0.09988343715667725
184,184,0.04917743429541588,,,,,,,,,
185,185,,,0.8251853585243225,0.9419507384300232,0.8045709133148193,0.36641615629196167,0.04838014021515846,0.2595546543598175,0.09976663440465927,0.09976663440465927
185,185,0.04913550242781639,,,,,,,,,
186,186,,,0.8247875571250916,0.9420385360717773,0.8041877150535583,0.3662123680114746,0.048165202140808105,0.25932708382606506,0.09965067356824875,0.09965067356824875
186,186,0.04909373074769974,,,,,,,,,
187,187,,,0.8243905305862427,0.9421287178993225,0.8038045167922974,0.36601272225379944,0.04795268550515175,0.25910213589668274,0.09953620284795761,0.09953620284795761
187,187,0.04905206337571144,,,,,,,,,
188,188,,,0.8239940404891968,0.942221462726593,0.8034213185310364,0.3658176064491272,0.04774433746933937,0.2588813006877899,0.0994236171245575,0.0994236171245575
188,188,0.04901055991649628,,,,,,,,,
189,189,,,0.8235984444618225,0.9423167705535889,0.8030382990837097,0.3656264543533325,0.04754360392689705,0.25866571068763733,0.09931298345327377,0.09931298345327377
189,189,0.04896916076540947,,,,,,,,,
190,190,,,0.8232032656669617,0.9424145817756653,0.8026553392410278,0.36543768644332886,0.04735327512025833,0.2584552764892578,0.0992039293050766,0.0992039293050766
190,190,0.04892788827419281,,,,,,,,,
191,191,,,0.8228079676628113,0.9425150752067566,0.8022714853286743,0.3652498722076416,0.047173406928777695,0.2582489252090454,0.0990958958864212,0.0990958958864212
191,191,0.0488867461681366,,,,,,,,,
192,192,,,0.8224110007286072,0.9426179528236389,0.8018850088119507,0.3650621473789215,0.047000493854284286,0.25804468989372253,0.09898819774389267,0.09898819774389267
192,192,0.048845719546079636,,,,,,,,,
193,193,,,0.8220110535621643,0.9427229762077332,0.8014939427375793,0.36487409472465515,0.04682941362261772,0.25784048438072205,0.09888023138046265,0.09888023138046265
193,193,0.04880480468273163,,,,,,,,,
194,194,,,0.8216077089309692,0.942829966545105,0.8010977506637573,0.36468538641929626,0.04665589705109596,0.25763434171676636,0.09877151995897293,0.09877151995897293
194,194,0.04876403138041496,,,,,,,,,
195,195,,,0.8212013840675354,0.9429386258125305,0.8006967306137085,0.36449551582336426,0.046478211879730225,0.2574252486228943,0.09866177290678024,0.09866177290678024
195,195,0.04872335121035576,,,,,,,,,
196,196,,,0.820793867111206,0.9430490136146545,0.8002933263778687,0.3643036484718323,0.04629729688167572,0.2572129964828491,0.09855097532272339,0.09855097532272339
196,196,0.0486827977001667,,,,,,,,,
197,197,,,0.8203875422477722,0.9431610107421875,0.7998906970024109,0.364109605550766,0.04611508175730705,0.2569985091686249,0.09843946993350983,0.09843946993350983
197,197,0.048642367124557495,,,,,,,,,
198,198,,,0.8199840188026428,0.9432744979858398,0.7994906902313232,0.36391380429267883,0.045932866632938385,0.25678306818008423,0.09832771122455597,0.09832771122455597
198,198,0.04860202223062515,,,,,,,,,
199,199,,0.04856180027127266,,,,,,,,
199,199,,,0.8195845484733582,0.9433889389038086,0.7990947961807251,0.3637174367904663,0.04575037211179733,0.25656798481941223,0.09821628034114838,0.09821628034114838
199,199,0.04856180027127266,,,,,,,,,
200,200,,,0.8191893100738525,0.9435038566589355,0.7987033128738403,0.3635214865207672,0.04556706175208092,0.25635427236557007,0.09810559451580048,0.09810559451580048
200,200,0.04852169007062912,,,,,,,,,
201,201,,,0.8187977075576782,0.9436187744140625,0.7983151078224182,0.3633265793323517,0.045382946729660034,0.25614243745803833,0.0979958027601242,0.0979958027601242
201,201,0.04848167300224304,,,,,,,,,
202,202,,,0.8184085488319397,0.9437333941459656,0.7979291677474976,0.36313265562057495,0.04519901052117348,0.25593245029449463,0.09788680076599121,0.09788680076599121
202,202,0.048441775143146515,,,,,,,,,
203,203,,,0.818020761013031,0.9438474774360657,0.7975438237190247,0.36293932795524597,0.045016366988420486,0.255723774433136,0.0977783203125,0.0977783203125
203,203,0.04840198904275894,,,,,,,,,
204,204,,,0.8176326155662537,0.9439610242843628,0.7971571087837219,0.3627464771270752,0.04483523592352867,0.2555159628391266,0.0976700559258461,0.0976700559258461
204,204,0.048362281173467636,,,,,,,,,
205,205,,,0.8172426819801331,0.9440736174583435,0.7967671751976013,0.3625541627407074,0.04465511068701744,0.2553084194660187,0.09756186604499817,0.09756186604499817
205,205,0.04832267016172409,,,,,,,,,
206,206,,,0.8168504238128662,0.9441853761672974,0.7963732481002808,0.36236250400543213,0.0444757342338562,0.2551009953022003,0.09745361655950546,0.09745361655950546
206,206,0.0482831671833992,,,,,,,,,
207,207,,,0.8164559602737427,0.9442958831787109,0.7959755063056946,0.36217162013053894,0.04429733753204346,0.2548938989639282,0.09734542667865753,0.09734542667865753
207,207,0.04824376478791237,,,,,,,,,
208,208,,,0.8160602450370789,0.9444054365158081,0.7955751419067383,0.361981064081192,0.04412122815847397,0.2546873688697815,0.09723731875419617,0.09723731875419617
208,208,0.048204466700553894,,,,,,,,,
209,209,,,0.8156644105911255,0.9445144534111023,0.7951738238334656,0.3617905080318451,0.04394887015223503,0.2544817328453064,0.09712940454483032,0.09712940454483032
209,209,0.04816524684429169,,,,,,,,,
210,210,,,0.8152697086334229,0.9446232914924622,0.7947729825973511,0.36159950494766235,0.04378058388829231,0.2542771100997925,0.09702169895172119,0.09702169895172119
210,210,0.04812612384557724,,,,,,,,,
211,211,,,0.8148767948150635,0.9447320699691772,0.7943735122680664,0.36140793561935425,0.043615613132715225,0.2540731132030487,0.09691418707370758,0.09691418707370758
211,211,0.04808707535266876,,,,,,,,,
212,212,,,0.8144856691360474,0.9448407292366028,0.7939756512641907,0.36121612787246704,0.04345233738422394,0.2538693845272064,0.09680687636137009,0.09680687636137009
212,212,0.04804813861846924,,,,,,,,,
213,213,,,0.8140962719917297,0.9449495077133179,0.7935789227485657,0.36102405190467834,0.04328928142786026,0.2536652684211731,0.09669961780309677,0.09669961780309677
213,213,0.04800928011536598,,,,,,,,,
214,214,,,0.8137083053588867,0.9450584053993225,0.7931830883026123,0.3608316481113434,0.04312565550208092,0.2534604072570801,0.09659231454133987,0.09659231454133987
214,214,0.047970518469810486,,,,,,,,,
215,215,,,0.8133214116096497,0.9451677799224854,0.7927878499031067,0.36063867807388306,0.0429614894092083,0.2532545328140259,0.09648484736680984,0.09648484736680984
215,215,0.047931816428899765,,,,,,,,,
216,216,,,0.8129353523254395,0.9452775120735168,0.792392909526825,0.3604452610015869,0.04279707744717598,0.25304800271987915,0.09637727588415146,0.09637727588415146
216,216,0.04789320379495621,,,,,,,,,
217,217,,,0.8125498294830322,0.9453877210617065,0.7919977903366089,0.36025166511535645,0.04263211414217949,0.2528412342071533,0.09626970440149307,0.09626970440149307
217,217,0.0478547066450119,,,,,,,,,
218,218,,,0.8121646642684937,0.9454984664916992,0.7916023135185242,0.3600581884384155,0.04246670380234718,0.2526346445083618,0.09616225957870483,0.09616225957870483
218,218,0.04781625047326088,,,,,,,,,
219,219,,,0.8117796778678894,0.9456095099449158,0.7912061810493469,0.3598652184009552,0.04230071231722832,0.25242888927459717,0.09605512768030167,0.09605512768030167
219,219,0.047777898609638214,,,,,,,,,
220,220,,,0.8113948702812195,0.945720911026001,0.7908094525337219,0.3596728444099426,0.04213467240333557,0.25222423672676086,0.09594836831092834,0.09594836831092834
220,220,0.047739602625370026,,,,,,,,,
221,221,,,0.8110101819038391,0.9458333253860474,0.7904120087623596,0.3594808578491211,0.04196937382221222,0.2520206570625305,0.09584192931652069,0.09584192931652069
221,221,0.04770142212510109,,,,,,,,,
222,222,,,0.8106252551078796,0.9459465146064758,0.7900135517120361,0.35928913950920105,0.04180514067411423,0.25181809067726135,0.09573574364185333,0.09573574364185333
222,222,0.04766327142715454,,,,,,,,,
223,223,,,0.8102403283119202,0.9460608959197998,0.7896143198013306,0.3590974509716034,0.04164215549826622,0.2516160309314728,0.09562970697879791,0.09562970697879791
223,223,0.04762520641088486,,,,,,,,,
224,224,,,0.8098551630973816,0.9461765289306641,0.7892138361930847,0.3589058518409729,0.0414799265563488,0.25141406059265137,0.09552372246980667,0.09552372246980667
224,224,0.04758722707629204,,,,,,,,,
225,225,,,0.8094696402549744,0.9462933540344238,0.7888123393058777,0.35871419310569763,0.041318558156490326,0.25121191143989563,0.09541772305965424,0.09541772305965424
225,225,0.04754931107163429,,,,,,,,,
226,226,,,0.8090842962265015,0.9464114904403687,0.7884100675582886,0.3585224151611328,0.0411582849919796,0.251009464263916,0.09531169384717941,0.09531169384717941
226,226,0.04751147702336311,,,,,,,,,
227,227,,,0.8086994290351868,0.9465307593345642,0.7880076169967651,0.35833027958869934,0.04099962115287781,0.2508068382740021,0.0952056497335434,0.0952056497335434
227,227,0.047473687678575516,,,,,,,,,
228,228,,,0.8083154559135437,0.9466512203216553,0.7876054644584656,0.3581377863883972,0.04084296151995659,0.25060439109802246,0.09509970247745514,0.09509970247745514
228,228,0.047436002641916275,,,,,,,,,
229,229,,,0.8079325556755066,0.9467726945877075,0.7872039079666138,0.35794490575790405,0.04068842902779579,0.25040221214294434,0.09499384462833405,0.09499384462833405
229,229,0.04739835113286972,,,,,,,,,
230,230,,,0.8075506687164307,0.9468950629234314,0.7868028283119202,0.357751727104187,0.0405355840921402,0.2502003014087677,0.0948881208896637,0.0948881208896637
230,230,0.04736075922846794,,,,,,,,,
231,231,,,0.8071696162223816,0.9470178484916687,0.7864019870758057,0.3575584292411804,0.04038380831480026,0.24999865889549255,0.0947825163602829,0.0947825163602829
231,231,0.04732325300574303,,,,,,,,,
232,232,,,0.8067890405654907,0.9471409916877747,0.7860009670257568,0.35736504197120667,0.04023300111293793,0.24979721009731293,0.09467701613903046,0.09467701613903046
232,232,0.04728582873940468,,,,,,,,,
233,233,,,0.8064087629318237,0.947264552116394,0.7855994701385498,0.35717156529426575,0.040082864463329315,0.24959580600261688,0.0945715680718422,0.0945715680718422
233,233,0.04724843427538872,,,,,,,,,
234,234,,,0.8060289621353149,0.9473883509635925,0.7851977348327637,0.35697799921035767,0.039933644235134125,0.2493944764137268,0.0944662019610405,0.0944662019610405
234,234,0.04721112921833992,,,,,,,,,
235,235,,,0.8056492209434509,0.9475125670433044,0.7847954034805298,0.3567843735218048,0.039784811437129974,0.24919307231903076,0.0943608433008194,0.0943608433008194
235,235,0.047173842787742615,,,,,,,,,
236,236,,,0.8052697777748108,0.9476370215415955,0.7843925952911377,0.35659077763557434,0.039636291563510895,0.2489916980266571,0.09425556659698486,0.09425556659698486
236,236,0.04713663458824158,,,,,,,,,
237,237,,,0.8048907518386841,0.9477618932723999,0.7839896082878113,0.3563973605632782,0.03948790952563286,0.24879056215286255,0.09415043890476227,0.09415043890476227
237,237,0.047099485993385315,,,,,,,,,
238,238,,,0.8045121431350708,0.9478871822357178,0.7835862636566162,0.356204092502594,0.03933975100517273,0.24858982861042023,0.094045490026474,0.094045490026474
238,238,0.04706240072846413,,,,,,,,,
239,239,,,0.8041342496871948,0.9480128884315491,0.7831831574440002,0.35601091384887695,0.03919205814599991,0.2483895868062973,0.09394074976444244,0.09394074976444244
239,239,0.047025375068187714,,,,,,,,,
240,240,,,0.8037571310997009,0.9481390118598938,0.7827801704406738,0.35581761598587036,0.039044953882694244,0.24818967282772064,0.09383614361286163,0.09383614361286163
240,240,0.04698837921023369,,,,,,,,,
241,241,,,0.80338054895401,0.9482659101486206,0.7823771834373474,0.3556242287158966,0.03889859840273857,0.24799007177352905,0.09373165667057037,0.09373165667057037
241,241,0.04695145785808563,,,,,,,,,
242,242,,,0.8030043244361877,0.9483932256698608,0.7819737792015076,0.3554305136203766,0.03875279054045677,0.2477903664112091,0.09362716972827911,0.09362716972827911
242,242,0.04691457003355026,,,,,,,,,
243,243,,,0.8026283979415894,0.9485208988189697,0.7815698981285095,0.35523664951324463,0.03860761597752571,0.24759060144424438,0.09352268278598785,0.09352268278598785
243,243,0.046877723187208176,,,,,,,,,
244,244,,,0.8022525310516357,0.9486490488052368,0.781165361404419,0.3550424575805664,0.03846303001046181,0.24739059805870056,0.09341813623905182,0.09341813623905182
244,244,0.04684094712138176,,,,,,,,,
245,245,,,0.801876962184906,0.948777437210083,0.7807604074478149,0.35484790802001953,0.03831939026713371,0.2471904158592224,0.0933135524392128,0.0933135524392128
245,245,0.046804219484329224,,,,,,,,,
246,246,,,0.8015016913414001,0.9489063024520874,0.7803550362586975,0.35465309023857117,0.03817668557167053,0.2469901144504547,0.09320896863937378,0.09320896863937378
246,246,0.04676754027605057,,,,,,,,,
247,247,,,0.801127016544342,0.9490354061126709,0.7799496054649353,0.3544580042362213,0.03803499788045883,0.2467898577451706,0.09310441464185715,0.09310441464185715
247,247,0.04673091322183609,,,,,,,,,
248,248,,,0.800753116607666,0.9491649270057678,0.779544472694397,0.35426273941993713,0.037894219160079956,0.24658983945846558,0.09299997985363007,0.09299997985363007
248,248,0.04669429734349251,,,,,,,,,
249,249,,0.0466577410697937,,,,,,,,
249,249,,,0.8003799319267273,0.9492947459220886,0.7791393995285034,0.3540673851966858,0.03775429725646973,0.24639002978801727,0.09289564937353134,0.09289564937353134
249,249,0.0466577410697937,,,,,,,,,
250,250,,,0.8000074625015259,0.9494248628616333,0.7787345051765442,0.3538719713687897,0.03761528804898262,0.24619047343730927,0.09279146045446396,0.09279146045446396
250,250,0.04662124067544937,,,,,,,,,
251,251,,,0.7996355891227722,0.9495553970336914,0.7783296704292297,0.35367655754089355,0.037476956844329834,0.2459910809993744,0.09268739819526672,0.09268739819526672
251,251,0.04658478498458862,,,,,,,,,
252,252,,,0.7992643117904663,0.9496864676475525,0.7779248356819153,0.3534809648990631,0.037339482456445694,0.24579180777072906,0.09258341789245605,0.09258341789245605
252,252,0.046548355370759964,,,,,,,,,
253,253,,,0.7988933324813843,0.9498180150985718,0.7775196433067322,0.3532852828502655,0.03720264136791229,0.24559253454208374,0.09247946739196777,0.09247946739196777
253,253,0.046511970460414886,,,,,,,,,
254,254,,,0.7985227704048157,0.949950098991394,0.77711421251297,0.35308945178985596,0.03706644847989082,0.24539324641227722,0.09237557649612427,0.09237557649612427
254,254,0.046475622802972794,,,,,,,,,
255,255,,,0.7981523275375366,0.9500830173492432,0.7767082452774048,0.3528934121131897,0.03693079575896263,0.24519385397434235,0.09227167814970016,0.09227167814970016
255,255,0.04643929749727249,,,,,,,,,
256,256,,,0.7977822422981262,0.95021653175354,0.7763018608093262,0.3526972234249115,0.036795724183321,0.24499447643756866,0.09216781705617905,0.09216781705617905
256,256,0.046403028070926666,,,,,,,,,
257,257,,,0.7974125146865845,0.9503506422042847,0.775895357131958,0.3525008261203766,0.036661144345998764,0.24479518830776215,0.0920640081167221,0.0920640081167221
257,257,0.04636681079864502,,,,,,,,,
258,258,,,0.7970432639122009,0.9504855275154114,0.7754886150360107,0.35230425000190735,0.036527205258607864,0.24459601938724518,0.09196026623249054,0.09196026623249054
258,258,0.04633058235049248,,,,,,,,,
259,259,,,0.7966744303703308,0.9506211280822754,0.7750815749168396,0.3521074056625366,0.03639376536011696,0.24439692497253418,0.09185655415058136,0.09185655415058136
259,259,0.046294424682855606,,,,,,,,,
260,260,,,0.7963058352470398,0.9507573246955872,0.7746742963790894,0.3519102931022644,0.036260832101106644,0.2441977709531784,0.09175284206867218,0.09175284206867218
260,260,0.04625827446579933,,,,,,,,,
261,261,,,0.795937716960907,0.9508942365646362,0.7742668390274048,0.35171300172805786,0.03612846881151199,0.24399851262569427,0.09164916723966599,0.09164916723966599
261,261,0.04622217267751694,,,,,,,,,
262,262,,,0.7955698370933533,0.9510317444801331,0.773858904838562,0.351515531539917,0.035996612161397934,0.24379923939704895,0.09154550731182098,0.09154550731182098
262,262,0.04618610441684723,,,,,,,,,
263,263,,,0.7952025532722473,0.9511698484420776,0.7734509706497192,0.351317822933197,0.03586556017398834,0.24359987676143646,0.09144187718629837,0.09144187718629837
263,263,0.046150051057338715,,,,,,,,,
264,264,,,0.7948357462882996,0.95130854845047,0.7730429768562317,0.35111990571022034,0.035735122859478,0.24340057373046875,0.09133832156658173,0.09133832156658173
264,264,0.04611404612660408,,,,,,,,,
265,265,,,0.7944695949554443,0.9514477849006653,0.7726350426673889,0.35092177987098694,0.03560541197657585,0.24320119619369507,0.09123478084802628,0.09123478084802628
265,265,0.046078044921159744,,,,,,,,,
266,266,,,0.7941038608551025,0.9515877366065979,0.7722270488739014,0.3507234752178192,0.03547642007470131,0.2430018037557602,0.0911313071846962,0.0911313071846962
266,266,0.04604209214448929,,,,,,,,,
267,267,,,0.7937387824058533,0.9517280459403992,0.7718191742897034,0.35052499175071716,0.03534809127449989,0.24280257523059845,0.09102791547775269,0.09102791547775269
267,267,0.04600613936781883,,,,,,,,,
268,268,,,0.7933741807937622,0.9518689513206482,0.7714110612869263,0.3503263592720032,0.035220399498939514,0.2426033914089203,0.09092457592487335,0.09092457592487335
268,268,0.04597023129463196,,,,,,,,,
269,269,,,0.7930099368095398,0.9520103335380554,0.7710027694702148,0.3501274287700653,0.0350935123860836,0.24240414798259735,0.09082124382257462,0.09082124382257462
269,269,0.04593435302376747,,,,,,,,,
270,270,,,0.7926461100578308,0.9521524906158447,0.7705943584442139,0.34992823004722595,0.03496720641851425,0.24220485985279083,0.09071794152259827,0.09071794152259827
270,270,0.04589846357703209,,,,,,,,,
271,271,,,0.7922824621200562,0.9522950053215027,0.7701852917671204,0.3497287929058075,0.034841615706682205,0.24200548231601715,0.09061461687088013,0.09061461687088013
271,271,0.045862630009651184,,,,,,,,,
272,272,,,0.7919193506240845,0.9524381756782532,0.7697762846946716,0.34952908754348755,0.03471650928258896,0.2418060004711151,0.09051130712032318,0.09051130712032318
272,272,0.04582679271697998,,,,,,,,,
273,273,,,0.7915565967559814,0.9525818824768066,0.7693670392036438,0.3493291437625885,0.03459199517965317,0.24160651862621307,0.09040804207324982,0.09040804207324982
273,273,0.04579099640250206,,,,,,,,,
274,274,,,0.7911941409111023,0.9527263045310974,0.7689573764801025,0.3491288721561432,0.03446807712316513,0.24140684306621552,0.09030473232269287,0.09030473232269287
274,274,0.04575521498918533,,,,,,,,,
275,275,,,0.7908321022987366,0.9528710842132568,0.7685475945472717,0.348928302526474,0.034344714134931564,0.24120715260505676,0.09020143747329712,0.09020143747329712
275,275,0.04571943357586861,,,,,,,,,
276,276,,,0.790470540523529,0.9530165195465088,0.7681376934051514,0.34872743487358093,0.03422180935740471,0.24100737273693085,0.09009816497564316,0.09009816497564316
276,276,0.04568370059132576,,,,,,,,,
277,277,,,0.7901095747947693,0.953162431716919,0.7677278518676758,0.34852638840675354,0.03409934416413307,0.24080757796764374,0.08999493718147278,0.08999493718147278
277,277,0.045647941529750824,,,,,,,,,
278,278,,,0.7897490859031677,0.9533088803291321,0.7673179507255554,0.34832504391670227,0.03397722542285919,0.24060769379138947,0.08989173173904419,0.08989173173904419
278,278,0.045612234622240067,,,,,,,,,
279,279,,,0.7893890738487244,0.9534558057785034,0.7669079303741455,0.3481234908103943,0.033855732530355453,0.24040772020816803,0.0897885411977768,0.0897885411977768
279,279,0.04557652398943901,,,,,,,,,
280,280,,,0.7890295386314392,0.9536033272743225,0.7664978504180908,0.3479216396808624,0.03373482823371887,0.24020768702030182,0.08968537300825119,0.08968537300825119
280,280,0.045540835708379745,,,,,,,,,
281,281,,,0.7886703014373779,0.9537514448165894,0.7660874724388123,0.3477195203304291,0.033614471554756165,0.24000759422779083,0.08958220481872559,0.08958220481872559
281,281,0.04550514370203018,,,,,,,,,
282,282,,,0.7883116602897644,0.953900158405304,0.7656772136688232,0.34751710295677185,0.03349459171295166,0.23980732262134552,0.08947903662919998,0.08947903662919998
282,282,0.045469462871551514,,,,,,,,,
283,283,,,0.7879533171653748,0.954049289226532,0.7652665972709656,0.34731432795524597,0.03337531164288521,0.2396068423986435,0.08937585353851318,0.08937585353851318
283,283,0.04543379694223404,,,,,,,,,
284,284,,,0.7875954508781433,0.954198956489563,0.7648558616638184,0.3471112847328186,0.033256638795137405,0.23940639197826385,0.08927270025014877,0.08927270025014877
284,284,0.045398153364658356,,,,,,,,,
285,285,,,0.7872380018234253,0.9543494582176208,0.7644449472427368,0.34690794348716736,0.033138521015644073,0.23920579254627228,0.08916953206062317,0.08916953206062317
285,285,0.045362502336502075,,,,,,,,,
286,286,,,0.7868810296058655,0.9545004963874817,0.7640340924263,0.34670427441596985,0.0330209955573082,0.23900507390499115,0.08906637132167816,0.08906637132167816
286,286,0.045326873660087585,,,,,,,,,
287,287,,,0.7865245342254639,0.9546521902084351,0.7636229991912842,0.34650030732154846,0.03290393576025963,0.23880432546138763,0.08896322548389435,0.08896322548389435
287,287,0.0452912338078022,,,,,,,,,
288,288,,,0.7861683368682861,0.954804539680481,0.7632116675376892,0.3462960720062256,0.0327875018119812,0.2386033684015274,0.08886006474494934,0.08886006474494934
288,288,0.045255620032548904,,,,,,,,,
289,289,,,0.7858125567436218,0.9549574851989746,0.7628002762794495,0.34609147906303406,0.0326714850962162,0.23840227723121643,0.08875690400600433,0.08875690400600433
289,289,0.045219987630844116,,,,,,,,,
290,290,,,0.7854570746421814,0.9551112055778503,0.7623884081840515,0.34588655829429626,0.032556239515542984,0.2382010519504547,0.08865371346473694,0.08865371346473694
290,290,0.04518437758088112,,,,,,,,,
291,291,,,0.7851022481918335,0.9552652835845947,0.7619767189025879,0.345681369304657,0.03244129568338394,0.2379998117685318,0.08855056762695312,0.08855056762695312
291,291,0.04514874145388603,,,,,,,,,
292,292,,,0.7847476601600647,0.9554202556610107,0.7615649104118347,0.3454757332801819,0.0323268286883831,0.2377983033657074,0.08844737708568573,0.08844737708568573
292,292,0.045113127678632736,,,,,,,,,
293,293,,,0.7843936085700989,0.9555755853652954,0.7611529231071472,0.3452697992324829,0.03221292421221733,0.23759669065475464,0.08834418654441833,0.08834418654441833
293,293,0.045077525079250336,,,,,,,,,
294,294,,,0.7840400338172913,0.9557316899299622,0.7607408761978149,0.3450635075569153,0.032099414616823196,0.23739488422870636,0.08824098110198975,0.08824098110198975
294,294,0.045041922479867935,,,,,,,,,
295,295,,,0.7836869955062866,0.9558884501457214,0.7603288292884827,0.3448569178581238,0.03198646381497383,0.23719292879104614,0.08813779056072235,0.08813779056072235
295,295,0.04500630125403404,,,,,,,,,
296,296,,,0.7833343148231506,0.9560458064079285,0.7599165439605713,0.34464991092681885,0.03187388554215431,0.2369907647371292,0.08803454786539078,0.08803454786539078
296,296,0.04497068375349045,,,,,,,,,
297,297,,,0.7829821109771729,0.9562037587165833,0.7595043182373047,0.3444425165653229,0.031761836260557175,0.23678839206695557,0.08793127536773682,0.08793127536773682
297,297,0.04493507742881775,,,,,,,,,
298,298,,,0.7826301455497742,0.9563624858856201,0.7590916752815247,0.34423473477363586,0.0316503681242466,0.23658576607704163,0.08782797306776047,0.08782797306776047
298,298,0.044899433851242065,,,,,,,,,
299,299,,0.04486379027366638,,,,,,,,
299,299,,,0.7822787761688232,0.9565218091011047,0.7586790919303894,0.3440266251564026,0.031539302319288254,0.23638299107551575,0.08772467076778412,0.08772467076778412
299,299,0.04486379027366638,,,,,,,,,
300,300,,,0.7819277048110962,0.9566817283630371,0.758266270160675,0.34381812810897827,0.031428512185811996,0.23618005216121674,0.08762133866548538,0.08762133866548538
300,300,0.04482816532254219,,,,,,,,,
301,301,,,0.7815771698951721,0.9568423628807068,0.7578534483909607,0.3436093330383301,0.03131842240691185,0.23597699403762817,0.08751802146434784,0.08751802146434784
301,301,0.04479252174496651,,,,,,,,,
302,302,,,0.7812270522117615,0.9570035934448242,0.7574406266212463,0.34340015053749084,0.031208639964461327,0.23577381670475006,0.0874146893620491,0.0874146893620491
302,302,0.04475685954093933,,,,,,,,,
303,303,,,0.7808775305747986,0.9571654796600342,0.7570277452468872,0.3431905508041382,0.031099414452910423,0.23557041585445404,0.08731133490800858,0.08731133490800858
303,303,0.04472121223807335,,,,,,,,,
304,304,,,0.78052818775177,0.9573281407356262,0.7566145062446594,0.3429805338382721,0.0309908427298069,0.23536667227745056,0.08720791339874268,0.08720791339874268
304,304,0.04468553513288498,,,,,,,,,
305,305,,,0.7801792025566101,0.957491397857666,0.7562010288238525,0.3427700996398926,0.030882664024829865,0.23516269028186798,0.0871044471859932,0.0871044471859932
305,305,0.0446498729288578,,,,,,,,,
306,306,,,0.779830813407898,0.9576552510261536,0.7557875514030457,0.3425593674182892,0.030774982646107674,0.23495852947235107,0.08700098097324371,0.08700098097324371
306,306,0.044614166021347046,,,,,,,,,
307,307,,,0.7794828414916992,0.9578197598457336,0.7553740739822388,0.3423480689525604,0.030667711049318314,0.23475410044193268,0.08689746260643005,0.08689746260643005
307,307,0.04457845166325569,,,,,,,,,
308,308,,,0.7791353464126587,0.9579850435256958,0.7549605369567871,0.342136412858963,0.030560670420527458,0.23454947769641876,0.08679390698671341,0.08679390698671341
308,308,0.04454274848103523,,,,,,,,,
309,309,,,0.7787882685661316,0.9581510424613953,0.7545469403266907,0.3419243395328522,0.03045419417321682,0.23434464633464813,0.08669033646583557,0.08669033646583557
309,309,0.044506996870040894,,,,,,,,,
310,310,,,0.7784416675567627,0.9583175182342529,0.7541332840919495,0.3417118787765503,0.03034811280667782,0.2341395616531372,0.08658672869205475,0.08658672869205475
310,310,0.04447125643491745,,,,,,,,,
311,311,,,0.7780954837799072,0.9584847092628479,0.7537194490432739,0.3414989113807678,0.0302424319088459,0.2339341789484024,0.08648306876420975,0.08648306876420975
311,311,0.04443550109863281,,,,,,,,,
312,312,,,0.7777497172355652,0.9586526155471802,0.7533055543899536,0.3412855863571167,0.03013722226023674,0.2337285876274109,0.08637937903404236,0.08637937903404236
312,312,0.0443996898829937,,,,,,,,,
313,313,,,0.7774043679237366,0.958821177482605,0.7528914213180542,0.3410717844963074,0.030032480135560036,0.2335226982831955,0.08627564460039139,0.08627564460039139
313,313,0.044363901019096375,,,,,,,,,
314,314,,,0.7770595550537109,0.9589903354644775,0.7524775266647339,0.34085753560066223,0.029928084462881088,0.2333165407180786,0.08617186546325684,0.08617186546325684
314,314,0.044328078627586365,,,,,,,,,
315,315,,,0.7767151594161987,0.9591602683067322,0.7520633935928345,0.3406428098678589,0.029824120923876762,0.23311007022857666,0.0860680341720581,0.0860680341720581
315,315,0.044292252510786057,,,,,,,,,
316,316,,,0.7763713002204895,0.9593310356140137,0.7516493201255798,0.3404276371002197,0.029720455408096313,0.23290331661701202,0.0859641581773758,0.0859641581773758
316,316,0.04425637796521187,,,,,,,,,
317,317,,,0.7760277986526489,0.9595023989677429,0.7512350678443909,0.3402119278907776,0.02961725927889347,0.2326962798833847,0.0858602225780487,0.0858602225780487
317,317,0.044220488518476486,,,,,,,,,
318,318,,,0.7756847143173218,0.9596744775772095,0.7508206963539124,0.339995801448822,0.029514620080590248,0.2324889600276947,0.08575624972581863,0.08575624972581863
318,318,0.04418458789587021,,,,,,,,,
319,319,,,0.7753421068191528,0.9598473310470581,0.7504063248634338,0.33977919816970825,0.02941216342151165,0.2322813868522644,0.08565221726894379,0.08565221726894379
319,319,0.04414866492152214,,,,,,,,,
320,320,,,0.7750000357627869,0.9600208401679993,0.7499919533729553,0.33956217765808105,0.029310274869203568,0.23207351565361023,0.08554815500974655,0.08554815500974655
320,320,0.04411269351840019,,,,,,,,,
321,321,,,0.7746583819389343,0.9601948857307434,0.7495774626731873,0.33934468030929565,0.029208719730377197,0.23186539113521576,0.08544405549764633,0.08544405549764633
321,321,0.044076696038246155,,,,,,,,,
322,322,,,0.7743170857429504,0.960369884967804,0.7491628527641296,0.3391266167163849,0.02910768613219261,0.23165684938430786,0.08533984422683716,0.08533984422683716
322,322,0.04404069483280182,,,,,,,,,
323,323,,,0.77397620677948,0.9605454802513123,0.7487480640411377,0.3389081060886383,0.02900705300271511,0.2314480096101761,0.0852356106042862,0.0852356106042862
323,323,0.044004667550325394,,,,,,,,,
324,324,,,0.7736358642578125,0.9607219099998474,0.7483333349227905,0.33868905901908875,0.02890680357813835,0.23123884201049805,0.08513128757476807,0.08513128757476807
324,324,0.04396858811378479,,,,,,,,,
325,325,,,0.7732958197593689,0.9608989953994751,0.747918426990509,0.3384695053100586,0.028806885704398155,0.23102937638759613,0.08502691984176636,0.08502691984176636
325,325,0.0439324826002121,,,,,,,,,
326,326,,,0.7729565501213074,0.9610768556594849,0.7475036978721619,0.33824944496154785,0.028707457706332207,0.23081956803798676,0.08492250740528107,0.08492250740528107
326,326,0.04389635846018791,,,,,,,,,
327,327,,,0.7726175785064697,0.9612554311752319,0.7470889687538147,0.33802884817123413,0.028608249500393867,0.23060941696166992,0.08481802046298981,0.08481802046298981
327,327,0.043860189616680145,,,,,,,,,
328,328,,,0.7722792625427246,0.9614350199699402,0.7466742992401123,0.33780771493911743,0.028509581461548805,0.23039889335632324,0.08471346646547318,0.08471346646547318
328,328,0.04382399469614029,,,,,,,,,
329,329,,,0.7719413042068481,0.9616151452064514,0.7462594509124756,0.33758601546287537,0.02841128036379814,0.23018793761730194,0.08460882306098938,0.08460882306098938
329,329,0.04378776624798775,,,,,,,,,
330,330,,,0.7716038227081299,0.9617961049079895,0.7458446025848389,0.3373637795448303,0.028313422575592995,0.2299765944480896,0.08450411260128021,0.08450411260128021
330,330,0.04375150054693222,,,,,,,,,
331,331,,,0.7712668776512146,0.9619777798652649,0.7454297542572021,0.3371409773826599,0.02821575105190277,0.2297649383544922,0.08439933508634567,0.08439933508634567
331,331,0.043715205043554306,,,,,,,,,
332,332,,,0.7709303498268127,0.9621602296829224,0.7450147867202759,0.3369176685810089,0.028118502348661423,0.22955292463302612,0.08429449796676636,0.08429449796676636
332,332,0.043678853660821915,,,,,,,,,
333,333,,,0.7705941200256348,0.9623433351516724,0.7445997595787048,0.33669376373291016,0.028021687641739845,0.22934052348136902,0.08418956398963928,0.08418956398963928
333,333,0.04364246502518654,,,,,,,,,
334,334,,,0.7702584266662598,0.9625272154808044,0.744184672832489,0.33646926283836365,0.027925245463848114,0.2291276901960373,0.08408454805612564,0.08408454805612564
334,334,0.04360605776309967,,,,,,,,,
335,335,,,0.769923210144043,0.9627118706703186,0.7437695264816284,0.33624428510665894,0.027829047292470932,0.2289145439863205,0.08397947251796722,0.08397947251796722
335,335,0.04356958717107773,,,,,,,,,
336,336,,,0.7695885896682739,0.9628973603248596,0.7433544397354126,0.3360186815261841,0.027733344584703445,0.22870095074176788,0.08387431502342224,0.08387431502342224
336,336,0.0435330905020237,,,,,,,,,
337,337,,,0.7692543864250183,0.9630836844444275,0.7429394125938416,0.33579251170158386,0.02763807773590088,0.22848695516586304,0.08376907557249069,0.08376907557249069
337,337,0.043496567755937576,,,,,,,,,
338,338,,,0.7689208388328552,0.9632708430290222,0.7425245046615601,0.3355656862258911,0.027543045580387115,0.22827249765396118,0.08366376161575317,0.08366376161575317
338,338,0.04345996677875519,,,,,,,,,
339,339,,,0.7685877680778503,0.9634588360786438,0.7421095967292786,0.3353382647037506,0.02744857221841812,0.2280576080083847,0.0835583359003067,0.0835583359003067
339,339,0.043423332273960114,,,,,,,,,
340,340,,,0.7682551145553589,0.9636476635932922,0.7416945099830627,0.3351103365421295,0.027354292571544647,0.22784237563610077,0.08345286548137665,0.08345286548137665
340,340,0.04338666424155235,,,,,,,,,
341,341,,,0.7679229974746704,0.9638370275497437,0.741279661655426,0.3348817229270935,0.027260517701506615,0.22762669622898102,0.08334729075431824,0.08334729075431824
341,341,0.043349944055080414,,,,,,,,,
342,342,,,0.7675913572311401,0.9640273451805115,0.7408646941184998,0.33465248346328735,0.027167033404111862,0.22741052508354187,0.08324162662029266,0.08324162662029266
342,342,0.043313167989254,,,,,,,,,
343,343,,,0.7672601938247681,0.9642184376716614,0.7404497265815735,0.3344225287437439,0.02707386575639248,0.2271938920021057,0.08313582837581635,0.08313582837581635
343,343,0.04327636957168579,,,,,,,,,
344,344,,,0.7669295072555542,0.9644103050231934,0.7400346398353577,0.3341920077800751,0.026981160044670105,0.22697675228118896,0.08302994817495346,0.08302994817495346
344,344,0.04323950037360191,,,,,,,,,
345,345,,,0.7665992379188538,0.9646030068397522,0.7396195530891418,0.33396077156066895,0.026888741180300713,0.226759135723114,0.08292395621538162,0.08292395621538162
345,345,0.04320257529616356,,,,,,,,,
346,346,,,0.7662695646286011,0.9647965431213379,0.7392047047615051,0.33372893929481506,0.026796728372573853,0.22654105722904205,0.08281787484884262,0.08281787484884262
346,346,0.043165598064661026,,,,,,,,,
347,347,,,0.7659406065940857,0.9649909138679504,0.7387899160385132,0.3334963917732239,0.026705151423811913,0.2263225018978119,0.08271170407533646,0.08271170407533646
347,347,0.04312857985496521,,,,,,,,,
348,348,,,0.7656121253967285,0.9651861786842346,0.7383753061294556,0.3332632780075073,0.026613717898726463,0.2261035442352295,0.08260545879602432,0.08260545879602432
348,348,0.043091509491205215,,,,,,,,,
349,349,,0.04305437579751015,,,,,,,,
349,349,,,0.7652841806411743,0.9653822779655457,0.7379606366157532,0.33302950859069824,0.02652282826602459,0.2258841097354889,0.08249912410974503,0.08249912410974503
349,349,0.04305437579751015,,,,,,,,,
350,350,,,0.7649567723274231,0.9655792713165283,0.7375460267066956,0.332795113325119,0.026432352140545845,0.2256641685962677,0.08239269256591797,0.08239269256591797
350,350,0.0430171862244606,,,,,,,,,
351,351,,,0.7646297812461853,0.9657771587371826,0.7371314764022827,0.3325599133968353,0.02634219266474247,0.22544364631175995,0.08228611946105957,0.08228611946105957
351,351,0.04297994077205658,,,,,,,,,
352,352,,,0.7643033266067505,0.9659757018089294,0.7367168068885803,0.3323240876197815,0.026252521201968193,0.2252226322889328,0.08217944204807281,0.08217944204807281
352,352,0.04294261708855629,,,,,,,,,
353,353,,,0.7639774084091187,0.9661754369735718,0.7363022565841675,0.3320874869823456,0.026162967085838318,0.22500115633010864,0.0820726603269577,0.0820726603269577
353,353,0.042905256152153015,,,,,,,,,
354,354,,,0.7636517882347107,0.9663759469985962,0.7358875274658203,0.33185017108917236,0.026073914021253586,0.22477902472019196,0.08196571469306946,0.08196571469306946
354,354,0.04286784678697586,,,,,,,,,
355,355,,,0.76332688331604,0.9665771126747131,0.7354730367660522,0.3316120505332947,0.02598518505692482,0.22455629706382751,0.08185864984989166,0.08185864984989166
355,355,0.04283035546541214,,,,,,,,,
356,356,,,0.7630025744438171,0.9667792916297913,0.7350586652755737,0.33137330412864685,0.025896895676851273,0.22433313727378845,0.0817515030503273,0.0817515030503273
356,356,0.04279281571507454,,,,,,,,,
357,357,,,0.7626788020133972,0.9669824242591858,0.73464435338974,0.33113378286361694,0.025808831676840782,0.22410941123962402,0.08164423704147339,0.08164423704147339
357,357,0.042755190283060074,,,,,,,,,
358,358,,,0.7623556852340698,0.9671863317489624,0.7342303395271301,0.33089351654052734,0.025721322745084763,0.22388508915901184,0.08153684437274933,0.08153684437274933
358,358,0.04271750897169113,,,,,,,,,
359,359,,,0.7620331048965454,0.9673911929130554,0.733816385269165,0.33065253496170044,0.025634191930294037,0.2236602008342743,0.08142935484647751,0.08142935484647751
359,359,0.042679764330387115,,,,,,,,,
360,360,,,0.7617111802101135,0.9675970077514648,0.7334024906158447,0.33041080832481384,0.025547489523887634,0.22343474626541138,0.08132173866033554,0.08132173866033554
360,360,0.04264196753501892,,,,,,,,,
361,361,,,0.7613897919654846,0.9678037166595459,0.7329887747764587,0.33016836643218994,0.025461208075284958,0.2232087254524231,0.08121401071548462,0.08121401071548462
361,361,0.04260409250855446,,,,,,,,,
362,362,,,0.7610688805580139,0.9680112600326538,0.7325751185417175,0.3299251198768616,0.025375239551067352,0.22298213839530945,0.08110615611076355,0.08110615611076355
362,362,0.04256614297628403,,,,,,,,,
363,363,,,0.760748565196991,0.9682198762893677,0.7321614623069763,0.32968103885650635,0.02528970316052437,0.22275492548942566,0.08099813759326935,0.08099813759326935
363,363,0.04252813011407852,,,,,,,,,
364,364,,,0.760428786277771,0.9684292674064636,0.7317479252815247,0.32943612337112427,0.025204481557011604,0.22252710163593292,0.080889992415905,0.080889992415905
364,364,0.04249003902077675,,,,,,,,,
365,365,,,0.7601094841957092,0.9686397314071655,0.7313342690467834,0.3291904330253601,0.025119567289948463,0.22229862213134766,0.08078170567750931,0.08078170567750931
365,365,0.042451851069927216,,,,,,,,,
366,366,,,0.75979083776474,0.9688510894775391,0.7309209108352661,0.3289439380168915,0.025035135447978973,0.22206951677799225,0.08067328482866287,0.08067328482866287
366,366,0.0424136184155941,,,,,,,,,
367,367,,,0.7594729661941528,0.9690634608268738,0.7305078506469727,0.3286965787410736,0.02495107427239418,0.2218397557735443,0.0805647224187851,0.0805647224187851
367,367,0.042375314980745316,,,,,,,,,
368,368,,,0.7591555714607239,0.9692767858505249,0.7300949096679688,0.3284483551979065,0.024867378175258636,0.22160930931568146,0.08045601844787598,0.08045601844787598
368,368,0.04233691468834877,,,,,,,,,
369,369,,,0.7588388919830322,0.9694909453392029,0.7296821475028992,0.3281993865966797,0.0247842725366354,0.22137820720672607,0.08034718781709671,0.08034718781709671
369,369,0.042298462241888046,,,,,,,,,
370,370,,,0.7585227489471436,0.9697061777114868,0.7292694449424744,0.3279496133327484,0.024701587855815887,0.22114650905132294,0.0802382230758667,0.0802382230758667
370,370,0.04225992038846016,,,,,,,,,
371,371,,,0.7582072615623474,0.9699223041534424,0.7288569808006287,0.3276989758014679,0.024619238451123238,0.22091418504714966,0.08012911677360535,0.08012911677360535
371,371,0.04222128912806511,,,,,,,,,
372,372,,,0.7578923106193542,0.9701393842697144,0.7284445762634277,0.32744747400283813,0.024537218734622,0.22068119049072266,0.08001986891031265,0.08001986891031265
372,372,0.042182572185993195,,,,,,,,,
373,373,,,0.7575778961181641,0.9703574180603027,0.7280322909355164,0.32719507813453674,0.02445562183856964,0.22044746577739716,0.07991044968366623,0.07991044968366623
373,373,0.04214378818869591,,,,,,,,,
374,374,,,0.7572641968727112,0.9705764055252075,0.7276203036308289,0.32694175839424133,0.024374432861804962,0.22021307051181793,0.07980089634656906,0.07980089634656906
374,374,0.04210491105914116,,,,,,,,,
375,375,,,0.7569511532783508,0.9707964062690735,0.7272084355354309,0.32668760418891907,0.024293826892971992,0.21997800469398499,0.07969119399785995,0.07969119399785995
375,375,0.04206596687436104,,,,,,,,,
376,376,,,0.756638765335083,0.971017599105835,0.7267968058586121,0.3264324963092804,0.024213725700974464,0.2197420448064804,0.07958129793405533,0.07958129793405533
376,376,0.04202690348029137,,,,,,,,,
377,377,,,0.7563270330429077,0.9712398648262024,0.7263853549957275,0.3261764943599701,0.024133995175361633,0.2195054590702057,0.07947127521038055,0.07947127521038055
377,377,0.04198777675628662,,,,,,,,,
378,378,,,0.7560160756111145,0.9714630246162415,0.7259743213653564,0.32591959834098816,0.024054761976003647,0.21926818788051605,0.07936111092567444,0.07936111092567444
378,378,0.041948553174734116,,,,,,,,,
379,379,,,0.755705714225769,0.9716873168945312,0.7255634069442749,0.32566168904304504,0.023975877091288567,0.21903006732463837,0.0792507529258728,0.0792507529258728
379,379,0.04190925136208534,,,,,,,,,
380,380,,,0.7553961277008057,0.9719125032424927,0.7251527905464172,0.3254028260707855,0.02389749512076378,0.21879126131534576,0.07914024591445923,0.07914024591445923
380,380,0.04186985269188881,,,,,,,,,
381,381,,,0.7550870776176453,0.9721387028694153,0.7247422933578491,0.32514312863349915,0.02381952293217182,0.21855178475379944,0.07902958989143372,0.07902958989143372
381,381,0.041830357164144516,,,,,,,,,
382,382,,,0.7547785639762878,0.9723659753799438,0.7243318557739258,0.3248824179172516,0.02374207228422165,0.21831144392490387,0.07891874760389328,0.07891874760389328
382,382,0.04179079085588455,,,,,,,,,
383,383,,,0.7544706463813782,0.9725943803787231,0.723921537399292,0.32462072372436523,0.023665236309170723,0.21807026863098145,0.07880770415067673,0.07880770415067673
383,383,0.04175110161304474,,,,,,,,,
384,384,,,0.7541635632514954,0.9728236794471741,0.7235116362571716,0.3243580162525177,0.023588839918375015,0.21782828867435455,0.07869649678468704,0.07869649678468704
384,384,0.04171132668852806,,,,,,,,,
385,385,,,0.7538571357727051,0.9730541706085205,0.7231019735336304,0.3240944445133209,0.023513032123446465,0.21758556365966797,0.07858514785766602,0.07858514785766602
385,385,0.041671451181173325,,,,,,,,,
386,386,,,0.7535514235496521,0.9732856154441833,0.722692608833313,0.32382985949516296,0.023437505587935448,0.21734212338924408,0.07847364246845245,0.07847364246845245
386,386,0.04163148254156113,,,,,,,,,
387,387,,,0.753246545791626,0.9735181927680969,0.722283661365509,0.3235642910003662,0.023362258449196815,0.21709799766540527,0.07836198806762695,0.07836198806762695
387,387,0.04159141331911087,,,,,,,,,
388,388,,,0.7529422640800476,0.9737519025802612,0.7218748331069946,0.3232976198196411,0.023287778720259666,0.21685288846492767,0.07825010269880295,0.07825010269880295
388,388,0.041551247239112854,,,,,,,,,
389,389,,,0.7526386976242065,0.973986804485321,0.7214663028717041,0.32302993535995483,0.02321387082338333,0.21660691499710083,0.07813803851604462,0.07813803851604462
389,389,0.04151097685098648,,,,,,,,,
390,390,,,0.7523358464241028,0.974222719669342,0.7210578918457031,0.322761207818985,0.023140698671340942,0.21636003255844116,0.07802578806877136,0.07802578806877136
390,390,0.041470594704151154,,,,,,,,,
391,391,,,0.7520336508750916,0.9744598269462585,0.7206498384475708,0.3224913477897644,0.02306799590587616,0.21611224114894867,0.0779133215546608,0.0779133215546608
391,391,0.04143010824918747,,,,,,,,,
392,392,,,0.7517322301864624,0.9746981263160706,0.7202420830726624,0.32222044467926025,0.022995876148343086,0.21586363017559052,0.07780066877603531,0.07780066877603531
392,392,0.041389528661966324,,,,,,,,,
393,393,,,0.7514315843582153,0.9749373197555542,0.7198347449302673,0.32194849848747253,0.022924154996871948,0.2156141847372055,0.07768785208463669,0.07768785208463669
393,393,0.04134882986545563,,,,,,,,,
394,394,,,0.7511316537857056,0.9751775860786438,0.719427764415741,0.32167550921440125,0.0228529404848814,0.21536393463611603,0.07757485657930374,0.07757485657930374
394,394,0.04130803048610687,,,,,,,,,
395,395,,,0.7508326172828674,0.9754191040992737,0.7190210819244385,0.3214014172554016,0.022782418876886368,0.21511279046535492,0.07746168226003647,0.07746168226003647
395,395,0.04126711189746857,,,,,,,,,
396,396,,,0.7505342364311218,0.9756616950035095,0.7186147570610046,0.32112613320350647,0.022712450474500656,0.21486063301563263,0.07734827697277069,0.07734827697277069
396,396,0.0412260964512825,,,,,,,,,
397,397,,,0.7502368092536926,0.9759055972099304,0.7182089686393738,0.32084977626800537,0.0226430706679821,0.2146076261997223,0.07723470032215118,0.07723470032215118
397,397,0.04118495434522629,,,,,,,,,
398,398,,,0.7499401569366455,0.976150631904602,0.7178035974502563,0.3205724060535431,0.022574342787265778,0.21435369551181793,0.07712095975875854,0.07712095975875854
398,398,0.04114370420575142,,,,,,,,,
399,399,,0.041102346032857895,,,,,,,,
399,399,,,0.7496441602706909,0.9763967394828796,0.7173982858657837,0.3202939033508301,0.02250639721751213,0.21409879624843597,0.0770069882273674,0.0770069882273674
399,399,0.041102346032857895,,,,,,,,,
400,400,,,0.7493488192558289,0.9766442179679871,0.7169932126998901,0.3200141191482544,0.02243899367749691,0.21384289860725403,0.07689276337623596,0.07689276337623596
400,400,0.04106086492538452,,,,,,,,,
401,401,,,0.7490542531013489,0.97689288854599,0.7165884375572205,0.3197331726551056,0.022372247651219368,0.2135860174894333,0.0767783373594284,0.0767783373594284
401,401,0.0410192646086216,,,,,,,,,
402,402,,,0.7487603425979614,0.9771426320075989,0.7161839604377747,0.3194510340690613,0.022306060418486595,0.21332821249961853,0.07666370272636414,0.07666370272636414
402,402,0.04097754508256912,,,,,,,,,
403,403,,,0.7484674453735352,0.9773935079574585,0.7157800793647766,0.3191677927970886,0.022240454331040382,0.21306955814361572,0.07654890418052673,0.07654890418052673
403,403,0.040935710072517395,,,,,,,,,
404,404,,,0.7481754422187805,0.9776456356048584,0.7153766751289368,0.31888335943222046,0.022175509482622147,0.21280987560749054,0.07643388211727142,0.07643388211727142
404,404,0.04089374840259552,,,,,,,,,
405,405,,,0.7478843331336975,0.9778991341590881,0.7149738669395447,0.318597674369812,0.022111359983682632,0.2125491201877594,0.0763186514377594,0.0763186514377594
405,405,0.0408516600728035,,,,,,,,,
406,406,,,0.7475939393043518,0.9781537652015686,0.7145712971687317,0.31831082701683044,0.022048037499189377,0.21228735148906708,0.07620319724082947,0.07620319724082947
406,406,0.040809452533721924,,,,,,,,,
407,407,,,0.747304379940033,0.9784095883369446,0.7141691446304321,0.3180226981639862,0.021985433995723724,0.21202452480793,0.07608751952648163,0.07608751952648163
407,407,0.040767114609479904,,,,,,,,,
408,408,,,0.7470157742500305,0.9786666035652161,0.7137674689292908,0.3177333176136017,0.02192355878651142,0.21176066994667053,0.07597161084413528,0.07597161084413528
408,408,0.040724657475948334,,,,,,,,,
409,409,,,0.7467279434204102,0.9789248704910278,0.7133661508560181,0.31744271516799927,0.021862415596842766,0.2114957869052887,0.07585549354553223,0.07585549354553223
409,409,0.04068205505609512,,,,,,,,,
410,410,,,0.7464410066604614,0.9791843295097351,0.7129654288291931,0.31715071201324463,0.021801866590976715,0.2112298160791397,0.07573912292718887,0.07573912292718887
410,410,0.040639348328113556,,,,,,,,,
411,411,,,0.7461548447608948,0.9794453382492065,0.7125651240348816,0.31685754656791687,0.021742012351751328,0.21096284687519073,0.07562255859375,0.07562255859375
411,411,0.040596503764390945,,,,,,,,,
412,412,,,0.7458695769309998,0.9797073602676392,0.7121650576591492,0.31656306982040405,0.02168300375342369,0.2106947898864746,0.07550574839115143,0.07550574839115143
412,412,0.040553513914346695,,,,,,,,,
413,413,,,0.7455851435661316,0.9799706339836121,0.711765706539154,0.3162672519683838,0.021624913439154625,0.21042560040950775,0.07538870722055435,0.07538870722055435
413,413,0.0405103862285614,,,,,,,,,
414,414,,,0.7453016042709351,0.98023521900177,0.7113666534423828,0.31597018241882324,0.021567728370428085,0.21015535295009613,0.07527144253253937,0.07527144253253937
414,414,0.04046713933348656,,,,,,,,,
415,415,,,0.7450190782546997,0.9805012941360474,0.7109681963920593,0.3156718313694,0.021511340513825417,0.20988398790359497,0.07515395432710648,0.07515395432710648
415,415,0.040423762053251266,,,,,,,,,
416,416,,,0.744737446308136,0.9807686805725098,0.7105703353881836,0.3153720498085022,0.021455859765410423,0.2096114158630371,0.07503620535135269,0.07503620535135269
416,416,0.04038022458553314,,,,,,,,,
417,417,,,0.7444567680358887,0.9810373187065125,0.7101730108261108,0.31507086753845215,0.021401099860668182,0.20933768153190613,0.0749182179570198,0.0749182179570198
417,417,0.04033656790852547,,,,,,,,,
418,418,,,0.7441770434379578,0.9813072085380554,0.7097762823104858,0.31476840376853943,0.02134714089334011,0.20906297862529755,0.07480001449584961,0.07480001449584961
418,418,0.04029275104403496,,,,,,,,,
419,419,,,0.7438982129096985,0.9815784096717834,0.7093799710273743,0.3144645094871521,0.02129402942955494,0.20878703892230988,0.07468156516551971,0.07468156516551971
419,419,0.0402488075196743,,,,,,,,,
420,420,,,0.7436202764511108,0.9818509221076965,0.7089841365814209,0.31415918469429016,0.021241938695311546,0.20850984752178192,0.07456283271312714,0.07456283271312714
420,420,0.04020470380783081,,,,,,,,,
421,421,,,0.7433432340621948,0.9821249842643738,0.7085888385772705,0.3138525187969208,0.021190645173192024,0.20823153853416443,0.07444387674331665,0.07444387674331665
421,421,0.04016045480966568,,,,,,,,,
422,422,,,0.7430670857429504,0.9824003577232361,0.7081940174102783,0.3135443329811096,0.021140458062291145,0.20795190334320068,0.07432463020086288,0.07432463020086288
422,422,0.0401160791516304,,,,,,,,,
423,423,,,0.7427919507026672,0.9826770424842834,0.7077997922897339,0.31323474645614624,0.021091274917125702,0.2076711356639862,0.07420515269041061,0.07420515269041061
423,423,0.04007154330611229,,,,,,,,,
424,424,,,0.7425180077552795,0.9829550981521606,0.7074064016342163,0.312923789024353,0.021043069660663605,0.20738919079303741,0.07408545166254044,0.07408545166254044
424,424,0.04002685844898224,,,,,,,,,
425,425,,,0.742245078086853,0.9832345247268677,0.7070137858390808,0.3126113712787628,0.02099565416574478,0.2071060836315155,0.07396551966667175,0.07396551966667175
425,425,0.039982009679079056,,,,,,,,,
426,426,,,0.7419731020927429,0.9835152626037598,0.7066217064857483,0.3122974932193756,0.02094927988946438,0.2068217247724533,0.07384532690048218,0.07384532690048218
426,426,0.03993703052401543,,,,,,,,,
427,427,,,0.7417020797729492,0.9837974905967712,0.706230103969574,0.31198206543922424,0.0209040567278862,0.20653605461120605,0.07372485101222992,0.07372485101222992
427,427,0.039891887456178665,,,,,,,,,
428,428,,,0.7414319515228271,0.9840810894966125,0.7058389782905579,0.3116651177406311,0.020859936252236366,0.20624902844429016,0.07360408455133438,0.07360408455133438
428,428,0.03984660282731056,,,,,,,,,
429,429,,,0.7411628365516663,0.9843658804893494,0.7054484486579895,0.3113466799259186,0.020816845819354057,0.2059607207775116,0.07348305732011795,0.07348305732011795
429,429,0.03980114683508873,,,,,,,,,
430,430,,,0.7408947944641113,0.9846523404121399,0.7050586938858032,0.3110266625881195,0.02077482081949711,0.20567114651203156,0.07336176931858063,0.07336176931858063
430,430,0.03975553810596466,,,,,,,,,
431,431,,,0.7406278252601624,0.9849401116371155,0.704669713973999,0.3107050359249115,0.020733723416924477,0.20538020133972168,0.07324018329381943,0.07324018329381943
431,431,0.039709772914648056,,,,,,,,,
432,432,,,0.7403619289398193,0.9852293729782104,0.7042813301086426,0.3103818893432617,0.020693786442279816,0.20508801937103271,0.07311835885047913,0.07311835885047913
432,432,0.03966382518410683,,,,,,,,,
433,433,,,0.740097165107727,0.9855201840400696,0.7038937211036682,0.31005722284317017,0.020654983818531036,0.2047945261001587,0.07299628108739853,0.07299628108739853
433,433,0.03961773216724396,,,,,,,,,
434,434,,,0.7398335337638855,0.9858124256134033,0.7035068273544312,0.3097309470176697,0.020617373287677765,0.20449960231781006,0.07287392020225525,0.07287392020225525
434,434,0.03957148268818855,,,,,,,,,
435,435,,,0.7395707964897156,0.9861060976982117,0.7031205296516418,0.30940306186676025,0.02058105356991291,0.20420332252979279,0.07275126129388809,0.07275126129388809
435,435,0.03952506184577942,,,,,,,,,
436,436,,,0.7393091917037964,0.9864012002944946,0.7027350068092346,0.3090735673904419,0.02054581232368946,0.20390567183494568,0.07262833416461945,0.07262833416461945
436,436,0.039478473365306854,,,,,,,,,
437,437,,,0.7390486598014832,0.9866979122161865,0.7023500800132751,0.308742493391037,0.020511845126748085,0.20360666513442993,0.07250513881444931,0.07250513881444931
437,437,0.03943171352148056,,,,,,,,,
438,438,,,0.7387892603874207,0.9869958162307739,0.7019659876823425,0.308409720659256,0.0204791147261858,0.20330621302127838,0.0723816379904747,0.0723816379904747
438,438,0.039384786039590836,,,,,,,,,
439,439,,,0.7385309338569641,0.9872952103614807,0.7015827298164368,0.3080753982067108,0.020447522401809692,0.20300453901290894,0.07225791364908218,0.07225791364908218
439,439,0.03933769837021828,,,,,,,,,
440,440,,,0.7382738590240479,0.9875961542129517,0.7012003064155579,0.3077392578125,0.020417215302586555,0.20270134508609772,0.072133868932724,0.072133868932724
440,440,0.03929043188691139,,,,,,,,,
441,441,,,0.7380177974700928,0.9878988265991211,0.7008184194564819,0.3074014484882355,0.02038848027586937,0.20239661633968353,0.07200951129198074,0.07200951129198074
441,441,0.039242979139089584,,,,,,,,,
442,442,,,0.737762987613678,0.9882028698921204,0.7004374861717224,0.3070618808269501,0.020360935479402542,0.20209036767482758,0.07188485562801361,0.07188485562801361
442,442,0.03919536620378494,,,,,,,,,
443,443,,,0.7375094890594482,0.988508403301239,0.7000575065612793,0.30672064423561096,0.020334703847765923,0.20178277790546417,0.07175995409488678,0.07175995409488678
443,443,0.039147570729255676,,,,,,,,,
444,444,,,0.7372569441795349,0.9888156652450562,0.6996781826019287,0.3063776195049286,0.02030983753502369,0.201473668217659,0.07163472473621368,0.07163472473621368
444,444,0.03909961134195328,,,,,,,,,
445,445,,,0.7370056509971619,0.9891243577003479,0.6992996335029602,0.30603283643722534,0.02028636634349823,0.20116300880908966,0.07150918990373611,0.07150918990373611
445,445,0.03905145823955536,,,,,,,,,
446,446,,,0.7367554903030396,0.9894344210624695,0.6989220380783081,0.30568626523017883,0.020264199003577232,0.20085082948207855,0.07138335704803467,0.07138335704803467
446,446,0.03900311142206192,,,,,,,,,
447,447,,,0.7365065813064575,0.9897460341453552,0.6985452175140381,0.30533796548843384,0.020243637263774872,0.20053714513778687,0.07125722616910934,0.07125722616910934
447,447,0.03895461559295654,,,,,,,,,
448,448,,,0.736258864402771,0.9900594353675842,0.6981692910194397,0.3049878776073456,0.020224427804350853,0.200221985578537,0.07113082706928253,0.07113082706928253
448,448,0.03890591114759445,,,,,,,,,
449,449,,0.03885703533887863,,,,,,,,
449,449,,,0.73601233959198,0.9903743863105774,0.6977941989898682,0.30463603138923645,0.020206619054079056,0.19990535080432892,0.07100412994623184,0.07100412994623184
449,449,0.03885703533887863,,,,,,,,,
450,450,,,0.735767126083374,0.9906906485557556,0.6974201202392578,0.30428239703178406,0.020190337672829628,0.19958710670471191,0.07087713479995728,0.07087713479995728
450,450,0.03880796954035759,,,,,,,,,
451,451,,,0.7355230450630188,0.991008460521698,0.6970468163490295,0.30392688512802124,0.020175587385892868,0.19926725327968597,0.07074981927871704,0.07074981927871704
451,451,0.03875870630145073,,,,,,,,,
452,452,,,0.7352803349494934,0.9913280606269836,0.6966744661331177,0.3035694360733032,0.020162265747785568,0.1989458054304123,0.07062218338251114,0.07062218338251114
452,452,0.03870927169919014,,,,,,,,,
453,453,,,0.735038697719574,0.9916492104530334,0.6963029503822327,0.3032100200653076,0.02015049383044243,0.1986226886510849,0.07049420475959778,0.07049420475959778
453,453,0.038659632205963135,,,,,,,,,
454,454,,,0.7347985506057739,0.9919719696044922,0.6959326267242432,0.3028486967086792,0.020140469074249268,0.1982978880405426,0.07036592066287994,0.07036592066287994
454,454,0.038609813898801804,,,,,,,,,
455,455,,,0.7345597147941589,0.9922963380813599,0.6955631971359253,0.30248549580574036,0.020131979137659073,0.19797146320343018,0.07023733109235764,0.07023733109235764
455,455,0.038559798151254654,,,,,,,,,
456,456,,,0.734322190284729,0.9926223158836365,0.6951947212219238,0.3021203875541687,0.02012505941092968,0.19764344394207,0.07010842859745026,0.07010842859745026
456,456,0.038509584963321686,,,,,,,,,
457,457,,,0.7340859770774841,0.9929497838020325,0.6948273777961731,0.30175337195396423,0.02011984959244728,0.1973138302564621,0.0699792429804802,0.0699792429804802
457,457,0.038459163159132004,,,,,,,,,
458,458,,,0.7338510751724243,0.9932790398597717,0.6944609880447388,0.30138441920280457,0.0201162900775671,0.19698256254196167,0.06984974443912506,0.06984974443912506
458,458,0.0384085588157177,,,,,,,,,
459,459,,,0.73361736536026,0.9936097264289856,0.6940954327583313,0.3010135591030121,0.020114513114094734,0.19664956629276276,0.06971991807222366,0.06971991807222366
459,459,0.038357753306627274,,,,,,,,,
460,460,,,0.7333849668502808,0.9939417839050293,0.693730890750885,0.30064061284065247,0.020114455372095108,0.1963147670030594,0.06958972662687302,0.06958972662687302
460,460,0.038306765258312225,,,,,,,,,
461,461,,,0.7331539988517761,0.9942756295204163,0.6933673620223999,0.30026569962501526,0.02011610008776188,0.1959783434867859,0.06945924460887909,0.06945924460887909
461,461,0.038255538791418076,,,,,,,,,
462,462,,,0.7329244017601013,0.9946112632751465,0.6930050253868103,0.2998887896537781,0.020119458436965942,0.19564023613929749,0.06932845711708069,0.06932845711708069
462,462,0.0382041409611702,,,,,,,,,
463,463,,,0.7326962351799011,0.9949486255645752,0.6926437616348267,0.29950979351997375,0.02012447640299797,0.1953004151582718,0.06919734179973602,0.06919734179973602
463,463,0.038152534514665604,,,,,,,,,
464,464,,,0.7324695587158203,0.9952875971794128,0.6922836899757385,0.2991286516189575,0.02013140358030796,0.1949586719274521,0.0690658688545227,0.0690658688545227
464,464,0.038100726902484894,,,,,,,,,
465,465,,,0.7322442531585693,0.9956282377243042,0.6919245719909668,0.29874539375305176,0.020140185952186584,0.19461503624916077,0.06893403828144073,0.06893403828144073
465,465,0.03804870694875717,,,,,,,,,
466,466,,,0.7320203185081482,0.9959703683853149,0.6915667653083801,0.29836007952690125,0.020150823518633842,0.19426962733268738,0.0688018947839737,0.0688018947839737
466,466,0.03799647092819214,,,,,,,,,
467,467,,,0.7317978143692017,0.9963144063949585,0.6912099719047546,0.2979726195335388,0.02016325481235981,0.1939224749803543,0.06866941601037979,0.06866941601037979
467,467,0.03794403746724129,,,,,,,,,
468,468,,,0.731576681137085,0.9966596961021423,0.6908543109893799,0.29758313298225403,0.020177582278847694,0.19357354938983917,0.06853662431240082,0.06853662431240082
468,468,0.03789140284061432,,,,,,,,,
469,469,,,0.7313570976257324,0.997006893157959,0.6904998421669006,0.2971915602684021,0.020193854346871376,0.19322285056114197,0.06840351969003677,0.06840351969003677
469,469,0.03783852979540825,,,,,,,,,
470,470,,,0.7311389446258545,0.9973554611206055,0.6901465058326721,0.29679781198501587,0.02021201327443123,0.19287025928497314,0.06827007979154587,0.06827007979154587
470,470,0.03778546676039696,,,,,,,,,
471,471,,,0.7309221029281616,0.99770587682724,0.6897942423820496,0.29640188813209534,0.020232245326042175,0.1925157904624939,0.0681362897157669,0.0681362897157669
471,471,0.03773217275738716,,,,,,,,,
472,472,,,0.7307068705558777,0.9980579018592834,0.6894432306289673,0.2960037589073181,0.02025442011654377,0.1921595185995102,0.06800217181444168,0.06800217181444168
472,472,0.03767869248986244,,,,,,,,,
473,473,,,0.7304930090904236,0.9984115958213806,0.6890933513641357,0.2956034243106842,0.02027856558561325,0.1918012946844101,0.0678676962852478,0.0678676962852478
473,473,0.03762497752904892,,,,,,,,,
474,474,,,0.730280876159668,0.9987668395042419,0.6887449622154236,0.2952008545398712,0.020304735749959946,0.1914411187171936,0.06773290038108826,0.06773290038108826
474,474,0.03757104650139809,,,,,,,,,
475,475,,,0.7300702929496765,0.9991241097450256,0.6883978843688965,0.2947959303855896,0.020332934334874153,0.19107899069786072,0.06759775429964066,0.06759775429964066
475,475,0.037516895681619644,,,,,,,,,
476,476,,,0.729861319065094,0.9994831085205078,0.6880520582199097,0.29438868165016174,0.020363187417387962,0.19071486592292786,0.06746223568916321,0.06746223568916321
476,476,0.037462539970874786,,,,,,,,,
477,477,,,0.7296537756919861,0.9998435378074646,0.6877074837684631,0.2939792275428772,0.020395543426275253,0.1903487741947174,0.0673263818025589,0.0673263818025589
477,477,0.037407949566841125,,,,,,,,,
478,478,,,0.7294478416442871,1.000205636024475,0.6873641014099121,0.2935675084590912,0.02042999677360058,0.18998071551322937,0.06719019263982773,0.06719019263982773
478,478,0.037353139370679855,,,,,,,,,
479,479,,,0.729243278503418,1.0005689859390259,0.6870220303535461,0.2931535840034485,0.020466571673750877,0.1896107941865921,0.06705368310213089,0.06705368310213089
479,479,0.037298109382390976,,,,,,,,,
480,480,,,0.7290403842926025,1.00093412399292,0.68668133020401,0.29273730516433716,0.020505335181951523,0.18923884630203247,0.066916823387146,0.066916823387146
480,480,0.03724285587668419,,,,,,,,,
481,481,,,0.7288391590118408,1.0013008117675781,0.6863419413566589,0.2923187017440796,0.020546160638332367,0.18886500597000122,0.06677964329719543,0.06677964329719543
481,481,0.03718738630414009,,,,,,,,,
482,482,,,0.728639543056488,1.0016694068908691,0.6860039234161377,0.291897714138031,0.020589251071214676,0.18848910927772522,0.06664211302995682,0.06664211302995682
482,482,0.03713168576359749,,,,,,,,,
483,483,,,0.7284414768218994,1.0020397901535034,0.6856672763824463,0.291474312543869,0.020634548738598824,0.1881110668182373,0.06650421023368835,0.06650421023368835
483,483,0.03707575425505638,,,,,,,,,
484,484,,,0.7282450199127197,1.0024118423461914,0.6853318810462952,0.29104849696159363,0.02068207785487175,0.18773090839385986,0.06636594235897064,0.06636594235897064
484,484,0.03701960667967796,,,,,,,,,
485,485,,,0.7280502915382385,1.0027854442596436,0.6849980354309082,0.29062017798423767,0.020731838420033455,0.1873486489057541,0.06622731685638428,0.06622731685638428
485,485,0.036963220685720444,,,,,,,,,
486,486,,,0.7278572916984558,1.0031607151031494,0.6846657395362854,0.2901894748210907,0.020783832296729088,0.18696428835391998,0.06608835607767105,0.06608835607767105
486,486,0.03690660744905472,,,,,,,,,
487,487,,,0.7276660799980164,1.0035375356674194,0.6843350529670715,0.2897563576698303,0.020838143303990364,0.1865779310464859,0.06594908237457275,0.06594908237457275
487,487,0.03684978187084198,,,,,,,,,
488,488,,,0.7274764180183411,1.003915786743164,0.6840057373046875,0.28932079672813416,0.02089475840330124,0.1861894577741623,0.0658094510436058,0.0658094510436058
488,488,0.03679271042346954,,,,,,,,,
489,489,,,0.7272884249687195,1.0042957067489624,0.6836777329444885,0.288882851600647,0.020953664556145668,0.18579891324043274,0.065669484436512,0.065669484436512
489,489,0.03673539310693741,,,,,,,,,
490,490,,,0.7271021604537964,1.004677176475525,0.6833512187004089,0.28844237327575684,0.021015021950006485,0.18540625274181366,0.06552916020154953,0.06552916020154953
490,490,0.03667787089943886,,,,,,,,,
491,491,,,0.7269175052642822,1.0050605535507202,0.6830260753631592,0.2879992723464966,0.021078642457723618,0.18501129746437073,0.06538846343755722,0.06538846343755722
491,491,0.036620113998651505,,,,,,,,,
492,492,,,0.7267345786094666,1.0054453611373901,0.6827025413513184,0.28755366802215576,0.02114466205239296,0.18461421132087708,0.06524742394685745,0.06524742394685745
492,492,0.036562107503414154,,,,,,,,,
493,493,,,0.7265536189079285,1.0058318376541138,0.6823806166648865,0.287105530500412,0.021213047206401825,0.18421487510204315,0.06510603427886963,0.06510603427886963
493,493,0.0365038700401783,,,,,,,,,
494,494,,,0.7263743877410889,1.0062198638916016,0.6820604205131531,0.28665485978126526,0.02128395065665245,0.1838134229183197,0.06496431678533554,0.06496431678533554
494,494,0.03644540533423424,,,,,,,,,
495,495,,,0.7261970043182373,1.0066094398498535,0.6817417144775391,0.28620150685310364,0.02135724015533924,0.18340973556041718,0.0648222267627716,0.0648222267627716
495,495,0.036386698484420776,,,,,,,,,
496,496,,,0.7260212302207947,1.00700044631958,0.6814244985580444,0.28574562072753906,0.02143292874097824,0.18300379812717438,0.06467980146408081,0.06467980146408081
496,496,0.036327775567770004,,,,,,,,,
497,497,,,0.7258473634719849,1.0073927640914917,0.6811088919639587,0.28528720140457153,0.021511049941182137,0.1825956106185913,0.06453702598810196,0.06453702598810196
497,497,0.03626861050724983,,,,,,,,,
498,498,,,0.7256752252578735,1.007786750793457,0.680794894695282,0.2848261892795563,0.021591586992144585,0.18218515813350677,0.06439390778541565,0.06439390778541565
498,498,0.03620919585227966,,,,,,,,,
499,499,,0.036149535328149796,,,,,,,,
499,499,,,0.725504994392395,1.0081822872161865,0.6804826259613037,0.28436246514320374,0.02167472057044506,0.18177254498004913,0.06425046175718307,0.06425046175718307
499,499,0.036149535328149796,,,,,,,,,
500,500,,,0.7253365516662598,1.0085794925689697,0.6801719069480896,0.28389599919319153,0.02176046371459961,0.18135760724544525,0.06410664319992065,0.06410664319992065
500,500,0.036089662462472916,,,,,,,,,
501,501,,,0.7251698970794678,1.0089778900146484,0.6798627972602844,0.283426970243454,0.021848516538739204,0.18094035983085632,0.06396247446537018,0.06396247446537018
501,501,0.03602953255176544,,,,,,,,,
502,502,,,0.7250052094459534,1.0093779563903809,0.6795555353164673,0.28295525908470154,0.021939245983958244,0.18052087724208832,0.06381799280643463,0.06381799280643463
502,502,0.03596917912364006,,,,,,,,,
503,503,,,0.7248424291610718,1.009779453277588,0.6792500019073486,0.28248080611228943,0.022032540291547775,0.1800989955663681,0.06367316097021103,0.06367316097021103
503,503,0.035908572375774384,,,,,,,,,
504,504,,,0.7246814966201782,1.010182499885559,0.6789461374282837,0.28200361132621765,0.02212836779654026,0.17967469990253448,0.06352796405553818,0.06352796405553818
504,504,0.0358477421104908,,,,,,,,,
505,505,,,0.724522590637207,1.0105867385864258,0.6786442399024963,0.2815236449241638,0.02222687564790249,0.17924803495407104,0.06338242441415787,0.06338242441415787
505,505,0.03578666225075722,,,,,,,,,
506,506,,,0.7243655323982239,1.0109922885894775,0.6783440709114075,0.28104108572006226,0.022327879443764687,0.1788191795349121,0.06323659420013428,0.06323659420013428
506,506,0.03572534769773483,,,,,,,,,
507,507,,,0.7242103815078735,1.0113991498947144,0.6780457496643066,0.2805556058883667,0.02243160456418991,0.1783878207206726,0.06309038400650024,0.06309038400650024
507,507,0.03566379472613335,,,,,,,,,
508,508,,,0.7240571975708008,1.0118075609207153,0.6777491569519043,0.280067503452301,0.022538024932146072,0.1779543161392212,0.06294389069080353,0.06294389069080353
508,508,0.03560199961066246,,,,,,,,,
509,509,,,0.7239059209823608,1.0122171640396118,0.6774542927742004,0.2795765697956085,0.022647054865956306,0.17751827836036682,0.06279702484607697,0.06279702484607697
509,509,0.035539984703063965,,,,,,,,,
510,510,,,0.7237566113471985,1.0126283168792725,0.6771613955497742,0.27908286452293396,0.022758683189749718,0.17707985639572144,0.06264983862638474,0.06264983862638474
510,510,0.03547770157456398,,,,,,,,,
511,511,,,0.7236093282699585,1.013040542602539,0.6768702268600464,0.2785862982273102,0.02287299558520317,0.17663897573947906,0.06250232458114624,0.06250232458114624
511,511,0.03541520610451698,,,,,,,,,
512,512,,,0.7234639525413513,1.0134540796279907,0.6765809655189514,0.27808693051338196,0.022990034893155098,0.17619572579860687,0.062354471534490585,0.062354471534490585
512,512,0.035352449864149094,,,,,,,,,
513,513,,,0.7233205437660217,1.013869047164917,0.676293671131134,0.27758464217185974,0.023109931498765945,0.1757499873638153,0.06220628321170807,0.06220628321170807
513,513,0.0352894552052021,,,,,,,,,
514,514,,,0.7231794595718384,1.0142850875854492,0.6760085225105286,0.27707958221435547,0.023232433944940567,0.17530184984207153,0.06205780804157257,0.06205780804157257
514,514,0.03522622957825661,,,,,,,,,
515,515,,,0.7230402231216431,1.0147019624710083,0.6757252216339111,0.27657169103622437,0.023357471451163292,0.17485114932060242,0.061908986419439316,0.061908986419439316
515,515,0.0351627841591835,,,,,,,,,
516,516,,,0.7229030728340149,1.0151201486587524,0.6754440069198608,0.27606087923049927,0.023485388606786728,0.1743980497121811,0.06175985559821129,0.06175985559821129
516,516,0.0350990816950798,,,,,,,,,
517,517,,,0.7227678894996643,1.0155394077301025,0.6751646995544434,0.2755471467971802,0.023616261780261993,0.17394252121448517,0.06161040812730789,0.06161040812730789
517,517,0.0350351557135582,,,,,,,,,
518,518,,,0.7226347923278809,1.0159595012664795,0.6748873591423035,0.27503055334091187,0.023749733343720436,0.1734844446182251,0.061460644006729126,0.061460644006729126
518,518,0.0349709652364254,,,,,,,,,
519,519,,,0.7225039005279541,1.0163805484771729,0.6746121644973755,0.27451109886169434,0.02388603612780571,0.17302393913269043,0.06131058931350708,0.06131058931350708
519,519,0.03490656986832619,,,,,,,,,
520,520,,,0.7223750352859497,1.0168027877807617,0.6743389964103699,0.2739887535572052,0.02402517944574356,0.1725609451532364,0.06116022914648056,0.06116022914648056
520,520,0.034841928631067276,,,,,,,,,
521,521,,,0.7222481369972229,1.017226219177246,0.6740677356719971,0.27346348762512207,0.024167155846953392,0.17209550738334656,0.061009570956230164,0.061009570956230164
521,521,0.03477705270051956,,,,,,,,,
522,522,,,0.722123384475708,1.0176504850387573,0.6737984418869019,0.27293524146080017,0.024311965331435204,0.1716274619102478,0.0608585923910141,0.0608585923910141
522,522,0.03471194952726364,,,,,,,,,
523,523,,,0.722000777721405,1.018075704574585,0.6735312938690186,0.2724040746688843,0.024459511041641235,0.1711568832397461,0.060707323253154755,0.060707323253154755
523,523,0.03464660793542862,,,,,,,,,
524,524,,,0.7218803763389587,1.01850163936615,0.6732665300369263,0.2718699276447296,0.024609949439764023,0.17068378627300262,0.06055577099323273,0.06055577099323273
524,524,0.034581027925014496,,,,,,,,,
525,525,,,0.7217621207237244,1.0189281702041626,0.6730039119720459,0.2713328003883362,0.024763237684965134,0.17020808160305023,0.060403913259506226,0.060403913259506226
525,525,0.034515224397182465,,,,,,,,,
526,526,,,0.7216460108757019,1.0193555355072021,0.6727434396743774,0.27079272270202637,0.024919418618083,0.16972990334033966,0.060251783579587936,0.060251783579587936
526,526,0.034449197351932526,,,,,,,,,
527,527,,,0.7215320467948914,1.0197834968566895,0.6724852323532104,0.27024969458580017,0.025078359991312027,0.16924910247325897,0.06009936332702637,0.06009936332702637
527,527,0.034382931888103485,,,,,,,,,
528,528,,,0.7214203476905823,1.020212173461914,0.6722292304039001,0.2697037160396576,0.025240344926714897,0.16876590251922607,0.059946708381175995,0.059946708381175995
528,528,0.03431643918156624,,,,,,,,,
529,529,,,0.7213107943534851,1.0206413269042969,0.6719754934310913,0.26915475726127625,0.02540523186326027,0.16828007996082306,0.059793755412101746,0.059793755412101746
529,529,0.03424972668290138,,,,,,,,,
530,530,,,0.7212035059928894,1.021071195602417,0.6717240214347839,0.26860278844833374,0.025572897866368294,0.16779164969921112,0.0596405491232872,0.0596405491232872
530,530,0.034182801842689514,,,,,,,,,
531,531,,,0.7210983037948608,1.0215015411376953,0.6714745759963989,0.26804783940315247,0.025743428617715836,0.16730064153671265,0.05948705971240997,0.05948705971240997
531,531,0.03411561995744705,,,,,,,,,
532,532,,,0.7209951877593994,1.0219321250915527,0.6712273359298706,0.26748988032341003,0.025917064398527145,0.16680708527565002,0.05933331325650215,0.05933331325650215
532,532,0.034048233181238174,,,,,,,,,
533,533,,,0.720894455909729,1.0223631858825684,0.6709825396537781,0.26692894101142883,0.026093628257513046,0.16631099581718445,0.05917932838201523,0.05917932838201523
533,533,0.03398061916232109,,,,,,,,,
534,534,,,0.7207959294319153,1.0227947235107422,0.6707401275634766,0.2663649320602417,0.026273278519511223,0.16581231355667114,0.05902509763836861,0.05902509763836861
534,534,0.033912792801856995,,,,,,,,,
535,535,,,0.7206996083259583,1.023226261138916,0.6704999804496765,0.26579809188842773,0.02645559422671795,0.1653110831975937,0.05887064337730408,0.05887064337730408
535,535,0.03384476527571678,,,,,,,,,
536,536,,,0.7206055521965027,1.023658037185669,0.6702622175216675,0.26522812247276306,0.026640895754098892,0.16480723023414612,0.05871593579649925,0.05871593579649925
536,536,0.03377651050686836,,,,,,,,,
537,537,,,0.7205137610435486,1.024090051651001,0.6700267791748047,0.2646552622318268,0.026829257607460022,0.1643008589744568,0.058561019599437714,0.058561019599437714
537,537,0.03370804339647293,,,,,,,,,
538,538,,,0.7204242944717407,1.0245221853256226,0.6697938442230225,0.26407933235168457,0.02702048420906067,0.16379183530807495,0.05840586870908737,0.05840586870908737
538,538,0.03363936394453049,,,,,,,,,
539,539,,,0.7203370928764343,1.024954080581665,0.669563353061676,0.2635004222393036,0.02721470780670643,0.16328024864196777,0.058250512927770615,0.058250512927770615
539,539,0.03357047587633133,,,,,,,,,
540,540,,,0.7202521562576294,1.025386095046997,0.6693353056907654,0.26291850209236145,0.02741214632987976,0.16276617348194122,0.05809495598077774,0.05809495598077774
540,540,0.03350137919187546,,,,,,,,,
541,541,,,0.7201693654060364,1.0258177518844604,0.6691094040870667,0.26233357191085815,0.027612553909420967,0.16224944591522217,0.05793917179107666,0.05793917179107666
541,541,0.03343207761645317,,,,,,,,,
542,542,,,0.7200888991355896,1.0262492895126343,0.668886125087738,0.2617456316947937,0.02781570702791214,0.1617301106452942,0.05778318643569946,0.05778318643569946
542,542,0.033362582325935364,,,,,,,,,
543,543,,,0.7200108766555786,1.0266804695129395,0.6686654686927795,0.26115474104881287,0.028021957725286484,0.16120822727680206,0.057627033442258835,0.057627033442258835
543,543,0.03329287841916084,,,,,,,,,
544,544,,,0.7199351191520691,1.0271116495132446,0.6684472560882568,0.2605608403682709,0.0282311849296093,0.1606837809085846,0.05747069790959358,0.05747069790959358
544,544,0.0332229882478714,,,,,,,,,
545,545,,,0.7198618054389954,1.027541995048523,0.6682316660881042,0.2599640190601349,0.02844332717359066,0.16015678644180298,0.0573141947388649,0.0573141947388649
545,545,0.03315289318561554,,,,,,,,,
546,546,,,0.719790518283844,1.027971863746643,0.6680183410644531,0.2593642473220825,0.028658483177423477,0.1596272736787796,0.05715752765536308,0.05715752765536308
546,546,0.03308260813355446,,,,,,,,,
547,547,,,0.7197217345237732,1.0284008979797363,0.6678077578544617,0.2587614953517914,0.028877029195427895,0.15909528732299805,0.05700070783495903,0.05700070783495903
547,547,0.03301214054226875,,,,,,,,,
548,548,,,0.7196550965309143,1.0288292169570923,0.6675995588302612,0.2581557631492615,0.02909853495657444,0.15856070816516876,0.05684372037649155,0.05684372037649155
548,548,0.032941482961177826,,,,,,,,,
549,549,,0.032870639115571976,,,,,,,,
549,549,,,0.7195907831192017,1.0292569398880005,0.6673938035964966,0.25754716992378235,0.029322681948542595,0.15802355110645294,0.05668659508228302,0.05668659508228302
549,549,0.032870639115571976,,,,,,,,,
550,550,,,0.7195287942886353,1.0296834707260132,0.6671907901763916,0.25693565607070923,0.0295497328042984,0.15748386085033417,0.05652933940291405,0.05652933940291405
550,550,0.0327996127307415,,,,,,,,,
551,551,,,0.7194691896438599,1.0301092863082886,0.666990339756012,0.2563212513923645,0.029779760167002678,0.15694165229797363,0.056371964514255524,0.056371964514255524
551,551,0.032728422433137894,,,,,,,,,
552,552,,,0.7194120287895203,1.0305339097976685,0.6667926907539368,0.255703866481781,0.030013250187039375,0.1563969999551773,0.05621447414159775,0.05621447414159775
552,552,0.032657064497470856,,,,,,,,,
553,553,,,0.7193570733070374,1.0309571027755737,0.6665976643562317,0.2550835907459259,0.030249789357185364,0.1558498740196228,0.05605688318610191,0.05605688318610191
553,553,0.0325855128467083,,,,,,,,,
554,554,,,0.7193045020103455,1.031378984451294,0.6664053797721863,0.2544604539871216,0.030489211902022362,0.15530019998550415,0.05589918792247772,0.05589918792247772
554,554,0.032513804733753204,,,,,,,,,
555,555,,,0.719254195690155,1.0317999124526978,0.6662154793739319,0.2538345158100128,0.03073156252503395,0.1547480970621109,0.055741406977176666,0.055741406977176666
555,555,0.032441943883895874,,,,,,,,,
556,556,,,0.7192060947418213,1.0322191715240479,0.6660281419754028,0.25320568680763245,0.030976885929703712,0.15419352054595947,0.05558353662490845,0.05558353662490845
556,556,0.03236991539597511,,,,,,,,,
557,557,,,0.7191603183746338,1.0326368808746338,0.6658433675765991,0.2525741755962372,0.031225042417645454,0.15363657474517822,0.05542561411857605,0.05542561411857605
557,557,0.032297734171152115,,,,,,,,,
558,558,,,0.7191169261932373,1.0330528020858765,0.6656613349914551,0.2519398629665375,0.03147611394524574,0.1530771404504776,0.05526763200759888,0.05526763200759888
558,558,0.03222539275884628,,,,,,,,,
559,559,,,0.7190758585929871,1.0334669351577759,0.6654821634292603,0.2513027489185333,0.031730204820632935,0.15251535177230835,0.05510960519313812,0.05510960519313812
559,559,0.0321529284119606,,,,,,,,,
560,560,,,0.7190370559692383,1.0338789224624634,0.6653056144714355,0.2506628632545471,0.031987763941287994,0.15195126831531525,0.05495154857635498,0.05495154857635498
560,560,0.03208029642701149,,,,,,,,,
561,561,,,0.7190003991127014,1.034288763999939,0.6651317477226257,0.250020295381546,0.03224775195121765,0.15138469636440277,0.05479344725608826,0.05479344725608826
561,561,0.032007526606321335,,,,,,,,,
562,562,,,0.7189663052558899,1.0346962213516235,0.6649608016014099,0.24937504529953003,0.03251080960035324,0.15081584453582764,0.05463535338640213,0.05463535338640213
562,562,0.03193464130163193,,,,,,,,,
563,563,,,0.7189343571662903,1.0351017713546753,0.6647924184799194,0.24872702360153198,0.03277672082185745,0.1502445489168167,0.05447722226381302,0.05447722226381302
563,563,0.03186160698533058,,,,,,,,,
564,564,,,0.7189048528671265,1.035504937171936,0.6646268963813782,0.24807646870613098,0.03304542973637581,0.1496710181236267,0.054319124668836594,0.054319124668836594
564,564,0.031788453459739685,,,,,,,,,
565,565,,,0.7188776135444641,1.0359054803848267,0.6644641757011414,0.24742330610752106,0.03331707417964935,0.14909525215625763,0.054161056876182556,0.054161056876182556
565,565,0.03171517327427864,,,,,,,,,
566,566,,,0.7188525199890137,1.036303162574768,0.6643038988113403,0.24676765501499176,0.03359145298600197,0.14851726591587067,0.05400301516056061,0.05400301516056061
566,566,0.031641773879528046,,,,,,,,,
567,567,,,0.7188294529914856,1.0366978645324707,0.6641462445259094,0.24610939621925354,0.0338689424097538,0.14793705940246582,0.05384499579668045,0.05384499579668045
567,567,0.031568266451358795,,,,,,,,,
568,568,,,0.718808650970459,1.0370895862579346,0.6639912724494934,0.24544860422611237,0.0341494120657444,0.1473546326160431,0.05368702858686447,0.05368702858686447
568,568,0.03149465471506119,,,,,,,,,
569,569,,,0.7187901139259338,1.0374782085418701,0.6638391613960266,0.2447853535413742,0.034432604908943176,0.14677004516124725,0.05352912098169327,0.05352912098169327
569,569,0.031420931220054626,,,,,,,,,
570,570,,,0.7187737822532654,1.0378636121749878,0.6636899709701538,0.24411973357200623,0.03471827879548073,0.1461832970380783,0.05337131395936012,0.05337131395936012
570,570,0.0313471183180809,,,,,,,,,
571,571,,,0.7187598347663879,1.0382459163665771,0.6635434031486511,0.24345169961452484,0.03500661253929138,0.14559438824653625,0.05321359261870384,0.05321359261870384
571,571,0.03127320855855942,,,,,,,,,
572,572,,,0.7187480330467224,1.0386245250701904,0.6633998155593872,0.24278134107589722,0.03529813885688782,0.145003542304039,0.05305599421262741,0.05305599421262741
572,572,0.031199216842651367,,,,,,,,,
573,573,,,0.7187384366989136,1.0389994382858276,0.6632589101791382,0.24210865795612335,0.03559240326285362,0.1444106549024582,0.052898507565259933,0.052898507565259933
573,573,0.031125135719776154,,,,,,,,,
574,574,,,0.7187309265136719,1.0393702983856201,0.6631206274032593,0.2414337545633316,0.03588903322815895,0.14381569623947144,0.052741147577762604,0.052741147577762604
574,574,0.03105098381638527,,,,,,,,,
575,575,,,0.7187253832817078,1.0397368669509888,0.66298508644104,0.24075660109519958,0.03618844598531723,0.1432187706232071,0.05258391797542572,0.05258391797542572
575,575,0.030976736918091774,,,,,,,,,
576,576,,,0.718721866607666,1.0400996208190918,0.6628519892692566,0.24007722735404968,0.03649062290787697,0.14261987805366516,0.05242682248353958,0.05242682248353958
576,576,0.030902458354830742,,,,,,,,,
577,577,,,0.7187204360961914,1.0404579639434814,0.6627217531204224,0.2393958419561386,0.03679537773132324,0.14201922714710236,0.05226992815732956,0.05226992815732956
577,577,0.030828101560473442,,,,,,,,,
578,578,,,0.7187212705612183,1.0408118963241577,0.6625943779945374,0.23871248960494995,0.03710249811410904,0.1414167582988739,0.05211324989795685,0.05211324989795685
578,578,0.030753692612051964,,,,,,,,,
579,579,,,0.7187241315841675,1.041161298751831,0.662469744682312,0.23802703619003296,0.037412211298942566,0.14081238210201263,0.051956743001937866,0.051956743001937866
579,579,0.030679233372211456,,,,,,,,,
580,580,,,0.7187289595603943,1.0415059328079224,0.6623478531837463,0.23733963072299957,0.037724338471889496,0.1402062624692917,0.051800452172756195,0.051800452172756195
580,580,0.030604716390371323,,,,,,,,,
581,581,,,0.7187358736991882,1.041845679283142,0.6622287034988403,0.2366502732038498,0.038039207458496094,0.13959839940071106,0.05164438486099243,0.05164438486099243
581,581,0.030530177056789398,,,,,,,,,
582,582,,,0.7187446355819702,1.042179822921753,0.6621122360229492,0.23595909774303436,0.03835637867450714,0.1389889121055603,0.05148855596780777,0.05148855596780777
582,582,0.030455593019723892,,,,,,,,,
583,583,,,0.7187552452087402,1.042508602142334,0.6619982719421387,0.23526613414287567,0.03867614269256592,0.1383778154850006,0.051332972943782806,0.051332972943782806
583,583,0.030380984768271446,,,,,,,,,
584,584,,,0.7187676429748535,1.0428317785263062,0.6618868708610535,0.2345714420080185,0.038997747004032135,0.13776500523090363,0.05117763578891754,0.05117763578891754
584,584,0.030306367203593254,,,,,,,,,
585,585,,,0.7187820076942444,1.043149471282959,0.6617781519889832,0.23387521505355835,0.03932196646928787,0.137150838971138,0.05102262645959854,0.05102262645959854
585,585,0.030231714248657227,,,,,,,,,
586,586,,,0.7187982201576233,1.043461561203003,0.6616721749305725,0.2331773191690445,0.03964803367853165,0.13653506338596344,0.05086789280176163,0.05086789280176163
586,586,0.0301570612937212,,,,,,,,,
587,587,,,0.718816339969635,1.0437675714492798,0.6615688800811768,0.23247793316841125,0.03997665271162987,0.13591797649860382,0.050713490694761276,0.050713490694761276
587,587,0.030082404613494873,,,,,,,,,
588,588,,,0.7188361883163452,1.0440673828125,0.6614682674407959,0.23177702724933624,0.04030774533748627,0.13529951870441437,0.05055940896272659,0.05055940896272659
588,588,0.030007757246494293,,,,,,,,,
589,589,,,0.7188576459884644,1.0443607568740845,0.661370038986206,0.2310747355222702,0.04064086824655533,0.13467976450920105,0.05040566623210907,0.05040566623210907
589,589,0.029933104291558266,,,,,,,,,
590,590,,,0.7188807725906372,1.0446476936340332,0.661274254322052,0.23037119209766388,0.040975697338581085,0.13405869901180267,0.050252269953489304,0.050252269953489304
590,590,0.029858466237783432,,,,,,,,,
591,591,,,0.718905508518219,1.0449274778366089,0.6611810326576233,0.22966639697551727,0.041312240064144135,0.1334363967180252,0.05009923875331879,0.05009923875331879
591,591,0.029783859848976135,,,,,,,,,
592,592,,,0.7189318537712097,1.0452005863189697,0.6610903739929199,0.22896049916744232,0.041650958359241486,0.13281308114528656,0.0499466173350811,0.0499466173350811
592,592,0.02970927208662033,,,,,,,,,
593,593,,,0.7189598679542542,1.0454663038253784,0.6610023379325867,0.22825343906879425,0.04199165105819702,0.132188618183136,0.04979439079761505,0.04979439079761505
593,593,0.029634719714522362,,,,,,,,,
594,594,,,0.7189893126487732,1.0457247495651245,0.6609167456626892,0.22754529118537903,0.042334552854299545,0.131563201546669,0.049642570316791534,0.049642570316791534
594,594,0.029560182243585587,,,,,,,,,
595,595,,,0.7190203070640564,1.045975685119629,0.6608335375785828,0.22683626413345337,0.04267937317490578,0.1309368908405304,0.049491189420223236,0.049491189420223236
595,595,0.029485728591680527,,,,,,,,,
596,596,,,0.7190525531768799,1.0462188720703125,0.6607527732849121,0.22612644731998444,0.04302538186311722,0.13030964136123657,0.049340251833200455,0.049340251833200455
596,596,0.029411301016807556,,,,,,,,,
597,597,,,0.7190862894058228,1.0464544296264648,0.6606742143630981,0.22541587054729462,0.04337245225906372,0.12968145310878754,0.049189768731594086,0.049189768731594086
597,597,0.02933693863451481,,,,,,,,,
598,598,,,0.7191213369369507,1.0466817617416382,0.6605981588363647,0.22470462322235107,0.04372166842222214,0.12905268371105194,0.04903978109359741,0.04903978109359741
598,598,0.02926263026893139,,,,,,,,,
599,599,,0.02918839454650879,,,,,,,,
599,599,,,0.7191574573516846,1.0469008684158325,0.6605242490768433,0.2239927053451538,0.044072482734918594,0.12842315435409546,0.04889025166630745,0.04889025166630745
599,599,0.02918839454650879,,,,,,,,,
600,600,,,0.7191949486732483,1.0471112728118896,0.6604527831077576,0.22328031063079834,0.04442496597766876,0.1277931183576584,0.048741236329078674,0.048741236329078674
600,600,0.029114240780472755,,,,,,,,,
601,601,,,0.7192335724830627,1.047312617301941,0.6603837013244629,0.22256752848625183,0.044779129326343536,0.12716266512870789,0.04859277606010437,0.04859277606010437
601,601,0.029040146619081497,,,,,,,,,
602,602,,,0.7192733287811279,1.047505259513855,0.6603167057037354,0.22185437381267548,0.04513455182313919,0.1265316903591156,0.048444826155900955,0.048444826155900955
602,602,0.028966153040528297,,,,,,,,,
603,603,,,0.7193141579627991,1.0476891994476318,0.6602518558502197,0.2211409956216812,0.04549074172973633,0.12590020895004272,0.04829741269350052,0.04829741269350052
603,603,0.028892237693071365,,,,,,,,,
604,604,,,0.7193558216094971,1.0478638410568237,0.6601890921592712,0.22042754292488098,0.045847948640584946,0.12526848912239075,0.04815056920051575,0.04815056920051575
604,604,0.02881843037903309,,,,,,,,,
605,605,,,0.7193984389305115,1.0480287075042725,0.6601283550262451,0.21971404552459717,0.04620588570833206,0.12463648617267609,0.04800429195165634,0.04800429195165634
605,605,0.028744712471961975,,,,,,,,,
606,606,,,0.7194419503211975,1.048183798789978,0.6600699424743652,0.21900060772895813,0.04656584560871124,0.1240045428276062,0.04785864055156708,0.04785864055156708
606,606,0.02867111936211586,,,,,,,,,
607,607,,,0.7194863557815552,1.0483287572860718,0.660013735294342,0.21828727424144745,0.04692726209759712,0.12337259948253632,0.04771360009908676,0.04771360009908676
607,607,0.028597621247172356,,,,,,,,,
608,608,,,0.7195314764976501,1.048464059829712,0.6599592566490173,0.21757417917251587,0.04728954657912254,0.12274066358804703,0.04756917804479599,0.04756917804479599
608,608,0.028524260967969894,,,,,,,,,
609,609,,,0.7195771336555481,1.0485891103744507,0.6599066257476807,0.2168613076210022,0.04765220358967781,0.12210862338542938,0.04742533713579178,0.04742533713579178
609,609,0.028451014310121536,,,,,,,,,
610,610,,,0.719623327255249,1.0487037897109985,0.6598557233810425,0.2161489576101303,0.04801493510603905,0.12147669494152069,0.0472821444272995,0.0472821444272995
610,610,0.02837788499891758,,,,,,,,,
611,611,,,0.7196701169013977,1.0488077402114868,0.6598067879676819,0.21543729305267334,0.04837871715426445,0.120845265686512,0.04713965207338333,0.04713965207338333
611,611,0.028304897248744965,,,,,,,,,
612,612,,,0.7197173237800598,1.0489006042480469,0.6597596406936646,0.21472623944282532,0.04874345660209656,0.12021423131227493,0.046997830271720886,0.046997830271720886
612,612,0.02823205478489399,,,,,,,,,
613,613,,,0.7197650074958801,1.0489823818206787,0.6597145199775696,0.21401599049568176,0.049109261482954025,0.11958382278680801,0.046856727451086044,0.046856727451086044
613,613,0.028159359470009804,,,,,,,,,
614,614,,,0.7198130488395691,1.0490525960922241,0.6596711277961731,0.21330654621124268,0.04947545379400253,0.1189538836479187,0.04671631380915642,0.04671631380915642
614,614,0.028086811304092407,,,,,,,,,
615,615,,,0.7198610305786133,1.0491117238998413,0.6596289873123169,0.21259798109531403,0.049841322004795074,0.11832430213689804,0.046576548367738724,0.046576548367738724
615,615,0.0280144140124321,,,,,,,,,
616,616,,,0.7199092507362366,1.0491595268249512,0.6595883965492249,0.21189036965370178,0.05020780488848686,0.1176954135298729,0.04643750190734863,0.04643750190734863
616,616,0.027942154556512833,,,,,,,,,
617,617,,,0.7199574708938599,1.049195647239685,0.659549355506897,0.21118400990962982,0.05057495832443237,0.11706747114658356,0.04629921168088913,0.04629921168088913
617,617,0.02787007950246334,,,,,,,,,
618,618,,,0.720005989074707,1.0492193698883057,0.6595121622085571,0.2104790359735489,0.05094239115715027,0.11644062399864197,0.0461617186665535,0.0461617186665535
618,618,0.027798155322670937,,,,,,,,,
619,619,,,0.7200543284416199,1.0492308139801025,0.6594763398170471,0.20977549254894257,0.05130975693464279,0.11581479012966156,0.04602498188614845,0.04602498188614845
619,619,0.027726415544748306,,,,,,,,,
620,620,,,0.7201023101806641,1.0492298603057861,0.6594415903091431,0.20907339453697205,0.051676806062459946,0.11518990993499756,0.045888978987932205,0.045888978987932205
620,620,0.027654843404889107,,,,,,,,,
621,621,,,0.7201499342918396,1.0492162704467773,0.6594080924987793,0.20837286114692688,0.05204391106963158,0.11456616967916489,0.04575374349951744,0.04575374349951744
621,621,0.027583442628383636,,,,,,,,,
622,622,,,0.7201972603797913,1.0491902828216553,0.6593758463859558,0.20767396688461304,0.05241129547357559,0.11394375562667847,0.04561930149793625,0.04561930149793625
622,622,0.027512241154909134,,,,,,,,,
623,623,,,0.7202443480491638,1.0491513013839722,0.6593450903892517,0.20697690546512604,0.052778515964746475,0.11332273483276367,0.04548567160964012,0.04548567160964012
623,623,0.027441205456852913,,,,,,,,,
624,624,,,0.720291018486023,1.0490994453430176,0.6593154668807983,0.20628172159194946,0.05314571037888527,0.11270318180322647,0.045352865010499954,0.045352865010499954
624,624,0.02737037092447281,,,,,,,,,
625,625,,,0.7203370332717896,1.0490343570709229,0.6592869162559509,0.20558863878250122,0.05351272597908974,0.11208529770374298,0.04522088170051575,0.04522088170051575
625,625,0.027299707755446434,,,,,,,,,
626,626,,,0.7203823328018188,1.048956036567688,0.6592592597007751,0.20489779114723206,0.053879160434007645,0.11146912723779678,0.04508975148200989,0.04508975148200989
626,626,0.027229251340031624,,,,,,,,,
627,627,,,0.720426619052887,1.0488635301589966,0.6592323780059814,0.204209104180336,0.054244499653577805,0.11085452139377594,0.044959403574466705,0.044959403574466705
627,627,0.027158992365002632,,,,,,,,,
628,628,,,0.720470130443573,1.0487573146820068,0.6592065095901489,0.20352277159690857,0.0546095184981823,0.1102418303489685,0.044829919934272766,0.044829919934272766
628,628,0.02708892524242401,,,,,,,,,
629,629,,,0.7205126881599426,1.0486371517181396,0.6591814756393433,0.20283880829811096,0.054974645376205444,0.10963113605976105,0.044701285660266876,0.044701285660266876
629,629,0.0270190741866827,,,,,,,,,
630,630,,,0.7205541729927063,1.0485033988952637,0.6591571569442749,0.2021573781967163,0.0553395040333271,0.10902253538370132,0.04457351565361023,0.04457351565361023
630,630,0.026949407532811165,,,,,,,,,
631,631,,,0.7205946445465088,1.0483554601669312,0.6591336131095886,0.20147868990898132,0.05570341646671295,0.10841614007949829,0.04444663226604462,0.04444663226604462
631,631,0.02687995322048664,,,,,,,,,
632,632,,,0.7206337451934814,1.0481934547424316,0.6591105461120605,0.2008027881383896,0.056066274642944336,0.10781192779541016,0.044320620596408844,0.044320620596408844
632,632,0.026810696348547935,,,,,,,,,
633,633,,,0.7206715941429138,1.048016905784607,0.6590880155563354,0.20012977719306946,0.056428179144859314,0.10721007734537125,0.04419548809528351,0.04419548809528351
633,633,0.026741666719317436,,,,,,,,,
634,634,,,0.7207078337669373,1.047825813293457,0.659065842628479,0.19945968687534332,0.05678984150290489,0.1066107451915741,0.04407124221324921,0.04407124221324921
634,634,0.026672840118408203,,,,,,,,,
635,635,,,0.7207427620887756,1.0476199388504028,0.6590443253517151,0.19879268109798431,0.05715043097734451,0.10601393133401871,0.04394789785146713,0.04394789785146713
635,635,0.02660421095788479,,,,,,,,,
636,636,,,0.7207759618759155,1.0473991632461548,0.659023106098175,0.19812875986099243,0.057509973645210266,0.10541965812444687,0.043825432658195496,0.043825432658195496
636,636,0.026535801589488983,,,,,,,,,
637,637,,,0.7208074331283569,1.0471633672714233,0.6590021252632141,0.197468101978302,0.057868849486112595,0.10482816398143768,0.04370387643575668,0.04370387643575668
637,637,0.026467612013220787,,,,,,,,,
638,638,,,0.7208371162414551,1.046912431716919,0.6589815020561218,0.19681082665920258,0.05822628363966942,0.10423945635557175,0.0435832217335701,0.0435832217335701
638,638,0.026399625465273857,,,,,,,,,
639,639,,,0.7208648920059204,1.0466464757919312,0.6589609384536743,0.1961570382118225,0.05858296900987625,0.10365379601716995,0.04346350580453873,0.04346350580453873
639,639,0.02633185312151909,,,,,,,,,
640,640,,,0.7208906412124634,1.0463656187057495,0.658940315246582,0.19550687074661255,0.05893828719854355,0.10307113081216812,0.04334469512104988,0.04334469512104988
640,640,0.02626429870724678,,,,,,,,,
641,641,,,0.720914363861084,1.0460693836212158,0.6589198112487793,0.1948603391647339,0.05929189547896385,0.10249149799346924,0.043226804584264755,0.043226804584264755
641,641,0.026196958497166634,,,,,,,,,
642,642,,,0.7209358811378479,1.045757532119751,0.6588992476463318,0.1942174732685089,0.059644877910614014,0.10191512852907181,0.04310983046889305,0.04310983046889305
642,642,0.026129813864827156,,,,,,,,,
643,643,,,0.7209548950195312,1.0454301834106445,0.6588782668113708,0.19357840716838837,0.05999703332781792,0.10134205967187881,0.04299376532435417,0.04299376532435417
643,643,0.026062902063131332,,,,,,,,,
644,644,,,0.7209715247154236,1.045087218284607,0.6588572263717651,0.19294320046901703,0.0603480339050293,0.10077237337827682,0.04287862032651901,0.04287862032651901
644,644,0.025996191427111626,,,,,,,,,
645,645,,,0.7209858298301697,1.0447285175323486,0.6588360667228699,0.19231201708316803,0.06069730967283249,0.10020612180233002,0.04276441037654877,0.04276441037654877
645,645,0.025929689407348633,,,,,,,,,
646,646,,,0.7209975719451904,1.0443538427352905,0.6588146686553955,0.19168494641780853,0.06104453280568123,0.09964331984519958,0.04265112429857254,0.04265112429857254
646,646,0.02586340345442295,,,,,,,,,
647,647,,,0.7210066318511963,1.0439634323120117,0.6587928533554077,0.1910620480775833,0.06139063462615013,0.09908425062894821,0.04253877326846123,0.04253877326846123
647,647,0.025797327980399132,,,,,,,,,
648,648,,,0.7210128903388977,1.0435572862625122,0.6587704420089722,0.19044336676597595,0.06173565611243248,0.09852895140647888,0.04242734611034393,0.04242734611034393
648,648,0.02573145553469658,,,,,,,,,
649,649,,0.02566579170525074,,,,,,,,
649,649,,,0.7210161685943604,1.0431352853775024,0.6587475538253784,0.18982897698879242,0.06207974627614021,0.09797756373882294,0.04231685400009155,0.04231685400009155
649,649,0.02566579170525074,,,,,,,,,
650,650,,,0.7210165858268738,1.0426973104476929,0.6587239503860474,0.18921895325183868,0.06242199242115021,0.09742999821901321,0.042207270860672,0.042207270860672
650,650,0.025600314140319824,,,,,,,,,
651,651,,,0.7210136651992798,1.042243480682373,0.6586993932723999,0.18861331045627594,0.06276267021894455,0.0968862995505333,0.04209858179092407,0.04209858179092407
651,651,0.025535061955451965,,,,,,,,,
652,652,,,0.7210076451301575,1.041773796081543,0.6586741209030151,0.1880122423171997,0.06310184299945831,0.09634667634963989,0.04199082404375076,0.04199082404375076
652,652,0.025469988584518433,,,,,,,,,
653,653,,,0.7209984660148621,1.0412877798080444,0.6586482524871826,0.18741576373577118,0.06343900412321091,0.09581111371517181,0.041883982717990875,0.041883982717990875
653,653,0.025405123829841614,,,,,,,,,
654,654,,,0.7209860682487488,1.0407854318618774,0.6586216688156128,0.18682390451431274,0.0637749508023262,0.09527982026338577,0.041778068989515305,0.041778068989515305
654,654,0.02534044347703457,,,,,,,,,
655,655,,,0.7209701538085938,1.0402673482894897,0.6585940718650818,0.18623672425746918,0.06410960853099823,0.09475284069776535,0.04167306423187256,0.04167306423187256
655,655,0.025275960564613342,,,,,,,,,
656,656,,,0.7209505438804626,1.039732813835144,0.6585654616355896,0.18565435707569122,0.06444329023361206,0.0942302793264389,0.041568972170352936,0.041568972170352936
656,656,0.025211673229932785,,,,,,,,,
657,657,,,0.7209274768829346,1.039182186126709,0.6585358381271362,0.18507680296897888,0.06477481126785278,0.09371206164360046,0.04146578535437584,0.04146578535437584
657,657,0.025147557258605957,,,,,,,,,
658,658,,,0.7209006547927856,1.0386157035827637,0.6585049033164978,0.18450409173965454,0.065104179084301,0.09319820255041122,0.04136347025632858,0.04136347025632858
658,658,0.025083640590310097,,,,,,,,,
659,659,,,0.7208698391914368,1.038033366203308,0.6584726572036743,0.18393626809120178,0.06543230265378952,0.09268886595964432,0.04126204550266266,0.04126204550266266
659,659,0.02501988410949707,,,,,,,,,
660,660,,,0.7208350300788879,1.0374349355697632,0.6584389209747314,0.18337340652942657,0.06575924158096313,0.09218420833349228,0.04116149991750717,0.04116149991750717
660,660,0.02495630644261837,,,,,,,,,
661,661,,,0.720796525478363,1.0368200540542603,0.6584043502807617,0.1828155517578125,0.06608495116233826,0.09168431162834167,0.04106186330318451,0.04106186330318451
661,661,0.02489289827644825,,,,,,,,,
662,662,,,0.7207538485527039,1.0361891984939575,0.6583682894706726,0.18226273357868195,0.06640864163637161,0.09118907898664474,0.04096309468150139,0.04096309468150139
662,662,0.024829672649502754,,,,,,,,,
663,663,,,0.7207071185112,1.0355424880981445,0.6583308577537537,0.1817149817943573,0.06673046946525574,0.09069850295782089,0.040865182876586914,0.040865182876586914
663,663,0.0247665923088789,,,,,,,,,
664,664,,,0.7206560373306274,1.03488028049469,0.6582918763160706,0.18117235600948334,0.06705120205879211,0.0902128517627716,0.04076814651489258,0.04076814651489258
664,664,0.024703679606318474,,,,,,,,,
665,665,,,0.7206004858016968,1.034201979637146,0.6582510471343994,0.18063481152057648,0.06736954301595688,0.0897318497300148,0.04067192226648331,0.04067192226648331
665,665,0.024640921503305435,,,,,,,,,
666,666,,,0.7205405831336975,1.0335078239440918,0.6582087278366089,0.1801024228334427,0.06768707185983658,0.08925595879554749,0.04057656228542328,0.04057656228542328
666,666,0.024578317999839783,,,,,,,,,
667,667,,,0.7204762101173401,1.0327976942062378,0.6581646800041199,0.17957527935504913,0.06800314038991928,0.08878505229949951,0.0404820442199707,0.0404820442199707
667,667,0.02451585978269577,,,,,,,,,
668,668,,,0.720407247543335,1.032071828842163,0.6581189632415771,0.17905336618423462,0.06831806153059006,0.08831919729709625,0.04038836434483528,0.04038836434483528
668,668,0.02445354498922825,,,,,,,,,
669,669,,,0.7203335762023926,1.0313303470611572,0.6580715775489807,0.17853666841983795,0.06863114982843399,0.08785835653543472,0.04029550030827522,0.04029550030827522
669,669,0.02439136430621147,,,,,,,,,
670,670,,,0.7202552556991577,1.0305734872817993,0.6580221652984619,0.17802520096302032,0.06894198805093765,0.08740239590406418,0.04020342603325844,0.04020342603325844
670,670,0.02432931773364544,,,,,,,,,
671,671,,,0.7201721668243408,1.0298014879226685,0.6579708456993103,0.17751891911029816,0.0692516341805458,0.08695154637098312,0.04011215269565582,0.04011215269565582
671,671,0.024267401546239853,,,,,,,,,
672,672,,,0.720084011554718,1.0290141105651855,0.6579174995422363,0.17701788246631622,0.06956011801958084,0.08650585263967514,0.04002166539430618,0.04002166539430618
672,672,0.024205613881349564,,,,,,,,,
673,673,,,0.7199909090995789,1.0282114744186401,0.6578621864318848,0.1765221804380417,0.06986766308546066,0.08606547117233276,0.039931975305080414,0.039931975305080414
673,673,0.024143941700458527,,,,,,,,,
674,674,,,0.7198927402496338,1.0273935794830322,0.6578047275543213,0.17603176832199097,0.07017330080270767,0.08563023805618286,0.03984304890036583,0.03984304890036583
674,674,0.024082371965050697,,,,,,,,,
675,675,,,0.7197895646095276,1.0265604257583618,0.6577452421188354,0.17554661631584167,0.07047703117132187,0.08520016074180603,0.03975487872958183,0.03975487872958183
675,675,0.024020927026867867,,,,,,,,,
676,676,,,0.719680905342102,1.025712490081787,0.6576833724975586,0.17506669461727142,0.07077962905168533,0.08477520197629929,0.03966743126511574,0.03966743126511574
676,676,0.023959573358297348,,,,,,,,,
677,677,,,0.719567060470581,1.0248496532440186,0.6576191782951355,0.17459197342395782,0.07108122110366821,0.08435548096895218,0.03958071768283844,0.03958071768283844
677,677,0.023898335173726082,,,,,,,,,
678,678,,,0.719447910785675,1.0239723920822144,0.6575528383255005,0.17412257194519043,0.07138104736804962,0.08394107222557068,0.03949473798274994,0.03949473798274994
678,678,0.023837173357605934,,,,,,,,,
679,679,,,0.7193236947059631,1.0230803489685059,0.6574844717979431,0.17365838587284088,0.07167983055114746,0.08353198319673538,0.03940949961543083,0.03940949961543083
679,679,0.023776108399033546,,,,,,,,,
680,680,,,0.7191937565803528,1.0221740007400513,0.6574136018753052,0.17319940030574799,0.0719773918390274,0.08312813192605972,0.03932494670152664,0.03932494670152664
680,680,0.023715125396847725,,,,,,,,,
681,681,,,0.7190581560134888,1.0212538242340088,0.657339870929718,0.17274561524391174,0.07227379828691483,0.08272945880889893,0.039241060614585876,0.039241060614585876
681,681,0.023654218763113022,,,,,,,,,
682,682,,,0.7189170122146606,1.0203193426132202,0.6572637557983398,0.17229704558849335,0.07256843894720078,0.08233602344989777,0.03915785253047943,0.03915785253047943
682,682,0.02359338477253914,,,,,,,,,
683,683,,,0.7187700867652893,1.0193705558776855,0.6571851372718811,0.17185360193252563,0.07286197692155838,0.08194795250892639,0.03907530754804611,0.03907530754804611
683,683,0.02353261224925518,,,,,,,,,
684,684,,,0.7186174392700195,1.018407940864563,0.6571038961410522,0.17141525447368622,0.07315416634082794,0.08156505972146988,0.03899340331554413,0.03899340331554413
684,684,0.023471903055906296,,,,,,,,,
685,685,,,0.7184591293334961,1.0174317359924316,0.6570201516151428,0.17098204791545868,0.073445625603199,0.0811874121427536,0.03891213983297348,0.03891213983297348
685,685,0.023411262780427933,,,,,,,,,
686,686,,,0.7182948589324951,1.0164421796798706,0.656933605670929,0.17055387794971466,0.07373553514480591,0.08081494271755219,0.03883149474859238,0.03883149474859238
686,686,0.0233506690710783,,,,,,,,,
687,687,,,0.7181248068809509,1.0154392719268799,0.6568443775177002,0.17013069987297058,0.0740242749452591,0.08044770359992981,0.03875145688652992,0.03875145688652992
687,687,0.023290105164051056,,,,,,,,,
688,688,,,0.7179487347602844,1.0144233703613281,0.656752347946167,0.16971257328987122,0.07431215792894363,0.08008573949337006,0.038672029972076416,0.038672029972076416
688,688,0.023229600861668587,,,,,,,,,
689,689,,,0.7177664041519165,1.0133947134017944,0.6566571593284607,0.1692994087934494,0.07459858804941177,0.0797288715839386,0.03859315812587738,0.03859315812587738
689,689,0.02316911518573761,,,,,,,,,
690,690,,,0.7175779938697815,1.0123533010482788,0.6565589904785156,0.16889114677906036,0.07488365471363068,0.07937701791524887,0.03851483017206192,0.03851483017206192
690,690,0.023108674213290215,,,,,,,,,
691,691,,,0.7173833847045898,1.0112990140914917,0.656457781791687,0.16848769783973694,0.07516760379076004,0.07903032749891281,0.03843705356121063,0.03843705356121063
691,691,0.023048250004649162,,,,,,,,,
692,692,,,0.7171826958656311,1.0102322101593018,0.6563538312911987,0.16808907687664032,0.07545101642608643,0.07868888229131699,0.03835982829332352,0.03835982829332352
692,692,0.022987838834524155,,,,,,,,,
693,693,,,0.7169756889343262,1.0091533660888672,0.6562469005584717,0.1676953136920929,0.0757332518696785,0.07835238426923752,0.03828313574194908,0.03828313574194908
693,693,0.022927450016140938,,,,,,,,,
694,694,,,0.7167625427246094,1.008062481880188,0.6561369895935059,0.16730625927448273,0.0760141909122467,0.07802091538906097,0.038206957280635834,0.038206957280635834
694,694,0.02286705933511257,,,,,,,,,
695,695,,,0.7165429592132568,1.0069597959518433,0.6560237407684326,0.16692186892032623,0.0762936919927597,0.07769440114498138,0.03813125193119049,0.03813125193119049
695,695,0.02280668541789055,,,,,,,,,
696,696,,,0.7163168787956238,1.005845546722412,0.6559072136878967,0.16654206812381744,0.07657276839017868,0.07737284153699875,0.03805602341890335,0.03805602341890335
696,696,0.022746305912733078,,,,,,,,,
697,697,,,0.7160841226577759,1.004719853401184,0.6557871103286743,0.16616682708263397,0.07685056328773499,0.0770561471581459,0.03798123449087143,0.03798123449087143
697,697,0.022685913369059563,,,,,,,,,
698,698,,,0.7158448100090027,1.0035830736160278,0.6556636095046997,0.16579607129096985,0.07712756842374802,0.07674438506364822,0.03790689632296562,0.03790689632296562
698,698,0.0226255152374506,,,,,,,,,
699,699,,0.022565094754099846,,,,,,,,
699,699,,,0.7155990600585938,1.0024352073669434,0.6555367708206177,0.16542981564998627,0.07740336656570435,0.07643740624189377,0.037832994014024734,0.037832994014024734
699,699,0.022565094754099846,,,,,,,,,
700,700,,,0.71534663438797,1.0012768507003784,0.655406653881073,0.16506795585155487,0.07767807692289352,0.07613514363765717,0.03775951266288757,0.03775951266288757
700,700,0.022504650056362152,,,,,,,,,
701,701,,,0.7150876522064209,1.000108003616333,0.6552730798721313,0.1647104173898697,0.07795126736164093,0.07583751529455185,0.03768642619252205,0.03768642619252205
701,701,0.02244418114423752,,,,,,,,,
702,702,,,0.7148218750953674,0.9989287257194519,0.6551359295845032,0.16435712575912476,0.07822322100400925,0.07554447650909424,0.03761371597647667,0.03761371597647667
702,702,0.02238367311656475,,,,,,,,,
703,703,,,0.7145493030548096,0.9977388978004456,0.6549950242042542,0.1640080064535141,0.07849502563476562,0.07525618374347687,0.03754137456417084,0.03754137456417084
703,703,0.022323131561279297,,,,,,,,,
704,704,,,0.714269757270813,0.9965395331382751,0.6548503041267395,0.16366302967071533,0.0787658542394638,0.07497242093086243,0.03746937960386276,0.03746937960386276
704,704,0.02226255275309086,,,,,,,,,
705,705,,,0.7139832973480225,0.9953306913375854,0.6547016501426697,0.16332213580608368,0.07903559505939484,0.07469312101602554,0.03739771619439125,0.03739771619439125
705,705,0.022201918065547943,,,,,,,,,
706,706,,,0.7136899828910828,0.9941123723983765,0.654549241065979,0.16298522055149078,0.07930358499288559,0.07441817224025726,0.03732636570930481,0.03732636570930481
706,706,0.022141233086586,,,,,,,,,
707,707,,,0.7133895754814148,0.9928851127624512,0.6543927192687988,0.16265223920345306,0.07956991344690323,0.07414738088846207,0.03725530207157135,0.03725530207157135
707,707,0.022080494090914726,,,,,,,,,
708,708,,,0.7130822539329529,0.9916492700576782,0.6542324423789978,0.16232305765151978,0.07983577996492386,0.0738808885216713,0.03718453645706177,0.03718453645706177
708,708,0.02201969176530838,,,,,,,,,
709,709,,,0.7127678990364075,0.9904038906097412,0.6540682911872864,0.1619977056980133,0.08010118454694748,0.07361885905265808,0.03711405768990517,0.03711405768990517
709,709,0.02195882610976696,,,,,,,,,
710,710,,,0.7124464511871338,0.9891498684883118,0.6539000272750854,0.16167598962783813,0.08036530017852783,0.07336096465587616,0.03704382851719856,0.03704382851719856
710,710,0.02189788408577442,,,,,,,,,
711,711,,,0.7121176719665527,0.987887978553772,0.6537271738052368,0.16135795414447784,0.08062819391489029,0.07310706377029419,0.036973822861909866,0.036973822861909866
711,711,0.021836869418621063,,,,,,,,,
712,712,,,0.7117816209793091,0.9866182804107666,0.6535500884056091,0.1610434502363205,0.08088918030261993,0.07285695523023605,0.03690401837229729,0.03690401837229729
712,712,0.021775774657726288,,,,,,,,,
713,713,,,0.7114384174346924,0.9853411316871643,0.6533685922622681,0.1607324331998825,0.08114854991436005,0.07261072844266891,0.036834415048360825,0.036834415048360825
713,713,0.021714596077799797,,,,,,,,,
714,714,,,0.7110880017280579,0.9840561747550964,0.6531829237937927,0.16042479872703552,0.08140746504068375,0.07236851006746292,0.036765024065971375,0.036765024065971375
714,714,0.02165333181619644,,,,,,,,,
715,715,,,0.7107301950454712,0.9827638268470764,0.6529926657676697,0.16012051701545715,0.08166534453630447,0.07213006913661957,0.036695804446935654,0.036695804446935654
715,715,0.021591972559690475,,,,,,,,,
716,716,,,0.7103649377822876,0.9814644455909729,0.6527976393699646,0.15981948375701904,0.08192181587219238,0.0718952864408493,0.036626726388931274,0.036626726388931274
716,716,0.0215305145829916,,,,,,,,,
717,717,,,0.7099922299385071,0.9801585078239441,0.6525980234146118,0.15952160954475403,0.08217641711235046,0.0716640055179596,0.03655778244137764,0.03655778244137764
717,717,0.021468957886099815,,,,,,,,,
718,718,,,0.7096120119094849,0.9788461923599243,0.6523934602737427,0.15922681987285614,0.08242947608232498,0.07143620401620865,0.03648895025253296,0.03648895025253296
718,718,0.021407300606369972,,,,,,,,,
719,719,,,0.7092243432998657,0.9775275588035583,0.6521840691566467,0.15893502533435822,0.08268147706985474,0.07121190428733826,0.03642022982239723,0.03642022982239723
719,719,0.02134552225470543,,,,,,,,,
720,720,,,0.7088289260864258,0.9762027859687805,0.6519696712493896,0.15864621102809906,0.08293198049068451,0.07099097967147827,0.03635159134864807,0.03635159134864807
720,720,0.02128363773226738,,,,,,,,,
721,721,,,0.7084261178970337,0.9748721718788147,0.6517503261566162,0.15836021304130554,0.08318120241165161,0.07077335566282272,0.03628303110599518,0.03628303110599518
721,721,0.021221643313765526,,,,,,,,,
722,722,,,0.7080156207084656,0.9735358953475952,0.6515259146690369,0.15807700157165527,0.0834285095334053,0.07055885344743729,0.03621452674269676,0.03621452674269676
722,722,0.021159522235393524,,,,,,,,,
723,723,,,0.7075973153114319,0.9721943140029907,0.6512961983680725,0.1577964574098587,0.08367405086755753,0.07034745812416077,0.036146048456430435,0.036146048456430435
723,723,0.021097274497151375,,,,,,,,,
724,724,,,0.7071713805198669,0.9708479642868042,0.6510610580444336,0.15751853585243225,0.08391769975423813,0.07013899832963943,0.0360775887966156,0.0360775887966156
724,724,0.021034905686974525,,,,,,,,,
725,725,,,0.7067374587059021,0.9694968461990356,0.650820255279541,0.15724311769008636,0.08415965735912323,0.06993342936038971,0.03600911796092987,0.03600911796092987
725,725,0.02097240276634693,,,,,,,,,
726,726,,,0.7062957286834717,0.9681410789489746,0.6505739688873291,0.15697018802165985,0.08439995348453522,0.06973079591989517,0.03594064712524414,0.03594064712524414
726,726,0.020909767597913742,,,,,,,,,
727,727,,,0.7058461904525757,0.9667809009552002,0.6503220200538635,0.15669959783554077,0.08463839441537857,0.0695309117436409,0.03587214648723602,0.03587214648723602
727,727,0.020846983417868614,,,,,,,,,
728,728,,,0.7053887248039246,0.9654169082641602,0.6500642895698547,0.15643131732940674,0.08487507700920105,0.06933364272117615,0.03580359369516373,0.03580359369516373
728,728,0.020784074440598488,,,,,,,,,
729,729,,,0.7049232125282288,0.9640494585037231,0.6498005390167236,0.15616518259048462,0.08510911464691162,0.06913883239030838,0.03573496639728546,0.03573496639728546
729,729,0.020721014589071274,,,,,,,,,
730,730,,,0.7044497728347778,0.962678074836731,0.6495308876037598,0.15590119361877441,0.08534086495637894,0.0689464583992958,0.03566626086831093,0.03566626086831093
730,730,0.020657802000641823,,,,,,,,,
731,731,,,0.7039685249328613,0.961303174495697,0.6492554545402527,0.15563924610614777,0.08557074517011642,0.06875662505626678,0.03559747710824013,0.03559747710824013
731,731,0.020594453439116478,,,,,,,,,
732,732,,,0.7034788727760315,0.9599252939224243,0.6489734053611755,0.1553792804479599,0.08579869568347931,0.06856905668973923,0.03552856668829918,0.03552856668829918
732,732,0.02053094655275345,,,,,,,,,
733,733,,,0.7029809355735779,0.9585447907447815,0.6486848592758179,0.15512117743492126,0.08602427691221237,0.06838363409042358,0.03545951098203659,0.03545951098203659
733,733,0.020467273890972137,,,,,,,,,
734,734,,,0.7024748921394348,0.9571617841720581,0.6483898162841797,0.1548648476600647,0.08624662458896637,0.0682002529501915,0.035390302538871765,0.035390302538871765
734,734,0.020403452217578888,,,,,,,,,
735,735,,,0.7019607424736023,0.9557765126228333,0.6480884552001953,0.15461023151874542,0.08646661043167114,0.06801893562078476,0.035320945084095,0.035320945084095
735,735,0.020339475944638252,,,,,,,,,
736,736,,,0.7014381289482117,0.9543895125389099,0.6477801203727722,0.15435728430747986,0.08668413758277893,0.06783945113420486,0.03525139391422272,0.03525139391422272
736,736,0.020275328308343887,,,,,,,,,
737,737,,,0.7009073495864868,0.9530001878738403,0.6474652290344238,0.15410585701465607,0.08689910918474197,0.06766190379858017,0.03518166393041611,0.03518166393041611
737,737,0.02021101862192154,,,,,,,,,
738,738,,,0.7003679275512695,0.951609194278717,0.6471434235572815,0.15385591983795166,0.08711142092943192,0.06748614460229874,0.03511171415448189,0.03511171415448189
738,738,0.020146533846855164,,,,,,,,,
739,739,,,0.6998202800750732,0.950217068195343,0.6468147039413452,0.15360738337039948,0.087320975959301,0.06731197237968445,0.03504154831171036,0.03504154831171036
739,739,0.020081881433725357,,,,,,,,,
740,740,,,0.6992642283439636,0.9488239884376526,0.6464792490005493,0.15336015820503235,0.08752699196338654,0.06713933497667313,0.03497115522623062,0.03497115522623062
740,740,0.020017055794596672,,,,,,,,,
741,741,,,0.6986995935440063,0.9474300742149353,0.6461367607116699,0.15311415493488312,0.0877295657992363,0.06696803867816925,0.034900493919849396,0.034900493919849396
741,741,0.01995205692946911,,,,,,,,,
742,742,,,0.6981265544891357,0.9460353255271912,0.6457875370979309,0.152869313955307,0.08792950212955475,0.06679823249578476,0.03482959419488907,0.03482959419488907
742,742,0.01988687366247177,,,,,,,,,
743,743,,,0.6975447535514832,0.944640576839447,0.6454309821128845,0.15262554585933685,0.08812619745731354,0.06662970036268234,0.03475841134786606,0.03475841134786606
743,743,0.019821513444185257,,,,,,,,,
744,744,,,0.6969543695449829,0.9432455897331238,0.6450672149658203,0.1523827612400055,0.0883193165063858,0.06646237522363663,0.03468693047761917,0.03468693047761917
744,744,0.019755981862545013,,,,,,,,,
745,745,,,0.6963551640510559,0.9418505430221558,0.6446961164474487,0.15214091539382935,0.0885087326169014,0.06629610061645508,0.03461514413356781,0.03461514413356781
745,745,0.019690267741680145,,,,,,,,,
746,746,,,0.6957472562789917,0.9404557943344116,0.6443178057670593,0.15189991891384125,0.08869442343711853,0.06613077223300934,0.03454303368926048,0.03454303368926048
746,746,0.01962435618042946,,,,,,,,,
747,747,,,0.695130467414856,0.9390617609024048,0.6439319849014282,0.15165963768959045,0.08887644857168198,0.06596632301807404,0.034470587968826294,0.034470587968826294
747,747,0.019558273255825043,,,,,,,,,
748,748,,,0.6945050358772278,0.9376682639122009,0.6435389518737793,0.15142008662223816,0.08905452489852905,0.06580281257629395,0.03439781442284584,0.03439781442284584
748,748,0.019491996616125107,,,,,,,,,
749,749,,0.019425539299845695,,,,,,,,
749,749,,,0.6938707232475281,0.9362760782241821,0.6431382894515991,0.1511811465024948,0.08922887593507767,0.06564000993967056,0.03432468697428703,0.03432468697428703
749,749,0.019425539299845695,,,,,,,,,
750,750,,,0.6932274103164673,0.9348852634429932,0.6427299380302429,0.15094271302223206,0.08939933031797409,0.06547785550355911,0.034251175820827484,0.034251175820827484
750,750,0.01935889758169651,,,,,,,,,
751,751,,,0.6925749778747559,0.9334961175918579,0.6423137187957764,0.15070472657680511,0.0895654708147049,0.06531621515750885,0.0341772735118866,0.0341772735118866
751,751,0.019292041659355164,,,,,,,,,
752,752,,,0.6919135451316833,0.9321082234382629,0.6418896317481995,0.15046711266040802,0.08972666412591934,0.065155029296875,0.03410296142101288,0.03410296142101288
752,752,0.019225016236305237,,,,,,,,,
753,753,,,0.6912429928779602,0.9307224154472351,0.6414576172828674,0.1502297967672348,0.08988392353057861,0.064994215965271,0.03402823582291603,0.03402823582291603
753,753,0.019157785922288895,,,,,,,,,
754,754,,,0.6905633211135864,0.9293389320373535,0.6410176157951355,0.1499927043914795,0.09003625065088272,0.0648336261510849,0.03395308181643486,0.03395308181643486
754,754,0.019090374931693077,,,,,,,,,
755,755,,,0.6898745894432068,0.9279579520225525,0.6405697464942932,0.14975577592849731,0.09018396586179733,0.06467331945896149,0.033877503126859665,0.033877503126859665
755,755,0.019022764638066292,,,,,,,,,
756,756,,,0.6891764998435974,0.9265793561935425,0.6401135325431824,0.1495189070701599,0.09032687544822693,0.06451310962438583,0.03380145877599716,0.03380145877599716
756,756,0.018954969942569733,,,,,,,,,
757,757,,,0.6884691119194031,0.9252039194107056,0.639648973941803,0.1492820382118225,0.09046481549739838,0.06435292959213257,0.03372494876384735,0.03372494876384735
757,757,0.018886972218751907,,,,,,,,,
758,758,,,0.6877523064613342,0.9238311648368835,0.6391759514808655,0.14904510974884033,0.09059788286685944,0.06419267505407333,0.03364795446395874,0.03364795446395874
758,758,0.018818778917193413,,,,,,,,,
759,759,,,0.6870260834693909,0.9224616289138794,0.6386944651603699,0.14880803227424622,0.09072553366422653,0.06403224915266037,0.033570460975170135,0.033570460975170135
759,759,0.018750399351119995,,,,,,,,,
760,760,,,0.686290442943573,0.9210956692695618,0.6382045149803162,0.148570716381073,0.09084758162498474,0.06387161463499069,0.03349246829748154,0.03349246829748154
760,760,0.01868181861937046,,,,,,,,,
761,761,,,0.6855452656745911,0.9197336435317993,0.63770592212677,0.1483331322669983,0.09096428751945496,0.06371069699525833,0.03341396152973175,0.03341396152973175
761,761,0.018613053485751152,,,,,,,,,
762,762,,,0.6847906708717346,0.918375551700592,0.6371986269950867,0.14809517562389374,0.09107588231563568,0.06354929506778717,0.03333492577075958,0.03333492577075958
762,762,0.018544085323810577,,,,,,,,,
763,763,,,0.684026300907135,0.9170214533805847,0.6366823315620422,0.14785677194595337,0.09118159115314484,0.06338746845722198,0.03325534239411354,0.03325534239411354
763,763,0.01847493089735508,,,,,,,,,
764,764,,,0.6832523345947266,0.9156714081764221,0.6361571550369263,0.14761784672737122,0.09128101170063019,0.06322513520717621,0.03317520022392273,0.03317520022392273
764,764,0.018405580893158913,,,,,,,,,
765,765,,,0.6824684143066406,0.9143263101577759,0.6356226801872253,0.1473783552646637,0.09137449413537979,0.0630621612071991,0.03309448063373566,0.03309448063373566
765,765,0.018336040899157524,,,,,,,,,
766,766,,,0.681674599647522,0.9129860997200012,0.6350788474082947,0.14713819324970245,0.0914621651172638,0.06289834529161453,0.03301317244768143,0.03301317244768143
766,766,0.01826629787683487,,,,,,,,,
767,767,,,0.6808709502220154,0.911651074886322,0.6345258355140686,0.1468973159790039,0.09154349565505981,0.06273368000984192,0.03293127566576004,0.03293127566576004
767,767,0.018196385353803635,,,,,,,,,
768,768,,,0.6800576448440552,0.9103208780288696,0.6339637041091919,0.14665564894676208,0.09161853790283203,0.06256836652755737,0.032848794013261795,0.032848794013261795
768,768,0.018126273527741432,,,,,,,,,
769,769,,,0.679234504699707,0.908995509147644,0.6333923935890198,0.14641308784484863,0.09168682992458344,0.062402162700891495,0.0327657088637352,0.0327657088637352
769,769,0.018055977299809456,,,,,,,,,
770,770,,,0.678400993347168,0.9076758623123169,0.6328110694885254,0.14616961777210236,0.09174899756908417,0.062234725803136826,0.032681964337825775,0.032681964337825775
770,770,0.01798548921942711,,,,,,,,,
771,771,,,0.6775572299957275,0.9063618183135986,0.6322199106216431,0.1459251344203949,0.09180419147014618,0.06206607446074486,0.03259757161140442,0.03259757161140442
771,771,0.017914816737174988,,,,,,,,,
772,772,,,0.6767032742500305,0.9050541520118713,0.6316189765930176,0.14567960798740387,0.09185188263654709,0.06189637631177902,0.03251252695918083,0.03251252695918083
772,772,0.01784396730363369,,,,,,,,,
773,773,,,0.6758389472961426,0.9037526845932007,0.6310078501701355,0.14543288946151733,0.09189282357692719,0.061725515872240067,0.03242681175470352,0.03242681175470352
773,773,0.017772937193512917,,,,,,,,,
774,774,,,0.6749642491340637,0.9024574160575867,0.6303865909576416,0.14518502354621887,0.09192737191915512,0.061553291976451874,0.03234042972326279,0.03234042972326279
774,774,0.01770172268152237,,,,,,,,,
775,775,,,0.674079179763794,0.901168942451477,0.6297552585601807,0.14493584632873535,0.09195469319820404,0.06137964501976967,0.032253362238407135,0.032253362238407135
775,775,0.017630331218242645,,,,,,,,,
776,776,,,0.6731839179992676,0.8998867273330688,0.629114031791687,0.14468532800674438,0.09197439253330231,0.061204567551612854,0.032165609300136566,0.032165609300136566
776,776,0.017558768391609192,,,,,,,,,
777,777,,,0.6722783446311951,0.8986114263534546,0.6284626722335815,0.14443334937095642,0.09198612719774246,0.061027977615594864,0.03207716345787048,0.03207716345787048
777,777,0.01748703420162201,,,,,,,,,
778,778,,,0.6713617444038391,0.8973432183265686,0.6278002858161926,0.14417995512485504,0.0919906347990036,0.06084975227713585,0.03198797628283501,0.03198797628283501
778,778,0.017415130510926247,,,,,,,,,
779,779,,,0.670434296131134,0.89608234167099,0.6271271109580994,0.1439250111579895,0.09198755025863647,0.06066984683275223,0.031898047775030136,0.031898047775030136
779,779,0.017343055456876755,,,,,,,,,
780,780,,,0.6694958209991455,0.8948290944099426,0.6264427900314331,0.1436685025691986,0.09197662025690079,0.060488320887088776,0.031807370483875275,0.031807370483875275
780,780,0.01727081835269928,,,,,,,,,
781,781,,,0.668546736240387,0.8935829997062683,0.6257479190826416,0.14341026544570923,0.09195826947689056,0.060305122286081314,0.031715959310531616,0.031715959310531616
781,781,0.01719842478632927,,,,,,,,,
782,782,,,0.6675866842269897,0.8923449516296387,0.625042200088501,0.14315031468868256,0.09193187206983566,0.06012003868818283,0.03162379935383797,0.03162379935383797
782,782,0.017125871032476425,,,,,,,,,
783,783,,,0.6666159629821777,0.8911150097846985,0.624325692653656,0.14288856089115143,0.09189716726541519,0.05993295833468437,0.03153088688850403,0.03153088688850403
783,783,0.017053162679076195,,,,,,,,,
784,784,,,0.6656339764595032,0.8898930549621582,0.6235978007316589,0.14262494444847107,0.09185413271188736,0.0597439780831337,0.031437188386917114,0.031437188386917114
784,784,0.016980301588773727,,,,,,,,,
785,785,,,0.6646406054496765,0.8886792659759521,0.6228582262992859,0.1423594057559967,0.09180249273777008,0.05955291911959648,0.031342677772045135,0.031342677772045135
785,785,0.01690729521214962,,,,,,,,,
786,786,,,0.6636357307434082,0.8874738216400146,0.6221069693565369,0.14209187030792236,0.09174274653196335,0.059359900653362274,0.03124736249446869,0.03124736249446869
786,786,0.016834145411849022,,,,,,,,,
787,787,,,0.6626195311546326,0.8862767815589905,0.6213441491127014,0.14182230830192566,0.09167500585317612,0.05916488915681839,0.03115125186741352,0.03115125186741352
787,787,0.016760848462581635,,,,,,,,,
788,788,,,0.6615918278694153,0.8850887417793274,0.6205695271492004,0.14155066013336182,0.09159895032644272,0.05896765738725662,0.031054330989718437,0.031054330989718437
788,788,0.016687428578734398,,,,,,,,,
789,789,,,0.6605527997016907,0.8839097619056702,0.6197834014892578,0.14127680659294128,0.09151392430067062,0.058768145740032196,0.030956599861383438,0.030956599861383438
789,789,0.01661386899650097,,,,,,,,,
790,790,,,0.6595022678375244,0.8827400803565979,0.6189853549003601,0.14100074768066406,0.091420017182827,0.05856657028198242,0.030858052894473076,0.030858052894473076
790,790,0.01654018647968769,,,,,,,,,
791,791,,,0.6584398150444031,0.8815798163414001,0.6181750297546387,0.14072243869304657,0.09131740778684616,0.05836257338523865,0.030758656561374664,0.030758656561374664
791,791,0.01646639220416546,,,,,,,,,
792,792,,,0.6573653817176819,0.8804284930229187,0.6173522472381592,0.14044177532196045,0.09120623767375946,0.05815628916025162,0.030658405274152756,0.030658405274152756
792,792,0.016392458230257034,,,,,,,,,
793,793,,,0.6562792062759399,0.8792867064476013,0.6165173053741455,0.14015866816043854,0.09108643233776093,0.05794769152998924,0.030557317659258842,0.030557317659258842
793,793,0.016318429261446,,,,,,,,,
794,794,,,0.6551809906959534,0.8781542181968689,0.615669846534729,0.1398731768131256,0.09095791727304459,0.05773681402206421,0.03045537695288658,0.03045537695288658
794,794,0.016244282945990562,,,,,,,,,
795,795,,,0.6540704965591431,0.8770322203636169,0.6148096919059753,0.13958510756492615,0.09082026779651642,0.05752352252602577,0.03035256639122963,0.03035256639122963
795,795,0.016170037910342216,,,,,,,,,
796,796,,,0.6529478430747986,0.8759204149246216,0.6139369010925293,0.13929452002048492,0.09067346900701523,0.05730766803026199,0.030248891562223434,0.030248891562223434
796,796,0.016095701605081558,,,,,,,,,
797,797,,,0.6518129706382751,0.874818742275238,0.6130512952804565,0.13900130987167358,0.09051728993654251,0.05708932876586914,0.0301443412899971,0.0301443412899971
797,797,0.01602126471698284,,,,,,,,,
798,798,,,0.6506654620170593,0.8737269639968872,0.612152636051178,0.13870541751384735,0.09035228937864304,0.05686858668923378,0.030038908123970032,0.030038908123970032
798,798,0.015946749597787857,,,,,,,,,
799,799,,0.01587214693427086,,,,,,,,
799,799,,,0.6495058536529541,0.8726451396942139,0.611241340637207,0.13840676844120026,0.09017883986234665,0.056645411998033524,0.029932616278529167,0.029932616278529167
799,799,0.01587214693427086,,,,,,,,,
800,800,,,0.6483334302902222,0.8715740442276001,0.6103166341781616,0.1381053626537323,0.08999653160572052,0.056419700384140015,0.029825430363416672,0.029825430363416672
800,800,0.015797467902302742,,,,,,,,,
801,801,,,0.6471483707427979,0.870513916015625,0.6093785166740417,0.1378011256456375,0.08980464935302734,0.05619144067168236,0.029717352241277695,0.029717352241277695
801,801,0.015722716227173805,,,,,,,,,
802,802,,,0.645950436592102,0.869465172290802,0.6084270477294922,0.1374940425157547,0.08960331976413727,0.05596059188246727,0.029608380049467087,0.029608380049467087
802,802,0.01564791239798069,,,,,,,,,
803,803,,,0.6447394490242004,0.8684276342391968,0.6074618101119995,0.1371840238571167,0.08939334005117416,0.05572723597288132,0.029498513787984848,0.029498513787984848
803,803,0.015573040582239628,,,,,,,,,
804,804,,,0.6435156464576721,0.8674006462097168,0.6064831614494324,0.13687101006507874,0.08917445689439774,0.05549132451415062,0.029387755319476128,0.029387755319476128
804,804,0.015498130582273006,,,,,,,,,
805,805,,,0.6422786116600037,0.8663843274116516,0.6054907441139221,0.13655495643615723,0.08894684910774231,0.05525299534201622,0.02927609533071518,0.02927609533071518
805,805,0.015423165634274483,,,,,,,,,
806,806,,,0.6410284638404846,0.8653791546821594,0.6044845581054688,0.1362358182668686,0.08871012926101685,0.05501202121376991,0.029163530096411705,0.029163530096411705
806,806,0.015348168089985847,,,,,,,,,
807,807,,,0.6397650837898254,0.8643861413002014,0.6034644842147827,0.13591356575489044,0.0884641483426094,0.05476842075586319,0.029050074517726898,0.029050074517726898
807,807,0.015273137018084526,,,,,,,,,
808,808,,,0.638488233089447,0.8634046316146851,0.6024304032325745,0.13558818399906158,0.0882091298699379,0.05452238395810127,0.028935719281435013,0.028935719281435013
808,808,0.01519808080047369,,,,,,,,,
809,809,,,0.6371979713439941,0.8624351024627686,0.6013821363449097,0.13525961339473724,0.08794558048248291,0.054273877292871475,0.028820471838116646,0.028820471838116646
809,809,0.015123002231121063,,,,,,,,,
810,810,,,0.6358942985534668,0.861477255821228,0.6003198623657227,0.13492777943611145,0.08767348527908325,0.05402286350727081,0.028704335913062096,0.028704335913062096
810,810,0.015047909691929817,,,,,,,,,
811,811,,,0.6345767974853516,0.8605315089225769,0.5992430448532104,0.1345926821231842,0.08739256113767624,0.05376937985420227,0.02858729660511017,0.02858729660511017
811,811,0.014972815290093422,,,,,,,,,
812,812,,,0.6332456469535828,0.8595975637435913,0.5981519222259521,0.13425424695014954,0.08710331469774246,0.05351342260837555,0.02846936509013176,0.02846936509013176
812,812,0.01489773578941822,,,,,,,,,
813,813,,,0.6319006681442261,0.8586755394935608,0.597046434879303,0.13391247391700745,0.08680474758148193,0.05325507000088692,0.02835054323077202,0.02835054323077202
813,813,0.014822633937001228,,,,,,,,,
814,814,,,0.6305418014526367,0.8577656149864197,0.5959265232086182,0.13356725871562958,0.08649776130914688,0.05299423635005951,0.028230831027030945,0.028230831027030945
814,814,0.014747572131454945,,,,,,,,,
815,815,,,0.6291691660881042,0.8568680882453918,0.5947921872138977,0.13321863114833832,0.08618276566267014,0.05273112654685974,0.028110256418585777,0.028110256418585777
815,815,0.014672523364424706,,,,,,,,,
816,816,,,0.6277822852134705,0.8559830188751221,0.593643069267273,0.13286654651165009,0.08585977554321289,0.052465829998254776,0.02798880636692047,0.02798880636692047
816,816,0.014597508125007153,,,,,,,,,
817,817,,,0.6263812184333801,0.8551108241081238,0.5924790501594543,0.1325109601020813,0.08552905917167664,0.05219823494553566,0.027866479009389877,0.027866479009389877
817,817,0.014522521756589413,,,,,,,,,
818,818,,,0.6249657869338989,0.8542512655258179,0.5913001298904419,0.13215185701847076,0.08519011735916138,0.05192839354276657,0.027743281796574593,0.027743281796574593
818,818,0.014447583816945553,,,,,,,,,
819,819,,,0.623536229133606,0.8534043431282043,0.5901065468788147,0.1317891627550125,0.08484290540218353,0.051656272262334824,0.027619220316410065,0.027619220316410065
819,819,0.014372692443430424,,,,,,,,,
820,820,,,0.6220927238464355,0.8525701761245728,0.5888984799385071,0.13142287731170654,0.08448754996061325,0.05138213559985161,0.027494337409734726,0.027494337409734726
820,820,0.014297851361334324,,,,,,,,,
821,821,,,0.6206348538398743,0.8517484664916992,0.5876756310462952,0.13105297088623047,0.08412519842386246,0.05110599845647812,0.027368618175387383,0.027368618175387383
821,821,0.014223087579011917,,,,,,,,,
822,822,,,0.6191624402999878,0.8509398102760315,0.5864377617835999,0.1306794136762619,0.0837557390332222,0.05082782730460167,0.027242060750722885,0.027242060750722885
822,822,0.014148387126624584,,,,,,,,,
823,823,,,0.6176754832267761,0.8501442074775696,0.5851847529411316,0.13030222058296204,0.08337894827127457,0.050547752529382706,0.02711467444896698,0.02711467444896698
823,823,0.014073766767978668,,,,,,,,,
824,824,,,0.6161742210388184,0.8493614196777344,0.5839170813560486,0.1299213171005249,0.08299507200717926,0.0502658411860466,0.026986490935087204,0.026986490935087204
824,824,0.013999229297041893,,,,,,,,,
825,825,,,0.6146582365036011,0.8485917448997498,0.5826342105865479,0.1295366883277893,0.08260398358106613,0.04998217895627022,0.026857495307922363,0.026857495307922363
825,825,0.013924785889685154,,,,,,,,,
826,826,,,0.6131277084350586,0.8478354811668396,0.5813363790512085,0.12914833426475525,0.08220654726028442,0.049696773290634155,0.026727713644504547,0.026727713644504547
826,826,0.01385044027119875,,,,,,,,,
827,827,,,0.6115826964378357,0.8470922708511353,0.5800237655639648,0.12875624001026154,0.08180276304483414,0.049409665167331696,0.0265971627086401,0.0265971627086401
827,827,0.013776202686131,,,,,,,,,
828,828,,,0.6100233197212219,0.8463619351387024,0.5786963701248169,0.12836040556430817,0.0813925489783287,0.04912117123603821,0.02646585926413536,0.02646585926413536
828,828,0.013702078722417355,,,,,,,,,
829,829,,,0.608449399471283,0.845645010471344,0.5773541927337646,0.12796080112457275,0.0809764638543129,0.04883135110139847,0.026333827525377274,0.026333827525377274
829,829,0.013628079555928707,,,,,,,,,
830,830,,,0.6068609356880188,0.8449411392211914,0.575996994972229,0.12755738198757172,0.08055439591407776,0.04854004457592964,0.026201048865914345,0.026201048865914345
830,830,0.013554207980632782,,,,,,,,,
831,831,,,0.6052577495574951,0.8442506194114685,0.5746249556541443,0.12715016305446625,0.08012661337852478,0.04824737086892128,0.026067543774843216,0.026067543774843216
831,831,0.013480464927852154,,,,,,,,,
832,832,,,0.6036400198936462,0.8435732126235962,0.5732380151748657,0.12673914432525635,0.07969337701797485,0.04795362055301666,0.025933340191841125,0.025933340191841125
832,832,0.013406866230070591,,,,,,,,,
833,833,,,0.6020075678825378,0.8429089784622192,0.5718361139297485,0.1263243556022644,0.07925525307655334,0.04765886068344116,0.02579844743013382,0.02579844743013382
833,833,0.013333418406546116,,,,,,,,,
834,834,,,0.600361168384552,0.8422578573226929,0.5704200267791748,0.12590575218200684,0.07881240546703339,0.0473632737994194,0.025662917643785477,0.025662917643785477
834,834,0.01326011959463358,,,,,,,,,
835,835,,,0.5987002849578857,0.8416199088096619,0.5689892768859863,0.12548334896564484,0.07836496084928513,0.04706661403179169,0.025526732206344604,0.025526732206344604
835,835,0.013186994008719921,,,,,,,,,
836,836,,,0.5970251560211182,0.840995192527771,0.5675442218780518,0.1250571757555008,0.07791318744421005,0.04676920920610428,0.025389932096004486,0.025389932096004486
836,836,0.013114028610289097,,,,,,,,,
837,837,,,0.595335841178894,0.8403836488723755,0.5660847425460815,0.12462718039751053,0.07745692878961563,0.046471308916807175,0.025252528488636017,0.025252528488636017
837,837,0.013041247613728046,,,,,,,,,
838,838,,,0.593632161617279,0.8397849202156067,0.5646107196807861,0.12419339269399643,0.0769965723156929,0.04617290571331978,0.025114521384239197,0.025114521384239197
838,838,0.012968656606972218,,,,,,,,,
839,839,,,0.591914176940918,0.839198887348175,0.5631222724914551,0.12375582009553909,0.07653293758630753,0.045873966068029404,0.024975940585136414,0.024975940585136414
839,839,0.012896238826215267,,,,,,,,,
840,840,,,0.5901822447776794,0.8386261463165283,0.5616196990013123,0.1233144998550415,0.07606620341539383,0.04557473957538605,0.024836815893650055,0.024836815893650055
840,840,0.012824027799069881,,,,,,,,,
841,841,,,0.5884364247322083,0.8380663394927979,0.5601032376289368,0.12286942452192307,0.07559631764888763,0.045275360345840454,0.02469717338681221,0.02469717338681221
841,841,0.012752027250826359,,,,,,,,,
842,842,,,0.5866773724555969,0.837519109249115,0.5585734248161316,0.12242060899734497,0.07512348890304565,0.04497622326016426,0.024557065218687057,0.024557065218687057
842,842,0.0126802334561944,,,,,,,,,
843,843,,,0.5849046111106873,0.8369844555854797,0.5570299029350281,0.12196807563304901,0.07464823871850967,0.04467702656984329,0.024416474625468254,0.024416474625468254
843,843,0.012608653865754604,,,,,,,,,
844,844,,,0.5831181406974792,0.8364623188972473,0.5554726123809814,0.12151183933019638,0.0741710439324379,0.044377781450748444,0.024275416508316994,0.024275416508316994
844,844,0.012537308037281036,,,,,,,,,
845,845,,,0.581318199634552,0.8359520435333252,0.5539016723632812,0.12105196714401245,0.07369180768728256,0.044078875333070755,0.024133916944265366,0.024133916944265366
845,845,0.012466183863580227,,,,,,,,,
846,846,,,0.5795051455497742,0.8354539275169373,0.5523175597190857,0.12058842927217484,0.07321057468652725,0.04378068447113037,0.02399202063679695,0.02399202063679695
846,846,0.012395307421684265,,,,,,,,,
847,847,,,0.5776793360710144,0.8349679112434387,0.5507206916809082,0.12012132257223129,0.07272815704345703,0.04348320886492729,0.023849768564105034,0.023849768564105034
847,847,0.01232466846704483,,,,,,,,,
848,848,,,0.5758407711982727,0.834494411945343,0.549111008644104,0.11965065449476242,0.07224444299936295,0.04318605363368988,0.023707160726189613,0.023707160726189613
848,848,0.012254289351403713,,,,,,,,,
849,849,,0.012184162624180317,,,,,,,,
849,849,,,0.573989748954773,0.8340325951576233,0.5474889278411865,0.1191764622926712,0.07176005095243454,0.042889662086963654,0.023564239963889122,0.023564239963889122
849,849,0.012184162624180317,,,,,,,,,
850,850,,,0.5721262693405151,0.8335819840431213,0.5458542108535767,0.11869876831769943,0.07127499580383301,0.04259448125958443,0.023421015590429306,0.023421015590429306
850,850,0.012114305980503559,,,,,,,,,
851,851,,,0.5702506303787231,0.8331425786018372,0.5442072749137878,0.11821764707565308,0.07078974694013596,0.04230042174458504,0.02327752113342285,0.02327752113342285
851,851,0.012044711969792843,,,,,,,,,
852,852,,,0.5683630108833313,0.8327140212059021,0.5425482392311096,0.11773312836885452,0.07030493021011353,0.04200756177306175,0.0231337808072567,0.0231337808072567
852,852,0.01197540108114481,,,,,,,,,
853,853,,,0.5664633512496948,0.83229660987854,0.5408771634101868,0.11724528670310974,0.06982017308473587,0.041715800762176514,0.022989803925156593,0.022989803925156593
853,853,0.011906376108527184,,,,,,,,,
854,854,,,0.5645526647567749,0.8318900465965271,0.5391949415206909,0.11675418168306351,0.06933577358722687,0.04142571985721588,0.022845670580863953,0.022845670580863953
854,854,0.01183764822781086,,,,,,,,,
855,855,,,0.5626310706138611,0.8314940333366394,0.5375015735626221,0.11625981330871582,0.06885180622339249,0.041137341409921646,0.022701388224959373,0.022701388224959373
855,855,0.011769209057092667,,,,,,,,,
856,856,,,0.5606986284255981,0.8311079144477844,0.5357972383499146,0.11576230823993683,0.06836884468793869,0.04085059463977814,0.022556979209184647,0.022556979209184647
856,856,0.011701074428856373,,,,,,,,,
857,857,,,0.5587554574012756,0.8307315111160278,0.5340821146965027,0.11526168137788773,0.0678875669836998,0.04056556150317192,0.022412458434700966,0.022412458434700966
857,857,0.011633245274424553,,,,,,,,,
858,858,,,0.5568020343780518,0.8303644061088562,0.5323565006256104,0.11475802212953568,0.06740790605545044,0.04028262197971344,0.022267870604991913,0.022267870604991913
858,858,0.011565741151571274,,,,,,,,,
859,859,,,0.5548387169837952,0.8300068974494934,0.5306207537651062,0.11425141245126724,0.06692980229854584,0.04000191390514374,0.022123251110315323,0.022123251110315323
859,859,0.011498559266328812,,,,,,,,,
860,860,,,0.552865743637085,0.829658567905426,0.5288751125335693,0.1137419044971466,0.06645350158214569,0.039723362773656845,0.02197861671447754,0.02197861671447754
860,860,0.011431694030761719,,,,,,,,,
861,861,,,0.5508831143379211,0.8293189406394958,0.527119517326355,0.11322961002588272,0.06597962975502014,0.03944716230034828,0.021833989769220352,0.021833989769220352
861,861,0.011365172453224659,,,,,,,,,
862,862,,,0.5488917827606201,0.828987717628479,0.5253549218177795,0.11271461099386215,0.06550801545381546,0.03917345032095909,0.02168942615389824,0.02168942615389824
862,862,0.011298988945782185,,,,,,,,,
863,863,,,0.5468917489051819,0.8286643028259277,0.523581326007843,0.11219697445631027,0.06503923237323761,0.038902394473552704,0.021544940769672394,0.021544940769672394
863,863,0.011233150027692318,,,,,,,,,
864,864,,,0.5448836088180542,0.8283485770225525,0.5217992067337036,0.11167676746845245,0.06457334756851196,0.03863396868109703,0.02140057273209095,0.02140057273209095
864,864,0.011167661286890507,,,,,,,,,
865,865,,,0.5428676009178162,0.8280401825904846,0.5200087428092957,0.11115413904190063,0.0641103982925415,0.03836842253804207,0.021256348118185997,0.021256348118185997
865,865,0.01110252644866705,,,,,,,,,
866,866,,,0.5408438444137573,0.8277388215065002,0.5182100534439087,0.110629141330719,0.06365039199590683,0.03810587897896767,0.02111228182911873,0.02111228182911873
866,866,0.01103776041418314,,,,,,,,,
867,867,,,0.5388129949569702,0.8274441361427307,0.5164037942886353,0.11010190099477768,0.06319373846054077,0.03784649819135666,0.020968426018953323,0.020968426018953323
867,867,0.010973356664180756,,,,,,,,,
868,868,,,0.5367756485939026,0.8271552920341492,0.5145904421806335,0.10957250744104385,0.06274095922708511,0.03759037330746651,0.020824814215302467,0.020824814215302467
868,868,0.010909327305853367,,,,,,,,,
869,869,,,0.5347317457199097,0.8268721103668213,0.5127699971199036,0.10904103517532349,0.0622921846807003,0.03733743354678154,0.02068145200610161,0.02068145200610161
869,869,0.01084567978978157,,,,,,,,,
870,870,,,0.5326818823814392,0.8265947699546814,0.510942816734314,0.10850764065980911,0.06184704229235649,0.03708779439330101,0.02053838223218918,0.02053838223218918
870,870,0.01078240480273962,,,,,,,,,
871,871,,,0.5306262969970703,0.8263222575187683,0.5091093182563782,0.10797242075204849,0.0614057257771492,0.036841873079538345,0.02039562538266182,0.02039562538266182
871,871,0.010719523765146732,,,,,,,,,
872,872,,,0.5285655856132507,0.8260542750358582,0.5072699189186096,0.10743548721075058,0.06096827983856201,0.03659979626536369,0.02025322988629341,0.02025322988629341
872,872,0.01065702736377716,,,,,,,,,
873,873,,,0.5265002250671387,0.825790286064148,0.5054250955581665,0.10689695179462433,0.06053509935736656,0.036361318081617355,0.020111210644245148,0.020111210644245148
873,873,0.010594937019050121,,,,,,,,,
874,874,,,0.524430513381958,0.8255300521850586,0.5035750269889832,0.10635698586702347,0.0601065494120121,0.03612658753991127,0.019969603046774864,0.019969603046774864
874,874,0.010533243417739868,,,,,,,,,
875,875,,,0.5223572254180908,0.8252728581428528,0.5017204284667969,0.10581564158201218,0.059682656079530716,0.03589576855301857,0.019828442484140396,0.019828442484140396
875,875,0.010471953079104424,,,,,,,,,
876,876,,,0.5202800035476685,0.8250186443328857,0.4998610317707062,0.10527307540178299,0.05926322937011719,0.035669226199388504,0.01968773454427719,0.01968773454427719
876,876,0.010411066003143787,,,,,,,,,
877,877,,,0.5181998610496521,0.8247670531272888,0.49799755215644836,0.10472945123910904,0.058848388493061066,0.035446878522634506,0.01954752951860428,0.01954752951860428
877,877,0.010350590571761131,,,,,,,,,
878,878,,,0.5161166787147522,0.8245174288749695,0.49612995982170105,0.10418490320444107,0.058438148349523544,0.03522874414920807,0.01940782554447651,0.01940782554447651
878,878,0.010290536098182201,,,,,,,,,
879,879,,,0.5140314698219299,0.8242692351341248,0.4942593276500702,0.10363953560590744,0.05803265422582626,0.03501485660672188,0.01926868036389351,0.01926868036389351
879,879,0.010230892337858677,,,,,,,,,
880,880,,,0.5119447112083435,0.824021577835083,0.49238595366477966,0.1030934527516365,0.05763205513358116,0.03480542451143265,0.019130118191242218,0.019130118191242218
880,880,0.010171673260629177,,,,,,,,,
881,881,,,0.5098567008972168,0.8237742781639099,0.49051007628440857,0.10254683345556259,0.0572361946105957,0.03460060432553291,0.018992159515619278,0.018992159515619278
881,881,0.010112881660461426,,,,,,,,,
882,882,,,0.5077674984931946,0.8235269784927368,0.48863184452056885,0.10199978947639465,0.05684542655944824,0.03440025821328163,0.018854815512895584,0.018854815512895584
882,882,0.010054520331323147,,,,,,,,,
883,883,,,0.5056779384613037,0.8232795596122742,0.4867517948150635,0.10145252197980881,0.05645936354994774,0.03420468419790268,0.018718130886554718,0.018718130886554718
883,883,0.009996584616601467,,,,,,,,,
884,884,,,0.5035881996154785,0.8230314254760742,0.48487022519111633,0.1009051650762558,0.05607837811112404,0.03401385620236397,0.01858212798833847,0.01858212798833847
884,884,0.009939070791006088,,,,,,,,,
885,885,,,0.5014987587928772,0.8227816820144653,0.4829874634742737,0.10035783052444458,0.05570250377058983,0.033827900886535645,0.01844681426882744,0.01844681426882744
885,885,0.009881995618343353,,,,,,,,,
886,886,,,0.4994103014469147,0.8225303888320923,0.48110413551330566,0.09981071203947067,0.05533159524202347,0.033646851778030396,0.0183122418820858,0.0183122418820858
886,886,0.009825358167290688,,,,,,,,,
887,887,,,0.49732300639152527,0.8222764730453491,0.47922053933143616,0.09926391392946243,0.05496550351381302,0.03347061574459076,0.018178408965468407,0.018178408965468407
887,887,0.009769154712557793,,,,,,,,,
888,888,,,0.49523720145225525,0.822019636631012,0.4773368537425995,0.0987175852060318,0.05460433289408684,0.03329940512776375,0.01804533787071705,0.01804533787071705
888,888,0.009713392704725266,,,,,,,,,
889,889,,,0.49315333366394043,0.8217597007751465,0.4754534363746643,0.09817191958427429,0.05424792692065239,0.03313327208161354,0.017913054674863815,0.017913054674863815
889,889,0.009658061899244785,,,,,,,,,
890,890,,,0.49107205867767334,0.8214954733848572,0.4735710322856903,0.09762704372406006,0.05389642342925072,0.032972246408462524,0.017781589180231094,0.017781589180231094
890,890,0.009603175334632397,,,,,,,,,
891,891,,,0.48899364471435547,0.8212272524833679,0.4716898500919342,0.09708312153816223,0.0535498671233654,0.03281634300947189,0.017650961875915527,0.017650961875915527
891,891,0.00954873114824295,,,,,,,,,
892,892,,,0.486918568611145,0.8209537863731384,0.4698101878166199,0.09654027968645096,0.053208090364933014,0.03266559913754463,0.017521176487207413,0.017521176487207413
892,892,0.0094947200268507,,,,,,,,,
893,893,,,0.4848470389842987,0.8206754922866821,0.46793216466903687,0.09599867463111877,0.05287109315395355,0.032520048320293427,0.01739225722849369,0.01739225722849369
893,893,0.009441155008971691,,,,,,,,,
894,894,,,0.48277944326400757,0.8203912377357483,0.46605634689331055,0.09545852243900299,0.052538882941007614,0.032379720360040665,0.017264224588871002,0.017264224588871002
894,894,0.009388027712702751,,,,,,,,,
895,895,,,0.480716347694397,0.8201015591621399,0.46418312191963196,0.09491989016532898,0.052211083471775055,0.03224463760852814,0.01713710092008114,0.01713710092008114
895,895,0.009335335344076157,,,,,,,,,
896,896,,,0.47865816950798035,0.8198050856590271,0.4623129963874817,0.09438293427228928,0.05188801512122154,0.03211475908756256,0.017010897397994995,0.017010897397994995
896,896,0.009283093735575676,,,,,,,,,
897,897,,,0.47660520672798157,0.8195010423660278,0.46044617891311646,0.09384781867265701,0.051569435745477676,0.03199031576514244,0.016885634511709213,0.016885634511709213
897,897,0.009231281466782093,,,,,,,,,
898,898,,,0.47455769777297974,0.8191894292831421,0.45858296751976013,0.09331470727920532,0.051255252212285995,0.031870853155851364,0.016761310398578644,0.016761310398578644
898,898,0.009179902262985706,,,,,,,,,
899,899,,0.009128966368734837,,,,,,,,
899,899,,,0.4725160300731659,0.8188696503639221,0.45672351121902466,0.09278373420238495,0.050945404917001724,0.031756650656461716,0.01663794368505478,0.01663794368505478
899,899,0.009128966368734837,,,,,,,,,
900,900,,,0.4704805612564087,0.8185415863990784,0.45486825704574585,0.09225504845380783,0.05063999444246292,0.03164789453148842,0.01651555672287941,0.01651555672287941
900,900,0.009078464470803738,,,,,,,,,
901,901,,,0.4684518277645111,0.8182048201560974,0.4530177712440491,0.09172879159450531,0.05033871904015541,0.031544141471385956,0.01639416068792343,0.01639416068792343
901,901,0.009028391912579536,,,,,,,,,
902,902,,,0.4664299786090851,0.8178589940071106,0.45117220282554626,0.09120512753725052,0.050041522830724716,0.03144555538892746,0.01627376675605774,0.01627376675605774
902,902,0.008978748694062233,,,,,,,,,
903,903,,,0.46441540122032166,0.8175032138824463,0.4493318200111389,0.09068417549133301,0.04974843189120293,0.031352195888757706,0.01615438237786293,0.01615438237786293
903,903,0.0089295394718647,,,,,,,,,
904,904,,,0.4624083638191223,0.8171374201774597,0.4474969506263733,0.09016608446836472,0.049459148198366165,0.03126392513513565,0.0160360150039196,0.0160360150039196
904,904,0.008880753070116043,,,,,,,,,
905,905,,,0.4604090750217438,0.8167610168457031,0.4456677734851837,0.08965098112821579,0.049173884093761444,0.03118048422038555,0.015918662771582603,0.015918662771582603
905,905,0.008832390420138836,,,,,,,,,
906,906,,,0.4584178328514099,0.8163737058639526,0.4438445270061493,0.08913898468017578,0.048892293125391006,0.031102120876312256,0.01580234244465828,0.01580234244465828
906,906,0.008784454315900803,,,,,,,,,
907,907,,,0.4564352333545685,0.8159748315811157,0.4420279264450073,0.08863025903701782,0.048614345490932465,0.031028809025883675,0.01568707637488842,0.01568707637488842
907,907,0.008736928924918175,,,,,,,,,
908,908,,,0.45446154475212097,0.8155646324157715,0.440218061208725,0.08812490850687027,0.04834016412496567,0.03096032328903675,0.015572866424918175,0.015572866424918175
908,908,0.008689820766448975,,,,,,,,,
909,909,,,0.45249661803245544,0.8151427507400513,0.4384150207042694,0.08762302249670029,0.04806952178478241,0.030896436423063278,0.015459698624908924,0.015459698624908924
909,909,0.008643132634460926,,,,,,,,,
910,910,,,0.45054081082344055,0.814708411693573,0.43661895394325256,0.08712480217218399,0.047802288085222244,0.030837276950478554,0.015347583219408989,0.015347583219408989
910,910,0.008596844971179962,,,,,,,,,
911,911,,,0.4485945403575897,0.8142613768577576,0.4348303973674774,0.08663029223680496,0.047538332641124725,0.030782807618379593,0.01523653231561184,0.01523653231561184
911,911,0.008550968952476978,,,,,,,,,
912,912,,,0.4466578960418701,0.8138012886047363,0.4330492913722992,0.08613964915275574,0.0472775436937809,0.030732838436961174,0.015126537531614304,0.015126537531614304
912,912,0.008505495265126228,,,,,,,,,
913,913,,,0.444731205701828,0.813327968120575,0.43127620220184326,0.08565293997526169,0.047020070254802704,0.030687343329191208,0.015017611905932426,0.015017611905932426
913,913,0.008460420183837414,,,,,,,,,
914,914,,,0.44281482696533203,0.8128410577774048,0.42951130867004395,0.08517028391361237,0.04676582291722298,0.03064601682126522,0.014909757301211357,0.014909757301211357
914,914,0.008415738120675087,,,,,,,,,
915,915,,,0.4409089684486389,0.8123406171798706,0.4277549684047699,0.08469178527593613,0.046514689922332764,0.030609004199504852,0.014802981168031693,0.014802981168031693
915,915,0.008371454663574696,,,,,,,,,
916,916,,,0.4390137791633606,0.8118260502815247,0.42600730061531067,0.08421754091978073,0.04626646637916565,0.030576182529330254,0.01469727884978056,0.01469727884978056
916,916,0.008327552117407322,,,,,,,,,
917,917,,,0.4371289908885956,0.8112976551055908,0.4242679476737976,0.08374760299921036,0.04602117836475372,0.030547169968485832,0.014592626132071018,0.014592626132071018
917,917,0.008284037932753563,,,,,,,,,
918,918,,,0.4352547228336334,0.810754656791687,0.4225371778011322,0.08328212797641754,0.04577869176864624,0.030522188171744347,0.01448902953416109,0.01448902953416109
918,918,0.008240906521677971,,,,,,,,,
919,919,,,0.43339160084724426,0.8101965188980103,0.42081552743911743,0.08282119780778885,0.045539017766714096,0.030501030385494232,0.014386496506631374,0.014386496506631374
919,919,0.00819814670830965,,,,,,,,,
920,920,,,0.43153971433639526,0.8096237778663635,0.4191031754016876,0.08236483484506607,0.0453021377325058,0.030483296141028404,0.014285022392868996,0.014285022392868996
920,920,0.008155763149261475,,,,,,,,,
921,921,,,0.42969971895217896,0.8090360164642334,0.41740092635154724,0.08191312849521637,0.04506794363260269,0.0304691344499588,0.01418463047593832,0.01418463047593832
921,921,0.008113745599985123,,,,,,,,,
922,922,,,0.42787134647369385,0.8084332346916199,0.4157083034515381,0.08146613091230392,0.04483645409345627,0.030458349734544754,0.014085296541452408,0.014085296541452408
922,922,0.008072097785770893,,,,,,,,,
923,923,,,0.42605432868003845,0.8078149557113647,0.4140251874923706,0.08102396875619888,0.04460763931274414,0.030450858175754547,0.01398700475692749,0.01398700475692749
923,923,0.008030805736780167,,,,,,,,,
924,924,,,0.42424872517585754,0.8071810007095337,0.4123515784740448,0.08058667182922363,0.044381365180015564,0.03044651634991169,0.013889742083847523,0.013889742083847523
924,924,0.007989873178303242,,,,,,,,,
925,925,,,0.4224546253681183,0.8065314888954163,0.410687655210495,0.08015429973602295,0.04415786266326904,0.03044518269598484,0.013793508522212505,0.013793508522212505
925,925,0.007949288934469223,,,,,,,,,
926,926,,,0.4206727147102356,0.8058666586875916,0.4090341329574585,0.07972691208124161,0.04393664002418518,0.03044668398797512,0.013698319904506207,0.013698319904506207
926,926,0.007909057661890984,,,,,,,,,
927,927,,,0.4189029037952423,0.80518639087677,0.4073909819126129,0.07930450141429901,0.04371798411011696,0.030450884252786636,0.013604164123535156,0.013604164123535156
927,927,0.007869168184697628,,,,,,,,,
928,928,,,0.4171449840068817,0.8044900298118591,0.40575796365737915,0.07888715714216232,0.04350190982222557,0.030457664281129837,0.013511018827557564,0.013511018827557564
928,928,0.007829622365534306,,,,,,,,,
929,929,,,0.4153994917869568,0.8037778735160828,0.40413567423820496,0.07847490906715393,0.04328838363289833,0.030466977506875992,0.013418900780379772,0.013418900780379772
929,929,0.007790408097207546,,,,,,,,,
930,930,,,0.4136662781238556,0.8030495047569275,0.4025239646434784,0.07806778699159622,0.043077364563941956,0.030478769913315773,0.013327790424227715,0.013327790424227715
930,930,0.007751530967652798,,,,,,,,,
931,931,,,0.4119448959827423,0.8023055791854858,0.40092241764068604,0.07766580581665039,0.042869046330451965,0.030492641031742096,0.013237662613391876,0.013237662613391876
931,931,0.007712979335337877,,,,,,,,,
932,932,,,0.410235732793808,0.8015459179878235,0.3993314504623413,0.07726901024580002,0.042663104832172394,0.03050854615867138,0.013148520141839981,0.013148520141839981
932,932,0.00767475226894021,,,,,,,,,
933,933,,,0.40853872895240784,0.8007705211639404,0.3977510333061218,0.0768774077296257,0.042459674179553986,0.030526475980877876,0.013060353696346283,0.013060353696346283
933,933,0.007636843714863062,,,,,,,,,
934,934,,,0.40685391426086426,0.7999794483184814,0.39618122577667236,0.07649105042219162,0.04225890338420868,0.03054630756378174,0.012973159551620483,0.012973159551620483
934,934,0.00759925227612257,,,,,,,,,
935,935,,,0.4051814675331116,0.7991722822189331,0.3946223258972168,0.07610989362001419,0.042060740292072296,0.030567912384867668,0.012886926531791687,0.012886926531791687
935,935,0.007561973761767149,,,,,,,,,
936,936,,,0.40352120995521545,0.7983494997024536,0.39307403564453125,0.07573395222425461,0.0418652705848217,0.030590934678912163,0.012801636941730976,0.012801636941730976
936,936,0.007524998392909765,,,,,,,,,
937,937,,,0.40187323093414307,0.7975112795829773,0.3915365934371948,0.07536323368549347,0.04167237877845764,0.03061540052294731,0.01271729078143835,0.01271729078143835
937,937,0.007488336879760027,,,,,,,,,
938,938,,,0.4002375900745392,0.7966575622558594,0.39000993967056274,0.07499776780605316,0.04148215055465698,0.03064132295548916,0.01263387594372034,0.01263387594372034
938,938,0.007451972458511591,,,,,,,,,
939,939,,,0.3986142873764038,0.7957883477210999,0.38849425315856934,0.07463753968477249,0.0412946492433548,0.030668698251247406,0.012551393359899521,0.012551393359899521
939,939,0.007415906060487032,,,,,,,,,
940,940,,,0.3970028758049011,0.7949037551879883,0.3869890868663788,0.07428253442049026,0.041110072284936905,0.03069715015590191,0.012469807639718056,0.012469807639718056
940,940,0.007380135357379913,,,,,,,,,
941,941,,,0.39540398120880127,0.7940041422843933,0.38549506664276123,0.0739327073097229,0.040928296744823456,0.030726497992873192,0.012389132753014565,0.012389132753014565
941,941,0.007344650104641914,,,,,,,,,
942,942,,,0.39381715655326843,0.7930894494056702,0.38401174545288086,0.07358802855014801,0.04074955731630325,0.03075677715241909,0.012309339828789234,0.012309339828789234
942,942,0.007309452164918184,,,,,,,,,
943,943,,,0.39224210381507874,0.7921597957611084,0.38253897428512573,0.07324853539466858,0.04057362303137779,0.030787887051701546,0.01223041582852602,0.01223041582852602
943,943,0.0072745392099022865,,,,,,,,,
944,944,,,0.3906789720058441,0.791215717792511,0.38107672333717346,0.07291419059038162,0.04040072485804558,0.030819764360785484,0.012152355164289474,0.012152355164289474
944,944,0.00723990797996521,,,,,,,,,
945,945,,,0.38912779092788696,0.7902567386627197,0.379625141620636,0.07258501648902893,0.04023081064224243,0.030852561816573143,0.012075155973434448,0.012075155973434448
945,945,0.007205555681139231,,,,,,,,,
946,946,,,0.3875885307788849,0.7892835140228271,0.3781842589378357,0.07226093858480453,0.040064021944999695,0.030885880813002586,0.011998801492154598,0.011998801492154598
946,946,0.007171463221311569,,,,,,,,,
947,947,,,0.3860611021518707,0.7882962226867676,0.3767540454864502,0.07194188982248306,0.03990061953663826,0.030919408425688744,0.01192327681928873,0.01192327681928873
947,947,0.007137652020901442,,,,,,,,,
948,948,,,0.38454559445381165,0.7872947454452515,0.37533462047576904,0.07162781804800034,0.03974057734012604,0.030953213572502136,0.011848575435578823,0.011848575435578823
948,948,0.007104104850441217,,,,,,,,,
949,949,,0.007070818450301886,,,,,,,,
949,949,,,0.38304173946380615,0.7862794995307922,0.3739256262779236,0.07131877541542053,0.039583876729011536,0.030987558886408806,0.011774690821766853,0.011774690821766853
949,949,0.007070818450301886,,,,,,,,,
950,950,,,0.3815491497516632,0.7852506637573242,0.3725266456604004,0.07101467996835709,0.03943050280213356,0.031022267416119576,0.011701593175530434,0.011701593175530434
950,950,0.007037790957838297,,,,,,,,,
951,951,,,0.3800678849220276,0.7842084169387817,0.37113797664642334,0.07071550190448761,0.03928046301007271,0.031056992709636688,0.011629277840256691,0.011629277840256691
951,951,0.007005023304373026,,,,,,,,,
952,952,,,0.3785981237888336,0.7831531763076782,0.3697596788406372,0.07042114436626434,0.03913409635424614,0.031091779470443726,0.011557741090655327,0.011557741090655327
952,952,0.006972506642341614,,,,,,,,,
953,953,,,0.3771395683288574,0.7820850014686584,0.3683914244174957,0.07013159245252609,0.03899131342768669,0.031126605346798897,0.011486963368952274,0.011486963368952274
953,953,0.006940244231373072,,,,,,,,,
954,954,,,0.3756922781467438,0.7810038924217224,0.367033451795578,0.06984683126211166,0.0388522669672966,0.031161470338702202,0.011416946537792683,0.011416946537792683
954,954,0.006908224895596504,,,,,,,,,
955,955,,,0.3742559850215912,0.7799104452133179,0.36568543314933777,0.0695667713880539,0.03871715068817139,0.031196298077702522,0.01134767010807991,0.01134767010807991
955,955,0.0068764518946409225,,,,,,,,,
956,956,,,0.37283074855804443,0.7788046002388,0.36434751749038696,0.0692913606762886,0.038585860282182693,0.03123089112341404,0.01127912662923336,0.01127912662923336
956,956,0.006844919640570879,,,,,,,,,
957,957,,,0.371416300535202,0.777686595916748,0.36301928758621216,0.06902053207159042,0.03845847398042679,0.03126523271203041,0.011211293749511242,0.011211293749511242
957,957,0.006813623942434788,,,,,,,,,
958,958,,,0.3700125217437744,0.776557207107544,0.3617006540298462,0.06875424832105637,0.0383349172770977,0.03129933401942253,0.011144167743623257,0.011144167743623257
958,958,0.006782564800232649,,,,,,,,,
959,959,,,0.36861905455589294,0.7754158973693848,0.36039143800735474,0.06849246472120285,0.03821523115038872,0.031333234161138535,0.011077728122472763,0.011077728122472763
959,959,0.006751741748303175,,,,,,,,,
960,960,,,0.3672359585762024,0.7742637395858765,0.359091579914093,0.06823509186506271,0.038099754601716995,0.03136682137846947,0.011011973023414612,0.011011973023414612
960,960,0.006721144076436758,,,,,,,,,
961,961,,,0.3658634424209595,0.7731006145477295,0.3578013479709625,0.06798213720321655,0.03798861429095268,0.031400058418512344,0.010946901515126228,0.010946901515126228
961,961,0.0066907755099236965,,,,,,,,,
962,962,,,0.3645012676715851,0.7719265818595886,0.3565205931663513,0.06773342937231064,0.03788188099861145,0.03143276646733284,0.010882493108510971,0.010882493108510971
962,962,0.006660632789134979,,,,,,,,,
963,963,,,0.3631492555141449,0.7707419395446777,0.3552490472793579,0.06748894602060318,0.037779346108436584,0.03146492689847946,0.010818734765052795,0.010818734765052795
963,963,0.006630707532167435,,,,,,,,,
964,964,,,0.36180728673934937,0.7695469856262207,0.3539866507053375,0.0672486424446106,0.037681158632040024,0.03149661794304848,0.010755619965493679,0.010755619965493679
964,964,0.006601004861295223,,,,,,,,,
965,965,,,0.3604746162891388,0.7683415412902832,0.3527325987815857,0.06701251864433289,0.037587083876132965,0.0315280482172966,0.010693120770156384,0.010693120770156384
965,965,0.006571512669324875,,,,,,,,,
966,966,,,0.35915157198905945,0.7671265602111816,0.35148727893829346,0.06678038835525513,0.03749736025929451,0.03155883401632309,0.010631234385073185,0.010631234385073185
966,966,0.006542237009853125,,,,,,,,,
967,967,,,0.35783815383911133,0.7659022212028503,0.3502506911754608,0.06655225902795792,0.0374121330678463,0.031589068472385406,0.010569961741566658,0.010569961741566658
967,967,0.006513169966638088,,,,,,,,,
968,968,,,0.356534481048584,0.764668881893158,0.3490230143070221,0.06632804125547409,0.03733149543404579,0.0316186286509037,0.01050929818302393,0.01050929818302393
968,968,0.0064843082800507545,,,,,,,,,
969,969,,,0.3552400767803192,0.7634262442588806,0.3478037714958191,0.06610766053199768,0.037255484610795975,0.03164759650826454,0.010449221357703209,0.010449221357703209
969,969,0.006455657538026571,,,,,,,,,
970,970,,,0.353954941034317,0.7621746063232422,0.3465929329395294,0.0658910796046257,0.03718406707048416,0.03167593479156494,0.010389723815023899,0.010389723815023899
970,970,0.006427205167710781,,,,,,,,,
971,971,,,0.35267865657806396,0.760914146900177,0.34539011120796204,0.06567823886871338,0.03711729496717453,0.031703777611255646,0.01033079158514738,0.01033079158514738
971,971,0.006398952100425959,,,,,,,,,
972,972,,,0.3514109253883362,0.7596456408500671,0.3441948890686035,0.06546904146671295,0.03705504909157753,0.03173092380166054,0.010272404178977013,0.010272404178977013
972,972,0.006370897404849529,,,,,,,,,
973,973,,,0.3501519560813904,0.7583690285682678,0.3430076837539673,0.06526336818933487,0.03699732571840286,0.03175727650523186,0.010214561596512794,0.010214561596512794
973,973,0.006343034561723471,,,,,,,,,
974,974,,,0.34890151023864746,0.7570844292640686,0.3418281376361847,0.06506115198135376,0.03694404289126396,0.031782928854227066,0.010157248936593533,0.010157248936593533
974,974,0.006315369624644518,,,,,,,,,
975,975,,,0.3476596772670746,0.7557918429374695,0.34065648913383484,0.064862459897995,0.03689536079764366,0.031808044761419296,0.010100475512444973,0.010100475512444973
975,975,0.006287886295467615,,,,,,,,,
976,976,,,0.34642648696899414,0.7544920444488525,0.33949267864227295,0.06466718018054962,0.03685146942734718,0.031832534819841385,0.010044236667454243,0.010044236667454243
976,976,0.006260593421757221,,,,,,,,,
977,977,,,0.3452012836933136,0.753184974193573,0.3383359909057617,0.0644751787185669,0.036812249571084976,0.031856242567300797,0.009988494217395782,0.009988494217395782
977,977,0.006233485881239176,,,,,,,,,
978,978,,,0.3439837098121643,0.7518711090087891,0.3371860384941101,0.06428633630275726,0.036777615547180176,0.03187912330031395,0.009933233261108398,0.009933233261108398
978,978,0.0062065585516393185,,,,,,,,,
979,979,,,0.3427741229534149,0.7505505681037903,0.33604323863983154,0.06410069763660431,0.036747656762599945,0.03190134838223457,0.00987846776843071,0.00987846776843071
979,979,0.006179808638989925,,,,,,,,,
980,980,,,0.34157243371009827,0.7492230534553528,0.33490774035453796,0.06391816586256027,0.036722153425216675,0.03192288428544998,0.00982418842613697,0.00982418842613697
980,980,0.006153237074613571,,,,,,,,,
981,981,,,0.34037864208221436,0.7478890419006348,0.33377936482429504,0.06373873353004456,0.036700837314128876,0.031943805515766144,0.009770393371582031,0.009770393371582031
981,981,0.0061268373392522335,,,,,,,,,
982,982,,,0.3391919732093811,0.7465487718582153,0.3326572775840759,0.06356225907802582,0.03668409585952759,0.03196405619382858,0.009717049077153206,0.009717049077153206
982,982,0.006100610829889774,,,,,,,,,
983,983,,,0.33801278471946716,0.7452022433280945,0.3315419554710388,0.06338871270418167,0.03667188063263893,0.03198357671499252,0.009664162993431091,0.009664162993431091
983,983,0.00607455475255847,,,,,,,,,
984,984,,,0.33684074878692627,0.74385005235672,0.3304329514503479,0.06321795284748077,0.0366642102599144,0.032002270221710205,0.009611716493964195,0.009611716493964195
984,984,0.006048659328371286,,,,,,,,,
985,985,,,0.33567550778388977,0.7424925565719604,0.3293299078941345,0.06304994225502014,0.03666093945503235,0.0320202112197876,0.009559698402881622,0.009559698402881622
985,985,0.006022932007908821,,,,,,,,,
986,986,,,0.33451738953590393,0.741129457950592,0.32823315262794495,0.06288467347621918,0.03666209802031517,0.03203759342432022,0.00950811617076397,0.00950811617076397
986,986,0.005997369531542063,,,,,,,,,
987,987,,,0.3333663046360016,0.739761233329773,0.32714274525642395,0.06272216141223907,0.036667339503765106,0.03205445036292076,0.00945697259157896,0.00945697259157896
987,987,0.005971960257738829,,,,,,,,,
988,988,,,0.33222174644470215,0.7383882403373718,0.32605811953544617,0.06256216764450073,0.03667661175131798,0.03207046166062355,0.009406233206391335,0.009406233206391335
988,988,0.005946713499724865,,,,,,,,,
989,989,,,0.33108383417129517,0.7370100021362305,0.3249794542789459,0.062404680997133255,0.036690086126327515,0.03208574280142784,0.009355899877846241,0.009355899877846241
989,989,0.005921616684645414,,,,,,,,,
990,990,,,0.32995209097862244,0.7356263995170593,0.32390615344047546,0.062249671667814255,0.03670745715498924,0.03210044652223587,0.009305953979492188,0.009305953979492188
990,990,0.005896677728742361,,,,,,,,,
991,991,,,0.3288264870643616,0.7342378497123718,0.3228381872177124,0.06209708750247955,0.03672891482710838,0.03211450204253197,0.009256389923393726,0.009256389923393726
991,991,0.005871884524822235,,,,,,,,,
992,992,,,0.3277067542076111,0.7328449487686157,0.32177525758743286,0.06194685399532318,0.03675432130694389,0.032127879559993744,0.009207199327647686,0.009207199327647686
992,992,0.005847240798175335,,,,,,,,,
993,993,,,0.3265933096408844,0.7314481139183044,0.3207179307937622,0.06179890036582947,0.036783624440431595,0.03214060142636299,0.009158396162092686,0.009158396162092686
993,993,0.005822742823511362,,,,,,,,,
994,994,,,0.32548606395721436,0.7300472855567932,0.3196660876274109,0.06165318563580513,0.03681677579879761,0.0321526937186718,0.009109970182180405,0.009109970182180405
994,994,0.005798386875540018,,,,,,,,,
995,995,,,0.32438498735427856,0.7286425828933716,0.31861966848373413,0.06150968372821808,0.0368533693253994,0.03216426447033882,0.009061923250555992,0.009061923250555992
995,995,0.00577417341992259,,,,,,,,,
996,996,,,0.32328900694847107,0.7272337079048157,0.3175775706768036,0.061368320137262344,0.03689349442720413,0.032175254076719284,0.009014209732413292,0.009014209732413292
996,996,0.005750100128352642,,,,,,,,,
997,997,,,0.3221985399723053,0.7258208990097046,0.3165401220321655,0.061228957027196884,0.03693731129169464,0.03218548744916916,0.008966835215687752,0.008966835215687752
997,997,0.005726164672523737,,,,,,,,,
998,998,,,0.3211132884025574,0.7244040966033936,0.3155072331428528,0.06109161302447319,0.036984335631132126,0.03219514340162277,0.008919792249798775,0.008919792249798775
998,998,0.005702358670532703,,,,,,,,,
999,999,,0.005678688641637564,,,,,,,,
999,999,,,0.32003340125083923,0.722983717918396,0.31447890400886536,0.06095627322793007,0.03703468292951584,0.03220437467098236,0.008873089216649532,0.008873089216649532
999,999,0.005678688641637564,,,,,,,,,
1000,1000,,,0.3189586102962494,0.7215598225593567,0.3134549558162689,0.06082283705472946,0.03708813712000847,0.0322130061686039,0.008826710283756256,0.008826710283756256
1000,1000,0.005655147600919008,,,,,,,,,
1001,1001,,,0.31788939237594604,0.7201325297355652,0.31243589520454407,0.06069125980138779,0.037144679576158524,0.03222113847732544,0.008780667558312416,0.008780667558312416
1001,1001,0.005631732288748026,,,,,,,,,
1002,1002,,,0.3168250620365143,0.7187021374702454,0.3114209771156311,0.06056150794029236,0.037204135209321976,0.03222870081663132,0.008734938688576221,0.008734938688576221
1002,1002,0.00560845248401165,,,,,,,,,
1003,1003,,,0.31576552987098694,0.7172689437866211,0.3104100227355957,0.060433488339185715,0.03726679086685181,0.03223562613129616,0.008689513429999352,0.008689513429999352
1003,1003,0.005585290491580963,,,,,,,,,
1004,1004,,,0.31471043825149536,0.7158328294754028,0.3094026744365692,0.06030719354748726,0.037332192063331604,0.0322420559823513,0.008644381538033485,0.008644381538033485
1004,1004,0.00556225748732686,,,,,,,,,
1005,1005,,,0.31365999579429626,0.7143937349319458,0.3083992600440979,0.0601826086640358,0.03740017116069794,0.03224805369973183,0.008599551394581795,0.008599551394581795
1005,1005,0.005539336241781712,,,,,,,,,
1006,1006,,,0.3126141130924225,0.7129514813423157,0.30739960074424744,0.060059625655412674,0.03747062757611275,0.03225360065698624,0.008555008098483086,0.008555008098483086
1006,1006,0.0055165402591228485,,,,,,,,,
1007,1007,,,0.31157273054122925,0.7115064859390259,0.3064037561416626,0.059938229620456696,0.03754347562789917,0.03225867822766304,0.008510754443705082,0.008510754443705082
1007,1007,0.0054938592948019505,,,,,,,,,
1008,1008,,,0.31053587794303894,0.7100586891174316,0.30541178584098816,0.0598183199763298,0.03761857748031616,0.03226323053240776,0.008466783910989761,0.008466783910989761
1008,1008,0.005471295211464167,,,,,,,,,
1009,1009,,,0.3095032274723053,0.7086082696914673,0.30442315340042114,0.0596998892724514,0.03769633546471596,0.032267261296510696,0.008423084393143654,0.008423084393143654
1009,1009,0.005448843818157911,,,,,,,,,
1010,1010,,,0.3084748387336731,0.7071550488471985,0.30343806743621826,0.05958295986056328,0.03777613118290901,0.032270971685647964,0.008379660546779633,0.008379660546779633
1010,1010,0.005426506511867046,,,,,,,,,
1011,1011,,,0.3074502646923065,0.7056996822357178,0.30245593190193176,0.059467483311891556,0.03785789757966995,0.03227431699633598,0.008336498402059078,0.008336498402059078
1011,1011,0.0054042749106884,,,,,,,,,
1012,1012,,,0.3064296543598175,0.7042422890663147,0.30147701501846313,0.05935332924127579,0.037941671907901764,0.032277148216962814,0.008293594233691692,0.008293594233691692
1012,1012,0.005382157862186432,,,,,,,,,
1013,1013,,,0.30541273951530457,0.7027828693389893,0.30050092935562134,0.059240423142910004,0.038027096539735794,0.03227943554520607,0.008250933140516281,0.008250933140516281
1013,1013,0.0053601390682160854,,,,,,,,,
1014,1014,,,0.3043998181819916,0.7013205885887146,0.29952824115753174,0.05912885069847107,0.038114406168460846,0.03228141367435455,0.008208530955016613,0.008208530955016613
1014,1014,0.005338230170309544,,,,,,,,,
1015,1015,,,0.3033908009529114,0.6998562812805176,0.2985585927963257,0.059018611907958984,0.038203347474336624,0.032283131033182144,0.008166385814547539,0.008166385814547539
1015,1015,0.005316425114870071,,,,,,,,,
1016,1016,,,0.3023850917816162,0.6983895897865295,0.29759150743484497,0.05890956521034241,0.03829409182071686,0.03228439763188362,0.00812446977943182,0.00812446977943182
1016,1016,0.005294719710946083,,,,,,,,,
1017,1017,,,0.3013830780982971,0.6969208121299744,0.29662731289863586,0.058801669627428055,0.03838589787483215,0.032285306602716446,0.008082790300250053,0.008082790300250053
1017,1017,0.005273118149489164,,,,,,,,,
1018,1018,,,0.3003844618797302,0.695449709892273,0.29566577076911926,0.058694932609796524,0.03847886994481087,0.0322859026491642,0.008041342720389366,0.008041342720389366
1018,1018,0.005251612048596144,,,,,,,,,
1019,1019,,,0.2993893325328827,0.6939769387245178,0.29470694065093994,0.05858929827809334,0.03857330605387688,0.03228609636425972,0.008000126108527184,0.008000126108527184
1019,1019,0.00523020513355732,,,,,,,,,
1020,1020,,,0.2983974516391754,0.6925022602081299,0.2937505841255188,0.05848471820354462,0.03866869956254959,0.032285965979099274,0.007959132082760334,0.007959132082760334
1020,1020,0.005208893213421106,,,,,,,,,
1021,1021,,,0.2974088788032532,0.691025972366333,0.29279670119285583,0.05838119611144066,0.0387655608355999,0.03228543698787689,0.007918360643088818,0.007918360643088818
1021,1021,0.005187673959881067,,,,,,,,,
1022,1022,,,0.2964234948158264,0.6895476579666138,0.29184526205062866,0.05827872455120087,0.03886328637599945,0.0322846919298172,0.007877808064222336,0.007877808064222336
1022,1022,0.005166549701243639,,,,,,,,,
1023,1023,,,0.2954411506652832,0.6880672574043274,0.29089605808258057,0.05817730724811554,0.038961637765169144,0.03228376805782318,0.00783747062087059,0.00783747062087059
1023,1023,0.005145520903170109,,,,,,,,,
1024,1024,,,0.2944619953632355,0.6865851283073425,0.2899492084980011,0.058076780289411545,0.03906094655394554,0.03228246420621872,0.007797341328114271,0.007797341328114271
1024,1024,0.0051245782524347305,,,,,,,,,
1025,1025,,,0.29348599910736084,0.685100793838501,0.2890048325061798,0.0579771026968956,0.039160557091236115,0.03228074684739113,0.007757414132356644,0.007757414132356644
1025,1025,0.005103727336972952,,,,,,,,,
1026,1026,,,0.29251253604888916,0.6836149096488953,0.2880622148513794,0.057878341525793076,0.03926093131303787,0.03227875754237175,0.007717682048678398,0.007717682048678398
1026,1026,0.0050829635001719,,,,,,,,,
1027,1027,,,0.291542112827301,0.6821275353431702,0.28712180256843567,0.057780515402555466,0.039361871778964996,0.03227658197283745,0.007678159512579441,0.007678159512579441
1027,1027,0.005062286276370287,,,,,,,,,
1028,1028,,,0.29057446122169495,0.6806384325027466,0.2861833870410919,0.05768360570073128,0.039463236927986145,0.032274261116981506,0.007638836279511452,0.007638836279511452
1028,1028,0.005041691940277815,,,,,,,,,
1029,1029,,,0.28960931301116943,0.6791476607322693,0.2852466106414795,0.057587478309869766,0.03956499695777893,0.03227159380912781,0.007599694654345512,0.007599694654345512
1029,1029,0.005021188408136368,,,,,,,,,
1030,1030,,,0.288646936416626,0.6776553988456726,0.2843117117881775,0.057492081075906754,0.039667196571826935,0.03226855769753456,0.007560740225017071,0.007560740225017071
1030,1030,0.005000758916139603,,,,,,,,,
1031,1031,,,0.28768736124038696,0.6761615872383118,0.283378928899765,0.05739738419651985,0.03976946324110031,0.03226518630981445,0.0075219739228487015,0.0075219739228487015
1031,1031,0.004980419296771288,,,,,,,,,
1032,1032,,,0.28673067688941956,0.6746658682823181,0.2824482321739197,0.0573035404086113,0.03987158089876175,0.03226178139448166,0.007483405061066151,0.007483405061066151
1032,1032,0.004960156045854092,,,,,,,,,
1033,1033,,,0.2857765555381775,0.6731685400009155,0.2815193831920624,0.057210445404052734,0.03997381031513214,0.03225816786289215,0.007445020601153374,0.007445020601153374
1033,1033,0.004939973820000887,,,,,,,,,
1034,1034,,,0.28482481837272644,0.6716692447662354,0.2805921137332916,0.05711806192994118,0.040076084434986115,0.03225432336330414,0.007406808435916901,0.007406808435916901
1034,1034,0.004919872619211674,,,,,,,,,
1035,1035,,,0.28387516736984253,0.6701682806015015,0.27966609597206116,0.05702637508511543,0.04017812758684158,0.032250311225652695,0.007368763443082571,0.007368763443082571
1035,1035,0.004899848252534866,,,,,,,,,
1036,1036,,,0.28292790055274963,0.6686660051345825,0.2787415683269501,0.05693529173731804,0.04028036817908287,0.032245974987745285,0.007330887019634247,0.007330887019634247
1036,1036,0.004879899322986603,,,,,,,,,
1037,1037,,,0.281982958316803,0.6671624779701233,0.2778184413909912,0.056844763457775116,0.04038229584693909,0.032241322100162506,0.007293174974620342,0.007293174974620342
1037,1037,0.0048600295558571815,,,,,,,,,
1038,1038,,,0.2810409367084503,0.6656574010848999,0.2768975496292114,0.056754957884550095,0.04048391431570053,0.03223661705851555,0.007255655713379383,0.007255655713379383
1038,1038,0.004840229172259569,,,,,,,,,
1039,1039,,,0.2801011800765991,0.664151132106781,0.275978147983551,0.056665778160095215,0.0405849888920784,0.03223174065351486,0.007218305952847004,0.007218305952847004
1039,1039,0.004820507951080799,,,,,,,,,
1040,1040,,,0.2791635990142822,0.6626427173614502,0.2750602066516876,0.0565771758556366,0.04068582504987717,0.03222671523690224,0.007181116379797459,0.007181116379797459
1040,1040,0.004800857976078987,,,,,,,,,
1041,1041,,,0.278228223323822,0.6611329317092896,0.2741435468196869,0.05648904666304588,0.04078612104058266,0.032221317291259766,0.007144078612327576,0.007144078612327576
1041,1041,0.0047812797129154205,,,,,,,,,
1042,1042,,,0.277294784784317,0.6596213579177856,0.2732280492782593,0.056401416659355164,0.04088592901825905,0.032215703278779984,0.007107192650437355,0.007107192650437355
1042,1042,0.004761772230267525,,,,,,,,,
1043,1043,,,0.2763635814189911,0.6581084132194519,0.27231383323669434,0.056314416229724884,0.04098515957593918,0.03221006318926811,0.007070471066981554,0.007070471066981554
1043,1043,0.004742337856441736,,,,,,,,,
1044,1044,,,0.2754347324371338,0.6565938591957092,0.27140116691589355,0.056228041648864746,0.04108380898833275,0.03220440447330475,0.007033918984234333,0.007033918984234333
1044,1044,0.004722974728792906,,,,,,,,,
1045,1045,,,0.27450791001319885,0.6550779938697815,0.2704898416996002,0.05614205449819565,0.041181858628988266,0.03219839185476303,0.006997514050453901,0.006997514050453901
1045,1045,0.004703674931079149,,,,,,,,,
1046,1046,,,0.27358323335647583,0.6535611152648926,0.26957976818084717,0.056056492030620575,0.04127920791506767,0.032192081212997437,0.006961260922253132,0.006961260922253132
1046,1046,0.004684447310864925,,,,,,,,,
1047,1047,,,0.27266091108322144,0.6520424485206604,0.26867130398750305,0.055971354246139526,0.04137571156024933,0.03218553215265274,0.006925162393599749,0.006925162393599749
1047,1047,0.004665283020585775,,,,,,,,,
1048,1048,,,0.2717406153678894,0.6505217552185059,0.26776406168937683,0.055886801332235336,0.04147157073020935,0.03217903524637222,0.0068892184644937515,0.0068892184644937515
1048,1048,0.004646190442144871,,,,,,,,,
1049,1049,,0.004627159796655178,,,,,,,,
1049,1049,,,0.2708219885826111,0.6489992141723633,0.2668576240539551,0.05580274388194084,0.04156641662120819,0.03217250853776932,0.006853414699435234,0.006853414699435234
1049,1049,0.004627159796655178,,,,,,,,,
1050,1050,,,0.26990529894828796,0.6474756002426147,0.2659521996974945,0.05571901798248291,0.041660476475954056,0.03216567263007164,0.006817752029746771,0.006817752029746771
1050,1050,0.0046081990003585815,,,,,,,,,
1051,1051,,,0.2689906060695648,0.6459503769874573,0.26504790782928467,0.05563557520508766,0.04175379127264023,0.0321585014462471,0.006782224867492914,0.006782224867492914
1051,1051,0.004589300602674484,,,,,,,,,
1052,1052,,,0.2680780589580536,0.6444241404533386,0.2641451060771942,0.05555255338549614,0.04184592887759209,0.03215118125081062,0.006746851839125156,0.006746851839125156
1052,1052,0.004570465534925461,,,,,,,,,
1053,1053,,,0.2671677768230438,0.642896294593811,0.263243705034256,0.05546997860074043,0.04193717613816261,0.03214380145072937,0.006711631081998348,0.006711631081998348
1053,1053,0.004551694728434086,,,,,,,,,
1054,1054,,,0.26625946164131165,0.641366720199585,0.2623435854911804,0.05538782477378845,0.04202743619680405,0.032136380672454834,0.006676557473838329,0.006676557473838329
1054,1054,0.004532984457910061,,,,,,,,,
1055,1055,,,0.26535263657569885,0.6398357152938843,0.2614438831806183,0.05530600994825363,0.042116593569517136,0.03212875500321388,0.00664160680025816,0.00664160680025816
1055,1055,0.0045143370516598225,,,,,,,,,
1056,1056,,,0.2644474506378174,0.6383030414581299,0.2605449855327606,0.0552244670689106,0.042204905301332474,0.032120849937200546,0.006606782786548138,0.006606782786548138
1056,1056,0.004495751112699509,,,,,,,,,
1057,1057,,,0.26354435086250305,0.6367689967155457,0.2596473693847656,0.05514316260814667,0.04229188710451126,0.03211265802383423,0.0065720947459340096,0.0065720947459340096
1057,1057,0.004477229900658131,,,,,,,,,
1058,1058,,,0.262643426656723,0.6352331638336182,0.25875115394592285,0.055062323808670044,0.042377762496471405,0.0321044959127903,0.0065375566482543945,0.0065375566482543945
1058,1058,0.004458765499293804,,,,,,,,,
1059,1059,,,0.26174455881118774,0.633695662021637,0.2578562796115875,0.054981883615255356,0.042462754994630814,0.03209633380174637,0.006503166630864143,0.006503166630864143
1059,1059,0.004440363962203264,,,,,,,,,
1060,1060,,,0.2608477473258972,0.6321573257446289,0.2569625973701477,0.054901640862226486,0.04254647344350815,0.032087840139865875,0.006468911189585924,0.006468911189585924
1060,1060,0.0044220187701284885,,,,,,,,,
1061,1061,,,0.2599524259567261,0.6306172609329224,0.2560695707798004,0.05482161045074463,0.042628996074199677,0.032079070806503296,0.006434772163629532,0.006434772163629532
1061,1061,0.00440372945740819,,,,,,,,,
1062,1062,,,0.2590588629245758,0.6290754079818726,0.25517737865448,0.054741933941841125,0.04271039366722107,0.03207024186849594,0.006400764919817448,0.006400764919817448
1062,1062,0.0043855044059455395,,,,,,,,,
1063,1063,,,0.2581672668457031,0.627531886100769,0.25428637862205505,0.05466252565383911,0.04279043897986412,0.03206123039126396,0.006366889923810959,0.006366889923810959
1063,1063,0.004367335699498653,,,,,,,,,
1064,1064,,,0.2572775185108185,0.6259871125221252,0.25339633226394653,0.054583415389060974,0.04286934807896614,0.032052114605903625,0.00633314810693264,0.00633314810693264
1064,1064,0.004349222872406244,,,,,,,,,
1065,1065,,,0.2563897371292114,0.6244407892227173,0.2525075376033783,0.05450455844402313,0.04294697567820549,0.032042864710092545,0.006299540400505066,0.006299540400505066
1065,1065,0.004331168718636036,,,,,,,,,
1066,1066,,,0.2555040121078491,0.6228929162025452,0.25161993503570557,0.05442587658762932,0.0430230014026165,0.03203336521983147,0.006266061682254076,0.006266061682254076
1066,1066,0.004313171375542879,,,,,,,,,
1067,1067,,,0.254619836807251,0.6213433742523193,0.2507331073284149,0.05434747040271759,0.043098095804452896,0.03202374652028084,0.00623270682990551,0.00623270682990551
1067,1067,0.004295231308788061,,,,,,,,,
1068,1068,,,0.2537374198436737,0.6197922825813293,0.2498471736907959,0.054269250482320786,0.04317189380526543,0.03201393410563469,0.006199472583830357,0.006199472583830357
1068,1068,0.004277343861758709,,,,,,,,,
1069,1069,,,0.2528567314147949,0.6182401180267334,0.24896207451820374,0.05419125780463219,0.043244559317827225,0.03200390562415123,0.006166365928947926,0.006166365928947926
1069,1069,0.004259512294083834,,,,,,,,,
1070,1070,,,0.2519780993461609,0.6166863441467285,0.24807825684547424,0.05411352217197418,0.0433158241212368,0.03199382126331329,0.006133392918854952,0.006133392918854952
1070,1070,0.004241733346134424,,,,,,,,,
1071,1071,,,0.25110164284706116,0.6151309013366699,0.24719586968421936,0.054035961627960205,0.04338570684194565,0.03198353573679924,0.006100551225244999,0.006100551225244999
1071,1071,0.00422401400282979,,,,,,,,,
1072,1072,,,0.2502269744873047,0.6135740280151367,0.2463144063949585,0.053958531469106674,0.04345410689711571,0.03197300061583519,0.006067829206585884,0.006067829206585884
1072,1072,0.004206342156976461,,,,,,,,,
1073,1073,,,0.24935415387153625,0.6120153069496155,0.2454340010881424,0.05388133227825165,0.04352094978094101,0.03196235001087189,0.00603523151949048,0.00603523151949048
1073,1073,0.004188728518784046,,,,,,,,,
1074,1074,,,0.2484830617904663,0.6104549765586853,0.2445545196533203,0.05380432680249214,0.043586645275354385,0.03195151314139366,0.006002754904329777,0.006002754904329777
1074,1074,0.0041711702942848206,,,,,,,,,
1075,1075,,,0.24761369824409485,0.6088931560516357,0.2436758428812027,0.05372754484415054,0.04365119710564613,0.03194056451320648,0.005970401223748922,0.005970401223748922
1075,1075,0.004153662361204624,,,,,,,,,
1076,1076,,,0.2467462718486786,0.6073302030563354,0.2427983433008194,0.0536508783698082,0.04371459037065506,0.0319293849170208,0.005938172340393066,0.005938172340393066
1076,1076,0.004136207513511181,,,,,,,,,
1077,1077,,,0.2458808571100235,0.605765700340271,0.24192215502262115,0.05357438325881958,0.04377640038728714,0.031918004155159,0.005906068719923496,0.005906068719923496
1077,1077,0.004118805751204491,,,,,,,,,
1078,1078,,,0.24501729011535645,0.6041997075080872,0.2410469353199005,0.05349801853299141,0.043836697936058044,0.03190644830465317,0.005874085705727339,0.005874085705727339
1078,1078,0.00410145428031683,,,,,,,,,
1079,1079,,,0.24415571987628937,0.6026323437690735,0.2401728332042694,0.05342181771993637,0.043895378708839417,0.03189472109079361,0.005842225626111031,0.005842225626111031
1079,1079,0.004084156360477209,,,,,,,,,
1080,1080,,,0.24329617619514465,0.6010632514953613,0.23930004239082336,0.05334576219320297,0.04395296052098274,0.03188282623887062,0.00581049220636487,0.00581049220636487
1080,1080,0.004066909197717905,,,,,,,,,
1081,1081,,,0.24243871867656708,0.5994922518730164,0.23842860758304596,0.05326982960104942,0.04400929808616638,0.03187073394656181,0.005778882186859846,0.005778882186859846
1081,1081,0.004049715120345354,,,,,,,,,
1082,1082,,,0.24158284068107605,0.5979198813438416,0.23755788803100586,0.053194012492895126,0.044064342975616455,0.0318584069609642,0.005747382994741201,0.005747382994741201
1082,1082,0.004032570868730545,,,,,,,,,
1083,1083,,,0.24072861671447754,0.5963462591171265,0.23668798804283142,0.05311834439635277,0.04411790147423744,0.03184593841433525,0.005716000683605671,0.005716000683605671
1083,1083,0.004015475511550903,,,,,,,,,
1084,1084,,,0.2398763746023178,0.5947716236114502,0.2358192503452301,0.05304280295968056,0.044169917702674866,0.03183329850435257,0.005684742704033852,0.005684742704033852
1084,1084,0.003998430445790291,,,,,,,,,
1085,1085,,,0.23902627825737,0.5931951999664307,0.2349519431591034,0.052967369556427,0.044220633804798126,0.03182046115398407,0.005653608590364456,0.005653608590364456
1085,1085,0.003981440793722868,,,,,,,,,
1086,1086,,,0.23817850649356842,0.5916173458099365,0.23408621549606323,0.05289209261536598,0.044269856065511703,0.03180745616555214,0.00562260439619422,0.00562260439619422
1086,1086,0.003964496776461601,,,,,,,,,
1087,1087,,,0.2373325675725937,0.5900381803512573,0.23322148621082306,0.05281681567430496,0.04431780427694321,0.031794119626283646,0.0055917114950716496,0.0055917114950716496
1087,1087,0.003947604913264513,,,,,,,,,
1088,1088,,,0.2364884465932846,0.5884571075439453,0.23235782980918884,0.05274169519543648,0.044364262372255325,0.03178068622946739,0.005560935940593481,0.005560935940593481
1088,1088,0.00393076054751873,,,,,,,,,
1089,1089,,,0.23564620316028595,0.5868749618530273,0.23149524629116058,0.05266669765114784,0.04440939426422119,0.03176708146929741,0.005530280061066151,0.005530280061066151
1089,1089,0.0039139678701758385,,,,,,,,,
1090,1090,,,0.23480618000030518,0.5852908492088318,0.2306341826915741,0.05259178578853607,0.044453468173742294,0.03175322711467743,0.005499746650457382,0.005499746650457382
1090,1090,0.003897223388776183,,,,,,,,,
1091,1091,,,0.23396819829940796,0.583705484867096,0.22977443039417267,0.052516937255859375,0.04449605196714401,0.03173917531967163,0.0054693324491381645,0.0054693324491381645
1091,1091,0.0038805268704891205,,,,,,,,,
1092,1092,,,0.2331320345401764,0.5821192860603333,0.22891563177108765,0.05244215205311775,0.04453730210661888,0.03172488138079643,0.005439033731818199,0.005439033731818199
1092,1092,0.0038638825062662363,,,,,,,,,
1093,1093,,,0.23229828476905823,0.5805313587188721,0.2280586063861847,0.052367545664310455,0.04457678273320198,0.03171055391430855,0.005408867262303829,0.005408867262303829
1093,1093,0.0038472842425107956,,,,,,,,,
1094,1094,,,0.23146657645702362,0.578942060470581,0.2272028625011444,0.052292972803115845,0.04461506009101868,0.03169592469930649,0.0053788162767887115,0.0053788162767887115
1094,1094,0.0038307367358356714,,,,,,,,,
1095,1095,,,0.23063696920871735,0.5773512125015259,0.22634835541248322,0.05221842601895332,0.04465188831090927,0.03168096765875816,0.005348877981305122,0.005348877981305122
1095,1095,0.0038142348639667034,,,,,,,,,
1096,1096,,,0.2298090010881424,0.5757596492767334,0.22549471259117126,0.05214391648769379,0.04468761011958122,0.03166579455137253,0.005319051910191774,0.005319051910191774
1096,1096,0.003797781653702259,,,,,,,,,
1097,1097,,,0.22898322343826294,0.5741666555404663,0.22464261949062347,0.052069514989852905,0.0447223037481308,0.03165047615766525,0.0052893515676259995,0.0052893515676259995
1097,1097,0.003781376639381051,,,,,,,,,
1098,1098,,,0.22815966606140137,0.5725718140602112,0.2237921804189682,0.05199522152543068,0.04475539177656174,0.03163500502705574,0.005259772762656212,0.005259772762656212
1098,1098,0.0037650226149708033,,,,,,,,,
1099,1099,,0.003748710500076413,,,,,,,,
1099,1099,,,0.22733846306800842,0.5709753036499023,0.22294338047504425,0.05192108452320099,0.044787075370550156,0.03161946311593056,0.005230321548879147,0.005230321548879147
1099,1099,0.003748710500076413,,,,,,,,,
1100,1100,,,0.22651918232440948,0.5693778395652771,0.22209563851356506,0.05184690281748772,0.04481750354170799,0.03160357102751732,0.005200978834182024,0.005200978834182024
1100,1100,0.003732450073584914,,,,,,,,,
1101,1101,,,0.22570239007472992,0.5677794814109802,0.22124962508678436,0.051772698760032654,0.04484669119119644,0.03158731013536453,0.005171759054064751,0.005171759054064751
1101,1101,0.003716240404173732,,,,,,,,,
1102,1102,,,0.22488771378993988,0.5661798119544983,0.22040505707263947,0.05169852077960968,0.04487400874495506,0.03157081454992294,0.00514265289530158,0.00514265289530158
1102,1102,0.003700070781633258,,,,,,,,,
1103,1103,,,0.22407522797584534,0.5645787715911865,0.21956214308738708,0.05162448436021805,0.044900182634592056,0.031554214656353,0.005113673396408558,0.005113673396408558
1103,1103,0.0036839544773101807,,,,,,,,,
1104,1104,,,0.2232646942138672,0.5629764199256897,0.21872051060199738,0.05155054107308388,0.04492540657520294,0.0315374881029129,0.005084811709821224,0.005084811709821224
1104,1104,0.0036678840406239033,,,,,,,,,
1105,1105,,,0.22245636582374573,0.5613733530044556,0.21788029372692108,0.05147666484117508,0.04494963958859444,0.03152060508728027,0.005056073423475027,0.005056073423475027
1105,1105,0.0036518583074212074,,,,,,,,,
1106,1106,,,0.2216501235961914,0.5597688555717468,0.21704144775867462,0.051402706652879715,0.04497255012392998,0.03150326758623123,0.005027440842241049,0.005027440842241049
1106,1106,0.0036358791403472424,,,,,,,,,
1107,1107,,,0.22084632515907288,0.5581631064414978,0.21620434522628784,0.051328789442777634,0.04499364271759987,0.03148571774363518,0.004998928401619196,0.004998928401619196
1107,1107,0.003619950730353594,,,,,,,,,
1108,1108,,,0.22004500031471252,0.5565556883811951,0.21536922454833984,0.05125490203499794,0.045013464987277985,0.03146795555949211,0.00497053936123848,0.00497053936123848
1108,1108,0.0036040698178112507,,,,,,,,,
1109,1109,,,0.21924607455730438,0.5549474358558655,0.2145358920097351,0.0511811189353466,0.04503178969025612,0.03145007789134979,0.004942277446389198,0.004942277446389198
1109,1109,0.003588232211768627,,,,,,,,,
1110,1110,,,0.21844923496246338,0.5533385276794434,0.21370390057563782,0.051107387989759445,0.04504959285259247,0.03143199533224106,0.004914135672152042,0.004914135672152042
1110,1110,0.0035724430344998837,,,,,,,,,
1111,1111,,,0.2176545113325119,0.5517284870147705,0.21287332475185394,0.05103364586830139,0.0450659804046154,0.031413644552230835,0.004886105190962553,0.004886105190962553
1111,1111,0.0035566987935453653,,,,,,,,,
1112,1112,,,0.21686196327209473,0.550117015838623,0.2120443731546402,0.050959907472133636,0.04508116841316223,0.03139498829841614,0.0048581878654658794,0.0048581878654658794
1112,1112,0.003541002981364727,,,,,,,,,
1113,1113,,,0.21607184410095215,0.5485047101974487,0.2112172693014145,0.0508861318230629,0.045094989240169525,0.031376007944345474,0.004830388352274895,0.004830388352274895
1113,1113,0.003525353269651532,,,,,,,,,
1114,1114,,,0.2152843028306961,0.5468915104866028,0.21039211750030518,0.05081251263618469,0.045107483863830566,0.031356990337371826,0.00480272201821208,0.00480272201821208
1114,1114,0.003509748261421919,,,,,,,,,
1115,1115,,,0.21449919044971466,0.5452774167060852,0.2095688283443451,0.050738971680402756,0.045118819922208786,0.03133787587285042,0.004775181878358126,0.004775181878358126
1115,1115,0.0034941912163048983,,,,,,,,,
1116,1116,,,0.21371647715568542,0.5436619520187378,0.2087472677230835,0.05066534876823425,0.04512913525104523,0.031318336725234985,0.004747751634567976,0.004747751634567976
1116,1116,0.003478681668639183,,,,,,,,,
1117,1117,,,0.2129361927509308,0.5420448184013367,0.20792770385742188,0.050591714680194855,0.04513814300298691,0.03129851073026657,0.004720437340438366,0.004720437340438366
1117,1117,0.0034632189199328423,,,,,,,,,
1118,1118,,,0.21215812861919403,0.5404274463653564,0.2071097195148468,0.05051808804273605,0.04514588415622711,0.03127845749258995,0.004693241789937019,0.004693241789937019
1118,1118,0.0034477992448955774,,,,,,,,,
1119,1119,,,0.21138209104537964,0.5388095378875732,0.20629310607910156,0.0504445806145668,0.04515255242586136,0.03125832974910736,0.0046661654487252235,0.0046661654487252235
1119,1119,0.003432429162785411,,,,,,,,,
1120,1120,,,0.21060870587825775,0.5371907949447632,0.20547865331172943,0.05037108436226845,0.04515800252556801,0.03123798593878746,0.004639213904738426,0.004639213904738426
1120,1120,0.003417101688683033,,,,,,,,,
1121,1121,,,0.2098379284143448,0.5355709791183472,0.20466627180576324,0.05029754340648651,0.04516249895095825,0.031217334792017937,0.004612382501363754,0.004612382501363754
1121,1121,0.003401821479201317,,,,,,,,,
1122,1122,,,0.20906992256641388,0.53395015001297,0.20385625958442688,0.05022395774722099,0.04516570270061493,0.03119635209441185,0.004585673101246357,0.004585673101246357
1122,1122,0.0033865899313241243,,,,,,,,,
1123,1123,,,0.2083042860031128,0.5323289632797241,0.2030480057001114,0.05015043169260025,0.04516775533556938,0.031175246462225914,0.004559085704386234,0.004559085704386234
1123,1123,0.003371401224285364,,,,,,,,,
1124,1124,,,0.20754089951515198,0.5307066440582275,0.2022414356470108,0.05007686838507652,0.04516875371336937,0.03115382418036461,0.0045326086692512035,0.0045326086692512035
1124,1124,0.003356262343004346,,,,,,,,,
1125,1125,,,0.20677980780601501,0.5290834903717041,0.20143671333789825,0.05000345781445503,0.045168522745370865,0.031132366508245468,0.004506255500018597,0.004506255500018597
1125,1125,0.003341170260682702,,,,,,,,,
1126,1126,,,0.20602120459079742,0.5274596214294434,0.20063403248786926,0.04993002861738205,0.04516718164086342,0.031110625714063644,0.004480021074414253,0.004480021074414253
1126,1126,0.003326121484860778,,,,,,,,,
1127,1127,,,0.20526550710201263,0.525835394859314,0.19983386993408203,0.04985656216740608,0.045164864510297775,0.031088577583432198,0.004453914240002632,0.004453914240002632
1127,1127,0.003311118809506297,,,,,,,,,
1128,1128,,,0.20451240241527557,0.5242104530334473,0.19903574883937836,0.049783021211624146,0.04516146704554558,0.0310661680996418,0.004427922423928976,0.004427922423928976
1128,1128,0.0032961631659418344,,,,,,,,,
1129,1129,,,0.20376190543174744,0.5225850343704224,0.1982397884130478,0.04970959573984146,0.04515695571899414,0.03104371950030327,0.0044020600616931915,0.0044020600616931915
1129,1129,0.003281256416812539,,,,,,,,,
1130,1130,,,0.20301377773284912,0.5209583640098572,0.19744573533535004,0.049636222422122955,0.04515145719051361,0.03102109581232071,0.004376313649117947,0.004376313649117947
1130,1130,0.0032663908787071705,,,,,,,,,
1131,1131,,,0.20226825773715973,0.5193314552307129,0.19665390253067017,0.049562856554985046,0.04514465481042862,0.030998289585113525,0.004350690171122551,0.004350690171122551
1131,1131,0.0032515735365450382,,,,,,,,,
1132,1132,,,0.20152530074119568,0.5177043676376343,0.1958642601966858,0.049489375203847885,0.045136794447898865,0.030975056812167168,0.004325182177126408,0.004325182177126408
1132,1132,0.0032368020620197058,,,,,,,,,
1133,1133,,,0.20078478753566742,0.5160770416259766,0.195076584815979,0.049415890127420425,0.045128121972084045,0.03095157817006111,0.004299791529774666,0.004299791529774666
1133,1133,0.003222079249098897,,,,,,,,,
1134,1134,,,0.2000468224287033,0.5144487023353577,0.19429108500480652,0.04934249445796013,0.04511868953704834,0.0309279952198267,0.004274524748325348,0.004274524748325348
1134,1134,0.0032073999755084515,,,,,,,,,
1135,1135,,,0.19931164383888245,0.5128201246261597,0.19350802898406982,0.04926912486553192,0.045107945799827576,0.030904263257980347,0.004249383695423603,0.004249383695423603
1135,1135,0.0031927693635225296,,,,,,,,,
1136,1136,,,0.19857920706272125,0.5111910104751587,0.19272732734680176,0.049195706844329834,0.045096348971128464,0.03088020533323288,0.004224362317472696,0.004224362317472696
1136,1136,0.0031781818252056837,,,,,,,,,
1137,1137,,,0.1978493332862854,0.5095617175102234,0.1919488161802292,0.04912222921848297,0.04508371651172638,0.030855894088745117,0.004199458286166191,0.004199458286166191
1137,1137,0.003163643181324005,,,,,,,,,
1138,1138,,,0.19712205231189728,0.5079320073127747,0.19117261469364166,0.049048811197280884,0.045069802552461624,0.03083142638206482,0.004174675792455673,0.004174675792455673
1138,1138,0.0031491508707404137,,,,,,,,,
1139,1139,,,0.19639752805233002,0.5063019394874573,0.19039885699748993,0.04897540807723999,0.04505499079823494,0.03080674447119236,0.004150017164647579,0.004150017164647579
1139,1139,0.0031347020994871855,,,,,,,,,
1140,1140,,,0.1956755816936493,0.5046717524528503,0.18962739408016205,0.0489019975066185,0.0450393445789814,0.030781809240579605,0.004125477280467749,0.004125477280467749
1140,1140,0.0031203022226691246,,,,,,,,,
1141,1141,,,0.1949562132358551,0.5030416250228882,0.18885809183120728,0.048828594386577606,0.045022934675216675,0.03075668402016163,0.004101058468222618,0.004101058468222618
1141,1141,0.0031059482134878635,,,,,,,,,
1142,1142,,,0.1942395269870758,0.5014112591743469,0.18809117376804352,0.04875525087118149,0.04500564932823181,0.03073144145309925,0.004076764453202486,0.004076764453202486
1142,1142,0.003091641701757908,,,,,,,,,
1143,1143,,,0.19352573156356812,0.49978020787239075,0.187327042222023,0.048681870102882385,0.044987332075834274,0.030705895274877548,0.004052590113133192,0.004052590113133192
1143,1143,0.0030773798935115337,,,,,,,,,
1144,1144,,,0.19281479716300964,0.49814921617507935,0.1865655481815338,0.04860842972993851,0.04496775567531586,0.03068004548549652,0.004028536379337311,0.004028536379337311
1144,1144,0.0030631660483777523,,,,,,,,,
1145,1145,,,0.19210641086101532,0.49651819467544556,0.1858062893152237,0.04853496327996254,0.04494715854525566,0.030653953552246094,0.004004598129540682,0.004004598129540682
1145,1145,0.0030489976052194834,,,,,,,,,
1146,1146,,,0.1914006471633911,0.4948873221874237,0.1850493997335434,0.048461612313985825,0.04492617025971413,0.030627841129899025,0.0039807893335819244,0.0039807893335819244
1146,1146,0.003034875961020589,,,,,,,,,
1147,1147,,,0.19069761037826538,0.49325650930404663,0.18429501354694366,0.0483882799744606,0.04490431398153305,0.030601581558585167,0.003957103006541729,0.003957103006541729
1147,1147,0.0030208013486117125,,,,,,,,,
1148,1148,,,0.1899973303079605,0.49162545800209045,0.18354320526123047,0.04831486940383911,0.04488151893019676,0.03057495504617691,0.003933531232178211,0.003933531232178211
1148,1148,0.003006773767992854,,,,,,,,,
1149,1149,,0.002992794616147876,,,,,,,,
1149,1149,,,0.18929970264434814,0.4899950325489044,0.18279379606246948,0.04824142903089523,0.04485778138041496,0.030548077076673508,0.003910078667104244,0.003910078667104244
1149,1149,0.002992794616147876,,,,,,,,,
1150,1150,,,0.18860483169555664,0.4883647561073303,0.1820470243692398,0.04816800355911255,0.04483314976096153,0.03052106313407421,0.003886749502271414,0.003886749502271414
1150,1150,0.0029788583051413298,,,,,,,,,
1151,1151,,,0.18791280686855316,0.4867347478866577,0.181303009390831,0.04809463024139404,0.044807590544223785,0.030493909493088722,0.0038635460659861565,0.0038635460659861565
1151,1151,0.00296497019007802,,,,,,,,,
1152,1152,,,0.18722344934940338,0.4851042926311493,0.18056152760982513,0.04802122339606285,0.04478136822581291,0.03046649508178234,0.003840457648038864,0.003840457648038864
1152,1152,0.002951128175482154,,,,,,,,,
1153,1153,,,0.18653683364391327,0.4834742844104767,0.17982253432273865,0.04794784635305405,0.044754378497600555,0.030438916757702827,0.003817490767687559,0.003817490767687559
1153,1153,0.002937332494184375,,,,,,,,,
1154,1154,,,0.18585304915905,0.4818446934223175,0.17908628284931183,0.04787444323301315,0.04472663998603821,0.03041115216910839,0.0037946465890854597,0.0037946465890854597
1154,1154,0.002923588501289487,,,,,,,,,
1155,1155,,,0.1851721554994583,0.4802153408527374,0.178352952003479,0.047801077365875244,0.04469788074493408,0.030383197590708733,0.0037719260435551405,0.0037719260435551405
1155,1155,0.0029098878148943186,,,,,,,,,
1156,1156,,,0.18449416756629944,0.4785866141319275,0.17762251198291779,0.04772770032286644,0.04466814175248146,0.030355026945471764,0.003749328665435314,0.003749328665435314
1156,1156,0.002896235091611743,,,,,,,,,
1157,1157,,,0.18381868302822113,0.4769585430622101,0.17689433693885803,0.04765425622463226,0.04463808611035347,0.03032657690346241,0.00372684421017766,0.00372684421017766
1157,1157,0.002882628468796611,,,,,,,,,
1158,1158,,,0.1831456869840622,0.4753313362598419,0.17616845667362213,0.04758084565401077,0.044607121497392654,0.03029797226190567,0.00370447663590312,0.00370447663590312
1158,1158,0.002869070041924715,,,,,,,,,
1159,1159,,,0.18247567117214203,0.47370433807373047,0.17544573545455933,0.047507479786872864,0.044575393199920654,0.030269278213381767,0.0036822371184825897,0.0036822371184825897
1159,1159,0.0028555579483509064,,,,,,,,,
1160,1160,,,0.181808739900589,0.4720773994922638,0.1747261881828308,0.04743412137031555,0.04454309865832329,0.030240414664149284,0.0036601221654564142,0.0036601221654564142
1160,1160,0.002842095447704196,,,,,,,,,
1161,1161,,,0.18114455044269562,0.47045087814331055,0.17400936782360077,0.04736074060201645,0.04450998082756996,0.030211322009563446,0.003638124093413353,0.003638124093413353
1161,1161,0.0028286788146942854,,,,,,,,,
1162,1162,,,0.18048302829265594,0.4688255488872528,0.1732950657606125,0.04728728160262108,0.04447589069604874,0.030181899666786194,0.00361623871140182,0.00361623871140182
1162,1162,0.00281530967913568,,,,,,,,,
1163,1163,,,0.17982420325279236,0.46720123291015625,0.17258332669734955,0.0472138337790966,0.04444149509072304,0.03015236370265484,0.0035944741684943438,0.0035944741684943438
1163,1163,0.002801988273859024,,,,,,,,,
1164,1164,,,0.1791681945323944,0.46557754278182983,0.17187456786632538,0.04714049771428108,0.04440580680966377,0.03012283891439438,0.003572835586965084,0.003572835586965084
1164,1164,0.002788711339235306,,,,,,,,,
1165,1165,,,0.1785149723291397,0.4639546275138855,0.17116886377334595,0.047067172825336456,0.044369786977767944,0.030093103647232056,0.0035513192415237427,0.0035513192415237427
1165,1165,0.0027754846960306168,,,,,,,,,
1166,1166,,,0.17786456644535065,0.46233272552490234,0.1704658716917038,0.04699371010065079,0.04433320090174675,0.030062973499298096,0.0035299137234687805,0.0035299137234687805
1166,1166,0.0027623057831078768,,,,,,,,,
1167,1167,,,0.17721696197986603,0.4607117772102356,0.16976577043533325,0.046920232474803925,0.044296108186244965,0.030032671988010406,0.0035086283460259438,0.0035086283460259438
1167,1167,0.002749174367636442,,,,,,,,,
1168,1168,,,0.17657220363616943,0.4590916037559509,0.16906864941120148,0.04684688523411751,0.044258300215005875,0.03000239096581936,0.0034874691627919674,0.0034874691627919674
1168,1168,0.0027360913809388876,,,,,,,,,
1169,1169,,,0.17593024671077728,0.457472026348114,0.1683744639158249,0.04677363485097885,0.04421970620751381,0.02997206151485443,0.0034664326813071966,0.0034664326813071966
1169,1169,0.002723055426031351,,,,,,,,,
1170,1170,,,0.1752910614013672,0.45585328340530396,0.1676831841468811,0.046700265258550644,0.04418017715215683,0.029941393062472343,0.003445505630224943,0.003445505630224943
1170,1170,0.002710066270083189,,,,,,,,,
1171,1171,,,0.1746547371149063,0.45423591136932373,0.16699489951133728,0.04662680998444557,0.04413984715938568,0.029910381883382797,0.003424693364650011,0.003424693364650011
1171,1171,0.002697124844416976,,,,,,,,,
1172,1172,,,0.17402099072933197,0.45262008905410767,0.16630926728248596,0.046553369611501694,0.04409945011138916,0.029879271984100342,0.0034039998427033424,0.0034039998427033424
1172,1172,0.0026842320803552866,,,,,,,,,
1173,1173,,,0.1733899861574173,0.4510059058666229,0.16562660038471222,0.046480078250169754,0.04405858740210533,0.02984820492565632,0.0033834350761026144,0.0033834350761026144
1173,1173,0.0026713863480836153,,,,,,,,,
1174,1174,,,0.1727619171142578,0.4493926167488098,0.16494715213775635,0.04640677571296692,0.04401708394289017,0.02981698326766491,0.003362990217283368,0.003362990217283368
1174,1174,0.0026585895102471113,,,,,,,,,
1175,1175,,,0.17213669419288635,0.4477808475494385,0.16427072882652283,0.04633338376879692,0.04397500678896904,0.029785459861159325,0.0033426592126488686,0.0033426592126488686
1175,1175,0.002645841334015131,,,,,,,,,
1176,1176,,,0.17151428759098053,0.44617003202438354,0.16359731554985046,0.04625996574759483,0.04393206909298897,0.029753729701042175,0.003322441363707185,0.003322441363707185
1176,1176,0.0026331397239118814,,,,,,,,,
1177,1177,,,0.17089460790157318,0.44456037878990173,0.1629267930984497,0.046186573803424835,0.043888628482818604,0.029721911996603012,0.0033023408614099026,0.0033023408614099026
1177,1177,0.002620489103719592,,,,,,,,,
1178,1178,,,0.17027749121189117,0.4429522454738617,0.1622590869665146,0.046113260090351105,0.04384463652968407,0.02969007007777691,0.00328235886991024,0.00328235886991024
1178,1178,0.002607882022857666,,,,,,,,,
1179,1179,,,0.16966316103935242,0.4413456618785858,0.1615944653749466,0.04603991284966469,0.043800029903650284,0.02965802513062954,0.0032624928280711174,0.0032624928280711174
1179,1179,0.0025953256990760565,,,,,,,,,
1180,1180,,,0.1690516322851181,0.4397408366203308,0.1609329879283905,0.045966558158397675,0.04375476390123367,0.029625743627548218,0.0032427427358925343,0.0032427427358925343
1180,1180,0.002582817105576396,,,,,,,,,
1181,1181,,,0.16844311356544495,0.4381382465362549,0.16027480363845825,0.045893143862485886,0.043709687888622284,0.02959326095879078,0.003223115112632513,0.003223115112632513
1181,1181,0.002570359269157052,,,,,,,,,
1182,1182,,,0.1678372174501419,0.43653738498687744,0.15961946547031403,0.045819833874702454,0.04366375505924225,0.02956078201532364,0.0032036060001701117,0.0032036060001701117
1182,1182,0.0025579440407454967,,,,,,,,,
1183,1183,,,0.16723407804965973,0.4349382221698761,0.1589673012495041,0.04574652761220932,0.04361732676625252,0.029528172686696053,0.003184213303029537,0.003184213303029537
1183,1183,0.002545582130551338,,,,,,,,,
1184,1184,,,0.16663362085819244,0.4333401918411255,0.15831813216209412,0.04567323997616768,0.04357028380036354,0.029495427384972572,0.0031649325974285603,0.0031649325974285603
1184,1184,0.0025332653895020485,,,,,,,,,
1185,1185,,,0.16603583097457886,0.43174341320991516,0.1576719880104065,0.04559987783432007,0.04352264851331711,0.029462404549121857,0.0031457594595849514,0.0031457594595849514
1185,1185,0.002521001035347581,,,,,,,,,
1186,1186,,,0.16544082760810852,0.43014881014823914,0.1570288985967636,0.045526452362537384,0.043474942445755005,0.029429161921143532,0.003126699710264802,0.003126699710264802
1186,1186,0.002508782548829913,,,,,,,,,
1187,1187,,,0.16484852135181427,0.4285565912723541,0.15638889372348785,0.045453161001205444,0.04342653974890709,0.029395965859293938,0.003107762895524502,0.003107762895524502
1187,1187,0.0024966124910861254,,,,,,,,,
1188,1188,,,0.16425886750221252,0.4269663691520691,0.155752032995224,0.045379992574453354,0.0433778278529644,0.029362844303250313,0.0030889480840414762,0.0030889480840414762
1188,1188,0.0024844903964549303,,,,,,,,,
1189,1189,,,0.16367240250110626,0.4253785014152527,0.15511882305145264,0.045306701213121414,0.04332870617508888,0.02932940050959587,0.0030702496878802776,0.0030702496878802776
1189,1189,0.00247241766192019,,,,,,,,,
1190,1190,,,0.16308821737766266,0.42379289865493774,0.15448813140392303,0.045233290642499924,0.043279100209474564,0.02929564379155636,0.0030516504775732756,0.0030516504775732756
1190,1190,0.0024603905621916056,,,,,,,,,
1191,1191,,,0.16250666975975037,0.4222089946269989,0.15386049449443817,0.04515990987420082,0.04322870075702667,0.02926178276538849,0.003033161861822009,0.003033161861822009
1191,1191,0.0024484151508659124,,,,,,,,,
1192,1192,,,0.1619277149438858,0.42062702775001526,0.15323585271835327,0.04508666694164276,0.04317840561270714,0.02922801487147808,0.003014793386682868,0.003014793386682868
1192,1192,0.0024364888668060303,,,,,,,,,
1193,1193,,,0.16135168075561523,0.4190472960472107,0.1526147872209549,0.04501345753669739,0.04312777891755104,0.029194219037890434,0.0029965457506477833,0.0029965457506477833
1193,1193,0.0024246093817055225,,,,,,,,,
1194,1194,,,0.16077834367752075,0.41747066378593445,0.15199674665927887,0.044940173625946045,0.04307674244046211,0.029160192236304283,0.002978408941999078,0.002978408941999078
1194,1194,0.002412779489532113,,,,,,,,,
1195,1195,,,0.16020765900611877,0.4158957898616791,0.15138185024261475,0.04486677050590515,0.0430249460041523,0.029125772416591644,0.002960371784865856,0.002960371784865856
1195,1195,0.00240099779330194,,,,,,,,,
1196,1196,,,0.1596396118402481,0.41432347893714905,0.1507701277732849,0.044793449342250824,0.04297297075390816,0.02909134514629841,0.0029424517415463924,0.0029424517415463924
1196,1196,0.002389265224337578,,,,,,,,,
1197,1197,,,0.15907403826713562,0.41275355219841003,0.15016129612922668,0.044720228761434555,0.04292058199644089,0.02905699796974659,0.002924645785242319,0.002924645785242319
1197,1197,0.002377580851316452,,,,,,,,,
1198,1198,,,0.158511221408844,0.4111868441104889,0.14955581724643707,0.04464707151055336,0.04286779463291168,0.029022594913840294,0.002906959503889084,0.002906959503889084
1198,1198,0.002365944441407919,,,,,,,,,
1199,1199,,0.0023543559946119785,,,,,,,,
1199,1199,,,0.1579509824514389,0.4096222519874573,0.1489534080028534,0.0445738211274147,0.04281508922576904,0.028987931087613106,0.0028893761336803436,0.0028893761336803436
1199,1199,0.0023543559946119785,,,,,,,,,
1200,1200,,,0.15739339590072632,0.40805986523628235,0.14835423231124878,0.04450051113963127,0.0427619032561779,0.02895304001867771,0.002871898002922535,0.002871898002922535
1200,1200,0.0023428190033882856,,,,,,,,,
1201,1201,,,0.15683844685554504,0.40650007128715515,0.14775821566581726,0.044427238404750824,0.04270848631858826,0.028918109834194183,0.0028545325621962547,0.0028545325621962547
1201,1201,0.002331329509615898,,,,,,,,,
1202,1202,,,0.15628603100776672,0.4049432575702667,0.1471651941537857,0.04435402527451515,0.04265475273132324,0.028883159160614014,0.0028372793458402157,0.0028372793458402157
1202,1202,0.0023198872804641724,,,,,,,,,
1203,1203,,,0.15573616325855255,0.40338972210884094,0.14657531678676605,0.04428084194660187,0.04260033369064331,0.028848139569163322,0.0028201364912092686,0.0028201364912092686
1203,1203,0.002308495342731476,,,,,,,,,
1204,1204,,,0.15518924593925476,0.4018387198448181,0.14598919451236725,0.044207654893398285,0.04254532977938652,0.02881300449371338,0.002803107025101781,0.002803107025101781
1204,1204,0.0022971502039581537,,,,,,,,,
1205,1205,,,0.15464471280574799,0.40029028058052063,0.14540594816207886,0.04413440823554993,0.042490534484386444,0.02877766080200672,0.0027861790731549263,0.0027861790731549263
1205,1205,0.0022858548909425735,,,,,,,,,
1206,1206,,,0.15410244464874268,0.39874517917633057,0.14482533931732178,0.04406111314892769,0.04243585839867592,0.028742166236042976,0.002769353799521923,0.002769353799521923
1206,1206,0.002274606842547655,,,,,,,,,
1207,1207,,,0.15356266498565674,0.39720335602760315,0.1442478597164154,0.0439879409968853,0.042381320148706436,0.02870674803853035,0.002752644242718816,0.002752644242718816
1207,1207,0.0022634100168943405,,,,,,,,,
1208,1208,,,0.15302562713623047,0.3956643044948578,0.1436738222837448,0.043914794921875,0.04232572391629219,0.028671246021986008,0.002736042719334364,0.002736042719334364
1208,1208,0.0022522613871842623,,,,,,,,,
1209,1209,,,0.15249121189117432,0.3941281735897064,0.14310306310653687,0.04384162276983261,0.04226957634091377,0.028635555878281593,0.0027195452712476254,0.0027195452712476254
1209,1209,0.002241158625110984,,,,,,,,,
1210,1210,,,0.15195944905281067,0.3925948143005371,0.14253570139408112,0.043768443167209625,0.04221324622631073,0.028599772602319717,0.002703155158087611,0.002703155158087611
1210,1210,0.00223010522313416,,,,,,,,,
1211,1211,,,0.15143002569675446,0.39106494188308716,0.1419711709022522,0.043695200234651566,0.04215705022215843,0.02856382727622986,0.002686866791918874,0.002686866791918874
1211,1211,0.0022191028110682964,,,,,,,,,
1212,1212,,,0.1509029120206833,0.38953858613967896,0.14140960574150085,0.04362206161022186,0.04210111126303673,0.028527922928333282,0.002670689020305872,0.002670689020305872
1212,1212,0.002208145335316658,,,,,,,,,
1213,1213,,,0.1503782719373703,0.3880155384540558,0.14085115492343903,0.04354897513985634,0.042044706642627716,0.02849201112985611,0.0026546181179583073,0.0026546181179583073
1213,1213,0.002197237452492118,,,,,,,,,
1214,1214,,,0.1498563438653946,0.3864961564540863,0.14029622077941895,0.04347580298781395,0.041988078504800797,0.028455866500735283,0.0026386515237390995,0.0026386515237390995
1214,1214,0.0021863800939172506,,,,,,,,,
1215,1215,,,0.14933674037456512,0.384980171918869,0.1397440880537033,0.04340255260467529,0.04193097725510597,0.02841949090361595,0.00262278039008379,0.00262278039008379
1215,1215,0.0021755676716566086,,,,,,,,,
1216,1216,,,0.1488196849822998,0.38346704840660095,0.1391953080892563,0.04332941025495529,0.04187348112463951,0.028383180499076843,0.0026070179883390665,0.0026070179883390665
1216,1216,0.002164806704968214,,,,,,,,,
1217,1217,,,0.14830496907234192,0.38195741176605225,0.13864953815937042,0.04325633868575096,0.04181621968746185,0.028346937149763107,0.0025913629215210676,0.0025913629215210676
1217,1217,0.0021540923044085503,,,,,,,,,
1218,1218,,,0.14779271185398102,0.3804512321949005,0.13810700178146362,0.043183278292417526,0.04175902530550957,0.028310589492321014,0.002575811930000782,0.002575811930000782
1218,1218,0.0021434274967759848,,,,,,,,,
1219,1219,,,0.14728260040283203,0.3789491653442383,0.13756711781024933,0.043110162019729614,0.04170124977827072,0.028274061158299446,0.0025603552348911762,0.0025603552348911762
1219,1219,0.002132810652256012,,,,,,,,,
1220,1220,,,0.1467750519514084,0.37745097279548645,0.1370304971933365,0.04303700104355812,0.04164363816380501,0.02823737822473049,0.0025450019165873528,0.0025450019165873528
1220,1220,0.0021222394425421953,,,,,,,,,
1221,1221,,,0.14626993238925934,0.3759564757347107,0.13649709522724152,0.042963914573192596,0.041585829108953476,0.028200721368193626,0.0025297547690570354,0.0025297547690570354
1221,1221,0.0021117189899086952,,,,,,,,,
1222,1222,,,0.1457672417163849,0.37446504831314087,0.13596698641777039,0.042890872806310654,0.04152762517333031,0.02816401980817318,0.002514607971534133,0.002514607971534133
1222,1222,0.002101246500387788,,,,,,,,,
1223,1223,,,0.14526697993278503,0.3729775547981262,0.13543997704982758,0.04281781613826752,0.04146954044699669,0.02812722511589527,0.002499562921002507,0.002499562921002507
1223,1223,0.002090819412842393,,,,,,,,,
1224,1224,,,0.14476895332336426,0.3714940845966339,0.13491582870483398,0.042744796723127365,0.04141135886311531,0.028090424835681915,0.00248461845330894,0.00248461845330894
1224,1224,0.00208044215105474,,,,,,,,,
1225,1225,,,0.14427319169044495,0.370014488697052,0.13439463078975677,0.04267168790102005,0.04135299101471901,0.02805340476334095,0.0024697661865502596,0.0024697661865502596
1225,1225,0.002070114016532898,,,,,,,,,
1226,1226,,,0.14377984404563904,0.3685380816459656,0.13387678563594818,0.04259862005710602,0.04129460081458092,0.02801632508635521,0.0024550147354602814,0.0024550147354602814
1226,1226,0.002059832913801074,,,,,,,,,
1227,1227,,,0.14328870177268982,0.36706647276878357,0.13336175680160522,0.04252561554312706,0.041236042976379395,0.027979305014014244,0.0024403659626841545,0.0024403659626841545
1227,1227,0.002049599774181843,,,,,,,,,
1228,1228,,,0.14279988408088684,0.3655991554260254,0.13284984230995178,0.04245263710618019,0.041177645325660706,0.027942253276705742,0.0024258187040686607,0.0024258187040686607
1228,1228,0.0020394125021994114,,,,,,,,,
1229,1229,,,0.14231333136558533,0.3641358017921448,0.13234086334705353,0.04237964749336243,0.041119225323200226,0.027905095368623734,0.002411366207525134,0.002411366207525134
1229,1229,0.00202927622012794,,,,,,,,,
1230,1230,,,0.14182904362678528,0.3626762330532074,0.13183490931987762,0.0423065647482872,0.04106017202138901,0.027867702767252922,0.002397002652287483,0.002397002652287483
1230,1230,0.0020191827788949013,,,,,,,,,
1231,1231,,,0.14134718477725983,0.3612208962440491,0.13133227825164795,0.04223354533314705,0.04100099951028824,0.02783031016588211,0.0023827410768717527,0.0023827410768717527
1231,1231,0.002009140094742179,,,,,,,,,
1232,1232,,,0.14086750149726868,0.35976946353912354,0.1308324784040451,0.042160600423812866,0.04094208776950836,0.027792973443865776,0.002368577988818288,0.002368577988818288
1232,1232,0.001999145606532693,,,,,,,,,
1233,1233,,,0.14038997888565063,0.3583220839500427,0.13033559918403625,0.042087722569704056,0.04088341072201729,0.027755722403526306,0.002354513853788376,0.002354513853788376
1233,1233,0.001989197451621294,,,,,,,,,
1234,1234,,,0.13991475105285645,0.3568789064884186,0.12984192371368408,0.0420147180557251,0.0408247746527195,0.027718139812350273,0.0023405386600643396,0.0023405386600643396
1234,1234,0.001979295164346695,,,,,,,,,
1235,1235,,,0.1394416093826294,0.35544073581695557,0.1293509304523468,0.04194169119000435,0.04076603800058365,0.02768045850098133,0.0023266554344445467,0.0023266554344445467
1235,1235,0.001969438511878252,,,,,,,,,
1236,1236,,,0.13897068798542023,0.35400688648223877,0.12886285781860352,0.04186880216002464,0.040706973522901535,0.027642924338579178,0.0023128720931708813,0.0023128720931708813
1236,1236,0.0019596347119659185,,,,,,,,,
1237,1237,,,0.13850197196006775,0.35257741808891296,0.12837789952754974,0.04179590940475464,0.04064758121967316,0.027605293318629265,0.0022991811856627464,0.0022991811856627464
1237,1237,0.0019498745677992702,,,,,,,,,
1238,1238,,,0.13803555071353912,0.3511522114276886,0.1278960257768631,0.04172302782535553,0.04058818146586418,0.027567589655518532,0.0022855843417346478,0.0022855843417346478
1238,1238,0.001940160640515387,,,,,,,,,
1239,1239,,,0.13757124543190002,0.34973129630088806,0.12741701304912567,0.04165017604827881,0.040529124438762665,0.027529912069439888,0.002272081794217229,0.002272081794217229
1239,1239,0.0019304945599287748,,,,,,,,,
1240,1240,,,0.1371089071035385,0.3483148217201233,0.12694065272808075,0.04157726466655731,0.040470220148563385,0.027492066845297813,0.002258664695546031,0.002258664695546031
1240,1240,0.001920874579809606,,,,,,,,,
1241,1241,,,0.13664869964122772,0.34690263867378235,0.12646713852882385,0.04150436818599701,0.040411122143268585,0.027454156428575516,0.002245337003841996,0.002245337003841996
1241,1241,0.0019113007001578808,,,,,,,,,
1242,1242,,,0.1361907571554184,0.34549522399902344,0.1259968876838684,0.04143156483769417,0.0403522290289402,0.027416301891207695,0.0022321087308228016,0.0022321087308228016
1242,1242,0.001901775598526001,,,,,,,,,
1243,1243,,,0.13573499023914337,0.34409230947494507,0.12552964687347412,0.04135878011584282,0.04029344022274017,0.027378469705581665,0.0022189735900610685,0.0022189735900610685
1243,1243,0.0018922950839623809,,,,,,,,,
1244,1244,,,0.13528141379356384,0.34269455075263977,0.12506525218486786,0.041285932064056396,0.04023445397615433,0.027340464293956757,0.0022059252951294184,0.0022059252951294184
1244,1244,0.0018828610191121697,,,,,,,,,
1245,1245,,,0.1348297894001007,0.3413016200065613,0.12460357695817947,0.041213102638721466,0.04017486050724983,0.027302371338009834,0.0021929629147052765,0.0021929629147052765
1245,1245,0.0018734739860519767,,,,,,,,,
1246,1246,,,0.13438023626804352,0.33991289138793945,0.12414470314979553,0.04114028811454773,0.04011557251214981,0.02726428210735321,0.002180089009925723,0.002180089009925723
1246,1246,0.0018641327042132616,,,,,,,,,
1247,1247,,,0.13393253087997437,0.33852872252464294,0.12368839234113693,0.04106757044792175,0.04005654156208038,0.0272262804210186,0.00216730497777462,0.00216730497777462
1247,1247,0.001854838919825852,,,,,,,,,
1248,1248,,,0.13348686695098877,0.3371497392654419,0.12323487550020218,0.04099481180310249,0.03999800235033035,0.027188170701265335,0.0021546087227761745,0.0021546087227761745
1248,1248,0.0018455886747688055,,,,,,,,,
1249,1249,,0.0018363840645179152,,,,,,,,
1249,1249,,,0.13304339349269867,0.3357754945755005,0.12278436124324799,0.040922071784734726,0.039939600974321365,0.02715001255273819,0.0021420023404061794,0.0021420023404061794
1249,1249,0.0018363840645179152,,,,,,,,,
1250,1250,,,0.13260219991207123,0.33440613746643066,0.12233711034059525,0.04084932059049606,0.039880651980638504,0.02711174637079239,0.0021294832695275545,0.0021294832695275545
1250,1250,0.0018272254383191466,,,,,,,,,
1251,1251,,,0.1321629285812378,0.3330414891242981,0.12189250439405441,0.04077662527561188,0.03982153907418251,0.02707350254058838,0.0021170503459870815,0.0021170503459870815
1251,1251,0.0018181154737249017,,,,,,,,,
1252,1252,,,0.1317252814769745,0.3316816985607147,0.12145005166530609,0.040703948587179184,0.03976237401366234,0.02703522890806198,0.0021046968176960945,0.0021046968176960945
1252,1252,0.0018090493977069855,,,,,,,,,
1253,1253,,,0.13128972053527832,0.33032649755477905,0.12101050466299057,0.04063132777810097,0.0397038497030735,0.026996972039341927,0.0020924326963722706,0.0020924326963722706
1253,1253,0.0018000261625275016,,,,,,,,,
1254,1254,,,0.1308564394712448,0.3289763331413269,0.12057411670684814,0.040558651089668274,0.03964516893029213,0.026958569884300232,0.0020802533254027367,0.0020802533254027367
1254,1254,0.001791051123291254,,,,,,,,,
1255,1255,,,0.1304251253604889,0.3276311457157135,0.1201404333114624,0.04048602655529976,0.03958699852228165,0.026920225471258163,0.0020681621972471476,0.0020681621972471476
1255,1255,0.001782120205461979,,,,,,,,,
1256,1256,,,0.12999561429023743,0.3262912929058075,0.11970925331115723,0.040413469076156616,0.039528507739305496,0.026881882920861244,0.0020561539568006992,0.0020561539568006992
1256,1256,0.001773233525454998,,,,,,,,,
1257,1257,,,0.12956789135932922,0.32495659589767456,0.11928059905767441,0.04034096747636795,0.039470091462135315,0.02684359811246395,0.0020442300010472536,0.0020442300010472536
1257,1257,0.0017643921310082078,,,,,,,,,
1258,1258,,,0.12914232909679413,0.3236268162727356,0.11885502189397812,0.04026835411787033,0.039411675184965134,0.026805037632584572,0.0020323842763900757,0.0020323842763900757
1258,1258,0.0017555969534441829,,,,,,,,,
1259,1259,,,0.1287185698747635,0.32230183482170105,0.11843185871839523,0.040195804089307785,0.03935318440198898,0.02676653489470482,0.0020206193439662457,0.0020206193439662457
1259,1259,0.0017468443838879466,,,,,,,,,
1260,1260,,,0.1282968968153,0.3209823966026306,0.11801158636808395,0.04012329503893852,0.03929495811462402,0.02672802470624447,0.002008941723033786,0.002008941723033786
1260,1260,0.0017381372163072228,,,,,,,,,
1261,1261,,,0.1278771311044693,0.3196672201156616,0.1175939291715622,0.04005080834031105,0.03923708200454712,0.026689551770687103,0.001997344195842743,0.001997344195842743
1261,1261,0.0017294734716415405,,,,,,,,,
1262,1262,,,0.12745912373065948,0.3183574676513672,0.11717876046895981,0.03997841477394104,0.03917926549911499,0.02665112167596817,0.001985829323530197,0.001985829323530197
1262,1262,0.0017208557110279799,,,,,,,,,
1263,1263,,,0.12704291939735413,0.3170529305934906,0.11676608771085739,0.039905961602926254,0.03912154212594032,0.02661256119608879,0.0019743898883461952,0.0019743898883461952
1263,1263,0.001712280442006886,,,,,,,,,
1264,1264,,,0.12662853300571442,0.3157539665699005,0.11635586619377136,0.03983348235487938,0.039063554257154465,0.026573864743113518,0.0019630256574600935,0.0019630256574600935
1264,1264,0.0017037515062838793,,,,,,,,,
1265,1265,,,0.1262160688638687,0.31446030735969543,0.1159483939409256,0.03976110741496086,0.0390055850148201,0.026535265147686005,0.0019517459440976381,0.0019517459440976381
1265,1265,0.0016952637815847993,,,,,,,,,
1266,1266,,,0.12580567598342896,0.3131718635559082,0.11554384976625443,0.0396888293325901,0.03894786909222603,0.02649676986038685,0.001940552843734622,0.001940552843734622
1266,1266,0.0016868223901838064,,,,,,,,,
1267,1267,,,0.125397190451622,0.3118877410888672,0.11514203995466232,0.03961656987667084,0.03889037296175957,0.026458250358700752,0.0019294364610686898,0.0019294364610686898
1267,1267,0.0016784218605607748,,,,,,,,,
1268,1268,,,0.1249903067946434,0.3106089234352112,0.1147422045469284,0.03954419866204262,0.038833096623420715,0.026419498026371002,0.0019183865515515208,0.0019183865515515208
1268,1268,0.001670065219514072,,,,,,,,,
1269,1269,,,0.12458516657352448,0.30933597683906555,0.11434474587440491,0.0394718199968338,0.038775961846113205,0.02638065628707409,0.0019074117299169302,0.0019074117299169302
1269,1269,0.0016617522342130542,,,,,,,,,
1270,1270,,,0.12418188154697418,0.30806809663772583,0.11394999921321869,0.03939962014555931,0.03871873766183853,0.02634204737842083,0.001896522007882595,0.001896522007882595
1270,1270,0.001653484650887549,,,,,,,,,
1271,1271,,,0.12378034740686417,0.306805282831192,0.11355780810117722,0.03932756930589676,0.038661353290081024,0.02630358375608921,0.001885712961666286,0.001885712961666286
1271,1271,0.001645259209908545,,,,,,,,,
1272,1272,,,0.12338073551654816,0.30554869771003723,0.11316826194524765,0.03925544023513794,0.038604214787483215,0.026264967396855354,0.0018749787705019116,0.0018749787705019116
1272,1272,0.0016370753291994333,,,,,,,,,
1273,1273,,,0.12298304587602615,0.3042973577976227,0.11278115957975388,0.03918320685625076,0.03854760155081749,0.026226123794913292,0.0018643144285306334,0.0018643144285306334
1273,1273,0.001628934871405363,,,,,,,,,
1274,1274,,,0.12258703261613846,0.3030503988265991,0.1123964712023735,0.03911098837852478,0.03849086910486221,0.026187216863036156,0.0018537191208451986,0.0018537191208451986
1274,1274,0.0016208378365263343,,,,,,,,,
1275,1275,,,0.12219267338514328,0.30180850625038147,0.11201422661542892,0.0390390008687973,0.03843408450484276,0.026148639619350433,0.0018432068172842264,0.0018432068172842264
1275,1275,0.0016127803828567266,,,,,,,,,
1276,1276,,,0.12179988622665405,0.30057236552238464,0.11163397133350372,0.03896703943610191,0.038377732038497925,0.026110047474503517,0.0018327664583921432,0.0018327664583921432
1276,1276,0.0016047684475779533,,,,,,,,,
1277,1277,,,0.12140894681215286,0.29934191703796387,0.1112562045454979,0.03889496996998787,0.03832149878144264,0.026071248576045036,0.0018223939696326852,0.0018223939696326852
1277,1277,0.0015967979561537504,,,,,,,,,
1278,1278,,,0.12102003395557404,0.2981172204017639,0.11088132858276367,0.038822971284389496,0.038265205919742584,0.02603243477642536,0.0018120999448001385,0.0018120999448001385
1278,1278,0.0015888703055679798,,,,,,,,,
1279,1279,,,0.12063274532556534,0.2968975901603699,0.11050873249769211,0.03875106945633888,0.038208868354558945,0.025993745774030685,0.001801879145205021,0.001801879145205021
1279,1279,0.0015809827018529177,,,,,,,,,
1280,1280,,,0.12024708837270737,0.2956830561161041,0.11013837158679962,0.038679201155900955,0.038152359426021576,0.02595502696931362,0.001791726564988494,0.001791726564988494
1280,1280,0.001573138521052897,,,,,,,,,
1281,1281,,,0.11986285448074341,0.29447421431541443,0.10976985096931458,0.038607362657785416,0.0380963534116745,0.025916313752532005,0.0017816427862271667,0.0017816427862271667
1281,1281,0.001565333572216332,,,,,,,,,
1282,1282,,,0.11948055773973465,0.2932704985141754,0.10940398275852203,0.038535479456186295,0.03804070129990578,0.025877440348267555,0.0017716275760903955,0.0017716275760903955
1282,1282,0.0015575720462948084,,,,,,,,,
1283,1283,,,0.11910002678632736,0.29207175970077515,0.10904064029455185,0.038463663309812546,0.03798525780439377,0.025838617235422134,0.0017616848926991224,0.0017616848926991224
1283,1283,0.0015498518478125334,,,,,,,,,
1284,1284,,,0.11872120201587677,0.2908787429332733,0.1086796373128891,0.03839198872447014,0.03793010860681534,0.025799976661801338,0.001751819159835577,0.001751819159835577
1284,1284,0.001542172860354185,,,,,,,,,
1285,1285,,,0.11834397166967392,0.28969189524650574,0.10832079499959946,0.03832034021615982,0.037874896079301834,0.0257613193243742,0.0017420222284272313,0.0017420222284272313
1285,1285,0.0015345362480729818,,,,,,,,,
1286,1286,,,0.11796842515468597,0.2885099947452545,0.1079641729593277,0.038248687982559204,0.03781934455037117,0.025722546502947807,0.0017322880448773503,0.0017322880448773503
1286,1286,0.0015269364230334759,,,,,,,,,
1287,1287,,,0.11759458482265472,0.28733351826667786,0.10760994255542755,0.03817703574895859,0.0377638041973114,0.025683680549263954,0.0017226198688149452,0.0017226198688149452
1287,1287,0.0015193811850622296,,,,,,,,,
1288,1288,,,0.11722240597009659,0.28616228699684143,0.10725786536931992,0.03810539096593857,0.037708524614572525,0.025644801557064056,0.0017130179330706596,0.0017130179330706596
1288,1288,0.001511865295469761,,,,,,,,,
1289,1289,,,0.11685175448656082,0.28499695658683777,0.1069079339504242,0.03803390637040138,0.03765410929918289,0.025606123730540276,0.0017034916672855616,0.0017034916672855616
1289,1289,0.001504391198977828,,,,,,,,,
1290,1290,,,0.11648255586624146,0.2838369905948639,0.10655998438596725,0.03796256706118584,0.03759973868727684,0.02556762285530567,0.0016940347850322723,0.0016940347850322723
1290,1290,0.0014969563344493508,,,,,,,,,
1291,1291,,,0.11611519753932953,0.28268206119537354,0.1062145009636879,0.0378912091255188,0.03754506632685661,0.02552897483110428,0.0016846401849761605,0.0016846401849761605
1291,1291,0.0014895627973601222,,,,,,,,,
1292,1292,,,0.11574940383434296,0.2815326452255249,0.10587111860513687,0.03781971335411072,0.037490446120500565,0.02549004927277565,0.0016753014642745256,0.0016753014642745256
1292,1292,0.0014822065131738782,,,,,,,,,
1293,1293,,,0.1153852790594101,0.28038907051086426,0.10552995651960373,0.03774832561612129,0.037435803562402725,0.02545122057199478,0.001666032476350665,0.001666032476350665
1293,1293,0.0014748956309631467,,,,,,,,,
1294,1294,,,0.11502281576395035,0.2792510688304901,0.10519105941057205,0.037677112966775894,0.037381611764431,0.025412632152438164,0.0016568375285714865,0.0016568375285714865
1294,1294,0.0014676188584417105,,,,,,,,,
1295,1295,,,0.11466187238693237,0.2781180143356323,0.10485423356294632,0.03760594129562378,0.03732753172516823,0.0253740306943655,0.0016477039316669106,0.0016477039316669106
1295,1295,0.001460383296944201,,,,,,,,,
1296,1296,,,0.11430246382951736,0.27699026465415955,0.10451947897672653,0.03753479942679405,0.037273626774549484,0.02533535659313202,0.0016386319184675813,0.0016386319184675813
1296,1296,0.0014531873166561127,,,,,,,,,
1297,1297,,,0.11394482105970383,0.2758685350418091,0.10418690741062164,0.03746357560157776,0.0372198261320591,0.02529650181531906,0.0016296196263283491,0.0016296196263283491
1297,1297,0.0014460314996540546,,,,,,,,,
1298,1298,,,0.11358848214149475,0.2747521698474884,0.10385613143444061,0.03739253059029579,0.03716609999537468,0.025257853791117668,0.0016206735745072365,0.0016206735745072365
1298,1298,0.0014389138668775558,,,,,,,,,
1299,1299,,0.001431837910786271,,,,,,,,
1299,1299,,,0.1132337749004364,0.2736407220363617,0.10352767258882523,0.037321656942367554,0.03711254149675369,0.025219421833753586,0.001611796673387289,0.001611796673387289
1299,1299,0.001431837910786271,,,,,,,,,
1300,1300,,,0.11288060992956161,0.2725349962711334,0.10320118814706802,0.037250738590955734,0.03705908730626106,0.02518082596361637,0.0016029765829443932,0.0016029765829443932
1300,1300,0.0014247979270294309,,,,,,,,,
1301,1301,,,0.11252912878990173,0.2714347839355469,0.10287677496671677,0.037179697304964066,0.037005677819252014,0.025141945108771324,0.0015942095778882504,0.0015942095778882504
1301,1301,0.0014177968259900808,,,,,,,,,
1302,1302,,,0.11217912286520004,0.2703399360179901,0.10255438089370728,0.03710884228348732,0.036952413618564606,0.02510332688689232,0.0015855106757953763,0.0015855106757953763
1302,1302,0.001410836004652083,,,,,,,,,
1303,1303,,,0.11183058470487595,0.2692510187625885,0.10223399102687836,0.03703814372420311,0.03689924255013466,0.02506484091281891,0.0015768774319440126,0.0015768774319440126
1303,1303,0.0014039146481081843,,,,,,,,,
1304,1304,,,0.11148359626531601,0.2681669294834137,0.10191561281681061,0.036967430263757706,0.0368465855717659,0.02502627670764923,0.001568301348015666,0.001568301348015666
1304,1304,0.0013970272848382592,,,,,,,,,
1305,1305,,,0.111138254404068,0.2670881450176239,0.10159939527511597,0.036896780133247375,0.03679400309920311,0.02498771995306015,0.001559786032885313,0.001559786032885313
1305,1305,0.001390181016176939,,,,,,,,,
1306,1306,,,0.1107945516705513,0.2660153806209564,0.10128521174192429,0.03682617470622063,0.03674145042896271,0.02494916506111622,0.0015513314865529537,0.0015513314865529537
1306,1306,0.0013833714183419943,,,,,,,,,
1307,1307,,,0.11045214533805847,0.26494747400283813,0.10097267478704453,0.03675555810332298,0.036688607186079025,0.02491050213575363,0.0015429272316396236,0.0015429272316396236
1307,1307,0.001376600470393896,,,,,,,,,
1308,1308,,,0.11011115461587906,0.263884961605072,0.10066203027963638,0.03668513149023056,0.03663579002022743,0.024872057139873505,0.0015345867723226547,0.0015345867723226547
1308,1308,0.0013698675902560353,,,,,,,,,
1309,1309,,,0.10977145284414291,0.26282814145088196,0.10035307705402374,0.03661481663584709,0.03658325597643852,0.024833718314766884,0.0015263059176504612,0.0015263059176504612
1309,1309,0.0013631723122671247,,,,,,,,,
1310,1310,,,0.10943344235420227,0.26177653670310974,0.10004622489213943,0.03654441237449646,0.03653159737586975,0.0247951652854681,0.0015180791961029172,0.0015180791961029172
1310,1310,0.0013565121917054057,,,,,,,,,
1311,1311,,,0.10909713804721832,0.26073041558265686,0.09974168986082077,0.0364740788936615,0.03648002818226814,0.02475661411881447,0.0015099127776920795,0.0015099127776920795
1311,1311,0.001349893631413579,,,,,,,,,
1312,1312,,,0.10876230150461197,0.25968965888023376,0.09943903237581253,0.03640390932559967,0.03642800450325012,0.024718234315514565,0.0015018064295873046,0.0015018064295873046
1312,1312,0.0013433087151497602,,,,,,,,,
1313,1313,,,0.10842888802289963,0.25865471363067627,0.09913822263479233,0.036333825439214706,0.036375757306814194,0.02467990666627884,0.001493757008574903,0.001493757008574903
1313,1313,0.0013367619831115007,,,,,,,,,
1314,1314,,,0.10809671133756638,0.2576247453689575,0.09883884340524673,0.03626376762986183,0.036323752254247665,0.024641554802656174,0.0014857581118121743,0.0014857581118121743
1314,1314,0.0013302518054842949,,,,,,,,,
1315,1315,,,0.107766292989254,0.25659969449043274,0.09854167699813843,0.036193713545799255,0.03627226874232292,0.0246031004935503,0.001477814745157957,0.001477814745157957
1315,1315,0.0013237794628366828,,,,,,,,,
1316,1316,,,0.10743719339370728,0.2555798888206482,0.09824617952108383,0.03612368181347847,0.03622104227542877,0.024564607068896294,0.0014699231833219528,0.0014699231833219528
1316,1316,0.0013173423940315843,,,,,,,,,
1317,1317,,,0.10710951685905457,0.25456616282463074,0.09795264154672623,0.03605392202734947,0.03616994619369507,0.024526458233594894,0.0014620986767113209,0.0014620986767113209
1317,1317,0.001310941413976252,,,,,,,,,
1318,1318,,,0.10678332298994064,0.25355765223503113,0.09766090661287308,0.035984184592962265,0.03611880540847778,0.024488266557455063,0.0014543256256729364,0.0014543256256729364
1318,1318,0.0013045778032392263,,,,,,,,,
1319,1319,,,0.10645866394042969,0.25255438685417175,0.09737110882997513,0.03591443970799446,0.03606777265667915,0.024449976161122322,0.0014466042630374432,0.0014466042630374432
1319,1319,0.001298250863328576,,,,,,,,,
1320,1320,,,0.10613533854484558,0.2515559792518616,0.09708299487829208,0.035844720900058746,0.03601684048771858,0.02441159263253212,0.0014389308635145426,0.0014389308635145426
1320,1320,0.0012919575674459338,,,,,,,,,
1321,1321,,,0.10581328719854355,0.2505626380443573,0.0967964306473732,0.03577521815896034,0.03596578910946846,0.024373449385166168,0.001431314623914659,0.001431314623914659
1321,1321,0.0012857004767283797,,,,,,,,,
1322,1322,,,0.10549267381429672,0.2495756447315216,0.09651151299476624,0.03570576384663582,0.035914935171604156,0.0243353433907032,0.0014237530995160341,0.0014237530995160341
1322,1322,0.0012794799404218793,,,,,,,,,
1323,1323,,,0.10517360270023346,0.24859346449375153,0.09622853994369507,0.03563636913895607,0.03586440160870552,0.024297228083014488,0.0014162440784275532,0.0014162440784275532
1323,1323,0.0012732966570183635,,,,,,,,,
1324,1324,,,0.10485618561506271,0.24761632084846497,0.09594767540693283,0.03556697443127632,0.03581397607922554,0.024259023368358612,0.0014087860472500324,0.0014087860472500324
1324,1324,0.001267147483304143,,,,,,,,,
1325,1325,,,0.10454009473323822,0.24664431810379028,0.09566842019557953,0.03549771383404732,0.03576363995671272,0.02422090247273445,0.0014013805193826556,0.0014013805193826556
1325,1325,0.0012610319536179304,,,,,,,,,
1326,1326,,,0.10422491282224655,0.24567793309688568,0.09539029747247696,0.03542856499552727,0.03571333363652229,0.024182872846722603,0.0013940237695351243,0.0013940237695351243
1326,1326,0.0012549518141895533,,,,,,,,,
1327,1327,,,0.1039113998413086,0.24471642076969147,0.09511420130729675,0.03535949066281319,0.03566325083374977,0.02414487674832344,0.001386720221489668,0.001386720221489668
1327,1327,0.001248908694833517,,,,,,,,,
1328,1328,,,0.103599414229393,0.2437601387500763,0.09483996033668518,0.03529046103358269,0.03561331704258919,0.024106822907924652,0.0013794663827866316,0.0013794663827866316
1328,1328,0.0012428989866748452,,,,,,,,,
1329,1329,,,0.10328887403011322,0.24280890822410583,0.0945674329996109,0.035221487283706665,0.03556323051452637,0.024068770930171013,0.0013722613221034408,0.0013722613221034408
1329,1329,0.001236923853866756,,,,,,,,,
1330,1330,,,0.10297954827547073,0.24186311662197113,0.09429632872343063,0.035152629017829895,0.03551345691084862,0.024030817672610283,0.0013651070185005665,0.0013651070185005665
1330,1330,0.001230982132256031,,,,,,,,,
1331,1331,,,0.10267121344804764,0.2409227192401886,0.09402642399072647,0.035083964467048645,0.035463880747556686,0.02399306744337082,0.0013580041704699397,0.0013580041704699397
1331,1331,0.0012250760337337852,,,,,,,,,
1332,1332,,,0.10236460715532303,0.2399872988462448,0.09375870227813721,0.035015348345041275,0.035414136946201324,0.023955270648002625,0.0013509516138583422,0.0013509516138583422
1332,1332,0.0012192041613161564,,,,,,,,,
1333,1333,,,0.10205967724323273,0.23905685544013977,0.0934930220246315,0.034946613013744354,0.035364601761102676,0.023917200043797493,0.0013439416652545333,0.0013439416652545333
1333,1333,0.0012133670970797539,,,,,,,,,
1334,1334,,,0.10175596922636032,0.23813217878341675,0.09322869032621384,0.034878022968769073,0.035315170884132385,0.023879267275333405,0.0013369827065616846,0.0013369827065616846
1334,1334,0.001207563909702003,,,,,,,,,
1335,1335,,,0.10145335644483566,0.23721180856227875,0.0929657593369484,0.03480970486998558,0.035265933722257614,0.023841628804802895,0.0013300757855176926,0.0013300757855176926
1335,1335,0.0012017929693683982,,,,,,,,,
1336,1336,,,0.10115215182304382,0.23629634082317352,0.09270445257425308,0.03474148362874985,0.035217054188251495,0.023804090917110443,0.0013232186902314425,0.0013232186902314425
1336,1336,0.0011960569536313415,,,,,,,,,
1337,1337,,,0.10085240751504898,0.23538579046726227,0.0924447625875473,0.03467320278286934,0.035168107599020004,0.023766331374645233,0.0013164014089852571,0.0013164014089852571
1337,1337,0.0011903517879545689,,,,,,,,,
1338,1338,,,0.10055419057607651,0.23448127508163452,0.09218685328960419,0.034604959189891815,0.03511902689933777,0.023728514090180397,0.0013096319744363427,0.0013096319744363427
1338,1338,0.0011846820125356317,,,,,,,,,
1339,1339,,,0.10025695711374283,0.23358185589313507,0.0919300764799118,0.034536805003881454,0.035069964826107025,0.02369072660803795,0.0013029049150645733,0.0013029049150645733
1339,1339,0.0011790464632213116,,,,,,,,,
1340,1340,,,0.09996094554662704,0.23268738389015198,0.09167489409446716,0.03446897119283676,0.035020969808101654,0.02365330420434475,0.0012962339678779244,0.0012962339678779244
1340,1340,0.0011734418803825974,,,,,,,,,
1341,1341,,,0.09966637194156647,0.23179775476455688,0.09142135083675385,0.034401170909404755,0.034972596913576126,0.023615866899490356,0.0012896086554974318,0.0012896086554974318
1341,1341,0.0011678733862936497,,,,,,,,,
1342,1342,,,0.09937337040901184,0.23091280460357666,0.0911695659160614,0.03433336317539215,0.034924473613500595,0.023578308522701263,0.0012830263003706932,0.0012830263003706932
1342,1342,0.0011623345781117678,,,,,,,,,
1343,1343,,,0.09908173233270645,0.23003248870372772,0.09091924130916595,0.03426552563905716,0.03487633541226387,0.023540586233139038,0.0012764822458848357,0.0012764822458848357
1343,1343,0.0011568272020667791,,,,,,,,,
1344,1344,,,0.0987912192940712,0.22915706038475037,0.09067028015851974,0.03419797495007515,0.0348278284072876,0.023503215983510017,0.0012699890648946166,0.0012699890648946166
1344,1344,0.0011513547506183386,,,,,,,,,
1345,1345,,,0.09850190579891205,0.22828669846057892,0.09042279422283173,0.03413061797618866,0.03477945178747177,0.02346600778400898,0.0012635441962629557,0.0012635441962629557
1345,1345,0.0011459138477221131,,,,,,,,,
1346,1346,,,0.09821398556232452,0.22742237150669098,0.09017684310674667,0.03406317159533501,0.03473099693655968,0.023428568616509438,0.0012571379775181413,0.0012571379775181413
1346,1346,0.001140505657531321,,,,,,,,,
1347,1347,,,0.09792745858430862,0.2265627533197403,0.08993244916200638,0.03399575129151344,0.03468300402164459,0.02339104376733303,0.001250773435458541,0.001250773435458541
1347,1347,0.0011351298307999969,,,,,,,,,
1348,1348,,,0.09764233231544495,0.2257077991962433,0.08968979865312576,0.03392856940627098,0.03463521972298622,0.023353805765509605,0.001244461047463119,0.001244461047463119
1348,1348,0.001129782060161233,,,,,,,,,
1349,1349,,0.001124472008086741,,,,,,,,
1349,1349,,,0.09735823422670364,0.22485744953155518,0.0894482210278511,0.033861562609672546,0.03458790108561516,0.02331673912703991,0.0012381928972899914,0.0012381928972899914
1349,1349,0.001124472008086741,,,,,,,,,
1350,1350,,,0.09707542508840561,0.22401171922683716,0.0892079621553421,0.03379454463720322,0.034540388733148575,0.023279542103409767,0.00123196083586663,0.00123196083586663
1350,1350,0.001119190827012062,,,,,,,,,
1351,1351,,,0.09679392725229263,0.2231709361076355,0.08896908164024353,0.0337274968624115,0.03449251502752304,0.023242171853780746,0.0012257641647011042,0.0012257641647011042
1351,1351,0.001113939331844449,,,,,,,,,
1352,1352,,,0.0965137779712677,0.22233490645885468,0.08873192220926285,0.0336606465280056,0.03444473072886467,0.023204967379570007,0.0012196152238175273,0.0012196152238175273
1352,1352,0.0011087206657975912,,,,,,,,,
1353,1353,,,0.09623510390520096,0.22150442004203796,0.08849655091762543,0.0335940420627594,0.03439744934439659,0.023168053478002548,0.0012135202996432781,0.0012135202996432781
1353,1353,0.0011035330826416612,,,,,,,,,
1354,1354,,,0.09595753252506256,0.22067926824092865,0.088262178003788,0.033527474850416183,0.03435051068663597,0.023131107911467552,0.0012074639089405537,0.0012074639089405537
1354,1354,0.0010983775136992335,,,,,,,,,
1355,1355,,,0.09568101912736893,0.219857856631279,0.08802889287471771,0.03346095606684685,0.03430328145623207,0.02309407666325569,0.001201439998112619,0.001201439998112619
1355,1355,0.0010932502336800098,,,,,,,,,
1356,1356,,,0.09540572762489319,0.21904107928276062,0.08779703080654144,0.03339436277747154,0.034255996346473694,0.023056816309690475,0.0011954486835747957,0.0011954486835747957
1356,1356,0.0010881561320275068,,,,,,,,,
1357,1357,,,0.09513185918331146,0.21822907030582428,0.0875667929649353,0.0333281047642231,0.03420908376574516,0.023019937798380852,0.001189510920085013,0.001189510920085013
1357,1357,0.0010830917162820697,,,,,,,,,
1358,1358,,,0.09485923498868942,0.21742253005504608,0.08733794838190079,0.03326210752129555,0.0341622531414032,0.02298339456319809,0.0011836227495223284,0.0011836227495223284
1358,1358,0.0010780576849356294,,,,,,,,,
1359,1359,,,0.09458800405263901,0.2166200429201126,0.0871104896068573,0.033195964992046356,0.03411540389060974,0.022946521639823914,0.0011777628678828478,0.0011777628678828478
1359,1359,0.0010730535723268986,,,,,,,,,
1360,1360,,,0.0943182110786438,0.21582217514514923,0.0868847593665123,0.033129848539829254,0.03406833857297897,0.02290950156748295,0.0011719398899003863,0.0011719398899003863
1360,1360,0.00106808019336313,,,,,,,,,
1361,1361,,,0.09404933452606201,0.21502907574176788,0.08665990084409714,0.03306389972567558,0.03402202948927879,0.022872649133205414,0.0011661580065265298,0.0011661580065265298
1361,1361,0.0010631356853991747,,,,,,,,,
1362,1362,,,0.09378157556056976,0.2142413854598999,0.08643617480993271,0.03299818933010101,0.03397614136338234,0.022836126387119293,0.0011604235041886568,0.0011604235041886568
1362,1362,0.0010582231916487217,,,,,,,,,
1363,1363,,,0.09351520985364914,0.21345800161361694,0.086214080452919,0.03293260559439659,0.03392992541193962,0.022799618542194366,0.0011547282338142395,0.0011547282338142395
1363,1363,0.0010533375898376107,,,,,,,,,
1364,1364,,,0.09325025230646133,0.21267889440059662,0.08599358797073364,0.03286699950695038,0.03388316184282303,0.022762946784496307,0.00114906532689929,0.00114906532689929
1364,1364,0.0010484831873327494,,,,,,,,,
1365,1365,,,0.09298618137836456,0.21190457046031952,0.08577378839254379,0.032801393419504166,0.03383670374751091,0.022726116701960564,0.001143432455137372,0.001143432455137372
1365,1365,0.0010436588199809194,,,,,,,,,
1366,1366,,,0.09272317588329315,0.21113453805446625,0.0855550616979599,0.03273606672883034,0.03379072621464729,0.022689657285809517,0.001137844636105001,0.001137844636105001
1366,1366,0.0010388625087216496,,,,,,,,,
1367,1367,,,0.0924614816904068,0.2103695571422577,0.08533794432878494,0.032670922577381134,0.03374500945210457,0.022653354331851006,0.001132301171310246,0.001132301171310246
1367,1367,0.0010340947192162275,,,,,,,,,
1368,1368,,,0.09220165759325027,0.20960885286331177,0.08512293547391891,0.03260587155818939,0.03369911015033722,0.022617042064666748,0.0011267991503700614,0.0011267991503700614
1368,1368,0.001029357546940446,,,,,,,,,
1369,1369,,,0.09194280207157135,0.20885328948497772,0.08490883558988571,0.03254071995615959,0.03365345671772957,0.02258043736219406,0.0011213240213692188,0.0011213240213692188
1369,1369,0.0010246497113257647,,,,,,,,,
1370,1370,,,0.09168469905853271,0.20810194313526154,0.08469527214765549,0.032475754618644714,0.03360780328512192,0.02254403382539749,0.001115884049795568,0.001115884049795568
1370,1370,0.0010199681855738163,,,,,,,,,
1371,1371,,,0.09142789244651794,0.2073543518781662,0.08448325097560883,0.0324111208319664,0.03356219828128815,0.022508002817630768,0.001110489945858717,0.001110489945858717
1371,1371,0.0010153163457289338,,,,,,,,,
1372,1372,,,0.09117235988378525,0.20661155879497528,0.08427257835865021,0.0323464535176754,0.0335165373980999,0.022471779957413673,0.001105126808397472,0.001105126808397472
1372,1372,0.0010106920963153243,,,,,,,,,
1373,1373,,,0.09091825783252716,0.2058737426996231,0.08406339585781097,0.032281726598739624,0.03347117453813553,0.02243538573384285,0.0010997967328876257,0.0010997967328876257
1373,1373,0.001006098696961999,,,,,,,,,
1374,1374,,,0.09066519141197205,0.2051406055688858,0.08385514467954636,0.03221718966960907,0.033426135778427124,0.02239915169775486,0.0010945051908493042,0.0010945051908493042
1374,1374,0.001001529861241579,,,,,,,,,
1375,1375,,,0.09041307866573334,0.20441144704818726,0.08364804089069366,0.032152969390153885,0.033381249755620956,0.022363275289535522,0.0010892556747421622,0.0010892556747421622
1375,1375,0.0009969905950129032,,,,,,,,,
1376,1376,,,0.09016218781471252,0.20368646085262299,0.08344225585460663,0.03208881616592407,0.03333611413836479,0.022327367216348648,0.0010840389877557755,0.0010840389877557755
1376,1376,0.0009924788028001785,,,,,,,,,
1377,1377,,,0.08991261571645737,0.20296627283096313,0.0832376703619957,0.032024580985307693,0.033291012048721313,0.022291187196969986,0.0010788495419546962,0.0010788495419546962
1377,1377,0.0009879955323413014,,,,,,,,,
1378,1378,,,0.08966434001922607,0.2022508680820465,0.08303430676460266,0.031960416585206985,0.033246297389268875,0.022255048155784607,0.0010736966505646706,0.0010736966505646706
1378,1378,0.000983537989668548,,,,,,,,,
1379,1379,,,0.08941730111837387,0.2015393078327179,0.0828324481844902,0.03189663589000702,0.03320164233446121,0.022219346836209297,0.0010685897432267666,0.0010685897432267666
1379,1379,0.0009791097836568952,,,,,,,,,
1380,1380,,,0.0891714096069336,0.20083168148994446,0.08263181149959564,0.031832944601774216,0.03315684571862221,0.022183630615472794,0.0010635143844410777,0.0010635143844410777
1380,1380,0.0009747088188305497,,,,,,,,,
1381,1381,,,0.08892637491226196,0.20012922585010529,0.08243190497159958,0.03176918625831604,0.03311243653297424,0.02214767411351204,0.001058464520610869,0.001058464520610869
1381,1381,0.0009703348041512072,,,,,,,,,
1382,1382,,,0.08868226408958435,0.19943077862262726,0.0822327733039856,0.03170553222298622,0.033068373799324036,0.022111760452389717,0.0010534458560869098,0.0010534458560869098
1382,1382,0.0009659867500886321,,,,,,,,,
1383,1383,,,0.08843953907489777,0.1987360715866089,0.08203519135713577,0.031642165035009384,0.033024150878190994,0.022076182067394257,0.0010484689846634865,0.0010484689846634865
1383,1383,0.0009616651805117726,,,,,,,,,
1384,1384,,,0.08819825202226639,0.19804605841636658,0.08183924108743668,0.03157900646328926,0.032979849725961685,0.022040782496333122,0.0010435329750180244,0.0010435329750180244
1384,1384,0.0009573701536282897,,,,,,,,,
1385,1385,,,0.08795806020498276,0.19735990464687347,0.08164414763450623,0.031515758484601974,0.03293583542108536,0.022005116567015648,0.0010386195499449968,0.0010386195499449968
1385,1385,0.0009531041723676026,,,,,,,,,
1386,1386,,,0.08771906793117523,0.196679025888443,0.08145026862621307,0.031452544033527374,0.032892026007175446,0.021969381719827652,0.0010337384883314371,0.0010337384883314371
1386,1386,0.0009488625219091773,,,,,,,,,
1387,1387,,,0.08748093247413635,0.19600188732147217,0.08125726878643036,0.031389568001031876,0.03284807875752449,0.02193385176360607,0.0010288909543305635,0.0010288909543305635
1387,1387,0.0009446475305594504,,,,,,,,,
1388,1388,,,0.08724388480186462,0.19532893598079681,0.08106549829244614,0.03132687881588936,0.03280428424477577,0.021898679435253143,0.0010240841656923294,0.0010240841656923294
1388,1388,0.0009404580923728645,,,,,,,,,
1389,1389,,,0.08700796961784363,0.19466018676757812,0.08087465912103653,0.03126412257552147,0.03276098147034645,0.021863281726837158,0.0010193019406870008,0.0010193019406870008
1389,1389,0.0009362940909340978,,,,,,,,,
1390,1390,,,0.08677318692207336,0.19399525225162506,0.08068482577800751,0.03120139054954052,0.03271764516830444,0.021827775985002518,0.0010145461419597268,0.0010145461419597268
1390,1390,0.0009321575635112822,,,,,,,,,
1391,1391,,,0.08653970062732697,0.19333457946777344,0.0804964005947113,0.031138889491558075,0.03267432004213333,0.02179248444736004,0.0010098287602886558,0.0010098287602886558
1391,1391,0.0009280462982133031,,,,,,,,,
1392,1392,,,0.08630737662315369,0.19267815351486206,0.08030921220779419,0.03107661008834839,0.032630834728479385,0.021757403388619423,0.0010051473509520292,0.0010051473509520292
1392,1392,0.0009239597129635513,,,,,,,,,
1393,1393,,,0.08607613295316696,0.19202636182308197,0.08012302964925766,0.031014371663331985,0.032587721943855286,0.021722298115491867,0.0010004956275224686,0.0010004956275224686
1393,1393,0.0009198996121995151,,,,,,,,,
1394,1394,,,0.0858459323644638,0.19137851893901825,0.07993773370981216,0.03095213696360588,0.03254476562142372,0.021687036380171776,0.0009958685841411352,0.0009958685841411352
1394,1394,0.000915864366106689,,,,,,,,,
1395,1395,,,0.08561652898788452,0.19073393940925598,0.0797533243894577,0.0308900848031044,0.0325017087161541,0.021651893854141235,0.000991270411759615,0.000991270411759615
1395,1395,0.0009118542657233775,,,,,,,,,
1396,1396,,,0.08538827300071716,0.1900932341814041,0.07957001775503159,0.030828243121504784,0.032458946108818054,0.021616974845528603,0.0009867075132206082,0.0009867075132206082
1396,1396,0.0009078681468963623,,,,,,,,,
1397,1397,,,0.08516137301921844,0.1894572675228119,0.07938800007104874,0.03076646663248539,0.03241647034883499,0.021582039073109627,0.000982176628895104,0.000982176628895104
1397,1397,0.0009039075230248272,,,,,,,,,
1398,1398,,,0.08493560552597046,0.18882568180561066,0.07920709997415543,0.030704831704497337,0.03237413242459297,0.02154717780649662,0.000977677758783102,0.000977677758783102
1398,1398,0.0008999708225019276,,,,,,,,,
1399,1399,,0.0008960601990111172,,,,,,,,
1399,1399,,,0.08471114933490753,0.18819795548915863,0.07902757078409195,0.030643241479992867,0.03233179450035095,0.021512243896722794,0.0009732070611789823,0.0009732070611789823
1399,1399,0.0008960601990111172,,,,,,,,,
1400,1400,,,0.08448740839958191,0.18757382035255432,0.0788486897945404,0.030581822618842125,0.03228931874036789,0.021477418020367622,0.0009687635465525091,0.0009687635465525091
1400,1400,0.0008921726839616895,,,,,,,,,
1401,1401,,,0.08426462858915329,0.18695379793643951,0.07867065817117691,0.030520573258399963,0.0322471484541893,0.021442748606204987,0.0009643514058552682,0.0009643514058552682
1401,1401,0.00088830990716815,,,,,,,,,
1402,1402,,,0.08404289186000824,0.18633760511875153,0.07849357277154922,0.030459443107247353,0.03220507502555847,0.02140812948346138,0.0009599676122888923,0.0009599676122888923
1402,1402,0.0008844717522151768,,,,,,,,,
1403,1403,,,0.08382254093885422,0.18572504818439484,0.07831785827875137,0.030398337170481682,0.032163355499506,0.021373415365815163,0.0009556117001920938,0.0009556117001920938
1403,1403,0.0008806551923044026,,,,,,,,,
1404,1404,,,0.08360327780246735,0.18511632084846497,0.07814311981201172,0.030337339267134666,0.032121673226356506,0.021338725462555885,0.0009512835531495512,0.0009512835531495512
1404,1404,0.0008768644765950739,,,,,,,,,
1405,1405,,,0.0833846777677536,0.1845122128725052,0.07796899229288101,0.030276650562882423,0.032080139964818954,0.02130439132452011,0.000946990039665252,0.000946990039665252
1405,1405,0.000873098149895668,,,,,,,,,
1406,1406,,,0.08316722512245178,0.18391235172748566,0.07779612392187119,0.03021601401269436,0.032038647681474686,0.02127000503242016,0.0009427238837815821,0.0009427238837815821
1406,1406,0.0008693548152223229,,,,,,,,,
1407,1407,,,0.08295103162527084,0.18331609666347504,0.0776243582367897,0.030155371874570847,0.031997110694646835,0.02123546041548252,0.0009384808945469558,0.0009384808945469558
1407,1407,0.0008656326099298894,,,,,,,,,
1408,1408,,,0.08273594081401825,0.18272331357002258,0.07745363563299179,0.03009488619863987,0.03195576369762421,0.02120102196931839,0.0009342672419734299,0.0009342672419734299
1408,1408,0.0008619346772320569,,,,,,,,,
1409,1409,,,0.08252165466547012,0.1821337342262268,0.0772835910320282,0.030034614726901054,0.03191467374563217,0.021166810765862465,0.0009300826350226998,0.0009300826350226998
1409,1409,0.0008582632872276008,,,,,,,,,
1410,1410,,,0.08230844140052795,0.1815483272075653,0.0771145448088646,0.02997446060180664,0.03187396749854088,0.021132666617631912,0.0009259271901100874,0.0009259271901100874
1410,1410,0.0008546118624508381,,,,,,,,,
1411,1411,,,0.08209638297557831,0.18096646666526794,0.07694657891988754,0.02991439960896969,0.0318332314491272,0.02109849639236927,0.0009217974147759378,0.0009217974147759378
1411,1411,0.0008509827312082052,,,,,,,,,
1412,1412,,,0.08188529312610626,0.180388942360878,0.07677958160638809,0.02985440380871296,0.03179232403635979,0.021064266562461853,0.0009176923776976764,0.0009176923776976764
1412,1412,0.000847377348691225,,,,,,,,,
1413,1413,,,0.08167492598295212,0.17981573939323425,0.07661312818527222,0.029794514179229736,0.03175181522965431,0.021030113101005554,0.0009136130101978779,0.0009136130101978779
1413,1413,0.0008437932701781392,,,,,,,,,
1414,1414,,,0.08146592229604721,0.1792459338903427,0.07644809782505035,0.029734890908002853,0.03171129524707794,0.020996203646063805,0.000909568159841001,0.000909568159841001
1414,1414,0.0008402328239753842,,,,,,,,,
1415,1415,,,0.08125770837068558,0.17867952585220337,0.07628383487462997,0.029675379395484924,0.03167081996798515,0.020962344482541084,0.0009055471164174378,0.0009055471164174378
1415,1415,0.0008366951951757073,,,,,,,,,
1416,1416,,,0.0810508206486702,0.17811645567417145,0.07612065970897675,0.029615890234708786,0.03163057193160057,0.020928386598825455,0.0009015497053042054,0.0009015497053042054
1416,1416,0.0008331782883033156,,,,,,,,,
1417,1417,,,0.08084489405155182,0.17755737900733948,0.0759582668542862,0.029556408524513245,0.031590785831213,0.02089434675872326,0.0008975752862170339,0.0008975752862170339
1417,1417,0.0008296851301565766,,,,,,,,,
1418,1418,,,0.08063990622758865,0.1770012080669403,0.07579683512449265,0.029497260227799416,0.03155107423663139,0.02086065709590912,0.0008936331723816693,0.0008936331723816693
1418,1418,0.0008262129267677665,,,,,,,,,
1419,1419,,,0.08043590188026428,0.17644929885864258,0.07563646137714386,0.029438329860568047,0.03151144087314606,0.02082715928554535,0.0008897219086065888,0.0008897219086065888
1419,1419,0.0008227609796449542,,,,,,,,,
1420,1420,,,0.08023282885551453,0.1759016066789627,0.07547669112682343,0.029379235580563545,0.0314718633890152,0.020793311297893524,0.0008858246728777885,0.0008858246728777885
1420,1420,0.0008193323155865073,,,,,,,,,
1421,1421,,,0.08003069460391998,0.17535743117332458,0.07531776279211044,0.029320308938622475,0.031432244926691055,0.020759541541337967,0.0008819529321044683,0.0008819529321044683
1421,1421,0.0008159252465702593,,,,,,,,,
1422,1422,,,0.07982944697141647,0.17481613159179688,0.07515979558229446,0.029261702671647072,0.031392522156238556,0.020726127550005913,0.0008781122742220759,0.0008781122742220759
1422,1422,0.000812537909951061,,,,,,,,,
1423,1423,,,0.07962902635335922,0.17427824437618256,0.07500254362821579,0.029203247278928757,0.031353238970041275,0.020692817866802216,0.0008742969948798418,0.0008742969948798418
1423,1423,0.0008091739728115499,,,,,,,,,
1424,1424,,,0.07942984998226166,0.17374461889266968,0.0748462826013565,0.029144613072276115,0.03131457790732384,0.020659135654568672,0.000870499003212899,0.000870499003212899
1424,1424,0.0008058302919380367,,,,,,,,,
1425,1425,,,0.07923181354999542,0.173214390873909,0.07469120621681213,0.029086165130138397,0.0312759168446064,0.020625585690140724,0.0008667290676385164,0.0008667290676385164
1425,1425,0.000802506459876895,,,,,,,,,
1426,1426,,,0.07903499901294708,0.17268751561641693,0.07453747093677521,0.029028164222836494,0.03123738244175911,0.02059257961809635,0.0008629985386505723,0.0008629985386505723
1426,1426,0.0007992041064426303,,,,,,,,,
1427,1427,,,0.07883875072002411,0.17216376960277557,0.07438395917415619,0.028970099985599518,0.03119855374097824,0.020559370517730713,0.0008592796511948109,0.0008592796511948109
1427,1427,0.0007959236390888691,,,,,,,,,
1428,1428,,,0.07864345610141754,0.17164373397827148,0.07423122227191925,0.02891201339662075,0.03115999512374401,0.0205259770154953,0.0008555792737752199,0.0008555792737752199
1428,1428,0.0007926624966785312,,,,,,,,,
1429,1429,,,0.07844904810190201,0.1711265593767166,0.07407934218645096,0.028854211792349815,0.031121496111154556,0.02049286663532257,0.0008519075345247984,0.0008519075345247984
1429,1429,0.000789421726949513,,,,,,,,,
1430,1430,,,0.07825569063425064,0.17061378061771393,0.07392848283052444,0.02879655547440052,0.031083377078175545,0.020459895953536034,0.0008482642006129026,0.0008482642006129026
1430,1430,0.000786200980655849,,,,,,,,,
1431,1431,,,0.07806309312582016,0.17010481655597687,0.0737781897187233,0.028738895431160927,0.031045591458678246,0.02042679488658905,0.0008446389110758901,0.0008446389110758901
1431,1431,0.0007830008980818093,,,,,,,,,
1432,1432,,,0.07787138223648071,0.16959846019744873,0.07362871617078781,0.028681421652436256,0.031008068472146988,0.020393826067447662,0.0008410380687564611,0.0008410380687564611
1432,1432,0.0007798222941346467,,,,,,,,,
1433,1433,,,0.07768072932958603,0.16909539699554443,0.0734802633523941,0.028624150902032852,0.0309702567756176,0.020361024886369705,0.0008374630706384778,0.0008374630706384778
1433,1433,0.0007766609778627753,,,,,,,,,
1434,1434,,,0.07749096304178238,0.16859586536884308,0.07333245873451233,0.028566865250468254,0.030932456254959106,0.02032807096838951,0.0008339050691574812,0.0008339050691574812
1434,1434,0.0007735193357802927,,,,,,,,,
1435,1435,,,0.07730251550674438,0.16809949278831482,0.07318584620952606,0.028509721159934998,0.03089487925171852,0.020295241847634315,0.000830373726785183,0.000830373726785183
1435,1435,0.0007703987648710608,,,,,,,,,
1436,1436,,,0.0771150216460228,0.16760635375976562,0.07304017245769501,0.028452811762690544,0.030857808887958527,0.020262641832232475,0.0008268706733360887,0.0008268706733360887
1436,1436,0.0007672969368286431,,,,,,,,,
1437,1437,,,0.0769280418753624,0.16711656749248505,0.07289490103721619,0.028395988047122955,0.030821004882454872,0.02023003064095974,0.0008233861299231648,0.0008233861299231648
1437,1437,0.0007642143755219877,,,,,,,,,
1438,1438,,,0.07674164324998856,0.16663023829460144,0.07275000214576721,0.028339242562651634,0.03078422136604786,0.020197363570332527,0.0008199185249395669,0.0008199185249395669
1438,1438,0.0007611525361426175,,,,,,,,,
1439,1439,,,0.07655653357505798,0.1661474108695984,0.0726063996553421,0.02828264981508255,0.0307474322617054,0.020164817571640015,0.0008164778118953109,0.0008164778118953109
1439,1439,0.0007581080426461995,,,,,,,,,
1440,1440,,,0.07637214660644531,0.16566793620586395,0.07246337085962296,0.02822614088654518,0.030710836872458458,0.0201322790235281,0.0008130565402098,0.0008130565402098
1440,1440,0.0007550828158855438,,,,,,,,,
1441,1441,,,0.07618899643421173,0.16519157588481903,0.07232153415679932,0.02816985547542572,0.030674142763018608,0.020099932327866554,0.0008096625097095966,0.0008096625097095966
1441,1441,0.0007520781364291906,,,,,,,,,
1442,1442,,,0.07600684463977814,0.16471779346466064,0.07218048721551895,0.028113655745983124,0.030637813732028008,0.02006758563220501,0.0008062886772677302,0.0008062886772677302
1442,1442,0.0007490906282328069,,,,,,,,,
1443,1443,,,0.07582543790340424,0.16424749791622162,0.07204005122184753,0.028057506307959557,0.030601827427744865,0.020035196095705032,0.0008029335294850171,0.0008029335294850171
1443,1443,0.0007461201748810709,,,,,,,,,
1444,1444,,,0.07564457505941391,0.16377989947795868,0.07190000265836716,0.028001487255096436,0.030565965920686722,0.020002897828817368,0.0007995968917384744,0.0007995968917384744
1444,1444,0.0007431692210957408,,,,,,,,,
1445,1445,,,0.07546461373567581,0.16331596672534943,0.07176075875759125,0.027945684269070625,0.030530301854014397,0.019970787689089775,0.0007962859235703945,0.0007962859235703945
1445,1445,0.0007402387564070523,,,,,,,,,
1446,1446,,,0.07528583705425262,0.16285566985607147,0.07162279635667801,0.027890121564269066,0.03049476258456707,0.019938912242650986,0.0007930040592327714,0.0007930040592327714
1446,1446,0.0007373245898634195,,,,,,,,,
1447,1447,,,0.07510789483785629,0.1623985767364502,0.07148534804582596,0.02783440612256527,0.030459187924861908,0.01990668475627899,0.0007897313917055726,0.0007897313917055726
1447,1447,0.0007344287587329745,,,,,,,,,
1448,1448,,,0.07493070513010025,0.16194453835487366,0.07134851068258286,0.02777877449989319,0.030423641204833984,0.019874442368745804,0.0007864766521379352,0.0007864766521379352
1448,1448,0.0007315503899008036,,,,,,,,,
1449,1449,,0.0007286905311048031,,,,,,,,
1449,1449,,,0.07475408166646957,0.16149212419986725,0.07121206820011139,0.027723509818315506,0.030388344079256058,0.019842665642499924,0.0007832477567717433,0.0007832477567717433
1449,1449,0.0007286905311048031,,,,,,,,,
1450,1450,,,0.0745784342288971,0.1610431671142578,0.07107648998498917,0.02766834758222103,0.03035362809896469,0.019810937345027924,0.000780041329562664,0.000780041329562664
1450,1450,0.0007258475525304675,,,,,,,,,
1451,1451,,,0.07440388947725296,0.16059783101081848,0.07094191759824753,0.027613181620836258,0.03031906485557556,0.019779067486524582,0.0007768529467284679,0.0007768529467284679
1451,1451,0.0007230241317301989,,,,,,,,,
1452,1452,,,0.07423041015863419,0.16015547513961792,0.07080826163291931,0.027558138594031334,0.030284149572253227,0.019747210666537285,0.0007736841798759997,0.0007736841798759997
1452,1452,0.0007202159613370895,,,,,,,,,
1453,1453,,,0.07405771315097809,0.1597166657447815,0.07067544758319855,0.027503278106451035,0.03024950996041298,0.019715487957000732,0.0007705386960878968,0.0007705386960878968
1453,1453,0.0007174256606958807,,,,,,,,,
1454,1454,,,0.07388510555028915,0.15928055346012115,0.0705425888299942,0.0274486280977726,0.030215196311473846,0.019683975726366043,0.0007674111984670162,0.0007674111984670162
1454,1454,0.0007146529969759285,,,,,,,,,
1455,1455,,,0.07371347397565842,0.15884733200073242,0.07041056454181671,0.027394084259867668,0.030181244015693665,0.019652528688311577,0.0007643044227734208,0.0007643044227734208
1455,1455,0.0007118973298929632,,,,,,,,,
1456,1456,,,0.07354316115379333,0.15841656923294067,0.070279560983181,0.027339518070220947,0.030147448182106018,0.01962088793516159,0.0007612134795635939,0.0007612134795635939
1456,1456,0.0007091591251082718,,,,,,,,,
1457,1457,,,0.07337404787540436,0.15798869729042053,0.07014970481395721,0.027285045012831688,0.03011338971555233,0.01958925649523735,0.0007581424433737993,0.0007581424433737993
1457,1457,0.000706436694599688,,,,,,,,,
1458,1458,,,0.07320558279752731,0.1575636863708496,0.07002031058073044,0.027230875566601753,0.03007959946990013,0.01955796219408512,0.0007550959708169103,0.0007550959708169103
1458,1458,0.000703733297996223,,,,,,,,,
1459,1459,,,0.07303721457719803,0.1571420133113861,0.06989098340272903,0.02717682719230652,0.030046096071600914,0.019526759162545204,0.0007520654471591115,0.0007520654471591115
1459,1459,0.0007010431145317852,,,,,,,,,
1460,1460,,,0.07286939769983292,0.15672358870506287,0.06976205855607986,0.027122866362333298,0.030012954026460648,0.019495602697134018,0.0007490521529689431,0.0007490521529689431
1460,1460,0.0006983719649724662,,,,,,,,,
1461,1461,,,0.0727032795548439,0.15630784630775452,0.06963469088077545,0.027068888768553734,0.029979800805449486,0.019464213401079178,0.0007460569031536579,0.0007460569031536579
1461,1461,0.0006957156001590192,,,,,,,,,
1462,1462,,,0.07253783196210861,0.15589462220668793,0.06950783729553223,0.027015116065740585,0.029946601018309593,0.01943303272128105,0.0007430816767737269,0.0007430816767737269
1462,1462,0.0006930778035894036,,,,,,,,,
1463,1463,,,0.07237304002046585,0.15548408031463623,0.06938143819570541,0.026961486786603928,0.029914017766714096,0.019401974976062775,0.0007401256589218974,0.0007401256589218974
1463,1463,0.0006904536858201027,,,,,,,,,
1464,1464,,,0.07220879942178726,0.15507613122463226,0.06925545632839203,0.026907993480563164,0.02988160029053688,0.0193710308521986,0.000737187045160681,0.000737187045160681
1464,1464,0.0006878460408188403,,,,,,,,,
1465,1465,,,0.07204540073871613,0.15467123687267303,0.06913028657436371,0.026854615658521652,0.02984892949461937,0.019340097904205322,0.0007342658936977386,0.0007342658936977386
1465,1465,0.00068525574170053,,,,,,,,,
1466,1466,,,0.07188321650028229,0.15426945686340332,0.06900627911090851,0.026801321655511856,0.029816336929798126,0.01930912584066391,0.0007313645910471678,0.0007313645910471678
1466,1466,0.0006826790049672127,,,,,,,,,
1467,1467,,,0.07172174006700516,0.1538708508014679,0.06888289749622345,0.026748158037662506,0.02978413738310337,0.01927822083234787,0.0007284822058863938,0.0007284822058863938
1467,1467,0.0006801204872317612,,,,,,,,,
1468,1468,,,0.07156070321798325,0.1534745693206787,0.06875971704721451,0.026695221662521362,0.029752567410469055,0.019247576594352722,0.000725619844160974,0.000725619844160974
1468,1468,0.0006775764632038772,,,,,,,,,
1469,1469,,,0.07140030711889267,0.1530805379152298,0.068636953830719,0.026642343029379845,0.029720956459641457,0.01921694539487362,0.0007227710448205471,0.0007227710448205471
1469,1469,0.0006750478059984744,,,,,,,,,
1470,1470,,,0.07124092429876328,0.15268853306770325,0.06851499527692795,0.02658948116004467,0.029688982293009758,0.019186170771718025,0.0007199345855042338,0.0007199345855042338
1470,1470,0.0006725348066538572,,,,,,,,,
1471,1471,,,0.07108234614133835,0.15229949355125427,0.06839383393526077,0.026536839082837105,0.02965737134218216,0.019155584275722504,0.0007171204779297113,0.0007171204779297113
1471,1471,0.0006700371741317213,,,,,,,,,
1472,1472,,,0.0709245353937149,0.15191388130187988,0.06827332079410553,0.026484280824661255,0.029626158997416496,0.019125018268823624,0.0007143242401070893,0.0007143242401070893
1472,1472,0.0006675530457869172,,,,,,,,,
1473,1473,,,0.07076741009950638,0.1515311747789383,0.06815332919359207,0.026431873440742493,0.029595330357551575,0.019094601273536682,0.0007115470943972468,0.0007115470943972468
1473,1473,0.0006650861469097435,,,,,,,,,
1474,1474,,,0.07061093300580978,0.15115104615688324,0.06803395599126816,0.02637963742017746,0.029564375057816505,0.019064296036958694,0.0007087873527780175,0.0007087873527780175
1474,1474,0.0006626328686252236,,,,,,,,,
1475,1475,,,0.07045520842075348,0.1507728397846222,0.06791508942842484,0.02632748894393444,0.029533350840210915,0.01903397962450981,0.0007060411153361201,0.0007060411153361201
1475,1475,0.0006601951899938285,,,,,,,,,
1476,1476,,,0.07030030339956284,0.1503971517086029,0.06779680401086807,0.026275280863046646,0.029502613469958305,0.01900348626077175,0.00070330617018044,0.00070330617018044
1476,1476,0.0006577704916708171,,,,,,,,,
1477,1477,,,0.07014619559049606,0.15002411603927612,0.0676792785525322,0.02622331492602825,0.029472265392541885,0.018973201513290405,0.0007005929946899414,0.0007005929946899414
1477,1477,0.000655361742246896,,,,,,,,,
1478,1478,,,0.06999259442090988,0.14965325593948364,0.0675622820854187,0.026171760633587837,0.02944215200841427,0.01894341967999935,0.000697905314154923,0.000697905314154923
1478,1478,0.0006529674865305424,,,,,,,,,
1479,1479,,,0.06983963400125504,0.14928555488586426,0.06744561344385147,0.02612001821398735,0.029412323608994484,0.01891326904296875,0.0006952235708013177,0.0006952235708013177
1479,1479,0.0006505870842374861,,,,,,,,,
1480,1480,,,0.06968744844198227,0.14892086386680603,0.06732955574989319,0.02606821060180664,0.029382331296801567,0.018882879987359047,0.0006925514899194241,0.0006925514899194241
1480,1480,0.0006482216413132846,,,,,,,,,
1481,1481,,,0.06953636556863785,0.14855831861495972,0.06721469014883041,0.026016879826784134,0.029352346435189247,0.018853046000003815,0.00068990996805951,0.00068990996805951
1481,1481,0.0006458699936047196,,,,,,,,,
1482,1482,,,0.06938579678535461,0.14819775521755219,0.06710011512041092,0.025965755805373192,0.0293226707726717,0.01882343925535679,0.0006872858502902091,0.0006872858502902091
1482,1482,0.0006435328396037221,,,,,,,,,
1483,1483,,,0.06923582404851913,0.14783968031406403,0.06698579341173172,0.025914419442415237,0.029293272644281387,0.018793437629938126,0.0006846654578112066,0.0006846654578112066
1483,1483,0.0006412086659111083,,,,,,,,,
1484,1484,,,0.06908628344535828,0.14748379588127136,0.06687183678150177,0.025863228365778923,0.029263915494084358,0.01876351237297058,0.0006820591515861452,0.0006820591515861452
1484,1484,0.0006388992187567055,,,,,,,,,
1485,1485,,,0.06893768906593323,0.14713044464588165,0.06675874441862106,0.02581229992210865,0.029234949499368668,0.018733853474259377,0.0006794760120101273,0.0006794760120101273
1485,1485,0.0006366032757796347,,,,,,,,,
1486,1486,,,0.06879007071256638,0.14678072929382324,0.06664660573005676,0.0257615614682436,0.02920634113252163,0.018704375252127647,0.0006769152241759002,0.0006769152241759002
1486,1486,0.0006343203713186085,,,,,,,,,
1487,1487,,,0.0686427652835846,0.14643336832523346,0.06653450429439545,0.025710709393024445,0.02917768806219101,0.018674621358513832,0.0006743583944626153,0.0006743583944626153
1487,1487,0.0006320521351881325,,,,,,,,,
1488,1488,,,0.06849612295627594,0.1460876166820526,0.06642299890518188,0.02566005475819111,0.0291490126401186,0.01864500902593136,0.0006718178046867251,0.0006718178046867251
1488,1488,0.0006297948420979083,,,,,,,,,
1489,1489,,,0.06834996491670609,0.1457432359457016,0.06631182879209518,0.025609677657485008,0.02912033163011074,0.018615685403347015,0.0006692946190014482,0.0006692946190014482
1489,1489,0.000627555709797889,,,,,,,,,
1490,1490,,,0.0682046115398407,0.14540110528469086,0.06620125472545624,0.02555934339761734,0.029092129319906235,0.01858633942902088,0.0006667852867394686,0.0006667852867394686
1490,1490,0.0006253263563849032,,,,,,,,,
1491,1491,,,0.06806037575006485,0.14506246149539948,0.06609160453081131,0.025508929044008255,0.029064059257507324,0.018556782975792885,0.0006642886437475681,0.0006642886437475681
1491,1491,0.0006231105071492493,,,,,,,,,
1492,1492,,,0.06791698187589645,0.1447264403104782,0.06598281860351562,0.025458795949816704,0.02903621830046177,0.018527492880821228,0.0006618142360821366,0.0006618142360821366
1492,1492,0.0006209072889760137,,,,,,,,,
1493,1493,,,0.0677737221121788,0.14439238607883453,0.0658741444349289,0.02540888637304306,0.02900874614715576,0.018498437479138374,0.0006593551952391863,0.0006593551952391863
1493,1493,0.0006187187973409891,,,,,,,,,
1494,1494,,,0.06763076782226562,0.14406095445156097,0.06576559692621231,0.025359008461236954,0.028981175273656845,0.018469281494617462,0.000656904885545373,0.000656904885545373
1494,1494,0.0006165417726151645,,,,,,,,,
1495,1495,,,0.06748855859041214,0.14373110234737396,0.06565745919942856,0.025309070944786072,0.028953637927770615,0.018439989537000656,0.0006544624920934439,0.0006544624920934439
1495,1495,0.0006143785431049764,,,,,,,,,
1496,1496,,,0.0673474371433258,0.14340288937091827,0.0655503198504448,0.025259461253881454,0.02892628125846386,0.018411025404930115,0.0006520432070828974,0.0006520432070828974
1496,1496,0.0006122252671048045,,,,,,,,,
1497,1497,,,0.06720717251300812,0.1430768221616745,0.06544385850429535,0.025209907442331314,0.028899194672703743,0.018382051959633827,0.0006496377172879875,0.0006496377172879875
1497,1497,0.0006100875907577574,,,,,,,,,
1498,1498,,,0.06706719845533371,0.14275437593460083,0.06533759087324142,0.025160441175103188,0.028872644528746605,0.018353106454014778,0.0006472461391240358,0.0006472461391240358
1498,1498,0.0006079626036807895,,,,,,,,,
1499,1499,,0.0006058485014364123,,,,,,,,
1499,1499,,,0.0669277012348175,0.14243349432945251,0.06523174792528152,0.025111163035035133,0.02884596772491932,0.018324345350265503,0.0006448689382523298,0.0006448689382523298
1499,1499,0.0006058485014364123,,,,,,,,,
1500,1500,,,0.06678885966539383,0.14211450517177582,0.06512647122144699,0.025061985477805138,0.02881937474012375,0.018295569345355034,0.0006425041938200593,0.0006425041938200593
1500,1500,0.0006037462735548615,,,,,,,,,
1501,1501,,,0.06665034592151642,0.14179809391498566,0.06502136588096619,0.02501281350851059,0.02879265882074833,0.018266689032316208,0.0006401474820449948,0.0006401474820449948
1501,1501,0.0006016566185280681,,,,,,,,,
1502,1502,,,0.06651291251182556,0.14148364961147308,0.06491704285144806,0.024963820353150368,0.028766335919499397,0.018237970769405365,0.0006378092220984399,0.0006378092220984399
1502,1502,0.0005995792453177273,,,,,,,,,
1503,1503,,,0.06637639552354813,0.14117121696472168,0.06481362879276276,0.024915067479014397,0.028740577399730682,0.01820954866707325,0.0006354925571940839,0.0006354925571940839
1503,1503,0.0005975131643936038,,,,,,,,,
1504,1504,,,0.0662403330206871,0.14086049795150757,0.06471049785614014,0.024866292253136635,0.028714941814541817,0.01818094402551651,0.0006331824697554111,0.0006331824697554111
1504,1504,0.0005954602384008467,,,,,,,,,
1505,1505,,,0.06610424816608429,0.14055199921131134,0.0646071806550026,0.024817559868097305,0.028689179569482803,0.018152277916669846,0.0006308784941211343,0.0006308784941211343
1505,1505,0.0005934193031862378,,,,,,,,,
1506,1506,,,0.06596879661083221,0.14024557173252106,0.06450442224740982,0.024769170209765434,0.02866329997777939,0.01812398061156273,0.0006285947747528553,0.0006285947747528553
1506,1506,0.0005913881468586624,,,,,,,,,
1507,1507,,,0.06583438813686371,0.13994185626506805,0.06440263986587524,0.024720903486013412,0.028637772426009178,0.018095815554261208,0.0006263296236284077,0.0006263296236284077
1507,1507,0.0005893702036701143,,,,,,,,,
1508,1508,,,0.06570079922676086,0.13964015245437622,0.06430139392614365,0.024672430008649826,0.02861264906823635,0.01806723140180111,0.0006240681395865977,0.0006240681395865977
1508,1508,0.0005873635527677834,,,,,,,,,
1509,1509,,,0.0655675008893013,0.13933995366096497,0.06420034170150757,0.024624211713671684,0.028587739914655685,0.018038904294371605,0.0006218217895366251,0.0006218217895366251
1509,1509,0.0005853690090589225,,,,,,,,,
1510,1510,,,0.06543444097042084,0.13904163241386414,0.06409943103790283,0.024576270952820778,0.028562696650624275,0.018010877072811127,0.0006195908063091338,0.0006195908063091338
1510,1510,0.0005833846516907215,,,,,,,,,
1511,1511,,,0.0653020590543747,0.13874448835849762,0.06399903446435928,0.024528397247195244,0.028537821024656296,0.017982803285121918,0.0006173698930069804,0.0006173698930069804
1511,1511,0.0005814119940623641,,,,,,,,,
1512,1512,,,0.06517039984464645,0.13844993710517883,0.06389910727739334,0.024480484426021576,0.028513548895716667,0.017954658716917038,0.0006151601555757225,0.0006151601555757225
1512,1512,0.0005794508033432066,,,,,,,,,
1513,1513,,,0.06503976881504059,0.13815851509571075,0.06380022317171097,0.02443268522620201,0.02848915569484234,0.01792655512690544,0.0006129669491201639,0.0006129669491201639
1513,1513,0.0005775016034021974,,,,,,,,,
1514,1514,,,0.06490911543369293,0.1378684639930725,0.06370121240615845,0.024385157972574234,0.028464773669838905,0.017898671329021454,0.0006107856752350926,0.0006107856752350926
1514,1514,0.0005755628226324916,,,,,,,,,
1515,1515,,,0.06477911025285721,0.13758063316345215,0.06360271573066711,0.024337736889719963,0.028440363705158234,0.01787085086107254,0.0006086172652430832,0.0006086172652430832
1515,1515,0.0005736327730119228,,,,,,,,,
1516,1516,,,0.06464960426092148,0.137293741106987,0.06350459903478622,0.02429044246673584,0.028416438028216362,0.01784314587712288,0.0006064610788598657,0.0006064610788598657
1516,1516,0.0005717171006835997,,,,,,,,,
1517,1517,,,0.06452083587646484,0.1370084136724472,0.06340689212083817,0.024242909625172615,0.028392821550369263,0.01781501993536949,0.0006043064058758318,0.0006043064058758318
1517,1517,0.0005698099848814309,,,,,,,,,
1518,1518,,,0.06439262628555298,0.13672535121440887,0.06330978125333786,0.024195855483412743,0.028369132429361343,0.017787422984838486,0.0006021754816174507,0.0006021754816174507
1518,1518,0.0005679128807969391,,,,,,,,,
1519,1519,,,0.06426489353179932,0.13644444942474365,0.06321308016777039,0.02414906956255436,0.028345629572868347,0.01776006631553173,0.000600061088334769,0.000600061088334769
1519,1519,0.000566028815228492,,,,,,,,,
1520,1520,,,0.06413795799016953,0.13616614043712616,0.06311697512865067,0.02410203032195568,0.028322294354438782,0.01773230917751789,0.0005979500128887594,0.0005979500128887594
1520,1520,0.0005641555762849748,,,,,,,,,
1521,1521,,,0.06401129066944122,0.13588890433311462,0.06302092224359512,0.024055054411292076,0.028299234807491302,0.017704572528600693,0.0005958469118922949,0.0005958469118922949
1521,1521,0.0005622895550914109,,,,,,,,,
1522,1522,,,0.0638851448893547,0.13561329245567322,0.06292539834976196,0.024008477106690407,0.028275923803448677,0.01767726242542267,0.0005937633104622364,0.0005937633104622364
1522,1522,0.0005604350590147078,,,,,,,,,
1523,1523,,,0.0637592300772667,0.13533881306648254,0.06282994896173477,0.023962153121829033,0.0282528568059206,0.017650170251727104,0.0005916925729252398,0.0005916925729252398
1523,1523,0.0005585924373008311,,,,,,,,,
1524,1524,,,0.06363404542207718,0.13506703078746796,0.06273505091667175,0.02391546405851841,0.028230316936969757,0.01762250065803528,0.0005896218935959041,0.0005896218935959041
1524,1524,0.0005567600019276142,,,,,,,,,
1525,1525,,,0.06350987404584885,0.13479702174663544,0.06264099478721619,0.023868931457400322,0.028208153322339058,0.01759498007595539,0.0005875677452422678,0.0005875677452422678
1525,1525,0.0005549363559111953,,,,,,,,,
1526,1526,,,0.06338616460561752,0.13452856242656708,0.06254734098911285,0.02382287010550499,0.02818574383854866,0.01756804808974266,0.0005855351337231696,0.0005855351337231696
1526,1526,0.0005531239439733326,,,,,,,,,
1527,1527,,,0.06326252967119217,0.13426156342029572,0.06245355308055878,0.023776888847351074,0.02816312201321125,0.017541101202368736,0.0005835082847625017,0.0005835082847625017
1527,1527,0.0005513197975233197,,,,,,,,,
1528,1528,,,0.0631394311785698,0.13399645686149597,0.06236010417342186,0.023730618879199028,0.028140924870967865,0.017513656988739967,0.0005814809119328856,0.0005814809119328856
1528,1528,0.000549526943359524,,,,,,,,,
1529,1529,,,0.06301692873239517,0.13373269140720367,0.062267202883958817,0.02368456870317459,0.028118940070271492,0.017486415803432465,0.0005794683820568025,0.0005794683820568025
1529,1529,0.0005477435770444572,,,,,,,,,
1530,1530,,,0.06289460510015488,0.13347108662128448,0.062174513936042786,0.023639004677534103,0.02809736132621765,0.017459798604249954,0.0005774786695837975,0.0005774786695837975
1530,1530,0.0005459704552777112,,,,,,,,,
1531,1531,,,0.06277316808700562,0.13321170210838318,0.06208249554038048,0.023593438789248466,0.028075698763132095,0.0174330472946167,0.0005754981539212167,0.0005754981539212167
1531,1531,0.0005442056572064757,,,,,,,,,
1532,1532,,,0.06265236437320709,0.132953479886055,0.06199086084961891,0.02354755811393261,0.028054097667336464,0.017405742779374123,0.0005735146696679294,0.0005735146696679294
1532,1532,0.000542451802175492,,,,,,,,,
1533,1533,,,0.06253191828727722,0.13269637525081635,0.06189960613846779,0.02350202202796936,0.028032556176185608,0.01737882010638714,0.0005715478910133243,0.0005715478910133243
1533,1533,0.0005407067365013063,,,,,,,,,
1534,1534,,,0.06241171434521675,0.13244079053401947,0.06180841103196144,0.023456931114196777,0.028011305257678032,0.017352452501654625,0.0005696009611710906,0.0005696009611710906
1534,1534,0.0005389716243371367,,,,,,,,,
1535,1535,,,0.06229213625192642,0.13218726217746735,0.06171755492687225,0.023411687463521957,0.027990365400910378,0.017325835302472115,0.0005676583386957645,0.0005676583386957645
1535,1535,0.0005372456507757306,,,,,,,,,
1536,1536,,,0.062173325568437576,0.13193516433238983,0.061627428978681564,0.023366371169686317,0.027969354763627052,0.017298933118581772,0.0005657208967022598,0.0005657208967022598
1536,1536,0.0005355303292162716,,,,,,,,,
1537,1537,,,0.062054961919784546,0.1316848248243332,0.06153782084584236,0.023321356624364853,0.02794850431382656,0.017272358760237694,0.0005638003931380808,0.0005638003931380808
1537,1537,0.0005338229821063578,,,,,,,,,
1538,1538,,,0.061936479061841965,0.13143664598464966,0.06144795939326286,0.023276451975107193,0.027927985414862633,0.017245855182409286,0.0005618880386464298,0.0005618880386464298
1538,1538,0.0005321244825609028,,,,,,,,,
1539,1539,,,0.06181827560067177,0.13118961453437805,0.061358220875263214,0.023231741040945053,0.02790767326951027,0.017219552770256996,0.0005599870346486568,0.0005599870346486568
1539,1539,0.0005304353544488549,,,,,,,,,
1540,1540,,,0.061701320111751556,0.13094346225261688,0.06126943975687027,0.023186951875686646,0.027887139469385147,0.017193078994750977,0.0005580934230238199,0.0005580934230238199
1540,1540,0.0005287559470161796,,,,,,,,,
1541,1541,,,0.06158529967069626,0.13069885969161987,0.06118144094944,0.02314230427145958,0.027866646647453308,0.017166653648018837,0.0005562126752920449,0.0005562126752920449
1541,1541,0.0005270844558253884,,,,,,,,,
1542,1542,,,0.061469122767448425,0.1304558962583542,0.06109314411878586,0.023097829893231392,0.027846431359648705,0.017140381038188934,0.0005543407169170678,0.0005543407169170678
1542,1542,0.0005254223942756653,,,,,,,,,
1543,1543,,,0.061353154480457306,0.13021494448184967,0.061005085706710815,0.023053474724292755,0.027826575562357903,0.017114195972681046,0.0005524792359210551,0.0005524792359210551
1543,1543,0.0005237699951976538,,,,,,,,,
1544,1544,,,0.06123747304081917,0.1299750953912735,0.060917310416698456,0.023009179159998894,0.02780710719525814,0.017088040709495544,0.0005506261950358748,0.0005506261950358748
1544,1544,0.0005221255123615265,,,,,,,,,
1545,1545,,,0.06112241372466087,0.12973710894584656,0.060830000787973404,0.02296500653028488,0.027787428349256516,0.017061911523342133,0.0005487832822836936,0.0005487832822836936
1545,1545,0.0005204896442592144,,,,,,,,,
1546,1546,,,0.06100798770785332,0.1295003890991211,0.060742951929569244,0.02292090468108654,0.02776763215661049,0.017035795375704765,0.0005469485186040401,0.0005469485186040401
1546,1546,0.0005188615759834647,,,,,,,,,
1547,1547,,,0.060894034802913666,0.1292649656534195,0.060656268149614334,0.022876964882016182,0.027748065069317818,0.017009848728775978,0.000545125687494874,0.000545125687494874
1547,1547,0.0005172438686713576,,,,,,,,,
1548,1548,,,0.060780756175518036,0.1290309876203537,0.06057038903236389,0.022833172231912613,0.02772863581776619,0.01698397845029831,0.0005433153128251433,0.0005433153128251433
1548,1548,0.0005156338447704911,,,,,,,,,
1549,1549,,0.0005140321445651352,,,,,,,,
1549,1549,,,0.06066730245947838,0.12879866361618042,0.06048404052853584,0.02278928831219673,0.027709627524018288,0.016957910731434822,0.0005415055784396827,0.0005415055784396827
1549,1549,0.0005140321445651352,,,,,,,,,
1550,1550,,,0.060554273426532745,0.12856726348400116,0.06039801612496376,0.022745683789253235,0.02769075147807598,0.016932131722569466,0.0005397096392698586,0.0005397096392698586
1550,1550,0.0005124398157931864,,,,,,,,,
1551,1551,,,0.06044243276119232,0.12833718955516815,0.06031313166022301,0.022702213376760483,0.02767176367342472,0.016906458884477615,0.0005379280773922801,0.0005379280773922801
1551,1551,0.0005108549958094954,,,,,,,,,
1552,1552,,,0.06033049523830414,0.12810827791690826,0.06022796407341957,0.022658823058009148,0.02765296772122383,0.016880810260772705,0.0005361515795812011,0.0005361515795812011
1552,1552,0.0005092787323519588,,,,,,,,,
1553,1553,,,0.060218796133995056,0.12788118422031403,0.06014274060726166,0.022615309804677963,0.027634333819150925,0.01685491017997265,0.0005343765369616449,0.0005343765369616449
1553,1553,0.0005077091045677662,,,,,,,,,
1554,1554,,,0.060107842087745667,0.12765559554100037,0.06005826219916344,0.022572150453925133,0.027615565806627274,0.01682940311729908,0.0005326197715476155,0.0005326197715476155
1554,1554,0.0005061500705778599,,,,,,,,,
1555,1555,,,0.05999722704291344,0.1274317353963852,0.05997428297996521,0.022529205307364464,0.027597203850746155,0.016804074868559837,0.0005308764521032572,0.0005308764521032572
1555,1555,0.0005045979632996023,,,,,,,,,
1556,1556,,,0.059886787086725235,0.12720897793769836,0.05989022180438042,0.022486111149191856,0.02757914364337921,0.01677848957479,0.0005291333072818816,0.0005291333072818816
1556,1556,0.0005030536558479071,,,,,,,,,
1557,1557,,,0.05977671965956688,0.1269872784614563,0.05980626121163368,0.022443022578954697,0.027561130002141,0.01675283908843994,0.0005273951101116836,0.0005273951101116836
1557,1557,0.0005015176138840616,,,,,,,,,
1558,1558,,,0.05966769903898239,0.12676674127578735,0.059723272919654846,0.022400371730327606,0.027543026953935623,0.01672768034040928,0.0005256783333607018,0.0005256783333607018
1558,1558,0.000499988382216543,,,,,,,,,
1559,1559,,,0.05955920368432999,0.12654642760753632,0.059640634804964066,0.022357771173119545,0.02752498909831047,0.016702497377991676,0.0005239678430370986,0.0005239678430370986
1559,1559,0.0004984685219824314,,,,,,,,,
1560,1560,,,0.059450551867485046,0.12632839381694794,0.05955767259001732,0.02231491543352604,0.027507219463586807,0.016676882281899452,0.0005222538020461798,0.0005222538020461798
1560,1560,0.000496955937705934,,,,,,,,,
1561,1561,,,0.0593419224023819,0.12611190974712372,0.05947478488087654,0.022272426635026932,0.027489645406603813,0.016651688143610954,0.0005205549532547593,0.0005205549532547593
1561,1561,0.0004954495234414935,,,,,,,,,
1562,1562,,,0.05923404544591904,0.1258963793516159,0.05939275026321411,0.022230397909879684,0.027472184970974922,0.01662703976035118,0.0005188772920519114,0.0005188772920519114
1562,1562,0.0004939522477798164,,,,,,,,,
1563,1563,,,0.05912669003009796,0.1256829798221588,0.059311024844646454,0.02218800224363804,0.027454789727926254,0.016601761803030968,0.0005171954398974776,0.0005171954398974776
1563,1563,0.0004924642853438854,,,,,,,,,
1564,1564,,,0.05901962146162987,0.12547028064727783,0.05922926962375641,0.022145571187138557,0.027437444776296616,0.016576355323195457,0.0005155161488801241,0.0005155161488801241
1564,1564,0.0004909823182970285,,,,,,,,,
1565,1565,,,0.05891309678554535,0.1252577006816864,0.05914793163537979,0.022103747352957726,0.02742018736898899,0.01655171811580658,0.000513859442435205,0.000513859442435205
1565,1565,0.0004895072779618204,,,,,,,,,
1566,1566,,,0.05880701541900635,0.12504631280899048,0.059066928923130035,0.022061899304389954,0.027403410524129868,0.016527017578482628,0.0005122091388329864,0.0005122091388329864
1566,1566,0.00048803904792293906,,,,,,,,,
1567,1567,,,0.058701030910015106,0.1248365193605423,0.058985792100429535,0.022019769996404648,0.02738649956882,0.016501815989613533,0.0005105536547489464,0.0005105536547489464
1567,1567,0.0004865798109676689,,,,,,,,,
1568,1568,,,0.05859542638063431,0.12462908774614334,0.058905113488435745,0.021977849304676056,0.027369461953639984,0.016476811841130257,0.0005089108599349856,0.0005089108599349856
1568,1568,0.0004851272387895733,,,,,,,,,
1569,1569,,,0.05848991870880127,0.12442212551832199,0.05882471054792404,0.021936511620879173,0.027352644130587578,0.01645248383283615,0.0005072882631793618,0.0005072882631793618
1569,1569,0.0004836813604924828,,,,,,,,,
1570,1570,,,0.05838484317064285,0.12421633303165436,0.058744318783283234,0.0218949057161808,0.02733612060546875,0.016427746042609215,0.0005056633963249624,0.0005056633963249624
1570,1570,0.0004822436603717506,,,,,,,,,
1571,1571,,,0.05828060209751129,0.12401244789361954,0.058664508163928986,0.021853208541870117,0.027319855988025665,0.01640281081199646,0.0005040444666519761,0.0005040444666519761
1571,1571,0.00048081332352012396,,,,,,,,,
1572,1572,,,0.05817713961005211,0.12380791455507278,0.05858528986573219,0.0218118317425251,0.02730356901884079,0.01637822948396206,0.0005024395068176091,0.0005024395068176091
1572,1572,0.0004793897969648242,,,,,,,,,
1573,1573,,,0.05807363986968994,0.1236039325594902,0.05850622057914734,0.02177087403833866,0.027287138625979424,0.01635408028960228,0.0005008482257835567,0.0005008482257835567
1573,1573,0.0004779710143338889,,,,,,,,,
1574,1574,,,0.05796978622674942,0.12340214848518372,0.05842656269669533,0.0217296052724123,0.027270937338471413,0.016329461708664894,0.0004992506001144648,0.0004992506001144648
1574,1574,0.00047656314563937485,,,,,,,,,
1575,1575,,,0.057866379618644714,0.12320265173912048,0.05834730714559555,0.021688351407647133,0.027254918590188026,0.016304785385727882,0.0004976606578566134,0.0004976606578566134
1575,1575,0.00047516048653051257,,,,,,,,,
1576,1576,,,0.05776412785053253,0.12300407886505127,0.058269258588552475,0.021647527813911438,0.02723902463912964,0.016280611976981163,0.0004960925434716046,0.0004960925434716046
1576,1576,0.00047376417205668986,,,,,,,,,
1577,1577,,,0.05766212195158005,0.12280581146478653,0.058191221207380295,0.021606815978884697,0.02722310461103916,0.016256486997008324,0.0004945299588143826,0.0004945299588143826
1577,1577,0.0004723744059447199,,,,,,,,,
1578,1578,,,0.057559892535209656,0.12260795384645462,0.05811258405447006,0.021565847098827362,0.02720734104514122,0.016231955960392952,0.0004929604474455118,0.0004929604474455118
1578,1578,0.0004709929053205997,,,,,,,,,
1579,1579,,,0.05745839327573776,0.12241096049547195,0.05803467333316803,0.02152515947818756,0.02719201147556305,0.016207749024033546,0.0004914068849757314,0.0004914068849757314
1579,1579,0.0004696169344242662,,,,,,,,,
1580,1580,,,0.057357169687747955,0.1222149133682251,0.05795709416270256,0.021484768018126488,0.02717662788927555,0.01618383079767227,0.0004898655461147428,0.0004898655461147428
1580,1580,0.00046824829769320786,,,,,,,,,
1581,1581,,,0.05725613981485367,0.12202156335115433,0.057879526168107986,0.02144422009587288,0.02716086246073246,0.01615956611931324,0.0004883237415924668,0.0004883237415924668
1581,1581,0.00046688594738952816,,,,,,,,,
1582,1582,,,0.057155389338731766,0.1218295693397522,0.057802263647317886,0.021403832361102104,0.027145517989993095,0.016135485842823982,0.00048679258907213807,0.00048679258907213807
1582,1582,0.0004655309021472931,,,,,,,,,
1583,1583,,,0.057055577635765076,0.12163745611906052,0.05772562697529793,0.021363629028201103,0.02713054046034813,0.01611163280904293,0.0004852738056797534,0.0004852738056797534
1583,1583,0.0004641811246983707,,,,,,,,,
1584,1584,,,0.05695565044879913,0.12144522368907928,0.05764877796173096,0.02132347598671913,0.027115261182188988,0.01608770340681076,0.00048375557526014745,0.00048375557526014745
1584,1584,0.0004628391470760107,,,,,,,,,
1585,1585,,,0.056855738162994385,0.12125484645366669,0.05757172778248787,0.021283207461237907,0.027100052684545517,0.016063550487160683,0.0004822375485673547,0.0004822375485673547
1585,1585,0.0004615020880009979,,,,,,,,,
1586,1586,,,0.0567561537027359,0.12106556445360184,0.05749513581395149,0.021243413910269737,0.02708536572754383,0.01603996753692627,0.00048073899233713746,0.00048073899233713746
1586,1586,0.0004601732362061739,,,,,,,,,
1587,1587,,,0.05665754899382591,0.12087839096784592,0.05741957947611809,0.02120366320014,0.027070945128798485,0.0160163976252079,0.00047925213584676385,0.00047925213584676385
1587,1587,0.00045884991413913667,,,,,,,,,
1588,1588,,,0.05655883997678757,0.12069179117679596,0.05734351649880409,0.02116365358233452,0.027056120336055756,0.01599235273897648,0.0004777571593876928,0.0004777571593876928
1588,1588,0.0004575334023684263,,,,,,,,,
1589,1589,,,0.0564604327082634,0.12050502747297287,0.05726759880781174,0.02112392894923687,0.02704133465886116,0.01596860960125923,0.00047627263120375574,0.00047627263120375574
1589,1589,0.00045622276957146823,,,,,,,,,
1590,1590,,,0.056362688541412354,0.12031828612089157,0.057192347943782806,0.021084634587168694,0.02702663466334343,0.015945373103022575,0.00047480533248744905,0.00047480533248744905
1590,1590,0.00045491926721297204,,,,,,,,,
1591,1591,,,0.05626506358385086,0.12013290822505951,0.057117048650979996,0.02104521170258522,0.027012139558792114,0.015921887010335922,0.00047333823749795556,0.00047333823749795556
1591,1591,0.000453620043117553,,,,,,,,,
1592,1592,,,0.056167371571063995,0.11994992196559906,0.057041559368371964,0.02100543864071369,0.02699798159301281,0.015897860750555992,0.00047186590381897986,0.00047186590381897986
1592,1592,0.0004523271636571735,,,,,,,,,
1593,1593,,,0.05607035756111145,0.11976754665374756,0.05696694552898407,0.02096635475754738,0.026984112337231636,0.015874680131673813,0.000470419559860602,0.000470419559860602
1593,1593,0.00045104141463525593,,,,,,,,,
1594,1594,,,0.05597412958741188,0.11958674341440201,0.05689302086830139,0.020927414298057556,0.02696991339325905,0.01585162989795208,0.00046898372238501906,0.00046898372238501906
1594,1594,0.00044976259232498705,,,,,,,,,
1595,1595,,,0.05587730556726456,0.11940603703260422,0.05681807920336723,0.020888105034828186,0.026955662295222282,0.01582799106836319,0.0004675347008742392,0.0004675347008742392
1595,1595,0.00044848775723949075,,,,,,,,,
1596,1596,,,0.05578092113137245,0.11922495067119598,0.056743379682302475,0.020848974585533142,0.026941470801830292,0.015804531052708626,0.0004660937120206654,0.0004660937120206654
1596,1596,0.00044721958693116903,,,,,,,,,
1597,1597,,,0.05568515136837959,0.11904451251029968,0.05666934698820114,0.020810244604945183,0.02692749723792076,0.015781519934535027,0.0004646696033887565,0.0004646696033887565
1597,1597,0.0004459586343728006,,,,,,,,,
1598,1598,,,0.05558983236551285,0.11886641383171082,0.05659560114145279,0.020771391689777374,0.026913905516266823,0.015758290886878967,0.00046324924915097654,0.00046324924915097654
1598,1598,0.0004447006213013083,,,,,,,,,
1599,1599,,0.0004434504662640393,,,,,,,,
1599,1599,,,0.055494412779808044,0.11868976056575775,0.05652178078889847,0.020732656121253967,0.026900440454483032,0.015735138207674026,0.000461834977613762,0.000461834977613762
1599,1599,0.0004434504662640393,,,,,,,,,
1600,1600,,,0.05539951100945473,0.11851314455270767,0.05644847825169563,0.020694084465503693,0.026887010782957077,0.01571212336421013,0.00046042934991419315,0.00046042934991419315
1600,1600,0.000442205899162218,,,,,,,,,
1601,1601,,,0.05530465766787529,0.11833701282739639,0.056374985724687576,0.020655501633882523,0.0268732737749815,0.015689000487327576,0.00045902415877208114,0.00045902415877208114
1601,1601,0.00044096686178818345,,,,,,,,,
1602,1602,,,0.05520971864461899,0.11816136538982391,0.05630118027329445,0.0206170454621315,0.026859644800424576,0.015666009858250618,0.00045762379886582494,0.00045762379886582494
1602,1602,0.00043973373249173164,,,,,,,,,
1603,1603,,,0.05511604994535446,0.11798705160617828,0.05622860789299011,0.020578768104314804,0.026846302673220634,0.015643147751688957,0.00045623816549777985,0.00045623816549777985
1603,1603,0.00043850584188476205,,,,,,,,,
1604,1604,,,0.0550227165222168,0.11781362444162369,0.056156355887651443,0.02054058015346527,0.02683315798640251,0.015620346181094646,0.0004548596334643662,0.0004548596334643662
1604,1604,0.00043728420860134065,,,,,,,,,
1605,1605,,,0.05492882430553436,0.1176416277885437,0.05608351528644562,0.02050233818590641,0.026820067316293716,0.015597389079630375,0.00045347961713559926,0.00045347961713559926
1605,1605,0.0004360685416031629,,,,,,,,,
1606,1606,,,0.05483483150601387,0.1174698919057846,0.05601048469543457,0.020464345812797546,0.026806890964508057,0.015574675984680653,0.00045210676034912467,0.00045210676034912467
1606,1606,0.0004348574730101973,,,,,,,,,
1607,1607,,,0.05474202707409859,0.11729805171489716,0.055938445031642914,0.02042650245130062,0.02679375559091568,0.015552076511085033,0.0004507448757067323,0.0004507448757067323
1607,1607,0.0004336525162216276,,,,,,,,,
1608,1608,,,0.05464991554617882,0.11712770164012909,0.05586688965559006,0.020388474687933922,0.02678082510828972,0.015529230237007141,0.00044938543578609824,0.00044938543578609824
1608,1608,0.0004324532637838274,,,,,,,,,
1609,1609,,,0.05455757677555084,0.11695864051580429,0.05579500272870064,0.020350653678178787,0.026767902076244354,0.015506532974541187,0.00044803222408518195,0.00044803222408518195
1609,1609,0.00043125878437422216,,,,,,,,,
1610,1610,,,0.054465360939502716,0.11678926646709442,0.055723272264003754,0.02031325176358223,0.026755187660455704,0.015484328381717205,0.00044669234193861485,0.00044669234193861485
1610,1610,0.0004300694854464382,,,,,,,,,
1611,1611,,,0.05437297001481056,0.11662071943283081,0.05565129593014717,0.02027565985918045,0.026742761954665184,0.015461859293282032,0.00044534984044730663,0.00044534984044730663
1611,1611,0.0004288858035579324,,,,,,,,,
1612,1612,,,0.05428138002753258,0.11645344644784927,0.05557987838983536,0.020237859338521957,0.02673008292913437,0.015438979491591454,0.00044400698971003294,0.00044400698971003294
1612,1612,0.00042770837899297476,,,,,,,,,
1613,1613,,,0.054190102964639664,0.11628735810518265,0.055508844554424286,0.02020055428147316,0.026717232540249825,0.015416663140058517,0.0004426810482982546,0.0004426810482982546
1613,1613,0.00042653424316085875,,,,,,,,,
1614,1614,,,0.05409899353981018,0.11612146347761154,0.055437926203012466,0.02016357146203518,0.026704678311944008,0.015394728630781174,0.00044136669021099806,0.00044136669021099806
1614,1614,0.00042536816908977926,,,,,,,,,
1615,1615,,,0.05400809645652771,0.11595633625984192,0.05536693334579468,0.02012617141008377,0.026692496612668037,0.015372224152088165,0.00044004531810060143,0.00044004531810060143
1615,1615,0.0004242048307787627,,,,,,,,,
1616,1616,,,0.053917303681373596,0.1157912090420723,0.05529595538973808,0.020088808611035347,0.026680076494812965,0.015349622815847397,0.0004387252265587449,0.0004387252265587449
1616,1616,0.0004230473714414984,,,,,,,,,
1617,1617,,,0.0538274385035038,0.11562708765268326,0.05522593483328819,0.020052047446370125,0.026667781174182892,0.015327737666666508,0.00043742835987359285,0.00043742835987359285
1617,1617,0.00042189614032395184,,,,,,,,,
1618,1618,,,0.053737398236989975,0.11546433717012405,0.055155619978904724,0.020015284419059753,0.026655586436390877,0.015305786393582821,0.0004361331812106073,0.0004361331812106073
1618,1618,0.00042074910015799105,,,,,,,,,
1619,1619,,,0.053647421300411224,0.11530178040266037,0.0550852045416832,0.019978227093815804,0.02664359286427498,0.01528342068195343,0.0004348327056504786,0.0004348327056504786
1619,1619,0.0004196064255665988,,,,,,,,,
1620,1620,,,0.05355780944228172,0.11513905227184296,0.055014997720718384,0.019941290840506554,0.02663159929215908,0.015261144377291203,0.00043353793444111943,0.00043353793444111943
1620,1620,0.0004184702702332288,,,,,,,,,
1621,1621,,,0.053468286991119385,0.11497796326875687,0.05494493618607521,0.019904863089323044,0.02661924436688423,0.015239404514431953,0.0004322585300542414,0.0004322585300542414
1621,1621,0.0004173381603322923,,,,,,,,,
1622,1622,,,0.05337914824485779,0.1148180291056633,0.05487511679530144,0.019868405535817146,0.026607291772961617,0.015217628329992294,0.0004309841024223715,0.0004309841024223715
1622,1622,0.00041621169657446444,,,,,,,,,
1623,1623,,,0.05329033359885216,0.1146584302186966,0.05480556935071945,0.019831784069538116,0.026595497503876686,0.015195567160844803,0.0004297090054024011,0.0004297090054024011
1623,1623,0.00041508980211801827,,,,,,,,,
1624,1624,,,0.05320170521736145,0.11449902504682541,0.054735977202653885,0.01979517750442028,0.026583967730402946,0.015173470601439476,0.0004284367896616459,0.0004284367896616459
1624,1624,0.00041397198219783604,,,,,,,,,
1625,1625,,,0.05311339721083641,0.11434020102024078,0.054666705429553986,0.01975909247994423,0.026572024449706078,0.015151902101933956,0.0004271796206012368,0.0004271796206012368
1625,1625,0.0004128605651203543,,,,,,,,,
1626,1626,,,0.0530252605676651,0.11418233066797256,0.05459745228290558,0.019722955301404,0.026560306549072266,0.015130257233977318,0.0004259249253664166,0.0004259249253664166
1626,1626,0.0004117532225791365,,,,,,,,,
1627,1627,,,0.0529373437166214,0.11402468383312225,0.054528359323740005,0.019686708226799965,0.026548877358436584,0.015108420513570309,0.00042467081220820546,0.00042467081220820546
1627,1627,0.00041064934339374304,,,,,,,,,
1628,1628,,,0.05284983664751053,0.11386779695749283,0.05445956811308861,0.019650520756840706,0.026537436991930008,0.015086602419614792,0.0004234221123624593,0.0004234221123624593
1628,1628,0.00040955268195830286,,,,,,,,,
1629,1629,,,0.052762147039175034,0.11371154338121414,0.05439070239663124,0.01961483247578144,0.026525726541876793,0.015065298415720463,0.00042218598537147045,0.00042218598537147045
1629,1629,0.0004084598913323134,,,,,,,,,
1630,1630,,,0.05267483741044998,0.11355637013912201,0.05432198941707611,0.01957901008427143,0.02651425451040268,0.015043739229440689,0.000420950585976243,0.000420950585976243
1630,1630,0.0004073710006196052,,,,,,,,,
1631,1631,,,0.05258825421333313,0.11340201646089554,0.05425381660461426,0.019543098285794258,0.026503074914216995,0.015022027306258678,0.00041971926111727953,0.00041971926111727953
1631,1631,0.00040628801798447967,,,,,,,,,
1632,1632,,,0.05250208452343941,0.11324721574783325,0.05418601259589195,0.019507432356476784,0.026492025703191757,0.01500062644481659,0.0004184976569376886,0.0004184976569376886
1632,1632,0.00040520841139368713,,,,,,,,,
1633,1633,,,0.05241519585251808,0.11309230327606201,0.054117392748594284,0.019471969455480576,0.026480652391910553,0.014979359693825245,0.0004172768967691809,0.0004172768967691809
1633,1633,0.0004041338397655636,,,,,,,,,
1634,1634,,,0.052328284829854965,0.11293860524892807,0.05404873192310333,0.019436484202742577,0.026469487696886063,0.014958010986447334,0.00041605852311477065,0.00041605852311477065
1634,1634,0.000403065379941836,,,,,,,,,
1635,1635,,,0.05224236473441124,0.1127864271402359,0.053980953991413116,0.01940096728503704,0.026458343490958214,0.01493657287210226,0.0004148471634835005,0.0004148471634835005
1635,1635,0.00040199951035901904,,,,,,,,,
1636,1636,,,0.052157048135995865,0.1126350685954094,0.05391373112797737,0.019365718588232994,0.026447411626577377,0.01491541974246502,0.00041364808566868305,0.00041364808566868305
1636,1636,0.00040093931602314115,,,,,,,,,
1637,1637,,,0.05207158997654915,0.11248444020748138,0.05384612828493118,0.019330471754074097,0.026436422020196915,0.01489418838173151,0.00041244926978833973,0.00041244926978833973
1637,1637,0.00039988261414691806,,,,,,,,,
1638,1638,,,0.051985856145620346,0.11233286559581757,0.05377820506691933,0.01929531805217266,0.026425696909427643,0.014873070642352104,0.00041125252027995884,0.00041125252027995884
1638,1638,0.00039883036515675485,,,,,,,,,
1639,1639,,,0.051900316029787064,0.11218070238828659,0.05371036380529404,0.019260210916399956,0.026414699852466583,0.014851920306682587,0.00041005731327459216,0.00041005731327459216
1639,1639,0.00039778303471393883,,,,,,,,,
1640,1640,,,0.051815371960401535,0.11203040182590485,0.05364296957850456,0.019225239753723145,0.026403583586215973,0.014830837957561016,0.0004088705754838884,0.0004088705754838884
1640,1640,0.00039674012805335224,,,,,,,,,
1641,1641,,,0.05173087865114212,0.11188123375177383,0.053576018661260605,0.01919035241007805,0.026392841711640358,0.014809789136052132,0.0004076912300661206,0.0004076912300661206
1641,1641,0.00039570193621329963,,,,,,,,,
1642,1642,,,0.05164649710059166,0.1117333173751831,0.05350922793149948,0.019155513495206833,0.026382481679320335,0.014788825064897537,0.00040651793824508786,0.00040651793824508786
1642,1642,0.00039466781890951097,,,,,,,,,
1643,1643,,,0.05156215652823448,0.1115850955247879,0.05344241112470627,0.019120924174785614,0.0263719093054533,0.014768061228096485,0.0004053505836054683,0.0004053505836054683
1643,1643,0.0003936381544917822,,,,,,,,,
1644,1644,,,0.051477983593940735,0.11143668740987778,0.053375475108623505,0.01908625289797783,0.026361124590039253,0.01474708691239357,0.000404181337216869,0.000404181337216869
1644,1644,0.0003926122735720128,,,,,,,,,
1645,1645,,,0.051394056528806686,0.11128910630941391,0.053308770060539246,0.01905171573162079,0.026350127533078194,0.014726239256560802,0.00040301831904798746,0.00040301831904798746
1645,1645,0.0003915911656804383,,,,,,,,,
1646,1646,,,0.05131051316857338,0.11114181578159332,0.05324239283800125,0.019017362967133522,0.026339873671531677,0.01470563281327486,0.00040186531259678304,0.00040186531259678304
1646,1646,0.0003905740159098059,,,,,,,,,
1647,1647,,,0.051227059215307236,0.11099600046873093,0.05317600816488266,0.018982838839292526,0.026329772546887398,0.014684745110571384,0.0004007113166153431,0.0004007113166153431
1647,1647,0.0003895605623256415,,,,,,,,,
1648,1648,,,0.05114378407597542,0.11085008084774017,0.05310964211821556,0.018948454409837723,0.02631937712430954,0.014663925394415855,0.00039956101682037115,0.00039956101682037115
1648,1648,0.0003885520563926548,,,,,,,,,
1649,1649,,0.00038754777051508427,,,,,,,,
1649,1649,,,0.051060520112514496,0.1107039526104927,0.05304332077503204,0.018914440646767616,0.026308735832571983,0.014643507078289986,0.0003984202048741281,0.0003984202048741281
1649,1649,0.00038754777051508427,,,,,,,,,
1650,1650,,,0.05097787827253342,0.11055903136730194,0.05297746881842613,0.018880324438214302,0.026298390701413155,0.014622929506003857,0.0003972829435952008,0.0003972829435952008
1650,1650,0.0003865472972393036,,,,,,,,,
1651,1651,,,0.050895366817712784,0.11041516810655594,0.05291161686182022,0.018846163526177406,0.026288338005542755,0.014602257870137691,0.0003961479233112186,0.0003961479233112186
1651,1651,0.00038555145147256553,,,,,,,,,
1652,1652,,,0.05081263184547424,0.11027072370052338,0.05284561216831207,0.018812304362654686,0.026278182864189148,0.014581889845430851,0.00039501942228525877,0.00039501942228525877
1652,1652,0.00038455953472293913,,,,,,,,,
1653,1653,,,0.05073004215955734,0.11012694984674454,0.052779603749513626,0.018778493627905846,0.026267949491739273,0.014561492018401623,0.0003938936279155314,0.0003938936279155314
1653,1653,0.00038357116864062846,,,,,,,,,
1654,1654,,,0.050648052245378494,0.10998380929231644,0.052713993936777115,0.01874455437064171,0.026257740333676338,0.014540850184857845,0.00039276888128370047,0.00039276888128370047
1654,1654,0.0003825868770945817,,,,,,,,,
1655,1655,,,0.05056676268577576,0.10984119772911072,0.052649062126874924,0.01871098391711712,0.026247840374708176,0.014520675875246525,0.00039165926864370704,0.00039165926864370704
1655,1655,0.00038160698022693396,,,,,,,,,
1656,1656,,,0.05048513039946556,0.10969886928796768,0.052583761513233185,0.01867741346359253,0.02623794786632061,0.014500459656119347,0.00039054942317306995,0.00039054942317306995
1656,1656,0.0003806303720921278,,,,,,,,,
1657,1657,,,0.05040307343006134,0.1095576360821724,0.05251801759004593,0.018643818795681,0.02622787095606327,0.014480105601251125,0.0003894382098224014,0.0003894382098224014
1657,1657,0.0003796580422203988,,,,,,,,,
1658,1658,,,0.050321754068136215,0.1094161793589592,0.05245281383395195,0.018610350787639618,0.026217814534902573,0.014459861442446709,0.00038833412691019475,0.00038833412691019475
1658,1658,0.0003786907473113388,,,,,,,,,
1659,1659,,,0.050241053104400635,0.10927405953407288,0.0523880235850811,0.018577104434370995,0.026207827031612396,0.014439845457673073,0.00038723836769349873,0.00038723836769349873
1659,1659,0.0003777258680202067,,,,,,,,,
1660,1660,,,0.05016031488776207,0.10913404822349548,0.05232320725917816,0.01854371465742588,0.026198027655482292,0.01441960223019123,0.0003861428704112768,0.0003861428704112768
1660,1660,0.0003767662856262177,,,,,,,,,
1661,1661,,,0.05007949098944664,0.10899420827627182,0.052258241921663284,0.018510455265641212,0.026188241317868233,0.014399451203644276,0.00038505098200403154,0.00038505098200403154
1661,1661,0.00037580920616164804,,,,,,,,,
1662,1662,,,0.04999856650829315,0.10885422676801682,0.0521932877600193,0.018477464094758034,0.026178663596510887,0.014379630796611309,0.0003839670680463314,0.0003839670680463314
1662,1662,0.00037485623033717275,,,,,,,,,
1663,1663,,,0.049918487668037415,0.10871425271034241,0.0521288737654686,0.01844458468258381,0.02616887353360653,0.01435982994735241,0.00038288914947770536,0.00038288914947770536
1663,1663,0.0003739076491910964,,,,,,,,,
1664,1664,,,0.0498385988175869,0.10857542604207993,0.052064452320337296,0.01841137558221817,0.026159148663282394,0.014339538291096687,0.00038180602132342756,0.00038180602132342756
1664,1664,0.00037296180380508304,,,,,,,,,
1665,1665,,,0.04975888878107071,0.10843708366155624,0.05200033634901047,0.01837855577468872,0.026149509474635124,0.01431969553232193,0.00038073520408943295,0.00038073520408943295
1665,1665,0.0003720209060702473,,,,,,,,,
1666,1666,,,0.049678780138492584,0.10829908400774002,0.05193585157394409,0.018345989286899567,0.02613966353237629,0.014300109818577766,0.00037966930540278554,0.00037966930540278554
1666,1666,0.00037108262768015265,,,,,,,,,
1667,1667,,,0.04959828406572342,0.10816130042076111,0.05187087133526802,0.018313098698854446,0.02613028697669506,0.014280090108513832,0.0003785962180700153,0.0003785962180700153
1667,1667,0.00037014903500676155,,,,,,,,,
1668,1668,,,0.04951914772391319,0.10802385956048965,0.051807042211294174,0.018280528485774994,0.02612086571753025,0.01426039356738329,0.0003775377990677953,0.0003775377990677953
1668,1668,0.0003692183527164161,,,,,,,,,
1669,1669,,,0.049440719187259674,0.1078868955373764,0.05174370855093002,0.018248043954372406,0.02611129730939865,0.014240754768252373,0.0003764854627661407,0.0003764854627661407
1669,1669,0.00036829369491897523,,,,,,,,,
1670,1670,,,0.049361877143383026,0.10775063186883926,0.05167990177869797,0.018215537071228027,0.02610173262655735,0.014221063815057278,0.00037543251528404653,0.00037543251528404653
1670,1670,0.0003673688042908907,,,,,,,,,
1671,1671,,,0.049282241612672806,0.10761450231075287,0.05161544680595398,0.01818315126001835,0.02609250508248806,0.014201480895280838,0.00037438090657815337,0.00037438090657815337
1671,1671,0.0003664496180135757,,,,,,,,,
1672,1672,,,0.04920332133769989,0.10747826099395752,0.051551591604948044,0.018150871619582176,0.02608337625861168,0.014181971549987793,0.00037333593354560435,0.00037333593354560435
1672,1672,0.0003655340406112373,,,,,,,,,
1673,1673,,,0.04912519454956055,0.10734259337186813,0.05148828402161598,0.018118657171726227,0.026073647662997246,0.014162401668727398,0.00037229523877613246,0.00037229523877613246
1673,1673,0.0003646223631221801,,,,,,,,,
1674,1674,,,0.04904693365097046,0.10720750689506531,0.051424864679574966,0.01808643527328968,0.026064038276672363,0.014142798259854317,0.00037125591188669205,0.00037125591188669205
1674,1674,0.00036371321766637266,,,,,,,,,
1675,1675,,,0.0489685982465744,0.10707308351993561,0.051361363381147385,0.018054472282528877,0.026055073365569115,0.014123538509011269,0.0003702258982229978,0.0003702258982229978
1675,1675,0.00036280820495449007,,,,,,,,,
1676,1676,,,0.04889053851366043,0.10693901777267456,0.05129798501729965,0.018022445961833,0.0260462686419487,0.014104144647717476,0.0003691970487125218,0.0003691970487125218
1676,1676,0.0003619068884290755,,,,,,,,,
1677,1677,,,0.04881313815712929,0.10680470615625381,0.05123518407344818,0.017990604043006897,0.02603706531226635,0.014084846712648869,0.0003681746020447463,0.0003681746020447463
1677,1677,0.0003610088606365025,,,,,,,,,
1678,1678,,,0.04873540997505188,0.10667023807764053,0.05117196962237358,0.017958777025341988,0.026027236133813858,0.014065456576645374,0.0003671495942398906,0.0003671495942398906
1678,1678,0.00036011377233080566,,,,,,,,,
1679,1679,,,0.048657484352588654,0.10653728246688843,0.051108572632074356,0.017926961183547974,0.026018308475613594,0.01404612697660923,0.0003661293303593993,0.0003661293303593993
1679,1679,0.0003592234861571342,,,,,,,,,
1680,1680,,,0.04857977107167244,0.10640405118465424,0.051045309752225876,0.017895417287945747,0.026009418070316315,0.014027127996087074,0.00036511727375909686,0.00036511727375909686
1680,1680,0.00035833436413668096,,,,,,,,,
1681,1681,,,0.04850289225578308,0.10627143830060959,0.05098266899585724,0.0178638007491827,0.02600046619772911,0.01400793343782425,0.00036410801112651825,0.00036410801112651825
1681,1681,0.0003574507136363536,,,,,,,,,
1682,1682,,,0.048426542431116104,0.10613902658224106,0.050920311361551285,0.017832206562161446,0.025991059839725494,0.013988631777465343,0.0003631006693467498,0.0003631006693467498
1682,1682,0.00035657038097269833,,,,,,,,,
1683,1683,,,0.04834958538413048,0.10600672662258148,0.05085757002234459,0.01780092902481556,0.025982050225138664,0.01396976038813591,0.0003621008654590696,0.0003621008654590696
1683,1683,0.0003556931624189019,,,,,,,,,
1684,1684,,,0.048272471874952316,0.10587543994188309,0.05079469829797745,0.017769576981663704,0.02597353421151638,0.013950776308774948,0.0003611020219977945,0.0003611020219977945
1684,1684,0.00035481780651025474,,,,,,,,,
1685,1685,,,0.04819571226835251,0.10574358701705933,0.05073188245296478,0.017738230526447296,0.02596466615796089,0.01393174473196268,0.0003601038479246199,0.0003601038479246199
1685,1685,0.00035394736914895475,,,,,,,,,
1686,1686,,,0.0481191985309124,0.10561179369688034,0.05066920816898346,0.017707016319036484,0.025955215096473694,0.01391273457556963,0.000359108584234491,0.000359108584234491
1686,1686,0.00035307981306687,,,,,,,,,
1687,1687,,,0.04804341495037079,0.10548132658004761,0.05060717090964317,0.01767585799098015,0.02594619058072567,0.013893765397369862,0.0003581211785785854,0.0003581211785785854
1687,1687,0.00035221598227508366,,,,,,,,,
1688,1688,,,0.047967590391635895,0.10535120964050293,0.05054512619972229,0.017644889652729034,0.025937698781490326,0.013875026255846024,0.00035714078694581985,0.00035714078694581985
1688,1688,0.00035135450889356434,,,,,,,,,
1689,1689,,,0.04789143055677414,0.10522081702947617,0.05048278346657753,0.01761406846344471,0.02592930942773819,0.013856446370482445,0.00035616333479993045,0.00035616333479993045
1689,1689,0.0003504978376440704,,,,,,,,,
1690,1690,,,0.047815412282943726,0.10509071499109268,0.05042038485407829,0.017583021894097328,0.025920173153281212,0.013837411999702454,0.0003551795380190015,0.0003551795380190015
1690,1690,0.000349642476066947,,,,,,,,,
1691,1691,,,0.047740306705236435,0.10496126115322113,0.05035874620079994,0.0175522118806839,0.02591089718043804,0.013818633742630482,0.0003542063641361892,0.0003542063641361892
1691,1691,0.00034879136364907026,,,,,,,,,
1692,1692,,,0.047665055841207504,0.10483157634735107,0.05029694363474846,0.01752161607146263,0.02590249292552471,0.013800177723169327,0.0003532407572492957,0.0003532407572492957
1692,1692,0.0003479437145870179,,,,,,,,,
1693,1693,,,0.047589268535375595,0.10470256954431534,0.05023461580276489,0.0174909345805645,0.0258940476924181,0.013781546615064144,0.0003522721235640347,0.0003522721235640347
1693,1693,0.00034709906321950257,,,,,,,,,
1694,1694,,,0.04751395434141159,0.10457362234592438,0.050172608345746994,0.017460262402892113,0.02588513307273388,0.013762809336185455,0.0003513048868626356,0.0003513048868626356
1694,1694,0.00034625708940438926,,,,,,,,,
1695,1695,,,0.047439273446798325,0.10444498062133789,0.05011116713285446,0.017429905012249947,0.025876259431242943,0.013744421303272247,0.0003503488842397928,0.0003503488842397928
1695,1695,0.00034541820059530437,,,,,,,,,
1696,1696,,,0.04736499860882759,0.10431727766990662,0.05004996433854103,0.017399385571479797,0.025867654010653496,0.013725810684263706,0.0003493935219012201,0.0003493935219012201
1696,1696,0.0003445828042458743,,,,,,,,,
1697,1697,,,0.04729006439447403,0.10418979823589325,0.04998822510242462,0.017368989065289497,0.025859344750642776,0.013707350008189678,0.0003484401968307793,0.0003484401968307793
1697,1697,0.000343750580213964,,,,,,,,,
1698,1698,,,0.04721498489379883,0.10406126081943512,0.04992632940411568,0.017338907346129417,0.025850718840956688,0.013689172454178333,0.0003474918194115162,0.0003474918194115162
1698,1698,0.00034292053896933794,,,,,,,,,
1699,1699,,0.00034209416480734944,,,,,,,,
1699,1699,,,0.04714076966047287,0.10393384099006653,0.04986491799354553,0.017308596521615982,0.025841854512691498,0.013670590706169605,0.00034654230694286525,0.00034654230694286525
1699,1699,0.00034209416480734944,,,,,,,,,
1700,1700,,,0.04706715792417526,0.10380665957927704,0.049804024398326874,0.017278412356972694,0.025833358988165855,0.013652194291353226,0.0003456008853390813,0.0003456008853390813
1700,1700,0.0003412719233892858,,,,,,,,,
1701,1701,,,0.0469931922852993,0.10368043929338455,0.04974301904439926,0.01724848710000515,0.025824997574090958,0.013634086586534977,0.00034466636134311557,0.00034466636134311557
1701,1701,0.00034045224310830235,,,,,,,,,
1702,1702,,,0.046918608248233795,0.10355360805988312,0.04968130961060524,0.017218466848134995,0.025816619396209717,0.013615778647363186,0.00034372665686532855,0.00034372665686532855
1702,1702,0.0003396350657567382,,,,,,,,,
1703,1703,,,0.04684438556432724,0.1034265011548996,0.04961976036429405,0.017188595607876778,0.02580772526562214,0.013597559183835983,0.00034279044484719634,0.00034279044484719634
1703,1703,0.0003388214099686593,,,,,,,,,
1704,1704,,,0.04677160084247589,0.10330042988061905,0.04955947399139404,0.01715879514813423,0.025799233466386795,0.01357943844050169,0.00034186537959612906,0.00034186537959612906
1704,1704,0.00033800938399508595,,,,,,,,,
1705,1705,,,0.046698667109012604,0.10317502170801163,0.04949890449643135,0.01712893508374691,0.025791198015213013,0.013561246916651726,0.0003409409837331623,0.0003409409837331623
1705,1705,0.00033720218925736845,,,,,,,,,
1706,1706,,,0.046625103801488876,0.10304969549179077,0.04943784698843956,0.017099253833293915,0.02578279748558998,0.01354318019002676,0.00034001757740043104,0.00034001757740043104
1706,1706,0.0003363966825418174,,,,,,,,,
1707,1707,,,0.0465511679649353,0.1029239371418953,0.049376558512449265,0.017069827765226364,0.025774063542485237,0.013525347225368023,0.0003390978672541678,0.0003390978672541678
1707,1707,0.0003355942899361253,,,,,,,,,
1708,1708,,,0.046478208154439926,0.10279902070760727,0.04931594431400299,0.017040250822901726,0.025765594094991684,0.013507288880646229,0.00033818103838711977,0.00033818103838711977
1708,1708,0.0003347952151671052,,,,,,,,,
1709,1709,,,0.04640527814626694,0.10267402231693268,0.04925517737865448,0.017010550945997238,0.02575742080807686,0.013489051721990108,0.0003372627543285489,0.0003372627543285489
1709,1709,0.000333998556016013,,,,,,,,,
1710,1710,,,0.046333249658346176,0.1025494784116745,0.04919527471065521,0.016981465741991997,0.025749411433935165,0.013471532613039017,0.0003363635914865881,0.0003363635914865881
1710,1710,0.00033320573857054114,,,,,,,,,
1711,1711,,,0.04626070335507393,0.1024249866604805,0.04913470521569252,0.01695208065211773,0.025740908458828926,0.013453580439090729,0.0003354548825882375,0.0003354548825882375
1711,1711,0.00033241487108170986,,,,,,,,,
1712,1712,,,0.04618782177567482,0.10230042040348053,0.04907383397221565,0.016922757029533386,0.025732548907399178,0.013435660861432552,0.0003345472505316138,0.0003345472505316138
1712,1712,0.000331627088598907,,,,,,,,,
1713,1713,,,0.04611539468169212,0.10217640548944473,0.04901346191763878,0.016893578693270683,0.025724191218614578,0.013417860493063927,0.0003336462250445038,0.0003336462250445038
1713,1713,0.0003308423620183021,,,,,,,,,
1714,1714,,,0.046043068170547485,0.10205280780792236,0.04895315319299698,0.01686468906700611,0.025715896859765053,0.01340034231543541,0.0003327529411762953,0.0003327529411762953
1714,1714,0.00033005987643264234,,,,,,,,,
1715,1715,,,0.045971207320690155,0.10193049907684326,0.04889315366744995,0.016835564747452736,0.02570774219930172,0.013382484205067158,0.0003318586968816817,0.0003318586968816817
1715,1715,0.0003292806795798242,,,,,,,,,
1716,1716,,,0.04589945822954178,0.10180722922086716,0.048833124339580536,0.016806570813059807,0.025699838995933533,0.013364825397729874,0.00033096864353865385,0.00033096864353865385
1716,1716,0.00032850398565642536,,,,,,,,,
1717,1717,,,0.04582727700471878,0.1016838327050209,0.04877271503210068,0.01677771843969822,0.025691669434309006,0.013347252272069454,0.0003300794924143702,0.0003300794924143702
1717,1717,0.0003277309879194945,,,,,,,,,
1718,1718,,,0.045755378901958466,0.10156038403511047,0.048712391406297684,0.016748962923884392,0.02568306028842926,0.013329689390957355,0.00032919261138886213,0.00032919261138886213
1718,1718,0.000326959794620052,,,,,,,,,
1719,1719,,,0.04568428173661232,0.10143718868494034,0.0486527755856514,0.016720237210392952,0.025674968957901,0.01331218983978033,0.0003283125697635114,0.0003283125697635114
1719,1719,0.00032619156991131604,,,,,,,,,
1720,1720,,,0.04561344534158707,0.1013149842619896,0.04859329015016556,0.01669144816696644,0.0256669744849205,0.013294561766088009,0.00032743404153734446,0.00032743404153734446
1720,1720,0.00032542645931243896,,,,,,,,,
1721,1721,,,0.04554199427366257,0.10119342803955078,0.04853334277868271,0.01666298322379589,0.02565890923142433,0.013277249410748482,0.000326560897519812,0.000326560897519812
1721,1721,0.0003246639098506421,,,,,,,,,
1722,1722,,,0.045470286160707474,0.10107138007879257,0.04847321659326553,0.01663455180823803,0.025650793686509132,0.013259951025247574,0.0003256879863329232,0.0003256879863329232
1722,1722,0.0003239039797335863,,,,,,,,,
1723,1723,,,0.0453994944691658,0.10094954073429108,0.04841373860836029,0.016606008633971214,0.02564263716340065,0.013242453336715698,0.00032481696689501405,0.00032481696689501405
1723,1723,0.0003231460868846625,,,,,,,,,
1724,1724,,,0.04532891511917114,0.10082816332578659,0.048354215919971466,0.016577567905187607,0.025634583085775375,0.013225054368376732,0.0003239500802010298,0.0003239500802010298
1724,1724,0.0003223915118724108,,,,,,,,,
1725,1725,,,0.045258499681949615,0.10070688277482986,0.04829493165016174,0.01654941774904728,0.025626372545957565,0.013207942247390747,0.00032309064408764243,0.00032309064408764243
1725,1725,0.0003216395853087306,,,,,,,,,
1726,1726,,,0.045187562704086304,0.1005851998925209,0.04823508486151695,0.016521120443940163,0.025618478655815125,0.013190665282309055,0.00032222724985331297,0.00032222724985331297
1726,1726,0.00032089027808979154,,,,,,,,,
1727,1727,,,0.045116640627384186,0.10046374052762985,0.0481751374900341,0.01649276725947857,0.02561047673225403,0.013173211365938187,0.00032136274967342615,0.00032136274967342615
1727,1727,0.00032014361931942403,,,,,,,,,
1728,1728,,,0.045046813786029816,0.10034333914518356,0.048116277903318405,0.016464821994304657,0.025602340698242188,0.0131562240421772,0.00032051338348537683,0.00032051338348537683
1728,1728,0.00031939963810145855,,,,,,,,,
1729,1729,,,0.04497692361474037,0.10022345930337906,0.04805736616253853,0.016436923295259476,0.025594402104616165,0.013139285147190094,0.00031966675305739045,0.00031966675305739045
1729,1729,0.0003186578687746078,,,,,,,,,
1730,1730,,,0.0449068583548069,0.10010284930467606,0.04799797013401985,0.016408735886216164,0.025586415082216263,0.013121934607625008,0.0003188124392181635,0.0003188124392181635
1730,1730,0.0003179190680384636,,,,,,,,,
1731,1731,,,0.04483657330274582,0.09998229146003723,0.047938499599695206,0.01638084463775158,0.02557843178510666,0.013104880228638649,0.0003179643244948238,0.0003179643244948238
1731,1731,0.0003171828284393996,,,,,,,,,
1732,1732,,,0.04476652666926384,0.0998610332608223,0.047879092395305634,0.01635311357676983,0.025570379570126534,0.013087976723909378,0.00031712022610008717,0.00031712022610008717
1732,1732,0.00031644958653487265,,,,,,,,,
1733,1733,,,0.04469746723771095,0.09974171966314316,0.047820623964071274,0.01632547192275524,0.025562500581145287,0.013071168214082718,0.0003162854991387576,0.0003162854991387576
1733,1733,0.0003157181781716645,,,,,,,,,
1734,1734,,,0.04462747275829315,0.09962315112352371,0.047761425375938416,0.01629764214158058,0.02555476687848568,0.01305408775806427,0.0003154450678266585,0.0003154450678266585
1734,1734,0.00031498941825702786,,,,,,,,,
1735,1735,,,0.044558074325323105,0.0995035171508789,0.04770248755812645,0.016269978135824203,0.025546737015247345,0.013037136755883694,0.00031460882746614516,0.00031460882746614516
1735,1735,0.00031426362693309784,,,,,,,,,
1736,1736,,,0.04448908194899559,0.09938366711139679,0.04764385148882866,0.016242580488324165,0.025538556277751923,0.013020455837249756,0.00031377977575175464,0.00031377977575175464
1736,1736,0.0003135396109428257,,,,,,,,,
1737,1737,,,0.044419970363378525,0.09926391392946243,0.047584984451532364,0.016215087845921516,0.02553085796535015,0.013003643602132797,0.0003129500837530941,0.0003129500837530941
1737,1737,0.00031281900010071695,,,,,,,,,
1738,1738,,,0.04435126855969429,0.09914497286081314,0.047526437789201736,0.016187503933906555,0.025523116812109947,0.012986660934984684,0.0003121214685961604,0.0003121214685961604
1738,1738,0.00031210051383823156,,,,,,,,,
1739,1739,,,0.044281914830207825,0.09902671724557877,0.04746762663125992,0.016160370782017708,0.025515183806419373,0.012970197014510632,0.00031130132265388966,0.00031130132265388966
1739,1739,0.0003113840939477086,,,,,,,,,
1740,1740,,,0.04421255737543106,0.09890887886285782,0.047408584505319595,0.016133015975356102,0.025507250800728798,0.012953411787748337,0.00031047716038301587,0.00031047716038301587
1740,1740,0.0003106707299593836,,,,,,,,,
1741,1741,,,0.044143904000520706,0.09879075735807419,0.047350019216537476,0.016105718910694122,0.02549945004284382,0.012936682440340519,0.000309657771140337,0.000309657771140337
1741,1741,0.0003099589957855642,,,,,,,,,
1742,1742,,,0.04407612234354019,0.09867186844348907,0.0472920723259449,0.016078637912869453,0.025491565465927124,0.012920159846544266,0.0003088458033744246,0.0003088458033744246
1742,1742,0.0003092502593062818,,,,,,,,,
1743,1743,,,0.04400751739740372,0.09855331480503082,0.04723342880606651,0.01605162024497986,0.025483548641204834,0.012903599999845028,0.0003080320020671934,0.0003080320020671934
1743,1743,0.0003085440839640796,,,,,,,,,
1744,1744,,,0.04393899068236351,0.0984351709485054,0.047174833714962006,0.016024570912122726,0.02547577954828739,0.01288701593875885,0.00030721997609362006,0.00030721997609362006
1744,1744,0.0003078396257478744,,,,,,,,,
1745,1745,,,0.04387078806757927,0.09831789880990982,0.04711659997701645,0.01599760912358761,0.02546844445168972,0.012870554812252522,0.0003064142947550863,0.0003064142947550863
1745,1745,0.000307138281641528,,,,,,,,,
1746,1746,,,0.04380292072892189,0.09820050001144409,0.04705863818526268,0.015970906242728233,0.02546047978103161,0.01285426877439022,0.0003056136192753911,0.0003056136192753911
1746,1746,0.00030643935315310955,,,,,,,,,
1747,1747,,,0.04373471811413765,0.09808298945426941,0.04700013995170593,0.01594398356974125,0.025452258065342903,0.012837657704949379,0.0003048065409529954,0.0003048065409529954
1747,1747,0.00030574281117878854,,,,,,,,,
1748,1748,,,0.04366683587431908,0.09796550124883652,0.046941980719566345,0.015917181968688965,0.02544468455016613,0.012821242213249207,0.00030400630203075707,0.00030400630203075707
1748,1748,0.00030504792812280357,,,,,,,,,
1749,1749,,0.0003043559845536947,,,,,,,,
1749,1749,,,0.043599337339401245,0.09784858673810959,0.046884097158908844,0.015890559181571007,0.025437070056796074,0.01280498132109642,0.0003032121167052537,0.0003032121167052537
1749,1749,0.0003043559845536947,,,,,,,,,
1750,1750,,,0.04353215917944908,0.09773176908493042,0.04682634398341179,0.015864022076129913,0.0254292581230402,0.012788751162588596,0.0003024207544513047,0.0003024207544513047
1750,1750,0.00030366622377187014,,,,,,,,,
1751,1751,,,0.043464839458465576,0.09761469066143036,0.0467684306204319,0.01583746261894703,0.025421392172574997,0.012772483751177788,0.00030162889743223786,0.00030162889743223786
1751,1751,0.00030297841294668615,,,,,,,,,
1752,1752,,,0.043397046625614166,0.09749747812747955,0.046710118651390076,0.015810932964086533,0.025413556024432182,0.01275622472167015,0.00030083663295954466,0.00030083663295954466
1752,1752,0.0003022937453351915,,,,,,,,,
1753,1753,,,0.043329108506441116,0.0973815768957138,0.046651702374219894,0.015784472227096558,0.025405991822481155,0.012739988975226879,0.00030004754080437124,0.00030004754080437124
1753,1753,0.000301611638860777,,,,,,,,,
1754,1754,,,0.04326212778687477,0.09726570546627045,0.04659399762749672,0.01575816422700882,0.025398481637239456,0.012723932042717934,0.0002992662775795907,0.0002992662775795907
1754,1754,0.00030093034729361534,,,,,,,,,
1755,1755,,,0.04319564253091812,0.09714987874031067,0.046536680310964584,0.015731828287243843,0.025390682741999626,0.012707755900919437,0.00029848620761185884,0.00029848620761185884
1755,1755,0.00030025234445929527,,,,,,,,,
1756,1756,,,0.04312879964709282,0.09703297913074493,0.04647891968488693,0.015705524012446404,0.02538273110985756,0.01269158162176609,0.00029770442051813006,0.00029770442051813006
1756,1756,0.0002995762333739549,,,,,,,,,
1757,1757,,,0.04306180030107498,0.09691694378852844,0.04642115905880928,0.015679584816098213,0.02537512592971325,0.012675781734287739,0.00029693165561184287,0.00029693165561184287
1757,1757,0.0002989026252180338,,,,,,,,,
1758,1758,,,0.04299541190266609,0.09680172801017761,0.04636390879750252,0.01565355248749256,0.02536754123866558,0.012659834697842598,0.000296161015285179,0.000296161015285179
1758,1758,0.00029823131626471877,,,,,,,,,
1759,1759,,,0.042929258197546005,0.09668584913015366,0.04630659520626068,0.015627335757017136,0.025359828025102615,0.012643624097108841,0.0002953868533950299,0.0002953868533950299
1759,1759,0.00029756236472167075,,,,,,,,,
1760,1760,,,0.04286228492856026,0.09657011926174164,0.04624864086508751,0.015601406805217266,0.0253521129488945,0.012627718970179558,0.00029461615486070514,0.00029461615486070514
1760,1760,0.00029689547955058515,,,,,,,,,
1761,1761,,,0.042795579880476,0.09645482897758484,0.046190936118364334,0.015575717203319073,0.025344545021653175,0.012612099759280682,0.0002938530524261296,0.0002938530524261296
1761,1761,0.0002962301950901747,,,,,,,,,
1762,1762,,,0.04272931069135666,0.09633985906839371,0.04613355174660683,0.015549639239907265,0.025336865335702896,0.012595990672707558,0.00029308482771739364,0.00029308482771739364
1762,1762,0.00029556904337368906,,,,,,,,,
1763,1763,,,0.04266304150223732,0.09622526913881302,0.04607611522078514,0.015523819252848625,0.025328896939754486,0.01258009485900402,0.0002923215797636658,0.0002923215797636658
1763,1763,0.0002949083282146603,,,,,,,,,
1764,1764,,,0.04259767383337021,0.09611061960458755,0.046019334346055984,0.01549835130572319,0.02532164379954338,0.012564639560878277,0.00029157110839150846,0.00029157110839150846
1764,1764,0.00029424933018162847,,,,,,,,,
1765,1765,,,0.04253210499882698,0.09599470347166061,0.04596222564578056,0.0154727753251791,0.02531406469643116,0.012549004517495632,0.00029081618413329124,0.00029081618413329124
1765,1765,0.0002935938537120819,,,,,,,,,
1766,1766,,,0.04246622323989868,0.09587935358285904,0.04590476676821709,0.015446924604475498,0.025306347757577896,0.012532977387309074,0.00029005517717450857,0.00029005517717450857
1766,1766,0.0002929400361608714,,,,,,,,,
1767,1767,,,0.04239998012781143,0.09576559066772461,0.04584730789065361,0.01542137935757637,0.0252987053245306,0.012517278082668781,0.00028930179541930556,0.00028930179541930556
1767,1767,0.000292287819320336,,,,,,,,,
1768,1768,,,0.04233452305197716,0.09565173089504242,0.04579048603773117,0.015396269969642162,0.02529085986316204,0.012502025812864304,0.00028855985146947205,0.00028855985146947205
1768,1768,0.0002916379598900676,,,,,,,,,
1769,1769,,,0.0422690212726593,0.09553787857294083,0.04573342576622963,0.015370656736195087,0.02528352290391922,0.01248620543628931,0.000287809845758602,0.000287809845758602
1769,1769,0.0002909913018811494,,,,,,,,,
1770,1770,,,0.04220364987850189,0.09542349725961685,0.04567636549472809,0.015345198102295399,0.02527591772377491,0.012470533140003681,0.0002870627213269472,0.0002870627213269472
1770,1770,0.00029034612816758454,,,,,,,,,
1771,1771,,,0.04213898628950119,0.09530891478061676,0.045619815587997437,0.015320110134780407,0.025268221274018288,0.012455225922167301,0.00028632537578232586,0.00028632537578232586
1771,1771,0.0002897032245527953,,,,,,,,,
1772,1772,,,0.04207407683134079,0.09519458562135696,0.04556304216384888,0.015294967219233513,0.025260526686906815,0.012439821846783161,0.0002855869533959776,0.0002855869533959776
1772,1772,0.0002890617761295289,,,,,,,,,
1773,1773,,,0.042008865624666214,0.09508126229047775,0.04550612345337868,0.015269642695784569,0.025253046303987503,0.012424178421497345,0.0002848462900146842,0.0002848462900146842
1773,1773,0.00028842329629696906,,,,,,,,,
1774,1774,,,0.04194369539618492,0.09496785700321198,0.045449256896972656,0.015244527719914913,0.02524566650390625,0.012408772483468056,0.00028411095263436437,0.00028411095263436437
1774,1774,0.00028778600972145796,,,,,,,,,
1775,1775,,,0.04187895730137825,0.09485528618097305,0.0453927181661129,0.015219691209495068,0.025238037109375,0.012393600307404995,0.0002833829785231501,0.0002833829785231501
1775,1775,0.0002871507313102484,,,,,,,,,
1776,1776,,,0.04181439429521561,0.09474176913499832,0.04533609375357628,0.015194707550108433,0.025230107828974724,0.012378199025988579,0.0002826513664331287,0.0002826513664331287
1776,1776,0.0002865178685169667,,,,,,,,,
1777,1777,,,0.04174968972802162,0.09462789446115494,0.045279234647750854,0.015169692225754261,0.025222741067409515,0.012362821027636528,0.0002819207147695124,0.0002819207147695124
1777,1777,0.0002858877705875784,,,,,,,,,
1778,1778,,,0.04168551042675972,0.09451398998498917,0.04522285237908363,0.015144900418817997,0.0252152681350708,0.012347621843218803,0.00028119643684476614,0.00028119643684476614
1778,1778,0.0002852587203960866,,,,,,,,,
1779,1779,,,0.041620928794145584,0.09440165013074875,0.04516620561480522,0.015120153315365314,0.02520790323615074,0.01233240868896246,0.00028047378873452544,0.00028047378873452544
1779,1779,0.00028463234775699675,,,,,,,,,
1780,1780,,,0.041556958109140396,0.09428898245096207,0.04511011764407158,0.015095519833266735,0.02520018443465233,0.01231729332357645,0.00027975536067970097,0.00027975536067970097
1780,1780,0.00028400711016729474,,,,,,,,,
1781,1781,,,0.04149272292852402,0.09417638927698135,0.04505370929837227,0.015070842579007149,0.025192301720380783,0.012302077375352383,0.0002790351863950491,0.0002790351863950491
1781,1781,0.00028338495758362114,,,,,,,,,
1782,1782,,,0.0414285883307457,0.09406378865242004,0.0449971929192543,0.01504608802497387,0.0251851174980402,0.0122868362814188,0.0002783164381980896,0.0002783164381980896
1782,1782,0.0002827644348144531,,,,,,,,,
1783,1783,,,0.04136484116315842,0.09395158290863037,0.044941093772649765,0.015021765604615211,0.025177717208862305,0.012272048741579056,0.00027760802186094224,0.00027760802186094224
1783,1783,0.00028214516350999475,,,,,,,,,
1784,1784,,,0.04130100831389427,0.09383900463581085,0.0448848158121109,0.014997242018580437,0.025170158594846725,0.01225693803280592,0.0002768948324956,0.0002768948324956
1784,1784,0.00028152958839200437,,,,,,,,,
1785,1785,,,0.04123719409108162,0.0937270075082779,0.04482857882976532,0.014972592703998089,0.025162318721413612,0.012241631746292114,0.0002761799260042608,0.0002761799260042608
1785,1785,0.00028091471176594496,,,,,,,,,
1786,1786,,,0.04117359593510628,0.09361471980810165,0.04477249085903168,0.014948451891541481,0.025154776871204376,0.012226901948451996,0.0002754764864221215,0.0002754764864221215
1786,1786,0.00028030204703100026,,,,,,,,,
1787,1787,,,0.04111018031835556,0.09350226074457169,0.044716350734233856,0.01492419932037592,0.02514769695699215,0.012212070636451244,0.0002747731632553041,0.0002747731632553041
1787,1787,0.00027969118673354387,,,,,,,,,
1788,1788,,,0.0410471074283123,0.09339036792516708,0.044660452753305435,0.014899813570082188,0.025140229612588882,0.012197005562484264,0.0002740685595199466,0.0002740685595199466
1788,1788,0.00027908317861147225,,,,,,,,,
1789,1789,,,0.04098387062549591,0.09327863156795502,0.04460449516773224,0.014875593595206738,0.02513212524354458,0.012182011269032955,0.0002733654691837728,0.0002733654691837728
1789,1789,0.00027847549063153565,,,,,,,,,
1790,1790,,,0.04092028737068176,0.0931672602891922,0.044548384845256805,0.014851657673716545,0.02512459084391594,0.012167362496256828,0.0002726691891439259,0.0002726691891439259
1790,1790,0.00027787129511125386,,,,,,,,,
1791,1791,,,0.04085667431354523,0.09305627644062042,0.04449226334691048,0.014827578328549862,0.025117389857769012,0.012152578681707382,0.00027197241433896124,0.00027197241433896124
1791,1791,0.00027726817643269897,,,,,,,,,
1792,1792,,,0.04079392924904823,0.09294520318508148,0.04443660378456116,0.014803417026996613,0.02511005848646164,0.012137649580836296,0.0002712769783101976,0.0002712769783101976
1792,1792,0.00027666628011502326,,,,,,,,,
1793,1793,,,0.040731094777584076,0.09283304214477539,0.044380612671375275,0.014779524877667427,0.025102391839027405,0.012122975662350655,0.00027058448176831007,0.00027058448176831007
1793,1793,0.00027606685762293637,,,,,,,,,
1794,1794,,,0.04066886007785797,0.09272118657827377,0.044325247406959534,0.014755798503756523,0.02509482204914093,0.01210846472531557,0.0002698986791074276,0.0002698986791074276
1794,1794,0.00027547040372155607,,,,,,,,,
1795,1795,,,0.0406065359711647,0.09261008352041245,0.04426981136202812,0.01473185047507286,0.025087347254157066,0.01209369208663702,0.000269210257101804,0.000269210257101804
1795,1795,0.0002748754632193595,,,,,,,,,
1796,1796,,,0.0405433252453804,0.09249977767467499,0.04421381652355194,0.014708003029227257,0.02507983334362507,0.012078940868377686,0.00026852157316170633,0.00026852157316170633
1796,1796,0.0002742809883784503,,,,,,,,,
1797,1797,,,0.040480587631464005,0.09238854795694351,0.04415813833475113,0.014684557914733887,0.025072401389479637,0.012064676731824875,0.0002678423479665071,0.0002678423479665071
1797,1797,0.00027369006420485675,,,,,,,,,
1798,1798,,,0.040418270975351334,0.0922786146402359,0.04410265013575554,0.014660708606243134,0.025065043941140175,0.01204991526901722,0.0002671589027158916,0.0002671589027158916
1798,1798,0.0002730990818236023,,,,,,,,,
1799,1799,,0.00027251205756329,,,,,,,,
1799,1799,,,0.04035636782646179,0.09216787666082382,0.04404730349779129,0.014637002721428871,0.025057457387447357,0.012035253457725048,0.00026647833874449134,0.00026647833874449134
1799,1799,0.00027251205756329,,,,,,,,,
1800,1800,,,0.04029411822557449,0.09205656498670578,0.043991848826408386,0.014613755978643894,0.025050008669495583,0.012021126225590706,0.00026580606936477125,0.00026580606936477125
1800,1800,0.00027192625566385686,,,,,,,,,
1801,1801,,,0.04023187234997749,0.0919460728764534,0.043936289846897125,0.01459011621773243,0.025042342022061348,0.01200644951313734,0.0002651267859619111,0.0002651267859619111
1801,1801,0.00027134150150232017,,,,,,,,,
1802,1802,,,0.040170200169086456,0.09183592349290848,0.04388123005628586,0.014566615223884583,0.025035027414560318,0.011991950683295727,0.00026445428375154734,0.00026445428375154734
1802,1802,0.00027075898833572865,,,,,,,,,
1803,1803,,,0.04010840505361557,0.09172549098730087,0.04382602497935295,0.014543429017066956,0.025027545168995857,0.01197776384651661,0.000263786903815344,0.000263786903815344
1803,1803,0.00027017848333343863,,,,,,,,,
1804,1804,,,0.04004668816924095,0.09161526709794998,0.043770741671323776,0.014520128257572651,0.02502015046775341,0.011963418684899807,0.00026311841793358326,0.00026311841793358326
1804,1804,0.0002695999573916197,,,,,,,,,
1805,1805,,,0.03998461365699768,0.09150511771440506,0.043715111911296844,0.014496714808046818,0.025012478232383728,0.011948910541832447,0.00026244664331898093,0.00026244664331898093
1805,1805,0.00026902256649918854,,,,,,,,,
1806,1806,,,0.03992310166358948,0.09139601141214371,0.04366016760468483,0.014473555609583855,0.02500513382256031,0.011934729292988777,0.00026178479311056435,0.00026178479311056435
1806,1806,0.0002684476785361767,,,,,,,,,
1807,1807,,,0.03986150771379471,0.09128620475530624,0.043605029582977295,0.014450513757765293,0.024997588247060776,0.011920572258532047,0.000261123466771096,0.000261123466771096
1807,1807,0.0002678749733604491,,,,,,,,,
1808,1808,,,0.039800167083740234,0.09117654711008072,0.04354994371533394,0.014427341520786285,0.024990038946270943,0.011906204745173454,0.000260460888966918,0.000260460888966918
1808,1808,0.00026730220997706056,,,,,,,,,
1809,1809,,,0.03973961994051933,0.09106587618589401,0.04349534586071968,0.01440434716641903,0.024982746690511703,0.011892091482877731,0.00025980494683608413,0.00025980494683608413
1809,1809,0.00026673273532651365,,,,,,,,,
1810,1810,,,0.039678338915109634,0.09095586091279984,0.04344019666314125,0.014381340704858303,0.0249753650277853,0.011877926997840405,0.00025914720026776195,0.00025914720026776195
1810,1810,0.0002661647158674896,,,,,,,,,
1811,1811,,,0.03961654379963875,0.09084640443325043,0.043384648859500885,0.014358422718942165,0.024967653676867485,0.011863775551319122,0.000258489279076457,0.000258489279076457
1811,1811,0.0002655989374034107,,,,,,,,,
1812,1812,,,0.039555370807647705,0.09073790162801743,0.043329767882823944,0.014335589483380318,0.0249601062387228,0.011849699541926384,0.0002578373532742262,0.0002578373532742262
1812,1812,0.0002650331880431622,,,,,,,,,
1813,1813,,,0.03949487581849098,0.09062965214252472,0.04327547177672386,0.014312843792140484,0.02495298534631729,0.011835766024887562,0.0002571918012108654,0.0002571918012108654
1813,1813,0.0002644705818966031,,,,,,,,,
1814,1814,,,0.039434030652046204,0.0905207023024559,0.043220579624176025,0.01428995281457901,0.024945436045527458,0.011821544729173183,0.00025654013734310865,0.00025654013734310865
1814,1814,0.0002639097219798714,,,,,,,,,
1815,1815,,,0.0393730103969574,0.09041005373001099,0.04316540062427521,0.01426735706627369,0.024937910959124565,0.011807666160166264,0.00025589228607714176,0.00025589228607714176
1815,1815,0.000263350666500628,,,,,,,,,
1816,1816,,,0.03931284323334694,0.09029976278543472,0.04311089962720871,0.014244772493839264,0.024930456653237343,0.011793818324804306,0.0002552491205278784,0.0002552491205278784
1816,1816,0.0002627925423439592,,,,,,,,,
1817,1817,,,0.03925288841128349,0.09019195288419724,0.04305671900510788,0.014222042635083199,0.024922994896769524,0.0117797264829278,0.0002546068571973592,0.0002546068571973592
1817,1817,0.0002622368629090488,,,,,,,,,
1818,1818,,,0.0391923263669014,0.09008479118347168,0.043002333492040634,0.014199603348970413,0.024915538728237152,0.01176594290882349,0.0002539694542065263,0.0002539694542065263
1818,1818,0.000261682434938848,,,,,,,,,
1819,1819,,,0.03913144767284393,0.0899764895439148,0.042947567999362946,0.014177197590470314,0.024907980114221573,0.011752146296203136,0.00025333050871267915,0.00025333050871267915
1819,1819,0.00026113021885976195,,,,,,,,,
1820,1820,,,0.039070699363946915,0.08986720442771912,0.042892441153526306,0.014154595322906971,0.024900855496525764,0.01173813920468092,0.0002526884782128036,0.0002526884782128036
1820,1820,0.0002605793415568769,,,,,,,,,
1821,1821,,,0.03901155665516853,0.08975812047719955,0.042838700115680695,0.014132367447018623,0.024893485009670258,0.011724529787898064,0.0002520593407098204,0.0002520593407098204
1821,1821,0.00026002954109571874,,,,,,,,,
1822,1822,,,0.038951486349105835,0.08964916318655014,0.042784083634614944,0.014110032469034195,0.0248857568949461,0.011710712686181068,0.00025142423692159355,0.00025142423692159355
1822,1822,0.0002594827674329281,,,,,,,,,
1823,1823,,,0.0388912670314312,0.08954139798879623,0.04272948578000069,0.014087668620049953,0.024878164753317833,0.011696860194206238,0.00025079058832488954,0.00025079058832488954
1823,1823,0.0002589367504697293,,,,,,,,,
1824,1824,,,0.03883165866136551,0.0894341766834259,0.04267559573054314,0.014065561816096306,0.024871181696653366,0.011683355085551739,0.000250167038757354,0.000250167038757354
1824,1824,0.0002583925088401884,,,,,,,,,
1825,1825,,,0.03877197951078415,0.08932654559612274,0.042621396481990814,0.014043405652046204,0.02486347034573555,0.011669637635350227,0.0002495396474841982,0.0002495396474841982
1825,1825,0.0002578499261289835,,,,,,,,,
1826,1826,,,0.03871206194162369,0.08921756595373154,0.042566824704408646,0.014021259732544422,0.024855701252818108,0.011655899696052074,0.00024891048087738454,0.00024891048087738454
1826,1826,0.00025730940978974104,,,,,,,,,
1827,1827,,,0.03865205869078636,0.08910933136940002,0.042512230575084686,0.013999232091009617,0.024848544970154762,0.011642388999462128,0.00024828664027154446,0.00024828664027154446
1827,1827,0.0002567694755271077,,,,,,,,,
1828,1828,,,0.038592562079429626,0.0890018418431282,0.04245801270008087,0.013977187685668468,0.024841496720910072,0.011628814041614532,0.0002476655354257673,0.0002476655354257673
1828,1828,0.00025623178225941956,,,,,,,,,
1829,1829,,,0.03853370249271393,0.08889462798833847,0.04240436106920242,0.013955267146229744,0.02483356185257435,0.011615224182605743,0.0002470470208209008,0.0002470470208209008
1829,1829,0.00025569615536369383,,,,,,,,,
1830,1830,,,0.03847473859786987,0.08878668397665024,0.04235069453716278,0.013933544978499413,0.02482578530907631,0.011601895093917847,0.0002464325516484678,0.0002464325516484678
1830,1830,0.00025516189634799957,,,,,,,,,
1831,1831,,,0.038415078073740005,0.08867912739515305,0.04229617491364479,0.013911420479416847,0.024818645790219307,0.011588137596845627,0.0002458106609992683,0.0002458106609992683
1831,1831,0.0002546288596931845,,,,,,,,,
1832,1832,,,0.038355764001607895,0.08857141435146332,0.04224201664328575,0.013889734633266926,0.02481153979897499,0.011574835516512394,0.00024519822909496725,0.00024519822909496725
1832,1832,0.0002540983841754496,,,,,,,,,
1833,1833,,,0.03829699382185936,0.08846376091241837,0.04218841716647148,0.013868257403373718,0.0248037651181221,0.01156168058514595,0.0002445904246997088,0.0002445904246997088
1833,1833,0.0002535681996960193,,,,,,,,,
1834,1834,,,0.03823826089501381,0.08835724741220474,0.04213467985391617,0.013846278190612793,0.02479621022939682,0.011547929607331753,0.000243975649937056,0.000243975649937056
1834,1834,0.00025304011069238186,,,,,,,,,
1835,1835,,,0.03817957639694214,0.08825034648180008,0.04208105430006981,0.01382465846836567,0.024788962677121162,0.011534629389643669,0.0002433688787277788,0.0002433688787277788
1835,1835,0.00025251402985304594,,,,,,,,,
1836,1836,,,0.03812125697731972,0.08814264088869095,0.04202764853835106,0.01380336657166481,0.024781586602330208,0.011521673761308193,0.00024276855401694775,0.00024276855401694775
1836,1836,0.00025198899675160646,,,,,,,,,
1837,1837,,,0.03806200996041298,0.08803516626358032,0.04197320342063904,0.013781643472611904,0.02477400377392769,0.011508120223879814,0.00024215667508542538,0.00024215667508542538
1837,1837,0.0002514663792680949,,,,,,,,,
1838,1838,,,0.038003917783498764,0.08792813867330551,0.041919805109500885,0.013760113157331944,0.024766569957137108,0.011494808830320835,0.0002415540220681578,0.0002415540220681578
1838,1838,0.00025094396551139653,,,,,,,,,
1839,1839,,,0.03794563189148903,0.08782215416431427,0.041866566985845566,0.013738912530243397,0.02475910075008869,0.01148183736950159,0.0002409584412816912,0.0002409584412816912
1839,1839,0.00025042358902283013,,,,,,,,,
1840,1840,,,0.0378866083920002,0.08771620690822601,0.041812486946582794,0.013717439025640488,0.024751577526330948,0.011468500830233097,0.00024035536625888199,0.00024035536625888199
1840,1840,0.0002499060647096485,,,,,,,,,
1841,1841,,,0.037828389555215836,0.08760931342840195,0.041758906096220016,0.013696002773940563,0.024744300171732903,0.011455227620899677,0.00023975601652637124,0.00023975601652637124
1841,1841,0.0002493881620466709,,,,,,,,,
1842,1842,,,0.037770770490169525,0.08750168234109879,0.04170582443475723,0.013674981892108917,0.02473677136003971,0.011442380957305431,0.00023916523787193,0.00023916523787193
1842,1842,0.00024887302424758673,,,,,,,,,
1843,1843,,,0.0377122163772583,0.08739514648914337,0.041651856154203415,0.013653619214892387,0.024729248136281967,0.011429062113165855,0.00023856619372963905,0.00023856619372963905
1843,1843,0.0002483583230059594,,,,,,,,,
1844,1844,,,0.037654224783182144,0.08728967607021332,0.041598498821258545,0.013632319867610931,0.024721845984458923,0.011415877379477024,0.00023797288304194808,0.00023797288304194808
1844,1844,0.00024784664856269956,,,,,,,,,
1845,1845,,,0.03759647533297539,0.08718346804380417,0.04154542461037636,0.013611447997391224,0.02471463941037655,0.011403199285268784,0.00023738863819744438,0.00023738863819744438
1845,1845,0.00024733503232710063,,,,,,,,,
1846,1846,,,0.03753850609064102,0.0870775505900383,0.041491955518722534,0.013590309768915176,0.024706866592168808,0.011390038765966892,0.00023679713194724172,0.00023679713194724172
1846,1846,0.00024682626826688647,,,,,,,,,
1847,1847,,,0.03748079016804695,0.08697118610143661,0.04143862798810005,0.013569268397986889,0.024699265137314796,0.011376987211406231,0.00023620873980689794,0.00023620873980689794
1847,1847,0.00024631782434880733,,,,,,,,,
1848,1848,,,0.037423357367515564,0.08686469495296478,0.04138561338186264,0.01354837417602539,0.02469232678413391,0.011364216916263103,0.00023562692513223737,0.00023562692513223737
1848,1848,0.0002458124654367566,,,,,,,,,
1849,1849,,0.0002453074848745018,,,,,,,,
1849,1849,,,0.03736582025885582,0.0867585688829422,0.04133230820298195,0.013527380302548409,0.02468475140631199,0.01135118119418621,0.0002350412105442956,0.0002350412105442956
1849,1849,0.0002453074848745018,,,,,,,,,
1850,1850,,,0.03730820491909981,0.08665284514427185,0.04127901792526245,0.013506499119102955,0.0246768556535244,0.011338209733366966,0.0002344573149457574,0.0002344573149457574
1850,1850,0.00024480390129610896,,,,,,,,,
1851,1851,,,0.03725165128707886,0.0865475982427597,0.0412268228828907,0.013485937379300594,0.02466985397040844,0.01132570393383503,0.00023388664703816175,0.00023388664703816175
1851,1851,0.0002443015109747648,,,,,,,,,
1852,1852,,,0.037193842232227325,0.08644217252731323,0.04117332771420479,0.013464932329952717,0.024662194773554802,0.011312576942145824,0.0002333020674996078,0.0002333020674996078
1852,1852,0.00024380131799262017,,,,,,,,,
1853,1853,,,0.0371360182762146,0.0863366574048996,0.04111970588564873,0.013444103300571442,0.024654410779476166,0.011299574747681618,0.00023272001999430358,0.00023272001999430358
1853,1853,0.0002433028566883877,,,,,,,,,
1854,1854,,,0.03707951307296753,0.08623078465461731,0.04106741026043892,0.013423881493508816,0.02464737556874752,0.011287372559309006,0.000232156045967713,0.000232156045967713
1854,1854,0.00024280475918203592,,,,,,,,,
1855,1855,,,0.037022482603788376,0.08612604439258575,0.0410144105553627,0.013402900658547878,0.024639880284667015,0.01127419713884592,0.0002315768360858783,0.0002315768360858783
1855,1855,0.0002423085388727486,,,,,,,,,
1856,1856,,,0.036965418606996536,0.08602076768875122,0.04096140339970589,0.013382351957261562,0.024632450193166733,0.01126150693744421,0.00023100522230379283,0.00023100522230379283
1856,1856,0.00024181422486435622,,,,,,,,,
1857,1857,,,0.03690903261303902,0.08591512590646744,0.04090902954339981,0.01336220558732748,0.024624722078442574,0.011249219067394733,0.0002304422960150987,0.0002304422960150987
1857,1857,0.0002413208712823689,,,,,,,,,
1858,1858,,,0.03685227409005165,0.08581043779850006,0.04085611552000046,0.01334142405539751,0.02461724355816841,0.01123620942234993,0.00022986899421084672,0.00022986899421084672
1858,1858,0.00024082933668978512,,,,,,,,,
1859,1859,,,0.036795515567064285,0.0857054740190506,0.04080336168408394,0.013320883736014366,0.024609996005892754,0.011223502457141876,0.00022930129489395767,0.00022930129489395767
1859,1859,0.00024033956287894398,,,,,,,,,
1860,1860,,,0.036738909780979156,0.08560018986463547,0.04075079783797264,0.013300934806466103,0.02460271306335926,0.011211411096155643,0.0002287441020598635,0.0002287441020598635
1860,1860,0.00023985021107364446,,,,,,,,,
1861,1861,,,0.0366818942129612,0.08549586683511734,0.040697623044252396,0.01328027993440628,0.02459486573934555,0.011198417283594608,0.00022817280841991305,0.00022817280841991305
1861,1861,0.00023936238721944392,,,,,,,,,
1862,1862,,,0.036626171320676804,0.0853910893201828,0.040645621716976166,0.01326003111898899,0.024587377905845642,0.011185931973159313,0.0002276143350172788,0.0002276143350172788
1862,1862,0.00023887678980827332,,,,,,,,,
1863,1863,,,0.03656993806362152,0.0852862298488617,0.0405932255089283,0.013240051455795765,0.024580150842666626,0.011173738166689873,0.00022705980518367141,0.00022705980518367141
1863,1863,0.00023839186178520322,,,,,,,,,
1864,1864,,,0.036513347178697586,0.08518153429031372,0.040540263056755066,0.013219555839896202,0.024572717025876045,0.01116089429706335,0.0002264948416268453,0.0002264948416268453
1864,1864,0.00023790867999196053,,,,,,,,,
1865,1865,,,0.03645746409893036,0.0850759819149971,0.04048800468444824,0.013199660927057266,0.02456509880721569,0.011148716323077679,0.00022594205802306533,0.00022594205802306533
1865,1865,0.0002374267060076818,,,,,,,,,
1866,1866,,,0.03640170022845268,0.08497224003076553,0.04043586552143097,0.013179567642509937,0.0245574489235878,0.011136258952319622,0.00022538818302564323,0.00022538818302564323
1866,1866,0.00023694704577792436,,,,,,,,,
1867,1867,,,0.03634524717926979,0.08486883342266083,0.040383175015449524,0.013159352354705334,0.02455013059079647,0.01112366933375597,0.00022483170323539525,0.00022483170323539525
1867,1867,0.000236467836657539,,,,,,,,,
1868,1868,,,0.03628943860530853,0.08476424217224121,0.04033098742365837,0.013139577582478523,0.024542951956391335,0.011111605912446976,0.00022428485681302845,0.00022428485681302845
1868,1868,0.0002359899808652699,,,,,,,,,
1869,1869,,,0.0362335704267025,0.08465990424156189,0.04027857258915901,0.013119589537382126,0.024535197764635086,0.011099169962108135,0.0002237326989416033,0.0002237326989416033
1869,1869,0.00023551375488750637,,,,,,,,,
1870,1870,,,0.03617814928293228,0.08455585688352585,0.04022648558020592,0.01309968251734972,0.024527529254555702,0.011086815036833286,0.00022318439732771367,0.00022318439732771367
1870,1870,0.0002350391005165875,,,,,,,,,
1871,1871,,,0.03612300753593445,0.08445160835981369,0.04017464816570282,0.013079782947897911,0.02452028915286064,0.011074514128267765,0.00022263891878537834,0.00022263891878537834
1871,1871,0.00023456559574697167,,,,,,,,,
1872,1872,,,0.036066990345716476,0.08434750139713287,0.04012206196784973,0.013060115277767181,0.024512961506843567,0.011062406934797764,0.0002220944152213633,0.0002220944152213633
1872,1872,0.0002340934588573873,,,,,,,,,
1873,1873,,,0.036011211574077606,0.08424381911754608,0.040069784969091415,0.013040384277701378,0.024505261331796646,0.01105018611997366,0.00022154991165734828,0.00022154991165734828
1873,1873,0.00023362226784229279,,,,,,,,,
1874,1874,,,0.03595611825585365,0.0841410830616951,0.040018048137426376,0.013020586222410202,0.024497708305716515,0.01103790570050478,0.00022100844944361597,0.00022100844944361597
1874,1874,0.00023315323051065207,,,,,,,,,
1875,1875,,,0.0359012708067894,0.08403754979372025,0.03996637091040611,0.013000902719795704,0.024490052834153175,0.011025668121874332,0.0002204685879405588,0.0002204685879405588
1875,1875,0.00023268538643606007,,,,,,,,,
1876,1876,,,0.035845786333084106,0.08393280953168869,0.039914049208164215,0.012981372885406017,0.024482935667037964,0.011013676412403584,0.00021993022528477013,0.00021993022528477013
1876,1876,0.00023221856099553406,,,,,,,,,
1877,1877,,,0.03579051420092583,0.08382923901081085,0.03986205533146858,0.012961877509951591,0.024475539103150368,0.011001648381352425,0.00021939397265668958,0.00021939397265668958
1877,1877,0.00023175279784481972,,,,,,,,,
1878,1878,,,0.03573577478528023,0.08372633159160614,0.03981040418148041,0.012942214496433735,0.024467624723911285,0.010989364236593246,0.00021885627938900143,0.00021885627938900143
1878,1878,0.00023128869361244142,,,,,,,,,
1879,1879,,,0.03568124398589134,0.08362328261137009,0.03975896164774895,0.012922799214720726,0.024460207670927048,0.010977400466799736,0.0002183252654504031,0.0002183252654504031
1879,1879,0.00023082585539668798,,,,,,,,,
1880,1880,,,0.035626370459795,0.08351998031139374,0.03970721364021301,0.012903464958071709,0.02445266768336296,0.010965467430651188,0.0002177941642003134,0.0002177941642003134
1880,1880,0.0002303644869243726,,,,,,,,,
1881,1881,,,0.03557099029421806,0.08341695368289948,0.03965495154261589,0.012883991003036499,0.02444515936076641,0.010953339748084545,0.00021725965780206025,0.00021725965780206025
1881,1881,0.00022990454453974962,,,,,,,,,
1882,1882,,,0.03551670163869858,0.08331412076950073,0.039603713899850845,0.012864707969129086,0.024437682703137398,0.010941458866000175,0.0002167332568205893,0.0002167332568205893
1882,1882,0.00022944594093132764,,,,,,,,,
1883,1883,,,0.03546255826950073,0.08321153372526169,0.03955245018005371,0.012845478951931,0.024430228397250175,0.010929574258625507,0.00021620834013447165,0.00021620834013447165
1883,1883,0.00022898815223015845,,,,,,,,,
1884,1884,,,0.03540770709514618,0.0831080749630928,0.03950038552284241,0.012826110236346722,0.02442272938787937,0.01091749407351017,0.00021567801013588905,0.00021567801013588905
1884,1884,0.00022853186237625778,,,,,,,,,
1885,1885,,,0.03535342216491699,0.08300483971834183,0.03944901376962662,0.012807137332856655,0.02441512793302536,0.01090589165687561,0.00021515728440135717,0.00021515728440135717
1885,1885,0.00022807692585047334,,,,,,,,,
1886,1886,,,0.035298727452754974,0.0829024612903595,0.03939716890454292,0.012787745334208012,0.024407517164945602,0.01089377049356699,0.00021462923905346543,0.00021462923905346543
1886,1886,0.0002276230079587549,,,,,,,,,
1887,1887,,,0.03524463623762131,0.0828004851937294,0.03934584930539131,0.012768717482686043,0.024400129914283752,0.010882013477385044,0.00021411015768535435,0.00021411015768535435
1887,1887,0.0002271712146466598,,,,,,,,,
1888,1888,,,0.03519108146429062,0.08269796520471573,0.039295002818107605,0.012749837711453438,0.02439258061349392,0.010870423167943954,0.0002135951945092529,0.0002135951945092529
1888,1888,0.0002267204545205459,,,,,,,,,
1889,1889,,,0.03513647988438606,0.0825953409075737,0.039243124425411224,0.012730574235320091,0.024384954944252968,0.010858348570764065,0.00021307039423845708,0.00021307039423845708
1889,1889,0.00022627027647104114,,,,,,,,,
1890,1890,,,0.035082004964351654,0.08249282091856003,0.03919145464897156,0.012711693532764912,0.024377629160881042,0.010846700519323349,0.0002125537139363587,0.0002125537139363587
1890,1890,0.00022582232486456633,,,,,,,,,
1891,1891,,,0.035028234124183655,0.08239058405160904,0.039140451699495316,0.012692965567111969,0.024370292201638222,0.010835213586688042,0.0002120426797773689,0.0002120426797773689
1891,1891,0.00022537470795214176,,,,,,,,,
1892,1892,,,0.03497478365898132,0.08228892832994461,0.03908947855234146,0.01267386693507433,0.02436251938343048,0.010823240503668785,0.00021152608678676188,0.00021152608678676188
1892,1892,0.00022492835705634207,,,,,,,,,
1893,1893,,,0.03492129221558571,0.08218687772750854,0.03903846815228462,0.012655037455260754,0.024354713037610054,0.010811545886099339,0.000211013772059232,0.000211013772059232
1893,1893,0.00022448421805165708,,,,,,,,,
1894,1894,,,0.03486759215593338,0.08208434283733368,0.03898734971880913,0.012636425904929638,0.024347597733139992,0.010800166986882687,0.00021050650684628636,0.00021050650684628636
1894,1894,0.00022404092305805534,,,,,,,,,
1895,1895,,,0.034813955426216125,0.08198230713605881,0.03893612325191498,0.012617573142051697,0.024340253323316574,0.010788468644022942,0.0002099955454468727,0.0002099955454468727
1895,1895,0.00022359845752362162,,,,,,,,,
1896,1896,,,0.03476036339998245,0.08188062161207199,0.038885001093149185,0.012598808854818344,0.024332411587238312,0.010776765644550323,0.00020948550081811845,0.00020948550081811845
1896,1896,0.00022315725800581276,,,,,,,,,
1897,1897,,,0.03470730409026146,0.08177913725376129,0.03883440047502518,0.012580286711454391,0.024324653670191765,0.010765361599624157,0.00020898236834909767,0.00020898236834909767
1897,1897,0.00022271742636803538,,,,,,,,,
1898,1898,,,0.03465360030531883,0.0816778838634491,0.03878309577703476,0.01256158109754324,0.024317318573594093,0.01075374148786068,0.00020847551058977842,0.00020847551058977842
1898,1898,0.000222278424189426,,,,,,,,,
1899,1899,,0.00022184175031725317,,,,,,,,
1899,1899,,,0.03460003435611725,0.0815763920545578,0.03873193636536598,0.01254304125905037,0.024309955537319183,0.010742278769612312,0.00020797195611521602,0.00020797195611521602
1899,1899,0.00022184175031725317,,,,,,,,,
1900,1900,,,0.03454752266407013,0.08147487044334412,0.038681767880916595,0.012524668127298355,0.024302268400788307,0.01073093619197607,0.0002074741933029145,0.0002074741933029145
1900,1900,0.0002214054693467915,,,,,,,,,
1901,1901,,,0.03449450433254242,0.08137310296297073,0.03863087669014931,0.012506073340773582,0.024294467642903328,0.010719302110373974,0.00020697060972452164,0.00020697060972452164
1901,1901,0.00022097092005424201,,,,,,,,,
1902,1902,,,0.0344410203397274,0.08127110451459885,0.038579557090997696,0.012487603351473808,0.02428724430501461,0.010707872919738293,0.00020646948541980237,0.00020646948541980237
1902,1902,0.0002205373893957585,,,,,,,,,
1903,1903,,,0.034388087689876556,0.08117026835680008,0.038529008626937866,0.012469316832721233,0.024279776960611343,0.010696624405682087,0.00020597456023097038,0.00020597456023097038
1903,1903,0.00022010486281942576,,,,,,,,,
1904,1904,,,0.03433562442660332,0.08106964826583862,0.038478605449199677,0.012450921349227428,0.024271884933114052,0.010685132816433907,0.00020547806343529373,0.00020547806343529373
1904,1904,0.00021967403881717473,,,,,,,,,
1905,1905,,,0.03428300842642784,0.08096876740455627,0.03842812031507492,0.012432575225830078,0.02426421269774437,0.010673746466636658,0.00020498313824646175,0.00020498313824646175
1905,1905,0.00021924386965110898,,,,,,,,,
1906,1906,,,0.034229785203933716,0.08086767792701721,0.038377128541469574,0.012414367869496346,0.024257071316242218,0.010662577114999294,0.0002044904395006597,0.0002044904395006597
1906,1906,0.0002188145590480417,,,,,,,,,
1907,1907,,,0.03417712822556496,0.08076693117618561,0.03832642361521721,0.01239598449319601,0.02424941025674343,0.010651099495589733,0.0002039954997599125,0.0002039954997599125
1907,1907,0.00021838783868588507,,,,,,,,,
1908,1908,,,0.03412531316280365,0.08066566288471222,0.03827647119760513,0.012377936393022537,0.024241723120212555,0.010639932937920094,0.00020350830163806677,0.00020350830163806677
1908,1908,0.00021796081273350865,,,,,,,,,
1909,1909,,,0.03407306224107742,0.08056481182575226,0.038226168602705,0.012359842658042908,0.024234136566519737,0.010628730058670044,0.00020302031771279871,0.00020302031771279871
1909,1909,0.0002175358822569251,,,,,,,,,
1910,1910,,,0.03402034193277359,0.08046415448188782,0.03817545250058174,0.012341627851128578,0.02422676794230938,0.010617402382194996,0.00020253016555216163,0.00020253016555216163
1910,1910,0.00021711207227781415,,,,,,,,,
1911,1911,,,0.03396819904446602,0.08036395162343979,0.038125310093164444,0.012323731556534767,0.024219121783971786,0.010606375522911549,0.00020204702741466463,0.00020204702741466463
1911,1911,0.00021668910630978644,,,,,,,,,
1912,1912,,,0.03391626104712486,0.0802641361951828,0.03807516768574715,0.012305660173296928,0.024211155250668526,0.010595019906759262,0.0002015608479268849,0.0002015608479268849
1912,1912,0.00021626739180646837,,,,,,,,,
1913,1913,,,0.033864300698041916,0.08016368001699448,0.03802511841058731,0.012287781573832035,0.024203993380069733,0.010584046132862568,0.0002010806929320097,0.0002010806929320097
1913,1913,0.0002158471179427579,,,,,,,,,
1914,1914,,,0.03381168097257614,0.08006297796964645,0.03797442093491554,0.012269756756722927,0.024196552112698555,0.010572873055934906,0.00020059564849361777,0.00020059564849361777
1914,1914,0.00021542696049436927,,,,,,,,,
1915,1915,,,0.03375941887497902,0.07996289432048798,0.03792393580079079,0.012251892127096653,0.024188639596104622,0.010561720468103886,0.00020011307788081467,0.00020011307788081467
1915,1915,0.00021500927687156945,,,,,,,,,
1916,1916,,,0.03370795398950577,0.07986324280500412,0.03787417337298393,0.012234140187501907,0.024180840700864792,0.010550711303949356,0.00019963615341112018,0.00019963615341112018
1916,1916,0.00021459204435814172,,,,,,,,,
1917,1917,,,0.03365681692957878,0.07976336032152176,0.037824660539627075,0.012216341681778431,0.024173662066459656,0.010539768263697624,0.00019916202290914953,0.00019916202290914953
1917,1917,0.0002141760487575084,,,,,,,,,
1918,1918,,,0.03360482677817345,0.0796629935503006,0.03777420520782471,0.01219843327999115,0.024166319519281387,0.010528597980737686,0.00019868224626407027,0.00019868224626407027
1918,1918,0.00021376159565988928,,,,,,,,,
1919,1919,,,0.033553145825862885,0.07956267148256302,0.037724126130342484,0.012180919758975506,0.02415820024907589,0.010517748072743416,0.0001982079993467778,0.0001982079993467778
1919,1919,0.00021334784105420113,,,,,,,,,
1920,1920,,,0.03350197523832321,0.07946333289146423,0.037674613296985626,0.012163175269961357,0.02415039949119091,0.010506694205105305,0.00019773448002524674,0.00019773448002524674
1920,1920,0.00021293511963449419,,,,,,,,,
1921,1921,,,0.03345051035284996,0.07936447113752365,0.037624724209308624,0.012145411223173141,0.02414313703775406,0.010495634749531746,0.00019726161553990096,0.00019726161553990096
1921,1921,0.0002125243190675974,,,,,,,,,
1922,1922,,,0.033398717641830444,0.07926488667726517,0.03757458180189133,0.012127982452511787,0.024135887622833252,0.010484935715794563,0.00019679288379848003,0.00019679288379848003
1922,1922,0.00021211322746239603,,,,,,,,,
1923,1923,,,0.03334745764732361,0.0791650041937828,0.03752484172582626,0.012110495008528233,0.024128103628754616,0.010474118404090405,0.00019632381736300886,0.00019632381736300886
1923,1923,0.00021170479885768145,,,,,,,,,
1924,1924,,,0.03329639509320259,0.07906530797481537,0.037475015968084335,0.012092744000256062,0.02412002719938755,0.010462903417646885,0.00019585028348956257,0.00019585028348956257
1924,1924,0.00021129718516021967,,,,,,,,,
1925,1925,,,0.03324563801288605,0.07896627485752106,0.03742571547627449,0.012075443752110004,0.02411264181137085,0.010452277958393097,0.00019538818742148578,0.00019538818742148578
1925,1925,0.0002108898916048929,,,,,,,,,
1926,1926,,,0.033194493502378464,0.0788673534989357,0.03737606108188629,0.01205814816057682,0.024105677381157875,0.010441659949719906,0.0001949263969436288,0.0001949263969436288
1926,1926,0.00021048358757980168,,,,,,,,,
1927,1927,,,0.03314303979277611,0.07876807451248169,0.03732595592737198,0.012040458619594574,0.024097656831145287,0.010430499911308289,0.00019445484213065356,0.00019445484213065356
1927,1927,0.00021007994655519724,,,,,,,,,
1928,1928,,,0.03309242054820061,0.07866866886615753,0.03727665916085243,0.01202335674315691,0.02408953569829464,0.010419929400086403,0.0001939948706422001,0.0001939948706422001
1928,1928,0.00020967607269994915,,,,,,,,,
1929,1929,,,0.033041585236787796,0.07857032865285873,0.03722710162401199,0.012006022967398167,0.024082252755761147,0.010409163311123848,0.00019353401148691773,0.00019353401148691773
1929,1929,0.00020927385776303709,,,,,,,,,
1930,1930,,,0.032990869134664536,0.07847195863723755,0.03717774152755737,0.011988658457994461,0.02407536841928959,0.010398436337709427,0.00019307510228827596,0.00019307510228827596
1930,1930,0.0002088725013891235,,,,,,,,,
1931,1931,,,0.03294020891189575,0.07837236672639847,0.03712830692529678,0.011971556581556797,0.024067139253020287,0.010387820191681385,0.00019261593115516007,0.00019261593115516007
1931,1931,0.00020847177074756473,,,,,,,,,
1932,1932,,,0.03288985416293144,0.07827339321374893,0.03707892820239067,0.0119544118642807,0.02405892126262188,0.010377069003880024,0.00019215709471609443,0.00019215709471609443
1932,1932,0.00020807304827030748,,,,,,,,,
1933,1933,,,0.03283999115228653,0.07817574590444565,0.0370301827788353,0.01193719170987606,0.02405211515724659,0.010366463102400303,0.00019170501036569476,0.00019170501036569476
1933,1933,0.0002076744713122025,,,,,,,,,
1934,1934,,,0.032789137214422226,0.07807719707489014,0.036980561912059784,0.011920060031116009,0.02404468134045601,0.010355830192565918,0.0001912489242386073,0.0001912489242386073
1934,1934,0.00020727816445287317,,,,,,,,,
1935,1935,,,0.03273804113268852,0.07797858119010925,0.03693076968193054,0.011903097853064537,0.024036521092057228,0.010345260612666607,0.00019079295452684164,0.00019079295452684164
1935,1935,0.00020688159565906972,,,,,,,,,
1936,1936,,,0.03268804773688316,0.07787971943616867,0.0368817076086998,0.011886019259691238,0.024028733372688293,0.01033464353531599,0.00019033998250961304,0.00019033998250961304
1936,1936,0.00020648693316616118,,,,,,,,,
1937,1937,,,0.03263859078288078,0.07778232544660568,0.03683313727378845,0.011868970468640327,0.024021314457058907,0.010324026457965374,0.00018989131785929203,0.00018989131785929203
1937,1937,0.0002060931728919968,,,,,,,,,
1938,1938,,,0.03258867561817169,0.07768457382917404,0.03678427264094353,0.011852049268782139,0.024014009162783623,0.010313565842807293,0.00018944396288134158,0.00018944396288134158
1938,1938,0.00020570050401147455,,,,,,,,,
1939,1939,,,0.032538075000047684,0.07758595049381256,0.036734797060489655,0.011835368350148201,0.02400585263967514,0.010303172282874584,0.00018899491988122463,0.00018899491988122463
1939,1939,0.00020530872279778123,,,,,,,,,
1940,1940,,,0.032488200813531876,0.07748739421367645,0.03668582811951637,0.01181835774332285,0.02399820275604725,0.010292544960975647,0.0001885455276351422,0.0001885455276351422
1940,1940,0.00020491890609264374,,,,,,,,,
1941,1941,,,0.03243856132030487,0.07738999277353287,0.03663713112473488,0.01180141232907772,0.02399086207151413,0.010282001458108425,0.00018810006440617144,0.00018810006440617144
1941,1941,0.00020452868193387985,,,,,,,,,
1942,1942,,,0.032388679683208466,0.07729227840900421,0.036588042974472046,0.011784846894443035,0.023983288556337357,0.010271777398884296,0.00018765834101941437,0.00018765834101941437
1942,1942,0.0002041404222836718,,,,,,,,,
1943,1943,,,0.03233923017978668,0.07719459384679794,0.036539386957883835,0.011768183670938015,0.02397526055574417,0.01026145089417696,0.0001872163702500984,0.0001872163702500984
1943,1943,0.00020375267195049673,,,,,,,,,
1944,1944,,,0.03228961303830147,0.07709745317697525,0.036490555852651596,0.011751159094274044,0.023967672139406204,0.010250752791762352,0.00018677045591175556,0.00018677045591175556
1944,1944,0.00020336671150289476,,,,,,,,,
1945,1945,,,0.03223991021513939,0.0770002007484436,0.03644175082445145,0.011734668165445328,0.023960307240486145,0.010240626521408558,0.0001863331999629736,0.0001863331999629736
1945,1945,0.00020298128947615623,,,,,,,,,
1946,1946,,,0.03219032660126686,0.07690247893333435,0.03639280050992966,0.01171803381294012,0.02395249530673027,0.01023025531321764,0.00018589245155453682,0.00018589245155453682
1946,1946,0.00020259691518731415,,,,,,,,,
1947,1947,,,0.032140813767910004,0.0768047422170639,0.03634390980005264,0.01170138269662857,0.023944756016135216,0.010219855234026909,0.00018545231432653964,0.00018545231432653964
1947,1947,0.00020221360318828374,,,,,,,,,
1948,1948,,,0.0320916585624218,0.07670747488737106,0.03629542142152786,0.011684802360832691,0.023937257006764412,0.010209545493125916,0.00018501593149267137,0.00018501593149267137
1948,1948,0.00020183132437523454,,,,,,,,,
1949,1949,,0.00020144983136560768,,,,,,,,
1949,1949,,,0.032042719423770905,0.07661078870296478,0.03624723479151726,0.011668453924357891,0.02392967790365219,0.010199464857578278,0.00018458449630998075,0.00018458449630998075
1949,1949,0.00020144983136560768,,,,,,,,,
1950,1950,,,0.03199324011802673,0.07651407271623611,0.036198463290929794,0.011651822365820408,0.023921653628349304,0.0101889967918396,0.00018414619262330234,0.00018414619262330234
1950,1950,0.0002010697207879275,,,,,,,,,
1951,1951,,,0.03194434568285942,0.0764167457818985,0.03615015000104904,0.01163552887737751,0.023914039134979248,0.010178930126130581,0.00018371564510744065,0.00018371564510744065
1951,1951,0.00020069075981155038,,,,,,,,,
1952,1952,,,0.03189558535814285,0.07631965726613998,0.03610188513994217,0.011619163677096367,0.023906726390123367,0.010168793611228466,0.0001832856796681881,0.0001832856796681881
1952,1952,0.00020031246822327375,,,,,,,,,
1953,1953,,,0.031846534460783005,0.07622262090444565,0.03605327010154724,0.011602680198848248,0.02389916405081749,0.01015848945826292,0.00018285276019014418,0.00018285276019014418
1953,1953,0.00019993536989204586,,,,,,,,,
1954,1954,,,0.03179765120148659,0.07612594962120056,0.03600504249334335,0.011586586944758892,0.023890875279903412,0.010148486122488976,0.00018242507940158248,0.00018242507940158248
1954,1954,0.0001995596248889342,,,,,,,,,
1955,1955,,,0.031749140471220016,0.07603027671575546,0.03595712408423424,0.011570218950510025,0.023883232846856117,0.010138244368135929,0.00018199744226876646,0.00018199744226876646
1955,1955,0.0001991846365854144,,,,,,,,,
1956,1956,,,0.03170048072934151,0.07593470811843872,0.035909004509449005,0.01155389379709959,0.02387598156929016,0.010128104127943516,0.00018157155136577785,0.00018157155136577785
1956,1956,0.00019881075422745198,,,,,,,,,
1957,1957,,,0.03165166825056076,0.07583724707365036,0.03586040064692497,0.011537762358784676,0.023868277668952942,0.010118130594491959,0.00018114536942448467,0.00018114536942448467
1957,1957,0.00019843678455799818,,,,,,,,,
1958,1958,,,0.031603045761585236,0.07573983818292618,0.035811930894851685,0.011521530337631702,0.02386009320616722,0.010107934474945068,0.00018071715021505952,0.00018071715021505952
1958,1958,0.00019806499767582864,,,,,,,,,
1959,1959,,,0.03155520558357239,0.07564406841993332,0.035764358937740326,0.011505409143865108,0.023852556943893433,0.010097935795783997,0.00018029681814368814,0.00018029681814368814
1959,1959,0.00019769369100686163,,,,,,,,,
1960,1960,,,0.03150679171085358,0.07554884254932404,0.035716403275728226,0.011489353142678738,0.023845188319683075,0.010087975300848484,0.0001798769080778584,0.0001798769080778584
1960,1960,0.00019732356304302812,,,,,,,,,
1961,1961,,,0.03145806863903999,0.07545293867588043,0.03566816449165344,0.011473293416202068,0.023837240412831306,0.010077963583171368,0.00017945459694601595,0.00017945459694601595
1961,1961,0.00019695433729793876,,,,,,,,,
1962,1962,,,0.03140943497419357,0.07535683363676071,0.0356198325753212,0.011457180604338646,0.023829298093914986,0.010067863389849663,0.00017903168918564916,0.00017903168918564916
1962,1962,0.000196586232050322,,,,,,,,,
1963,1963,,,0.03136188164353371,0.07526063919067383,0.035572271794080734,0.011441272683441639,0.02382185310125351,0.010057993233203888,0.00017861611559055746,0.00017861611559055746
1963,1963,0.000196219451026991,,,,,,,,,
1964,1964,,,0.03131438046693802,0.07516463100910187,0.03552490100264549,0.011425409466028214,0.02381439134478569,0.01004812866449356,0.00017820198263507336,0.00017820198263507336
1964,1964,0.0001958529610419646,,,,,,,,,
1965,1965,,,0.03126588091254234,0.07506880909204483,0.035476766526699066,0.011409427039325237,0.023806443437933922,0.010038120672106743,0.00017778296023607254,0.00017778296023607254
1965,1965,0.0001954871549969539,,,,,,,,,
1966,1966,,,0.031217729672789574,0.07497379183769226,0.035428911447525024,0.011393589898943901,0.023798517882823944,0.010028233751654625,0.0001773679250618443,0.0001773679250618443
1966,1966,0.0001951236481545493,,,,,,,,,
1967,1967,,,0.031170453876256943,0.07487883418798447,0.03538168594241142,0.01137794740498066,0.02379078045487404,0.010018564760684967,0.00017695901624392718,0.00017695901624392718
1967,1967,0.00019476006855256855,,,,,,,,,
1968,1968,,,0.031122814863920212,0.0747833400964737,0.035333938896656036,0.011361891403794289,0.023783521726727486,0.010008526965975761,0.0001765443303156644,0.0001765443303156644
1968,1968,0.00019439762399997562,,,,,,,,,
1969,1969,,,0.03107481449842453,0.0746874064207077,0.03528610244393349,0.011346149258315563,0.02377557009458542,0.009998707100749016,0.0001761315215844661,0.0001761315215844661
1969,1969,0.0001940363144967705,,,,,,,,,
1970,1970,,,0.031026730313897133,0.0745926946401596,0.03523824363946915,0.01133054867386818,0.02376744896173477,0.009988956153392792,0.00017572107026353478,0.00017572107026353478
1970,1970,0.00019367586355656385,,,,,,,,,
1971,1971,,,0.030979301780462265,0.07449769228696823,0.035190753638744354,0.0113148158416152,0.02376006916165352,0.00997920148074627,0.0001753129909047857,0.0001753129909047857
1971,1971,0.00019331651856191456,,,,,,,,,
1972,1972,,,0.03093237429857254,0.07440314441919327,0.03514361009001732,0.011299100704491138,0.023752806708216667,0.00996942725032568,0.00017490731261204928,0.00017490731261204928
1972,1972,0.0001929572899825871,,,,,,,,,
1973,1973,,,0.03088536486029625,0.07430826872587204,0.03509654849767685,0.011283657513558865,0.02374454215168953,0.009959766641259193,0.00017450265295337886,0.00017450265295337886
1973,1973,0.00019259976397734135,,,,,,,,,
1974,1974,,,0.03083757683634758,0.07421311736106873,0.03504883497953415,0.011268025264143944,0.023736577481031418,0.009949972853064537,0.00017409445717930794,0.00017409445717930794
1974,1974,0.00019224302377551794,,,,,,,,,
1975,1975,,,0.03078991360962391,0.07411877065896988,0.0350012369453907,0.011252419091761112,0.023728977888822556,0.00994021538645029,0.00017368883709423244,0.00017368883709423244
1975,1975,0.00019188737496733665,,,,,,,,,
1976,1976,,,0.030742976814508438,0.07402390241622925,0.03495413437485695,0.011237118393182755,0.023721856996417046,0.009930852800607681,0.00017329090042039752,0.00017329090042039752
1976,1976,0.0001915334287332371,,,,,,,,,
1977,1977,,,0.030696379020810127,0.07392948865890503,0.034907061606645584,0.011221406981348991,0.02371402084827423,0.009920923039317131,0.00017288632807321846,0.00017288632807321846
1977,1977,0.0001911786966957152,,,,,,,,,
1978,1978,,,0.030649736523628235,0.07383521646261215,0.03486021235585213,0.011206081137061119,0.02370566502213478,0.00991135835647583,0.00017248681979253888,0.00017248681979253888
1978,1978,0.00019082608923781663,,,,,,,,,
1979,1979,,,0.030602209270000458,0.07374076545238495,0.03481275215744972,0.01119073387235403,0.02369779534637928,0.009901786223053932,0.00017208611825481057,0.00017208611825481057
1979,1979,0.00019047413661610335,,,,,,,,,
1980,1980,,,0.030555065721273422,0.07364675402641296,0.03476543724536896,0.011175315827131271,0.023690858855843544,0.009892242029309273,0.00017168848717119545,0.00017168848717119545
1980,1980,0.0001901225041365251,,,,,,,,,
1981,1981,,,0.03050924651324749,0.07355234026908875,0.03471909090876579,0.01116001047194004,0.02368325926363468,0.009882736951112747,0.00017129442130681127,0.00017129442130681127
1981,1981,0.00018977235595230013,,,,,,,,,
1982,1982,,,0.03046267293393612,0.07345787435770035,0.034672051668167114,0.011144704185426235,0.023674648255109787,0.009873042814433575,0.00017089530592784286,0.00017089530592784286
1982,1982,0.00018942359020002186,,,,,,,,,
1983,1983,,,0.030415652319788933,0.07336394488811493,0.03462480381131172,0.011129544116556644,0.023666752502322197,0.00986357033252716,0.00017049993039108813,0.00017049993039108813
1983,1983,0.0001890749845188111,,,,,,,,,
1984,1984,,,0.030369188636541367,0.07327096164226532,0.034578241407871246,0.011114292778074741,0.023659856989979744,0.009854159317910671,0.0001701094297459349,0.0001701094297459349
1984,1984,0.00018872739747166634,,,,,,,,,
1985,1985,,,0.030322549864649773,0.07317803800106049,0.03453134745359421,0.011099099181592464,0.02365199103951454,0.009844649583101273,0.00016971649893093854,0.00016971649893093854
1985,1985,0.00018838154210243374,,,,,,,,,
1986,1986,,,0.03027641586959362,0.07308352738618851,0.03448449820280075,0.01108400709927082,0.02364344522356987,0.009835130535066128,0.00016932304424699396,0.00016932304424699396
1986,1986,0.00018803503189701587,,,,,,,,,
1987,1987,,,0.030230071395635605,0.07298919558525085,0.034437570720911026,0.01106879860162735,0.023635942488908768,0.009825663641095161,0.00016893132124096155,0.00016893132124096155
1987,1987,0.00018769061716739088,,,,,,,,,
1988,1988,,,0.030183836817741394,0.07289636135101318,0.034391023218631744,0.011053811758756638,0.023628659546375275,0.00981638953089714,0.00016854518617037684,0.00016854518617037684
1988,1988,0.00018734684272203594,,,,,,,,,
1989,1989,,,0.030137337744235992,0.0728033259510994,0.034344255924224854,0.01103886030614376,0.02362092398107052,0.00980706699192524,0.00016815768321976066,0.00016815768321976066
1989,1989,0.00018700430518947542,,,,,,,,,
1990,1990,,,0.03009139932692051,0.07270996272563934,0.03429776802659035,0.011023701168596745,0.023612333461642265,0.009797445498406887,0.00016776671691332012,0.00016776671691332012
1990,1990,0.00018666200048755854,,,,,,,,,
1991,1991,,,0.030045833438634872,0.07261696457862854,0.034251581877470016,0.011008869856595993,0.02360474318265915,0.009788264520466328,0.00016738453996367753,0.00016738453996367753
1991,1991,0.00018632085993885994,,,,,,,,,
1992,1992,,,0.02999992109835148,0.07252372801303864,0.03420496731996536,0.010993851348757744,0.023597342893481255,0.00977884978055954,0.00016699898696970195,0.00016699898696970195
1992,1992,0.0001859808835433796,,,,,,,,,
1993,1993,,,0.02995394915342331,0.07243034988641739,0.03415852412581444,0.010978976264595985,0.023590030148625374,0.009769640862941742,0.0001666165771894157,0.0001666165771894157
1993,1993,0.00018564115453045815,,,,,,,,,
1994,1994,,,0.029908033087849617,0.07233715057373047,0.03411209210753441,0.010964230634272099,0.023581311106681824,0.009760365821421146,0.0001662326103542,0.0001662326103542
1994,1994,0.00018530279339756817,,,,,,,,,
1995,1995,,,0.029862284660339355,0.07224592566490173,0.03406575694680214,0.010949228890240192,0.02357317879796028,0.009750863537192345,0.00016584877448622137,0.00016584877448622137
1995,1995,0.00018496574193704873,,,,,,,,,
1996,1996,,,0.02981710620224476,0.0721535012125969,0.03401981666684151,0.010934517718851566,0.023566490039229393,0.009741864167153835,0.00016547407722100616,0.00016547407722100616
1996,1996,0.0001846289524110034,,,,,,,,,
1997,1997,,,0.02977144718170166,0.07206016033887863,0.03397335857152939,0.010919727385044098,0.023558661341667175,0.009732605889439583,0.00016509322449564934,0.00016509322449564934
1997,1997,0.00018429271585773677,,,,,,,,,
1998,1998,,,0.02972549758851528,0.07196637243032455,0.0339265801012516,0.010904884897172451,0.02354990877211094,0.009723132476210594,0.00016470809350721538,0.00016470809350721538
1998,1998,0.00018395742517895997,,,,,,,,,
1999,1999,,0.00018362329865340143,,,,,,,,
1999,1999,,,0.029680458828806877,0.07187458127737045,0.033880893141031265,0.010890446603298187,0.023542601615190506,0.009714270010590553,0.0001643374125706032,0.0001643374125706032
1999,1999,0.00018362329865340143,,,,,,,,,
2000,2000,,,0.029635369777679443,0.07178299874067307,0.03383497893810272,0.010875580832362175,0.023535242304205894,0.009704980067908764,0.00016396112914662808,0.00016396112914662808
2000,2000,0.00018329080194234848,,,,,,,,,
2001,2001,,,0.029589947313070297,0.07169138640165329,0.0337887667119503,0.010860935784876347,0.023527197539806366,0.009695755317807198,0.00016358490393031389,0.00016358490393031389
2001,2001,0.0001829579268814996,,,,,,,,,
2002,2002,,,0.029544662684202194,0.07159905880689621,0.03374280035495758,0.010846488177776337,0.023518752306699753,0.009686705656349659,0.000163210992468521,0.000163210992468521
2002,2002,0.00018262617231812328,,,,,,,,,
2003,2003,,,0.029499292373657227,0.07150622457265854,0.033696550875902176,0.010831812396645546,0.023511352017521858,0.009677509777247906,0.00016283609147649258,0.00016283609147649258
2003,2003,0.00018229556735605001,,,,,,,,,
2004,2004,,,0.029454456642270088,0.07141442596912384,0.03365081176161766,0.010817386209964752,0.023503964766860008,0.009668543934822083,0.0001624671567697078,0.0001624671567697078
2004,2004,0.00018196619930677116,,,,,,,,,
2005,2005,,,0.029409898445010185,0.07132300734519958,0.03360534459352493,0.010803043842315674,0.023495836183428764,0.00965957622975111,0.0001620988768991083,0.0001620988768991083
2005,2005,0.0001816372969187796,,,,,,,,,
2006,2006,,,0.029364969581365585,0.07123151421546936,0.0335594117641449,0.010788251645863056,0.023487649857997894,0.009650149382650852,0.00016172369942069054,0.00016172369942069054
2006,2006,0.00018130884564016014,,,,,,,,,
2007,2007,,,0.02931991219520569,0.07113979011774063,0.03351355716586113,0.010774082504212856,0.023480206727981567,0.009641414508223534,0.000161358795594424,0.000161358795594424
2007,2007,0.00018098123837262392,,,,,,,,,
2008,2008,,,0.02927478402853012,0.07104775309562683,0.03346754610538483,0.010759820230305195,0.023472433909773827,0.009632506407797337,0.00016099140339065343,0.00016099140339065343
2008,2008,0.0001806551736081019,,,,,,,,,
2009,2009,,,0.02923031710088253,0.07095680385828018,0.03342202305793762,0.010745128616690636,0.02346436120569706,0.009623155929148197,0.00016062067879829556,0.00016062067879829556
2009,2009,0.00018032954540103674,,,,,,,,,
2010,2010,,,0.029186313971877098,0.0708656758069992,0.03337687626481056,0.010731052607297897,0.023456400260329247,0.009614390321075916,0.00016025957302190363,0.00016025957302190363
2010,2010,0.00018000441195908934,,,,,,,,,
2011,2011,,,0.029141807928681374,0.07077497243881226,0.033331386744976044,0.010716777294874191,0.02344878949224949,0.009605462662875652,0.00015989626990631223,0.00015989626990631223
2011,2011,0.00017968066094908863,,,,,,,,,
2012,2012,,,0.029097214341163635,0.07068417221307755,0.03328584134578705,0.010702364146709442,0.023440996184945107,0.009596390649676323,0.00015953097317833453,0.00015953097317833453
2012,2012,0.00017935788491740823,,,,,,,,,
2013,2013,,,0.0290527306497097,0.07059231400489807,0.03324023261666298,0.010688286274671555,0.023432906717061996,0.009587603621184826,0.0001591688924236223,0.0001591688924236223
2013,2013,0.00017903516709338874,,,,,,,,,
2014,2014,,,0.029008282348513603,0.07050174474716187,0.03319466486573219,0.010674068704247475,0.023425012826919556,0.009578675031661987,0.00015880682622082531,0.00015880682622082531
2014,2014,0.00017871445743367076,,,,,,,,,
2015,2015,,,0.02896440587937832,0.07041135430335999,0.03314950689673424,0.010659788735210896,0.023417646065354347,0.009569733403623104,0.00015844729205127805,0.00015844729205127805
2015,2015,0.00017839361680671573,,,,,,,,,
2016,2016,,,0.028920473530888557,0.07032057642936707,0.033104490488767624,0.010645881295204163,0.02340967208147049,0.009561107493937016,0.00015809142496436834,0.00015809142496436834
2016,2016,0.0001780738530214876,,,,,,,,,
2017,2017,,,0.02887619286775589,0.07022997736930847,0.0330590195953846,0.010631618089973927,0.02340126410126686,0.009551988914608955,0.0001577285584062338,0.0001577285584062338
2017,2017,0.00017775455489754677,,,,,,,,,
2018,2018,,,0.028831928968429565,0.07013949751853943,0.033013634383678436,0.010617676191031933,0.023393606767058372,0.009543322026729584,0.00015737282228656113,0.00015737282228656113
2018,2018,0.00017743691569194198,,,,,,,,,
2019,2019,,,0.02878827042877674,0.07004895806312561,0.032968670129776,0.010603602975606918,0.023386182263493538,0.009534530341625214,0.00015701778465881944,0.00015701778465881944
2019,2019,0.0001771195384208113,,,,,,,,,
2020,2020,,,0.02874412015080452,0.06995909661054611,0.03292333334684372,0.01058957539498806,0.023378122597932816,0.009525645524263382,0.00015666085528209805,0.00015666085528209805
2020,2020,0.00017680280143395066,,,,,,,,,
2021,2021,,,0.028700418770313263,0.06986863911151886,0.03287845849990845,0.01057576946914196,0.02336999587714672,0.009517020545899868,0.00015630833513569087,0.00015630833513569087
2021,2021,0.00017648632638156414,,,,,,,,,
2022,2022,,,0.02865716814994812,0.0697791576385498,0.032833851873874664,0.010561716742813587,0.023361941799521446,0.009508104994893074,0.0001559545926284045,0.0001559545926284045
2022,2022,0.0001761722087394446,,,,,,,,,
2023,2023,,,0.02861381508409977,0.06968958675861359,0.03278917074203491,0.010547908954322338,0.02335449308156967,0.009499501436948776,0.00015560568135697395,0.00015560568135697395
2023,2023,0.0001758578873705119,,,,,,,,,
2024,2024,,,0.028569722548127174,0.0695992261171341,0.032743774354457855,0.010534060187637806,0.023346861824393272,0.009490851312875748,0.0001552536414237693,0.0001552536414237693
2024,2024,0.0001755451230565086,,,,,,,,,
2025,2025,,,0.02852610871195793,0.06950896233320236,0.03269864618778229,0.010520115494728088,0.023338576778769493,0.00948199350386858,0.0001548999862279743,0.0001548999862279743
2025,2025,0.00017523202404845506,,,,,,,,,
2026,2026,,,0.028482990339398384,0.06941945850849152,0.032654114067554474,0.0105064008384943,0.02333061397075653,0.00947340577840805,0.00015455273387487978,0.00015455273387487978
2026,2026,0.00017491997277829796,,,,,,,,,
2027,2027,,,0.0284393560141325,0.06933026760816574,0.03260919079184532,0.01049258653074503,0.023323005065321922,0.009464780800044537,0.00015420459385495633,0.00015420459385495633
2027,2027,0.00017460939125157893,,,,,,,,,
2028,2028,,,0.028395937755703926,0.069241002202034,0.03256435692310333,0.010478906333446503,0.023315027356147766,0.009456202387809753,0.00015385770529974252,0.00015385770529974252
2028,2028,0.00017429894069209695,,,,,,,,,
2029,2029,,,0.02835334651172161,0.06915175169706345,0.032520122826099396,0.010465186089277267,0.023307083174586296,0.009447562508285046,0.00015351275214925408,0.00015351275214925408
2029,2029,0.00017399041098542511,,,,,,,,,
2030,2030,,,0.02831028215587139,0.06906203925609589,0.03247549384832382,0.010451478883624077,0.023299191147089005,0.009438928216695786,0.00015316686767619103,0.00015316686767619103
2030,2030,0.00017368125554639846,,,,,,,,,
2031,2031,,,0.028266318142414093,0.06897211074829102,0.03243019059300423,0.010437864810228348,0.023291533812880516,0.009430386126041412,0.00015282060485333204,0.00015282060485333204
2031,2031,0.00017337393364869058,,,,,,,,,
2032,2032,,,0.028223365545272827,0.06888356804847717,0.03238583728671074,0.010424291715025902,0.023283476009964943,0.009421830996870995,0.00015247799456119537,0.00015247799456119537
2032,2032,0.00017306674271821976,,,,,,,,,
2033,2033,,,0.02818162366747856,0.06879595667123795,0.03234260901808739,0.010410902090370655,0.02327527105808258,0.00941343791782856,0.00015214175800792873,0.00015214175800792873
2033,2033,0.00017276032303925604,,,,,,,,,
2034,2034,,,0.02813882939517498,0.06870726495981216,0.03229805454611778,0.010397092439234257,0.023267587646842003,0.009404630400240421,0.00015179735783021897,0.00015179735783021897
2034,2034,0.0001724549219943583,,,,,,,,,
2035,2035,,,0.02809583581984043,0.06861671805381775,0.032253433018922806,0.010383726097643375,0.023259738460183144,0.009396323002874851,0.00015145746874623,0.00015145746874623
2035,2035,0.00017214947729371488,,,,,,,,,
2036,2036,,,0.028052663430571556,0.06852781027555466,0.03220869228243828,0.010370327159762383,0.023252006620168686,0.009387892670929432,0.00015111789980437607,0.00015111789980437607
2036,2036,0.00017184631724376231,,,,,,,,,
2037,2037,,,0.028010088950395584,0.06844068318605423,0.032164622098207474,0.010356739163398743,0.023243751376867294,0.009379240684211254,0.00015077819989528507,0.00015077819989528507
2037,2037,0.0001715430844342336,,,,,,,,,
2038,2038,,,0.027968227863311768,0.06835304200649261,0.0321212001144886,0.010343378409743309,0.023236211389303207,0.009370947256684303,0.00015044560132082552,0.00015044560132082552
2038,2038,0.0001712402590783313,,,,,,,,,
2039,2039,,,0.0279252827167511,0.06826438754796982,0.03207648545503616,0.010329972952604294,0.023227745667099953,0.009362412616610527,0.00015010571223683655,0.00015010571223683655
2039,2039,0.00017093896167352796,,,,,,,,,
2040,2040,,,0.027882561087608337,0.06817508488893509,0.03203193098306656,0.010316639207303524,0.0232202410697937,0.009354058653116226,0.00014976975216995925,0.00014976975216995925
2040,2040,0.00017063794075511396,,,,,,,,,
2041,2041,,,0.027841055765748024,0.06808652728796005,0.031988635659217834,0.010303506627678871,0.023212509229779243,0.009345922619104385,0.00014944050053600222,0.00014944050053600222
2041,2041,0.00017033809854183346,,,,,,,,,
2042,2042,,,0.027798576280474663,0.06799918413162231,0.031944289803504944,0.010289762169122696,0.02320420928299427,0.009337015450000763,0.00014909972378518432,0.00014909972378518432
2042,2042,0.00017003841639962047,,,,,,,,,
2043,2043,,,0.0277562253177166,0.06791195273399353,0.03190045431256294,0.010276873596012592,0.02319626696407795,0.009329035878181458,0.00014877234934829175,0.00014877234934829175
2043,2043,0.0001697401312412694,,,,,,,,,
2044,2044,,,0.027713770046830177,0.06782428175210953,0.03185637295246124,0.01026367861777544,0.023188535124063492,0.009320742450654507,0.00014844104589428753,0.00014844104589428753
2044,2044,0.00016944236995186657,,,,,,,,,
2045,2045,,,0.027671704068779945,0.0677364319562912,0.031812384724617004,0.010250046849250793,0.023180317133665085,0.009311945177614689,0.00014810386346653104,0.00014810386346653104
2045,2045,0.0001691454235697165,,,,,,,,,
2046,2046,,,0.02763039618730545,0.06764817982912064,0.03176916018128395,0.010237478651106358,0.02317269705235958,0.00930426362901926,0.0001477837940910831,0.0001477837940910831
2046,2046,0.00016884856449905783,,,,,,,,,
2047,2047,,,0.02758798748254776,0.06756120175123215,0.03172476962208748,0.010223984718322754,0.023164549842476845,0.009295583702623844,0.0001474486489314586,0.0001474486489314586
2047,2047,0.0001685532770352438,,,,,,,,,
2048,2048,,,0.027546264231204987,0.06747370213270187,0.031681209802627563,0.010210791602730751,0.023156579583883286,0.009287284687161446,0.00014712035772390664,0.00014712035772390664
2048,2048,0.00016825819329824299,,,,,,,,,
2049,2049,,0.0001679639535723254,,,,,,,,
2049,2049,,,0.027504688128829002,0.06738642603158951,0.03163785859942436,0.010198072530329227,0.02314869686961174,0.00927937962114811,0.00014679876039735973,0.00014679876039735973
2049,2049,0.0001679639535723254,,,,,,,,,
2050,2050,,,0.02746274694800377,0.06729999929666519,0.03159397095441818,0.010184613056480885,0.02314053662121296,0.009270655922591686,0.00014646649651695043,0.00014646649651695043
2050,2050,0.0001676707179285586,,,,,,,,,
2051,2051,,,0.027421222999691963,0.06721237301826477,0.03155069425702095,0.010171943344175816,0.02313309907913208,0.009262900799512863,0.0001461477077100426,0.0001461477077100426
2051,2051,0.0001673778024269268,,,,,,,,,
2052,2052,,,0.02737944759428501,0.06712520122528076,0.03150682896375656,0.010158761404454708,0.023124976083636284,0.009254471398890018,0.0001458196493331343,0.0001458196493331343
2052,2052,0.00016708631301298738,,,,,,,,,
2053,2053,,,0.027338193729519844,0.0670386254787445,0.03146343678236008,0.010145767591893673,0.02311689779162407,0.009246175177395344,0.00014549588377121836,0.00014549588377121836
2053,2053,0.00016679460532031953,,,,,,,,,
2054,2054,,,0.027297737076878548,0.06695198267698288,0.031421173363924026,0.010133318603038788,0.02310877852141857,0.009238502010703087,0.00014518247917294502,0.00014518247917294502
2054,2054,0.00016650476027280092,,,,,,,,,
2055,2055,,,0.02725529670715332,0.06686599552631378,0.03137681633234024,0.010119767859578133,0.023100920021533966,0.00922971498221159,0.00014485078281722963,0.00014485078281722963
2055,2055,0.00016621466784272343,,,,,,,,,
2056,2056,,,0.027214020490646362,0.06677894294261932,0.0313335657119751,0.010107268579304218,0.02309323661029339,0.00922197476029396,0.00014453534095082432,0.00014453534095082432
2056,2056,0.000165925535839051,,,,,,,,,
2057,2057,,,0.02717350237071514,0.06669219583272934,0.031290795654058456,0.010094651952385902,0.0230852123349905,0.009214021265506744,0.00014421949163079262,0.00014421949163079262
2057,2057,0.00016563746612519026,,,,,,,,,
2058,2058,,,0.027132252231240273,0.0666060596704483,0.031247343868017197,0.0100813377648592,0.023076897487044334,0.009205413050949574,0.00014389354328159243,0.00014389354328159243
2058,2058,0.00016534992028027773,,,,,,,,,
2059,2059,,,0.02709110826253891,0.06651977449655533,0.03120424970984459,0.010068890638649464,0.023069048300385475,0.009197697043418884,0.0001435803424101323,0.0001435803424101323
2059,2059,0.0001650630438234657,,,,,,,,,
2060,2060,,,0.027050189673900604,0.06643479317426682,0.031161371618509293,0.010056156665086746,0.023061474785208702,0.009189687669277191,0.0001432658900739625,0.0001432658900739625
2060,2060,0.00016477683675475419,,,,,,,,,
2061,2061,,,0.027009382843971252,0.06634881347417831,0.031118297949433327,0.010043191723525524,0.023053226992487907,0.00918135792016983,0.00014294637367129326,0.00014294637367129326
2061,2061,0.00016449119721073657,,,,,,,,,
2062,2062,,,0.02696858160197735,0.06626179814338684,0.031075378879904747,0.0100308982655406,0.023045100271701813,0.009173723869025707,0.00014263548655435443,0.00014263548655435443
2062,2062,0.00016420685278717428,,,,,,,,,
2063,2063,,,0.026927001774311066,0.06617572903633118,0.031031519174575806,0.010017904452979565,0.023037120699882507,0.009165335446596146,0.00014231442764867097,0.00014231442764867097
2063,2063,0.0001639229740248993,,,,,,,,,
2064,2064,,,0.026886869221925735,0.06609062105417252,0.030989259481430054,0.010005317628383636,0.02302955463528633,0.009157465770840645,0.00014200517034623772,0.00014200517034623772
2064,2064,0.0001636390370549634,,,,,,,,,
2065,2065,,,0.0268466267734766,0.06600571423768997,0.030946895480155945,0.009993063285946846,0.02302101068198681,0.009149706922471523,0.0001416970044374466,0.0001416970044374466
2065,2065,0.00016335742839146405,,,,,,,,,
2066,2066,,,0.02680554799735546,0.0659201592206955,0.030903572216629982,0.009980067610740662,0.023013006895780563,0.00914134830236435,0.000141379059641622,0.000141379059641622
2066,2066,0.00016307532496284693,,,,,,,,,
2067,2067,,,0.026765257120132446,0.06583371013402939,0.030861029401421547,0.009967861697077751,0.023005517199635506,0.009133799932897091,0.00014107389142736793,0.00014107389142736793
2067,2067,0.00016279425472021103,,,,,,,,,
2068,2068,,,0.026724932715296745,0.06574846804141998,0.030818255618214607,0.009955224581062794,0.022997191175818443,0.009125646203756332,0.0001407615200150758,0.0001407615200150758
2068,2068,0.0001625133299967274,,,,,,,,,
2069,2069,,,0.026684658601880074,0.06566374748945236,0.03077583573758602,0.009942666627466679,0.022989030927419662,0.009117700159549713,0.00014045258285477757,0.00014045258285477757
2069,2069,0.00016223345301114023,,,,,,,,,
2070,2070,,,0.02664439007639885,0.06557892262935638,0.03073340468108654,0.009930556640028954,0.02298150770366192,0.00911020115017891,0.00014015057240612805,0.00014015057240612805
2070,2070,0.00016195443458855152,,,,,,,,,
2071,2071,,,0.026604147627949715,0.065494604408741,0.030690660700201988,0.009917671792209148,0.022973133251070976,0.009101777337491512,0.00013983681856188923,0.00013983681856188923
2071,2071,0.00016167610010597855,,,,,,,,,
2072,2072,,,0.02656470239162445,0.06540921330451965,0.03064889833331108,0.009905652143061161,0.02296503633260727,0.009094314649701118,0.00013953693269286305,0.00013953693269286305
2072,2072,0.0001613981439732015,,,,,,,,,
2073,2073,,,0.026524057611823082,0.06532424688339233,0.030605848878622055,0.009893153794109821,0.022957364097237587,0.009086321108043194,0.00013922883954364806,0.00013922883954364806
2073,2073,0.0001611212792340666,,,,,,,,,
2074,2074,,,0.02648368664085865,0.06523913145065308,0.030563095584511757,0.00988076999783516,0.022949164733290672,0.00907839834690094,0.00013892199785914272,0.00013892199785914272
2074,2074,0.0001608448219485581,,,,,,,,,
2075,2075,,,0.026444625109434128,0.06515505909919739,0.030521724373102188,0.009868666529655457,0.02294108271598816,0.00907081738114357,0.00013862390187568963,0.00013862390187568963
2075,2075,0.00016056901949923486,,,,,,,,,
2076,2076,,,0.02640494517982006,0.06507174670696259,0.030479498207569122,0.00985617097467184,0.022932834923267365,0.009062730707228184,0.00013831880642101169,0.00013831880642101169
2076,2076,0.00016029451217036694,,,,,,,,,
2077,2077,,,0.02636488899588585,0.06498703360557556,0.03043707273900509,0.009844101034104824,0.02292553149163723,0.009055251255631447,0.00013802044850308448,0.00013802044850308448
2077,2077,0.00016001977201085538,,,,,,,,,
2078,2078,,,0.02632458135485649,0.06490255147218704,0.03039449267089367,0.009832005016505718,0.022916967049241066,0.009047528728842735,0.0001377181033603847,0.0001377181033603847
2078,2078,0.00015974642883520573,,,,,,,,,
2079,2079,,,0.026284608989953995,0.06481877714395523,0.030352002009749413,0.009819303639233112,0.022908683866262436,0.009039204567670822,0.00013741031580138952,0.00013741031580138952
2079,2079,0.00015947333304211497,,,,,,,,,
2080,2080,,,0.026245811954140663,0.06473419815301895,0.03031069040298462,0.009807808324694633,0.022900935262441635,0.009032187983393669,0.00013712180953007191,0.00013712180953007191
2080,2080,0.0001592007465660572,,,,,,,,,
2081,2081,,,0.02620597742497921,0.06465072184801102,0.030268147587776184,0.009795176796615124,0.02289300039410591,0.009023977443575859,0.0001368167722830549,0.0001368167722830549
2081,2081,0.00015892939700279385,,,,,,,,,
2082,2082,,,0.026167215779423714,0.06456755101680756,0.03022690676152706,0.00978319626301527,0.022884972393512726,0.009016413241624832,0.00013652326015289873,0.00013652326015289873
2082,2082,0.00015865846944507211,,,,,,,,,
2083,2083,,,0.02612786740064621,0.0644838809967041,0.0301851574331522,0.009771381504833698,0.022876884788274765,0.009008959867060184,0.0001362298644380644,0.0001362298644380644
2083,2083,0.00015838845865800977,,,,,,,,,
2084,2084,,,0.02608746476471424,0.0644000992178917,0.03014220856130123,0.009758971631526947,0.022868623957037926,0.00900089368224144,0.00013592603500001132,0.00013592603500001132
2084,2084,0.0001581185933900997,,,,,,,,,
2085,2085,,,0.026048969477415085,0.06431632488965988,0.030101008713245392,0.009747205302119255,0.02286090888082981,0.00899359118193388,0.00013563701941166073,0.00013563701941166073
2085,2085,0.000157849834067747,,,,,,,,,
2086,2086,,,0.02600998617708683,0.06423342972993851,0.0300593301653862,0.00973506923764944,0.022852612659335136,0.008985739201307297,0.0001353409606963396,0.0001353409606963396
2086,2086,0.00015758110384922475,,,,,,,,,
2087,2087,,,0.025970669463276863,0.06415063887834549,0.03001762181520462,0.009723189286887646,0.022844519466161728,0.008978194557130337,0.00013504867092706263,0.00013504867092706263
2087,2087,0.00015731337771285325,,,,,,,,,
2088,2088,,,0.025931425392627716,0.06406765431165695,0.029975946992635727,0.00971135962754488,0.02283656969666481,0.00897073931992054,0.00013475785090122372,0.00013475785090122372
2088,2088,0.00015704691759310663,,,,,,,,,
2089,2089,,,0.025892674922943115,0.06398443132638931,0.02993430569767952,0.009699339047074318,0.022828703746199608,0.008963038213551044,0.000134465386508964,0.000134465386508964
2089,2089,0.00015678031195420772,,,,,,,,,
2090,2090,,,0.025854187086224556,0.06390123069286346,0.02989298664033413,0.009687542915344238,0.022820577025413513,0.008955523371696472,0.00013417607988230884,0.00013417607988230884
2090,2090,0.0001565148268127814,,,,,,,,,
2091,2091,,,0.025815093889832497,0.06381820887327194,0.02985122613608837,0.009675610810518265,0.022812403738498688,0.008947893977165222,0.00013388425577431917,0.00013388425577431917
2091,2091,0.00015624909428879619,,,,,,,,,
2092,2092,,,0.02577596716582775,0.06373602896928787,0.029809636995196342,0.00966383796185255,0.022804290056228638,0.008940390311181545,0.00013359532749745995,0.00013359532749745995
2092,2092,0.00015598531172145158,,,,,,,,,
2093,2093,,,0.025737620890140533,0.06365430355072021,0.029768692329525948,0.009652134962379932,0.022796401754021645,0.008932963944971561,0.00013331022637430578,0.00013331022637430578
2093,2093,0.00015572173288092017,,,,,,,,,
2094,2094,,,0.025699486956000328,0.06357178837060928,0.02972755767405033,0.009640190750360489,0.022788256406784058,0.008925246074795723,0.0001330212689936161,0.0001330212689936161
2094,2094,0.00015545844507869333,,,,,,,,,
2095,2095,,,0.025660846382379532,0.06348838657140732,0.029686052352190018,0.00962858647108078,0.022780491039156914,0.008917953819036484,0.00013273624063003808,0.00013273624063003808
2095,2095,0.0001551963359816,,,,,,,,,
2096,2096,,,0.025621801614761353,0.063405841588974,0.02964426949620247,0.009616805240511894,0.02277214452624321,0.00891034584492445,0.00013244716683402658,0.00013244716683402658
2096,2096,0.00015493386308662593,,,,,,,,,
2097,2097,,,0.02558385580778122,0.06332453340291977,0.02960367128252983,0.009605132043361664,0.02276402711868286,0.00890291016548872,0.00013216437946539372,0.00013216437946539372
2097,2097,0.00015467354387510568,,,,,,,,,
2098,2098,,,0.025545695796608925,0.06324390321969986,0.029562916606664658,0.00959356315433979,0.022755643352866173,0.008895501494407654,0.00013188214506953955,0.00013188214506953955
2098,2098,0.0001544126425869763,,,,,,,,,
2099,2099,,0.0001541531237307936,,,,,,,,
2099,2099,,,0.025506962090730667,0.06316142529249191,0.02952120080590248,0.009581777267158031,0.022748155519366264,0.00888801459223032,0.00013159688387531787,0.00013159688387531787
2099,2099,0.0001541531237307936,,,,,,,,,
2100,2100,,,0.025468993932008743,0.06307794898748398,0.029480142518877983,0.009570320136845112,0.022740015760064125,0.008880729787051678,0.00013131518790032715,0.00013131518790032715
2100,2100,0.00015389356121886522,,,,,,,,,
2101,2101,,,0.025431090965867043,0.06299617886543274,0.029439199715852737,0.009558671154081821,0.02273140847682953,0.0088731674477458,0.00013103146920911968,0.00013103146920911968
2101,2101,0.00015363501734100282,,,,,,,,,
2102,2102,,,0.025392809882760048,0.06291601061820984,0.029398363083600998,0.009547033347189426,0.022723602131009102,0.008865747600793839,0.0001307511847699061,0.0001307511847699061
2102,2102,0.00015337640070356429,,,,,,,,,
2103,2103,,,0.02535468153655529,0.06283523887395859,0.029357610270380974,0.009535775519907475,0.022715726867318153,0.008858650922775269,0.00013047517859376967,0.00013047517859376967
2103,2103,0.00015311953029595315,,,,,,,,,
2104,2104,,,0.025316614657640457,0.0627535730600357,0.0293164923787117,0.009524120949208736,0.022707222029566765,0.00885101594030857,0.00013019179459661245,0.00013019179459661245
2104,2104,0.0001528625434730202,,,,,,,,,
2105,2105,,,0.025279462337493896,0.06267188489437103,0.029276296496391296,0.009512710385024548,0.02269904688000679,0.008843742311000824,0.00012991538096684963,0.00012991538096684963
2105,2105,0.00015260653162840754,,,,,,,,,
2106,2106,,,0.02524169720709324,0.06259045004844666,0.029235467314720154,0.009501217864453793,0.022691361606121063,0.008836399763822556,0.00012963777408003807,0.00012963777408003807
2106,2106,0.0001523513492429629,,,,,,,,,
2107,2107,,,0.025203386321663857,0.06250941008329391,0.029194355010986328,0.009489958174526691,0.02268301136791706,0.00882917270064354,0.000129360516439192,0.000129360516439192
2107,2107,0.00015209647244773805,,,,,,,,,
2108,2108,,,0.025165719911456108,0.06242914870381355,0.02915395423769951,0.009478555992245674,0.022674763575196266,0.008821872062981129,0.00012908481585327536,0.00012908481585327536
2108,2108,0.0001518421049695462,,,,,,,,,
2109,2109,,,0.025128671899437904,0.06234891712665558,0.02911376766860485,0.009467005729675293,0.02266656421124935,0.008814389817416668,0.00012880860595032573,0.00012880860595032573
2109,2109,0.00015158856695052236,,,,,,,,,
2110,2110,,,0.025090951472520828,0.06226745992898941,0.029072901234030724,0.009455965831875801,0.022658666595816612,0.008807377889752388,0.0001285364996874705,0.0001285364996874705
2110,2110,0.00015133545093704015,,,,,,,,,
2111,2111,,,0.025053158402442932,0.0621865950524807,0.02903217077255249,0.009444515220820904,0.022650867700576782,0.008800086565315723,0.00012826135207433254,0.00012826135207433254
2111,2111,0.00015108298975974321,,,,,,,,,
2112,2112,,,0.025015830993652344,0.062106627970933914,0.028991887345910072,0.009433036670088768,0.02264224737882614,0.008792604319751263,0.0001279855059692636,0.0001279855059692636
2112,2112,0.00015083073230925947,,,,,,,,,
2113,2113,,,0.024979203939437866,0.06202732026576996,0.028952335938811302,0.009422216564416885,0.022633960470557213,0.008785730227828026,0.00012772021000273526,0.00012772021000273526
2113,2113,0.00015058043936733156,,,,,,,,,
2114,2114,,,0.024941720068454742,0.061947114765644073,0.028911694884300232,0.009410649538040161,0.022626416757702827,0.00877828523516655,0.00012744581908918917,0.00012744581908918917
2114,2114,0.0001503295497968793,,,,,,,,,
2115,2115,,,0.024904673919081688,0.06186574697494507,0.02887137047946453,0.009399564936757088,0.022618351504206657,0.008771238848567009,0.00012717618665192276,0.00012717618665192276
2115,2115,0.00015007944602984935,,,,,,,,,
2116,2116,,,0.024867327883839607,0.06178503856062889,0.02883080579340458,0.009388440288603306,0.022609682753682137,0.008763969875872135,0.00012690393486991525,0.00012690393486991525
2116,2116,0.00014983063738327473,,,,,,,,,
2117,2117,,,0.024830292910337448,0.061705976724624634,0.028790883719921112,0.00937720574438572,0.02260175347328186,0.008756786584854126,0.0001266355102416128,0.0001266355102416128
2117,2117,0.00014958131941966712,,,,,,,,,
2118,2118,,,0.024793434888124466,0.06162720173597336,0.02875111624598503,0.009366230107843876,0.022593818604946136,0.008749814704060555,0.00012637073814403266,0.00012637073814403266
2118,2118,0.00014933336933609098,,,,,,,,,
2119,2119,,,0.024756237864494324,0.06154726818203926,0.028710585087537766,0.009355033747851849,0.022585177794098854,0.008742474019527435,0.0001260993303731084,0.0001260993303731084
2119,2119,0.00014908552111592144,,,,,,,,,
2120,2120,,,0.024719877168536186,0.06146656721830368,0.02867097407579422,0.009344016201794147,0.022577445954084396,0.008735500276088715,0.0001258349366253242,0.0001258349366253242
2120,2120,0.00014883861877024174,,,,,,,,,
2121,2121,,,0.024682968854904175,0.06138799712061882,0.02863091416656971,0.009333002381026745,0.022569460794329643,0.008728353306651115,0.00012556937872432172,0.00012556937872432172
2121,2121,0.00014859224029351026,,,,,,,,,
2122,2122,,,0.024645885452628136,0.06130862608551979,0.028590865433216095,0.009321985766291618,0.022561032325029373,0.008721240796148777,0.0001253028749488294,0.0001253028749488294
2122,2122,0.0001483465894125402,,,,,,,,,
2123,2123,,,0.024609215557575226,0.06122927740216255,0.028550922870635986,0.009310957044363022,0.022552551701664925,0.008714070543646812,0.00012503679317887872,0.00012503679317887872
2123,2123,0.0001481015351600945,,,,,,,,,
2124,2124,,,0.024573322385549545,0.06115049123764038,0.028511742129921913,0.009300237521529198,0.02254479192197323,0.00870728399604559,0.00012477867130655795,0.00012477867130655795
2124,2124,0.0001478567428421229,,,,,,,,,
2125,2125,,,0.02453664131462574,0.061071302741765976,0.028471648693084717,0.009289069101214409,0.022536849603056908,0.00870002806186676,0.00012451276415959,0.00012451276415959
2125,2125,0.00014761283819098026,,,,,,,,,
2126,2126,,,0.024500323459506035,0.060992371290922165,0.028432222083210945,0.009278291836380959,0.022528566420078278,0.008693099021911621,0.00012425224122125655,0.00012425224122125655
2126,2126,0.00014736925368197262,,,,,,,,,
2127,2127,,,0.02446368709206581,0.06091339513659477,0.028392396867275238,0.009267393499612808,0.02251974120736122,0.008685972541570663,0.00012398819671943784,0.00012398819671943784
2127,2127,0.0001471263385610655,,,,,,,,,
2128,2128,,,0.02442711591720581,0.060835402458906174,0.02835257537662983,0.009256400167942047,0.02251218631863594,0.008678935468196869,0.00012372744095046073,0.00012372744095046073
2128,2128,0.00014688454393763095,,,,,,,,,
2129,2129,,,0.02439177595078945,0.06075679138302803,0.028313806280493736,0.009245854802429676,0.022504493594169617,0.008672290481626987,0.00012347407755441964,0.00012347407755441964
2129,2129,0.00014664225454907864,,,,,,,,,
2130,2130,,,0.024355286732316017,0.06067781522870064,0.028273919597268105,0.009234750643372536,0.022495217621326447,0.008664846420288086,0.00012320722453296185,0.00012320722453296185
2130,2130,0.00014640188601333648,,,,,,,,,
2131,2131,,,0.024318909272551537,0.0605989433825016,0.028234407305717468,0.009224193170666695,0.022487390786409378,0.008658185601234436,0.00012295169290155172,0.00012295169290155172
2131,2131,0.0001461607462260872,,,,,,,,,
2132,2132,,,0.024282822385430336,0.06052147597074509,0.02819499932229519,0.009213363751769066,0.022479675710201263,0.008651206269860268,0.00012269456055946648,0.00012269456055946648
2132,2132,0.0001459208724554628,,,,,,,,,
2133,2133,,,0.024247286841273308,0.06044396385550499,0.028156016021966934,0.009202638640999794,0.022471535950899124,0.008644256740808487,0.00012243891251273453,0.00012243891251273453
2133,2133,0.00014568162441719323,,,,,,,,,
2134,2134,,,0.024211492389440536,0.06036445498466492,0.02811669372022152,0.00919200200587511,0.022463059052824974,0.00863739661872387,0.0001221820421051234,0.0001221820421051234
2134,2134,0.00014544287114404142,,,,,,,,,
2135,2135,,,0.024175217375159264,0.06028658524155617,0.02807702124118805,0.009181054309010506,0.022454554215073586,0.008630163036286831,0.00012192143185529858,0.00012192143185529858
2135,2135,0.0001452048891223967,,,,,,,,,
2136,2136,,,0.02413979172706604,0.060209181159734726,0.02803831174969673,0.009170852601528168,0.022446854040026665,0.008623736910521984,0.00012167403474450111,0.00012167403474450111
2136,2136,0.0001449671108275652,,,,,,,,,
2137,2137,,,0.02410390041768551,0.060132354497909546,0.02799908258020878,0.009159903042018414,0.022438839077949524,0.00861656665802002,0.00012141692423028871,0.00012141692423028871
2137,2137,0.0001447298564016819,,,,,,,,,
2138,2138,,,0.02406833879649639,0.06005481258034706,0.02796012908220291,0.009149287827312946,0.022430147975683212,0.00860963948071003,0.00012116253492422402,0.00012116253492422402
2138,2138,0.00014449330046772957,,,,,,,,,
2139,2139,,,0.024032747372984886,0.05997689440846443,0.02792101353406906,0.009139034897089005,0.022421911358833313,0.008603031747043133,0.0001209126494359225,0.0001209126494359225
2139,2139,0.0001442574430257082,,,,,,,,,
2140,2140,,,0.023996947333216667,0.05989953875541687,0.027881670743227005,0.009128063917160034,0.022413963451981544,0.008595870807766914,0.00012065611372236162,0.00012065611372236162
2140,2140,0.00014402240049093962,,,,,,,,,
2141,2141,,,0.023962104693055153,0.059821967035532,0.02784336544573307,0.00911790132522583,0.0224058385938406,0.00858937669545412,0.00012041036097798496,0.00012041036097798496
2141,2141,0.00014378770720213652,,,,,,,,,
2142,2142,,,0.02392631582915783,0.05974489822983742,0.02780403196811676,0.009107118472456932,0.02239697426557541,0.008582229726016521,0.00012015410175081342,0.00012015410175081342
2142,2142,0.00014355304301716387,,,,,,,,,
2143,2143,,,0.023890580981969833,0.05966809391975403,0.027764979749917984,0.009096904657781124,0.02238933928310871,0.008575738407671452,0.00011990793427685276,0.00011990793427685276
2143,2143,0.00014331931015476584,,,,,,,,,
2144,2144,,,0.023855820298194885,0.05959170684218407,0.02772669307887554,0.009086273610591888,0.022381633520126343,0.008568867109715939,0.00011965979501837865,0.00011965979501837865
2144,2144,0.00014308637764770538,,,,,,,,,
2145,2145,,,0.02382085658609867,0.059514548629522324,0.027688201516866684,0.009075883775949478,0.022372521460056305,0.008561997674405575,0.00011940981494262815,0.00011940981494262815
2145,2145,0.0001428541145287454,,,,,,,,,
2146,2146,,,0.02378551848232746,0.05943813547492027,0.027649376541376114,0.009065686725080013,0.022364141419529915,0.008555375039577484,0.00011916348012164235,0.00011916348012164235
2146,2146,0.00014262186596170068,,,,,,,,,
2147,2147,,,0.02375050075352192,0.059361714869737625,0.027610763907432556,0.009055008180439472,0.0223567895591259,0.008548498153686523,0.00011891579197254032,0.00011891579197254032
2147,2147,0.0001423900539521128,,,,,,,,,
2148,2148,,,0.023715747520327568,0.0592849999666214,0.027572492137551308,0.009044920094311237,0.022348515689373016,0.008541956543922424,0.00011867253488162532,0.00011867253488162532
2148,2148,0.0001421589549863711,,,,,,,,,
2149,2149,,0.00014192902017384768,,,,,,,,
2149,2149,,,0.023680729791522026,0.05920836329460144,0.02753378264605999,0.009034467861056328,0.022339574992656708,0.008535005152225494,0.00011842312960652635,0.00011842312960652635
2149,2149,0.00014192902017384768,,,,,,,,,
2150,2150,,,0.023645788431167603,0.05913273245096207,0.027495330199599266,0.009024130180478096,0.02233143523335457,0.008528337813913822,0.00011817874474218115,0.00011817874474218115
2150,2150,0.00014169886708259583,,,,,,,,,
2151,2151,,,0.023610899224877357,0.05905731022357941,0.02745692804455757,0.009013953618705273,0.02232391946017742,0.008521808311343193,0.0001179376631625928,0.0001179376631625928
2151,2151,0.00014146947069093585,,,,,,,,,
2152,2152,,,0.02357625402510166,0.05898076668381691,0.027418605983257294,0.009003762155771255,0.022315192967653275,0.008515112102031708,0.00011769341654144228,0.00011769341654144228
2152,2152,0.0001412412093486637,,,,,,,,,
2153,2153,,,0.023541875183582306,0.05890432372689247,0.027380481362342834,0.008993297815322876,0.02230658009648323,0.008508201688528061,0.00011744753282982856,0.00011744753282982856
2153,2153,0.00014101287524681538,,,,,,,,,
2154,2154,,,0.023507162928581238,0.058828189969062805,0.027342073619365692,0.008983401581645012,0.022298991680145264,0.008501894772052765,0.00011720977636286989,0.00011720977636286989
2154,2154,0.0001407850650139153,,,,,,,,,
2155,2155,,,0.02347271889448166,0.05875345319509506,0.02730400487780571,0.008973010815680027,0.022290760651230812,0.008495023474097252,0.00011696673755068332,0.00011696673755068332
2155,2155,0.0001405578077537939,,,,,,,,,
2156,2156,,,0.023438911885023117,0.05867860093712807,0.027266746386885643,0.008963048458099365,0.022282205522060394,0.008488568477332592,0.00011672990513034165,0.00011672990513034165
2156,2156,0.00014033135084901005,,,,,,,,,
2157,2157,,,0.023403529077768326,0.0586024634540081,0.02722766436636448,0.008952773176133633,0.022273721173405647,0.008481745608150959,0.00011648468353087083,0.00011648468353087083
2157,2157,0.0001401055051246658,,,,,,,,,
2158,2158,,,0.023369144648313522,0.05852625519037247,0.0271894708275795,0.008942877873778343,0.02226618304848671,0.00847545638680458,0.00011624883336480707,0.00011624883336480707
2158,2158,0.00013987992133479565,,,,,,,,,
2159,2159,,,0.023335270583629608,0.058451633900403976,0.02715177647769451,0.00893244706094265,0.022257724776864052,0.008468538522720337,0.00011600722064031288,0.00011600722064031288
2159,2159,0.00013965513790026307,,,,,,,,,
2160,2160,,,0.02330154925584793,0.05837719514966011,0.02711443416774273,0.0089227594435215,0.022248828783631325,0.008462168276309967,0.00011577304394450039,0.00011577304394450039
2160,2160,0.00013943055819254369,,,,,,,,,
2161,2161,,,0.023266924545168877,0.058302007615566254,0.027076134458184242,0.00891257543116808,0.022241104394197464,0.008455558679997921,0.00011553446529433131,0.00011553446529433131
2161,2161,0.0001392066915286705,,,,,,,,,
2162,2162,,,0.023232275620102882,0.05822638049721718,0.027037732303142548,0.008902535773813725,0.022233115509152412,0.008449033834040165,0.00011529652692843229,0.00011529652692843229
2162,2162,0.0001389828830724582,,,,,,,,,
2163,2163,,,0.02319854311645031,0.05815206095576286,0.027000168338418007,0.008892592042684555,0.022224215790629387,0.008442415855824947,0.00011506008740980178,0.00011506008740980178
2163,2163,0.00013876045704819262,,,,,,,,,
2164,2164,,,0.02316499501466751,0.05807814002037048,0.02696290612220764,0.008882632479071617,0.022216204553842545,0.008435947820544243,0.00011482712579891086,0.00011482712579891086
2164,2164,0.0001385376526741311,,,,,,,,,
2165,2165,,,0.023130806162953377,0.05800343677401543,0.026924978941679,0.008872690610587597,0.022208120673894882,0.008429460227489471,0.00011459224333520979,0.00011459224333520979
2165,2165,0.0001383166090818122,,,,,,,,,
2166,2166,,,0.023096740245819092,0.057928428053855896,0.026887062937021255,0.00886274129152298,0.022199459373950958,0.008422893472015858,0.00011435609485488385,0.00011435609485488385
2166,2166,0.00013809476513415575,,,,,,,,,
2167,2167,,,0.023063519969582558,0.05785394459962845,0.02684987150132656,0.008852972649037838,0.02219124510884285,0.008416518568992615,0.00011412525782361627,0.00011412525782361627
2167,2167,0.0001378739543724805,,,,,,,,,
2168,2168,,,0.023029964417219162,0.057780299335718155,0.026812449097633362,0.008842951618134975,0.022183232009410858,0.008409890346229076,0.000113892019726336,0.000113892019726336
2168,2168,0.00013765369658358395,,,,,,,,,
2169,2169,,,0.022995905950665474,0.05770598351955414,0.026774808764457703,0.008833314292132854,0.022175097838044167,0.008403684943914413,0.00011366213584551588,0.00011366213584551588
2169,2169,0.0001374340645270422,,,,,,,,,
2170,2170,,,0.022961972281336784,0.05763239786028862,0.026737073436379433,0.008823337964713573,0.022166237235069275,0.008396973833441734,0.00011342691868776456,0.00011342691868776456
2170,2170,0.00013721497089136392,,,,,,,,,
2171,2171,,,0.022929495200514793,0.05755847319960594,0.026700643822550774,0.008813765831291676,0.0221581868827343,0.008390777744352818,0.0001132016332121566,0.0001132016332121566
2171,2171,0.00013699590635951608,,,,,,,,,
2172,2172,,,0.022895976901054382,0.057484667748212814,0.02666316367685795,0.008803744800388813,0.022150255739688873,0.00838417373597622,0.00011296963202767074,0.00011296963202767074
2172,2172,0.0001367776421830058,,,,,,,,,
2173,2173,,,0.022862255573272705,0.057410143315792084,0.0266254935413599,0.00879418384283781,0.022141268476843834,0.008377818390727043,0.00011273902782704681,0.00011273902782704681
2173,2173,0.0001365602802252397,,,,,,,,,
2174,2174,,,0.0228286013007164,0.057336464524269104,0.026587987318634987,0.00878430251032114,0.02213321067392826,0.008371353149414062,0.00011250877287238836,0.00011250877287238836
2174,2174,0.00013634319475386292,,,,,,,,,
2175,2175,,,0.022795934230089188,0.05726396292448044,0.02655145339667797,0.008774708025157452,0.02212529070675373,0.008365076035261154,0.00011228460789425299,0.00011228460789425299
2175,2175,0.00013612618204206228,,,,,,,,,
2176,2176,,,0.022763101384043694,0.057190924882888794,0.02651464380323887,0.00876514334231615,0.022116810083389282,0.008358761668205261,0.00011205881310161203,0.00011205881310161203
2176,2176,0.00013591059541795403,,,,,,,,,
2177,2177,,,0.02272919751703739,0.057116925716400146,0.02647688426077366,0.008755259215831757,0.022108297795057297,0.00835222564637661,0.00011182734306203201,0.00011182734306203201
2177,2177,0.00013569470320362598,,,,,,,,,
2178,2178,,,0.022695953026413918,0.05704366788268089,0.02643960528075695,0.008745796047151089,0.022100044414401054,0.008345983922481537,0.00011160223220940679,0.00011160223220940679
2178,2178,0.00013547939306590706,,,,,,,,,
2179,2179,,,0.02266356162726879,0.056971509009599686,0.026403337717056274,0.00873627234250307,0.022091982886195183,0.008339736610651016,0.00011138022091472521,0.00011138022091472521
2179,2179,0.00013526481052394956,,,,,,,,,
2180,2180,,,0.022630754858255386,0.05689799040555954,0.026366328820586205,0.008726336061954498,0.022083375602960587,0.008333100937306881,0.00011115096276625991,0.00011115096276625991
2180,2180,0.00013505098468158394,,,,,,,,,
2181,2181,,,0.022597817704081535,0.05682501196861267,0.02632940001785755,0.008717241697013378,0.022075163200497627,0.008327209390699863,0.00011093156354036182,0.00011093156354036182
2181,2181,0.00013483685324899852,,,,,,,,,
2182,2182,,,0.02256503514945507,0.056753091514110565,0.02629268355667591,0.00870741531252861,0.022067086771130562,0.008320705033838749,0.00011070635810028762,0.00011070635810028762
2182,2182,0.00013462419155985117,,,,,,,,,
2183,2183,,,0.022532327100634575,0.056680843234062195,0.026256082579493523,0.00869788695126772,0.022058580070734024,0.008314378559589386,0.00011048327723983675,0.00011048327723983675
2183,2183,0.00013441109331324697,,,,,,,,,
2184,2184,,,0.02249918133020401,0.056607436388731,0.026218978688120842,0.008688703179359436,0.022049997001886368,0.008308326825499535,0.00011026194260921329,0.00011026194260921329
2184,2184,0.00013419933384284377,,,,,,,,,
2185,2185,,,0.02246641181409359,0.05653522163629532,0.026181980967521667,0.00867877621203661,0.022041967138648033,0.00830171536654234,0.0001100359222618863,0.0001100359222618863
2185,2185,0.00013398761802818626,,,,,,,,,
2186,2186,,,0.022435110062360764,0.056463465094566345,0.02614668570458889,0.00866978894919157,0.022033751010894775,0.008295869454741478,0.00010982312960550189,0.00010982312960550189
2186,2186,0.000133776746224612,,,,,,,,,
2187,2187,,,0.022402338683605194,0.0563923642039299,0.026109954342246056,0.00866016373038292,0.022025011479854584,0.008289346471428871,0.0001095994230126962,0.0001095994230126962
2187,2187,0.00013356597628444433,,,,,,,,,
2188,2188,,,0.022369587793946266,0.05631999671459198,0.02607324719429016,0.008650754578411579,0.02201714925467968,0.008283204399049282,0.00010938016202999279,0.00010938016202999279
2188,2188,0.00013335591938812286,,,,,,,,,
2189,2189,,,0.022337209433317184,0.05624716356396675,0.0260367039591074,0.008641527965664864,0.0220088642090559,0.008277127519249916,0.00010916206520050764,0.00010916206520050764
2189,2189,0.00013314616808202118,,,,,,,,,
2190,2190,,,0.02230483666062355,0.05617568641901016,0.02600006014108658,0.008631959557533264,0.021999793127179146,0.0082705644890666,0.00010893891885643825,0.00010893891885643825
2190,2190,0.00013293699885252863,,,,,,,,,
2191,2191,,,0.02227325551211834,0.05610452592372894,0.025964511558413506,0.008622928522527218,0.021992066875100136,0.00826475489884615,0.00010872787970583886,0.00010872787970583886
2191,2191,0.00013272826618049294,,,,,,,,,
2192,2192,,,0.022240426391363144,0.05603361874818802,0.025927724316716194,0.008613308891654015,0.021983839571475983,0.008258337154984474,0.00010850690887309611,0.00010850690887309611
2192,2192,0.00013251991185825318,,,,,,,,,
2193,2193,,,0.022208144888281822,0.05596131458878517,0.025891145691275597,0.008604248985648155,0.02197478525340557,0.008252225816249847,0.00010828947415575385,0.00010828947415575385
2193,2193,0.00013231192133389413,,,,,,,,,
2194,2194,,,0.022176925092935562,0.0558900386095047,0.025855764746665955,0.008595064282417297,0.021967018023133278,0.008246278390288353,0.00010807803482748568,0.00010807803482748568
2194,2194,0.00013210489123594016,,,,,,,,,
2195,2195,,,0.0221443809568882,0.05581921339035034,0.025819022208452225,0.00858532264828682,0.02195863611996174,0.00823969766497612,0.00010785638733068481,0.00010785638733068481
2195,2195,0.00013189857418183237,,,,,,,,,
2196,2196,,,0.02211194857954979,0.05574749782681465,0.025782691314816475,0.008576842956244946,0.021950095891952515,0.008234154433012009,0.00010764727630885318,0.00010764727630885318
2196,2196,0.00013169167505111545,,,,,,,,,
2197,2197,,,0.02208063378930092,0.055677421391010284,0.025747129693627357,0.008567003533244133,0.021941540762782097,0.008227461017668247,0.00010742789891082793,0.00010742789891082793
2197,2197,0.00013148591096978635,,,,,,,,,
2198,2198,,,0.022049671038985252,0.055606961250305176,0.025712011381983757,0.008558199740946293,0.021933751180768013,0.008221729658544064,0.00010722158913267776,0.00010722158913267776
2198,2198,0.00013128036516718566,,,,,,,,,
2199,2199,,0.00013107593986205757,,,,,,,,
2199,2199,,,0.022017233073711395,0.055535610765218735,0.02567523904144764,0.008549102582037449,0.021925125271081924,0.008215595968067646,0.00010700614075176418,0.00010700614075176418
2199,2199,0.00013107593986205757,,,,,,,,,
2200,2200,,,0.021985357627272606,0.05546444281935692,0.025639157742261887,0.00853956863284111,0.02191641926765442,0.008209174498915672,0.00010678850230760872,0.00010678850230760872
2200,2200,0.0001308714272454381,,,,,,,,,
2201,2201,,,0.021954387426376343,0.055394247174263,0.025604167953133583,0.008530992083251476,0.021908389404416084,0.008203600533306599,0.0001065848337020725,0.0001065848337020725
2201,2201,0.00013066762767266482,,,,,,,,,
2202,2202,,,0.021922197192907333,0.055324867367744446,0.025567736476659775,0.008521473035216331,0.02189970202744007,0.008197028189897537,0.00010636711522238329,0.00010636711522238329
2202,2202,0.0001304644247284159,,,,,,,,,
2203,2203,,,0.021891387179493904,0.055254414677619934,0.025532802566885948,0.008512886241078377,0.021891867741942406,0.008191579021513462,0.00010616499639581889,0.00010616499639581889
2203,2203,0.00013026109081692994,,,,,,,,,
2204,2204,,,0.02185957133769989,0.05518399551510811,0.025496456772089005,0.008503243327140808,0.021882882341742516,0.008184892125427723,0.00010594589548418298,0.00010594589548418298
2204,2204,0.00013005876098759472,,,,,,,,,
2205,2205,,,0.02182874083518982,0.055112991482019424,0.025461433455348015,0.00849492009729147,0.0218745619058609,0.00817946344614029,0.00010574443149380386,0.00010574443149380386
2205,2205,0.000129856780404225,,,,,,,,,
2206,2206,,,0.02179696224629879,0.05504334717988968,0.025425417348742485,0.008485413156449795,0.02186630666255951,0.008173050358891487,0.00010553020547376946,0.00010553020547376946
2206,2206,0.0001296551345149055,,,,,,,,,
2207,2207,,,0.021765967831015587,0.05497432127594948,0.02539018914103508,0.008476595394313335,0.02185809798538685,0.008167200721800327,0.00010532508895266801,0.00010532508895266801
2207,2207,0.0001294537214562297,,,,,,,,,
2208,2208,,,0.02173502743244171,0.054905202239751816,0.025355037301778793,0.008467897772789001,0.021849391981959343,0.008161299861967564,0.00010511980508454144,0.00010511980508454144
2208,2208,0.00012925331247970462,,,,,,,,,
2209,2209,,,0.021703379228711128,0.05483485013246536,0.02531922049820423,0.008458604104816914,0.02184128947556019,0.008155129849910736,0.00010490902059245855,0.00010490902059245855
2209,2209,0.00012905320909339935,,,,,,,,,
2210,2210,,,0.02167200669646263,0.05476493760943413,0.025283418595790863,0.008449812419712543,0.02183275669813156,0.008149185217916965,0.00010470207053003833,0.00010470207053003833
2210,2210,0.00012885354226455092,,,,,,,,,
2211,2211,,,0.021641941741108894,0.05469576269388199,0.025248918682336807,0.008441196754574776,0.021824073046445847,0.0081434091553092,0.00010450028639752418,0.00010450028639752418
2211,2211,0.00012865442840848118,,,,,,,,,
2212,2212,,,0.02161090262234211,0.054626766592264175,0.025213435292243958,0.008431820198893547,0.021815918385982513,0.00813709944486618,0.00010429065878270194,0.00010429065878270194
2212,2212,0.00012845566379837692,,,,,,,,,
2213,2213,,,0.021579977124929428,0.05455750599503517,0.02517831325531006,0.008423291146755219,0.021807994693517685,0.008131489157676697,0.0001040903152897954,0.0001040903152897954
2213,2213,0.0001282570738112554,,,,,,,,,
2214,2214,,,0.021548770368099213,0.05448787286877632,0.02514282613992691,0.008414583280682564,0.021798988804221153,0.008125536143779755,0.0001038845584844239,0.0001038845584844239
2214,2214,0.00012805897858925164,,,,,,,,,
2215,2215,,,0.021517954766750336,0.05441898852586746,0.025107597932219505,0.008405397646129131,0.021790606901049614,0.008119350299239159,0.00010367750655859709,0.00010367750655859709
2215,2215,0.00012786213483195752,,,,,,,,,
2216,2216,,,0.021487588062882423,0.054349999874830246,0.025072788819670677,0.00839709211140871,0.021782580763101578,0.008113877847790718,0.00010348064824938774,0.00010348064824938774
2216,2216,0.00012766466534230858,,,,,,,,,
2217,2217,,,0.021456684917211533,0.05428190901875496,0.02503753826022148,0.008387926034629345,0.021773993968963623,0.00810758862644434,0.0001032735308399424,0.0001032735308399424
2217,2217,0.00012746821448672563,,,,,,,,,
2218,2218,,,0.02142643928527832,0.054212938994169235,0.025003140792250633,0.008379596285521984,0.021765677258372307,0.008102113381028175,0.00010307712364010513,0.00010307712364010513
2218,2218,0.00012727212742902339,,,,,,,,,
2219,2219,,,0.021395768970251083,0.054144468158483505,0.024967845529317856,0.008370509371161461,0.02175668440759182,0.008095766417682171,0.00010286979522788897,0.00010286979522788897
2219,2219,0.0001270768407266587,,,,,,,,,
2220,2220,,,0.021365780383348465,0.05407583341002464,0.024933449923992157,0.00836229883134365,0.021748807281255722,0.008090438321232796,0.00010267643665429205,0.00010267643665429205
2220,2220,0.0001268816413357854,,,,,,,,,
2221,2221,,,0.021334819495677948,0.054007936269044876,0.02489803358912468,0.008352980017662048,0.021740591153502464,0.008084084838628769,0.00010246958117932081,0.00010246958117932081
2221,2221,0.00012668658746406436,,,,,,,,,
2222,2222,,,0.0213047806173563,0.05393940210342407,0.024863621219992638,0.008344892412424088,0.021731505170464516,0.008078587241470814,0.00010227421444142237,0.00010227421444142237
2222,2222,0.00012649246491491795,,,,,,,,,
2223,2223,,,0.02127455733716488,0.05387195944786072,0.024829039350152016,0.008336033672094345,0.021723303943872452,0.008072616532444954,0.00010207429295405746,0.00010207429295405746
2223,2223,0.00012629866250790656,,,,,,,,,
2224,2224,,,0.02124428004026413,0.05380380526185036,0.024794241413474083,0.008327385410666466,0.021715424954891205,0.008066835813224316,0.00010187654697801918,0.00010187654697801918
2224,2224,0.0001261055440409109,,,,,,,,,
2225,2225,,,0.021214069798588753,0.053735893219709396,0.024759553372859955,0.008318926207721233,0.021706433966755867,0.008061027154326439,0.00010167821892537177,0.00010167821892537177
2225,2225,0.0001259123528143391,,,,,,,,,
2226,2226,,,0.021184207871556282,0.0536680743098259,0.02472524158656597,0.0083102872595191,0.021697763353586197,0.008055164478719234,0.00010148034198209643,0.00010148034198209643
2226,2226,0.00012571980187203735,,,,,,,,,
2227,2227,,,0.021154046058654785,0.05360040441155434,0.024690601974725723,0.008301698602735996,0.021689945831894875,0.008049403317272663,0.00010128432768397033,0.00010128432768397033
2227,2227,0.0001255278621101752,,,,,,,,,
2228,2228,,,0.0211240965873003,0.053533025085926056,0.024656271561980247,0.0082934545353055,0.021681342273950577,0.008043833076953888,0.00010109069989994168,0.00010109069989994168
2228,2228,0.0001253360096598044,,,,,,,,,
2229,2229,,,0.02109438367187977,0.053465694189071655,0.02462197095155716,0.00828460417687893,0.021672256290912628,0.008037746883928776,0.00010089085844811052,0.00010089085844811052
2229,2229,0.0001251449721166864,,,,,,,,,
2230,2230,,,0.02106464095413685,0.05339832976460457,0.02458774484694004,0.008276413194835186,0.021664399653673172,0.00803227536380291,0.00010070009739138186,0.00010070009739138186
2230,2230,0.00012495438568294048,,,,,,,,,
2231,2231,,,0.021034464240074158,0.05333101004362106,0.024553071707487106,0.008267766796052456,0.021656295284628868,0.008026438765227795,0.00010050387936644256,0.00010050387936644256
2231,2231,0.00012476378469727933,,,,,,,,,
2232,2232,,,0.021004974842071533,0.05326368659734726,0.02451910637319088,0.008259544149041176,0.021647358313202858,0.008020864799618721,0.00010031154670286924,0.00010031154670286924
2232,2232,0.00012457373668439686,,,,,,,,,
2233,2233,,,0.020975373685359955,0.05319720879197121,0.02448481135070324,0.008250816725194454,0.02163844369351864,0.008014760911464691,0.00010011393897002563,0.00010011393897002563
2233,2233,0.00012438459089025855,,,,,,,,,
2234,2234,,,0.02094629779458046,0.05313025787472725,0.02445131167769432,0.008242919109761715,0.02163095399737358,0.008009621873497963,9.992968989536166e-05,9.992968989536166e-05
2234,2234,0.00012419538688845932,,,,,,,,,
2235,2235,,,0.02091553620994091,0.05306379497051239,0.024416189640760422,0.008233984000980854,0.021622372791171074,0.008003463968634605,9.972963744075969e-05,9.972963744075969e-05
2235,2235,0.0001240069977939129,,,,,,,,,
2236,2236,,,0.020886458456516266,0.05299675092101097,0.024382516741752625,0.008226131089031696,0.021613137796521187,0.007998062297701836,9.954129927791655e-05,9.954129927791655e-05
2236,2236,0.00012381887063384056,,,,,,,,,
2237,2237,,,0.020857831463217735,0.05293074622750282,0.02434915490448475,0.008217482827603817,0.02160506881773472,0.007992192171514034,9.93500289041549e-05,9.93500289041549e-05
2237,2237,0.00012363099085632712,,,,,,,,,
2238,2238,,,0.02082822099328041,0.05286393314599991,0.024314887821674347,0.00820923037827015,0.0215968806296587,0.00798659585416317,9.915973350871354e-05,9.915973350871354e-05
2238,2238,0.00012344367860350758,,,,,,,,,
2239,2239,,,0.020798547193408012,0.05279700085520744,0.024280667304992676,0.008201109245419502,0.021588223055005074,0.007981047965586185,9.89697000477463e-05,9.89697000477463e-05
2239,2239,0.00012325697753112763,,,,,,,,,
2240,2240,,,0.020769329741597176,0.052731286734342575,0.0242469385266304,0.008192536421120167,0.02157936803996563,0.007975069805979729,9.877662523649633e-05,9.877662523649633e-05
2240,2240,0.00012306998542044312,,,,,,,,,
2241,2241,,,0.020740844309329987,0.0526658296585083,0.0242138858884573,0.008184511214494705,0.021571168676018715,0.007969725877046585,9.859268902800977e-05,9.859268902800977e-05
2241,2241,0.0001228843757417053,,,,,,,,,
2242,2242,,,0.020710723474621773,0.052599769085645676,0.02417907677590847,0.008176149800419807,0.021562522277235985,0.007963896729052067,9.839986159931868e-05,9.839986159931868e-05
2242,2242,0.0001226988242706284,,,,,,,,,
2243,2243,,,0.02068234235048294,0.052533142268657684,0.024146027863025665,0.008168254047632217,0.02155413292348385,0.007958565838634968,9.821623098105192e-05,9.821623098105192e-05
2243,2243,0.0001225133310072124,,,,,,,,,
2244,2244,,,0.020653408020734787,0.05246790125966072,0.02411249279975891,0.008159410208463669,0.021545758470892906,0.00795248057693243,9.802365093491971e-05,9.802365093491971e-05
2244,2244,0.00012232849257998168,,,,,,,,,
2245,2245,,,0.020624201744794846,0.05240175500512123,0.024078605696558952,0.008151979185640812,0.02153715118765831,0.007947424426674843,9.78422467596829e-05,9.78422467596829e-05
2245,2245,0.00012214422167744488,,,,,,,,,
2246,2246,,,0.02059532143175602,0.052337080240249634,0.02404513582587242,0.008143424056470394,0.0215285737067461,0.007941549643874168,9.765269351191819e-05,9.765269351191819e-05
2246,2246,0.00012196035095257685,,,,,,,,,
2247,2247,,,0.02056705392897129,0.052271682769060135,0.024012211710214615,0.008135239593684673,0.02152019552886486,0.007935972884297371,9.74680224317126e-05,9.74680224317126e-05
2247,2247,0.0001217768804053776,,,,,,,,,
2248,2248,,,0.02053804323077202,0.05220601335167885,0.023978514596819878,0.008127527311444283,0.021511411294341087,0.007930587977170944,9.728441364131868e-05,9.728441364131868e-05
2248,2248,0.00012159375910414383,,,,,,,,,
2249,2249,,0.00012141142360633239,,,,,,,,
2249,2249,,,0.020509205758571625,0.05214040353894234,0.023944946005940437,0.008119122125208378,0.021503519266843796,0.00792492926120758,9.709801088320091e-05,9.709801088320091e-05
2249,2249,0.00012141142360633239,,,,,,,,,
2250,2250,,,0.020480656996369362,0.052075695246458054,0.023911789059638977,0.008110938593745232,0.02149486169219017,0.007919292896986008,9.691293234936893e-05,9.691293234936893e-05
2250,2250,0.00012122920452384278,,,,,,,,,
2251,2251,,,0.020452307537198067,0.052011195570230484,0.023878775537014008,0.008103430271148682,0.02148568071424961,0.007914023473858833,9.673289605416358e-05,9.673289605416358e-05
2251,2251,0.0001210473055834882,,,,,,,,,
2252,2252,,,0.020423762500286102,0.05194620415568352,0.023845558986067772,0.008094774559140205,0.021477654576301575,0.007908129133284092,9.654539462644607e-05,9.654539462644607e-05
2252,2252,0.00012086522474419326,,,,,,,,,
2253,2253,,,0.02039513923227787,0.05188075453042984,0.02381221391260624,0.008087239228188992,0.021469471976161003,0.007903032936155796,9.636713366489857e-05,9.636713366489857e-05
2253,2253,0.00012068419891875237,,,,,,,,,
2254,2254,,,0.02036643959581852,0.05181577429175377,0.023778604343533516,0.008079092018306255,0.02146051451563835,0.00789728108793497,9.618105104891583e-05,9.618105104891583e-05
2254,2254,0.0001205036896863021,,,,,,,,,
2255,2255,,,0.020338520407676697,0.05175235494971275,0.023746266961097717,0.00807112641632557,0.02145223505795002,0.007891932502388954,9.60024626692757e-05,9.60024626692757e-05
2255,2255,0.00012032367521896958,,,,,,,,,
2256,2256,,,0.020309684798121452,0.051687657833099365,0.023712610825896263,0.008063135668635368,0.021443499252200127,0.00788631197065115,9.581859922036529e-05,9.581859922036529e-05
2256,2256,0.00012014366075163707,,,,,,,,,
2257,2257,,,0.020281588658690453,0.051622502505779266,0.023679619655013084,0.008055333979427814,0.021434852853417397,0.007880917750298977,9.563849016558379e-05,9.563849016558379e-05
2257,2257,0.00011996393732260913,,,,,,,,,
2258,2258,,,0.020253967493772507,0.05155862495303154,0.02364727482199669,0.008047297596931458,0.02142687886953354,0.007875471375882626,9.546016372041777e-05,9.546016372041777e-05
2258,2258,0.00011978543625446036,,,,,,,,,
2259,2259,,,0.02022532932460308,0.05149505287408829,0.02361389808356762,0.00803943071514368,0.02141808718442917,0.007869953289628029,9.527902875561267e-05,9.527902875561267e-05
2259,2259,0.00011960679694311693,,,,,,,,,
2260,2260,,,0.020197460427880287,0.0514310747385025,0.023581363260746002,0.00803173054009676,0.02140922285616398,0.007864626124501228,9.510132076684386e-05,9.510132076684386e-05
2260,2260,0.00011942820128751919,,,,,,,,,
2261,2261,,,0.020169436931610107,0.05136672779917717,0.023548495024442673,0.008023519068956375,0.021400827914476395,0.007858938537538052,9.491946548223495e-05,9.491946548223495e-05
2261,2261,0.0001192510753753595,,,,,,,,,
2262,2262,,,0.02014128491282463,0.05130250006914139,0.023515507578849792,0.008016069419682026,0.021392609924077988,0.007853817194700241,9.474463149672374e-05,9.474463149672374e-05
2262,2262,0.00011907324369531125,,,,,,,,,
2263,2263,,,0.020113561302423477,0.05123938247561455,0.023483052849769592,0.008008131757378578,0.02138395980000496,0.007848301902413368,9.456637053517625e-05,9.456637053517625e-05
2263,2263,0.00011889614688698202,,,,,,,,,
2264,2264,,,0.020085863769054413,0.051176294684410095,0.023450618609786034,0.008000193163752556,0.021375158801674843,0.00784273725003004,9.43878258112818e-05,9.43878258112818e-05
2264,2264,0.00011871967581100762,,,,,,,,,
2265,2265,,,0.020057950168848038,0.05111192539334297,0.02341785654425621,0.00799278449267149,0.02136695384979248,0.007837673649191856,9.421451250091195e-05,9.421451250091195e-05
2265,2265,0.00011854326294269413,,,,,,,,,
2266,2266,,,0.020030010491609573,0.05104866996407509,0.023385098204016685,0.007984567433595657,0.02135808765888214,0.007831906899809837,9.403313742950559e-05,9.403313742950559e-05
2266,2266,0.00011836768680950627,,,,,,,,,
2267,2267,,,0.020002970471978188,0.05098589137196541,0.02335328981280327,0.007977282628417015,0.021349497139453888,0.007826902903616428,9.386315650772303e-05,9.386315650772303e-05
2267,2267,0.00011819196515716612,,,,,,,,,
2268,2268,,,0.019975120201706886,0.050923217087984085,0.02332046441733837,0.0079691456630826,0.021341005340218544,0.007821171544492245,9.36836440814659e-05,9.36836440814659e-05
2268,2268,0.00011801694927271456,,,,,,,,,
2269,2269,,,0.019947687163949013,0.0508594773709774,0.023288343101739883,0.007961812429130077,0.021332958713173866,0.007816208526492119,9.351375774713233e-05,9.351375774713233e-05
2269,2269,0.00011784232628997415,,,,,,,,,
2270,2270,,,0.01991957612335682,0.05079611763358116,0.023255260661244392,0.007953885942697525,0.02132374234497547,0.007810520473867655,9.333376510767266e-05,9.333376510767266e-05
2270,2270,0.00011766771785914898,,,,,,,,,
2271,2271,,,0.01989259384572506,0.05073371157050133,0.023223508149385452,0.00794644933193922,0.02131551131606102,0.007805425673723221,9.316422801930457e-05,9.316422801930457e-05
2271,2271,0.00011749377881642431,,,,,,,,,
2272,2272,,,0.019865330308675766,0.05067138373851776,0.02319132722914219,0.007938566617667675,0.02130700647830963,0.00779992388561368,9.298938675783575e-05,9.298938675783575e-05
2272,2272,0.00011732113489415497,,,,,,,,,
2273,2273,,,0.019837966188788414,0.05060870200395584,0.023159094154834747,0.007931068539619446,0.021298043429851532,0.0077945776283741,9.281626989832148e-05,9.281626989832148e-05
2273,2273,0.00011714752326952294,,,,,,,,,
2274,2274,,,0.019810613244771957,0.050545889884233475,0.0231269970536232,0.007923713885247707,0.021289626136422157,0.00778953218832612,9.264667460229248e-05,9.264667460229248e-05
2274,2274,0.00011697516310960054,,,,,,,,,
2275,2275,,,0.01978280022740364,0.050483573228120804,0.023094139993190765,0.00791547168046236,0.021281300112605095,0.007783709559589624,9.24679625313729e-05,9.24679625313729e-05
2275,2275,0.00011680243187583983,,,,,,,,,
2276,2276,,,0.01975652389228344,0.05042094364762306,0.023063112050294876,0.007908996194601059,0.021272702142596245,0.007779293693602085,9.230828436557204e-05,9.230828436557204e-05
2276,2276,0.00011663047189358622,,,,,,,,,
2277,2277,,,0.019729068502783775,0.050360072404146194,0.023030593991279602,0.007900089956820011,0.021263645961880684,0.007772844284772873,9.212365694111213e-05,9.212365694111213e-05
2277,2277,0.00011645880294963717,,,,,,,,,
2278,2278,,,0.019702959805727005,0.050297047942876816,0.022999821230769157,0.007894015870988369,0.021255774423480034,0.007768935989588499,9.19704107218422e-05,9.19704107218422e-05
2278,2278,0.00011628770880633965,,,,,,,,,
2279,2279,,,0.019674383103847504,0.050235167145729065,0.02296595089137554,0.007885029539465904,0.021246396005153656,0.00776223698630929,9.17808065423742e-05,9.17808065423742e-05
2279,2279,0.00011611694935709238,,,,,,,,,
2280,2280,,,0.019649283960461617,0.05017276853322983,0.022936290130019188,0.007879129610955715,0.021239057183265686,0.007758555002510548,9.163336653728038e-05,9.163336653728038e-05
2280,2280,0.00011594667012104765,,,,,,,,,
2281,2281,,,0.01962151937186718,0.05011216923594475,0.022903233766555786,0.007870013825595379,0.02122928760945797,0.007751721888780594,9.144445357378572e-05,9.144445357378572e-05
2281,2281,0.00011577650002436712,,,,,,,,,
2282,2282,,,0.019595269113779068,0.05004974827170372,0.022872483357787132,0.007864421233534813,0.021221138536930084,0.00774809718132019,9.129539103014395e-05,9.129539103014395e-05
2282,2282,0.00011560660641407594,,,,,,,,,
2283,2283,,,0.01956740766763687,0.04998929798603058,0.022839456796646118,0.007855039089918137,0.021212752908468246,0.0077412924729287624,9.110815153690055e-05,9.110815153690055e-05
2283,2283,0.00011543725122464821,,,,,,,,,
2284,2284,,,0.019542362540960312,0.049926504492759705,0.022809656336903572,0.00784959364682436,0.021204272285103798,0.0077377138659358025,9.096179564949125e-05,9.096179564949125e-05
2284,2284,0.0001152687327703461,,,,,,,,,
2285,2285,,,0.01951378956437111,0.04986555874347687,0.022775668650865555,0.007840278558433056,0.02119462750852108,0.007730724755674601,9.077013964997604e-05,9.077013964997604e-05
2285,2285,0.00011509994510561228,,,,,,,,,
2286,2286,,,0.019488997757434845,0.0498041994869709,0.02274634689092636,0.007834806106984615,0.021187294274568558,0.007727385964244604,9.062864410225302e-05,9.062864410225302e-05
2286,2286,0.00011493199417600408,,,,,,,,,
2287,2287,,,0.01946108601987362,0.049744781106710434,0.022713204845786095,0.007825345732271671,0.02117788791656494,0.0077202413231134415,9.043859608937055e-05,9.043859608937055e-05
2287,2287,0.0001147641523857601,,,,,,,,,
2288,2288,,,0.01943572424352169,0.04968205839395523,0.022683313116431236,0.007820487022399902,0.021170049905776978,0.007717241998761892,9.029943612404168e-05,9.029943612404168e-05
2288,2288,0.00011459655070211738,,,,,,,,,
2289,2289,,,0.019407644867897034,0.04962163046002388,0.022649569436907768,0.007810353301465511,0.02116013504564762,0.007709577213972807,9.010166104417294e-05,9.010166104417294e-05
2289,2289,0.00011442945833550766,,,,,,,,,
2290,2290,,,0.019383400678634644,0.04956046864390373,0.02262083999812603,0.007805864326655865,0.02115285024046898,0.007706920150667429,8.997035911306739e-05,8.997035911306739e-05
2290,2290,0.00011426296987337992,,,,,,,,,
2291,2291,,,0.01935555599629879,0.04950081557035446,0.02258756011724472,0.007796024903655052,0.021143227815628052,0.007699505891650915,8.977730612969026e-05,8.977730612969026e-05
2291,2291,0.00011409665603423491,,,,,,,,,
2292,2292,,,0.019330618903040886,0.0494389645755291,0.02255813218653202,0.007790998090058565,0.02113533765077591,0.007696384564042091,8.963855361798778e-05,8.963855361798778e-05
2292,2292,0.00011393070599297062,,,,,,,,,
2293,2293,,,0.019302913919091225,0.049379292875528336,0.022524891421198845,0.007781846448779106,0.021126043051481247,0.007689422462135553,8.945220179157332e-05,8.945220179157332e-05
2293,2293,0.00011376506881788373,,,,,,,,,
2294,2294,,,0.019278518855571747,0.049318406730890274,0.022495919838547707,0.007776372600346804,0.021118735894560814,0.007686075754463673,8.9312918134965e-05,8.9312918134965e-05
2294,2294,0.00011359943891875446,,,,,,,,,
2295,2295,,,0.01925065368413925,0.049259040504693985,0.022462686523795128,0.007767259608954191,0.021108461543917656,0.007679047528654337,8.912514022085816e-05,8.912514022085816e-05
2295,2295,0.00011343485675752163,,,,,,,,,
2296,2296,,,0.019226057454943657,0.04919762536883354,0.022433552891016006,0.0077623785473406315,0.0211006011813879,0.0076759797520935535,8.898885425878689e-05,8.898885425878689e-05
2296,2296,0.00011327006359351799,,,,,,,,,
2297,2297,,,0.01919899694621563,0.04913879558444023,0.02240101993083954,0.007752746809273958,0.021091895177960396,0.007668853271752596,8.880292443791404e-05,8.880292443791404e-05
2297,2297,0.00011310639820294455,,,,,,,,,
2298,2298,,,0.01917462982237339,0.0490780808031559,0.022371897473931313,0.007748051546514034,0.021083785220980644,0.0076658474281430244,8.866823191056028e-05,8.866823191056028e-05
2298,2298,0.00011294252908555791,,,,,,,,,
2299,2299,,0.00011277891462668777,,,,,,,,
2299,2299,,,0.01914713904261589,0.04901885613799095,0.022338835522532463,0.007738529238849878,0.021074147894978523,0.007658633403480053,8.848001016303897e-05,8.848001016303897e-05
2299,2299,0.00011277891462668777,,,,,,,,,
2300,2300,,,0.019122669473290443,0.0489581823348999,0.022309979423880577,0.0077337296679615974,0.021066579967737198,0.007655725348740816,8.834678737912327e-05,8.834678737912327e-05
2300,2300,0.0001126160568674095,,,,,,,,,
2301,2301,,,0.019095037132501602,0.04889998584985733,0.022276746109128,0.007724142633378506,0.0210568830370903,0.007648377679288387,8.815799810690805e-05,8.815799810690805e-05
2301,2301,0.00011245327186770737,,,,,,,,,
2302,2302,,,0.01907213218510151,0.04883923754096031,0.022249266505241394,0.007720008492469788,0.021049562841653824,0.007646016776561737,8.803433593129739e-05,8.803433593129739e-05
2302,2302,0.00011229108349652961,,,,,,,,,
2303,2303,,,0.019044389948248863,0.04878027364611626,0.022215500473976135,0.007709383964538574,0.021039187908172607,0.007637716364115477,8.783391967881471e-05,8.783391967881471e-05
2303,2303,0.0001121290260925889,,,,,,,,,
2304,2304,,,0.019021179527044296,0.04871959611773491,0.022188227623701096,0.00770665192976594,0.02103276550769806,0.00763661228120327,8.772512228460982e-05,8.772512228460982e-05
2304,2304,0.00011196754348929971,,,,,,,,,
2305,2305,,,0.01899183727800846,0.04866299778223038,0.02215292863547802,0.00769452191889286,0.021021731197834015,0.00762692466378212,8.750776032684371e-05,8.750776032684371e-05
2305,2305,0.00011180647561559454,,,,,,,,,
2306,2306,,,0.018970929086208344,0.04860158637166023,0.02212832123041153,0.0076935552060604095,0.021015405654907227,0.007627392653375864,8.742042700760067e-05,8.742042700760067e-05
2306,2306,0.00011164511670358479,,,,,,,,,
2307,2307,,,0.01894024945795536,0.048545531928539276,0.02209070697426796,0.007679293863475323,0.021003279834985733,0.007615644950419664,8.717751188669354e-05,8.717751188669354e-05
2307,2307,0.00011148478370159864,,,,,,,,,
2308,2308,,,0.018921319395303726,0.048482295125722885,0.022068506106734276,0.0076812258921563625,0.020999958738684654,0.007618987001478672,8.712739509064704e-05,8.712739509064704e-05
2308,2308,0.00011132474901387468,,,,,,,,,
2309,2309,,,0.018888099119067192,0.048427559435367584,0.022027716040611267,0.00766333844512701,0.020985297858715057,0.007603914942592382,8.684146450832486e-05,8.684146450832486e-05
2309,2309,0.00011116459791082889,,,,,,,,,
2310,2310,,,0.018872274085879326,0.048364803194999695,0.022009827196598053,0.007669717073440552,0.020982278510928154,0.007610943168401718,8.68394854478538e-05,8.68394854478538e-05
2310,2310,0.00011100571282440796,,,,,,,,,
2311,2311,,,0.01883584074676037,0.04831215366721153,0.02196476422250271,0.007646676618605852,0.02096712775528431,0.0075914738699793816,8.65000401972793e-05,8.65000401972793e-05
2311,2311,0.00011084610741818324,,,,,,,,,
2312,2312,,,0.018823891878128052,0.048245999962091446,0.02195192687213421,0.007659377064555883,0.020967727527022362,0.007604279089719057,8.657079888507724e-05,8.65000401972793e-05
2312,2312,0.00011068779713241383,,,,,,,,,
2313,2313,,,0.018782613798975945,0.0481962114572525,0.021900145336985588,0.0076286024414002895,0.020946867763996124,0.0075775086879730225,8.613851969130337e-05,8.613851969130337e-05
2313,2313,0.00011052995250793174,,,,,,,,,
2314,2314,,,0.018777985125780106,0.04812852293252945,0.02189716137945652,0.007651345804333687,0.020952658727765083,0.007599504664540291,8.632848766865209e-05,8.613851969130337e-05
2314,2314,0.00011037194781238213,,,,,,,,,
2315,2315,,,0.018727904185652733,0.048083290457725525,0.02183372899889946,0.007607952691614628,0.0209270641207695,0.007561461068689823,8.575413085054606e-05,8.575413085054606e-05
2315,2315,0.00011021525278920308,,,,,,,,,
2316,2316,,,0.018734009936451912,0.0480075404047966,0.021844562143087387,0.007646892219781876,0.020939067006111145,0.007597828283905983,8.612412784714252e-05,8.575413085054606e-05
2316,2316,0.00011005884152837098,,,,,,,,,
2317,2317,,,0.018670735880732536,0.04797029867768288,0.021763451397418976,0.007583282422274351,0.020904049277305603,0.007541536819189787,8.532051288057119e-05,8.532051288057119e-05
2317,2317,0.00010990363080054522,,,,,,,,,
2318,2318,,,0.018694445490837097,0.04788825660943985,0.02179798111319542,0.007648287806659937,0.020929358899593353,0.007601513061672449,8.599272405263036e-05,8.532051288057119e-05
2318,2318,0.00010974989709211513,,,,,,,,,
2319,2319,,,0.01860874891281128,0.047862689942121506,0.02168709598481655,0.007552100345492363,0.020878111943602562,0.007515646051615477,8.481452096020803e-05,8.481452096020803e-05
2319,2319,0.00010959913197439164,,,,,,,,,
2320,2320,,,0.01866152696311474,0.04776405170559883,0.02175951935350895,0.007660141214728355,0.020922336727380753,0.007614095229655504,8.597310807090253e-05,8.481452096020803e-05
2320,2320,0.00010945100075332448,,,,,,,,,
2321,2321,,,0.018539942800998688,0.04775689169764519,0.02160029299557209,0.007510179188102484,0.02084648609161377,0.007479771040380001,8.418444485869259e-05,8.418444485869259e-05
2321,2321,0.00010930855933111161,,,,,,,,,
2322,2322,,,0.01863989047706127,0.04763646423816681,0.021735509857535362,0.0076905530877411366,0.020924238488078117,0.0076428609900176525,8.616338891442865e-05,8.418444485869259e-05
2322,2322,0.00010917516192421317,,,,,,,,,
2323,2323,,,0.018458116799592972,0.04766345024108887,0.02149578183889389,0.0074518960900604725,0.02080480568110943,0.0074282255955040455,8.336221799254417e-05,8.336221799254417e-05
2323,2323,0.00010905622184509411,,,,,,,,,
2324,2324,,,0.01863841526210308,0.04750213772058487,0.021736659109592438,0.007754984777420759,0.02093799039721489,0.007700448390096426,8.672686817590147e-05,8.336221799254417e-05
2324,2324,0.00010896166349994019,,,,,,,,,
2325,2325,,,0.01835673302412033,0.047581467777490616,0.02136075682938099,0.007370356470346451,0.020747778937220573,0.007353057153522968,8.225225610658526e-05,8.225225610658526e-05
2325,2325,0.00010890715202549472,,,,,,,,,
2326,2326,,,0.01867447979748249,0.047355588525533676,0.02178155817091465,0.00788640696555376,0.020975252613425255,0.007813915610313416,8.802401134744287e-05,8.225225610658526e-05
2326,2326,0.00010892104910453781,,,,,,,,,
2327,2327,,,0.018224909901618958,0.04753104969859123,0.021174587309360504,0.007262717466801405,0.020660245791077614,0.007246016059070826,8.076158701442182e-05,8.076158701442182e-05
2327,2327,0.00010905312228715047,,,,,,,,,
2328,2328,,,0.018783997744321823,0.047198161482810974,0.021908150985836983,0.00815690215677023,0.021052636206150055,0.008039744570851326,9.0847781393677e-05,8.076158701442182e-05
2328,2328,0.0001093871469493024,,,,,,,,,
2329,2329,,,0.018051089718937874,0.0475413016974926,0.020901137962937355,0.007158882915973663,0.02052588388323784,0.007116848602890968,7.901796197984368e-05,7.901796197984368e-05
2329,2329,0.00011006994463969022,,,,,,,,,
2330,2330,,,0.01904141902923584,0.04703386873006821,0.02218213491141796,0.008727239444851875,0.021203942596912384,0.00850254762917757,9.707446588436142e-05,7.901796197984368e-05
2330,2330,0.00011136239481857046,,,,,,,,,
2331,2331,,,0.017847595736384392,0.04768902808427811,0.020490329712629318,0.007219346240162849,0.020304663106799126,0.00705600343644619,7.808019290678203e-05,7.808019290678203e-05
2331,2331,0.00011371087748557329,,,,,,,,,
2332,2332,,,0.019622471183538437,0.04691937565803528,0.02274128422141075,0.009946624748408794,0.021491697058081627,0.009472604840993881,0.00011147689656354487,7.808019290678203e-05
2332,2332,0.00011791105498559773,,,,,,,,,
2333,2333,,,0.017724517732858658,0.04815820977091789,0.01989077962934971,0.007987669669091702,0.019949086010456085,0.007432003505527973,8.235948189394549e-05,7.808019290678203e-05
2333,2333,0.00012527851504273713,,,,,,,,,
2334,2334,,,0.020905088633298874,0.04706069454550743,0.023835280910134315,0.012439006008207798,0.02202473394572735,0.01144643034785986,0.00014584101154468954,7.808019290678203e-05
2334,2334,0.00013809349911753088,,,,,,,,,
2335,2335,,,0.018108000978827477,0.04934953525662422,0.01915331371128559,0.010519200935959816,0.019407425075769424,0.009106394834816456,0.00010514815949136391,7.808019290678203e-05
2335,2335,0.00015968229854479432,,,,,,,,,
2336,2336,,,0.023497506976127625,0.047987423837184906,0.025809703394770622,0.016816329210996628,0.02295089326798916,0.014942697249352932,0.00022307537437882274,7.808019290678203e-05
2336,2336,0.0001951193844433874,,,,,,,,,
2337,2337,,,0.019807640463113785,0.05171649158000946,0.01865224540233612,0.015249865129590034,0.018723854795098305,0.012632575817406178,0.0001690027565928176,7.808019290678203e-05
2337,2337,0.0002488452009856701,,,,,,,,,
2338,2338,,,0.027397017925977707,0.05011835694313049,0.028567997738718987,0.022282326593995094,0.024226641282439232,0.01934799551963806,0.00035067388671450317,7.808019290678203e-05
2338,2338,0.0003237531636841595,,,,,,,,,
2339,2339,,,0.022344505414366722,0.05422678217291832,0.018786916509270668,0.0196942500770092,0.01816408336162567,0.016093282029032707,0.0002525852178223431,7.808019290678203e-05
2339,2339,0.000408587628044188,,,,,,,,,
2340,2340,,,0.029620308429002762,0.05143735930323601,0.030091237276792526,0.02448984608054161,0.02497223950922489,0.02112625539302826,0.0004135592607781291,7.808019290678203e-05
2340,2340,0.0004795119457412511,,,,,,,,,
2341,2341,,,0.021768834441900253,0.05294995382428169,0.018763672560453415,0.018028095364570618,0.018132854253053665,0.014753074385225773,0.0002182839234592393,7.808019290678203e-05
2341,2341,0.0004905825480818748,,,,,,,,,
2342,2342,,,0.025474047288298607,0.048709411174058914,0.027226604521274567,0.017996471375226974,0.023663682863116264,0.015891723334789276,0.00025119699421338737,7.808019290678203e-05
2342,2342,0.00041911235894076526,,,,,,,,,
2343,2343,,,0.018115784972906113,0.04798690229654312,0.019705992192029953,0.009010796435177326,0.019358789548277855,0.008011670783162117,8.97553691174835e-05,7.808019290678203e-05
2343,2343,0.00028365489561110735,,,,,,,,,
2344,2344,,,0.018703104928135872,0.04661271721124649,0.021764403209090233,0.007590629160404205,0.020803537219762802,0.007573673035949469,8.476912626065314e-05,7.808019290678203e-05
2344,2344,0.0001571700267959386,,,,,,,,,
2345,2345,,,0.020888030529022217,0.04675319045782089,0.023824406787753105,0.01119923684746027,0.021930404007434845,0.010486561805009842,0.00012950229574926198,7.808019290678203e-05
2345,2345,0.0001059221031027846,,,,,,,,,
2346,2346,,,0.018637673929333687,0.04916694015264511,0.018995966762304306,0.011468345299363136,0.01886282116174698,0.009674563072621822,0.0001144182970165275,7.808019290678203e-05
2346,2346,0.00014074871432967484,,,,,,,,,
2347,2347,,,0.024671703577041626,0.04815131798386574,0.026597654446959496,0.017246467992663383,0.023453161120414734,0.015332140028476715,0.000234846884268336,7.808019290678203e-05
2347,2347,0.00021485058823600411,,,,,,,,,
2348,2348,,,0.01900855079293251,0.04981646314263344,0.0186298917979002,0.0127933444455266,0.018722841516137123,0.010666017420589924,0.00013101170770823956,7.808019290678203e-05
2348,2348,0.00026354938745498657,,,,,,,,,
2349,2349,,0.00025038098101504147,,,,,,,,
2349,2349,,,0.021956680342555046,0.046901825815439224,0.024538103491067886,0.014086066745221615,0.022420646622776985,0.012760915793478489,0.00017237025895155966,7.808019290678203e-05
2349,2349,0.00025038098101504147,,,,,,,,,
2350,2350,,,0.017405837774276733,0.046948958188295364,0.01967424340546131,0.007508210837841034,0.019908778369426727,0.007145651150494814,7.761550659779459e-05,7.761550659779459e-05
2350,2350,0.00018759294471237808,,,,,,,,,
2351,2351,,,0.01772299036383629,0.04615418240427971,0.020623842254281044,0.007304041180759668,0.020502982661128044,0.0073055848479270935,7.936140900710598e-05,7.761550659779459e-05
2351,2351,0.0001250689965672791,,,,,,,,,
2352,2352,,,0.01956189051270485,0.04603823646903038,0.0225553996860981,0.01058444008231163,0.021526416763663292,0.009972268715500832,0.00011812938464572653,7.761550659779459e-05
2352,2352,0.00010515670874156058,,,,,,,,,
2353,2353,,,0.01760760322213173,0.047680869698524475,0.01878630928695202,0.009520081803202629,0.019300876185297966,0.00832667388021946,9.278790093958378e-05,7.761550659779459e-05
2353,2353,0.0001305698970099911,,,,,,,,,
2354,2354,,,0.02159215323626995,0.0465942919254303,0.02415243349969387,0.013761024922132492,0.022405102849006653,0.012512711808085442,0.00016649518511258066,7.761550659779459e-05
2354,2354,0.0001688874326646328,,,,,,,,,
2355,2355,,,0.01756875216960907,0.04734466224908829,0.018727045506238937,0.009448670782148838,0.019205830991268158,0.008243707939982414,9.15239070309326e-05,7.761550659779459e-05
2355,2355,0.00018395834194961935,,,,,,,,,
2356,2356,,,0.01949424296617508,0.04576278105378151,0.022448506206274033,0.010265029966831207,0.02163497544825077,0.009759332053363323,0.00011457256914582103,7.761550659779459e-05
2356,2356,0.00016483508807141334,,,,,,,,,
2357,2357,,,0.017392324283719063,0.045698583126068115,0.020130598917603493,0.007215242832899094,0.02027830481529236,0.007129129022359848,7.675166853005067e-05,7.675166853005067e-05
2357,2357,0.00012936777784489095,,,,,,,,,
2358,2358,,,0.017240025103092194,0.04569525271654129,0.019857456907629967,0.007101576775312424,0.020155468955636024,0.007001361809670925,7.504050154238939e-05,7.504050154238939e-05
2358,2358,0.00010595825006021187,,,,,,,,,
2359,2359,,,0.019304614514112473,0.045415375381708145,0.022217942401766777,0.010182619094848633,0.02156727761030197,0.009687948040664196,0.00011289000394754112,7.504050154238939e-05
2359,2359,0.00010844401549547911,,,,,,,,,
2360,2360,,,0.017246410250663757,0.04643916338682175,0.018813394010066986,0.008446188643574715,0.019425587728619576,0.007626147475093603,8.255592547357082e-05,7.504050154238939e-05
2360,2360,0.0001276054244954139,,,,,,,,,
2361,2361,,,0.019893504679203033,0.04541705176234245,0.022677069529891014,0.011218477971851826,0.02180737815797329,0.010505592450499535,0.00012666606926359236,7.504050154238939e-05
2361,2361,0.00014288858801592141,,,,,,,,,
2362,2362,,,0.017045151442289352,0.04585030674934387,0.01913503371179104,0.0075647467747330666,0.01972869783639908,0.007136783562600613,7.623185229022056e-05,7.504050154238939e-05
2362,2362,0.000140861957333982,,,,,,,,,
2363,2363,,,0.01822267845273018,0.045025959610939026,0.021177852526307106,0.008510156534612179,0.02093811333179474,0.008331375196576118,9.18157966225408e-05,7.504050154238939e-05
2363,2363,0.00012466985208448023,,,,,,,,,
2364,2364,,,0.017693238332867622,0.04505988210439682,0.020592350512742996,0.007500731386244297,0.02065005898475647,0.00751800462603569,8.102252468233928e-05,7.504050154238939e-05
2364,2364,0.00010818893497344106,,,,,,,,,
2365,2365,,,0.017142383381724358,0.04532456398010254,0.01966911368072033,0.007100176531821489,0.020033495500683784,0.006975764408707619,7.42850243113935e-05,7.42850243113935e-05
2365,2365,0.0001031150168273598,,,,,,,,,
2366,2366,,,0.019030645489692688,0.045027151703834534,0.02193320356309414,0.009756701998412609,0.021303102374076843,0.009336673654615879,0.00010687009489629418,7.42850243113935e-05
2366,2366,0.00011000089580193162,,,,,,,,,
2367,2367,,,0.01707307994365692,0.045602213591337204,0.019199742004275322,0.00753704784438014,0.01971837505698204,0.007125056814402342,7.601135439472273e-05,7.42850243113935e-05
2367,2367,0.00011998636182397604,,,,,,,,,
2368,2368,,,0.01895441673696041,0.04493767395615578,0.02185160294175148,0.009572797454893589,0.021277055144309998,0.009198693558573723,0.00010468654363648966,7.42850243113935e-05
2368,2368,0.00012360114487819374,,,,,,,,,
2369,2369,,,0.017151804640889168,0.04511948302388191,0.019644029438495636,0.007103786803781986,0.019975923001766205,0.006984689738601446,7.414350693579763e-05,7.414350693579763e-05
2369,2369,0.00011823060049209744,,,,,,,,,
2370,2370,,,0.017753902822732925,0.044782865792512894,0.020634206011891365,0.007601604331284761,0.020653419196605682,0.007613505702465773,8.19541746750474e-05,7.414350693579763e-05
2370,2370,0.00010889265104196966,,,,,,,,,
2371,2371,,,0.017797401174902916,0.04472646117210388,0.020679809153079987,0.007793966215103865,0.02064775861799717,0.007750502321869135,8.361438813153654e-05,7.414350693579763e-05
2371,2371,0.00010271337669109926,,,,,,,,,
2372,2372,,,0.017065612599253654,0.044995300471782684,0.019565531983971596,0.007058171555399895,0.019980233162641525,0.0069598001427948475,7.363819167949259e-05,7.363819167949259e-05
2372,2372,0.00010308300261385739,,,,,,,,,
2373,2373,,,0.018452679738402367,0.044689618051052094,0.02136079967021942,0.008915625512599945,0.021089943125844002,0.008685944601893425,9.65041690506041e-05,7.363819167949259e-05
2373,2373,0.00010781973833218217,,,,,,,,,
2374,2374,,,0.016938043758273125,0.04505021870136261,0.0192788727581501,0.007173201534897089,0.019829265773296356,0.006962925661355257,7.35387293389067e-05,7.35387293389067e-05
2374,2374,0.00011191590601811185,,,,,,,,,
2375,2375,,,0.018127022311091423,0.044584009796381,0.021035553887486458,0.008519344963133335,0.020918970927596092,0.00836049672216177,9.157301246887073e-05,7.35387293389067e-05
2375,2375,0.00011186847405042499,,,,,,,,,
2376,2376,,,0.017047353088855743,0.0447237528860569,0.019685084000229836,0.007003511302173138,0.020152775570750237,0.007011934649199247,7.392744009848684e-05,7.35387293389067e-05
2376,2376,0.0001079899666365236,,,,,,,,,
2377,2377,,,0.01734788529574871,0.044538430869579315,0.020142819732427597,0.007390227634459734,0.02041890099644661,0.007402484305202961,7.858688331907615e-05,7.35387293389067e-05
2377,2377,0.0001034238375723362,,,,,,,,,
2378,2378,,,0.017562372609972954,0.04446416720747948,0.02041276916861534,0.007667524740099907,0.020608266815543175,0.007670251186937094,8.195443660952151e-05,7.35387293389067e-05
2378,2378,0.00010120963270310313,,,,,,,,,
2379,2379,,,0.01695198193192482,0.044648464769124985,0.019486673176288605,0.006971928756684065,0.02003646083176136,0.006955726072192192,7.303057645913213e-05,7.303057645913213e-05
2379,2379,0.00010210742038907483,,,,,,,,,
2380,2380,,,0.01794082298874855,0.044377803802490234,0.020814351737499237,0.008365155197679996,0.020814917981624603,0.008236770518124104,8.943529246607795e-05,7.303057645913213e-05
2380,2380,0.000104526559880469,,,,,,,,,
2381,2381,,,0.016911474987864494,0.044634684920310974,0.019386237487196922,0.0069572473876178265,0.019978422671556473,0.006921347230672836,7.25738937035203e-05,7.25738937035203e-05
2381,2381,0.00010612605547066778,,,,,,,,,
2382,2382,,,0.017743300646543503,0.04430929198861122,0.020599806681275368,0.008007830008864403,0.02069057524204254,0.007951915264129639,8.547544712200761e-05,7.25738937035203e-05
2382,2382,0.00010562720126472414,,,,,,,,,
2383,2383,,,0.017075492069125175,0.04439207911491394,0.019722983241081238,0.007064364850521088,0.020161660388112068,0.007095155771821737,7.452013232978061e-05,7.25738937035203e-05
2383,2383,0.00010349655349273235,,,,,,,,,
2384,2384,,,0.017271751537919044,0.044283438473939896,0.02002882957458496,0.007263714913278818,0.02037336491048336,0.0073209479451179504,7.725802424829453e-05,7.25738937035203e-05
2384,2384,0.0001012694337987341,,,,,,,,,
2385,2385,,,0.017425961792469025,0.04420369490981102,0.020223230123519897,0.007544835563749075,0.020462336018681526,0.007556709460914135,8.014444028958678e-05,7.25738937035203e-05
2385,2385,0.00010024713265011087,,,,,,,,,
2386,2386,,,0.016967086121439934,0.04430650174617767,0.01955111138522625,0.006987310480326414,0.02005920559167862,0.0070092035457491875,7.331983943004161e-05,7.25738937035203e-05
2386,2386,0.00010066448885481805,,,,,,,,,
2387,2387,,,0.017640430480241776,0.0441012978553772,0.020471930503845215,0.007913274690508842,0.020633405074477196,0.00787719152867794,8.421782695222646e-05,7.25738937035203e-05
2387,2387,0.0001017590839182958,,,,,,,,,
2388,2388,,,0.016895683482289314,0.04424457252025604,0.019428472965955734,0.006962843704968691,0.019989199936389923,0.006969409994781017,7.270938658621162e-05,7.25738937035203e-05
2388,2388,0.0001024771190714091,,,,,,,,,
2389,2389,,,0.01749439723789692,0.04401405528187752,0.02029988542199135,0.007744018919765949,0.020524032413959503,0.007729167118668556,8.211695239879191e-05,7.25738937035203e-05
2389,2389,0.00010223211575066671,,,,,,,,,
2390,2390,,,0.01699407398700714,0.04408034682273865,0.019632767885923386,0.007030058186501265,0.020137280225753784,0.007088004611432552,7.401470065815374e-05,7.25738937035203e-05
2390,2390,0.0001011957210721448,,,,,,,,,
2391,2391,,,0.017176121473312378,0.04397062957286835,0.019900700077414513,0.007300978526473045,0.020288342610001564,0.007339842617511749,7.703866867814213e-05,7.25738937035203e-05
2391,2391,0.00010003007628256455,,,,,,,,,
2392,2392,,,0.017213644459843636,0.043924521654844284,0.0199571643024683,0.0073463995940983295,0.020333368331193924,0.007391456514596939,7.76401866460219e-05,7.25738937035203e-05
2392,2392,9.9348442745395e-05,,,,,,,,,
2393,2393,,,0.0169341079890728,0.04396782070398331,0.019554222002625465,0.007006583735346794,0.02009139396250248,0.007062558550387621,7.354558329097927e-05,7.25738937035203e-05
2393,2393,9.934147237800062e-05,,,,,,,,,
2394,2394,,,0.017356012016534805,0.0438278466463089,0.020136823877692223,0.0076425825245678425,0.020443236455321312,0.007641309406608343,8.069583418546245e-05,7.25738937035203e-05
2394,2394,9.97484676190652e-05,,,,,,,,,
2395,2395,,,0.016838936135172844,0.04391851648688316,0.019415952265262604,0.006935714278370142,0.020027294754981995,0.006992205511778593,7.257406105054542e-05,7.25738937035203e-05
2395,2395,0.00010010966070694849,,,,,,,,,
2396,2396,,,0.01727776788175106,0.04374341666698456,0.020046493038535118,0.007577821146696806,0.020409192889928818,0.007591778878122568,7.98953406047076e-05,7.25738937035203e-05
2396,2396,0.00010008937533712015,,,,,,,,,
2397,2397,,,0.0168605986982584,0.04378356784582138,0.019476864486932755,0.007012857124209404,0.02008199319243431,0.007077973335981369,7.342008029809222e-05,7.25738937035203e-05
2397,2397,9.965506615117192e-05,,,,,,,,,
2398,2398,,,0.01705055683851242,0.04367568716406822,0.01976732909679413,0.0072815739549696445,0.020280441269278526,0.007344913203269243,7.660889241378754e-05,7.25738937035203e-05
2398,2398,9.903412137646228e-05,,,,,,,,,
2399,2399,,9.851809591054916e-05,,,,,,,,
2399,2399,,,0.016957689076662064,0.04363881051540375,0.019643740728497505,0.007201226893812418,0.020203355699777603,0.007264977321028709,7.552170427516103e-05,7.25738937035203e-05
2399,2399,9.851809591054916e-05,,,,,,,,,
2400,2400,,,0.016834739595651627,0.04362151771783829,0.019472718238830566,0.007057480048388243,0.020116010680794716,0.007132982835173607,7.383988122455776e-05,7.25738937035203e-05
2400,2400,9.828268230194226e-05,,,,,,,,,
2401,2401,,,0.0170485470443964,0.04352268576622009,0.01977529376745224,0.007386127486824989,0.02031354047358036,0.007436721585690975,7.75308144511655e-05,7.25738937035203e-05
2401,2401,9.8309843451716e-05,,,,,,,,,
2402,2402,,,0.016722315922379494,0.04355078935623169,0.019306788221001625,0.0069716256111860275,0.02002231776714325,0.007041221018880606,7.260056008817628e-05,7.25738937035203e-05
2402,2402,9.843836596701294e-05,,,,,,,,,
2403,2403,,,0.017038218677043915,0.04341815039515495,0.019761741161346436,0.0074288020841777325,0.020311450585722923,0.007470497861504555,7.782442844472826e-05,7.25738937035203e-05
2403,2403,9.848516492638737e-05,,,,,,,,,
2404,2404,,,0.016705308109521866,0.04344029352068901,0.019295690581202507,0.006972673814743757,0.020038118585944176,0.007052198052406311,7.261359132826328e-05,7.25738937035203e-05
2404,2404,9.835143282543868e-05,,,,,,,,,
2405,2405,,,0.016922224313020706,0.04332330450415611,0.019610047340393066,0.007304709870368242,0.02022605948150158,0.007358259987086058,7.628400635439903e-05,7.25738937035203e-05
2405,2405,9.805949230212718e-05,,,,,,,,,
2406,2406,,,0.01675715669989586,0.043304409831762314,0.019382786005735397,0.007068229373544455,0.020099742338061333,0.007149897515773773,7.366114004980773e-05,7.25738937035203e-05
2406,2406,9.771419718163088e-05,,,,,,,,,
2407,2407,,,0.016775015741586685,0.04324004054069519,0.019409017637372017,0.0071187508292496204,0.02011987939476967,0.007195027079433203,7.414380525005981e-05,7.25738937035203e-05
2407,2407,9.742696420289576e-05,,,,,,,,,
2408,2408,,,0.016824370250105858,0.04317065328359604,0.019477955996990204,0.007216742727905512,0.02016587182879448,0.007282684091478586,7.515271136071533e-05,7.25738937035203e-05
2408,2408,9.725896234158427e-05,,,,,,,,,
2409,2409,,,0.016661206260323524,0.0431557297706604,0.019246142357587814,0.006995173171162605,0.020033659413456917,0.0070823910646140575,7.264668238349259e-05,7.25738937035203e-05
2409,2409,9.719789522932842e-05,,,,,,,,,
2410,2410,,,0.01684705726802349,0.04305855929851532,0.01950862631201744,0.007297541946172714,0.020194806158542633,0.007354610599577427,7.591416942887008e-05,7.25738937035203e-05
2410,2410,9.718073852127418e-05,,,,,,,,,
2411,2411,,,0.016603544354438782,0.04305985942482948,0.019165292382240295,0.006967957131564617,0.019996438175439835,0.007054102141410112,7.217261008918285e-05,7.217261008918285e-05
2411,2411,9.713607869343832e-05,,,,,,,,,
2412,2412,,,0.0167948380112648,0.042959317564964294,0.019443241879343987,0.007261170540004969,0.020175300538539886,0.007327384781092405,7.544031541328877e-05,7.217261008918285e-05
2412,2412,9.702223906060681e-05,,,,,,,,,
2413,2413,,,0.016593996435403824,0.04294348508119583,0.019161198288202286,0.0070022596046328545,0.02000577747821808,0.007088427897542715,7.243880827445537e-05,7.217261008918285e-05
2413,2413,9.684108226792887e-05,,,,,,,,,
2414,2414,,,0.016692176461219788,0.042865097522735596,0.019307177513837814,0.007160539738833904,0.02010919712483883,0.007239027880132198,7.42042830097489e-05,7.217261008918285e-05
2414,2414,9.662540105637163e-05,,,,,,,,,
2415,2415,,,0.016612481325864792,0.04282602295279503,0.01919778622686863,0.00706885289400816,0.02005101554095745,0.007157192565500736,7.31303880456835e-05,7.217261008918285e-05
2415,2415,9.641992801334709e-05,,,,,,,,,
2416,2416,,,0.016580738127231598,0.04277653619647026,0.019154494628310204,0.007056900300085545,0.020028039813041687,0.007143668830394745,7.288951746886596e-05,7.217261008918285e-05
2416,2416,9.625450184103101e-05,,,,,,,,,
2417,2417,,,0.016626283526420593,0.04271472245454788,0.01922355405986309,0.007143841590732336,0.02008373849093914,0.00722645316272974,7.383472984656692e-05,7.217261008918285e-05
2417,2417,9.613606380298734e-05,,,,,,,,,
2418,2418,,,0.01649520732462406,0.0426899716258049,0.019037509337067604,0.006982621271163225,0.019976645708084106,0.0070775761269032955,7.19570743967779e-05,7.19570743967779e-05
2418,2418,9.604882507119328e-05,,,,,,,,,
2419,2419,,,0.01661054603755474,0.04261204972863197,0.01920527219772339,0.00718266237527132,0.02008366771042347,0.007258220110088587,7.408733654301614e-05,7.19570743967779e-05
2419,2419,9.59677345235832e-05,,,,,,,,,
2420,2420,,,0.01644495315849781,0.04259616136550903,0.018972883000969887,0.006957353558391333,0.0199517123401165,0.0070559801533818245,7.156767969718203e-05,7.156767969718203e-05
2420,2420,9.586917440174147e-05,,,,,,,,,
2421,2421,,,0.016557561233639717,0.04251837730407715,0.019138939678668976,0.007156287785619497,0.02005946636199951,0.007235342636704445,7.367767830146477e-05,7.156767969718203e-05
2421,2421,9.57446318352595e-05,,,,,,,,,
2422,2422,,,0.016422051936388016,0.04249440133571625,0.018949640914797783,0.006979744881391525,0.019951460883021355,0.007076289504766464,7.16781651135534e-05,7.156767969718203e-05
2422,2422,9.55962750595063e-05,,,,,,,,,
2423,2423,,,0.01647883653640747,0.04243065416812897,0.01903693564236164,0.00708715571090579,0.020014449954032898,0.0071763405576348305,7.282337173819542e-05,7.156767969718203e-05
2423,2423,9.543773921905085e-05,,,,,,,,,
2424,2424,,,0.016414988785982132,0.0423908494412899,0.018948402255773544,0.0070233456790447235,0.019966769963502884,0.007117160130292177,7.203624409157783e-05,7.156767969718203e-05
2424,2424,9.528308146400377e-05,,,,,,,,,
2425,2425,,,0.01639615371823311,0.04234218969941139,0.018926022574305534,0.007019115146249533,0.019963474944233894,0.007115774787962437,7.195078069344163e-05,7.156767969718203e-05
2425,2425,9.514259727438912e-05,,,,,,,,,
2426,2426,,,0.01640658639371395,0.04228847846388817,0.018944209441542625,0.007061474025249481,0.019981952384114265,0.0071546598337590694,7.235334487631917e-05,7.156767969718203e-05
2426,2426,9.501884051132947e-05,,,,,,,,,
2427,2427,,,0.016328250989317894,0.0422532744705677,0.018832528963685036,0.0069715348072350025,0.019920218735933304,0.007072336971759796,7.129309233278036e-05,7.129309233278036e-05
2427,2427,9.490816592006013e-05,,,,,,,,,
2428,2428,,,0.016386570408940315,0.042191602289676666,0.018921250477433205,0.007081774994730949,0.019985631108283997,0.007174639496952295,7.246702443808317e-05,7.129309233278036e-05
2428,2428,9.480222797719762e-05,,,,,,,,,
2429,2429,,,0.016278019174933434,0.04216253012418747,0.01876712590456009,0.00694525009021163,0.019895361736416817,0.007050442975014448,7.090042345225811e-05,7.090042345225811e-05
2429,2429,9.469375072512776e-05,,,,,,,,,
2430,2430,,,0.016347652301192284,0.04209962859749794,0.01887224055826664,0.007076605223119259,0.019967298954725266,0.007169597782194614,7.22771801520139e-05,7.090042345225811e-05
2430,2430,9.457789565203711e-05,,,,,,,,,
2431,2431,,,0.01624743454158306,0.042070064693689346,0.018730225041508675,0.006942703388631344,0.019888639450073242,0.007050957065075636,7.078606722643599e-05,7.078606722643599e-05
2431,2431,9.445327305002138e-05,,,,,,,,,
2432,2432,,,0.01629628986120224,0.042009275406599045,0.018803928047418594,0.007044068071991205,0.01993810571730137,0.007141555193811655,7.181428372859955e-05,7.078606722643599e-05
2432,2432,9.432224760530517e-05,,,,,,,,,
2433,2433,,,0.01622721366584301,0.041972000151872635,0.018707431852817535,0.006960676051676273,0.01988578774034977,0.007067704573273659,7.086127152433619e-05,7.078606722643599e-05
2433,2433,9.418863919563591e-05,,,,,,,,,
2434,2434,,,0.016236599534749985,0.04192149639129639,0.01872507855296135,0.006998203229159117,0.01990492083132267,0.0071027507074177265,7.122292299754918e-05,7.078606722643599e-05
2434,2434,9.405681339558214e-05,,,,,,,,,
2435,2435,,,0.016209280118346214,0.04187731072306633,0.018688075244426727,0.006983534898608923,0.01988592930138111,0.0070886192843317986,7.098881178535521e-05,7.078606722643599e-05
2435,2435,9.392940410180017e-05,,,,,,,,,
2436,2436,,,0.0161784328520298,0.041833698749542236,0.018646549433469772,0.006958123296499252,0.01986805722117424,0.00706717511638999,7.066984107950702e-05,7.066984107950702e-05
2436,2436,9.380818664794788e-05,,,,,,,,,
2437,2437,,,0.016187086701393127,0.04178270325064659,0.01866237074136734,0.0069974386133253574,0.019885271787643433,0.007102548610419035,7.103493408067152e-05,7.066984107950702e-05
2437,2437,9.369069448439404e-05,,,,,,,,,
2438,2438,,,0.016126858070492744,0.04174439609050751,0.018577467650175095,0.00693069351837039,0.01983797363936901,0.00704219751060009,7.024699880275875e-05,7.024699880275875e-05
2438,2438,9.357625094708055e-05,,,,,,,,,
2439,2439,,,0.016155708581209183,0.04169149696826935,0.018624046817421913,0.0069998945109546185,0.01987415924668312,0.007105466444045305,7.09454616298899e-05,7.024699880275875e-05
2439,2439,9.34624404180795e-05,,,,,,,,,
2440,2440,,,0.016083402559161186,0.041656337678432465,0.018521113321185112,0.006913705263286829,0.019816115498542786,0.0070276763290166855,6.995083822403103e-05,6.995083822403103e-05
2440,2440,9.334700007457286e-05,,,,,,,,,
2441,2441,,,0.016116637736558914,0.04160213842988014,0.018574001267552376,0.00699115265160799,0.019856350496411324,0.0070977541618049145,7.073063898133114e-05,6.995083822403103e-05
2441,2441,9.322974074166268e-05,,,,,,,,,
2442,2442,,,0.016047175973653793,0.04156545549631119,0.01847582496702671,0.006906965281814337,0.01980174332857132,0.007023045793175697,6.977196608204395e-05,6.977196608204395e-05
2442,2442,9.311009489465505e-05,,,,,,,,,
2443,2443,,,0.016070540994405746,0.04151362553238869,0.01851394772529602,0.006971086375415325,0.01983141340315342,0.007080276031047106,7.039565389277413e-05,6.977196608204395e-05
2443,2443,9.298836812376976e-05,,,,,,,,,
2444,2444,,,0.016017459332942963,0.0414760522544384,0.018439417704939842,0.006909633986651897,0.019791914150118828,0.007026404142379761,6.969182140892372e-05,6.969182140892372e-05
2444,2444,9.286715794587508e-05,,,,,,,,,
2445,2445,,,0.01602306216955185,0.041427429765462875,0.018451571464538574,0.0069441539235413074,0.019805699586868286,0.007057598792016506,7.000420009717345e-05,6.969182140892372e-05
2445,2445,9.27452347241342e-05,,,,,,,,,
2446,2446,,,0.015989577397704124,0.04138486459851265,0.01840527169406414,0.006916076876223087,0.019781891256570816,0.007032536901533604,6.964339263504371e-05,6.964339263504371e-05
2446,2446,9.262457024306059e-05,,,,,,,,,
2447,2447,,,0.01597657985985279,0.04134029522538185,0.018389476463198662,0.0069178687408566475,0.019778989255428314,0.007035067304968834,6.961638428037986e-05,6.961638428037986e-05
2447,2447,9.250540460925549e-05,,,,,,,,,
2448,2448,,,0.015962732955813408,0.041296638548374176,0.018372325226664543,0.0069201127626001835,0.01977413520216942,0.00703716604039073,6.958458106964827e-05,6.958458106964827e-05
2448,2448,9.238782513421029e-05,,,,,,,,,
2449,2449,,9.227187547367066e-05,,,,,,,,
2449,2449,,,0.015932580456137657,0.04125466197729111,0.018331043422222137,0.0068961759097874165,0.01975315436720848,0.007015963550657034,6.92724934197031e-05,6.92724934197031e-05
2449,2449,9.227187547367066e-05,,,,,,,,,
2450,2450,,,0.0159326009452343,0.041207946836948395,0.01833462156355381,0.006920145358890295,0.0197624359279871,0.007038002368062735,6.947771908016875e-05,6.92724934197031e-05
2450,2450,9.215629688696936e-05,,,,,,,,,
2451,2451,,,0.015891876071691513,0.04116716980934143,0.018276790156960487,0.006878838874399662,0.019732119515538216,0.007001211401075125,6.898152059875429e-05,6.898152059875429e-05
2451,2451,9.20407910598442e-05,,,,,,,,,
2452,2452,,,0.015899844467639923,0.04111923277378082,0.01829235628247261,0.006916039623320103,0.019747227430343628,0.007034766022115946,6.932246469659731e-05,6.898152059875429e-05
2452,2452,9.192601282848045e-05,,,,,,,,,
2453,2453,,,0.015853460878133774,0.04107978567481041,0.01822659745812416,0.006865309551358223,0.0197122972458601,0.006989998742938042,6.873130769236013e-05,6.873130769236013e-05
2453,2453,9.1810870799236e-05,,,,,,,,,
2454,2454,,,0.01586320251226425,0.0410316064953804,0.01824505627155304,0.006907863076776266,0.01973092555999756,0.007028015796095133,6.912479148013517e-05,6.873130769236013e-05
2454,2454,9.169583063339815e-05,,,,,,,,,
2455,2455,,,0.015817241743206978,0.040991999208927155,0.018179642036557198,0.006856196094304323,0.019695395603775978,0.0069826217368245125,6.852716614957899e-05,6.852716614957899e-05
2455,2455,9.157993190456182e-05,,,,,,,,,
2456,2456,,,0.015825839713215828,0.04094440117478371,0.018195943906903267,0.0068952469155192375,0.019710993394255638,0.007017369847744703,6.888255302328616e-05,6.852716614957899e-05
2456,2456,9.146467345999554e-05,,,,,,,,,
2457,2457,,,0.01578368805348873,0.040904514491558075,0.01813622936606407,0.006850710138678551,0.019680263474583626,0.0069781700149178505,6.836043030489236e-05,6.836043030489236e-05
2457,2457,9.134886204265058e-05,,,,,,,,,
2458,2458,,,0.015786781907081604,0.04085848107933998,0.018144957721233368,0.00688039930537343,0.01969193108379841,0.007005068939179182,6.862252485007048e-05,6.836043030489236e-05
2458,2458,9.123350901063532e-05,,,,,,,,,
2459,2459,,,0.01575135998427868,0.04081859812140465,0.01809501461684704,0.006846368312835693,0.01966477930545807,0.006974730174988508,6.82065001456067e-05,6.82065001456067e-05
2459,2459,9.1118025011383e-05,,,,,,,,,
2460,2460,,,0.015748215839266777,0.040773287415504456,0.018093867227435112,0.006865179631859064,0.019670672714710236,0.00699201924726367,6.835498061263934e-05,6.82065001456067e-05
2460,2460,9.10028611542657e-05,,,,,,,,,
2461,2461,,,0.015718946233391762,0.04073101282119751,0.018053295090794563,0.006841740570962429,0.01965177059173584,0.006971598602831364,6.805581506341696e-05,6.805581506341696e-05
2461,2461,9.088795923162252e-05,,,,,,,,,
2462,2462,,,0.015708643943071365,0.040687695145606995,0.018041683360934258,0.006850397679954767,0.019649691879749298,0.00697927363216877,6.808980833739042e-05,6.805581506341696e-05
2462,2462,9.077390132006258e-05,,,,,,,,,
2463,2463,,,0.015686333179473877,0.040645964443683624,0.01801186613738537,0.006837291643023491,0.01963690295815468,0.006968261674046516,6.79033255437389e-05,6.79033255437389e-05
2463,2463,9.065980702871457e-05,,,,,,,,,
2464,2464,,,0.01566949114203453,0.04060287028551102,0.01799016445875168,0.006835412234067917,0.01962975040078163,0.006966807879507542,6.78285286994651e-05,6.78285286994651e-05
2464,2464,9.054616384673864e-05,,,,,,,,,
2465,2465,,,0.015652526170015335,0.04055973142385483,0.01796824298799038,0.006832615472376347,0.019621627405285835,0.006964471656829119,6.77439893479459e-05,6.77439893479459e-05
2465,2465,9.043289901455864e-05,,,,,,,,,
2466,2466,,,0.01563144102692604,0.040517374873161316,0.01794016733765602,0.0068216086365282536,0.01960986852645874,0.006955170538276434,6.757862865924835e-05,6.757862865924835e-05
2466,2466,9.031964873429388e-05,,,,,,,,,
2467,2467,,,0.015618746168911457,0.040474776178598404,0.017924973741173744,0.006826500874012709,0.01960618421435356,0.0069595081731677055,6.757401570212096e-05,6.757401570212096e-05
2467,2467,9.020707511808723e-05,,,,,,,,,
2468,2468,,,0.015593955293297768,0.040434207767248154,0.01789131574332714,0.006809645798057318,0.019590327516198158,0.006944911554455757,6.734620546922088e-05,6.734620546922088e-05
2468,2468,9.009477071231231e-05,,,,,,,,,
2469,2469,,,0.01558488979935646,0.040390659123659134,0.017881210893392563,0.006819126661866903,0.019589992240071297,0.00695350905880332,6.73928516334854e-05,6.734620546922088e-05
2469,2469,8.998301927931607e-05,,,,,,,,,
2470,2470,,,0.015558081679046154,0.040348757058382034,0.01784382574260235,0.006798486225306988,0.019571973010897636,0.006935373414307833,6.71242960379459e-05,6.71242960379459e-05
2470,2470,8.987042383523658e-05,,,,,,,,,
2471,2471,,,0.015550514683127403,0.040305402129888535,0.017836546525359154,0.00681154802441597,0.019573159515857697,0.006947159767150879,6.720684177707881e-05,6.71242960379459e-05
2471,2471,8.975894161267206e-05,,,,,,,,,
2472,2472,,,0.015522177331149578,0.040265683084726334,0.01779676228761673,0.00678733317181468,0.01955278590321541,0.006925898138433695,6.690311420243233e-05,6.690311420243233e-05
2472,2472,8.964716835180297e-05,,,,,,,,,
2473,2473,,,0.01551755703985691,0.040222831070423126,0.0177935678511858,0.006804264150559902,0.019557233899831772,0.006941088475286961,6.70286754029803e-05,6.690311420243233e-05
2473,2473,8.953629003372043e-05,,,,,,,,,
2474,2474,,,0.015486584976315498,0.0401817262172699,0.017749816179275513,0.006776123773306608,0.01953461393713951,0.0069165220484137535,6.668412970611826e-05,6.668412970611826e-05
2474,2474,8.94249023986049e-05,,,,,,,,,
2475,2475,,,0.015483569353818893,0.04013794660568237,0.01774905063211918,0.006796861998736858,0.019539810717105865,0.006934766191989183,6.684374966425821e-05,6.668412970611826e-05
2475,2475,8.931422780733556e-05,,,,,,,,,
2476,2476,,,0.015451032668352127,0.04009823873639107,0.017703155055642128,0.006765478290617466,0.019516771659255028,0.0069075822830200195,6.647090776823461e-05,6.647090776823461e-05
2476,2476,8.920358231989667e-05,,,,,,,,,
2477,2477,,,0.015449742786586285,0.04005604609847069,0.017705347388982773,0.0067891087383031845,0.01952357403934002,0.006928358227014542,6.666115223197266e-05,6.647090776823461e-05
2477,2477,8.909351890906692e-05,,,,,,,,,
2478,2478,,,0.015415676869452,0.04001611843705177,0.017656665295362473,0.0067549762316048145,0.019497839733958244,0.006898536346852779,6.625725654885173e-05,6.625725654885173e-05
2478,2478,8.898312808014452e-05,,,,,,,,,
2479,2479,,,0.015416398644447327,0.03997217118740082,0.017661748453974724,0.0067817168310284615,0.01950748637318611,0.006922248750925064,6.648164708167315e-05,6.625725654885173e-05
2479,2479,8.887322474038228e-05,,,,,,,,,
2480,2480,,,0.015380429103970528,0.03993207961320877,0.01760968007147312,0.006743812933564186,0.01947907544672489,0.006889031268656254,6.603829388041049e-05,6.603829388041049e-05
2480,2480,8.876341598806903e-05,,,,,,,,,
2481,2481,,,0.015383429825305939,0.03988943248987198,0.01761872135102749,0.0067751845344901085,0.01949130743741989,0.006916800048202276,6.631013820879161e-05,6.603829388041049e-05
2481,2481,8.865384734235704e-05,,,,,,,,,
2482,2482,,,0.015344852581620216,0.0398508720099926,0.01756255142390728,0.006731655914336443,0.01946057379245758,0.006878753192722797,6.581320485565811e-05,6.581320485565811e-05
2482,2482,8.854496263666078e-05,,,,,,,,,
2483,2483,,,0.015351563692092896,0.03980781510472298,0.017577368766069412,0.0067701018415391445,0.019476057961583138,0.006912470329552889,6.615426536882296e-05,6.581320485565811e-05
2483,2483,8.843600517138839e-05,,,,,,,,,
2484,2484,,,0.015308166854083538,0.03976854681968689,0.01751364767551422,0.00671808049082756,0.019440094009041786,0.006867134943604469,6.557062442880124e-05,6.557062442880124e-05
2484,2484,8.832805906422436e-05,,,,,,,,,
2485,2485,,,0.015320592559874058,0.03972505033016205,0.017537057399749756,0.006766709499061108,0.019461123272776604,0.0069095417857170105,6.601375935133547e-05,6.557062442880124e-05
2485,2485,8.822020026855171e-05,,,,,,,,,
2486,2486,,,0.015271426178514957,0.039686355739831924,0.017464006319642067,0.006702997721731663,0.019419720396399498,0.0068541946820914745,6.531576218549162e-05,6.531576218549162e-05
2486,2486,8.811239240458235e-05,,,,,,,,,
2487,2487,,,0.015291083604097366,0.0396428257226944,0.017499057576060295,0.00676559517160058,0.019447864964604378,0.006908671464771032,6.589839176740497e-05,6.531576218549162e-05
2487,2487,8.800603245617822e-05,,,,,,,,,
2488,2488,,,0.015232798643410206,0.03960580751299858,0.0174116063863039,0.0066854218021035194,0.019396504387259483,0.0068388208746910095,6.503245094791055e-05,6.503245094791055e-05
2488,2488,8.790029096417129e-05,,,,,,,,,
2489,2489,,,0.015263221226632595,0.03956248611211777,0.017464084550738335,0.006768379360437393,0.019437506794929504,0.006911240052431822,6.582443893421441e-05,6.503245094791055e-05
2489,2489,8.779576455708593e-05,,,,,,,,,
2490,2490,,,0.015191982500255108,0.039524540305137634,0.017355412244796753,0.00666393805295229,0.019371507689356804,0.006820135284215212,6.471070810221136e-05,6.471070810221136e-05
2490,2490,8.76925332704559e-05,,,,,,,,,
2491,2491,,,0.01523918379098177,0.03947955369949341,0.017433717846870422,0.0067769321613013744,0.01942833885550499,0.006918407045304775,6.580358603969216e-05,6.471070810221136e-05
2491,2491,8.759149932302535e-05,,,,,,,,,
2492,2492,,,0.015149456448853016,0.03944385051727295,0.017295168712735176,0.006637147162109613,0.019343450665473938,0.006796703673899174,6.433723319787532e-05,6.433723319787532e-05
2492,2492,8.74930847203359e-05,,,,,,,,,
2493,2493,,,0.015219936147332191,0.03940007835626602,0.017410822212696075,0.006794639863073826,0.019424565136432648,0.006933329626917839,6.587681855307892e-05,6.433723319787532e-05
2493,2493,8.73989993124269e-05,,,,,,,,,
2494,2494,,,0.015102258883416653,0.0393654964864254,0.017227187752723694,0.006602651439607143,0.01930934377014637,0.006766030099242926,6.388222391251475e-05,6.388222391251475e-05
2494,2494,8.731039997655898e-05,,,,,,,,,
2495,2495,,,0.015206815674901009,0.03931950777769089,0.017397016286849976,0.0068268487229943275,0.01942761242389679,0.006960238795727491,6.608957482967526e-05,6.388222391251475e-05
2495,2495,8.723072824068367e-05,,,,,,,,,
2496,2496,,,0.015049455687403679,0.039287205785512924,0.017147280275821686,0.006557536777108908,0.019267739728093147,0.006725300569087267,6.331483746180311e-05,6.331483746180311e-05
2496,2496,8.716381125850603e-05,,,,,,,,,
2497,2497,,,0.01520851906388998,0.039241526275873184,0.017402298748493195,0.006883720401674509,0.01944058947265148,0.0070071532391011715,6.654496974078938e-05,6.331483746180311e-05
2497,2497,8.711560076335445e-05,,,,,,,,,
2498,2498,,,0.014988136477768421,0.039212100207805634,0.01704891212284565,0.006498503964394331,0.019212497398257256,0.0066703855991363525,6.258923531277105e-05,6.258923531277105e-05
2498,2498,8.709621761227027e-05,,,,,,,,,
2499,2499,,8.712019916856661e-05,,,,,,,,
2499,2499,,,0.015229135751724243,0.039167359471321106,0.01743280701339245,0.006983876693993807,0.019471410661935806,0.007088667247444391,6.741740071447566e-05,6.258923531277105e-05
2499,2499,8.712019916856661e-05,,,,,,,,,
2500,2500,,,0.014916925691068172,0.039144694805145264,0.016923410817980766,0.006425037514418364,0.019137434661388397,0.006597992964088917,6.16757242823951e-05,6.16757242823951e-05
2500,2500,8.721074846107513e-05,,,,,,,,,
2501,2501,,,0.015287747606635094,0.039102572947740555,0.017507605254650116,0.0071622105315327644,0.019528398290276527,0.0072312685661017895,6.904686597408727e-05,6.16757242823951e-05
2501,2501,8.740435441723093e-05,,,,,,,,,
2502,2502,,,0.014836549758911133,0.03909119963645935,0.0167551226913929,0.006348956376314163,0.01903044618666172,0.006510667968541384,6.060663872631267e-05,6.060663872631267e-05
2502,2502,8.775971218710765e-05,,,,,,,,,
2503,2503,,,0.015419544652104378,0.03906022757291794,0.017659856006503105,0.007488420698791742,0.01963076926767826,0.007487691007554531,7.214859942905605e-05,6.060663872631267e-05
2503,2503,8.836743654683232e-05,,,,,,,,,
2504,2504,,,0.014761753380298615,0.03907424956560135,0.016525862738490105,0.006322776898741722,0.018871713429689407,0.0064341300167143345,5.9670866903616115e-05,5.9670866903616115e-05
2504,2504,8.937490929383785e-05,,,,,,,,,
2505,2505,,,0.01569310575723648,0.039075981825590134,0.017943384125828743,0.0081016905605793,0.01980859600007534,0.007962631992995739,7.827094668755308e-05,5.9670866903616115e-05
2505,2505,9.10192757146433e-05,,,,,,,,,
2506,2506,,,0.014746398665010929,0.03914837911725044,0.016216080635786057,0.006516294553875923,0.018633591011166573,0.006469174288213253,5.996433174004778e-05,5.9670866903616115e-05
2506,2506,9.367863094666973e-05,,,,,,,,,
2507,2507,,,0.016267215833067894,0.03924050182104111,0.018468942493200302,0.009269383735954762,0.02011236362159252,0.0088607557117939,9.098800364881754e-05,5.9670866903616115e-05
2507,2507,9.797351231100038e-05,,,,,,,,,
2508,2508,,,0.01496275793761015,0.03945402428507805,0.01583133265376091,0.007363246753811836,0.01827326789498329,0.006913566961884499,6.49278299533762e-05,5.9670866903616115e-05
2508,2508,0.00010488213592907414,,,,,,,,,
2509,2509,,,0.017471114173531532,0.03978094458580017,0.019438795745372772,0.011451994068920612,0.020633002743124962,0.010549443773925304,0.00011870214075315744,5.9670866903616115e-05
2509,2509,0.00011601236474234611,,,,,,,,,
2510,2510,,,0.015859190374612808,0.04032851755619049,0.015483005903661251,0.009630287997424603,0.017749352380633354,0.008400398306548595,8.418547076871619e-05,5.9670866903616115e-05
2510,2510,0.0001337977300863713,,,,,,,,,
2511,2511,,,0.019898660480976105,0.04122078791260719,0.021196398884058,0.015276565216481686,0.021499240770936012,0.013553216122090816,0.00018007158359978348,5.9670866903616115e-05
2511,2511,0.00016210073954425752,,,,,,,,,
2512,2512,,,0.018271684646606445,0.04243733733892441,0.015563882887363434,0.014057749882340431,0.017067255452275276,0.011671573854982853,0.0001399069733452052,5.9670866903616115e-05
2512,2512,0.00020606427278835326,,,,,,,,,
2513,2513,,,0.02418241836130619,0.04437632858753204,0.02410908229649067,0.021141864359378815,0.022824551910161972,0.01823044754564762,0.00030636199517175555,5.9670866903616115e-05
2513,2513,0.0002726767270360142,,,,,,,,,
2514,2514,,,0.02268563024699688,0.046311650425195694,0.016680272296071053,0.020416872575879097,0.016394779086112976,0.016642453148961067,0.000259567255852744,5.9670866903616115e-05
2514,2514,0.0003669855650514364,,,,,,,,,
2515,2515,,,0.02959953248500824,0.0490632988512516,0.027724720537662506,0.027749918401241302,0.02433428354561329,0.0235420111566782,0.0004955988842993975,5.9670866903616115e-05
2515,2515,0.0004892814322374761,,,,,,,,,
2516,2516,,,0.026763323694467545,0.04989729821681976,0.018137555569410324,0.025475649163126945,0.01604226976633072,0.020671579986810684,0.00038768997183069587,5.9670866903616115e-05
2516,2516,0.0006189398700371385,,,,,,,,,
2517,2517,,,0.03159509226679802,0.0508272647857666,0.02908046916127205,0.02964351326227188,0.024719489738345146,0.02504110336303711,0.0005594717222265899,5.9670866903616115e-05
2517,2517,0.0007131018210202456,,,,,,,,,
2518,2518,,,0.024340026080608368,0.04715992882847786,0.01725226826965809,0.022141138091683388,0.01620600000023842,0.017984651029109955,0.00029986148001626134,5.9670866903616115e-05
2518,2518,0.0007049785926938057,,,,,,,,,
2519,2519,,,0.024463476613163948,0.04435024783015251,0.024423301219940186,0.020164454355835915,0.02253015711903572,0.01739414781332016,0.0002841996611095965,5.9670866903616115e-05
2519,2519,0.0005637744907289743,,,,,,,,,
2520,2520,,,0.015998560935258865,0.03963484242558479,0.016141006723046303,0.008973278105258942,0.01777641288936138,0.007873371243476868,7.800346065778285e-05,5.9670866903616115e-05
2520,2520,0.00033694543526507914,,,,,,,,,
2521,2521,,,0.01531218271702528,0.03871024027466774,0.017440585419535637,0.006412706337869167,0.01903090439736843,0.006539460271596909,6.177491741254926e-05,5.9670866903616115e-05
2521,2521,0.0001449536794098094,,,,,,,,,
2522,2522,,,0.01915927045047283,0.04053828492760658,0.02083127386868,0.01313617080450058,0.020840514451265335,0.011818679980933666,0.00014432815078180283,5.9670866903616115e-05
2522,2522,8.571858779760078e-05,,,,,,,,,
2523,2523,,,0.018685728311538696,0.04221826419234276,0.015786992385983467,0.014356927014887333,0.016900738701224327,0.011799130588769913,0.00014369319251272827,5.9670866903616115e-05
2523,2523,0.00015935506962705404,,,,,,,,,
2524,2524,,,0.024220488965511322,0.044047627598047256,0.024154754355549812,0.020327769219875336,0.022576529532670975,0.017576811835169792,0.0002877220686059445,5.9670866903616115e-05
2524,2524,0.00027965917252004147,,,,,,,,,
2525,2525,,,0.019198844209313393,0.0426490418612957,0.015718568116426468,0.015144441276788712,0.016806844621896744,0.012414714321494102,0.00015618771431036294,5.9670866903616115e-05
2525,2525,0.00034361760481260717,,,,,,,,,
2526,2526,,,0.019476106390357018,0.040804021060466766,0.02087097242474556,0.014846401289105415,0.02107117883861065,0.013164481148123741,0.00017100882541853935,5.9670866903616115e-05
2526,2526,0.000302586006000638,,,,,,,,,
2527,2527,,,0.01457960531115532,0.03865230828523636,0.01589868776500225,0.0067751966416835785,0.01841840334236622,0.006537062115967274,6.042192399036139e-05,5.9670866903616115e-05
2527,2527,0.0001931951701408252,,,,,,,,,
2528,2528,,,0.014448610134422779,0.0382591187953949,0.016169562935829163,0.006516981404274702,0.018576687201857567,0.006465771235525608,5.931044142926112e-05,5.931044142926112e-05
2528,2528,0.00010214034409727901,,,,,,,,,
2529,2529,,,0.01742316037416458,0.03953319042921066,0.019307546317577362,0.01207765657454729,0.020443009212613106,0.010982339270412922,0.00012573767162393779,5.931044142926112e-05
2529,2529,8.909030293580145e-05,,,,,,,,,
2530,2530,,,0.016737643629312515,0.04025694355368614,0.015254261903464794,0.011459162458777428,0.017398850992321968,0.00960900541394949,0.00010314238897990435,5.931044142926112e-05
2530,2530,0.00014215652481652796,,,,,,,,,
2531,2531,,,0.019616171717643738,0.04091959446668625,0.020798226818442345,0.015479128807783127,0.021142369136214256,0.013658634386956692,0.00018151226686313748,5.931044142926112e-05
2531,2531,0.00020000123186036944,,,,,,,,,
2532,2532,,,0.015854360535740852,0.03928662836551666,0.015153083950281143,0.009921780787408352,0.017586829140782356,0.008490844629704952,8.552692452212796e-05,5.931044142926112e-05
2532,2532,0.00020884517289232463,,,,,,,,,
2533,2533,,,0.015919577330350876,0.038400910794734955,0.018043136224150658,0.00963956955820322,0.019958512857556343,0.009092527441680431,9.330177999800071e-05,5.931044142926112e-05
2533,2533,0.00016440142644569278,,,,,,,,,
2534,2534,,,0.014390446245670319,0.03758954256772995,0.016390101984143257,0.006733568850904703,0.019002186134457588,0.006759406998753548,6.205166573636234e-05,5.931044142926112e-05
2534,2534,0.00010763922909973189,,,,,,,,,
2535,2535,,,0.014329208992421627,0.037751611322164536,0.01544828899204731,0.006754118949174881,0.018327627331018448,0.006490449421107769,5.913544009672478e-05,5.913544009672478e-05
2535,2535,8.337535109603778e-05,,,,,,,,,
2536,2536,,,0.01700349524617195,0.038741204887628555,0.018790196627378464,0.01166459359228611,0.020395034924149513,0.010667123831808567,0.00011924489808734506,5.913544009672478e-05
2536,2536,0.00010138197103515267,,,,,,,,,
2537,2537,,,0.015456576831638813,0.038546670228242874,0.015047439374029636,0.00924768764525652,0.017744921147823334,0.008045275695621967,7.871563138905913e-05,5.913544009672478e-05
2537,2537,0.00013489135017152876,,,,,,,,,
2538,2538,,,0.017068834975361824,0.03863443434238434,0.01881045289337635,0.011528444476425648,0.020434008911252022,0.01058991253376007,0.00011782730143750086,5.913544009672478e-05
2538,2538,0.00014979421393945813,,,,,,,,,
2539,2539,,,0.014417950063943863,0.037510670721530914,0.015400215983390808,0.006990658584982157,0.018252678215503693,0.006636190693825483,6.058742292225361e-05,5.913544009672478e-05
2539,2539,0.0001339824084425345,,,,,,,,,
2540,2540,,,0.014671559445559978,0.03730808570981026,0.016742736101150513,0.007133153732866049,0.019300363957881927,0.007174575701355934,6.653869786532596e-05,5.913544009672478e-05
2540,2540,0.0001034732922562398,,,,,,,,,
2541,2541,,,0.015002785250544548,0.03742349520325661,0.017103057354688644,0.0077005368657410145,0.019471077248454094,0.007629342842847109,7.221369014587253e-05,5.913544009672478e-05
2541,2541,8.400715887546539e-05,,,,,,,,,
2542,2542,,,0.014494593255221844,0.0374484583735466,0.015450960025191307,0.007045712787657976,0.018195396289229393,0.0066689089871943,6.095284334151074e-05,5.913544009672478e-05
2542,2542,8.746694948058575e-05,,,,,,,,,
2543,2543,,,0.016559332609176636,0.038208503276109695,0.018426651135087013,0.01046478096395731,0.020173214375972748,0.009766967035830021,0.00010373575787525624,5.913544009672478e-05
2543,2543,0.00010455470328452066,,,,,,,,,
2544,2544,,,0.014657885767519474,0.03757420927286148,0.015339496545493603,0.007415949832648039,0.0180789977312088,0.006881740875542164,6.343756103888154e-05,5.913544009672478e-05
2544,2544,0.00011671518586808816,,,,,,,,,
2545,2545,,,0.015648504719138145,0.03765275701880455,0.017664669081568718,0.0090524572879076,0.019692538306117058,0.008642671629786491,8.603760215919465e-05,5.913544009672478e-05
2545,2545,0.00011320863995933905,,,,,,,,,
2546,2546,,,0.014261122792959213,0.037077970802783966,0.01595189794898033,0.006272078026086092,0.01870771124958992,0.006393161136657,5.75180456507951e-05,5.75180456507951e-05
2546,2546,9.835440869210288e-05,,,,,,,,,
2547,2547,,,0.014322279021143913,0.037042904645204544,0.01613878645002842,0.006467154715210199,0.018831094726920128,0.006577488966286182,5.945230077486485e-05,5.75180456507951e-05
2547,2547,8.506784070050344e-05,,,,,,,,,
2548,2548,,,0.015079046599566936,0.03732525184750557,0.017121169716119766,0.008102420717477798,0.019438346847891808,0.007914969697594643,7.562131941085681e-05,5.75180456507951e-05
2548,2548,8.262306801043451e-05,,,,,,,,,
2549,2549,,8.982966392068192e-05,,,,,,,,
2549,2549,,,0.01427476853132248,0.03721556067466736,0.015361085534095764,0.006667651701718569,0.018269304186105728,0.006464575883001089,5.828986832057126e-05,5.75180456507951e-05
2549,2549,8.982966392068192e-05,,,,,,,,,
2550,2550,,,0.015543293207883835,0.03754492849111557,0.01752476580440998,0.009118656627833843,0.01971231959760189,0.008707202039659023,8.657205034978688e-05,5.75180456507951e-05
2550,2550,9.806513116927817e-05,,,,,,,,,
2551,2551,,,0.014190150424838066,0.03710019960999489,0.015387746505439281,0.006504571530967951,0.018327079713344574,0.006391957402229309,5.733759462600574e-05,5.733759462600574e-05
2551,2551,9.964712808141485e-05,,,,,,,,,
2552,2552,,,0.014708811417222023,0.037107549607753754,0.01671777106821537,0.0075165145099163055,0.019287627190351486,0.007483561523258686,6.968593515921384e-05,5.733759462600574e-05
2552,2552,9.376544767292216e-05,,,,,,,,,
2553,2553,,,0.014233104884624481,0.03690857067704201,0.016038384288549423,0.006516423542052507,0.018862953409552574,0.006651111412793398,5.983660958008841e-05,5.733759462600574e-05
2553,2553,8.573346713092178e-05,,,,,,,,,
2554,2554,,,0.014133482240140438,0.036886826157569885,0.01578056626021862,0.006250864826142788,0.018685705959796906,0.006410577334463596,5.71905511606019e-05,5.71905511606019e-05
2554,2554,8.157167758326977e-05,,,,,,,,,
2555,2555,,,0.01484059076756239,0.03711054474115372,0.01683158241212368,0.007811354473233223,0.019342707470059395,0.007717397529631853,7.253185322042555e-05,5.71905511606019e-05
2555,2555,8.315372542710975e-05,,,,,,,,,
2556,2556,,,0.014186272397637367,0.03694939240813255,0.015424090437591076,0.006396245677024126,0.018368663266301155,0.006366344168782234,5.684059942723252e-05,5.684059942723252e-05
2556,2556,8.761262870393693e-05,,,,,,,,,
2557,2557,,,0.014982366003096104,0.037148233503103256,0.016970016062259674,0.00801810622215271,0.019425345584750175,0.007890823297202587,7.479869964299724e-05,5.684059942723252e-05
2557,2557,9.049667278304696e-05,,,,,,,,,
2558,2558,,,0.014154303818941116,0.0368335098028183,0.015600557439029217,0.0062697408720850945,0.01847534067928791,0.006352376192808151,5.653973494190723e-05,5.653973494190723e-05
2558,2558,8.94603508641012e-05,,,,,,,,,
2559,2559,,,0.014476083219051361,0.03686026483774185,0.0163876935839653,0.0069614858366549015,0.019041646271944046,0.007051223888993263,6.42201048322022e-05,5.653973494190723e-05
2559,2559,8.560880087316036e-05,,,,,,,,,
2560,2560,,,0.01431711483746767,0.03677907586097717,0.01615060307085514,0.006588565651327372,0.01888701319694519,0.006746754050254822,6.0697646404150873e-05,5.653973494190723e-05
2560,2560,8.197566057788208e-05,,,,,,,,,
2561,2561,,,0.014165021479129791,0.0367211252450943,0.015775753185153008,0.006293239537626505,0.01858401484787464,0.006433074362576008,5.7255016145063564e-05,5.653973494190723e-05
2561,2561,8.086107845883816e-05,,,,,,,,,
2562,2562,,,0.014681474305689335,0.03687021881341934,0.016629327088594437,0.007433447055518627,0.01915881037712097,0.007419869769364595,6.86107377987355e-05,5.653973494190723e-05
2562,2562,8.227927901316434e-05,,,,,,,,,
2563,2563,,,0.014124391600489616,0.036706943064928055,0.015543094836175442,0.006231965497136116,0.018422609195113182,0.0063224416226148605,5.608003630186431e-05,5.608003630186431e-05
2563,2563,8.442167018074542e-05,,,,,,,,,
2564,2564,,,0.014677618630230427,0.03681620955467224,0.01661306619644165,0.007483157329261303,0.01911921799182892,0.0074437521398067474,6.885875336593017e-05,5.608003630186431e-05
2564,2564,8.534398511983454e-05,,,,,,,,,
2565,2565,,,0.014118824154138565,0.036622535437345505,0.01569107174873352,0.006216284353286028,0.018522296100854874,0.006372126284986734,5.647363650496118e-05,5.608003630186431e-05
2565,2565,8.437674841843545e-05,,,,,,,,,
2566,2566,,,0.014349332079291344,0.03664853423833847,0.016195515170693398,0.006767257582396269,0.018866736441850662,0.006876079365611076,6.199982453836128e-05,5.608003630186431e-05
2566,2566,8.233875269070268e-05,,,,,,,,,
2567,2567,,,0.014273709617555141,0.036609623581171036,0.016078436747193336,0.006601193454116583,0.018781840801239014,0.006738260854035616,6.0402293456718326e-05,5.608003630186431e-05
2567,2567,8.065396832535043e-05,,,,,,,,,
2568,2568,,,0.014126447960734367,0.03656485304236412,0.015777848660945892,0.00626795319840312,0.018577709794044495,0.006440626457333565,5.71066775592044e-05,5.608003630186431e-05
2568,2568,8.02334034233354e-05,,,,,,,,,
2569,2569,,,0.01448045950382948,0.036669861525297165,0.016381338238716125,0.007123461924493313,0.01897931657731533,0.007163557689636946,6.528768426505849e-05,5.608003630186431e-05
2569,2569,8.094583608908579e-05,,,,,,,,,
2570,2570,,,0.014065240509808064,0.03653257340192795,0.015599631704390049,0.006193538662046194,0.018464259803295135,0.006346574518829584,5.6051700084935874e-05,5.6051700084935874e-05
2570,2570,8.192281529773027e-05,,,,,,,,,
2571,2571,,,0.01444211509078741,0.03662985563278198,0.016342230141162872,0.007102061528712511,0.01896784082055092,0.007154651917517185,6.506298086605966e-05,5.6051700084935874e-05
2571,2571,8.230152889154851e-05,,,,,,,,,
2572,2572,,,0.014053408987820148,0.036472924053668976,0.015668369829654694,0.006254231091588736,0.01853313110768795,0.006424847524613142,5.6751254305709153e-05,5.6051700084935874e-05
2572,2572,8.180354780051857e-05,,,,,,,,,
2573,2573,,,0.01420694962143898,0.03649308532476425,0.016028817743062973,0.00665854848921299,0.018806464970111847,0.00680453609675169,6.08502232353203e-05,5.6051700084935874e-05
2573,2573,8.079093095147982e-05,,,,,,,,,
2574,2574,,,0.014114368706941605,0.03643136844038963,0.015879478305578232,0.006503835320472717,0.01870385929942131,0.006668129004538059,5.925100049353205e-05,5.6051700084935874e-05
2574,2574,7.98981636762619e-05,,,,,,,,,
2575,2575,,,0.014019852504134178,0.036378052085638046,0.01569688692688942,0.006323088426142931,0.018589947372674942,0.006504941266030073,5.7420034863753244e-05,5.6051700084935874e-05
2575,2575,7.956007902976125e-05,,,,,,,,,
2576,2576,,,0.014214337803423405,0.0364215113222599,0.01605955883860588,0.006821320857852697,0.018851157277822495,0.006935957819223404,6.220023351488635e-05,5.6051700084935874e-05
2576,2576,7.97762259026058e-05,,,,,,,,,
2577,2577,,,0.013943084515631199,0.03630027174949646,0.015526403672993183,0.006220334675163031,0.018478821963071823,0.006395731121301651,5.617146234726533e-05,5.6051700084935874e-05
2577,2577,8.019982487894595e-05,,,,,,,,,
2578,2578,,,0.014206967316567898,0.03635578230023384,0.016049852594733238,0.0068820444867014885,0.01884080097079277,0.0069770729169249535,6.259472866076976e-05,5.6051700084935874e-05
2578,2578,8.042769331950694e-05,,,,,,,,,
2579,2579,,,0.01392847765237093,0.03622450679540634,0.015545420348644257,0.006238783244043589,0.018510891124606133,0.006424270570278168,5.639362643705681e-05,5.6051700084935874e-05
2579,2579,8.026371506275609e-05,,,,,,,,,
2580,2580,,,0.01408399734646082,0.03623458370566368,0.015866365283727646,0.006653645541518927,0.018722709268331528,0.006784716621041298,6.0310088883852586e-05,5.6051700084935874e-05
2580,2580,7.979552901815623e-05,,,,,,,,,
2581,2581,,,0.01397594716399908,0.03615942597389221,0.01568087935447693,0.006401844788342714,0.018602648749947548,0.0065756444819271564,5.794065509689972e-05,5.6051700084935874e-05
2581,2581,7.928060222184286e-05,,,,,,,,,
2582,2582,,,0.013956926763057709,0.03611532226204872,0.015643591061234474,0.006383005529642105,0.018582241609692574,0.006555360741913319,5.768914707005024e-05,5.6051700084935874e-05
2582,2582,7.895316957728937e-05,,,,,,,,,
2583,2583,,,0.014050332829356194,0.03611498326063156,0.01581422984600067,0.006638786755502224,0.01869652047753334,0.006770585663616657,6.004040551488288e-05,5.6051700084935874e-05
2583,2583,7.889312837505713e-05,,,,,,,,,
2584,2584,,,0.013884820975363255,0.03602345660328865,0.015494970604777336,0.006248656660318375,0.018481343984603882,0.006433642935007811,5.629100633086637e-05,5.6051700084935874e-05
2584,2584,7.901122444309294e-05,,,,,,,,,
2585,2585,,,0.014069567434489727,0.03605702146887779,0.015843607485294342,0.006733752321451902,0.018720583990216255,0.006846684031188488,6.0828937421320006e-05,5.6051700084935874e-05
2585,2585,7.913492299849167e-05,,,,,,,,,
2586,2586,,,0.013860441744327545,0.03594563901424408,0.015459689311683178,0.006249703466892242,0.018469613045454025,0.006433052476495504,5.6204633438028395e-05,5.6051700084935874e-05
2586,2586,7.9125034972094e-05,,,,,,,,,
2587,2587,,,0.013999958522617817,0.03596418723464012,0.015743406489491463,0.0066230217926204205,0.018666619434952736,0.006759218871593475,5.973844963591546e-05,5.6051700084935874e-05
2587,2587,7.894938607933e-05,,,,,,,,,
2588,2588,,,0.013870722614228725,0.03588096424937248,0.015511343255639076,0.006343506276607513,0.018513591960072517,0.006518083158880472,5.7027689763344824e-05,5.6051700084935874e-05
2588,2588,7.867450767662376e-05,,,,,,,,,
2589,2589,,,0.013897961936891079,0.03586144745349884,0.015580491162836552,0.006441118661314249,0.01857401430606842,0.006608075927942991,5.796301775262691e-05,5.6051700084935874e-05
2589,2589,7.840904436307028e-05,,,,,,,,,
2590,2590,,,0.013896599411964417,0.035829808562994,0.015583840198814869,0.006479847244918346,0.018577635288238525,0.006638092454522848,5.8245877880835906e-05,5.6051700084935874e-05
2590,2590,7.823604391887784e-05,,,,,,,,,
2591,2591,,,0.013816307298839092,0.03576969355344772,0.015432718209922314,0.006315617822110653,0.018479278311133385,0.006493933033198118,5.662802868755534e-05,5.6051700084935874e-05
2591,2591,7.817265577614307e-05,,,,,,,,,
2592,2592,,,0.013908050023019314,0.035780102014541626,0.015616231597959995,0.006577424705028534,0.0186154842376709,0.006719902623444796,5.907550439587794e-05,5.6051700084935874e-05
2592,2592,7.81768758315593e-05,,,,,,,,,
2593,2593,,,0.013767233118414879,0.035695143043994904,0.015349962748587132,0.006268053315579891,0.018433300778269768,0.006448841188102961,5.605831029242836e-05,5.6051700084935874e-05
2593,2593,7.818068843334913e-05,,,,,,,,,
2594,2594,,,0.013875151984393597,0.03571334108710289,0.015571855939924717,0.006575919222086668,0.018591882660984993,0.006714305374771357,5.892937770113349e-05,5.6051700084935874e-05
2594,2594,7.81310664024204e-05,,,,,,,,,
2595,2595,,,0.013745943084359169,0.035632919520139694,0.01533685065805912,0.006285872310400009,0.018439363688230515,0.006466669030487537,5.6168595619965345e-05,5.6051700084935874e-05
2595,2595,7.80136397224851e-05,,,,,,,,,
2596,2596,,,0.01380652654916048,0.035630516707897186,0.015467598102986813,0.006486011669039726,0.018532555550336838,0.006636057980358601,5.7975819800049067e-05,5.6051700084935874e-05
2596,2596,7.785105117363855e-05,,,,,,,,,
2597,2597,,,0.013743320479989052,0.03557746857404709,0.015360016375780106,0.006359739229083061,0.018467601388692856,0.006530723534524441,5.6774108088575304e-05,5.6051700084935874e-05
2597,2597,7.768509385641664e-05,,,,,,,,,
2598,2598,,,0.013732340186834335,0.035545822232961655,0.015347495675086975,0.006371826399117708,0.018465550616383553,0.006539308000355959,5.682819755747914e-05,5.6051700084935874e-05
2598,2598,7.754953549010679e-05,,,,,,,,,
2599,2599,,7.745838956907392e-05,,,,,,,,
2599,2599,,,0.013746206648647785,0.035524483770132065,0.015383376739919186,0.006449343170970678,0.01849687099456787,0.006604407913982868,5.749605406890623e-05,5.6051700084935874e-05
2599,2599,7.745838956907392e-05,,,,,,,,,
2600,2600,,,0.013673614710569382,0.035466376692056656,0.015248898416757584,0.006294032093137503,0.018411962315440178,0.006472613662481308,5.601435623248108e-05,5.601435623248108e-05
2600,2600,7.740195724181831e-05,,,,,,,,,
2601,2601,,,0.013735305517911911,0.03546620532870293,0.015376504510641098,0.0064947702921926975,0.01850540190935135,0.006641558837145567,5.782179141533561e-05,5.601435623248108e-05
2601,2601,7.735671533737332e-05,,,,,,,,,
2602,2602,,,0.013639649376273155,0.03539622947573662,0.01519582699984312,0.00627365056425333,0.018387921154499054,0.006453915033489466,5.573259841185063e-05,5.573259841185063e-05
2602,2602,7.729975914116949e-05,,,,,,,,,
2603,2603,,,0.013702190481126308,0.035398323088884354,0.015330438502132893,0.006473919376730919,0.01848682574927807,0.006625358480960131,5.755930396844633e-05,5.573259841185063e-05
2603,2603,7.721869042143226e-05,,,,,,,,,
2604,2604,,,0.013624207116663456,0.035335149616003036,0.015182258561253548,0.006297460291534662,0.018387170508503914,0.00647371169179678,5.5868255003588274e-05,5.573259841185063e-05
2604,2604,7.711388025199994e-05,,,,,,,,,
2605,2605,,,0.013657505623996258,0.03532520681619644,0.015259363688528538,0.006413251161575317,0.018447842448949814,0.006574649829417467,5.692894774256274e-05,5.573259841185063e-05
2605,2605,7.699648995185271e-05,,,,,,,,,
2606,2606,,,0.013619479723274708,0.03527965024113655,0.015190229751169682,0.006342366803437471,0.018402468413114548,0.006513146683573723,5.622138633043505e-05,5.573259841185063e-05
2606,2606,7.688133337069303e-05,,,,,,,,,
2607,2607,,,0.01361052319407463,0.03524857014417648,0.0151791637763381,0.006348796188831329,0.018398389220237732,0.00651790713891387,5.623644756269641e-05,5.573259841185063e-05
2607,2607,7.677834946662188e-05,,,,,,,,,
2608,2608,,,0.013615278527140617,0.035225678235292435,0.01519611943513155,0.006388120353221893,0.018415408208966255,0.0065520447678864,5.65733716939576e-05,5.573259841185063e-05
2608,2608,7.669169281143695e-05,,,,,,,,,
2609,2609,,,0.013570630922913551,0.03517777472734451,0.015111231245100498,0.006300407461822033,0.01835762709379196,0.006474905181676149,5.5699605582049116e-05,5.5699605582049116e-05
2609,2609,7.661739073228091e-05,,,,,,,,,
2610,2610,,,0.013600610196590424,0.03516791760921478,0.015180788934230804,0.006415210664272308,0.018411949276924133,0.006572749465703964,5.672500628861599e-05,5.5699605582049116e-05
2610,2610,7.65479780966416e-05,,,,,,,,,
2611,2611,,,0.0135387247428298,0.03511025384068489,0.015062451362609863,0.006276579573750496,0.018333876505494118,0.00645430525764823,5.540312486118637e-05,5.540312486118637e-05
2611,2611,7.647671009181067e-05,,,,,,,,,
2612,2612,,,0.013574035838246346,0.03510385379195213,0.015142901800572872,0.00641092611476779,0.018392667174339294,0.006566803436726332,5.658575537381694e-05,5.540312486118637e-05
2612,2612,7.639768591616303e-05,,,,,,,,,
2613,2613,,,0.013514543883502483,0.03505031391978264,0.015032653696835041,0.006279798224568367,0.018320808187127113,0.0064562843181192875,5.534677256946452e-05,5.534677256946452e-05
2613,2613,7.630969776073471e-05,,,,,,,,,
2614,2614,,,0.013536588288843632,0.03503827378153801,0.015087165869772434,0.006377759389579296,0.018363574519753456,0.006538251414895058,5.6198852689703926e-05,5.534677256946452e-05
2614,2614,7.621607801411301e-05,,,,,,,,,
2615,2615,,,0.013497871346771717,0.03499390929937363,0.015016987919807434,0.006302681285887957,0.018317677080631256,0.006474295165389776,5.546722240978852e-05,5.534677256946452e-05
2615,2615,7.612068293383345e-05,,,,,,,,,
2616,2616,,,0.01349649392068386,0.03496996685862541,0.015024341642856598,0.006333701778203249,0.01832800917327404,0.006500856950879097,5.571506335400045e-05,5.534677256946452e-05
2616,2616,7.602712139487267e-05,,,,,,,,,
2617,2617,,,0.01348331943154335,0.034939736127853394,0.015004393644630909,0.0063291508704423904,0.018316883593797684,0.006495728623121977,5.5624954256927595e-05,5.534677256946452e-05
2617,2617,7.593892223667353e-05,,,,,,,,,
2618,2618,,,0.013461590744554996,0.034904852509498596,0.014967726543545723,0.006296693813055754,0.01829461008310318,0.00646856939420104,5.529528425540775e-05,5.529528425540775e-05
2618,2618,7.58555979700759e-05,,,,,,,,,
2619,2619,,,0.013466821052134037,0.03488488122820854,0.014986960217356682,0.006346017587929964,0.01831241138279438,0.0065097082406282425,5.570300709223375e-05,5.529528425540775e-05
2619,2619,7.577591895824298e-05,,,,,,,,,
2620,2620,,,0.013430938124656677,0.03484174609184265,0.014919047243893147,0.006273732054978609,0.01826786808669567,0.006447711959481239,5.499980761669576e-05,5.499980761669576e-05
2620,2620,7.569837907794863e-05,,,,,,,,,
2621,2621,,,0.013447328470647335,0.03482852503657341,0.014961805194616318,0.006349417846649885,0.01830171048641205,0.0065122186206281185,5.5661355872871354e-05,5.499980761669576e-05
2621,2621,7.562060636701062e-05,,,,,,,,,
2622,2622,,,0.013406546786427498,0.034780848771333694,0.014882856048643589,0.0062630074098706245,0.018247924745082855,0.006437854841351509,5.4823787650093436e-05,5.4823787650093436e-05
2622,2622,7.554059993708506e-05,,,,,,,,,
2623,2623,,,0.013422289863228798,0.03476638346910477,0.014924890361726284,0.00634058378636837,0.018282560631632805,0.006503514014184475,5.549639172386378e-05,5.4823787650093436e-05
2623,2623,7.5458490755409e-05,,,,,,,,,
2624,2624,,,0.013385545462369919,0.03472217917442322,0.014855421148240566,0.006262675859034061,0.018237104639410973,0.0064375693909823895,5.475216676131822e-05,5.475216676131822e-05
2624,2624,7.537434430560097e-05,,,,,,,,,
2625,2625,,,0.013393986970186234,0.034705013036727905,0.014881588518619537,0.006321248598396778,0.018257765099406242,0.006485906895250082,5.5237298511201516e-05,5.475216676131822e-05
2625,2625,7.528891728725284e-05,,,,,,,,,
2626,2626,,,0.013366288505494595,0.03466477990150452,0.014831893146038055,0.006270995829254389,0.018227584660053253,0.0064438325352966785,5.4748474212829024e-05,5.4748474212829024e-05
2626,2626,7.520315557485446e-05,,,,,,,,,
2627,2627,,,0.013364098034799099,0.03463905677199364,0.014834866859018803,0.006295932922512293,0.01823290064930916,0.006464116740971804,5.493250137078576e-05,5.4748474212829024e-05
2627,2627,7.511852163588628e-05,,,,,,,,,
2628,2628,,,0.013348845764994621,0.03460655361413956,0.014810239896178246,0.006282649468630552,0.018218280747532845,0.00645221583545208,5.476945807458833e-05,5.4748474212829024e-05
2628,2628,7.503460074076429e-05,,,,,,,,,
2629,2629,,,0.013335182331502438,0.03457624465227127,0.014789480715990067,0.006272139959037304,0.018207790330052376,0.006443473510444164,5.464174319058657e-05,5.464174319058657e-05
2629,2629,7.495251338696107e-05,,,,,,,,,
2630,2630,,,0.013330157846212387,0.034550681710243225,0.01478684600442648,0.0062904455699026585,0.018208885565400124,0.006457843352109194,5.4762433137511835e-05,5.464174319058657e-05
2630,2630,7.487158291041851e-05,,,,,,,,,
2631,2631,,,0.01330788154155016,0.034514110535383224,0.014747422188520432,0.0062546636909246445,0.018183844164013863,0.00642748549580574,5.4401498346123844e-05,5.4401498346123844e-05
2631,2631,7.479172199964523e-05,,,,,,,,,
2632,2632,,,0.013309591449797153,0.034492816776037216,0.014759335666894913,0.006291606929153204,0.01819661073386669,0.006458251271396875,5.469822644954547e-05,5.4401498346123844e-05
2632,2632,7.471226854249835e-05,,,,,,,,,
2633,2633,,,0.01328351628035307,0.03445320948958397,0.01471039280295372,0.006243630312383175,0.018164610490202904,0.006417030468583107,5.422312460723333e-05,5.422312460723333e-05
2633,2633,7.463286601705477e-05,,,,,,,,,
2634,2634,,,0.013287409208714962,0.034434378147125244,0.014728186652064323,0.00628705695271492,0.018180733546614647,0.006453664042055607,5.458127270685509e-05,5.422312460723333e-05
2634,2634,7.455264130840078e-05,,,,,,,,,
2635,2635,,,0.013259600847959518,0.03439514711499214,0.014676673337817192,0.006236930377781391,0.018147431313991547,0.006410595029592514,5.408566357800737e-05,5.408566357800737e-05
2635,2635,7.447254029102623e-05,,,,,,,,,
2636,2636,,,0.013262130320072174,0.03437566012144089,0.014691811986267567,0.00627855584025383,0.01816253736615181,0.006445447914302349,5.4424224799731746e-05,5.408566357800737e-05
2636,2636,7.439209730364382e-05,,,,,,,,,
2637,2637,,,0.013237126171588898,0.03433683514595032,0.014645774848759174,0.006233371328562498,0.01813298650085926,0.006407166365534067,5.398023859015666e-05,5.398023859015666e-05
2637,2637,7.431107951560989e-05,,,,,,,,,
2638,2638,,,0.01323650497943163,0.03431496396660805,0.014653543010354042,0.006266579031944275,0.018142500892281532,0.006434309296309948,5.4236490541370586e-05,5.398023859015666e-05
2638,2638,7.423009083140641e-05,,,,,,,,,
2639,2639,,,0.01321526151150465,0.0342799611389637,0.014616560190916061,0.006233156193047762,0.018119601532816887,0.006406168919056654,5.390178193920292e-05,5.390178193920292e-05
2639,2639,7.41491312510334e-05,,,,,,,,,
2640,2640,,,0.01321032177656889,0.03425568342208862,0.014614934101700783,0.006252252031117678,0.01812214031815529,0.006421550642699003,5.403254908742383e-05,5.390178193920292e-05
2640,2640,7.40687464713119e-05,,,,,,,,,
2641,2641,,,0.013193807564675808,0.03422318026423454,0.01458756159991026,0.006234200205653906,0.01810566335916519,0.006405822467058897,5.383065217756666e-05,5.383065217756666e-05
2641,2641,7.39880561013706e-05,,,,,,,,,
2642,2642,,,0.013184553012251854,0.034196048974990845,0.014576521702110767,0.006238036789000034,0.018101537600159645,0.0064087859354913235,5.38293388672173e-05,5.38293388672173e-05
2642,2642,7.390820974251255e-05,,,,,,,,,
2643,2643,,,0.013172819279134274,0.03416750952601433,0.014559473842382431,0.0062345839105546474,0.018092578276991844,0.006405125372111797,5.3758183639729396e-05,5.3758183639729396e-05
2643,2643,7.382864714600146e-05,,,,,,,,,
2644,2644,,,0.013159963302314281,0.03413746505975723,0.014539779163897038,0.006225768011063337,0.018081285059452057,0.00639739353209734,5.3642637794837356e-05,5.3642637794837356e-05
2644,2644,7.37491573090665e-05,,,,,,,,,
2645,2645,,,0.013151629827916622,0.034110333770513535,0.014530237764120102,0.00623319623991847,0.018078232184052467,0.006403010804206133,5.366966433939524e-05,5.3642637794837356e-05
2645,2645,7.367016951320693e-05,,,,,,,,,
2646,2646,,,0.013135792687535286,0.03407835587859154,0.014503696002066135,0.006215223111212254,0.018062300980091095,0.006387424189597368,5.347134356270544e-05,5.347134356270544e-05
2646,2646,7.359122537309304e-05,,,,,,,,,
2647,2647,,,0.013129742816090584,0.03405430167913437,0.01450001634657383,0.006230305880308151,0.018063118681311607,0.006399647332727909,5.3568273870041594e-05,5.347134356270544e-05
2647,2647,7.351291424129158e-05,,,,,,,,,
2648,2648,,,0.013111778534948826,0.03402159363031387,0.014468871988356113,0.00620623305439949,0.01804344914853573,0.006378755904734135,5.3313815442379564e-05,5.3313815442379564e-05
2648,2648,7.343429751927033e-05,,,,,,,,,
2649,2649,,7.33558990759775e-05,,,,,,,,
2649,2649,,,0.013107645325362682,0.03399774059653282,0.014469015412032604,0.006226531229913235,0.018047956749796867,0.006395460572093725,5.345914178178646e-05,5.3313815442379564e-05
2649,2649,7.33558990759775e-05,,,,,,,,,
2650,2650,,,0.013089105486869812,0.03396198898553848,0.014435404911637306,0.006198067683726549,0.018026607111096382,0.006371081806719303,5.316772512742318e-05,5.316772512742318e-05
2650,2650,7.327747152885422e-05,,,,,,,,,
2651,2651,,,0.013085393235087395,0.033940188586711884,0.01443683821707964,0.006221565883606672,0.018030812963843346,0.006390079855918884,5.3336316341301426e-05,5.316772512742318e-05
2651,2651,7.319937139982358e-05,,,,,,,,,
2652,2652,,,0.013065936043858528,0.033906299620866776,0.01440239604562521,0.006191241554915905,0.018009621649980545,0.006364403758198023,5.303229409037158e-05,5.303229409037158e-05
2652,2652,7.31214095139876e-05,,,,,,,,,
2653,2653,,,0.013062567450106144,0.03388413414359093,0.01440473087131977,0.006215440575033426,0.018015138804912567,0.006384017411619425,5.3208670578897e-05,5.303229409037158e-05
2653,2653,7.304288010345772e-05,,,,,,,,,
2654,2654,,,0.013043414801359177,0.033848851919174194,0.014369905926287174,0.006185393780469894,0.017992408946156502,0.006358332000672817,5.290320041240193e-05,5.290320041240193e-05
2654,2654,7.296523108379915e-05,,,,,,,,,
2655,2655,,,0.013039913959801197,0.03382645547389984,0.01437153946608305,0.006208464968949556,0.017998233437538147,0.006377244368195534,5.3071900765644386e-05,5.290320041240193e-05
2655,2655,7.288725464604795e-05,,,,,,,,,
2656,2656,,,0.013021765276789665,0.03379180654883385,0.014338499866425991,0.006179993040859699,0.017977142706513405,0.006352846510708332,5.278273965814151e-05,5.278273965814151e-05
2656,2656,7.280954741872847e-05,,,,,,,,,
2657,2657,,,0.01301751658320427,0.03376995772123337,0.014339291490614414,0.006201535928994417,0.017980342730879784,0.006370297633111477,5.2934577979613096e-05,5.278273965814151e-05
2657,2657,7.273198571056128e-05,,,,,,,,,
2658,2658,,,0.012999080121517181,0.03373587876558304,0.014306086115539074,0.006174382288008928,0.01795997843146324,0.0063470508903265,5.265659638098441e-05,5.265659638098441e-05
2658,2658,7.265444583026692e-05,,,,,,,,,
2659,2659,,,0.012994859367609024,0.03371351584792137,0.014306260272860527,0.0061949179507792,0.01796494610607624,0.006363827269524336,5.2803534345002845e-05,5.265659638098441e-05
2659,2659,7.257715333253145e-05,,,,,,,,,
2660,2660,,,0.012977388687431812,0.03367914631962776,0.014274598099291325,0.006168322637677193,0.01794365607202053,0.006340983789414167,5.252999471849762e-05,5.252999471849762e-05
2660,2660,7.249983900692314e-05,,,,,,,,,
2661,2661,,,0.012972486205399036,0.033656563609838486,0.014273818582296371,0.006188890431076288,0.017946474254131317,0.006357427220791578,5.267121741781011e-05,5.252999471849762e-05
2661,2661,7.242286665132269e-05,,,,,,,,,
2662,2662,,,0.012955115176737309,0.033623237162828445,0.014242575503885746,0.0061620622873306274,0.01792786456644535,0.0063348328694701195,5.240275277174078e-05,5.240275277174078e-05
2662,2662,7.23460761946626e-05,,,,,,,,,
2663,2663,,,0.01295078732073307,0.03360077738761902,0.01424237061291933,0.006183018442243338,0.017930595204234123,0.006351529620587826,5.254705320112407e-05,5.240275277174078e-05
2663,2663,7.226928573800251e-05,,,,,,,,,
2664,2664,,,0.01293258648365736,0.03356591612100601,0.014209333807229996,0.006155510898679495,0.01790943369269371,0.006328005809336901,5.226639405009337e-05,5.226639405009337e-05
2664,2664,7.219246617751196e-05,,,,,,,,,
2665,2665,,,0.012928490526974201,0.033544812351465225,0.014210440218448639,0.006177636794745922,0.01791496016085148,0.006346078123897314,5.24264105479233e-05,5.226639405009337e-05
2665,2665,7.211609045043588e-05,,,,,,,,,
2666,2666,,,0.012910683639347553,0.03351115807890892,0.014177423901855946,0.00614837184548378,0.017892789095640182,0.006321028806269169,5.213213444221765e-05,5.213213444221765e-05
2666,2666,7.203975110314786e-05,,,,,,,,,
2667,2667,,,0.012907266616821289,0.03348938748240471,0.014179900288581848,0.006173386238515377,0.01789774000644684,0.006341195199638605,5.231214890955016e-05,5.213213444221765e-05
2667,2667,7.196386286523193e-05,,,,,,,,,
2668,2668,,,0.012888374738395214,0.03345306217670441,0.014143920503556728,0.006140393204987049,0.01787590980529785,0.006313355639576912,5.1989136409247294e-05,5.1989136409247294e-05
2668,2668,7.188801828306168e-05,,,,,,,,,
2669,2669,,,0.012886467389762402,0.03343437984585762,0.014150080271065235,0.0061699156649410725,0.0178831797093153,0.006337281316518784,5.220984166953713e-05,5.1989136409247294e-05
2669,2669,7.181237742770463e-05,,,,,,,,,
2670,2670,,,0.01286619994789362,0.033398013561964035,0.014110831543803215,0.006131284404546022,0.01785643771290779,0.0063045453280210495,5.183494431548752e-05,5.183494431548752e-05
2670,2670,7.173651829361916e-05,,,,,,,,,
2671,2671,,,0.012865863740444183,0.033380262553691864,0.01412111148238182,0.006168079562485218,0.017868757247924805,0.006334570702165365,5.212016185396351e-05,5.183494431548752e-05
2671,2671,7.166157593019307e-05,,,,,,,,,
2672,2672,,,0.012843910604715347,0.03334028646349907,0.014076675288379192,0.006120887119323015,0.017838774248957634,0.00629490427672863,5.167353810975328e-05,5.167353810975328e-05
2672,2672,7.158656808314845e-05,,,,,,,,,
2673,2673,,,0.012846527621150017,0.03332607448101044,0.014093823730945587,0.00616768654435873,0.017853781580924988,0.006332913413643837,5.20416688232217e-05,5.167353810975328e-05
2673,2673,7.151161844376475e-05,,,,,,,,,
2674,2674,,,0.012821067124605179,0.03328441455960274,0.01404134277254343,0.0061088125221431255,0.01781872846186161,0.006283653434365988,5.14953353558667e-05,5.14953353558667e-05
2674,2674,7.143753464333713e-05,,,,,,,,,
2675,2675,,,0.012826786376535892,0.03327347710728645,0.014067457057535648,0.006169926840811968,0.017842425033450127,0.00633376557379961,5.199002771405503e-05,5.14953353558667e-05
2675,2675,7.136379281291738e-05,,,,,,,,,
2676,2676,,,0.012797790579497814,0.03322610259056091,0.014004027470946312,0.0060938885435462,0.017796408385038376,0.006269818637520075,5.129021519678645e-05,5.129021519678645e-05
2676,2676,7.129104778869078e-05,,,,,,,,,
2677,2677,,,0.012808656319975853,0.033221811056137085,0.014043631963431835,0.006176362279802561,0.01783183217048645,0.006337879691272974,5.197235805098899e-05,5.129021519678645e-05
2677,2677,7.121907401597127e-05,,,,,,,,,
2678,2678,,,0.012773741967976093,0.03316764906048775,0.01396392472088337,0.006074625067412853,0.017773808911442757,0.006252686958760023,5.1052636990789324e-05,5.1052636990789324e-05
2678,2678,7.114909385563806e-05,,,,,,,,,
2679,2679,,,0.012792831286787987,0.0331721231341362,0.01402469165623188,0.006189526524394751,0.017822762951254845,0.00634714076295495,5.2009876526426524e-05,5.1052636990789324e-05
2679,2679,7.108066347427666e-05,,,,,,,,,
2680,2680,,,0.012747985310852528,0.033107709139585495,0.013919128105044365,0.006049150135368109,0.01774647645652294,0.00623014010488987,5.075838998891413e-05,5.075838998891413e-05
2680,2680,7.101572555257007e-05,,,,,,,,,
2681,2681,,,0.012779410928487778,0.033126022666692734,0.014010870829224586,0.006212640553712845,0.017820842564105988,0.006364732515066862,5.213743861531839e-05,5.075838998891413e-05
2681,2681,7.095447654137388e-05,,,,,,,,,
2682,2682,,,0.012721933424472809,0.033045656979084015,0.013869370333850384,0.006015595979988575,0.017713703215122223,0.006200373638421297,5.039306415710598e-05,5.039306415710598e-05
2682,2682,7.089907740009949e-05,,,,,,,,,
2683,2683,,,0.012770206667482853,0.03308389335870743,0.014005821198225021,0.006252088584005833,0.017822861671447754,0.006394980009645224,5.23978887940757e-05,5.039306415710598e-05
2683,2683,7.085325341904536e-05,,,,,,,,,
2684,2684,,,0.012693717144429684,0.03298025205731392,0.013809116557240486,0.005970428232103586,0.017674224451184273,0.006160221993923187,4.992439062334597e-05,4.992439062334597e-05
2684,2684,7.082146476022899e-05,,,,,,,,,
2685,2685,,,0.01277008093893528,0.0330517515540123,0.014016138389706612,0.0063191866502165794,0.01783672720193863,0.00644700787961483,5.289709224598482e-05,4.992439062334597e-05
2685,2685,7.081015064613894e-05,,,,,,,,,
2686,2686,,,0.012664874084293842,0.03291116654872894,0.013734312728047371,0.00591100612655282,0.017619922757148743,0.006105761043727398,4.9314934585709125e-05,4.9314934585709125e-05
2686,2686,7.083049422362819e-05,,,,,,,,,
2687,2687,,,0.01278492622077465,0.0330333337187767,0.014050238765776157,0.006436314899474382,0.017868101596832275,0.006537530105561018,5.382065864978358e-05,4.9314934585709125e-05
2687,2687,7.089963037287816e-05,,,,,,,,,
2688,2688,,,0.012639974243938923,0.03283802792429924,0.013638744130730629,0.005838047247380018,0.017545977607369423,0.006034755613654852,4.855263978242874e-05,4.855263978242874e-05
2688,2688,7.10451859049499e-05,,,,,,,,,
2689,2689,,,0.01283228024840355,0.03304458037018776,0.014125983230769634,0.006645797286182642,0.017924997955560684,0.006697609089314938,5.5536751460749656e-05,4.855263978242874e-05
2689,2689,7.130903395591304e-05,,,,,,,,,
2690,2690,,,0.012630539014935493,0.032765377312898636,0.01351151056587696,0.005770659074187279,0.017440978437662125,0.005954301450401545,4.7721474402351305e-05,4.7721474402351305e-05
2690,2690,7.176047802204266e-05,,,,,,,,,
2691,2691,,,0.012946915812790394,0.033114273101091385,0.014275054447352886,0.007031893357634544,0.01802869513630867,0.006989962421357632,5.8839967095991597e-05,4.7721474402351305e-05
2691,2691,7.250895578181371e-05,,,,,,,,,
2692,2692,,,0.012676835991442204,0.03271248936653137,0.013345583342015743,0.005785768385976553,0.017280980944633484,0.005904697813093662,4.724189420812763e-05,4.724189420812763e-05
2692,2692,7.373244443442672e-05,,,,,,,,,
2693,2693,,,0.013215702958405018,0.03331000357866287,0.014561021700501442,0.007763482630252838,0.018210971727967262,0.007540813181549311,6.55282856314443e-05,4.724189420812763e-05
2693,2693,7.572079630335793e-05,,,,,,,,,
2694,2694,,,0.012888621538877487,0.03273933380842209,0.013147467747330666,0.006119657773524523,0.017038241028785706,0.00603123614564538,4.860789340455085e-05,4.724189420812763e-05
2694,2694,7.894337613834068e-05,,,,,,,,,
2695,2695,,,0.013840850442647934,0.03379392623901367,0.015111954882740974,0.00916315894573927,0.018524831160902977,0.008598186075687408,7.990244921529666e-05,4.724189420812763e-05
2695,2695,8.417299250140786e-05,,,,,,,,,
2696,2696,,,0.013555125333368778,0.033034250140190125,0.012986385263502598,0.007328280247747898,0.0166691392660141,0.006732716225087643,5.6423654314130545e-05,4.724189420812763e-05
2696,2696,9.266384586226195e-05,,,,,,,,,
2697,2697,,,0.015272163785994053,0.034944795072078705,0.01618640497326851,0.01177471224218607,0.01906592957675457,0.010601778514683247,0.00011248247028561309,4.724189420812763e-05
2697,2697,0.00010645715519785881,,,,,,,,,
2698,2698,,,0.015326681546866894,0.03408823907375336,0.013124290853738785,0.010283898562192917,0.01612776517868042,0.008768382482230663,8.370049181394279e-05,4.724189420812763e-05
2698,2698,0.00012881332077085972,,,,,,,,,
2699,2699,,0.0001648295728955418,,,,,,,,
2699,2699,,,0.018327323719859123,0.0375756099820137,0.018253641203045845,0.016354575753211975,0.019981440156698227,0.014188401401042938,0.00018807308515533805,4.724189420812763e-05
2699,2699,0.0001648295728955418,,,,,,,,,
2700,2700,,,0.019222499802708626,0.03694840520620346,0.014207308180630207,0.015806421637535095,0.015424629673361778,0.012950794771313667,0.00016187530127353966,4.724189420812763e-05
2700,2700,0.00022197973157744855,,,,,,,,,
2701,2701,,,0.023873355239629745,0.042880263179540634,0.02187490463256836,0.023494040593504906,0.02140330895781517,0.01987069845199585,0.0003531085676513612,4.724189420812763e-05
2701,2701,0.0003102082700934261,,,,,,,,,
2702,2702,,,0.02565998211503029,0.04260002449154854,0.016830889508128166,0.023815050721168518,0.014764242805540562,0.019269803538918495,0.00033668417017906904,4.724189420812763e-05
2702,2702,0.00043956449371762574,,,,,,,,,
2703,2703,,,0.03111916407942772,0.05055443197488785,0.026649273931980133,0.03196495398879051,0.023053612560033798,0.02666151523590088,0.0006235534092411399,4.724189420812763e-05
2703,2703,0.0006128862733021379,,,,,,,,,
2704,2704,,,0.03161568567156792,0.048375483602285385,0.01940859481692314,0.03076358139514923,0.014484292827546597,0.024817032739520073,0.0005463995039463043,4.724189420812763e-05
2704,2704,0.0008094502845779061,,,,,,,,,
2705,2705,,,0.03430707007646561,0.054088789969682693,0.02882826328277588,0.035211291164159775,0.02345890924334526,0.029230935499072075,0.0007484830566681921,4.724189420812763e-05
2705,2705,0.0009655550238676369,,,,,,,,,
2706,2706,,,0.02866971306502819,0.04507673159241676,0.017958318814635277,0.02741227298974991,0.014659996144473553,0.022092506289482117,0.00043751936755143106,4.724189420812763e-05
2706,2706,0.0009816121309995651,,,,,,,,,
2707,2707,,,0.025190073996782303,0.04406663030385971,0.022992035374045372,0.023759273812174797,0.021007146686315536,0.019986188039183617,0.0003610114217735827,4.724189420812763e-05
2707,2707,0.0007871169364079833,,,,,,,,,
2708,2708,,,0.015311100520193577,0.03367551788687706,0.013731836341321468,0.010022234171628952,0.01627286896109581,0.008459867909550667,8.076545054791495e-05,4.724189420812763e-05
2708,2708,0.00044828085810877383,,,,,,,,,
2709,2709,,,0.013133790343999863,0.032823577523231506,0.014347485266625881,0.005812837742269039,0.017347585409879684,0.005865927319973707,4.830182297155261e-05,4.724189420812763e-05
2709,2709,0.0001550735323689878,,,,,,,,,
2710,2710,,,0.01861109398305416,0.03776028752326965,0.018787581473588943,0.015621434897184372,0.019387634471058846,0.01350371539592743,0.0001744309556670487,4.724189420812763e-05
2710,2710,7.278771954588592e-05,,,,,,,,,
2711,2711,,,0.020693311467766762,0.03803790733218193,0.014790782704949379,0.018012939020991325,0.015286033973097801,0.01456118281930685,0.00020140760170761496,4.724189420812763e-05
2711,2711,0.00019789689395111054,,,,,,,,,
2712,2712,,,0.02494768425822258,0.043589409440755844,0.022721435874700546,0.023832252249121666,0.021010151132941246,0.020082594826817513,0.00036258756881579757,4.724189420812763e-05
2712,2712,0.00038064931868575513,,,,,,,,,
2713,2713,,,0.020371735095977783,0.03757466375827789,0.014568435959517956,0.017333419993519783,0.015277309343218803,0.014030270278453827,0.00018835831724572927,4.724189420812763e-05
2713,2713,0.0004537378845270723,,,,,,,,,
2714,2714,,,0.01716693304479122,0.03657907992601395,0.01762380450963974,0.01457306183874607,0.019149431958794594,0.0127048809081316,0.0001547198771731928,4.724189420812763e-05
2714,2714,0.0003559841716196388,,,,,,,,,
2715,2715,,,0.01241773460060358,0.032454218715429306,0.013435437344014645,0.005966630298644304,0.017196455970406532,0.005911572370678186,4.7635199734941125e-05,4.724189420812763e-05
2715,2715,0.00017948567983694375,,,,,,,,,
2716,2716,,,0.013409210368990898,0.03264604136347771,0.012998954392969608,0.007557256147265434,0.016503380611538887,0.006748228799551725,5.710306140827015e-05,4.724189420812763e-05
2716,2716,7.34420245862566e-05,,,,,,,,,
2717,2717,,,0.01758613809943199,0.03712873160839081,0.017724813893437386,0.015620010904967785,0.01927444152534008,0.013523660600185394,0.0001723617169773206,4.724189420812763e-05
2717,2717,0.00010374403063906357,,,,,,,,,
2718,2718,,,0.01825125515460968,0.03550054877996445,0.0138785932213068,0.014511866495013237,0.01571832038462162,0.011803369969129562,0.00013919558841735125,4.724189420812763e-05
2718,2718,0.0002059311227640137,,,,,,,,,
2719,2719,,,0.01800878904759884,0.03764300048351288,0.017909323796629906,0.01654880680143833,0.019313454627990723,0.014238430187106133,0.0001888736878754571,4.724189420812763e-05
2719,2719,0.000264914968283847,,,,,,,,,
2720,2720,,,0.014173706993460655,0.032662563025951385,0.012857644818723202,0.008874263614416122,0.016394812613725662,0.00762921990826726,6.816543464083225e-05,4.724189420812763e-05
2720,2720,0.00022538744087796658,,,,,,,,,
2721,2721,,,0.012356157414615154,0.03230737894773483,0.013740291818976402,0.007121412083506584,0.017727646976709366,0.006895607337355614,5.7369084970559925e-05,4.724189420812763e-05
2721,2721,0.00013126996054779738,,,,,,,,,
2722,2722,,,0.013100775890052319,0.03297986835241318,0.014438701793551445,0.008813945576548576,0.01811872608959675,0.008227906189858913,7.406974327750504e-05,4.724189420812763e-05
2722,2722,7.131872553145513e-05,,,,,,,,,
2723,2723,,,0.014532937668263912,0.032515279948711395,0.012803556397557259,0.009470726363360882,0.01634216122329235,0.008064880967140198,7.386619836324826e-05,4.724189420812763e-05
2723,2723,8.733693539397791e-05,,,,,,,,,
2724,2724,,,0.016424616798758507,0.035788267850875854,0.016692837700247765,0.014370831660926342,0.01916084997355938,0.01255105808377266,0.0001499850768595934,4.724189420812763e-05
2724,2724,0.00014332191494759172,,,,,,,,,
2725,2725,,,0.01461580116301775,0.03248705342411995,0.012817975133657455,0.009696897119283676,0.01637769490480423,0.008243036456406116,7.626297883689404e-05,4.724189420812763e-05
2725,2725,0.00017350964481011033,,,,,,,,,
2726,2726,,,0.013703609816730022,0.033179692924022675,0.014819174073636532,0.00984619278460741,0.01835137978196144,0.009043782018125057,8.57272680150345e-05,4.724189420812763e-05
2726,2726,0.00014865995035506785,,,,,,,,,
2727,2727,,,0.012196327559649944,0.03146883100271225,0.01321692205965519,0.006072715390473604,0.017498672008514404,0.006117073819041252,4.8709436669014394e-05,4.724189420812763e-05
2727,2727,9.737180516822264e-05,,,,,,,,,
2728,2728,,,0.012475556693971157,0.03134474903345108,0.012858549132943153,0.006132051814347506,0.017086271196603775,0.005977260880172253,4.7645131417084485e-05,4.724189420812763e-05
2728,2728,6.85188642819412e-05,,,,,,,,,
2729,2729,,,0.014507238753139973,0.033748723566532135,0.015399315394461155,0.011013851501047611,0.01853627897799015,0.009943302720785141,0.00010030202975030988,4.724189420812763e-05
2729,2729,8.105610322672874e-05,,,,,,,,,
2730,2730,,,0.013921190984547138,0.03188835456967354,0.012794009409844875,0.008479451760649681,0.01654115319252014,0.007412416860461235,6.474699330283329e-05,4.724189420812763e-05
2730,2730,0.00011167109187226743,,,,,,,,,
2731,2731,,,0.014436580240726471,0.033610209822654724,0.015344751998782158,0.010726471431553364,0.018543032929301262,0.009734788909554482,9.689749276731163e-05,4.724189420812763e-05
2731,2731,0.00012492512178141624,,,,,,,,,
2732,2732,,,0.012597175315022469,0.03127284720540047,0.01286067720502615,0.006257692351937294,0.016945146024227142,0.006040174048393965,4.8226225771941245e-05,4.724189420812763e-05
2732,2732,0.00010874281724682078,,,,,,,,,
2733,2733,,,0.012302704155445099,0.03151373937726021,0.013413973152637482,0.006248157937079668,0.017544567584991455,0.006310475058853626,5.045424768468365e-05,4.724189420812763e-05
2733,2733,8.108370820991695e-05,,,,,,,,,
2734,2734,,,0.012846306897699833,0.03213226795196533,0.01405385509133339,0.007871827110648155,0.017920823767781258,0.007540549151599407,6.465583282988518e-05,4.724189420812763e-05
2734,2734,6.757175287930295e-05,,,,,,,,,
2735,2735,,,0.012913272716104984,0.031349241733551025,0.012662874534726143,0.0067778998054564,0.016732504591345787,0.006313414312899113,5.119773413753137e-05,4.724189420812763e-05
2735,2735,7.592191104777157e-05,,,,,,,,,
2736,2736,,,0.01377855334430933,0.03301800787448883,0.014779542572796345,0.009875076822936535,0.01829986274242401,0.009083732031285763,8.603319292888045e-05,4.724189420812763e-05
2736,2736,9.231725562131032e-05,,,,,,,,,
2737,2737,,,0.012814970687031746,0.03128659725189209,0.012614753097295761,0.006631238851696253,0.01680571399629116,0.006228930316865444,5.0236172683071345e-05,4.724189420812763e-05
2737,2737,9.839527774602175e-05,,,,,,,,,
2738,2738,,,0.012613254599273205,0.03191124647855759,0.01377843040972948,0.007520661689341068,0.01780543476343155,0.007299705408513546,6.124370702309534e-05,4.724189420812763e-05
2738,2738,8.890488970791921e-05,,,,,,,,,
2739,2739,,,0.012167167849838734,0.03132554516196251,0.013112109154462814,0.006061801686882973,0.017410051077604294,0.006171375513076782,4.864186848863028e-05,4.724189420812763e-05
2739,2739,7.405507494695485e-05,,,,,,,,,
2740,2740,,,0.012284107506275177,0.03116368129849434,0.012794677168130875,0.005862978287041187,0.01713835448026657,0.0059010861441493034,4.623517088475637e-05,4.623517088475637e-05
2740,2740,6.707604916300625e-05,,,,,,,,,
2741,2741,,,0.012923632748425007,0.03221562132239342,0.014049094170331955,0.00820830836892128,0.017969727516174316,0.007846211083233356,6.802509597036988e-05,4.623517088475637e-05
2741,2741,7.16208596713841e-05,,,,,,,,,
2742,2742,,,0.012718342244625092,0.031203778460621834,0.012623093090951443,0.006325088907033205,0.016827628016471863,0.006083422340452671,4.838725726585835e-05,4.623517088475637e-05
2742,2742,8.035860082600266e-05,,,,,,,,,
2743,2743,,,0.012894942425191402,0.03216538205742836,0.01401249598711729,0.0081263342872262,0.01794288493692875,0.007784584537148476,6.71959132887423e-05,4.623517088475637e-05
2743,2743,8.374293247470632e-05,,,,,,,,,
2744,2744,,,0.012306866236031055,0.03114595264196396,0.012830396182835102,0.005747928284108639,0.01710238680243492,0.005861007608473301,4.565411290968768e-05,4.565411290968768e-05
2744,2744,7.895512680988759e-05,,,,,,,,,
2745,2745,,,0.012281622737646103,0.031360264867544174,0.01322372630238533,0.0062356810085475445,0.017393209040164948,0.006322992965579033,5.0057969929184765e-05,4.565411290968768e-05
2745,2745,7.099278445821255e-05,,,,,,,,,
2746,2746,,,0.012413137592375278,0.03155263513326645,0.013477490283548832,0.006701335310935974,0.017580926418304443,0.00670924736186862,5.416010390035808e-05,4.565411290968768e-05
2746,2746,6.674051837762818e-05,,,,,,,,,
2747,2747,,,0.012403425760567188,0.031082576140761375,0.012769953347742558,0.005826374515891075,0.016970986500382423,0.00586700951680541,4.5764627429889515e-05,4.565411290968768e-05
2747,2747,6.855796527815983e-05,,,,,,,,,
2748,2748,,,0.012792229652404785,0.03191833943128586,0.01389160007238388,0.007799448911100626,0.01773074083030224,0.007516833022236824,6.370556366164237e-05,4.565411290968768e-05
2748,2748,7.314914546441287e-05,,,,,,,,,
2749,2749,,7.553285104222596e-05,,,,,,,,
2749,2749,,,0.012416040524840355,0.031048981472849846,0.012749056331813335,0.005814325995743275,0.016928989440202713,0.005851392634212971,4.558575892588124e-05,4.558575892588124e-05
2749,2749,7.553285104222596e-05,,,,,,,,,
2750,2750,,,0.012492986395955086,0.03154052048921585,0.013556309975683689,0.006959008052945137,0.01752607524394989,0.006875692401081324,5.601067823590711e-05,4.558575892588124e-05
2750,2750,7.362217002082616e-05,,,,,,,,,
2751,2751,,,0.012257102876901627,0.03113151527941227,0.013062995858490467,0.005932336673140526,0.017166459932923317,0.0060615395195782185,4.733517562272027e-05,4.558575892588124e-05
2751,2751,6.942618347238749e-05,,,,,,,,,
2752,2752,,,0.012251854874193668,0.03110339492559433,0.013024566695094109,0.005850847344845533,0.01714465394616127,0.0059990352019667625,4.672119757742621e-05,4.558575892588124e-05
2752,2752,6.652287265751511e-05,,,,,,,,,
2753,2753,,,0.01248342264443636,0.031513579189777374,0.013539242558181286,0.00691606942564249,0.01747329719364643,0.0068351649679243565,5.55422629986424e-05,4.558575892588124e-05
2753,2753,6.673773168586195e-05,,,,,,,,,
2754,2754,,,0.01234380155801773,0.03101273626089096,0.012807613238692284,0.005740812513977289,0.016914399340748787,0.005831698887050152,4.522177914623171e-05,4.522177914623171e-05
2754,2754,6.897348794154823e-05,,,,,,,,,
2755,2755,,,0.012555599212646484,0.031627628952264786,0.013636822812259197,0.007129078730940819,0.01752348430454731,0.007004730869084597,5.7458037190372124e-05,4.522177914623171e-05
2755,2755,7.071301661198959e-05,,,,,,,,,
2756,2756,,,0.012280125170946121,0.031036682426929474,0.012879139743745327,0.005759142339229584,0.016999879851937294,0.005884536541998386,4.5634056732524186e-05,4.522177914623171e-05
2756,2756,7.036935858195648e-05,,,,,,,,,
2757,2757,,,0.012300516478717327,0.031318578869104385,0.01328507624566555,0.00633446779102087,0.0173121839761734,0.006409283261746168,5.073511420050636e-05,4.522177914623171e-05
2757,2757,6.837309774709865e-05,,,,,,,,,
2758,2758,,,0.0122416652739048,0.03120940551161766,0.01314902026206255,0.006130744703114033,0.0172285083681345,0.006240307353436947,4.8966183385346085e-05,4.522177914623171e-05
2758,2758,6.64167309878394e-05,,,,,,,,,
2759,2759,,,0.012196678668260574,0.031049268320202827,0.012919068336486816,0.005791186820715666,0.017077963799238205,0.005956664681434631,4.612983320839703e-05,4.522177914623171e-05
2759,2759,6.584158109035343e-05,,,,,,,,,
2760,2760,,,0.012340010143816471,0.031416766345500946,0.013377430848777294,0.006696891505271196,0.017401838675141335,0.006691393442451954,5.365843389881775e-05,4.522177914623171e-05
2760,2760,6.664802640443668e-05,,,,,,,,,
2761,2761,,,0.012197986245155334,0.0309534203261137,0.012771246023476124,0.005732758902013302,0.01696036197245121,0.005873883608728647,4.530445221462287e-05,4.522177914623171e-05
2761,2761,6.776765803806484e-05,,,,,,,,,
2762,2762,,,0.012282315641641617,0.03134201094508171,0.013305525295436382,0.006636646576225758,0.017382172867655754,0.006647289264947176,5.308425534167327e-05,4.522177914623171e-05
2762,2762,6.811028288211673e-05,,,,,,,,,
2763,2763,,,0.012117275968194008,0.03095173090696335,0.012829011306166649,0.005792844109237194,0.01703624054789543,0.0059566074050962925,4.594599886331707e-05,4.522177914623171e-05
2763,2763,6.741165998391807e-05,,,,,,,,,
2764,2764,,,0.012125452980399132,0.031073782593011856,0.013019085861742496,0.006126604042947292,0.017183544114232063,0.0062393201515078545,4.8692574637243524e-05,4.522177914623171e-05
2764,2764,6.626526737818494e-05,,,,,,,,,
2765,2765,,,0.012114261277019978,0.031058823689818382,0.013019069097936153,0.006137150339782238,0.017196420580148697,0.006252476014196873,4.879494008491747e-05,4.522177914623171e-05
2765,2765,6.549631507368758e-05,,,,,,,,,
2766,2766,,,0.01207886915653944,0.030866295099258423,0.012783569283783436,0.005803235806524754,0.01700325310230255,0.005955421831458807,4.5856268116040155e-05,4.522177914623171e-05
2766,2766,6.54883187962696e-05,,,,,,,,,
2767,2767,,,0.012174400500953197,0.0311362873762846,0.013146121054887772,0.006488454528152943,0.017263110727071762,0.006514898035675287,5.15084684593603e-05,4.522177914623171e-05
2767,2767,6.598822074010968e-05,,,,,,,,,
2768,2768,,,0.012069239281117916,0.030777255073189735,0.012714766897261143,0.005733686964958906,0.016950780525803566,0.005891128908842802,4.5205801143310964e-05,4.5205801143310964e-05
2768,2768,6.64280669298023e-05,,,,,,,,,
2769,2769,,,0.01213860884308815,0.031040146946907043,0.013079311698675156,0.0064079053699970245,0.017215674743056297,0.006444456521421671,5.0724898756016046e-05,4.5205801143310964e-05
2769,2769,6.640119681833312e-05,,,,,,,,,
2770,2770,,,0.0120396101847291,0.030777253210544586,0.01278491411358118,0.005834574345499277,0.017004938796162605,0.005989066790789366,4.6059642045293e-05,4.5205801143310964e-05
2770,2770,6.59249781165272e-05,,,,,,,,,
2771,2771,,,0.012054839171469212,0.030838223174214363,0.01289248839020729,0.006054976023733616,0.01709064096212387,0.0061670574359595776,4.7802932385820895e-05,4.5205801143310964e-05
2771,2771,6.53392999083735e-05,,,,,,,,,
2772,2772,,,0.01205673161894083,0.030841635540127754,0.012916826643049717,0.006122431717813015,0.017110195010900497,0.006222773343324661,4.833119601244107e-05,4.5205801143310964e-05
2772,2772,6.499797746073455e-05,,,,,,,,,
2773,2773,,,0.012013540603220463,0.030680762603878975,0.012731624767184258,0.005814756732434034,0.016971901059150696,0.005969050340354443,4.578558582579717e-05,4.5205801143310964e-05
2773,2773,6.50163201498799e-05,,,,,,,,,
2774,2774,,,0.012082747183740139,0.030877428129315376,0.012987389229238033,0.006338146980851889,0.01716398447751999,0.006388161331415176,4.99985835631378e-05,4.5205801143310964e-05
2774,2774,6.52396265650168e-05,,,,,,,,,
2775,2775,,,0.01199236698448658,0.030610915273427963,0.012673156335949898,0.0057725198566913605,0.0169388297945261,0.005930938292294741,4.536774576990865e-05,4.5205801143310964e-05
2775,2775,6.5405220084358e-05,,,,,,,,,
2776,2776,,,0.0120408795773983,0.030799875035881996,0.01292125042527914,0.006258063949644566,0.017122743651270866,0.006325832102447748,4.927765985485166e-05,4.5205801143310964e-05
2776,2776,6.534469139296561e-05,,,,,,,,,
2777,2777,,,0.011970466934144497,0.030608544126152992,0.012706137262284756,0.00587421515956521,0.016972852870821953,0.006015225313603878,4.6124136133585125e-05,4.5205801143310964e-05
2777,2777,6.507932266686112e-05,,,,,,,,,
2778,2778,,,0.011971274390816689,0.030657857656478882,0.012777295894920826,0.006019065622240305,0.017033886164426804,0.006137537304311991,4.729593274532817e-05,4.5205801143310964e-05
2778,2778,6.47654160275124e-05,,,,,,,,,
2779,2779,,,0.011965136043727398,0.03064972348511219,0.012774379923939705,0.0060626305639743805,0.01702803187072277,0.006165334023535252,4.755555710289627e-05,4.5205801143310964e-05
2779,2779,6.456087430706248e-05,,,,,,,,,
2780,2780,,,0.011929129250347614,0.030537867918610573,0.012648433446884155,0.005853497423231602,0.01694069243967533,0.005995084997266531,4.5843873522244394e-05,4.5205801143310964e-05
2780,2780,6.452263187384233e-05,,,,,,,,,
2781,2781,,,0.011960686184465885,0.03066346049308777,0.01280451100319624,0.00619058171287179,0.017061758786439896,0.006265141535550356,4.851902122027241e-05,4.5205801143310964e-05
2781,2781,6.458949792431667e-05,,,,,,,,,
2782,2782,,,0.011902259662747383,0.030467962846159935,0.012581062503159046,0.005815102253109217,0.016893921419978142,0.005954679101705551,4.540157169685699e-05,4.5205801143310964e-05
2782,2782,6.464757461799309e-05,,,,,,,,,
2783,2783,,,0.011925671249628067,0.030604908242821693,0.012753213755786419,0.006157239433377981,0.01703418605029583,0.006236591376364231,4.8165569751290604e-05,4.5205801143310964e-05
2783,2783,6.461104203481227e-05,,,,,,,,,
2784,2784,,,0.011875297874212265,0.030448272824287415,0.012580597773194313,0.005867468658834696,0.01691039465367794,0.005998595617711544,4.576714854920283e-05,4.5205801143310964e-05
2784,2784,6.447380292229354e-05,,,,,,,,,
2785,2785,,,0.011875391937792301,0.030495433136820793,0.012646721675992012,0.0060210078954696655,0.01696654222905636,0.006124581675976515,4.697193071478978e-05,4.5205801143310964e-05
2785,2785,6.429252971429378e-05,,,,,,,,,
2786,2786,,,0.011858323588967323,0.03045465610921383,0.01261172816157341,0.005979031790047884,0.016947921365499496,0.006091577000916004,4.661332059185952e-05,4.5205801143310964e-05
2786,2786,6.414155359379947e-05,,,,,,,,,
2787,2787,,,0.011840958148241043,0.030389154329895973,0.01254770066589117,0.005895720794796944,0.01690335012972355,0.0060201603919267654,4.588929004967213e-05,4.5205801143310964e-05
2787,2787,6.406193278962746e-05,,,,,,,,,
2788,2788,,,0.011851517483592033,0.030454521998763084,0.012632694095373154,0.006082058884203434,0.01697215810418129,0.006172597873955965,4.736984919873066e-05,4.5205801143310964e-05
2788,2788,6.404533633030951e-05,,,,,,,,,
2789,2789,,,0.011819761246442795,0.030319420620799065,0.012490461580455303,0.005836789030581713,0.016866641119122505,0.005971346981823444,4.53626926173456e-05,4.5205801143310964e-05
2789,2789,6.404694431694224e-05,,,,,,,,,
2790,2790,,,0.011839272454380989,0.03041726164519787,0.012615454383194447,0.006099279969930649,0.016966305673122406,0.00618361122906208,4.7442823415622115e-05,4.5205801143310964e-05
2790,2790,6.402256985893473e-05,,,,,,,,,
2791,2791,,,0.011803949251770973,0.03028556890785694,0.012479576282203197,0.005850762594491243,0.016864122822880745,0.005984167568385601,4.5435641368385404e-05,4.5205801143310964e-05
2791,2791,6.3951505580917e-05,,,,,,,,,
2792,2792,,,0.011814234778285027,0.030340513214468956,0.012556783854961395,0.006025850307196379,0.01692444644868374,0.006123146507889032,4.6789817133685574e-05,4.5205801143310964e-05
2792,2792,6.384526932379231e-05,,,,,,,,,
2793,2793,,,0.011795374564826488,0.030276361852884293,0.0124981589615345,0.005923118907958269,0.016883712261915207,0.006041997577995062,4.596112557919696e-05,4.5205801143310964e-05
2793,2793,6.373182986862957e-05,,,,,,,,,
2794,2794,,,0.011787544935941696,0.0302547886967659,0.012485463172197342,0.005925127305090427,0.016873467713594437,0.006041507702320814,4.593377889250405e-05,4.5205801143310964e-05
2794,2794,6.363926513586193e-05,,,,,,,,,
2795,2795,,,0.011787842027842999,0.030268795788288116,0.01251192856580019,0.006005504168570042,0.016896110028028488,0.006104166619479656,4.653448922908865e-05,4.5205801143310964e-05
2795,2795,6.357840175041929e-05,,,,,,,,,
2796,2796,,,0.011765800416469574,0.03018263541162014,0.012428035028278828,0.005860012955963612,0.016834372654557228,0.0059871491976082325,4.535703192232177e-05,4.5205801143310964e-05
2796,2796,6.354053039103746e-05,,,,,,,,,
2797,2797,,,0.011774079874157906,0.030240891501307487,0.012501262128353119,0.006039006635546684,0.016890328377485275,0.00612791208550334,4.6725082938792184e-05,4.5205801143310964e-05
2797,2797,6.350753392325714e-05,,,,,,,,,
2798,2798,,,0.011747093871235847,0.030135778710246086,0.012395316734910011,0.005850838031619787,0.016810957342386246,0.005976308137178421,4.520432048593648e-05,4.520432048593648e-05
2798,2798,6.346168083837256e-05,,,,,,,,,
2799,2799,,6.339668470900506e-05,,,,,,,,
2799,2799,,,0.01175158005207777,0.030188586562871933,0.012462872080504894,0.006008359603583813,0.01686747744679451,0.0061027491465210915,4.642603744287044e-05,4.520432048593648e-05
2799,2799,6.339668470900506e-05,,,,,,,,,
2800,2800,,,0.011730990372598171,0.030110320076346397,0.012386268004775047,0.005884198937565088,0.016808006912469864,0.00600068923085928,4.5396362111205235e-05,4.520432048593648e-05
2800,2800,6.331706390483305e-05,,,,,,,,,
2801,2801,,,0.01172655075788498,0.03012262098491192,0.012407885864377022,0.005945186596363783,0.016826845705509186,0.006050842814147472,4.586063005262986e-05,4.520432048593648e-05
2801,2801,6.323471461655572e-05,,,,,,,,,
2802,2802,,,0.011717812158167362,0.030096527189016342,0.012387983500957489,0.005932257045060396,0.01681377738714218,0.006038525141775608,4.572094985633157e-05,4.520432048593648e-05
2802,2802,6.315931386779994e-05,,,,,,,,,
2803,2803,,,0.011706272140145302,0.030058743432164192,0.012355892919003963,0.005889548920094967,0.016789620742201805,0.006003863178193569,4.535626794677228e-05,4.520432048593648e-05
2803,2803,6.309620221145451e-05,,,,,,,,,
2804,2804,,,0.011705262586474419,0.030077312141656876,0.012384149245917797,0.005967503879219294,0.016812851652503014,0.006066121160984039,4.594552956405096e-05,4.520432048593648e-05
2804,2804,6.304449925664812e-05,,,,,,,,,
2805,2805,,,0.011690222658216953,0.030007684603333473,0.012318507768213749,0.005859842989593744,0.016763586550951004,0.005977928172796965,4.50629522674717e-05,4.50629522674717e-05
2805,2805,6.299649248830974e-05,,,,,,,,,
2806,2806,,,0.011691234074532986,0.030044542625546455,0.01236602570861578,0.005973489489406347,0.01680196076631546,0.006069985218346119,4.593996345647611e-05,4.50629522674717e-05
2806,2806,6.294572813203558e-05,,,,,,,,,
2807,2807,,,0.011674989946186543,0.029969869181513786,0.012296326458454132,0.005857168696820736,0.01674688048660755,0.005974708124995232,4.4984939449932426e-05,4.4984939449932426e-05
2807,2807,6.2888182583265e-05,,,,,,,,,
2808,2808,,,0.011674180626869202,0.029995586723089218,0.012332899495959282,0.00595089141279459,0.016779998317360878,0.006050163879990578,4.5702970965066925e-05,4.4984939449932426e-05
2808,2808,6.28234920441173e-05,,,,,,,,,
2809,2809,,,0.011660843156278133,0.02994222193956375,0.012285927310585976,0.005875410512089729,0.01674443483352661,0.005989357363432646,4.508404163061641e-05,4.4984939449932426e-05
2809,2809,6.275523628573865e-05,,,,,,,,,
2810,2810,,,0.011656798422336578,0.02993921749293804,0.012292631901800632,0.005912714172154665,0.016748037189245224,0.006017407402396202,4.5337634219322354e-05,4.4984939449932426e-05
2810,2810,6.26876499154605e-05,,,,,,,,,
2811,2811,,,0.011648258194327354,0.029915882274508476,0.012278981506824493,0.005903555080294609,0.01674170419573784,0.006010673474520445,4.5249042159412056e-05,4.4984939449932426e-05
2811,2811,6.26238324912265e-05,,,,,,,,,
2812,2812,,,0.011639045551419258,0.029881509020924568,0.012252549640834332,0.005875506903976202,0.01672198809683323,0.00598648376762867,4.499249189393595e-05,4.4984939449932426e-05
2812,2812,6.256449705688283e-05,,,,,,,,,
2813,2813,,,0.01163603737950325,0.029886746779084206,0.012267455458641052,0.005925892386585474,0.01673312485218048,0.0060260109603405,4.535809057415463e-05,4.4984939449932426e-05
2813,2813,6.250914157135412e-05,,,,,,,,,
2814,2814,,,0.011624244973063469,0.029833823442459106,0.01222248375415802,0.0058526331558823586,0.016699671745300293,0.005966935772448778,4.4761578465113416e-05,4.4761578465113416e-05
2814,2814,6.245523400139064e-05,,,,,,,,,
2815,2815,,,0.01162207592278719,0.029849927872419357,0.012247868813574314,0.00593015318736434,0.01672097109258175,0.00602760212495923,4.5333290472626686e-05,4.4761578465113416e-05
2815,2815,6.239995127543807e-05,,,,,,,,,
2816,2816,,,0.011609818786382675,0.029792914167046547,0.012199521996080875,0.005848871078342199,0.016682077199220657,0.005962022114545107,4.4671029172604904e-05,4.4671029172604904e-05
2816,2816,6.234282773220912e-05,,,,,,,,,
2817,2817,,,0.011607389897108078,0.029805660247802734,0.012221568264067173,0.005914801266044378,0.01670224405825138,0.006014202255755663,4.516136323218234e-05,4.4671029172604904e-05
2817,2817,6.228291022125632e-05,,,,,,,,,
2818,2818,,,0.011596194468438625,0.02976044826209545,0.01218337006866932,0.0058594211004674435,0.01667286455631256,0.005968779791146517,4.469688792596571e-05,4.4671029172604904e-05
2818,2818,6.222154479473829e-05,,,,,,,,,
2819,2819,,,0.011590289883315563,0.0297573059797287,0.012188583612442017,0.005889744032174349,0.016677869483828545,0.0059929341077804565,4.490890569286421e-05,4.4671029172604904e-05
2819,2819,6.215983012225479e-05,,,,,,,,,
2820,2820,,,0.011582544073462486,0.029730118811130524,0.012169982306659222,0.005873940885066986,0.016664832830429077,0.005979057867079973,4.475523019209504e-05,4.4671029172604904e-05
2820,2820,6.209917046362534e-05,,,,,,,,,
2821,2821,,,0.01157420314848423,0.02970828302204609,0.012155520729720592,0.0058660046197474,0.016655832529067993,0.005972453858703375,4.466852988116443e-05,4.466852988116443e-05
2821,2821,6.204014061950147e-05,,,,,,,,,
2822,2822,,,0.011567789129912853,0.029698407277464867,0.012153727002441883,0.005884475540369749,0.01665535196661949,0.005986451171338558,4.478316259337589e-05,4.466852988116443e-05
2822,2822,6.198255869094282e-05,,,,,,,,,
2823,2823,,,0.01155851036310196,0.02966281957924366,0.012125740759074688,0.00584897818043828,0.016634143888950348,0.005956901237368584,4.4476335460785776e-05,4.4476335460785776e-05
2823,2823,6.192581349750981e-05,,,,,,,,,
2824,2824,,,0.01155248936265707,0.029664454981684685,0.012134072370827198,0.005887873470783234,0.016644256189465523,0.0059880660846829414,4.475704918149859e-05,4.4476335460785776e-05
2824,2824,6.186971586430445e-05,,,,,,,,,
2825,2825,,,0.011542804539203644,0.02962179109454155,0.01209946721792221,0.005839291960000992,0.016616791486740112,0.005947689991444349,4.4345379137666896e-05,4.4345379137666896e-05
2825,2825,6.181334902066737e-05,,,,,,,,,
2826,2826,,,0.011537693440914154,0.02962520346045494,0.012110689654946327,0.005883550271391869,0.016628015786409378,0.00598272867500782,4.466474274522625e-05,4.4345379137666896e-05
2826,2826,6.175649468787014e-05,,,,,,,,,
2827,2827,,,0.011527903378009796,0.02958475425839424,0.01207804586738348,0.005836767610162497,0.01660318858921528,0.005944567732512951,4.427408566698432e-05,4.427408566698432e-05
2827,2827,6.169837433844805e-05,,,,,,,,,
2828,2828,,,0.011522438377141953,0.029583966359496117,0.012084390968084335,0.005872344132512808,0.01660948619246483,0.005971942096948624,4.4520267692860216e-05,4.427408566698432e-05
2828,2828,6.164018122944981e-05,,,,,,,,,
2829,2829,,,0.01151346880942583,0.029550909996032715,0.012059624306857586,0.005840539466589689,0.016590550541877747,0.005945997312664986,4.4247783080209047e-05,4.4247783080209047e-05
2829,2829,6.158171163406223e-05,,,,,,,,,
2830,2830,,,0.011506922543048859,0.029539939016103745,0.012056097388267517,0.005856797099113464,0.01659054309129715,0.005958034656941891,4.4345291826175526e-05,4.4247783080209047e-05
2830,2830,6.152365676825866e-05,,,,,,,,,
2831,2831,,,0.011499269865453243,0.02951713278889656,0.012041441164910793,0.005846795625984669,0.01657956652343273,0.005949315149337053,4.424043800099753e-05,4.424043800099753e-05
2831,2831,6.146568921394646e-05,,,,,,,,,
2832,2832,,,0.011491564102470875,0.029496334493160248,0.012028506025671959,0.005841268692165613,0.016569776460528374,0.005944042466580868,4.4168642489239573e-05,4.4168642489239573e-05
2832,2832,6.140862387837842e-05,,,,,,,,,
2833,2833,,,0.011484784074127674,0.02948305942118168,0.012022721581161022,0.005851812660694122,0.016567669808864594,0.005951586179435253,4.422277197591029e-05,4.4168642489239573e-05
2833,2833,6.1351565818768e-05,,,,,,,,,
2834,2834,,,0.01147681474685669,0.029453685507178307,0.012002295814454556,0.005829190369695425,0.01655290462076664,0.005932965315878391,4.402289414429106e-05,4.402289414429106e-05
2834,2834,6.129536632215604e-05,,,,,,,,,
2835,2835,,,0.011470825411379337,0.029446126893162727,0.012002820149064064,0.005852432455867529,0.016553986817598343,0.005950464401394129,4.417224045027979e-05,4.402289414429106e-05
2835,2835,6.123903585830703e-05,,,,,,,,,
2836,2836,,,0.011462012305855751,0.0294130127876997,0.011977671645581722,0.00582169508561492,0.016535649076104164,0.005925228353589773,4.3907988583669066e-05,4.3907988583669066e-05
2836,2836,6.118307646829635e-05,,,,,,,,,
2837,2837,,,0.011455702595412731,0.02940845862030983,0.011979972943663597,0.005848653614521027,0.01653990149497986,0.005946094170212746,4.408989116200246e-05,4.3907988583669066e-05
2837,2837,6.112654955359176e-05,,,,,,,,,
2838,2838,,,0.011448033154010773,0.029374998062849045,0.01195587683469057,0.0058180890046060085,0.016520673409104347,0.005920625291764736,4.3825482862303033e-05,4.3825482862303033e-05
2838,2838,6.107023364165798e-05,,,,,,,,,
2839,2839,,,0.01144144032150507,0.02936840057373047,0.011956521309912205,0.005841522477567196,0.0165238194167614,0.005938824266195297,4.398082091938704e-05,4.3825482862303033e-05
2839,2839,6.101351391407661e-05,,,,,,,,,
2840,2840,,,0.011433733627200127,0.029337728396058083,0.011934800073504448,0.005816750228404999,0.016507159918546677,0.005918029695749283,4.376154174678959e-05,4.376154174678959e-05
2840,2840,6.095681237638928e-05,,,,,,,,,
2841,2841,,,0.011426925659179688,0.029328322038054466,0.01193209458142519,0.005832993891090155,0.016506260260939598,0.005930277984589338,4.385911233839579e-05,4.376154174678959e-05
2841,2841,6.090025635785423e-05,,,,,,,,,
2842,2842,,,0.011419541202485561,0.029301492497324944,0.011914239265024662,0.005816168617457151,0.0164932943880558,0.005915988702327013,4.370276292320341e-05,4.370276292320341e-05
2842,2842,6.084387132432312e-05,,,,,,,,,
2843,2843,,,0.011412539519369602,0.029287226498126984,0.011907209642231464,0.005823743529617786,0.016490409150719643,0.005921283271163702,4.373498086351901e-05,4.370276292320341e-05
2843,2843,6.078731166780926e-05,,,,,,,,,
2844,2844,,,0.011405044235289097,0.029265310615301132,0.011893466114997864,0.005816187243908644,0.016480039805173874,0.005914446897804737,4.364869528217241e-05,4.364869528217241e-05
2844,2844,6.073105032555759e-05,,,,,,,,,
2845,2845,,,0.01139796618372202,0.029246628284454346,0.01188246626406908,0.005814664997160435,0.016472138464450836,0.005912268068641424,4.3608499254332855e-05,4.3608499254332855e-05
2845,2845,6.067546200938523e-05,,,,,,,,,
2846,2846,,,0.011390786617994308,0.029229309409856796,0.011872898787260056,0.005815766751766205,0.016466312110424042,0.0059124985709786415,4.359118975116871e-05,4.359118975116871e-05
2846,2846,6.0619462601607665e-05,,,,,,,,,
2847,2847,,,0.011383342556655407,0.02920611761510372,0.011857879348099232,0.00580624071881175,0.016456007957458496,0.005904034711420536,4.349055961938575e-05,4.349055961938575e-05
2847,2847,6.056384154362604e-05,,,,,,,,,
2848,2848,,,0.011376602575182915,0.02919214963912964,0.011851491406559944,0.005814429838210344,0.016452329233288765,0.00590968132019043,4.35258807556238e-05,4.349055961938575e-05
2848,2848,6.0508082242449746e-05,,,,,,,,,
2849,2849,,6.045250847819261e-05,,,,,,,,
2849,2849,,,0.011369424872100353,0.029166916385293007,0.011834854260087013,0.005799302365630865,0.016439970582723618,0.00589696504175663,4.338447251939215e-05,4.338447251939215e-05
2849,2849,6.045250847819261e-05,,,,,,,,,
2850,2850,,,0.011362574063241482,0.029155079275369644,0.011829906143248081,0.005811518989503384,0.016437556594610214,0.005905764177441597,4.344965418567881e-05,4.338447251939215e-05
2850,2850,6.0397203924367204e-05,,,,,,,,,
2851,2851,,,0.011355333030223846,0.029128020629286766,0.011812064796686172,0.00579399848356843,0.01642393320798874,0.005890995264053345,4.328879003878683e-05,4.328879003878683e-05
2851,2851,6.034165926394053e-05,,,,,,,,,
2852,2852,,,0.011348612606525421,0.0291167963296175,0.011807949282228947,0.005807298701256514,0.01642260141670704,0.005900820717215538,4.3364012526581064e-05,4.328879003878683e-05
2852,2852,6.0286947700660676e-05,,,,,,,,,
2853,2853,,,0.011341489851474762,0.029090486466884613,0.011789918877184391,0.005789720453321934,0.01640939898788929,0.0058859605342149734,4.320343578001484e-05,4.320343578001484e-05
2853,2853,6.02312502451241e-05,,,,,,,,,
2854,2854,,,0.011334847658872604,0.029079146683216095,0.011785865761339664,0.0058023701421916485,0.016407256945967674,0.005895295646041632,4.3273332266835496e-05,4.320343578001484e-05
2854,2854,6.0176120314281434e-05,,,,,,,,,
2855,2855,,,0.011327603831887245,0.0290521252900362,0.011768100783228874,0.005785858258605003,0.01639409363269806,0.005881227552890778,4.311976590543054e-05,4.311976590543054e-05
2855,2855,6.0121416026959196e-05,,,,,,,,,
2856,2856,,,0.011320985853672028,0.029040474444627762,0.011763409711420536,0.005797287914901972,0.016391772776842117,0.00588954146951437,4.318054925533943e-05,4.311976590543054e-05
2856,2856,6.006605690345168e-05,,,,,,,,,
2857,2857,,,0.011314019560813904,0.029015762731432915,0.011746987700462341,0.005782439839094877,0.01637994684278965,0.005877028219401836,4.304253161535598e-05,4.304253161535598e-05
2857,2857,6.001110523357056e-05,,,,,,,,,
2858,2858,,,0.011307502165436745,0.02900191769003868,0.011741009540855885,0.005791499279439449,0.016376573592424393,0.005883237812668085,4.30838372267317e-05,4.304253161535598e-05
2858,2858,5.995634273858741e-05,,,,,,,,,
2859,2859,,,0.011300229467451572,0.028977686539292336,0.011725552380084991,0.005779574625194073,0.01636521890759468,0.005873099435120821,4.2966861656168476e-05,4.2966861656168476e-05
2859,2859,5.990115460008383e-05,,,,,,,,,
2860,2860,,,0.011293795891106129,0.02896297536790371,0.011718305759131908,0.0057855271734297276,0.0163603313267231,0.005876882001757622,4.298461499274708e-05,4.2966861656168476e-05
2860,2860,5.984649033052847e-05,,,,,,,,,
2861,2861,,,0.011287040077149868,0.0289408341050148,0.011704820208251476,0.005776732694357634,0.01635110378265381,0.0058692265301942825,4.2893436329904944e-05,4.2893436329904944e-05
2861,2861,5.979192064842209e-05,,,,,,,,,
2862,2862,,,0.011279904283583164,0.028924711048603058,0.011695564724504948,0.005779470317065716,0.016344953328371048,0.005870516411960125,4.288638228899799e-05,4.288638228899799e-05
2862,2862,5.973746010567993e-05,,,,,,,,,
2863,2863,,,0.011273392476141453,0.028904492035508156,0.011683562770485878,0.0057739694602787495,0.01633664034307003,0.00586531450971961,4.28193379775621e-05,4.28193379775621e-05
2863,2863,5.968283221591264e-05,,,,,,,,,
2864,2864,,,0.011266659013926983,0.028887266293168068,0.011674064211547375,0.00577380508184433,0.01632925495505333,0.0058644977398216724,4.279191489331424e-05,4.279191489331424e-05
2864,2864,5.96283316554036e-05,,,,,,,,,
2865,2865,,,0.011260028928518295,0.028867000713944435,0.011662195436656475,0.005770591087639332,0.016321245580911636,0.005860913544893265,4.273976810509339e-05,4.273976810509339e-05
2865,2865,5.957392568234354e-05,,,,,,,,,
2866,2866,,,0.011253280565142632,0.028848733752965927,0.011651993729174137,0.005768884439021349,0.016314782202243805,0.005858974996954203,4.270300269126892e-05,4.270300269126892e-05
2866,2866,5.952000356046483e-05,,,,,,,,,
2867,2867,,,0.0112468795850873,0.02883055992424488,0.011641466990113258,0.005766427610069513,0.016306884586811066,0.005856115836650133,4.2658102756831795e-05,4.2658102756831795e-05
2867,2867,5.946553574176505e-05,,,,,,,,,
2868,2868,,,0.011240041814744473,0.028812306001782417,0.011630387976765633,0.005764488596469164,0.016298798844218254,0.0058536711148917675,4.261585127096623e-05,4.261585127096623e-05
2868,2868,5.941166455158964e-05,,,,,,,,,
2869,2869,,,0.011233402416110039,0.028793038800358772,0.01161994133144617,0.005762230604887009,0.016291825100779533,0.005851246882230043,4.2574265535222366e-05,4.2574265535222366e-05
2869,2869,5.935741137363948e-05,,,,,,,,,
2870,2870,,,0.01122705452144146,0.02877376228570938,0.011609086766839027,0.005759997759014368,0.016284234821796417,0.0058484189212322235,4.253025690559298e-05,4.253025690559298e-05
2870,2870,5.9303602029103786e-05,,,,,,,,,
2871,2871,,,0.011220266111195087,0.028756726533174515,0.011598866432905197,0.005758209154009819,0.016276683658361435,0.005846374202519655,4.249177800375037e-05,4.249177800375037e-05
2871,2871,5.9249803598504514e-05,,,,,,,,,
2872,2872,,,0.011213851161301136,0.028738074004650116,0.011587909422814846,0.005755252670496702,0.01626857928931713,0.005843040533363819,4.24427016696427e-05,4.24427016696427e-05
2872,2872,5.9196026995778084e-05,,,,,,,,,
2873,2873,,,0.011207044124603271,0.028719792142510414,0.011577881872653961,0.00575467711314559,0.016262203454971313,0.005841851234436035,4.2413175833644345e-05,4.2413175833644345e-05
2873,2873,5.914214125368744e-05,,,,,,,,,
2874,2874,,,0.011200426146388054,0.028699932619929314,0.011566040106117725,0.005750198848545551,0.016253283247351646,0.005837488453835249,4.235273809172213e-05,4.235273809172213e-05
2874,2874,5.908879029448144e-05,,,,,,,,,
2875,2875,,,0.011194522492587566,0.028683416545391083,0.01155725959688425,0.005750991869717836,0.01624695584177971,0.00583714060485363,4.233309664414264e-05,4.233309664414264e-05
2875,2875,5.9035086451331154e-05,,,,,,,,,
2876,2876,,,0.01118781790137291,0.02866363897919655,0.011545631103217602,0.0057456111535429955,0.01623895764350891,0.00583232706412673,4.2269111872883514e-05,4.2269111872883514e-05
2876,2876,5.8981746406061575e-05,,,,,,,,,
2877,2877,,,0.011181075125932693,0.028646385297179222,0.011535749770700932,0.005746977403759956,0.016231516376137733,0.005832279101014137,4.224993608659133e-05,4.224993608659133e-05
2877,2877,5.892810440855101e-05,,,,,,,,,
2878,2878,,,0.011175082996487617,0.02862614579498768,0.011524414643645287,0.005741208326071501,0.01622346043586731,0.005827055312693119,4.218336471240036e-05,4.218336471240036e-05
2878,2878,5.8875008107861504e-05,,,,,,,,,
2879,2879,,,0.011168714612722397,0.02861013449728489,0.011515638791024685,0.005742901936173439,0.01621757261455059,0.005827592685818672,4.2170890083070844e-05,4.2170890083070844e-05
2879,2879,5.8821729908231646e-05,,,,,,,,,
2880,2880,,,0.011162332259118557,0.028589239344000816,0.011503227986395359,0.005736633203923702,0.016207780689001083,0.005821643862873316,4.209650069242343e-05,4.209650069242343e-05
2880,2880,5.8768553572008386e-05,,,,,,,,,
2881,2881,,,0.011155749671161175,0.028573762625455856,0.011495344340801239,0.005739464424550533,0.016202908009290695,0.005823296960443258,4.2094310629181564e-05,4.2094310629181564e-05
2881,2881,5.871542452950962e-05,,,,,,,,,
2882,2882,,,0.011149677447974682,0.028551939874887466,0.01148214377462864,0.005731471348553896,0.016192398965358734,0.005815851502120495,4.2006584408227354e-05,4.2006584408227354e-05
2882,2882,5.866244828212075e-05,,,,,,,,,
2883,2883,,,0.011142795905470848,0.028538338840007782,0.011474511586129665,0.005736488848924637,0.016188448294997215,0.00581931509077549,4.202084892312996e-05,4.2006584408227354e-05
2883,2883,5.8609439292922616e-05,,,,,,,,,
2884,2884,,,0.011136737652122974,0.028514815494418144,0.01146052498370409,0.005725668277591467,0.016177164390683174,0.0058096833527088165,4.191283733234741e-05,4.191283733234741e-05
2884,2884,5.855679410160519e-05,,,,,,,,,
2885,2885,,,0.011130109429359436,0.028502775356173515,0.011454989202320576,0.00573446461930871,0.016173863783478737,0.0058158934116363525,4.195369911030866e-05,4.191283733234741e-05
2885,2885,5.85041671001818e-05,,,,,,,,,
2886,2886,,,0.01112427469342947,0.028477484360337257,0.011439173482358456,0.005719158798456192,0.016161328181624413,0.005802987143397331,4.181424083071761e-05,4.181424083071761e-05
2886,2886,5.8451551012694836e-05,,,,,,,,,
2887,2887,,,0.011117723770439625,0.028467049822211266,0.011435299180448055,0.005732945632189512,0.016159864142537117,0.005812965799123049,4.1891074943123385e-05,4.181424083071761e-05
2887,2887,5.839893492520787e-05,,,,,,,,,
2888,2888,,,0.011111865751445293,0.02843872271478176,0.011417343281209469,0.005712077021598816,0.01614566147327423,0.005795764736831188,4.1711282392498106e-05,4.1711282392498106e-05
2888,2888,5.834616968058981e-05,,,,,,,,,
2889,2889,,,0.01110495813190937,0.028433527797460556,0.011416085995733738,0.005732151214033365,0.016145821660757065,0.0058106472715735435,4.183407872915268e-05,4.1711282392498106e-05
2889,2889,5.8294262998970225e-05,,,,,,,,,
2890,2890,,,0.011099559254944324,0.028401613235473633,0.011395497247576714,0.005704204086214304,0.016128720715641975,0.005787756759673357,4.1601477278163657e-05,4.1601477278163657e-05
2890,2890,5.824201798532158e-05,,,,,,,,,
2891,2891,,,0.011092260479927063,0.02839989773929119,0.011397646740078926,0.005732818506658077,0.016133366152644157,0.00580962561070919,4.1789840906858444e-05,4.1601477278163657e-05
2891,2891,5.8190318668494e-05,,,,,,,,,
2892,2892,,,0.011087669059634209,0.028360852971673012,0.011372821405529976,0.005694402847439051,0.01611151173710823,0.005778217222541571,4.1477538616163656e-05,4.1477538616163656e-05
2892,2892,5.813838288304396e-05,,,,,,,,,
2893,2893,,,0.011079482734203339,0.0283679086714983,0.011380164884030819,0.005736414808779955,0.01612088829278946,0.005810799542814493,4.176543006906286e-05,4.1477538616163656e-05
2893,2893,5.808697096654214e-05,,,,,,,,,
2894,2894,,,0.011075584217905998,0.028320666402578354,0.011348406784236431,0.005681217648088932,0.016092931851744652,0.005766062997281551,4.1329170926474035e-05,4.1329170926474035e-05
2894,2894,5.803672320325859e-05,,,,,,,,,
2895,2895,,,0.01106684934347868,0.028339579701423645,0.011365042068064213,0.00574481813237071,0.01611066237092018,0.005815687123686075,4.177781011094339e-05,4.1329170926474035e-05
2895,2895,5.798636266263202e-05,,,,,,,,,
2896,2896,,,0.011064467020332813,0.028276050463318825,0.0113224470987916,0.005662651266902685,0.01607244834303856,0.0057496377266943455,4.114186594961211e-05,4.114186594961211e-05
2896,2896,5.793777745566331e-05,,,,,,,,,
2897,2897,,,0.01105425227433443,0.02831387333571911,0.011352082714438438,0.0057612014934420586,0.0161032322794199,0.005826767534017563,4.184818681096658e-05,4.114186594961211e-05
2897,2897,5.789101851405576e-05,,,,,,,,,
2898,2898,,,0.011054785922169685,0.028227154165506363,0.011293988674879074,0.005636301357299089,0.01604778878390789,0.00572684220969677,4.089638605364598e-05,4.089638605364598e-05
2898,2898,5.784738823422231e-05,,,,,,,,,
2899,2899,,5.7807850680546835e-05,,,,,,,,
2899,2899,,,0.011041924357414246,0.02829662337899208,0.011344600468873978,0.005790563300251961,0.016099873930215836,0.005847875494509935,4.2014962673420087e-05,4.089638605364598e-05
2899,2899,5.7807850680546835e-05,,,,,,,,,
2900,2900,,,0.01104678399860859,0.028171544894576073,0.011259408667683601,0.005598471965640783,0.016018632799386978,0.005694509483873844,4.056555553688668e-05,4.056555553688668e-05
2900,2900,5.777563274023123e-05,,,,,,,,,
2901,2901,,,0.011030856519937515,0.02829168364405632,0.011345491744577885,0.005842943210154772,0.016103670001029968,0.005886640399694443,4.2352396121714264e-05,4.056555553688668e-05
2901,2901,5.775590398116037e-05,,,,,,,,,
2902,2902,,,0.01104437094181776,0.028103528544306755,0.011217509396374226,0.005544328596442938,0.01597967930138111,0.005647985264658928,4.0109640394803137e-05,4.0109640394803137e-05
2902,2902,5.7754674344323575e-05,,,,,,,,,
2903,2903,,,0.011023266240954399,0.028308218345046043,0.011360256001353264,0.005938401445746422,0.01612008363008499,0.005958132445812225,4.301077933632769e-05,4.0109640394803137e-05
2903,2903,5.778486593044363e-05,,,,,,,,,
2904,2904,,,0.011054668575525284,0.028019173070788383,0.011164271272718906,0.0054702493362128735,0.015924738720059395,0.005582292564213276,3.949296296923421e-05,3.949296296923421e-05
2904,2904,5.786632027593441e-05,,,,,,,,,
2905,2905,,,0.011029382236301899,0.02836877852678299,0.011403586715459824,0.006119281053543091,0.016158290207386017,0.006093190982937813,4.4317548599792644e-05,3.949296296923421e-05
2905,2905,5.803351086797193e-05,,,,,,,,,
2906,2906,,,0.011096625588834286,0.0279129296541214,0.011094645597040653,0.005386436823755503,0.015843920409679413,0.005499494727700949,3.875411130138673e-05,3.875411130138673e-05
2906,2906,5.834372859681025e-05,,,,,,,,,
2907,2907,,,0.011075800284743309,0.028514033183455467,0.011501346714794636,0.006474824622273445,0.01623254083096981,0.0063568586483597755,4.700304998550564e-05,3.875411130138673e-05
2907,2907,5.8895697293337435e-05,,,,,,,,,
2908,2908,,,0.011225529946386814,0.02779015339910984,0.011013699695467949,0.005363694857805967,0.01571751944720745,0.005436199717223644,3.8267502532107756e-05,3.8267502532107756e-05
2908,2908,5.985558163956739e-05,,,,,,,,,
2909,2909,,,0.011244788765907288,0.028844760730862617,0.011715193279087543,0.007198057137429714,0.016374140977859497,0.006891970057040453,5.288822285365313e-05,3.8267502532107756e-05
2909,2909,6.15117241977714e-05,,,,,,,,,
2910,2910,,,0.011590124107897282,0.027704566717147827,0.010951409116387367,0.005669614300131798,0.015515048988163471,0.005554985720664263,3.959880268666893e-05,3.8267502532107756e-05
2910,2910,6.436266266973689e-05,,,,,,,,,
2911,2911,,,0.011773472651839256,0.029599957168102264,0.012190326116979122,0.008686707355082035,0.016634847968816757,0.008002957329154015,6.677500641671941e-05,3.8267502532107756e-05
2911,2911,6.926940841367468e-05,,,,,,,,,
2912,2912,,,0.012590102851390839,0.027884801849722862,0.011047708801925182,0.007023665122687817,0.01518844161182642,0.006366635672748089,4.8305231757694855e-05,3.8267502532107756e-05
2912,2912,7.773850666126236e-05,,,,,,,,,
2913,2913,,,0.01328453328460455,0.03137347474694252,0.013272722251713276,0.011673343367874622,0.017115341499447823,0.01028007734566927,0.00010200838005403057,3.8267502532107756e-05
2913,2913,9.236153709935024e-05,,,,,,,,,
2914,2914,,,0.015137073583900928,0.02909739874303341,0.011757565662264824,0.01063081156462431,0.014677595347166061,0.008912343531847,8.243820775533095e-05,3.8267502532107756e-05
2914,2914,0.00011764950613724068,,,,,,,,,
2915,2915,,,0.01705024391412735,0.035499412566423416,0.015698948875069618,0.01728944480419159,0.017993221059441566,0.014668462797999382,0.0001952393213286996,3.8267502532107756e-05
2915,2915,0.0001611213228898123,,,,,,,,,
2916,2916,,,0.020713575184345245,0.03325675055384636,0.014091980643570423,0.017785465344786644,0.01397209893912077,0.01440627034753561,0.00019374857947696,3.8267502532107756e-05
2916,2916,0.00023524892458226532,,,,,,,,,
2917,2917,,,0.024620570242404938,0.044097065925598145,0.020546959713101387,0.026751738041639328,0.019480569288134575,0.02218669466674328,0.0004322782624512911,3.8267502532107756e-05
2917,2917,0.0003582824137993157,,,,,,,,,
2918,2918,,,0.030214793980121613,0.04257619008421898,0.018667010590434074,0.02898258902132511,0.013311169110238552,0.023277239874005318,0.00048264459474012256,3.8267502532107756e-05
2918,2918,0.0005543819861486554,,,,,,,,,
2919,2919,,,0.035398218780756,0.05713023990392685,0.02768329158425331,0.03907593712210655,0.021366391330957413,0.03204181790351868,0.0008914826903492212,3.8267502532107756e-05
2919,2919,0.0008391389274038374,,,,,,,,,
2920,2920,,,0.039625685662031174,0.05291024595499039,0.02327267825603485,0.03968612477183342,0.013133995234966278,0.03181218355894089,0.0008883310365490615,3.8267502532107756e-05
2920,2920,0.001193684060126543,,,,,,,,,
2921,2921,,,0.04064611345529556,0.06361433863639832,0.03132893517613411,0.04438379034399986,0.021768303588032722,0.036239542067050934,0.0011414872715249658,3.8267502532107756e-05
2921,2921,0.0014973190845921636,,,,,,,,,
2922,2922,,,0.034881822764873505,0.047038763761520386,0.0204523466527462,0.034623850136995316,0.013359985314309597,0.027686139568686485,0.0006777766393497586,3.8267502532107756e-05
2922,2922,0.0015441463328897953,,,,,,,,,
2923,2923,,,0.02598382532596588,0.04535965621471405,0.021933533251285553,0.02630922757089138,0.018665999174118042,0.021698446944355965,0.00042026169830933213,3.8267502532107756e-05
2923,2923,0.0011637761490419507,,,,,,,,,
2924,2924,,,0.013253201730549335,0.028200995177030563,0.012099018320441246,0.008195808157324791,0.015389014966785908,0.00692578312009573,5.756223254138604e-05,3.8267502532107756e-05
2924,2924,0.0005367401172406971,,,,,,,,,
2925,2925,,,0.01387631706893444,0.028678620234131813,0.012137527577579021,0.009577035903930664,0.01500091701745987,0.00801810808479786,7.057356560835615e-05,3.8267502532107756e-05
2925,2925,0.00010108255810337141,,,,,,,,,
2926,2926,,,0.02469024807214737,0.04401257634162903,0.021161334589123726,0.02527431957423687,0.01843460649251938,0.02086673304438591,0.0003888806386385113,3.8267502532107756e-05
2926,2926,0.00013764394680038095,,,,,,,,,
2927,2927,,,0.027478376403450966,0.03981003910303116,0.016895340755581856,0.02660496160387993,0.013682171702384949,0.02122432366013527,0.0004058821650687605,3.8267502532107756e-05
2927,2927,0.00048014780622906983,,,,,,,,,
2928,2928,,,0.026878314092755318,0.0458175465464592,0.02237878553569317,0.027648581191897392,0.0187440924346447,0.022782960906624794,0.0004603502748068422,3.8267502532107756e-05
2928,2928,0.0007171981269493699,,,,,,,,,
2929,2929,,,0.017826177179813385,0.030783968046307564,0.012765181250870228,0.0147466529160738,0.01436604093760252,0.011861259117722511,0.00013749542995356023,3.8267502532107756e-05
2929,2929,0.0005972456419840455,,,,,,,,,
2930,2930,,,0.010960383340716362,0.02875303477048874,0.011997483670711517,0.0064247832633554935,0.015935420989990234,0.006158921401947737,4.59005605080165e-05,3.8267502532107756e-05
2930,2930,0.0002558759297244251,,,,,,,,,
2931,2931,,,0.015102372504770756,0.033566541969776154,0.014857713133096695,0.014395262114703655,0.01689513772726059,0.012276998721063137,0.00014142827421892434,3.8267502532107756e-05
2931,2931,5.989201963529922e-05,,,,,,,,,
2932,2932,,,0.02110733464360237,0.03320472314953804,0.014229301363229752,0.01834842935204506,0.014084049500524998,0.014667871408164501,0.00020304025383666158,3.8267502532107756e-05
2932,2932,0.00016290167695842683,,,,,,,,,
2933,2933,,,0.021533844992518425,0.04047380015254021,0.018570689484477043,0.022557836025953293,0.017811264842748642,0.01871923916041851,0.00031251355540007353,3.8267502532107756e-05
2933,2933,0.000368732784409076,,,,,,,,,
2934,2934,,,0.017710166051983833,0.030112536624073982,0.012805315665900707,0.014120500534772873,0.014608567580580711,0.011337251402437687,0.0001279297866858542,3.8267502532107756e-05
2934,2934,0.0004053509619552642,,,,,,,,,
2935,2935,,,0.011034222319722176,0.02937806397676468,0.011878758668899536,0.008256703615188599,0.016016529873013496,0.007489388342946768,6.0430302255554125e-05,3.8267502532107756e-05
2935,2935,0.00023585784947499633,,,,,,,,,
2936,2936,,,0.011615957133471966,0.03012225404381752,0.012248615734279156,0.009671385399997234,0.016373848542571068,0.008591908030211926,7.53135682316497e-05,3.8267502532107756e-05
2936,2936,7.379244198091328e-05,,,,,,,,,
2937,2937,,,0.016922026872634888,0.029224058613181114,0.01251021958887577,0.013200303539633751,0.014787694439291954,0.01063615083694458,0.00011427042772993445,3.8267502532107756e-05
2937,2937,8.834993786877021e-05,,,,,,,,,
2938,2938,,,0.01753993332386017,0.036473456770181656,0.015710270032286644,0.018075479194521904,0.017346739768981934,0.015171084553003311,0.00020852446323260665,3.8267502532107756e-05
2938,2938,0.00021228591504041106,,,,,,,,,
2939,2939,,,0.015685828402638435,0.028303008526563644,0.011991176754236221,0.011816599406301975,0.014984436333179474,0.00959490705281496,9.542625048197806e-05,3.8267502532107756e-05
2939,2939,0.0002633960102684796,,,,,,,,,
2940,2940,,,0.01118607446551323,0.029068375006318092,0.011755094863474369,0.008577861823141575,0.01646851748228073,0.007812329102307558,6.424125604098663e-05,3.8267502532107756e-05
2940,2940,0.00017919907986652106,,,,,,,,,
2941,2941,,,0.01097385585308075,0.02862379513680935,0.011572398245334625,0.007787158712744713,0.016334252431988716,0.007232700474560261,5.685606811312027e-05,3.8267502532107756e-05
2941,2941,7.430777623085305e-05,,,,,,,,,
2942,2942,,,0.014169430360198021,0.027376295998692513,0.011449010111391544,0.009951242245733738,0.01524588093161583,0.008240103721618652,7.370250386884436e-05,3.8267502532107756e-05
2942,2942,6.822883005952463e-05,,,,,,,,,
2943,2943,,,0.015535058453679085,0.03355282172560692,0.014490318484604359,0.014917001128196716,0.017361560836434364,0.012748448178172112,0.00015069558867253363,3.8267502532107756e-05
2943,2943,0.00013947294792160392,,,,,,,,,
2944,2944,,,0.013898279517889023,0.027230078354477882,0.011427905410528183,0.009550770744681358,0.015186739154160023,0.007990890182554722,6.968212255742401e-05,3.8267502532107756e-05
2944,2944,0.0001779836748028174,,,,,,,,,
2945,2945,,,0.0114747928455472,0.02882320247590542,0.011925729922950268,0.008517365902662277,0.016471177339553833,0.007773929741233587,6.391170609276742e-05,3.8267502532107756e-05
2945,2945,0.00013449907419271767,,,,,,,,,
2946,2946,,,0.01099482923746109,0.028002139180898666,0.011530379764735699,0.006959311198443174,0.0163321103900671,0.006645725108683109,5.021518882131204e-05,3.8267502532107756e-05
2946,2946,7.029937842162326e-05,,,,,,,,,
2947,2947,,,0.01272029709070921,0.0267352145165205,0.011078862473368645,0.007849782705307007,0.015336818061769009,0.006801954470574856,5.393355604610406e-05,3.8267502532107756e-05
2947,2947,6.085355198592879e-05,,,,,,,,,
2948,2948,,,0.013812861405313015,0.03161981701850891,0.01342159602791071,0.012576633132994175,0.016896693035960197,0.010891575366258621,0.00011321488273097202,3.8267502532107756e-05
2948,2948,0.00010125447442987934,,,,,,,,,
2949,2949,,0.00012766034342348576,,,,,,,,
2949,2949,,,0.012805258855223656,0.026827910915017128,0.011067756451666355,0.007954389788210392,0.015324880369007587,0.00688605522736907,5.487380622071214e-05,3.8267502532107756e-05
2949,2949,0.00012766034342348576,,,,,,,,,
2950,2950,,,0.011208721436560154,0.028409257531166077,0.011617987416684628,0.008161170408129692,0.01623549871146679,0.007483210880309343,5.9864669310627505e-05,3.8267502532107756e-05
2950,2950,0.00010571523307589814,,,,,,,,,
2951,2951,,,0.010682531632483006,0.027431173250079155,0.011096947826445103,0.006326006725430489,0.016074074432253838,0.006167215760797262,4.4697058910969645e-05,3.8267502532107756e-05
2951,2951,6.686701817670837e-05,,,,,,,,,
2952,2952,,,0.011864851228892803,0.02655372954905033,0.01076927687972784,0.006592881865799427,0.015504442155361176,0.005991688463836908,4.445354352355935e-05,3.8267502532107756e-05
2952,2952,5.7318611652590334e-05,,,,,,,,,
2953,2953,,,0.012345711700618267,0.029946809634566307,0.012387875467538834,0.010604308918118477,0.016556892544031143,0.009389416314661503,8.656484715174884e-05,3.8267502532107756e-05
2953,2953,7.947616541059688e-05,,,,,,,,,
2954,2954,,,0.012250798754394054,0.026659738272428513,0.01084881741553545,0.006930083502084017,0.015391501598060131,0.006230716127902269,4.6959150495240465e-05,3.8267502532107756e-05
2954,2954,9.75478978944011e-05,,,,,,,,,
2955,2955,,,0.011039097793400288,0.028110263869166374,0.011399480514228344,0.007729166653007269,0.01627977192401886,0.0072221471928060055,5.624929326586425e-05,3.8267502532107756e-05
2955,2955,8.773122681304812e-05,,,,,,,,,
2956,2956,,,0.010701224207878113,0.027197394520044327,0.010947282426059246,0.005877033341675997,0.015967898070812225,0.005877708084881306,4.158198498771526e-05,3.8267502532107756e-05
2956,2956,6.446389306802303e-05,,,,,,,,,
2957,2957,,,0.011431780643761158,0.026604063808918,0.0107506038621068,0.005823245272040367,0.015596882440149784,0.005601139273494482,3.9928574551595375e-05,3.8267502532107756e-05
2957,2957,5.566384788835421e-05,,,,,,,,,
2958,2958,,,0.0116895642131567,0.029136735945940018,0.011936490423977375,0.009137407876551151,0.01645217463374138,0.008323321118950844,7.040152559056878e-05,3.8267502532107756e-05
2958,2958,6.695149932056665e-05,,,,,,,,,
2959,2959,,,0.011870015412569046,0.02661740779876709,0.010823461227118969,0.006226163357496262,0.015443578362464905,0.005839119199663401,4.2396728531457484e-05,3.8267502532107756e-05
2959,2959,7.931236177682877e-05,,,,,,,,,
2960,2960,,,0.011085651814937592,0.028070541098713875,0.011418192647397518,0.007466091774404049,0.016154730692505836,0.007054872810840607,5.409185177995823e-05,3.8267502532107756e-05
2960,2960,7.626843580510467e-05,,,,,,,,,
2961,2961,,,0.010821662843227386,0.027030864730477333,0.010936697944998741,0.005666809156537056,0.015860475599765778,0.0057268766686320305,4.0124814404407516e-05,3.8267502532107756e-05
2961,2961,6.276738713495433e-05,,,,,,,,,
2962,2962,,,0.01113840937614441,0.026644350960850716,0.010789308696985245,0.00547762680798769,0.015576079487800598,0.0054671685211360455,3.810862108366564e-05,3.810862108366564e-05
2962,2962,5.517067256732844e-05,,,,,,,,,
2963,2963,,,0.011325317434966564,0.02833349071443081,0.011639281176030636,0.008099582977592945,0.01613220013678074,0.007518825586885214,5.966163371340372e-05,3.810862108366564e-05
2963,2963,5.9960377257084474e-05,,,,,,,,,
2964,2964,,,0.011566849425435066,0.026528559625148773,0.0107837850227952,0.005774885416030884,0.015421674586832523,0.005584307014942169,3.954572093789466e-05,3.810862108366564e-05
2964,2964,6.81219607940875e-05,,,,,,,,,
2965,2965,,,0.011085836216807365,0.027811910957098007,0.011405231431126595,0.007285766769200563,0.01595384068787098,0.0068950955756008625,5.2195995522197336e-05,3.810862108366564e-05
2965,2965,6.858235428808257e-05,,,,,,,,,
2966,2966,,,0.010913859121501446,0.02683327905833721,0.010912465862929821,0.0055718193762004375,0.015619632788002491,0.005602763965725899,3.8999442040221766e-05,3.810862108366564e-05
2966,2966,6.135355215519667e-05,,,,,,,,,
2967,2967,,,0.010985215194523335,0.026740146800875664,0.010875140316784382,0.005447015166282654,0.0155726857483387,0.005493729840964079,3.810278940363787e-05,3.810278940363787e-05
2967,2967,5.532079012482427e-05,,,,,,,,,
2968,2968,,,0.011124243028461933,0.027880661189556122,0.011452623642981052,0.007297567557543516,0.01590322144329548,0.006895050872117281,5.224868800723925e-05,3.810278940363787e-05
2968,2968,5.637152571580373e-05,,,,,,,,,
2969,2969,,,0.011344743892550468,0.02657809667289257,0.010816768743097782,0.005515635944902897,0.015380567871034145,0.0054509565234184265,3.803212894126773e-05,3.803212894126773e-05
2969,2969,6.129059329396114e-05,,,,,,,,,
2970,2970,,,0.011076812632381916,0.027840038761496544,0.011410617269575596,0.007076691370457411,0.015897106379270554,0.006744354031980038,5.0524467951618135e-05,3.803212894126773e-05
2970,2970,6.318811210803688e-05,,,,,,,,,
2971,2971,,,0.01096968725323677,0.02686230279505253,0.010914051905274391,0.005504883360117674,0.01554927323013544,0.005547142121940851,3.851187648251653e-05,3.803212894126773e-05
2971,2971,5.996018080622889e-05,,,,,,,,,
2972,2972,,,0.010894224978983402,0.02697964571416378,0.010955503210425377,0.005568000953644514,0.015606994740664959,0.0056306906044483185,3.9130976801970974e-05,3.803212894126773e-05
2972,2972,5.56735358259175e-05,,,,,,,,,
2973,2973,,,0.010953204706311226,0.027613943442702293,0.011254050768911839,0.0066497172228991985,0.015836678445339203,0.006438749842345715,4.709534550784156e-05,3.803212894126773e-05
2973,2973,5.4821513913339004e-05,,,,,,,,,
2974,2974,,,0.011122679337859154,0.02666447125375271,0.010791582055389881,0.005387748125940561,0.015441923402249813,0.005429301410913467,3.750610994757153e-05,3.750610994757153e-05
2974,2974,5.726904782932252e-05,,,,,,,,,
2975,2975,,,0.010948734357953072,0.027719663456082344,0.011268740519881248,0.0068204570561647415,0.015835383906960487,0.006575944367796183,4.842981797992252e-05,3.750610994757153e-05
2975,2975,5.9326106566004455e-05,,,,,,,,,
2976,2976,,,0.010914499871432781,0.026774020865559578,0.010797695256769657,0.005453896708786488,0.015532068908214569,0.005520319100469351,3.810500493273139e-05,3.750610994757153e-05
2976,2976,5.848489672644064e-05,,,,,,,,,
2977,2977,,,0.010767396539449692,0.027049366384744644,0.010903035290539265,0.00574022950604558,0.01563168130815029,0.005779788829386234,4.0256174543173984e-05,3.750610994757153e-05
2977,2977,5.589512875303626e-05,,,,,,,,,
2978,2978,,,0.01077260635793209,0.027253059670329094,0.010988013818860054,0.0061673736199736595,0.015683848410844803,0.006080894730985165,4.317583079682663e-05,3.750610994757153e-05
2978,2978,5.439289452624507e-05,,,,,,,,,
2979,2979,,,0.010901165194809437,0.02664634771645069,0.010704564861953259,0.005369993858039379,0.01544885616749525,0.005445222370326519,3.735554855666123e-05,3.735554855666123e-05
2979,2979,5.511467679752968e-05,,,,,,,,,
2980,2980,,,0.010790822096168995,0.027461564168334007,0.011066976934671402,0.006558951456099749,0.015718232840299606,0.00636950833722949,4.605447975336574e-05,3.735554855666123e-05
2980,2980,5.6628650781931356e-05,,,,,,,,,
2981,2981,,,0.010845637880265713,0.026641029864549637,0.010690748691558838,0.005432929843664169,0.015422789379954338,0.005482431501150131,3.76312636944931e-05,3.735554855666123e-05
2981,2981,5.696338848792948e-05,,,,,,,,,
2982,2982,,,0.010695877484977245,0.027040423825383186,0.010861899703741074,0.005914005916565657,0.0155914556235075,0.005888705141842365,4.1189756302628666e-05,3.735554855666123e-05
2982,2982,5.578827403951436e-05,,,,,,,,,
2983,2983,,,0.01069866307079792,0.0269433856010437,0.010817628353834152,0.005855098832398653,0.015540326945483685,0.005826007574796677,4.0617669583298266e-05,3.735554855666123e-05
2983,2983,5.4433534387499094e-05,,,,,,,,,
2984,2984,,,0.010766377672553062,0.026626357808709145,0.010684034787118435,0.00544936815276742,0.015413890592753887,0.005505597684532404,3.771610863623209e-05,3.735554855666123e-05
2984,2984,5.4170042858459055e-05,,,,,,,,,
2985,2985,,,0.010716024786233902,0.02719496190547943,0.010940670035779476,0.006303739733994007,0.015622986480593681,0.006166912615299225,4.3901975004700944e-05,3.735554855666123e-05
2985,2985,5.490484545589425e-05,,,,,,,,,
2986,2986,,,0.010788931511342525,0.026532787829637527,0.010646817274391651,0.0054389783181250095,0.015382134355604649,0.005481005180627108,3.7516623706324026e-05,3.735554855666123e-05
2986,2986,5.55468286620453e-05,,,,,,,,,
2987,2987,,,0.010670461691915989,0.02699487842619419,0.010843701660633087,0.006031711120158434,0.015554690733551979,0.00596475787460804,4.184084173175506e-05,3.735554855666123e-05
2987,2987,5.532081922865473e-05,,,,,,,,,
2988,2988,,,0.010672575794160366,0.026713775470852852,0.010715330019593239,0.005667089484632015,0.015468104742467403,0.005679073743522167,3.916985951946117e-05,3.735554855666123e-05
2988,2988,5.44946851732675e-05,,,,,,,,,
2989,2989,,,0.010672742500901222,0.026645800098776817,0.010679053142666817,0.005584510043263435,0.015434292145073414,0.005615006200969219,3.856365947285667e-05,3.735554855666123e-05
2989,2989,5.389830039348453e-05,,,,,,,,,
2990,2990,,,0.010647119954228401,0.026967035606503487,0.010815638117492199,0.006059390027076006,0.015539444983005524,0.005980634596198797,4.195321525912732e-05,3.735554855666123e-05
2990,2990,5.397776476456784e-05,,,,,,,,,
2991,2991,,,0.01070764847099781,0.02649478241801262,0.0106058893725276,0.005465714726597071,0.015373959206044674,0.005505973938852549,3.7617148336721584e-05,3.735554855666123e-05
2991,2991,5.44225076737348e-05,,,,,,,,,
2992,2992,,,0.01062426995486021,0.026945369318127632,0.010786779224872589,0.00605591107159853,0.015520378947257996,0.005973841995000839,4.185641955700703e-05,3.735554855666123e-05
2992,2992,5.462499029817991e-05,,,,,,,,,
2993,2993,,,0.010636302642524242,0.02657705545425415,0.010618023574352264,0.005561520345509052,0.015387628227472305,0.0055866786278784275,3.825187013717368e-05,3.735554855666123e-05
2993,2993,5.43409951205831e-05,,,,,,,,,
2994,2994,,,0.010598322376608849,0.026682334020733833,0.010652724653482437,0.0057205012999475,0.01542880479246378,0.0057100560516119,3.93468581023626e-05,3.735554855666123e-05
2994,2994,5.385587428463623e-05,,,,,,,,,
2995,2995,,,0.01057535782456398,0.026763098314404488,0.010674748569726944,0.005843172315508127,0.015444773249328136,0.005804741755127907,4.0188049752032384e-05,3.735554855666123e-05
2995,2995,5.359876377042383e-05,,,,,,,,,
2996,2996,,,0.01061756256967783,0.026479946449398994,0.010547803714871407,0.005515219643712044,0.015335509553551674,0.005536870565265417,3.7771733332192525e-05,3.735554855666123e-05
2996,2996,5.369831342250109e-05,,,,,,,,,
2997,2997,,,0.010550509206950665,0.02681896835565567,0.010676342062652111,0.00599102396517992,0.015454595908522606,0.005909769795835018,4.115046249353327e-05,3.735554855666123e-05
2997,2997,5.391751619754359e-05,,,,,,,,,
2998,2998,,,0.010580961592495441,0.026453251019120216,0.01051259320229292,0.005511972587555647,0.015322376973927021,0.005535072647035122,3.7694717320846394e-05,3.735554855666123e-05
2998,2998,5.3955700423102826e-05,,,,,,,,,
2999,2999,,5.374519241740927e-05,,,,,,,,
2999,2999,,,0.010522408410906792,0.026658304035663605,0.01058419793844223,0.005818591918796301,0.015394264832139015,0.005771885626018047,3.980756446253508e-05,3.735554855666123e-05
2999,2999,5.374519241740927e-05,,,,,,,,,
3000,3000,,,0.010522408410906792,0.026658304035663605,0.01058419793844223,0.005818591918796301,0.015394264832139015,0.005771885626018047,3.980756446253508e-05,3.735554855666123e-05
