epoch,step,train/loss_epoch,train/loss_step,val/error_Im_qq,val/error_Im_xx,val/error_Re_qq,val/error_Re_xx,val/error_qq,val/error_xx,val/loss,val/loss_best
0,0,,,3.0461394786834717,0.6358664035797119,3.4260828495025635,1.0951204299926758,2.372619152069092,0.7544407248497009,1.0210949182510376,1.0210949182510376
0,0,2.3413450717926025,,,,,,,,,
1,1,,,2.863736629486084,0.49444884061813354,2.834132671356201,1.0259162187576294,1.931897759437561,0.7902671098709106,0.8530484437942505,0.8530484437942505
1,1,1.99806547164917,,,,,,,,,
2,2,,,2.7064461708068848,0.38717734813690186,2.300321102142334,0.9701967239379883,1.587083101272583,0.772686243057251,0.7102323770523071,0.7102323770523071
2,2,1.7346638441085815,,,,,,,,,
3,3,,,2.5672287940979004,0.3337077498435974,1.8609039783477783,0.9254218339920044,1.3439390659332275,0.7202019691467285,0.5941075682640076,0.5941075682640076
3,3,1.5423871278762817,,,,,,,,,
4,4,,,2.427696466445923,0.3388667106628418,1.5428202152252197,0.8868959546089172,1.1874803304672241,0.66668301820755,0.5104569792747498,0.5104569792747498
4,4,1.4049975872039795,,,,,,,,,
5,5,,,2.277648448944092,0.3773844540119171,1.343941330909729,0.8497211337089539,1.1006182432174683,0.6218883395195007,0.4512740969657898,0.4512740969657898
5,5,1.3007562160491943,,,,,,,,,
6,6,,,2.1278815269470215,0.41973206400871277,1.231811761856079,0.8105312585830688,1.0578962564468384,0.5867180824279785,0.40664660930633545,0.40664660930633545
6,6,1.209531545639038,,,,,,,,,
7,7,,,2.0025408267974854,0.44932684302330017,1.1678664684295654,0.7680488228797913,1.033538579940796,0.5585910677909851,0.3693314492702484,0.3693314492702484
7,7,1.118403673171997,,,,,,,,,
8,8,,,1.9229251146316528,0.45953530073165894,1.1302224397659302,0.7227255702018738,1.013729453086853,0.5342192053794861,0.3358214199542999,0.3358214199542999
8,8,1.0225998163223267,,,,,,,,,
9,9,,,1.8945434093475342,0.44934043288230896,1.1174311637878418,0.675986111164093,0.9954454302787781,0.5108113884925842,0.30530232191085815,0.30530232191085815
9,9,0.9232300519943237,,,,,,,,,
10,10,,,1.9059433937072754,0.42139217257499695,1.1385951042175293,0.6294682025909424,0.9833155274391174,0.48639264702796936,0.27834558486938477,0.27834558486938477
10,10,0.8243703246116638,,,,,,,,,
11,11,,,1.9373779296875,0.3814922869205475,1.1994309425354004,0.5843872427940369,0.9842178225517273,0.4596644639968872,0.25568366050720215,0.25568366050720215
11,11,0.7307032942771912,,,,,,,,,
12,12,,,1.9708846807479858,0.33832746744155884,1.2933940887451172,0.5412282943725586,1.0004512071609497,0.429775595664978,0.23732995986938477,0.23732995986938477
12,12,0.6458598971366882,,,,,,,,,
13,13,,,1.9958528280258179,0.30212587118148804,1.4032028913497925,0.49998995661735535,1.0280636548995972,0.3963299095630646,0.22246386110782623,0.22246386110782623
13,13,0.571561336517334,,,,,,,,,
14,14,,,2.009432792663574,0.28070515394210815,1.5085300207138062,0.46096429228782654,1.0602846145629883,0.3598085045814514,0.20998556911945343,0.20998556911945343
14,14,0.5076428055763245,,,,,,,,,
15,15,,,2.013573169708252,0.27412062883377075,1.5927135944366455,0.42567208409309387,1.0907673835754395,0.32231587171554565,0.19920702278614044,0.19920702278614044
15,15,0.45277225971221924,,,,,,,,,
16,16,,,2.011094093322754,0.27449461817741394,1.645991563796997,0.39717182517051697,1.1146249771118164,0.2881782650947571,0.19015730917453766,0.19015730917453766
16,16,0.405436247587204,,,,,,,,,
17,17,,,2.0031838417053223,0.2726888358592987,1.6658909320831299,0.3789491653442383,1.1285115480422974,0.26345595717430115,0.18332049250602722,0.18332049250602722
17,17,0.36462390422821045,,,,,,,,,
18,18,,,1.98947012424469,0.2647320330142975,1.6556700468063354,0.37256649136543274,1.1290563344955444,0.25330013036727905,0.17894677817821503,0.17894677817821503
18,18,0.329845130443573,,,,,,,,,
19,19,,,1.9691208600997925,0.2547168433666229,1.6218245029449463,0.37606385350227356,1.1135214567184448,0.25824835896492004,0.1766631007194519,0.1766631007194519
19,19,0.3006163537502289,,,,,,,,,
20,20,,,1.940567970275879,0.25400716066360474,1.5716681480407715,0.38515886664390564,1.0816199779510498,0.2739575207233429,0.17570152878761292,0.17570152878761292
20,20,0.27595505118370056,,,,,,,,,
21,21,,,1.8996690511703491,0.27372613549232483,1.5116175413131714,0.3962041735649109,1.0367662906646729,0.2950740158557892,0.17550715804100037,0.17550715804100037
21,21,0.25438687205314636,,,,,,,,,
22,22,,,1.8385415077209473,0.3138652741909027,1.4464889764785767,0.4080745577812195,0.9844277501106262,0.31818175315856934,0.17606176435947418,0.17550715804100037
22,22,0.234489306807518,,,,,,,,,
23,23,,,1.7474793195724487,0.3633706867694855,1.3796534538269043,0.4217268228530884,0.9308716058731079,0.34167858958244324,0.17770685255527496,0.17550715804100037
23,23,0.215533047914505,,,,,,,,,
24,24,,,1.6205700635910034,0.4088686406612396,1.313541054725647,0.438214510679245,0.8828821182250977,0.36430978775024414,0.18060491979122162,0.17550715804100037
24,24,0.19768372178077698,,,,,,,,,
25,25,,,1.4629393815994263,0.4401160180568695,1.2500628232955933,0.4568938612937927,0.8473461866378784,0.38422447443008423,0.18429312109947205,0.17550715804100037
25,25,0.1816519945859909,,,,,,,,,
26,26,,,1.2953742742538452,0.45159241557121277,1.1908544301986694,0.47520509362220764,0.8290524482727051,0.3991677463054657,0.18767167627811432,0.17550715804100037
26,26,0.1681368350982666,,,,,,,,,
27,27,,,1.1508288383483887,0.44255831837654114,1.137437343597412,0.48992955684661865,0.8280821442604065,0.40733200311660767,0.18943801522254944,0.17550715804100037
27,27,0.15745016932487488,,,,,,,,,
28,28,,,1.0579677820205688,0.4162878692150116,1.0912957191467285,0.49872055649757385,0.8384265303611755,0.4081040024757385,0.18860748410224915,0.17550715804100037
28,28,0.1494317203760147,,,,,,,,,
29,29,,,1.0187166929244995,0.37873172760009766,1.0537583827972412,0.500941812992096,0.8510968685150146,0.4022890329360962,0.1848994493484497,0.17550715804100037
29,29,0.14354774355888367,,,,,,,,,
30,30,,,1.0064685344696045,0.3369029462337494,1.02565336227417,0.49761730432510376,0.8597813844680786,0.39179670810699463,0.17886246740818024,0.17550715804100037
30,30,0.13907958567142487,,,,,,,,,
31,31,,,0.9911251664161682,0.297278493642807,1.0069236755371094,0.4907890856266022,0.8639212846755981,0.3790152370929718,0.17167781293392181,0.17167781293392181
31,31,0.13535651564598083,,,,,,,,,
32,32,,,0.9607390761375427,0.2644520103931427,0.9964885711669922,0.4827190935611725,0.8659646511077881,0.3661752939224243,0.1646665632724762,0.1646665632724762
32,32,0.13195785880088806,,,,,,,,,
33,33,,,0.9247350096702576,0.24025066196918488,0.992475152015686,0.47527584433555603,0.8669989705085754,0.3549339473247528,0.15881632268428802,0.15881632268428802
33,33,0.12878738343715668,,,,,,,,,
34,34,,,0.903678297996521,0.22369898855686188,0.992697536945343,0.4696407914161682,0.8662017583847046,0.3462441861629486,0.15461716055870056,0.15461716055870056
34,34,0.12598314881324768,,,,,,,,,
35,35,,,0.9115992188453674,0.2120591104030609,0.9951246380805969,0.46625930070877075,0.8632078766822815,0.3404087424278259,0.15213049948215485,0.15213049948215485
35,35,0.12371514737606049,,,,,,,,,
36,36,,,0.943364679813385,0.20237800478935242,0.9981511831283569,0.46489429473876953,0.8595765233039856,0.33716949820518494,0.1510840654373169,0.1510840654373169
36,36,0.12197531014680862,,,,,,,,,
37,37,,,0.9804771542549133,0.19259384274482727,1.0006150007247925,0.46473437547683716,0.8576437830924988,0.33579137921333313,0.15092705190181732,0.15092705190181732
37,37,0.12047790735960007,,,,,,,,,
38,38,,,1.0073628425598145,0.1818508505821228,1.0016402006149292,0.46462157368659973,0.8587695360183716,0.3352312445640564,0.15095652639865875,0.15092705190181732
38,38,0.11874917149543762,,,,,,,,,
39,39,,,1.0214025974273682,0.17031323909759521,1.0004498958587646,0.4634265601634979,0.8627281188964844,0.3344489634037018,0.15054579079151154,0.15054579079151154
39,39,0.11637295037508011,,,,,,,,,
40,40,,,1.031959056854248,0.15887533128261566,0.9962753057479858,0.46045705676078796,0.8679091334342957,0.3327679932117462,0.14934590458869934,0.14934590458869934
40,40,0.11323441565036774,,,,,,,,,
41,41,,,1.0512858629226685,0.1489497721195221,0.9884387254714966,0.4557119905948639,0.8718427419662476,0.3301067650318146,0.1473468393087387,0.1473468393087387
41,41,0.10958726704120636,,,,,,,,,
42,42,,,1.0834463834762573,0.14226046204566956,0.9766129851341248,0.44986099004745483,0.872284471988678,0.3269631862640381,0.14480887353420258,0.14480887353420258
42,42,0.10589206963777542,,,,,,,,,
43,43,,,1.1202367544174194,0.14040233194828033,0.9611608386039734,0.4439672827720642,0.8685985207557678,0.3241613507270813,0.14214123785495758,0.14214123785495758
43,43,0.10253489017486572,,,,,,,,,
44,44,,,1.1476041078567505,0.14404965937137604,0.9433555006980896,0.4390870928764343,0.8620961904525757,0.32248151302337646,0.13977111876010895,0.13977111876010895
44,44,0.09962984174489975,,,,,,,,,
45,45,,,1.1556646823883057,0.15225850045681,0.9252777695655823,0.4359271824359894,0.8548832535743713,0.3223443925380707,0.13802826404571533,0.13802826404571533
45,45,0.09704938530921936,,,,,,,,,
46,46,,,1.1442216634750366,0.16255809366703033,0.9093398451805115,0.4346746802330017,0.8489541411399841,0.32366785407066345,0.13709014654159546,0.13709014654159546
46,46,0.09463318437337875,,,,,,,,,
47,47,,,1.1214982271194458,0.1717899590730667,0.8976399898529053,0.4350092113018036,0.8453298807144165,0.32591140270233154,0.13692942261695862,0.13692942261695862
47,47,0.09236757457256317,,,,,,,,,
48,48,,,1.098066806793213,0.17709125578403473,0.8914748430252075,0.43625780940055847,0.8443328738212585,0.3282678723335266,0.13732430338859558,0.13692942261695862
48,48,0.09037547558546066,,,,,,,,,
49,49,,0.08875887095928192,,,,,,,,
49,49,,,1.0801687240600586,0.17667382955551147,0.8912347555160522,0.43765631318092346,0.8464316129684448,0.3299514055252075,0.13796402513980865,0.13692942261695862
49,49,0.08875887095928192,,,,,,,,,
50,50,,,1.067267894744873,0.17030878365039825,0.8966256976127625,0.4386460781097412,0.8522611260414124,0.33049675822257996,0.13860122859477997,0.13692942261695862
50,50,0.08747527003288269,,,,,,,,,
51,51,,,1.0552266836166382,0.15942424535751343,0.9069492220878601,0.43907731771469116,0.8621675372123718,0.32994216680526733,0.13918237388134003,0.13692942261695862
51,51,0.08637423068284988,,,,,,,,,
52,52,,,1.0411478281021118,0.14671210944652557,0.9211894273757935,0.43921104073524475,0.875600278377533,0.3287998139858246,0.13985282182693481,0.13692942261695862
52,52,0.08533875644207001,,,,,,,,,
53,53,,,1.0253642797470093,0.13525806367397308,0.9379017353057861,0.4395292401313782,0.8907761573791504,0.3278311789035797,0.14082540571689606,0.13692942261695862
53,53,0.08437103778123856,,,,,,,,,
54,54,,,1.0099995136260986,0.1274651437997818,0.9551230669021606,0.4404709041118622,0.905119776725769,0.3277442157268524,0.14222009479999542,0.13692942261695862
54,54,0.0835384950041771,,,,,,,,,
55,55,,,0.9966544508934021,0.12443860620260239,0.9705455303192139,0.4422163665294647,0.9164660573005676,0.3289395868778229,0.1439906656742096,0.13692942261695862
55,55,0.08285634219646454,,,,,,,,,
56,56,,,0.9856812953948975,0.12631012499332428,0.9819869995117188,0.44458624720573425,0.924030601978302,0.3313809633255005,0.14594580233097076,0.13692942261695862
56,56,0.08223677426576614,,,,,,,,,
57,57,,,0.977142333984375,0.13284312188625336,0.9879698753356934,0.4470660984516144,0.9281601905822754,0.3346041142940521,0.14779213070869446,0.13692942261695862
57,57,0.08154542744159698,,,,,,,,,
58,58,,,0.9716864824295044,0.14336128532886505,0.9881315231323242,0.44896382093429565,0.929384708404541,0.3378666043281555,0.14918559789657593,0.13692942261695862
58,58,0.08069562166929245,,,,,,,,,
59,59,,,0.9701074957847595,0.1563086062669754,0.9832864999771118,0.44967591762542725,0.928002119064331,0.3404090702533722,0.14983069896697998,0.13692942261695862
59,59,0.07969358563423157,,,,,,,,,
60,60,,,0.9721993207931519,0.1693442165851593,0.9751266241073608,0.4489666819572449,0.9244300723075867,0.3417384922504425,0.14961296319961548,0.13692942261695862
60,60,0.07861582934856415,,,,,,,,,
61,61,,,0.9763789772987366,0.18003717064857483,0.9656999111175537,0.4471127986907959,0.9195781946182251,0.34180155396461487,0.1486789435148239,0.13692942261695862
61,61,0.07755760848522186,,,,,,,,,
62,62,,,0.9805963635444641,0.18659602105617523,0.9568817019462585,0.4448181986808777,0.914676308631897,0.34096431732177734,0.14739453792572021,0.13692942261695862
62,62,0.0765882357954979,,,,,,,,,
63,63,,,0.9836226105690002,0.1882539987564087,0.9500208497047424,0.44293537735939026,0.9107072353363037,0.33982205390930176,0.14620131254196167,0.13692942261695862
63,63,0.0757288709282875,,,,,,,,,
64,64,,,0.9855637550354004,0.1852644979953766,0.9458272457122803,0.44213876128196716,0.9079692363739014,0.338947057723999,0.1454542577266693,0.13692942261695862
64,64,0.07495791465044022,,,,,,,,,
65,65,,,0.9873521327972412,0.17863856256008148,0.9444395303726196,0.442693293094635,0.9061358571052551,0.33868446946144104,0.14531607925891876,0.13692942261695862
65,65,0.07424382120370865,,,,,,,,,
66,66,,,0.9898450374603271,0.16977746784687042,0.9455695152282715,0.444376140832901,0.9047077298164368,0.33904510736465454,0.1457267850637436,0.13692942261695862
66,66,0.07358264178037643,,,,,,,,,
67,67,,,0.9932883381843567,0.16013139486312866,0.9486475586891174,0.44655704498291016,0.9033918380737305,0.33971694111824036,0.14643657207489014,0.13692942261695862
67,67,0.07300351560115814,,,,,,,,,
68,68,,,0.9973920583724976,0.15095371007919312,0.9529513120651245,0.44842061400413513,0.9020951986312866,0.3402046263217926,0.14709284901618958,0.13692942261695862
68,68,0.07253383845090866,,,,,,,,,
69,69,,,1.001710057258606,0.1431746631860733,0.9577274918556213,0.44927605986595154,0.9007086157798767,0.3400665521621704,0.14737418293952942,0.13692942261695862
69,69,0.07216274738311768,,,,,,,,,
70,70,,,1.0059088468551636,0.1373826563358307,0.9623008370399475,0.4488288462162018,0.8990939259529114,0.3391418755054474,0.1471283733844757,0.13692942261695862
70,70,0.07184436917304993,,,,,,,,,
71,71,,,1.009750485420227,0.13388139009475708,0.9661610722541809,0.4472752511501312,0.897218644618988,0.33763745427131653,0.1464335173368454,0.13692942261695862
71,71,0.07153564691543579,,,,,,,,,
72,72,,,1.0129051208496094,0.13275736570358276,0.9690078496932983,0.44517281651496887,0.8952535390853882,0.3360220789909363,0.1455422192811966,0.13692942261695862
72,72,0.0712222158908844,,,,,,,,,
73,73,,,1.0148260593414307,0.13388413190841675,0.9707518815994263,0.4431704580783844,0.8935524821281433,0.3347964584827423,0.14474961161613464,0.13692942261695862
73,73,0.07090763002634048,,,,,,,,,
74,74,,,1.0148518085479736,0.13685037195682526,0.9714765548706055,0.4417459964752197,0.8925198316574097,0.3342714011669159,0.14426428079605103,0.13692942261695862
74,74,0.07058733701705933,,,,,,,,,
75,75,,,1.0125333070755005,0.14090017974376678,0.9713708758354187,0.4410563111305237,0.8924323916435242,0.3344521224498749,0.14413617551326752,0.13692942261695862
75,75,0.07024461776018143,,,,,,,,,
76,76,,,1.0079857110977173,0.14501041173934937,0.9706559777259827,0.44092828035354614,0.8932907581329346,0.3350541591644287,0.1442534327507019,0.13692942261695862
76,76,0.06986960023641586,,,,,,,,,
77,77,,,1.001995325088501,0.14813847839832306,0.9695201516151428,0.4409685432910919,0.8947651386260986,0.335626482963562,0.14439646899700165,0.13692942261695862
77,77,0.06947247684001923,,,,,,,,,
78,78,,,0.9957355856895447,0.1495327651500702,0.9680891633033752,0.4407506287097931,0.8962927460670471,0.3357369899749756,0.14433327317237854,0.13692942261695862
78,78,0.06907465308904648,,,,,,,,,
79,79,,,0.990246593952179,0.14895203709602356,0.9664345383644104,0.4400070309638977,0.8972912430763245,0.33514872193336487,0.143920436501503,0.13692942261695862
79,79,0.0686914250254631,,,,,,,,,
80,80,,,0.9860658645629883,0.14669206738471985,0.9646157622337341,0.43873563408851624,0.8976816534996033,0.3339061737060547,0.14317642152309418,0.13692942261695862
80,80,0.06832551956176758,,,,,,,,,
81,81,,,0.9832805395126343,0.14342078566551208,0.9627315998077393,0.437167227268219,0.8980628848075867,0.33228835463523865,0.1422700434923172,0.13692942261695862
81,81,0.06797318160533905,,,,,,,,,
82,82,,,0.9818444848060608,0.1399119645357132,0.9609473943710327,0.4356226325035095,0.8988452553749084,0.33066076040267944,0.14140532910823822,0.13692942261695862
82,82,0.0676315501332283,,,,,,,,,
83,83,,,0.9817423820495605,0.13679328560829163,0.959481954574585,0.4343453645706177,0.90006023645401,0.32930758595466614,0.14072728157043457,0.13692942261695862
83,83,0.06730152666568756,,,,,,,,,
84,84,,,0.9828193783760071,0.134412482380867,0.9585540890693665,0.43339720368385315,0.9014872312545776,0.3283277153968811,0.14027343690395355,0.13692942261695862
84,84,0.06698691099882126,,,,,,,,,
85,85,,,0.9845583438873291,0.1328420490026474,0.9583073258399963,0.43265342712402344,0.9029206037521362,0.327628493309021,0.13998086750507355,0.13692942261695862
85,85,0.06669129431247711,,,,,,,,,
86,86,,,0.9861965775489807,0.1319868564605713,0.9587388634681702,0.4318850040435791,0.9043331742286682,0.3270057141780853,0.13973388075828552,0.13692942261695862
86,86,0.06641333550214767,,,,,,,,,
87,87,,,0.9871746301651001,0.13171802461147308,0.9596640467643738,0.4308830797672272,0.9057688117027283,0.32626453042030334,0.1394224613904953,0.13692942261695862
87,87,0.06614535301923752,,,,,,,,,
88,88,,,0.9874838590621948,0.1319686770439148,0.9607318639755249,0.4295603334903717,0.9071354269981384,0.3253175914287567,0.13898535072803497,0.13692942261695862
88,88,0.06587938219308853,,,,,,,,,
89,89,,,0.9875746965408325,0.13274893164634705,0.9615026712417603,0.4279809594154358,0.9082233309745789,0.32421398162841797,0.13842687010765076,0.13692942261695862
89,89,0.06561414897441864,,,,,,,,,
90,90,,,0.9879524111747742,0.13407717645168304,0.9615641236305237,0.42630818486213684,0.9089128375053406,0.3230874538421631,0.1378013789653778,0.13692942261695862
90,90,0.0653543472290039,,,,,,,,,
91,91,,,0.9888595342636108,0.13587291538715363,0.9606563448905945,0.4247078597545624,0.9092679023742676,0.3220624625682831,0.13717271387577057,0.13692942261695862
91,91,0.06510289758443832,,,,,,,,,
92,92,,,0.9902599453926086,0.13787630200386047,0.9587564468383789,0.4232662618160248,0.9094256162643433,0.3211756944656372,0.13657322525978088,0.13657322525978088
92,92,0.06485726684331894,,,,,,,,,
93,93,,,0.9919769763946533,0.13965515792369843,0.9560905694961548,0.4219619929790497,0.909458577632904,0.3203538954257965,0.13598760962486267,0.13598760962486267
93,93,0.06461355090141296,,,,,,,,,
94,94,,,0.993765115737915,0.1407189816236496,0.9530664682388306,0.4207013249397278,0.9093611836433411,0.31945741176605225,0.13537026941776276,0.13537026941776276
94,94,0.06437168270349503,,,,,,,,,
95,95,,,0.9953069090843201,0.14069904386997223,0.9501572847366333,0.41939136385917664,0.9091336727142334,0.3183639943599701,0.13468359410762787,0.13468359410762787
95,95,0.06413446366786957,,,,,,,,,
96,96,,,0.9962666034698486,0.13950878381729126,0.9477742314338684,0.41800832748413086,0.9088407158851624,0.3170453608036041,0.13393200933933258,0.13393200933933258
96,96,0.06390313804149628,,,,,,,,,
97,97,,,0.9964336156845093,0.137403666973114,0.9461745023727417,0.41662007570266724,0.9085848331451416,0.3155944347381592,0.13316980004310608,0.13316980004310608
97,97,0.06367634981870651,,,,,,,,,
98,98,,,0.9958268404006958,0.13490529358386993,0.9454206824302673,0.41534990072250366,0.9084441661834717,0.3141862452030182,0.13247820734977722,0.13247820734977722
98,98,0.0634525790810585,,,,,,,,,
99,99,,0.06323190033435822,,,,,,,,
99,99,,,0.9946545958518982,0.13262657821178436,0.9453966021537781,0.4143050014972687,0.908447802066803,0.3129968047142029,0.13192640244960785,0.13192640244960785
99,99,0.06323190033435822,,,,,,,,,
100,100,,,0.9931818842887878,0.13107885420322418,0.945864200592041,0.41351351141929626,0.9085907936096191,0.3121241629123688,0.1315389722585678,0.1315389722585678
100,100,0.06301506608724594,,,,,,,,,
101,101,,,0.9916166663169861,0.13054074347019196,0.9465397596359253,0.41290509700775146,0.908846378326416,0.31155213713645935,0.1312856674194336,0.1312856674194336
101,101,0.06280243396759033,,,,,,,,,
102,102,,,0.9900792837142944,0.1310223489999771,0.9471697211265564,0.41234371066093445,0.9091627597808838,0.3111702501773834,0.13109689950942993,0.13109689950942993
102,102,0.06259376555681229,,,,,,,,,
103,103,,,0.9886206984519958,0.13231021165847778,0.9475839734077454,0.4116956293582916,0.9094634652137756,0.31083622574806213,0.1308966875076294,0.1308966875076294
103,103,0.062388401478528976,,,,,,,,,
104,104,,,0.9872423410415649,0.13406062126159668,0.9477180242538452,0.4108967185020447,0.9096677303314209,0.3104463219642639,0.1306372731924057,0.1306372731924057
104,104,0.06218592822551727,,,,,,,,,
105,105,,,0.985913872718811,0.1359012871980667,0.9476022124290466,0.40998122096061707,0.9097206592559814,0.3099747896194458,0.130316361784935,0.130316361784935
105,105,0.06198664754629135,,,,,,,,,
106,106,,,0.9845970273017883,0.13751272857189178,0.9473289251327515,0.4090554118156433,0.9096065759658813,0.3094639778137207,0.1299685835838318,0.1299685835838318
106,106,0.06179152801632881,,,,,,,,,
107,107,,,0.9832795858383179,0.1386709213256836,0.9470130801200867,0.40823501348495483,0.9093460440635681,0.3089774549007416,0.12963886559009552,0.12963886559009552
107,107,0.06160091236233711,,,,,,,,,
108,108,,,0.98199462890625,0.1392567902803421,0.9467558860778809,0.4075808823108673,0.9089804887771606,0.3085480332374573,0.12935394048690796,0.12935394048690796
108,108,0.0614137165248394,,,,,,,,,
109,109,,,0.9808146953582764,0.13924965262413025,0.9466260075569153,0.4070683419704437,0.9085628390312195,0.30815139412879944,0.12910814583301544,0.12910814583301544
109,109,0.061228591948747635,,,,,,,,,
110,110,,,0.9798275232315063,0.13872048258781433,0.9466516971588135,0.4066013991832733,0.908153772354126,0.3077167272567749,0.12886865437030792,0.12886865437030792
110,110,0.06104525178670883,,,,,,,,,
111,111,,,0.9791067838668823,0.13782501220703125,0.9468280076980591,0.40606147050857544,0.9078157544136047,0.30716630816459656,0.12859544157981873,0.12859544157981873
111,111,0.06086440756917,,,,,,,,,
112,112,,,0.9786956906318665,0.13678567111492157,0.9471319317817688,0.40536555647850037,0.9076053500175476,0.30646130442619324,0.12826499342918396,0.12826499342918396
112,112,0.06068621948361397,,,,,,,,,
113,113,,,0.9786016941070557,0.13585267961025238,0.9475387334823608,0.4045014977455139,0.9075568914413452,0.3056263327598572,0.12788334488868713,0.12788334488868713
113,113,0.06051022559404373,,,,,,,,,
114,114,,,0.9787980318069458,0.13524501025676727,0.9480333924293518,0.40352439880371094,0.9076684713363647,0.30473843216896057,0.12748180329799652,0.12748180329799652
114,114,0.06033600494265556,,,,,,,,,
115,115,,,0.9792206883430481,0.1350896656513214,0.9486127495765686,0.40251901745796204,0.9078982472419739,0.3038870394229889,0.12709830701351166,0.12709830701351166
115,115,0.06016368418931961,,,,,,,,,
116,116,,,0.9797700643539429,0.13538235425949097,0.9492778182029724,0.40155449509620667,0.9081770181655884,0.30313003063201904,0.12675727903842926,0.12675727903842926
116,116,0.05999365076422691,,,,,,,,,
117,117,,,0.9803256392478943,0.13599330186843872,0.9500188827514648,0.400655597448349,0.908429741859436,0.30247023701667786,0.1264585256576538,0.1264585256576538
117,117,0.059826161712408066,,,,,,,,,
118,118,,,0.9807848930358887,0.13671572506427765,0.9508002996444702,0.3998039662837982,0.9085968732833862,0.3018634021282196,0.1261807680130005,0.1261807680130005
118,118,0.05966126173734665,,,,,,,,,
119,119,,,0.9811014533042908,0.13734273612499237,0.9515576958656311,0.39896252751350403,0.9086478352546692,0.30124953389167786,0.12589579820632935,0.12589579820632935
119,119,0.059498950839042664,,,,,,,,,
120,120,,,0.9812950491905212,0.13773760199546814,0.9522077441215515,0.39810705184936523,0.9085880517959595,0.30058935284614563,0.1255851835012436,0.1255851835012436
120,120,0.05933929607272148,,,,,,,,,
121,121,,,0.9814234375953674,0.13786651194095612,0.952671468257904,0.3972432017326355,0.9084578156471252,0.2998831868171692,0.1252492368221283,0.1252492368221283
121,121,0.05918220430612564,,,,,,,,,
122,122,,,0.9815413355827332,0.13778215646743774,0.9529023170471191,0.39640191197395325,0.9083190560340881,0.29916495084762573,0.12490447610616684,0.12490447610616684
122,122,0.05902755260467529,,,,,,,,,
123,123,,,0.9816712141036987,0.1375763863325119,0.9529094696044922,0.3956179916858673,0.9082288146018982,0.2984773516654968,0.12457221001386642,0.12457221001386642
123,123,0.05887507647275925,,,,,,,,,
124,124,,,0.9817960262298584,0.13732905685901642,0.9527589678764343,0.39490747451782227,0.90821373462677,0.2978455424308777,0.12426602095365524,0.12426602095365524
124,124,0.058724481612443924,,,,,,,,,
125,125,,,0.981864869594574,0.1370820701122284,0.9525576829910278,0.39425888657569885,0.9082644581794739,0.29726582765579224,0.12398621439933777,0.12398621439933777
125,125,0.05857563018798828,,,,,,,,,
126,126,,,0.9818083643913269,0.13684794306755066,0.9524187445640564,0.39364129304885864,0.9083495140075684,0.296713650226593,0.12372304499149323,0.12372304499149323
126,126,0.058428648859262466,,,,,,,,,
127,127,,,0.9815680980682373,0.1366376131772995,0.9524255394935608,0.39302387833595276,0.9084376692771912,0.29616424441337585,0.12346566468477249,0.12346566468477249
127,127,0.05828361213207245,,,,,,,,,
128,128,,,0.9811276793479919,0.1364842802286148,0.9526060223579407,0.3923921287059784,0.9085111618041992,0.2956097722053528,0.12320958077907562,0.12320958077907562
128,128,0.05814030393958092,,,,,,,,,
129,129,,,0.9805269241333008,0.1364447921514511,0.952926516532898,0.3917520046234131,0.9085711240768433,0.29506322741508484,0.12295848876237869,0.12295848876237869
129,129,0.05799853801727295,,,,,,,,,
130,130,,,0.9798442125320435,0.1365724503993988,0.95330810546875,0.39111995697021484,0.9086328148841858,0.2945462763309479,0.12271939218044281,0.12271939218044281
130,130,0.05785833299160004,,,,,,,,,
131,131,,,0.9791631102561951,0.1368824690580368,0.9536558389663696,0.39050760865211487,0.9087163209915161,0.2940709590911865,0.1224953681230545,0.1224953681230545
131,131,0.05771983787417412,,,,,,,,,
132,132,,,0.9785448908805847,0.13732686638832092,0.9538911581039429,0.38991206884384155,0.9088320732116699,0.2936280071735382,0.12228110432624817,0.12228110432624817
132,132,0.057583123445510864,,,,,,,,,
133,133,,,0.978017270565033,0.13780246675014496,0.953974723815918,0.3893175423145294,0.9089727401733398,0.29318925738334656,0.12206436693668365,0.12206436693668365
133,133,0.057448096573352814,,,,,,,,,
134,134,,,0.977577269077301,0.13818347454071045,0.9539119601249695,0.38870763778686523,0.9091157913208008,0.29272276163101196,0.12183265388011932,0.12183265388011932
134,134,0.057314712554216385,,,,,,,,,
135,135,,,0.9772038459777832,0.13837173581123352,0.9537441730499268,0.38807791471481323,0.9092358946800232,0.2922109067440033,0.12158066034317017,0.12158066034317017
135,135,0.057182956486940384,,,,,,,,,
136,136,,,0.9768738150596619,0.1383310854434967,0.9535284638404846,0.38744056224823,0.9093172550201416,0.29165908694267273,0.12131335586309433,0.12131335586309433
136,136,0.057052791118621826,,,,,,,,,
137,137,,,0.9765748381614685,0.13809552788734436,0.9533181190490723,0.3868173360824585,0.9093590378761292,0.29109102487564087,0.12104299664497375,0.12104299664497375
137,137,0.05692412704229355,,,,,,,,,
138,138,,,0.9763101935386658,0.13774922490119934,0.9531489610671997,0.38622623682022095,0.9093743562698364,0.2905344069004059,0.12078239768743515,0.12078239768743515
138,138,0.05679696425795555,,,,,,,,,
139,139,,,0.9760921597480774,0.13739052414894104,0.9530353546142578,0.3856694996356964,0.9093831777572632,0.29000553488731384,0.12053799629211426,0.12053799629211426
139,139,0.05667123198509216,,,,,,,,,
140,140,,,0.9759312868118286,0.13709889352321625,0.9529743790626526,0.38513246178627014,0.9094040393829346,0.2895033061504364,0.12030784785747528,0.12030784785747528
140,140,0.05654694139957428,,,,,,,,,
141,141,,,0.9758294820785522,0.13691875338554382,0.9529539942741394,0.38459160923957825,0.9094491004943848,0.28901389241218567,0.12008430063724518,0.12008430063724518
141,141,0.0564240962266922,,,,,,,,,
142,142,,,0.9757766127586365,0.1368589699268341,0.9529603123664856,0.38402873277664185,0.9095203280448914,0.2885226309299469,0.11985979974269867,0.11985979974269867
142,142,0.05630262568593025,,,,,,,,,
143,143,,,0.9757541418075562,0.13690197467803955,0.9529836773872375,0.383441299200058,0.9096114039421082,0.2880246043205261,0.11963172256946564,0.11963172256946564
143,143,0.05618247762322426,,,,,,,,,
144,144,,,0.9757372736930847,0.13701298832893372,0.9530192613601685,0.3828420341014862,0.9097100496292114,0.28752538561820984,0.11940273642539978,0.11940273642539978
144,144,0.05606361851096153,,,,,,,,,
145,145,,,0.9757007956504822,0.13714519143104553,0.9530648589134216,0.3822503983974457,0.9098014831542969,0.2870349586009979,0.11917774379253387,0.11917774379253387
145,145,0.05594606325030327,,,,,,,,,
146,146,,,0.9756231307983398,0.13724695146083832,0.9531179070472717,0.38168081641197205,0.9098719358444214,0.2865581512451172,0.11895942687988281,0.11895942687988281
146,146,0.055829811841249466,,,,,,,,,
147,147,,,0.9754917025566101,0.13727034628391266,0.9531723260879517,0.3811354339122772,0.9099116921424866,0.28608983755111694,0.11874587833881378,0.11874587833881378
147,147,0.05571480467915535,,,,,,,,,
148,148,,,0.9753054976463318,0.137184739112854,0.9532177448272705,0.3806050419807434,0.9099188446998596,0.2856176793575287,0.11853169649839401,0.11853169649839401
148,148,0.055601026862859726,,,,,,,,,
149,149,,0.05548844859004021,,,,,,,,
149,149,,,0.9750763177871704,0.13698965311050415,0.9532417058944702,0.38007691502571106,0.9099003672599792,0.28513050079345703,0.11831171810626984,0.11831171810626984
149,149,0.05548844859004021,,,,,,,,,
150,150,,,0.974823534488678,0.13671869039535522,0.9532349109649658,0.3795432150363922,0.9098710417747498,0.2846263647079468,0.11808464676141739,0.11808464676141739
150,150,0.05537700653076172,,,,,,,,,
151,151,,,0.9745672941207886,0.13642799854278564,0.9531967639923096,0.3790050148963928,0.909848690032959,0.2841145694255829,0.11785420775413513,0.11785420775413513
151,151,0.05526677519083023,,,,,,,,,
152,152,,,0.974321722984314,0.1361759901046753,0.9531384110450745,0.378469854593277,0.9098463654518127,0.2836102545261383,0.11762690544128418,0.11762690544128418
152,152,0.055157650262117386,,,,,,,,,
153,153,,,0.9740908145904541,0.13600140810012817,0.9530808925628662,0.37794530391693115,0.9098668098449707,0.28312596678733826,0.11740835011005402,0.11740835011005402
153,153,0.05504970997571945,,,,,,,,,
154,154,,,0.9738699793815613,0.13591057062149048,0.95304936170578,0.3774343729019165,0.9099023342132568,0.28266528248786926,0.1172005906701088,0.1172005906701088
154,154,0.054942868649959564,,,,,,,,,
155,155,,,0.973650336265564,0.13588297367095947,0.9530625343322754,0.37693408131599426,0.9099394679069519,0.28222277760505676,0.11700169742107391,0.11700169742107391
155,155,0.05483713001012802,,,,,,,,,
156,156,,,0.9734273552894592,0.13588421046733856,0.9531251192092896,0.37643906474113464,0.9099668860435486,0.2817886173725128,0.1168077364563942,0.1168077364563942
156,156,0.05473244562745094,,,,,,,,,
157,157,,,0.9732043147087097,0.13588525354862213,0.9532241821289062,0.3759457767009735,0.9099813103675842,0.2813553214073181,0.11661550402641296,0.11661550402641296
157,157,0.054628800600767136,,,,,,,,,
158,158,,,0.972993791103363,0.13587059080600739,0.953333854675293,0.3754546642303467,0.9099886417388916,0.28092092275619507,0.11642386764287949,0.11642386764287949
158,158,0.05452616140246391,,,,,,,,,
159,159,,,0.9728091955184937,0.13583800196647644,0.9534245729446411,0.3749687373638153,0.9100000262260437,0.28048765659332275,0.11623334139585495,0.11623334139585495
159,159,0.054424554109573364,,,,,,,,,
160,160,,,0.9726582169532776,0.1357886642217636,0.9534746408462524,0.37449029088020325,0.9100245237350464,0.2800576388835907,0.11604448407888412,0.11604448407888412
160,160,0.05432390421628952,,,,,,,,,
161,161,,,0.972539484500885,0.13572008907794952,0.9534773826599121,0.37401869893074036,0.9100635647773743,0.27962982654571533,0.11585666239261627,0.11585666239261627
161,161,0.05422424152493477,,,,,,,,,
162,162,,,0.9724419713020325,0.13562552630901337,0.953442394733429,0.3735502064228058,0.9101106524467468,0.27920001745224,0.1156681478023529,0.1156681478023529
162,162,0.05412548780441284,,,,,,,,,
163,163,,,0.9723495841026306,0.13550037145614624,0.9533905982971191,0.37308117747306824,0.9101548790931702,0.2787642180919647,0.1154775321483612,0.1154775321483612
163,163,0.054027676582336426,,,,,,,,,
164,164,,,0.9722483158111572,0.13535094261169434,0.953344464302063,0.3726104199886322,0.9101883172988892,0.2783224284648895,0.1152850091457367,0.1152850091457367
164,164,0.05393075570464134,,,,,,,,,
165,165,,,0.9721318483352661,0.13519693911075592,0.953319787979126,0.3721400201320648,0.9102098345756531,0.2778794765472412,0.11509275436401367,0.11509275436401367
165,165,0.05383474752306938,,,,,,,,,
166,166,,,0.972000777721405,0.13506294786930084,0.9533219933509827,0.37167346477508545,0.9102245569229126,0.27744215726852417,0.1149035394191742,0.1149035394191742
166,166,0.053739629685878754,,,,,,,,,
167,167,,,0.9718608856201172,0.13496845960617065,0.9533471465110779,0.37121307849884033,0.9102414846420288,0.2770155668258667,0.11471942812204361,0.11471942812204361
167,167,0.053645383566617966,,,,,,,,,
168,168,,,0.9717181324958801,0.13491860032081604,0.9533863067626953,0.3707582354545593,0.9102674126625061,0.2765999734401703,0.11454033851623535,0.11454033851623535
168,168,0.05355195701122284,,,,,,,,,
169,169,,,0.9715753793716431,0.13490089774131775,0.9534302949905396,0.37030643224716187,0.9103044271469116,0.276191383600235,0.11436457931995392,0.11436457931995392
169,169,0.05345937982201576,,,,,,,,,
170,170,,,0.971432089805603,0.13489241898059845,0.9534730911254883,0.36985543370246887,0.9103490114212036,0.2757844626903534,0.11418996006250381,0.11418996006250381
170,170,0.05336761847138405,,,,,,,,,
171,171,,,0.9712858200073242,0.13487015664577484,0.9535125494003296,0.36940550804138184,0.9103949666023254,0.27537602186203003,0.11401527374982834,0.11401527374982834
171,171,0.053276658058166504,,,,,,,,,
172,172,,,0.9711344242095947,0.13481910526752472,0.9535491466522217,0.3689596951007843,0.9104359745979309,0.2749665677547455,0.11384084820747375,0.11384084820747375
172,172,0.05318649113178253,,,,,,,,,
173,173,,,0.9709767699241638,0.13473480939865112,0.9535833597183228,0.368521511554718,0.9104679822921753,0.2745586037635803,0.11366765946149826,0.11366765946149826
173,173,0.053097110241651535,,,,,,,,,
174,174,,,0.9708147644996643,0.13462282717227936,0.9536149501800537,0.36809223890304565,0.9104897975921631,0.2741541266441345,0.11349640786647797,0.11349640786647797
174,174,0.05300847068428993,,,,,,,,,
175,175,,,0.9706516265869141,0.13449279963970184,0.9536436200141907,0.3676700294017792,0.9105033874511719,0.2737528681755066,0.11332681775093079,0.11332681775093079
175,175,0.052920565009117126,,,,,,,,,
176,176,,,0.9704922437667847,0.1343563199043274,0.9536682367324829,0.3672507405281067,0.9105119705200195,0.27335289120674133,0.11315788328647614,0.11315788328647614
176,176,0.05283338204026222,,,,,,,,,
177,177,,,0.9703408479690552,0.13422439992427826,0.9536886215209961,0.36683011054992676,0.9105194211006165,0.2729519307613373,0.11298856139183044,0.11298856139183044
177,177,0.05274694785475731,,,,,,,,,
178,178,,,0.9702005386352539,0.13410598039627075,0.9537065625190735,0.36640623211860657,0.9105297327041626,0.272549569606781,0.11281878501176834,0.11281878501176834
178,178,0.05266118794679642,,,,,,,,,
179,179,,,0.9700727462768555,0.13400675356388092,0.9537259340286255,0.36597996950149536,0.9105443358421326,0.27214744687080383,0.1126493290066719,0.1126493290066719
179,179,0.05257613956928253,,,,,,,,,
180,180,,,0.9699566960334778,0.13392487168312073,0.9537515640258789,0.3655538260936737,0.9105632901191711,0.2717477083206177,0.11248131841421127,0.11248131841421127
180,180,0.052491746842861176,,,,,,,,,
181,181,,,0.9698496460914612,0.13385137915611267,0.9537877440452576,0.36513015627861023,0.9105832576751709,0.27135100960731506,0.11231529712677002,0.11231529712677002
181,181,0.05240802839398384,,,,,,,,,
182,182,,,0.9697481393814087,0.13377287983894348,0.9538357257843018,0.364709734916687,0.9106007814407349,0.27095621824264526,0.11215093731880188,0.11215093731880188
182,182,0.05232496187090874,,,,,,,,,
183,183,,,0.9696499109268188,0.13367679715156555,0.9538925290107727,0.3642919957637787,0.9106134176254272,0.2705608606338501,0.11198724806308746,0.11198724806308746
183,183,0.05224252864718437,,,,,,,,,
184,184,,,0.9695542454719543,0.13355624675750732,0.9539517760276794,0.36387595534324646,0.9106209874153137,0.27016305923461914,0.11182330548763275,0.11182330548763275
184,184,0.052160728722810745,,,,,,,,,
185,185,,,0.9694622159004211,0.13341408967971802,0.9540051221847534,0.3634614646434784,0.9106262922286987,0.26976317167282104,0.1116589829325676,0.1116589829325676
185,185,0.05207952484488487,,,,,,,,,
186,186,,,0.9693750143051147,0.1332598328590393,0.9540462493896484,0.36304929852485657,0.9106329083442688,0.26936331391334534,0.11149486154317856,0.11149486154317856
186,186,0.05199892818927765,,,,,,,,,
187,187,,,0.9692920446395874,0.13310427963733673,0.9540727138519287,0.36264023184776306,0.9106424450874329,0.26896587014198303,0.11133161932229996,0.11133161932229996
187,187,0.051918912678956985,,,,,,,,,
188,188,,,0.9692108035087585,0.13295434415340424,0.9540884494781494,0.36223477125167847,0.910654604434967,0.2685723304748535,0.11116985231637955,0.11116985231637955
188,188,0.051839496940374374,,,,,,,,,
189,189,,,0.9691277742385864,0.1328124850988388,0.9540996551513672,0.3618323504924774,0.910666286945343,0.268182635307312,0.11100952327251434,0.11100952327251434
189,189,0.05176062509417534,,,,,,,,,
190,190,,,0.9690384864807129,0.13267627358436584,0.9541140794754028,0.3614322543144226,0.9106742143630981,0.2677956819534302,0.11085034161806107,0.11085034161806107
190,190,0.05168231949210167,,,,,,,,,
191,191,,,0.9689415097236633,0.13254423439502716,0.9541358947753906,0.36103397607803345,0.9106773734092712,0.26741090416908264,0.11069221794605255,0.11069221794605255
191,191,0.05160455405712128,,,,,,,,,
192,192,,,0.9688377976417542,0.13241474330425262,0.9541659951210022,0.3606376349925995,0.9106771349906921,0.2670280337333679,0.11053518950939178,0.11053518950939178
192,192,0.05152732506394386,,,,,,,,,
193,193,,,0.9687299132347107,0.13228827714920044,0.9542012214660645,0.3602435290813446,0.9106770753860474,0.26664742827415466,0.11037947982549667,0.11037947982549667
193,193,0.05145060271024704,,,,,,,,,
194,194,,,0.9686208963394165,0.13216300308704376,0.9542369246482849,0.35985180735588074,0.9106800556182861,0.2662689983844757,0.11022505909204483,0.11022505909204483
194,194,0.051374420523643494,,,,,,,,,
195,195,,,0.9685129523277283,0.13203562796115875,0.9542696475982666,0.3594621419906616,0.9106870293617249,0.2658918797969818,0.11007154732942581,0.11007154732942581
195,195,0.051298726350069046,,,,,,,,,
196,196,,,0.9684064388275146,0.13190080225467682,0.954298198223114,0.35907381772994995,0.9106963872909546,0.2655145525932312,0.10991837084293365,0.10991837084293365
196,196,0.0512235052883625,,,,,,,,,
197,197,,,0.9683008193969727,0.13175468146800995,0.9543232321739197,0.3586863577365875,0.9107051491737366,0.26513606309890747,0.10976505279541016,0.10976505279541016
197,197,0.051148779690265656,,,,,,,,,
198,198,,,0.9681962132453918,0.13159801065921783,0.9543464183807373,0.3583000600337982,0.9107109904289246,0.2647567391395569,0.10961171984672546,0.10961171984672546
198,198,0.051074523478746414,,,,,,,,,
199,199,,0.05100073292851448,,,,,,,,
199,199,,,0.9680929183959961,0.1314346343278885,0.954369068145752,0.3579152524471283,0.9107128381729126,0.2643775939941406,0.10945865511894226,0.10945865511894226
199,199,0.05100073292851448,,,,,,,,,
200,200,,,0.9679926037788391,0.13127124309539795,0.9543911814689636,0.3575323820114136,0.9107114672660828,0.26399990916252136,0.10930631309747696,0.10930631309747696
200,200,0.05092739313840866,,,,,,,,,
201,201,,,0.9678966403007507,0.13111315667629242,0.9544128179550171,0.35715121030807495,0.9107083082199097,0.2636244595050812,0.10915490984916687,0.10915490984916687
201,201,0.05085448548197746,,,,,,,,,
202,202,,,0.9678065776824951,0.13096272945404053,0.9544334411621094,0.35677123069763184,0.9107048511505127,0.26325103640556335,0.10900439321994781,0.10900439321994781
202,202,0.050782009959220886,,,,,,,,,
203,203,,,0.9677223563194275,0.13081923127174377,0.9544533491134644,0.35639187693595886,0.9107019901275635,0.26287907361984253,0.10885459184646606,0.10885459184646606
203,203,0.05070994794368744,,,,,,,,,
204,204,,,0.967643678188324,0.1306791454553604,0.9544737935066223,0.35601305961608887,0.9106994271278381,0.2625078856945038,0.10870532691478729,0.10870532691478729
204,204,0.05063832178711891,,,,,,,,,
205,205,,,0.9675694704055786,0.13053879141807556,0.954495906829834,0.3556350767612457,0.9106969833374023,0.2621372640132904,0.10855665057897568,0.10855665057897568
205,205,0.050567079335451126,,,,,,,,,
206,206,,,0.9674981832504272,0.13039538264274597,0.9545207619667053,0.35525885224342346,0.9106935858726501,0.26176759600639343,0.10840876400470734,0.10840876400470734
206,206,0.050496235489845276,,,,,,,,,
207,207,,,0.9674285650253296,0.1302468478679657,0.9545486569404602,0.3548845052719116,0.910688579082489,0.2613988220691681,0.10826162993907928,0.10826162993907928
207,207,0.05042579025030136,,,,,,,,,
208,208,,,0.9673595428466797,0.13009199500083923,0.9545788168907166,0.35451218485832214,0.9106813669204712,0.26103076338768005,0.10811516642570496,0.10811516642570496
208,208,0.05035572126507759,,,,,,,,,
209,209,,,0.9672905802726746,0.1299315243959427,0.9546095728874207,0.35414114594459534,0.9106720685958862,0.2606630027294159,0.10796905308961868,0.10796905308961868
209,209,0.05028600990772247,,,,,,,,,
210,210,,,0.9672216773033142,0.12976786494255066,0.9546388983726501,0.353770911693573,0.9106610417366028,0.2602953314781189,0.10782314836978912,0.10782314836978912
210,210,0.0502166673541069,,,,,,,,,
211,211,,,0.9671528339385986,0.1296038031578064,0.9546657800674438,0.35340115427970886,0.9106486439704895,0.2599279582500458,0.1076774075627327,0.1076774075627327
211,211,0.050147656351327896,,,,,,,,,
212,212,,,0.9670844078063965,0.12944363057613373,0.9546899795532227,0.3530319631099701,0.9106357097625732,0.25956159830093384,0.10753203183412552,0.10753203183412552
212,212,0.05007900670170784,,,,,,,,,
213,213,,,0.967016339302063,0.1292884200811386,0.9547128081321716,0.35266372561454773,0.9106219410896301,0.25919678807258606,0.10738728940486908,0.10738728940486908
213,213,0.05001068860292435,,,,,,,,,
214,214,,,0.9669482707977295,0.1291377991437912,0.9547359347343445,0.3522966802120209,0.9106069207191467,0.25883376598358154,0.10724326968193054,0.10724326968193054
214,214,0.04994271695613861,,,,,,,,,
215,215,,,0.9668799042701721,0.12898875772953033,0.9547615647315979,0.3519308865070343,0.9105897545814514,0.2584720551967621,0.10709993541240692,0.10709993541240692
215,215,0.04987504705786705,,,,,,,,,
216,216,,,0.9668117761611938,0.12883895635604858,0.9547901749610901,0.3515661954879761,0.9105704426765442,0.2581111490726471,0.10695717483758926,0.10695717483758926
216,216,0.049807675182819366,,,,,,,,,
217,217,,,0.9667438268661499,0.12868574261665344,0.9548210501670837,0.3512026071548462,0.9105492830276489,0.2577507197856903,0.10681485384702682,0.10681485384702682
217,217,0.049740634858608246,,,,,,,,,
218,218,,,0.9666775465011597,0.12852950394153595,0.9548532962799072,0.35084012150764465,0.9105274677276611,0.25739067792892456,0.10667303204536438,0.10667303204536438
218,218,0.04967388138175011,,,,,,,,,
219,219,,,0.9666134119033813,0.12837088108062744,0.9548845291137695,0.3504786789417267,0.9105057716369629,0.2570312023162842,0.10653164982795715,0.10653164982795715
219,219,0.04960741847753525,,,,,,,,,
220,220,,,0.9665517807006836,0.12821082770824432,0.9549143314361572,0.35011816024780273,0.9104841351509094,0.2566722333431244,0.10639068484306335,0.10639068484306335
220,220,0.04954123497009277,,,,,,,,,
221,221,,,0.9664924144744873,0.12804964184761047,0.9549432992935181,0.34975844621658325,0.9104620218276978,0.2563137710094452,0.10625007748603821,0.10625007748603821
221,221,0.04947532340884209,,,,,,,,,
222,222,,,0.9664339423179626,0.12788735330104828,0.9549719095230103,0.349399209022522,0.9104384779930115,0.2559555172920227,0.10610967874526978,0.10610967874526978
222,222,0.04940968006849289,,,,,,,,,
223,223,,,0.9663769006729126,0.12772522866725922,0.9550008177757263,0.3490404188632965,0.9104130864143372,0.2555975914001465,0.10596956312656403,0.10596956312656403
223,223,0.04934428632259369,,,,,,,,,
224,224,,,0.9663205146789551,0.12756375968456268,0.9550302028656006,0.3486819863319397,0.91038578748703,0.2552400231361389,0.10582968592643738,0.10582968592643738
224,224,0.04927917197346687,,,,,,,,,
225,225,,,0.9662648439407349,0.12740345299243927,0.9550598859786987,0.3483240306377411,0.9103571772575378,0.2548830211162567,0.10569014400243759,0.10569014400243759
225,225,0.04921429976820946,,,,,,,,,
226,226,,,0.9662104845046997,0.1272452473640442,0.9550893306732178,0.3479665219783783,0.9103280901908875,0.25452667474746704,0.10555096715688705,0.10555096715688705
226,226,0.049149639904499054,,,,,,,,,
227,227,,,0.9661573171615601,0.127088263630867,0.9551182985305786,0.3476095497608185,0.9102990627288818,0.2541710138320923,0.10541220009326935,0.10541220009326935
227,227,0.049085233360528946,,,,,,,,,
228,228,,,0.9661052227020264,0.12693068385124207,0.955147385597229,0.3472530245780945,0.9102699756622314,0.25381559133529663,0.10527373850345612,0.10527373850345612
228,228,0.04902103915810585,,,,,,,,,
229,229,,,0.9660540223121643,0.12677133083343506,0.9551766514778137,0.3468969464302063,0.910240650177002,0.2534603178501129,0.10513554513454437,0.10513554513454437
229,229,0.04895707219839096,,,,,,,,,
230,230,,,0.9660032391548157,0.12660935521125793,0.9552068114280701,0.34654155373573303,0.9102106094360352,0.25310513377189636,0.1049976497888565,0.1049976497888565
230,230,0.048893336206674576,,,,,,,,,
231,231,,,0.9659528136253357,0.12644536793231964,0.955237865447998,0.34618690609931946,0.9101797938346863,0.25275033712387085,0.10486012697219849,0.10486012697219849
231,231,0.04882977902889252,,,,,,,,,
232,232,,,0.9659029245376587,0.126280277967453,0.955269455909729,0.3458330035209656,0.910148024559021,0.2523960769176483,0.1047229915857315,0.1047229915857315
232,232,0.04876644164323807,,,,,,,,,
233,233,,,0.9658539295196533,0.12611569464206696,0.9553011059761047,0.3454795777797699,0.9101158380508423,0.25204232335090637,0.10458618402481079,0.10458618402481079
233,233,0.04870329797267914,,,,,,,,,
234,234,,,0.96580570936203,0.12595203518867493,0.9553322196006775,0.3451264500617981,0.9100829362869263,0.2516888976097107,0.10444963723421097,0.10444963723421097
234,234,0.04864032566547394,,,,,,,,,
235,235,,,0.9657585024833679,0.12578950822353363,0.9553623199462891,0.3447733521461487,0.9100496172904968,0.25133568048477173,0.10431324690580368,0.10431324690580368
235,235,0.04857754707336426,,,,,,,,,
236,236,,,0.9657124876976013,0.1256285011768341,0.9553917646408081,0.3444203734397888,0.9100160002708435,0.25098279118537903,0.1041770875453949,0.1041770875453949
236,236,0.0485149547457695,,,,,,,,,
237,237,,,0.9656676650047302,0.1254681795835495,0.9554213285446167,0.34406760334968567,0.9099819660186768,0.25063014030456543,0.10404115915298462,0.10404115915298462
237,237,0.04845251142978668,,,,,,,,,
238,238,,,0.9656239748001099,0.1253078132867813,0.9554510712623596,0.34371495246887207,0.9099474549293518,0.25027763843536377,0.10390546172857285,0.10390546172857285
238,238,0.04839023947715759,,,,,,,,,
239,239,,,0.9655812978744507,0.12514622509479523,0.955481767654419,0.34336259961128235,0.9099122881889343,0.2499251812696457,0.10376998782157898,0.10376998782157898
239,239,0.04832814633846283,,,,,,,,,
240,240,,,0.9655397534370422,0.12498261034488678,0.9555128216743469,0.3430105149745941,0.9098765850067139,0.24957261979579926,0.10363468527793884,0.10363468527793884
240,240,0.04826619103550911,,,,,,,,,
241,241,,,0.9654993414878845,0.12481708079576492,0.9555445909500122,0.34265854954719543,0.90984046459198,0.2492198795080185,0.10349955409765244,0.10349955409765244
241,241,0.048204392194747925,,,,,,,,,
242,242,,,0.9654604196548462,0.12465020269155502,0.9555765390396118,0.3423067629337311,0.9098042249679565,0.24886703491210938,0.10336459428071976,0.10336459428071976
242,242,0.04814270883798599,,,,,,,,,
243,243,,,0.9654224514961243,0.124483123421669,0.9556083083152771,0.34195512533187866,0.9097678661346436,0.2485143542289734,0.10322986543178558,0.10322986543178558
243,243,0.04808120056986809,,,,,,,,,
244,244,,,0.9653857350349426,0.12431694567203522,0.9556398987770081,0.3416035771369934,0.9097314476966858,0.24816183745861053,0.10309533774852753,0.10309533774852753
244,244,0.048019807785749435,,,,,,,,,
245,245,,,0.9653499722480774,0.12415115535259247,0.9556713700294495,0.3412521183490753,0.9096946716308594,0.24780946969985962,0.10296100378036499,0.10296100378036499
245,245,0.04795852303504944,,,,,,,,,
246,246,,,0.9653146862983704,0.12398599088191986,0.9557029604911804,0.3409007489681244,0.9096572399139404,0.24745729565620422,0.10282687842845917,0.10282687842845917
246,246,0.047897376120090485,,,,,,,,,
247,247,,,0.9652799367904663,0.12382066249847412,0.9557347893714905,0.34054943919181824,0.9096192121505737,0.24710513651371002,0.10269290208816528,0.10269290208816528
247,247,0.04783634841442108,,,,,,,,,
248,248,,,0.965245246887207,0.12365507334470749,0.9557668566703796,0.3401981592178345,0.9095804691314697,0.24675296247005463,0.10255907475948334,0.10255907475948334
248,248,0.04777544364333153,,,,,,,,,
249,249,,0.04771462827920914,,,,,,,,
249,249,,,0.9652112722396851,0.12348930537700653,0.955798864364624,0.3398469388484955,0.9095414876937866,0.2464008927345276,0.10242543369531631,0.10242543369531631
249,249,0.04771462827920914,,,,,,,,,
250,250,,,0.965177595615387,0.12332305312156677,0.9558306932449341,0.3394957184791565,0.9095026254653931,0.2460487186908722,0.10229192674160004,0.10229192674160004
250,250,0.047653909772634506,,,,,,,,,
251,251,,,0.965144693851471,0.1231563612818718,0.9558621048927307,0.33914464712142944,0.9094637632369995,0.24569658935070038,0.10215859115123749,0.10215859115123749
251,251,0.04759329929947853,,,,,,,,,
252,252,,,0.9651123285293579,0.12298885732889175,0.9558937549591064,0.33879339694976807,0.9094250202178955,0.24534422159194946,0.1020253598690033,0.1020253598690033
252,252,0.04753278195858002,,,,,,,,,
253,253,,,0.9650804996490479,0.12282020598649979,0.9559260606765747,0.3384421169757843,0.9093858599662781,0.24499161541461945,0.10189224779605865,0.10189224779605865
253,253,0.04747233912348747,,,,,,,,,
254,254,,,0.9650490880012512,0.12265117466449738,0.9559589624404907,0.3380907475948334,0.9093465805053711,0.24463890492916107,0.10175929218530655,0.10175929218530655
254,254,0.047411996871232986,,,,,,,,,
255,255,,,0.9650181531906128,0.1224822923541069,0.9559923410415649,0.3377392590045929,0.9093068838119507,0.24428610503673553,0.101626455783844,0.101626455783844
255,255,0.047351740300655365,,,,,,,,,
256,256,,,0.9649879932403564,0.12231437116861343,0.9560255408287048,0.3373875617980957,0.9092671871185303,0.2439333200454712,0.10149374604225159,0.10149374604225159
256,256,0.047291532158851624,,,,,,,,,
257,257,,,0.9649590253829956,0.12214693427085876,0.9560585021972656,0.33703580498695374,0.9092274904251099,0.24358050525188446,0.10136118531227112,0.10136118531227112
257,257,0.04723140224814415,,,,,,,,,
258,258,,,0.9649308919906616,0.1219794750213623,0.9560913443565369,0.3366837799549103,0.9091877341270447,0.2432274967432022,0.10122870653867722,0.10122870653867722
258,258,0.04717134311795235,,,,,,,,,
259,259,,,0.9649036526679993,0.12181159853935242,0.9561235904693604,0.3363315165042877,0.9091479182243347,0.24287419021129608,0.1010962575674057,0.1010962575674057
259,259,0.04711134359240532,,,,,,,,,
260,260,,,0.9648772478103638,0.1216435506939888,0.9561558365821838,0.33597904443740845,0.9091078042984009,0.24252067506313324,0.10096389800310135,0.10096389800310135
260,260,0.04705139249563217,,,,,,,,,
261,261,,,0.9648516178131104,0.12147464603185654,0.9561879634857178,0.3356262743473053,0.9090678095817566,0.24216677248477936,0.10083156824111938,0.10083156824111938
261,261,0.046991508454084396,,,,,,,,,
262,262,,,0.9648268222808838,0.12130552530288696,0.9562203884124756,0.3352733552455902,0.9090277552604675,0.24181267619132996,0.10069935023784637,0.10069935023784637
262,262,0.04693165794014931,,,,,,,,,
263,263,,,0.9648027420043945,0.1211358830332756,0.9562531113624573,0.334920197725296,0.9089877009391785,0.24145835638046265,0.10056723654270172,0.10056723654270172
263,263,0.046871867030858994,,,,,,,,,
264,264,,,0.964779257774353,0.12096589803695679,0.9562861323356628,0.3345666527748108,0.9089475274085999,0.24110360443592072,0.10043514519929886,0.10043514519929886
264,264,0.04681209474802017,,,,,,,,,
265,265,,,0.9647566080093384,0.12079565227031708,0.9563192129135132,0.3342128396034241,0.908907413482666,0.2407485544681549,0.10030312836170197,0.10030312836170197
265,265,0.04675238952040672,,,,,,,,,
266,266,,,0.9647343158721924,0.12062535434961319,0.9563522338867188,0.33385857939720154,0.9088674783706665,0.24039314687252045,0.10017112642526627,0.10017112642526627
266,266,0.04669271036982536,,,,,,,,,
267,267,,,0.9647129774093628,0.12045542895793915,0.9563852548599243,0.33350399136543274,0.9088276028633118,0.2400374412536621,0.10003917664289474,0.10003917664289474
267,267,0.04663301631808281,,,,,,,,,
268,268,,,0.9646921753883362,0.12028616666793823,0.9564179182052612,0.3331490755081177,0.9087878465652466,0.2396816462278366,0.09990733116865158,0.09990733116865158
268,268,0.04657338559627533,,,,,,,,,
269,269,,,0.964671790599823,0.12011673301458359,0.9564505219459534,0.3327937424182892,0.9087479710578918,0.23932543396949768,0.09977549314498901,0.09977549314498901
269,269,0.04651378095149994,,,,,,,,,
270,270,,,0.964651882648468,0.11994664371013641,0.956483006477356,0.3324379622936249,0.9087077379226685,0.23896868526935577,0.09964361041784286,0.09964361041784286
270,270,0.04645418003201485,,,,,,,,,
271,271,,,0.9646323919296265,0.11977583169937134,0.956515371799469,0.33208176493644714,0.9086676836013794,0.23861151933670044,0.0995117574930191,0.0995117574930191
271,271,0.046394601464271545,,,,,,,,,
272,272,,,0.9646136164665222,0.11960431188344955,0.9565475583076477,0.3317250609397888,0.9086276292800903,0.23825377225875854,0.09937985241413116,0.09937985241413116
272,272,0.046335022896528244,,,,,,,,,
273,273,,,0.9645955562591553,0.11943290382623672,0.9565795063972473,0.33136796951293945,0.9085878729820251,0.23789571225643158,0.0992479920387268,0.0992479920387268
273,273,0.04627545177936554,,,,,,,,,
274,274,,,0.9645777940750122,0.11926153302192688,0.9566114544868469,0.3310104012489319,0.9085483551025391,0.23753726482391357,0.09911617636680603,0.09911617636680603
274,274,0.04621589183807373,,,,,,,,,
275,275,,,0.9645606875419617,0.11908985674381256,0.9566431641578674,0.33065229654312134,0.908508837223053,0.2371782809495926,0.09898430109024048,0.09898430109024048
275,275,0.04615633934736252,,,,,,,,,
276,276,,,0.9645442366600037,0.11891771852970123,0.9566752910614014,0.3302936553955078,0.9084693789482117,0.23681876063346863,0.09885244071483612,0.09885244071483612
276,276,0.04609678313136101,,,,,,,,,
277,277,,,0.9645280241966248,0.11874526739120483,0.9567074179649353,0.32993438839912415,0.9084299802780151,0.23645861446857452,0.09872052073478699,0.09872052073478699
277,277,0.046037208288908005,,,,,,,,,
278,278,,,0.9645127654075623,0.11857280135154724,0.9567393660545349,0.3295745849609375,0.908390462398529,0.2360980063676834,0.09858858585357666,0.09858858585357666
278,278,0.045977625995874405,,,,,,,,,
279,279,,,0.9644980430603027,0.11840003728866577,0.9567707777023315,0.3292141854763031,0.9083511233329773,0.2357368916273117,0.09845660626888275,0.09845660626888275
279,279,0.04591803625226021,,,,,,,,,
280,280,,,0.9644838571548462,0.11822749674320221,0.9568018913269043,0.3288530707359314,0.9083121418952942,0.23537512123584747,0.09832455962896347,0.09832455962896347
280,280,0.04585843160748482,,,,,,,,,
281,281,,,0.9644700884819031,0.11805418878793716,0.9568326473236084,0.32849130034446716,0.9082731008529663,0.2350126951932907,0.09819243848323822,0.09819243848323822
281,281,0.04579880088567734,,,,,,,,,
282,282,,,0.9644570350646973,0.11787991970777512,0.9568631649017334,0.3281289041042328,0.9082341194152832,0.23464952409267426,0.09806022047996521,0.09806022047996521
282,282,0.04573915898799896,,,,,,,,,
283,283,,,0.9644443392753601,0.11770536005496979,0.956893801689148,0.32776588201522827,0.9081951975822449,0.23428575694561005,0.09792797267436981,0.09792797267436981
283,283,0.045679476112127304,,,,,,,,,
284,284,,,0.9644320607185364,0.11753038316965103,0.9569240808486938,0.32740214467048645,0.9081564545631409,0.2339213490486145,0.09779564291238785,0.09779564291238785
284,284,0.04561978578567505,,,,,,,,,
285,285,,,0.9644205570220947,0.11735538393259048,0.9569541811943054,0.3270377218723297,0.9081178903579712,0.23355631530284882,0.0976632684469223,0.0976632684469223
285,285,0.04556003212928772,,,,,,,,,
286,286,,,0.9644094705581665,0.11717978119850159,0.9569842219352722,0.32667261362075806,0.9080795049667358,0.23319056630134583,0.09753081202507019,0.09753081202507019
286,286,0.045500271022319794,,,,,,,,,
287,287,,,0.9643987417221069,0.11700389534235,0.9570138454437256,0.32630661129951477,0.9080412983894348,0.23282401263713837,0.09739822149276733,0.09739822149276733
287,287,0.04544047638773918,,,,,,,,,
288,288,,,0.9643884897232056,0.11682727932929993,0.9570432305335999,0.32593995332717896,0.9080030918121338,0.23245671391487122,0.09726554155349731,0.09726554155349731
288,288,0.0453806109726429,,,,,,,,,
289,289,,,0.9643787145614624,0.11665095388889313,0.9570723176002502,0.3255723714828491,0.9079650044441223,0.23208871483802795,0.09713275730609894,0.09713275730609894
289,289,0.04532073065638542,,,,,,,,,
290,290,,,0.964369535446167,0.11647414416074753,0.9571011066436768,0.3252040147781372,0.9079271554946899,0.2317199558019638,0.0969998687505722,0.0969998687505722
290,290,0.045260798186063766,,,,,,,,,
291,291,,,0.964360773563385,0.11629676073789597,0.9571294784545898,0.32483482360839844,0.9078894257545471,0.2313503473997116,0.09686684608459473,0.09686684608459473
291,291,0.04520081356167793,,,,,,,,,
292,292,,,0.9643524289131165,0.11611853539943695,0.9571576118469238,0.3244647979736328,0.9078516960144043,0.23097987473011017,0.0967336967587471,0.0967336967587471
292,292,0.04514078050851822,,,,,,,,,
293,293,,,0.9643445611000061,0.11593927443027496,0.9571854472160339,0.3240938186645508,0.9078140258789062,0.23060841858386993,0.09660036861896515,0.09660036861896515
293,293,0.045080702751874924,,,,,,,,,
294,294,,,0.9643374085426331,0.11575967818498611,0.9572126269340515,0.3237220048904419,0.9077767133712769,0.23023615777492523,0.09646692872047424,0.09646692872047424
294,294,0.04502055048942566,,,,,,,,,
295,295,,,0.9643309712409973,0.11558008193969727,0.9572398066520691,0.323349267244339,0.9077395796775818,0.22986309230327606,0.09633336961269379,0.09633336961269379
295,295,0.04496035724878311,,,,,,,,,
296,296,,,0.9643248915672302,0.11540018022060394,0.9572665691375732,0.32297560572624207,0.9077028036117554,0.22948913276195526,0.09619966149330139,0.09619966149330139
296,296,0.0449000783264637,,,,,,,,,
297,297,,,0.9643192291259766,0.11521945148706436,0.9572927355766296,0.32260099053382874,0.9076659679412842,0.22911421954631805,0.09606578946113586,0.09606578946113586
297,297,0.0448397621512413,,,,,,,,,
298,298,,,0.9643141627311707,0.11503851413726807,0.9573187828063965,0.3222253620624542,0.9076293706893921,0.22873839735984802,0.0959317684173584,0.0959317684173584
298,298,0.04477936774492264,,,,,,,,,
299,299,,0.0447189100086689,,,,,,,,
299,299,,,0.9643093347549438,0.11485632508993149,0.9573442935943604,0.3218487799167633,0.9075927138328552,0.22836151719093323,0.09579753875732422,0.09579753875732422
299,299,0.0447189100086689,,,,,,,,,
300,300,,,0.9643049836158752,0.11467360705137253,0.9573694467544556,0.3214711844921112,0.9075562357902527,0.22798366844654083,0.0956631451845169,0.0956631451845169
300,300,0.04465838149189949,,,,,,,,,
301,301,,,0.9643011689186096,0.11449034512042999,0.9573943018913269,0.3210925757884979,0.9075199961662292,0.22760483622550964,0.09552858024835587,0.09552858024835587
301,301,0.04459777846932411,,,,,,,,,
302,302,,,0.9642977714538574,0.11430671066045761,0.9574183225631714,0.3207128345966339,0.9074839949607849,0.22722496092319489,0.09539380669593811,0.09539380669593811
302,302,0.04453709349036217,,,,,,,,,
303,303,,,0.9642948508262634,0.1141224130988121,0.9574418067932129,0.32033202052116394,0.9074482321739197,0.22684402763843536,0.09525883942842484,0.09525883942842484
303,303,0.04447634518146515,,,,,,,,,
304,304,,,0.9642921686172485,0.11393740773200989,0.957464873790741,0.319950133562088,0.9074125289916992,0.2264620065689087,0.09512367844581604,0.09512367844581604
304,304,0.04441550374031067,,,,,,,,,
305,305,,,0.9642900228500366,0.11375121027231216,0.9574878811836243,0.31956711411476135,0.9073768854141235,0.2260788381099701,0.09498828649520874,0.09498828649520874
305,305,0.04435458034276962,,,,,,,,,
306,306,,,0.9642882943153381,0.11356441676616669,0.9575100541114807,0.3191830515861511,0.9073413610458374,0.22569461166858673,0.09485270082950592,0.09485270082950592
306,306,0.04429358243942261,,,,,,,,,
307,307,,,0.9642873406410217,0.11337709426879883,0.9575318098068237,0.318797767162323,0.9073061347007751,0.22530928254127502,0.09471690654754639,0.09471690654754639
307,307,0.04423249140381813,,,,,,,,,
308,308,,,0.9642865657806396,0.11318883299827576,0.9575532078742981,0.31841135025024414,0.9072709679603577,0.2249227613210678,0.09458087384700775,0.09458087384700775
308,308,0.044171299785375595,,,,,,,,,
309,309,,,0.9642862677574158,0.11300023645162582,0.9575740098953247,0.31802377104759216,0.9072360396385193,0.22453516721725464,0.0944446474313736,0.0944446474313736
309,309,0.04411004111170769,,,,,,,,,
310,310,,,0.9642864465713501,0.11281086504459381,0.9575940370559692,0.3176349401473999,0.9072012901306152,0.22414633631706238,0.09430815279483795,0.09430815279483795
310,310,0.04404868185520172,,,,,,,,,
311,311,,,0.9642868638038635,0.11262083798646927,0.9576134085655212,0.3172447681427002,0.907166600227356,0.22375620901584625,0.09417138248682022,0.09417138248682022
311,311,0.0439872071146965,,,,,,,,,
312,312,,,0.9642878174781799,0.11242985725402832,0.9576324224472046,0.3168533444404602,0.907132089138031,0.22336485981941223,0.09403438121080399,0.09403438121080399
312,312,0.04392566159367561,,,,,,,,,
313,313,,,0.964289128780365,0.1122378557920456,0.9576506614685059,0.3164606988430023,0.9070976972579956,0.22297224402427673,0.09389711916446686,0.09389711916446686
313,313,0.04386400058865547,,,,,,,,,
314,314,,,0.9642908573150635,0.11204461753368378,0.9576683640480042,0.316066712141037,0.9070634841918945,0.2225782424211502,0.09375955164432526,0.09375955164432526
314,314,0.04380225017666817,,,,,,,,,
315,315,,,0.9642931222915649,0.11185064911842346,0.9576855301856995,0.31567150354385376,0.907029390335083,0.22218304872512817,0.09362177550792694,0.09362177550792694
315,315,0.04374037683010101,,,,,,,,,
316,316,,,0.9642956256866455,0.11165573447942734,0.9577021598815918,0.3152748942375183,0.9069955348968506,0.2217864841222763,0.09348370134830475,0.09348370134830475
316,316,0.043678417801856995,,,,,,,,,
317,317,,,0.9642987847328186,0.11146029829978943,0.9577177166938782,0.314876914024353,0.9069619178771973,0.22138860821723938,0.09334535151720047,0.09334535151720047
317,317,0.043616343289613724,,,,,,,,,
318,318,,,0.9643023610115051,0.11126402020454407,0.9577328562736511,0.3144776225090027,0.906928539276123,0.2209894210100174,0.0932067409157753,0.0932067409157753
318,318,0.0435541532933712,,,,,,,,,
319,319,,,0.9643062353134155,0.1110668033361435,0.9577474594116211,0.3140769302845001,0.9068951606750488,0.2205888330936432,0.09306785464286804,0.09306785464286804
319,319,0.043491851538419724,,,,,,,,,
320,320,,,0.9643106460571289,0.11086856573820114,0.9577613472938538,0.31367483735084534,0.9068619012832642,0.22018685936927795,0.09292866289615631,0.09292866289615631
320,320,0.04342944547533989,,,,,,,,,
321,321,,,0.9643152952194214,0.11066929996013641,0.9577744603157043,0.31327128410339355,0.9068286418914795,0.21978344023227692,0.09278914332389832,0.09278914332389832
321,321,0.0433669313788414,,,,,,,,,
322,322,,,0.9643205404281616,0.11046942323446274,0.9577866792678833,0.3128661811351776,0.9067957997322083,0.2193785160779953,0.09264931082725525,0.09264931082725525
322,322,0.04330429062247276,,,,,,,,,
323,323,,,0.9643260836601257,0.11026862263679504,0.9577978253364563,0.3124596178531647,0.9067631363868713,0.21897219121456146,0.09250916540622711,0.09250916540622711
323,323,0.043241534382104874,,,,,,,,,
324,324,,,0.9643320441246033,0.1100662425160408,0.9578087329864502,0.31205153465270996,0.9067305326461792,0.2185642421245575,0.09236869215965271,0.09236869215965271
324,324,0.04317867010831833,,,,,,,,,
325,325,,,0.9643383622169495,0.10986243188381195,0.9578188061714172,0.3116419315338135,0.9066981077194214,0.2181546688079834,0.09222786873579025,0.09222786873579025
325,325,0.043115660548210144,,,,,,,,,
326,326,,,0.9643451571464539,0.10965782403945923,0.9578279256820679,0.31123077869415283,0.9066658616065979,0.21774369478225708,0.09208674728870392,0.09208674728870392
326,326,0.04305253177881241,,,,,,,,,
327,327,,,0.9643523693084717,0.10945218801498413,0.9578364491462708,0.3108181357383728,0.906633734703064,0.2173311710357666,0.09194530546665192,0.09194530546665192
327,327,0.04298928752541542,,,,,,,,,
328,328,,,0.9643599987030029,0.10924582928419113,0.9578440189361572,0.31040385365486145,0.9066018462181091,0.21691709756851196,0.09180350601673126,0.09180350601673126
328,328,0.042925912886857986,,,,,,,,,
329,329,,,0.9643678665161133,0.10903836041688919,0.9578508138656616,0.30998799204826355,0.9065701365470886,0.21650144457817078,0.09166137874126434,0.09166137874126434
329,329,0.042862411588430405,,,,,,,,,
330,330,,,0.9643762707710266,0.10882990807294846,0.9578566551208496,0.3095704913139343,0.9065385460853577,0.21608415246009827,0.09151889383792877,0.09151889383792877
330,330,0.04279877617955208,,,,,,,,,
331,331,,,0.9643850326538086,0.10862024873495102,0.9578619003295898,0.30915138125419617,0.906507134437561,0.21566522121429443,0.09137606620788574,0.09137606620788574
331,331,0.04273499920964241,,,,,,,,,
332,332,,,0.964394211769104,0.1084093376994133,0.9578657746315002,0.3087305724620819,0.906475841999054,0.2152446061372757,0.09123285114765167,0.09123285114765167
332,332,0.04267110675573349,,,,,,,,,
333,333,,,0.9644038677215576,0.10819733142852783,0.9578688144683838,0.30830803513526917,0.9064447283744812,0.21482230722904205,0.09108927845954895,0.09108927845954895
333,333,0.04260706529021263,,,,,,,,,
334,334,,,0.9644138813018799,0.10798412561416626,0.9578710198402405,0.3078837990760803,0.9064137935638428,0.21439824998378754,0.09094531834125519,0.09094531834125519
334,334,0.04254288971424103,,,,,,,,,
335,335,,,0.9644244313240051,0.1077696830034256,0.9578725099563599,0.307457834482193,0.9063829779624939,0.21397249400615692,0.09080100059509277,0.09080100059509277
335,335,0.04247858747839928,,,,,,,,,
336,336,,,0.9644352197647095,0.10755378752946854,0.9578729867935181,0.30703017115592957,0.9063524603843689,0.21354496479034424,0.09065630286931992,0.09065630286931992
336,336,0.042414143681526184,,,,,,,,,
337,337,,,0.9644462466239929,0.10733670741319656,0.9578725099563599,0.3066006600856781,0.9063221216201782,0.2131156176328659,0.09051120281219482,0.09051120281219482
337,337,0.04234955459833145,,,,,,,,,
338,338,,,0.9644579291343689,0.10711845755577087,0.9578708410263062,0.3061693608760834,0.9062919020652771,0.2126844823360443,0.0903657078742981,0.0903657078742981
338,338,0.042284831404685974,,,,,,,,,
339,339,,,0.9644697308540344,0.10689903050661087,0.9578682780265808,0.3057362139225006,0.9062618613243103,0.21225152909755707,0.09021981805562973,0.09021981805562973
339,339,0.04221996292471886,,,,,,,,,
340,340,,,0.9644820094108582,0.1066783219575882,0.9578648805618286,0.3053012490272522,0.9062319397926331,0.2118167281150818,0.09007352590560913,0.09007352590560913
340,340,0.042154934257268906,,,,,,,,,
341,341,,,0.9644948840141296,0.10645642876625061,0.9578602313995361,0.30486440658569336,0.9062021374702454,0.21138004958629608,0.0899268239736557,0.0899268239736557
341,341,0.04208975285291672,,,,,,,,,
342,342,,,0.9645078778266907,0.10623347759246826,0.9578545689582825,0.3044257164001465,0.9061726927757263,0.21094156801700592,0.08977971971035004,0.08977971971035004
342,342,0.04202444851398468,,,,,,,,,
343,343,,,0.9645214080810547,0.10600890964269638,0.9578477144241333,0.3039851188659668,0.9061433672904968,0.21050116419792175,0.08963221311569214,0.08963221311569214
343,343,0.04195898026227951,,,,,,,,,
344,344,,,0.9645354151725769,0.10578324645757675,0.957839846611023,0.3035426139831543,0.906114399433136,0.21005882322788239,0.08948429673910141,0.08948429673910141
344,344,0.0418933629989624,,,,,,,,,
345,345,,,0.9645496606826782,0.10555603355169296,0.9578309059143066,0.3030981719493866,0.9060854315757751,0.20961453020572662,0.08933594077825546,0.08933594077825546
345,345,0.041827596724033356,,,,,,,,,
346,346,,,0.9645644426345825,0.10532725602388382,0.9578208327293396,0.3026517331600189,0.9060567617416382,0.2091682255268097,0.08918716013431549,0.08918716013431549
346,346,0.04176168888807297,,,,,,,,,
347,347,,,0.9645795226097107,0.1050972118973732,0.9578096866607666,0.30220329761505127,0.9060282111167908,0.2087199091911316,0.0890379324555397,0.0890379324555397
347,347,0.04169561713933945,,,,,,,,,
348,348,,,0.9645950198173523,0.10486573725938797,0.9577975273132324,0.30175286531448364,0.9059998989105225,0.20826956629753113,0.08888828009366989,0.08888828009366989
348,348,0.0416293703019619,,,,,,,,,
349,349,,0.041562989354133606,,,,,,,,
349,349,,,0.9646108746528625,0.10463296622037888,0.9577840566635132,0.30130037665367126,0.9059717655181885,0.2078171670436859,0.08873817324638367,0.08873817324638367
349,349,0.041562989354133606,,,,,,,,,
350,350,,,0.9646270871162415,0.10439881682395935,0.9577693939208984,0.3008458912372589,0.9059438109397888,0.20736274123191833,0.08858764916658401,0.08858764916658401
350,350,0.04149644821882248,,,,,,,,,
351,351,,,0.9646438360214233,0.10416340827941895,0.9577534794807434,0.30038928985595703,0.905916154384613,0.2069062739610672,0.08843666315078735,0.08843666315078735
351,351,0.04142973944544792,,,,,,,,,
352,352,,,0.9646608233451843,0.10392676293849945,0.9577361941337585,0.2999305725097656,0.905888557434082,0.20644769072532654,0.08828521519899368,0.08828521519899368
352,352,0.04136287048459053,,,,,,,,,
353,353,,,0.9646783471107483,0.1036888062953949,0.9577175974845886,0.29946979880332947,0.9058613777160645,0.20598702132701874,0.08813333511352539,0.08813333511352539
353,353,0.0412958562374115,,,,,,,,,
354,354,,,0.9646964073181152,0.10344889760017395,0.957697868347168,0.299006849527359,0.9058342576026917,0.20552411675453186,0.0879809707403183,0.0879809707403183
354,354,0.04122866317629814,,,,,,,,,
355,355,,,0.9647145867347717,0.1032075434923172,0.9576770663261414,0.2985418140888214,0.9058074355125427,0.20505911111831665,0.08782817423343658,0.08782817423343658
355,355,0.041161321103572845,,,,,,,,,
356,356,,,0.9647331833839417,0.10296479612588882,0.9576549530029297,0.2980746030807495,0.9057807922363281,0.20459194481372833,0.08767492324113846,0.08767492324113846
356,356,0.041093796491622925,,,,,,,,,
357,357,,,0.9647520780563354,0.10272054374217987,0.9576314091682434,0.29760515689849854,0.9057546257972717,0.20412251353263855,0.08752118796110153,0.08752118796110153
357,357,0.041026122868061066,,,,,,,,,
358,358,,,0.9647717475891113,0.10247514396905899,0.9576064348220825,0.2971334457397461,0.9057286381721497,0.2036508470773697,0.0873669758439064,0.0873669758439064
358,358,0.04095827788114548,,,,,,,,,
359,359,,,0.9647915959358215,0.10222780704498291,0.9575801491737366,0.2966594994068146,0.9057027101516724,0.20317687094211578,0.08721225708723068,0.08721225708723068
359,359,0.04089026153087616,,,,,,,,,
360,360,,,0.9648118019104004,0.10197941213846207,0.9575526714324951,0.2961832880973816,0.9056771397590637,0.202700674533844,0.08705709874629974,0.08705709874629974
360,360,0.040822092443704605,,,,,,,,,
361,361,,,0.9648324251174927,0.10172934085130692,0.9575235247612,0.29570478200912476,0.9056518077850342,0.20222216844558716,0.08690143376588821,0.08690143376588821
361,361,0.04075373709201813,,,,,,,,,
362,362,,,0.9648533463478088,0.10147780925035477,0.9574928283691406,0.29522398114204407,0.9056267142295837,0.20174133777618408,0.08674526959657669,0.08674526959657669
362,362,0.040685221552848816,,,,,,,,,
363,363,,,0.9648748636245728,0.10122468322515488,0.9574609398841858,0.29474085569381714,0.9056019186973572,0.20125815272331238,0.08658863604068756,0.08658863604068756
363,363,0.040616538375616074,,,,,,,,,
364,364,,,0.9648968577384949,0.10097009688615799,0.957427442073822,0.29425546526908875,0.9055773615837097,0.2007727175951004,0.08643153309822083,0.08643153309822083
364,364,0.0405476950109005,,,,,,,,,
365,365,,,0.9649192094802856,0.10071394592523575,0.9573925137519836,0.29376769065856934,0.9055533409118652,0.20028486847877502,0.08627394586801529,0.08627394586801529
365,365,0.040478650480508804,,,,,,,,,
366,366,,,0.9649420976638794,0.10045632719993591,0.9573560953140259,0.2932775318622589,0.9055294990539551,0.19979463517665863,0.08611585944890976,0.08611585944890976
366,366,0.04040945693850517,,,,,,,,,
367,367,,,0.9649651646614075,0.10019716620445251,0.9573182463645935,0.2927848994731903,0.9055059552192688,0.19930194318294525,0.08595726639032364,0.08595726639032364
367,367,0.04034008830785751,,,,,,,,,
368,368,,,0.9649887084960938,0.09993626177310944,0.9572789072990417,0.2922899127006531,0.9054825305938721,0.19880680739879608,0.08579817414283752,0.08579817414283752
368,368,0.04027056321501732,,,,,,,,,
369,369,,,0.9650125503540039,0.09967425465583801,0.9572378993034363,0.29179245233535767,0.9054596424102783,0.1983092576265335,0.08563859760761261,0.08563859760761261
369,369,0.040200840681791306,,,,,,,,,
370,370,,,0.9650370478630066,0.0994107723236084,0.9571953415870667,0.2912925183773041,0.9054369330406189,0.19780921936035156,0.0854785144329071,0.0854785144329071
370,370,0.04013095051050186,,,,,,,,,
371,371,,,0.9650616645812988,0.09914550930261612,0.9571511745452881,0.2907901406288147,0.9054145812988281,0.19730675220489502,0.08531792461872101,0.08531792461872101
371,371,0.04006088525056839,,,,,,,,,
372,372,,,0.9650868773460388,0.09887833148241043,0.9571053981781006,0.2902851998806,0.9053927659988403,0.1968015730381012,0.08515681326389313,0.08515681326389313
372,372,0.03999064490199089,,,,,,,,,
373,373,,,0.9651123881340027,0.09860992431640625,0.9570576548576355,0.2897777855396271,0.9053711891174316,0.19629397988319397,0.08499519526958466,0.08499519526958466
373,373,0.039920251816511154,,,,,,,,,
374,374,,,0.9651384353637695,0.0983399897813797,0.9570081233978271,0.28926774859428406,0.9053499698638916,0.19578376412391663,0.0848330482840538,0.0848330482840538
374,374,0.0398496575653553,,,,,,,,,
375,375,,,0.9651649594306946,0.09806846082210541,0.956957221031189,0.2887552082538605,0.9053289890289307,0.1952710747718811,0.08467042446136475,0.08467042446136475
375,375,0.039778903126716614,,,,,,,,,
376,376,,,0.9651919007301331,0.0977955162525177,0.9569048881530762,0.28824007511138916,0.9053083062171936,0.19475574791431427,0.0845072865486145,0.0845072865486145
376,376,0.039707962423563004,,,,,,,,,
377,377,,,0.9652191400527954,0.09752106666564941,0.9568507075309753,0.2877223491668701,0.9052881598472595,0.1942378282546997,0.08434364199638367,0.08434364199638367
377,377,0.03963686153292656,,,,,,,,,
378,378,,,0.9652469754219055,0.09724494069814682,0.956794798374176,0.28720206022262573,0.9052685499191284,0.19371730089187622,0.08417950570583344,0.08417950570583344
378,378,0.03956558555364609,,,,,,,,,
379,379,,,0.965275228023529,0.09696781635284424,0.9567368626594543,0.28667908906936646,0.905249297618866,0.1931941956281662,0.08401485532522202,0.08401485532522202
379,379,0.03949412330985069,,,,,,,,,
380,380,,,0.9653038382530212,0.09668876975774765,0.9566771388053894,0.28615352511405945,0.9052304029464722,0.19266843795776367,0.08384969085454941,0.08384969085454941
380,380,0.03942251205444336,,,,,,,,,
381,381,,,0.9653330445289612,0.09640790522098541,0.9566153883934021,0.28562530875205994,0.9052118062973022,0.19213992357254028,0.08368399739265442,0.08368399739265442
381,381,0.03935070335865021,,,,,,,,,
382,382,,,0.9653624296188354,0.09612550586462021,0.9565518498420715,0.285094290971756,0.9051934480667114,0.19160862267017365,0.08351775258779526,0.08351775258779526
382,382,0.03927873447537422,,,,,,,,,
383,383,,,0.9653923511505127,0.09584153443574905,0.9564865231513977,0.28456056118011475,0.9051758646965027,0.19107460975646973,0.0833510160446167,0.0833510160446167
383,383,0.03920658677816391,,,,,,,,,
384,384,,,0.9654228687286377,0.0955565944314003,0.9564194083213806,0.28402411937713623,0.9051587581634521,0.1905379593372345,0.08318376541137695,0.08318376541137695
384,384,0.03913427144289017,,,,,,,,,
385,385,,,0.9654536247253418,0.09526976197957993,0.9563505053520203,0.28348496556282043,0.9051418900489807,0.18999850749969482,0.08301602303981781,0.08301602303981781
385,385,0.0390617735683918,,,,,,,,,
386,386,,,0.9654849171638489,0.09498133510351181,0.9562796354293823,0.2829430401325226,0.905125617980957,0.18945632874965668,0.08284775912761688,0.08284775912761688
386,386,0.0389891192317009,,,,,,,,,
387,387,,,0.9655165672302246,0.09469170868396759,0.9562066793441772,0.2823983430862427,0.9051098227500916,0.18891136348247528,0.08267898112535477,0.08267898112535477
387,387,0.038916293531656265,,,,,,,,,
388,388,,,0.9655489921569824,0.09440089017152786,0.9561315774917603,0.28185081481933594,0.9050944447517395,0.18836362659931183,0.08250968903303146,0.08250968903303146
388,388,0.03884328529238701,,,,,,,,,
389,389,,,0.9655817151069641,0.09410863369703293,0.9560546278953552,0.28130051493644714,0.9050796031951904,0.18781313300132751,0.08233989775180817,0.08233989775180817
389,389,0.03877012059092522,,,,,,,,,
390,390,,,0.9656146764755249,0.09381458163261414,0.9559755325317383,0.28074750304222107,0.9050651788711548,0.18725985288619995,0.08216961473226547,0.08216961473226547
390,390,0.03869679197669029,,,,,,,,,
391,391,,,0.9656484723091125,0.09351883828639984,0.9558941125869751,0.2801916003227234,0.9050512909889221,0.1867036372423172,0.0819987952709198,0.0819987952709198
391,391,0.03862329572439194,,,,,,,,,
392,392,,,0.9656824469566345,0.09322194755077362,0.9558110237121582,0.2796328663825989,0.9050379991531372,0.1861446648836136,0.08182749897241592,0.08182749897241592
392,392,0.03854963555932045,,,,,,,,,
393,393,,,0.9657169580459595,0.09292315691709518,0.9557257890701294,0.2790711522102356,0.9050251841545105,0.18558263778686523,0.08165565133094788,0.08165565133094788
393,393,0.03847581893205643,,,,,,,,,
394,394,,,0.9657518267631531,0.0926237627863884,0.9556382894515991,0.27850663661956787,0.9050130248069763,0.18501795828342438,0.08148334920406342,0.08148334920406342
394,394,0.038401804864406586,,,,,,,,,
395,395,,,0.9657873511314392,0.09232302010059357,0.9555490016937256,0.27793917059898376,0.9050014019012451,0.18445029854774475,0.08131053298711777,0.08131053298711777
395,395,0.03832767903804779,,,,,,,,,
396,396,,,0.9658231139183044,0.09202072024345398,0.9554576873779297,0.27736881375312805,0.9049903154373169,0.18387974798679352,0.08113723993301392,0.08113723993301392
396,396,0.038253381848335266,,,,,,,,,
397,397,,,0.9658595323562622,0.09171687066555023,0.9553635716438293,0.27679556608200073,0.9049797058105469,0.1833062618970871,0.08096341043710709,0.08096341043710709
397,397,0.03817891702055931,,,,,,,,,
398,398,,,0.9658964276313782,0.09141187369823456,0.9552671909332275,0.2762194871902466,0.9049697518348694,0.18272998929023743,0.08078913390636444,0.08078913390636444
398,398,0.03810430318117142,,,,,,,,,
399,399,,0.038029540330171585,,,,,,,,
399,399,,,0.9659340381622314,0.09110566973686218,0.9551685452461243,0.2756403386592865,0.9049604535102844,0.1821507215499878,0.08061434328556061,0.08061434328556061
399,399,0.038029540330171585,,,,,,,,,
400,400,,,0.9659720659255981,0.09079784899950027,0.95506751537323,0.2750582993030548,0.9049516916275024,0.18156848847866058,0.08043906837701797,0.08043906837701797
400,400,0.03795463591814041,,,,,,,,,
401,401,,,0.966010332107544,0.09048867225646973,0.9549645185470581,0.27447330951690674,0.9049435257911682,0.1809832900762558,0.08026330918073654,0.08026330918073654
401,401,0.03787956386804581,,,,,,,,,
402,402,,,0.9660491943359375,0.0901784747838974,0.9548593759536743,0.27388525009155273,0.9049358367919922,0.18039514124393463,0.0800870805978775,0.0800870805978775
402,402,0.03780436888337135,,,,,,,,,
403,403,,,0.966088593006134,0.08986756950616837,0.9547517895698547,0.27329421043395996,0.9049290418624878,0.17980405688285828,0.07991038262844086,0.07991038262844086
403,403,0.037729017436504364,,,,,,,,,
404,404,,,0.9661285281181335,0.08955510705709457,0.9546418190002441,0.2727002203464508,0.9049228429794312,0.17921002209186554,0.07973320782184601,0.07973320782184601
404,404,0.03765353560447693,,,,,,,,,
405,405,,,0.9661688804626465,0.0892413854598999,0.9545295834541321,0.2721032500267029,0.9049172401428223,0.17861303687095642,0.07955560088157654,0.07955560088157654
405,405,0.03757790848612785,,,,,,,,,
406,406,,,0.9662097692489624,0.08892669528722763,0.9544147849082947,0.2715032994747162,0.9049123525619507,0.1780131310224533,0.07937752455472946,0.07937752455472946
406,406,0.03750215470790863,,,,,,,,,
407,407,,,0.9662510752677917,0.08861079066991806,0.9542973637580872,0.2709004282951355,0.9049080014228821,0.17741025984287262,0.07919900119304657,0.07919900119304657
407,407,0.03742627426981926,,,,,,,,,
408,408,,,0.9662931561470032,0.08829399198293686,0.9541774392127991,0.2702944278717041,0.9049043655395508,0.17680436372756958,0.07902001589536667,0.07902001589536667
408,408,0.037350255995988846,,,,,,,,,
409,409,,,0.9663357138633728,0.08797582983970642,0.9540551900863647,0.2696853280067444,0.904901385307312,0.17619538307189941,0.07884055376052856,0.07884055376052856
409,409,0.037274133414030075,,,,,,,,,
410,410,,,0.9663786292076111,0.08765656501054764,0.953930675983429,0.26907312870025635,0.904899001121521,0.17558331787586212,0.07866064459085464,0.07866064459085464
410,410,0.037197887897491455,,,,,,,,,
411,411,,,0.9664220809936523,0.087336465716362,0.9538035988807678,0.26845794916152954,0.9048973917961121,0.17496833205223083,0.0784803256392479,0.0784803256392479
411,411,0.03712151199579239,,,,,,,,,
412,412,,,0.9664660096168518,0.08701524138450623,0.9536742568016052,0.26783987879753113,0.9048965573310852,0.17435045540332794,0.0782996267080307,0.0782996267080307
412,412,0.03704503923654556,,,,,,,,,
413,413,,,0.9665106534957886,0.08669388294219971,0.9535420536994934,0.26721861958503723,0.9048965573310852,0.1737295687198639,0.0781184732913971,0.0781184732913971
413,413,0.03696846589446068,,,,,,,,,
414,414,,,0.9665558338165283,0.08637107908725739,0.953407347202301,0.26659438014030457,0.9048970341682434,0.17310571670532227,0.07793693244457245,0.07793693244457245
414,414,0.036891769617795944,,,,,,,,,
415,415,,,0.9666013717651367,0.08604718744754791,0.9532700181007385,0.26596716046333313,0.9048981070518494,0.1724788397550583,0.07775496691465378,0.07775496691465378
415,415,0.036814991384744644,,,,,,,,,
416,416,,,0.9666475653648376,0.08572281152009964,0.9531298279762268,0.2653368413448334,0.9049001336097717,0.17184904217720032,0.07757261395454407,0.07757261395454407
416,416,0.03673812374472618,,,,,,,,,
417,417,,,0.9666942954063416,0.08539766073226929,0.9529870748519897,0.26470351219177246,0.9049027562141418,0.1712162345647812,0.07738987356424332,0.07738987356424332
417,417,0.03666115924715996,,,,,,,,,
418,418,,,0.9667415022850037,0.08507184684276581,0.9528418183326721,0.2640670835971832,0.9049060940742493,0.17058046162128448,0.07720674574375153,0.07720674574375153
418,418,0.036584120243787766,,,,,,,,,
419,419,,,0.966789186000824,0.08474508672952652,0.9526940584182739,0.2634277045726776,0.9049100279808044,0.1699417233467102,0.07702324539422989,0.07702324539422989
419,419,0.03650699555873871,,,,,,,,,
420,420,,,0.9668377041816711,0.08441765606403351,0.9525440335273743,0.2627852261066437,0.904914915561676,0.16929998993873596,0.07683941721916199,0.07683941721916199
420,420,0.03642980381846428,,,,,,,,,
421,421,,,0.9668864011764526,0.08408957719802856,0.9523910880088806,0.26213961839675903,0.9049205183982849,0.16865520179271698,0.07665517926216125,0.07665517926216125
421,421,0.036352552473545074,,,,,,,,,
422,422,,,0.9669358134269714,0.08376116305589676,0.9522354006767273,0.261491060256958,0.9049267768859863,0.16800755262374878,0.07647062093019485,0.07647062093019485
422,422,0.0362752340734005,,,,,,,,,
423,423,,,0.9669860601425171,0.08343250304460526,0.9520766139030457,0.26083943247795105,0.904933750629425,0.16735699772834778,0.0762857049703598,0.0762857049703598
423,423,0.036197859793901443,,,,,,,,,
424,424,,,0.9670366048812866,0.08310306072235107,0.9519155025482178,0.2601848542690277,0.9049413204193115,0.16670356690883636,0.07610049098730087,0.07610049098730087
424,424,0.0361204631626606,,,,,,,,,
425,425,,,0.9670877456665039,0.08277291059494019,0.9517515301704407,0.25952738523483276,0.9049494862556458,0.16604726016521454,0.07591497153043747,0.07591497153043747
425,425,0.03604299575090408,,,,,,,,,
426,426,,,0.9671393632888794,0.0824427455663681,0.9515848159790039,0.2588668763637543,0.9049585461616516,0.1653880476951599,0.07572914659976959,0.07572914659976959
426,426,0.03596552461385727,,,,,,,,,
427,427,,,0.9671918153762817,0.0821121409535408,0.951415479183197,0.2582033574581146,0.9049685597419739,0.16472594439983368,0.07554303109645844,0.07554303109645844
427,427,0.03588798642158508,,,,,,,,,
428,428,,,0.9672448039054871,0.08178124576807022,0.9512434601783752,0.2575368285179138,0.9049790501594543,0.16406098008155823,0.0753566175699234,0.0753566175699234
428,428,0.03581046313047409,,,,,,,,,
429,429,,,0.9672980904579163,0.08144965022802353,0.9510692358016968,0.256867378950119,0.9049901962280273,0.1633930504322052,0.07516994327306747,0.07516994327306747
429,429,0.0357329323887825,,,,,,,,,
430,430,,,0.9673519134521484,0.08111825585365295,0.9508919715881348,0.25619497895240784,0.9050018787384033,0.1627224087715149,0.07498300075531006,0.07498300075531006
430,430,0.03565538302063942,,,,,,,,,
431,431,,,0.9674065113067627,0.08078695833683014,0.9507117867469788,0.2555195987224579,0.9050143957138062,0.16204893589019775,0.07479581236839294,0.07479581236839294
431,431,0.035577841103076935,,,,,,,,,
432,432,,,0.9674617052078247,0.08045578747987747,0.950528621673584,0.25484132766723633,0.9050275683403015,0.16137276589870453,0.07460837811231613,0.07460837811231613
432,432,0.03550030663609505,,,,,,,,,
433,433,,,0.9675175547599792,0.08012425154447556,0.9503428936004639,0.2541602551937103,0.9050413966178894,0.16069382429122925,0.0744207501411438,0.0744207501411438
433,433,0.03542281687259674,,,,,,,,,
434,434,,,0.967573881149292,0.07979245483875275,0.950154721736908,0.2534763813018799,0.9050556421279907,0.16001221537590027,0.07423292100429535,0.07423292100429535
434,434,0.035345327109098434,,,,,,,,,
435,435,,,0.9676309823989868,0.07946086674928665,0.9499636292457581,0.2527896463871002,0.9050706624984741,0.159327894449234,0.07404489815235138,0.07404489815235138
435,435,0.0352679044008255,,,,,,,,,
436,436,,,0.9676884412765503,0.07912978529930115,0.949769914150238,0.2520999610424042,0.9050862789154053,0.15864086151123047,0.07385667413473129,0.07385667413473129
436,436,0.03519049286842346,,,,,,,,,
437,437,,,0.9677465558052063,0.07879845798015594,0.9495735168457031,0.2514076232910156,0.9051024913787842,0.1579512506723404,0.07366831600666046,0.07366831600666046
437,437,0.035113152116537094,,,,,,,,,
438,438,,,0.9678051471710205,0.07846702635288239,0.9493746757507324,0.250712513923645,0.9051191806793213,0.15725895762443542,0.0734797939658165,0.0734797939658165
438,438,0.0350358784198761,,,,,,,,,
439,439,,,0.9678643345832825,0.07813648134469986,0.9491730332374573,0.25001460313796997,0.9051364660263062,0.1565641611814499,0.07329115271568298,0.07329115271568298
439,439,0.034958694130182266,,,,,,,,,
440,440,,,0.967924177646637,0.07780671864748001,0.9489684700965881,0.2493141144514084,0.9051544666290283,0.15586698055267334,0.07310240715742111,0.07310240715742111
440,440,0.034881576895713806,,,,,,,,,
441,441,,,0.9679845571517944,0.07747726142406464,0.948761522769928,0.24861082434654236,0.9051727056503296,0.15516722202301025,0.07291353493928909,0.07291353493928909
441,441,0.034804560244083405,,,,,,,,,
442,442,,,0.9680454134941101,0.07714775204658508,0.9485520720481873,0.24790503084659576,0.9051913619041443,0.15446500480175018,0.0727245956659317,0.0727245956659317
442,442,0.03472764417529106,,,,,,,,,
443,443,,,0.9681066274642944,0.07681839913129807,0.9483399391174316,0.24719662964344025,0.9052103757858276,0.15376034379005432,0.07253555208444595,0.07253555208444595
443,443,0.03465084359049797,,,,,,,,,
444,444,,,0.9681687951087952,0.07649023830890656,0.9481251239776611,0.24648568034172058,0.905229926109314,0.153053417801857,0.07234649360179901,0.07234649360179901
444,444,0.034574173390865326,,,,,,,,,
445,445,,,0.9682316184043884,0.07616326957941055,0.9479078054428101,0.245772123336792,0.905250072479248,0.15234419703483582,0.07215739786624908,0.07215739786624908
445,445,0.03449762612581253,,,,,,,,,
446,446,,,0.9682949185371399,0.07583660632371902,0.947688102722168,0.2450561821460724,0.905270516872406,0.15163271129131317,0.07196830958127975,0.07196830958127975
446,446,0.034421227872371674,,,,,,,,,
447,447,,,0.96835857629776,0.07551036030054092,0.947466254234314,0.244337797164917,0.905290961265564,0.15091897547245026,0.07177920639514923,0.07177920639514923
447,447,0.03434499725699425,,,,,,,,,
448,448,,,0.9684228897094727,0.0751851424574852,0.9472416639328003,0.24361710250377655,0.9053118824958801,0.1502031683921814,0.07159014046192169,0.07159014046192169
448,448,0.03426892310380936,,,,,,,,,
449,449,,0.0341930165886879,,,,,,,,
449,449,,,0.9684879779815674,0.07486096769571304,0.9470146298408508,0.2428939789533615,0.9053331613540649,0.14948518574237823,0.07140109688043594,0.07140109688043594
449,449,0.0341930165886879,,,,,,,,,
450,450,,,0.9685536623001099,0.07453795522451401,0.9467851519584656,0.24216854572296143,0.9053547382354736,0.1487652063369751,0.07121212035417557,0.07121212035417557
450,450,0.034117311239242554,,,,,,,,,
451,451,,,0.9686194658279419,0.07421565055847168,0.946553647518158,0.2414410263299942,0.9053761959075928,0.14804331958293915,0.07102324068546295,0.07102324068546295
451,451,0.03404180333018303,,,,,,,,,
452,452,,,0.9686859250068665,0.07389427721500397,0.9463199973106384,0.24071139097213745,0.9053977131843567,0.1473195105791092,0.07083448022603989,0.07083448022603989
452,452,0.033966511487960815,,,,,,,,,
453,453,,,0.9687528014183044,0.0735745057463646,0.9460838437080383,0.23997946083545685,0.9054195880889893,0.14659377932548523,0.07064580917358398,0.07064580917358398
453,453,0.033891450613737106,,,,,,,,,
454,454,,,0.9688205122947693,0.07325609773397446,0.9458453059196472,0.2392454594373703,0.9054414629936218,0.1458662897348404,0.07045727223157883,0.07045727223157883
454,454,0.033816609531641006,,,,,,,,,
455,455,,,0.9688884615898132,0.07293897122144699,0.9456048011779785,0.23850952088832855,0.9054633975028992,0.14513711631298065,0.07026892155408859,0.07026892155408859
455,455,0.03374200686812401,,,,,,,,,
456,456,,,0.9689566493034363,0.07262269407510757,0.9453628063201904,0.23777174949645996,0.9054850935935974,0.14440633356571198,0.07008077204227448,0.07008077204227448
456,456,0.0336676724255085,,,,,,,,,
457,457,,,0.9690254330635071,0.07230772823095322,0.9451189041137695,0.23703210055828094,0.9055067300796509,0.14367395639419556,0.06989285349845886,0.06989285349845886
457,457,0.03359360992908478,,,,,,,,,
458,458,,,0.96909499168396,0.07199495285749435,0.944872260093689,0.23629054427146912,0.9055285453796387,0.14294007420539856,0.06970512121915817,0.06970512121915817
458,458,0.03351980447769165,,,,,,,,,
459,459,,,0.9691647887229919,0.07168352603912354,0.9446241855621338,0.23554739356040955,0.9055500626564026,0.1422048956155777,0.06951768696308136,0.06951768696308136
459,459,0.033446308225393295,,,,,,,,,
460,460,,,0.9692349433898926,0.07137332856655121,0.9443740844726562,0.23480258882045746,0.9055712819099426,0.14146831631660461,0.06933051347732544,0.06933051347732544
460,460,0.03337312117218971,,,,,,,,,
461,461,,,0.9693055748939514,0.07106530666351318,0.9441225528717041,0.23405620455741882,0.9055922031402588,0.1407305747270584,0.06914365291595459,0.06914365291595459
461,461,0.03330023214221001,,,,,,,,,
462,462,,,0.9693765044212341,0.07075918465852737,0.9438695311546326,0.23330828547477722,0.9056127667427063,0.13999168574810028,0.0689571276307106,0.0689571276307106
462,462,0.03322766348719597,,,,,,,,,
463,463,,,0.969447910785675,0.07045435160398483,0.943614661693573,0.23255892097949982,0.9056330323219299,0.13925160467624664,0.06877093017101288,0.06877093017101288
463,463,0.03315543010830879,,,,,,,,,
464,464,,,0.9695197939872742,0.07015140354633331,0.9433584213256836,0.23180821537971497,0.9056528806686401,0.1385105550289154,0.0685851126909256,0.0685851126909256
464,464,0.03308355435729027,,,,,,,,,
465,465,,,0.9695917963981628,0.0698503628373146,0.9431006908416748,0.2310563325881958,0.9056723117828369,0.1377686858177185,0.06839969754219055,0.06839969754219055
465,465,0.0330120287835598,,,,,,,,,
466,466,,,0.9696641564369202,0.0695515051484108,0.942841649055481,0.23030318319797516,0.9056911468505859,0.13702599704265594,0.06821470707654953,0.06821470707654953
466,466,0.03294086456298828,,,,,,,,,
467,467,,,0.9697368144989014,0.06925465911626816,0.9425813555717468,0.22954900562763214,0.9057095050811768,0.13628262281417847,0.06803016364574432,0.06803016364574432
467,467,0.032870080322027206,,,,,,,,,
468,468,,,0.9698094725608826,0.06895977258682251,0.9423202276229858,0.2287939190864563,0.9057271480560303,0.1355387419462204,0.06784612685441971,0.06784612685441971
468,468,0.03279969468712807,,,,,,,,,
469,469,,,0.9698823094367981,0.06866684556007385,0.9420580267906189,0.2280379682779312,0.9057440161705017,0.13479438424110413,0.06766258925199509,0.06766258925199509
469,469,0.03272969275712967,,,,,,,,,
470,470,,,0.9699553847312927,0.06837631016969681,0.941794753074646,0.22728121280670166,0.9057603478431702,0.13404963910579681,0.06747958064079285,0.06747958064079285
470,470,0.03266008943319321,,,,,,,,,
471,471,,,0.970028817653656,0.06808879971504211,0.9415306448936462,0.22652360796928406,0.9057759046554565,0.133304625749588,0.06729711592197418,0.06729711592197418
471,471,0.032590918242931366,,,,,,,,,
472,472,,,0.9701023697853088,0.06780345737934113,0.941265881061554,0.2257653921842575,0.9057906866073608,0.1325594186782837,0.06711523234844208,0.06711523234844208
472,472,0.03252216801047325,,,,,,,,,
473,473,,,0.9701756834983826,0.0675201490521431,0.9410005211830139,0.22500674426555634,0.9058043956756592,0.1318141520023346,0.06693395227193832,0.06693395227193832
473,473,0.032453861087560654,,,,,,,,,
474,474,,,0.9702491760253906,0.0672386959195137,0.9407345056533813,0.22424770891666412,0.9058172106742859,0.1310689002275467,0.06675329804420471,0.06675329804420471
474,474,0.03238598629832268,,,,,,,,,
475,475,,,0.9703224897384644,0.06695999950170517,0.9404680728912354,0.22348836064338684,0.9058290719985962,0.13032379746437073,0.06657330691814423,0.06657330691814423
475,475,0.03231857717037201,,,,,,,,,
476,476,,,0.970396101474762,0.06668393313884735,0.9402012228965759,0.22272877395153046,0.9058400392532349,0.12957902252674103,0.06639399379491806,0.06639399379491806
476,476,0.03225160762667656,,,,,,,,,
477,477,,,0.9704696536064148,0.0664106085896492,0.939934492111206,0.2219691127538681,0.9058499336242676,0.12883466482162476,0.0662154108285904,0.0662154108285904
477,477,0.03218512237071991,,,,,,,,,
478,478,,,0.9705429673194885,0.06613971292972565,0.939667820930481,0.22120961546897888,0.9058586359024048,0.12809091806411743,0.0660376027226448,0.0660376027226448
478,478,0.032119106501340866,,,,,,,,,
479,479,,,0.9706161022186279,0.06587139517068863,0.9394012093544006,0.22045019268989563,0.9058663249015808,0.12734776735305786,0.0658605545759201,0.0658605545759201
479,479,0.03205358609557152,,,,,,,,,
480,480,,,0.9706889986991882,0.06560622900724411,0.9391345977783203,0.21969090402126312,0.9058728218078613,0.12660537660121918,0.06568427383899689,0.06568427383899689
480,480,0.031988535076379776,,,,,,,,,
481,481,,,0.9707614183425903,0.06534352153539658,0.9388681650161743,0.21893203258514404,0.9058780074119568,0.12586385011672974,0.06550881266593933,0.06550881266593933
481,481,0.03192399814724922,,,,,,,,,
482,482,,,0.9708337783813477,0.06508347392082214,0.938602089881897,0.21817371249198914,0.9058820009231567,0.12512342631816864,0.06533420830965042,0.06533420830965042
482,482,0.03185993805527687,,,,,,,,,
483,483,,,0.9709054827690125,0.06482647359371185,0.9383368492126465,0.2174159288406372,0.9058846831321716,0.12438412010669708,0.06516048312187195,0.06516048312187195
483,483,0.0317964144051075,,,,,,,,,
484,484,,,0.9709771275520325,0.0645720437169075,0.9380719065666199,0.2166588306427002,0.9058859944343567,0.12364602833986282,0.06498764455318451,0.06498764455318451
484,484,0.03173338994383812,,,,,,,,,
485,485,,,0.9710482358932495,0.06432090699672699,0.9378079175949097,0.21590262651443481,0.9058860540390015,0.12290946394205093,0.06481575965881348,0.06481575965881348
485,485,0.03167088329792023,,,,,,,,,
486,486,,,0.9711187481880188,0.06407243013381958,0.9375450015068054,0.2151472568511963,0.905884861946106,0.12217430770397186,0.06464481353759766,0.06464481353759766
486,486,0.03160889819264412,,,,,,,,,
487,487,,,0.9711886048316956,0.06382665038108826,0.9372831583023071,0.2143930196762085,0.9058821797370911,0.1214408352971077,0.06447485834360123,0.06447485834360123
487,487,0.0315474271774292,,,,,,,,,
488,488,,,0.9712579250335693,0.06358420103788376,0.9370225071907043,0.21363992989063263,0.9058781266212463,0.12070919573307037,0.06430590897798538,0.06430590897798538
488,488,0.03148650750517845,,,,,,,,,
489,489,,,0.9713265895843506,0.0633445605635643,0.9367630481719971,0.2128882259130478,0.9058725833892822,0.11997948586940765,0.06413799524307251,0.06413799524307251
489,489,0.03142611309885979,,,,,,,,,
490,490,,,0.9713946580886841,0.06310799717903137,0.9365047216415405,0.2121378630399704,0.9058657288551331,0.1192517951130867,0.0639711245894432,0.0639711245894432
490,490,0.03136623650789261,,,,,,,,,
491,491,,,0.9714617133140564,0.06287459284067154,0.9362480044364929,0.21138904988765717,0.9058573842048645,0.11852633208036423,0.06380533427000046,0.06380533427000046
491,491,0.031306907534599304,,,,,,,,,
492,492,,,0.9715280532836914,0.06264432519674301,0.9359933137893677,0.21064192056655884,0.9058477282524109,0.11780320107936859,0.06364068388938904,0.06364068388938904
492,492,0.03124810941517353,,,,,,,,,
493,493,,,0.9715933203697205,0.0624166764318943,0.9357402324676514,0.20989665389060974,0.9058364033699036,0.11708252131938934,0.06347715854644775,0.06347715854644775
493,493,0.03118985891342163,,,,,,,,,
494,494,,,0.9716578722000122,0.06219250708818436,0.9354891777038574,0.2091531902551651,0.905823826789856,0.11636439710855484,0.0633147805929184,0.0633147805929184
494,494,0.031132157891988754,,,,,,,,,
495,495,,,0.9717212319374084,0.06197158992290497,0.9352397322654724,0.2084117978811264,0.905809760093689,0.1156490370631218,0.06315357238054276,0.06315357238054276
495,495,0.03107498772442341,,,,,,,,,
496,496,,,0.9717836976051331,0.061753422021865845,0.9349923133850098,0.20767255127429962,0.9057942628860474,0.1149364784359932,0.06299357116222382,0.06299357116222382
496,496,0.031018363311886787,,,,,,,,,
497,497,,,0.9718449711799622,0.061538636684417725,0.9347475171089172,0.2069355696439743,0.9057773947715759,0.11422691494226456,0.06283479928970337,0.06283479928970337
497,497,0.030962280929088593,,,,,,,,,
498,498,,,0.9719049334526062,0.06132703274488449,0.93450528383255,0.2062009572982788,0.9057591557502747,0.11352048814296722,0.0626772791147232,0.0626772791147232
498,498,0.030906734988093376,,,,,,,,,
499,499,,0.030851732939481735,,,,,,,,
499,499,,,0.9719635844230652,0.061118368059396744,0.9342655539512634,0.20546884834766388,0.9057396650314331,0.11281722784042358,0.06252104789018631,0.06252104789018631
499,499,0.030851732939481735,,,,,,,,,
500,500,,,0.972021222114563,0.06091276556253433,0.9340283274650574,0.20473937690258026,0.9057187438011169,0.11211734265089035,0.06236609071493149,0.06236609071493149
500,500,0.030797280371189117,,,,,,,,,
501,501,,,0.9720775485038757,0.0607101172208786,0.9337934255599976,0.2040126621723175,0.905696451663971,0.11142093688249588,0.06221242994070053,0.06221242994070053
501,501,0.030743354931473732,,,,,,,,,
502,502,,,0.9721323847770691,0.06051076948642731,0.9335615634918213,0.20328877866268158,0.9056729674339294,0.11072815209627151,0.062060121446847916,0.062060121446847916
502,502,0.030689960345625877,,,,,,,,,
503,503,,,0.9721856713294983,0.060314375907182693,0.9333326816558838,0.2025679349899292,0.9056479930877686,0.110039122402668,0.06190915405750275,0.06190915405750275
503,503,0.030637098476290703,,,,,,,,,
504,504,,,0.9722374081611633,0.060121629387140274,0.9331067204475403,0.20185014605522156,0.9056218862533569,0.10935404151678085,0.06175956875085831,0.06175956875085831
504,504,0.030584780499339104,,,,,,,,,
505,505,,,0.9722878932952881,0.05993214622139931,0.9328838586807251,0.20113550126552582,0.9055947065353394,0.10867290198802948,0.0616113618016243,0.0616113618016243
505,505,0.03053298406302929,,,,,,,,,
506,506,,,0.9723366498947144,0.05974528193473816,0.932664155960083,0.2004242241382599,0.9055663347244263,0.10799583047628403,0.061464570462703705,0.061464570462703705
506,506,0.030481712892651558,,,,,,,,,
507,507,,,0.9723836779594421,0.059561338275671005,0.9324479103088379,0.19971631467342377,0.9055368900299072,0.10732293128967285,0.06131919473409653,0.06131919473409653
507,507,0.03043096698820591,,,,,,,,,
508,508,,,0.9724292159080505,0.05938069149851799,0.9322349429130554,0.19901195168495178,0.9055063724517822,0.10665440559387207,0.06117524951696396,0.06117524951696396
508,508,0.030380729585886,,,,,,,,,
509,509,,,0.9724730253219604,0.05920283868908882,0.9320255517959595,0.19831113517284393,0.905474841594696,0.1059902235865593,0.06103276461362839,0.06103276461362839
509,509,0.030331017449498177,,,,,,,,,
510,510,,,0.9725151658058167,0.05902799218893051,0.9318196773529053,0.19761410355567932,0.9054423570632935,0.10533063113689423,0.060891736298799515,0.060891736298799515
510,510,0.030281800776720047,,,,,,,,,
511,511,,,0.9725555777549744,0.05885640159249306,0.9316171407699585,0.19692091643810272,0.9054089784622192,0.10467575490474701,0.060752201825380325,0.060752201825380325
511,511,0.030233101919293404,,,,,,,,,
512,512,,,0.9725940823554993,0.058687832206487656,0.9314183592796326,0.19623158872127533,0.9053747653961182,0.10402560234069824,0.060614146292209625,0.060614146292209625
512,512,0.030184898525476456,,,,,,,,,
513,513,,,0.97263103723526,0.05852242559194565,0.9312235713005066,0.19554640352725983,0.9053398370742798,0.10338044166564941,0.060477644205093384,0.060477644205093384
513,513,0.030137190595269203,,,,,,,,,
514,514,,,0.9726656079292297,0.058359622955322266,0.9310323596000671,0.19486527144908905,0.9053038954734802,0.10274016112089157,0.060342613607645035,0.060342613607645035
514,514,0.030089976266026497,,,,,,,,,
515,515,,,0.9726988673210144,0.05820007622241974,0.9308449625968933,0.1941882222890854,0.9052675366401672,0.10210485011339188,0.060209110379219055,0.060209110379219055
515,515,0.03004325181245804,,,,,,,,,
516,516,,,0.9727300405502319,0.058043498545885086,0.9306613802909851,0.19351546466350555,0.9052304625511169,0.10147470980882645,0.060077130794525146,0.060077130794525146
516,516,0.02999700792133808,,,,,,,,,
517,517,,,0.9727591872215271,0.05788898840546608,0.9304819107055664,0.19284725189208984,0.9051928520202637,0.10084987431764603,0.05994671955704689,0.05994671955704689
517,517,0.02995123155415058,,,,,,,,,
518,518,,,0.9727864265441895,0.05773735046386719,0.9303061962127686,0.1921834796667099,0.9051546454429626,0.100230373442173,0.0598178505897522,0.0598178505897522
518,518,0.02990594319999218,,,,,,,,,
519,519,,,0.9728119969367981,0.0575888492166996,0.9301347732543945,0.19152407348155975,0.9051161408424377,0.09961613267660141,0.059690527617931366,0.059690527617931366
519,519,0.029861122369766235,,,,,,,,,
520,520,,,0.9728358387947083,0.05744361877441406,0.9299672842025757,0.1908693164587021,0.9050772190093994,0.0990075021982193,0.05956478416919708,0.05956478416919708
520,520,0.029816752299666405,,,,,,,,,
521,521,,,0.9728571176528931,0.05730053782463074,0.9298043847084045,0.19021938741207123,0.9050379991531372,0.09840451925992966,0.05944064259529114,0.05944064259529114
521,521,0.02977282740175724,,,,,,,,,
522,522,,,0.9728767275810242,0.05716029927134514,0.9296450614929199,0.1895742416381836,0.9049983620643616,0.09780723601579666,0.05931805446743965,0.05931805446743965
522,522,0.029729370027780533,,,,,,,,,
523,523,,,0.9728947877883911,0.05702296644449234,0.9294896721839905,0.18893380463123322,0.9049586057662964,0.09721555560827255,0.05919702351093292,0.05919702351093292
523,523,0.02968634106218815,,,,,,,,,
524,524,,,0.9729108810424805,0.056888140738010406,0.9293383359909058,0.18829816579818726,0.9049186706542969,0.09662957489490509,0.05907754972577095,0.05907754972577095
524,524,0.029643772169947624,,,,,,,,,
525,525,,,0.9729247093200684,0.05675508454442024,0.9291914105415344,0.18766766786575317,0.9048784971237183,0.09604951739311218,0.058959681540727615,0.058959681540727615
525,525,0.02960161492228508,,,,,,,,,
526,526,,,0.9729363918304443,0.056625060737133026,0.9290487766265869,0.18704214692115784,0.9048382639884949,0.09547540545463562,0.05884339660406113,0.05884339660406113
526,526,0.029559902846813202,,,,,,,,,
527,527,,,0.9729469418525696,0.0564982146024704,0.9289103150367737,0.18642158806324005,0.9047983884811401,0.09490721672773361,0.05872870236635208,0.05872870236635208
527,527,0.029518598690629005,,,,,,,,,
528,528,,,0.9729552865028381,0.056373484432697296,0.9287757277488708,0.18580614030361176,0.9047583937644958,0.09434501826763153,0.05861556529998779,0.05861556529998779
528,528,0.029477711766958237,,,,,,,,,
529,529,,,0.9729617834091187,0.05625089257955551,0.9286454319953918,0.18519599735736847,0.9047184586524963,0.0937890037894249,0.05850403010845184,0.05850403010845184
529,529,0.029437240213155746,,,,,,,,,
530,530,,,0.9729663133621216,0.0561305396258831,0.9285191893577576,0.18459106981754303,0.9046785235404968,0.09323905408382416,0.05839405208826065,0.05839405208826065
530,530,0.02939716726541519,,,,,,,,,
531,531,,,0.9729693531990051,0.05601293593645096,0.928396999835968,0.18399131298065186,0.9046388864517212,0.0926952213048935,0.058285634964704514,0.058285634964704514
531,531,0.02935749478638172,,,,,,,,,
532,532,,,0.9729707837104797,0.05589783564209938,0.9282786250114441,0.18339674174785614,0.9045993685722351,0.09215749800205231,0.05817876011133194,0.05817876011133194
532,532,0.02931821160018444,,,,,,,,,
533,533,,,0.972970187664032,0.055784501135349274,0.9281646013259888,0.18280768394470215,0.9045601487159729,0.0916261374950409,0.05807347595691681,0.05807347595691681
533,533,0.029279306530952454,,,,,,,,,
534,534,,,0.972967803478241,0.05567323789000511,0.928054928779602,0.18222405016422272,0.9045214056968689,0.09110105782747269,0.057969771325588226,0.057969771325588226
534,534,0.029240798205137253,,,,,,,,,
535,535,,,0.9729639291763306,0.05556487292051315,0.9279491901397705,0.1816457062959671,0.9044830799102783,0.09058226644992828,0.057867612689733505,0.057867612689733505
535,535,0.0292026586830616,,,,,,,,,
536,536,,,0.972958505153656,0.05545853078365326,0.9278470277786255,0.18107274174690247,0.9044449925422668,0.09006968885660172,0.05776695907115936,0.05776695907115936
536,536,0.029164889827370644,,,,,,,,,
537,537,,,0.9729514718055725,0.05535418912768364,0.9277490973472595,0.18050536513328552,0.904407262802124,0.08956361562013626,0.057667866349220276,0.057667866349220276
537,537,0.02912747859954834,,,,,,,,,
538,538,,,0.9729427695274353,0.055251698940992355,0.9276551604270935,0.17994344234466553,0.9043700695037842,0.08906382322311401,0.05757029727101326,0.05757029727101326
538,538,0.029090428724884987,,,,,,,,,
539,539,,,0.9729324579238892,0.05515135079622269,0.9275650382041931,0.17938697338104248,0.9043331742286682,0.08857037872076035,0.05747423321008682,0.05747423321008682
539,539,0.029053743928670883,,,,,,,,,
540,540,,,0.9729210138320923,0.055053144693374634,0.9274782538414001,0.17883597314357758,0.9042968153953552,0.08808329701423645,0.057379648089408875,0.057379648089408875
540,540,0.029017383232712746,,,,,,,,,
541,541,,,0.9729079008102417,0.054956842213869095,0.9273954629898071,0.17829065024852753,0.9042609333992004,0.08760276436805725,0.0572865828871727,0.0572865828871727
541,541,0.028981374576687813,,,,,,,,,
542,542,,,0.9728935360908508,0.054862577468156815,0.9273167252540588,0.17775081098079681,0.904225766658783,0.08712858706712723,0.057195018976926804,0.057195018976926804
542,542,0.02894570492208004,,,,,,,,,
543,543,,,0.9728778600692749,0.054770346730947495,0.9272418022155762,0.17721636593341827,0.9041910767555237,0.08666069060564041,0.05710490792989731,0.05710490792989731
543,543,0.028910350054502487,,,,,,,,,
544,544,,,0.972861111164093,0.05467989295721054,0.92717045545578,0.17668746411800385,0.9041570425033569,0.08619914203882217,0.05701625719666481,0.05701625719666481
544,544,0.02887534163892269,,,,,,,,,
545,545,,,0.9728426933288574,0.054590560495853424,0.9271025657653809,0.17616431415081024,0.9041234254837036,0.08574414253234863,0.05692906677722931,0.05692906677722931
545,545,0.028840642422437668,,,,,,,,,
546,546,,,0.9728233814239502,0.05450334772467613,0.9270380735397339,0.17564673721790314,0.9040903449058533,0.08529558777809143,0.05684330314397812,0.05684330314397812
546,546,0.028806254267692566,,,,,,,,,
547,547,,,0.9728032350540161,0.05441845580935478,0.9269769787788391,0.1751345843076706,0.9040579795837402,0.08485335111618042,0.05675895884633064,0.05675895884633064
547,547,0.02877216413617134,,,,,,,,,
548,548,,,0.9727817177772522,0.054335303604602814,0.92691969871521,0.174627885222435,0.9040262699127197,0.08441738039255142,0.05667601153254509,0.05667601153254509
548,548,0.02873839996755123,,,,,,,,,
549,549,,0.028704917058348656,,,,,,,,
549,549,,,0.9727588295936584,0.05425344407558441,0.9268659353256226,0.17412681877613068,0.9039950966835022,0.08398785442113876,0.05659448355436325,0.05659448355436325
549,549,0.028704917058348656,,,,,,,,,
550,550,,,0.9727349877357483,0.05417335778474808,0.9268153309822083,0.17363128066062927,0.9039644598960876,0.0835646539926529,0.05651431530714035,0.05651431530714035
550,550,0.02867172844707966,,,,,,,,,
551,551,,,0.9727105498313904,0.05409488081932068,0.9267675280570984,0.17314119637012482,0.9039343595504761,0.08314770460128784,0.056435488164424896,0.056435488164424896
551,551,0.028638815507292747,,,,,,,,,
552,552,,,0.9726853370666504,0.05401789769530296,0.9267231225967407,0.1726566106081009,0.903904914855957,0.0827370285987854,0.056358013302087784,0.056358013302087784
552,552,0.028606195002794266,,,,,,,,,
553,553,,,0.9726588129997253,0.0539424791932106,0.9266825318336487,0.17217756807804108,0.9038762450218201,0.08233267813920975,0.056281913071870804,0.056281913071870804
553,553,0.02857385389506817,,,,,,,,,
554,554,,,0.9726316928863525,0.05386890098452568,0.9266451597213745,0.17170388996601105,0.9038482904434204,0.08193450421094894,0.05620712786912918,0.05620712786912918
554,554,0.028541775420308113,,,,,,,,,
555,555,,,0.9726040959358215,0.05379682779312134,0.9266102910041809,0.1712356060743332,0.903820812702179,0.08154250681400299,0.056133612990379333,0.056133612990379333
555,555,0.028509976342320442,,,,,,,,,
556,556,,,0.9725757241249084,0.05372631922364235,0.9265784025192261,0.17077279090881348,0.9037938714027405,0.08115670830011368,0.05606139078736305,0.05606139078736305
556,556,0.028478430584073067,,,,,,,,,
557,557,,,0.9725463390350342,0.05365699157118797,0.9265493750572205,0.17031532526016235,0.9037672281265259,0.08077698200941086,0.05599040538072586,0.05599040538072586
557,557,0.028447140008211136,,,,,,,,,
558,558,,,0.972516655921936,0.05358907952904701,0.9265235066413879,0.16986316442489624,0.9037414193153381,0.08040327578783035,0.055920690298080444,0.055920690298080444
558,558,0.028416087850928307,,,,,,,,,
559,559,,,0.9724863171577454,0.05352257192134857,0.9265003204345703,0.1694163680076599,0.9037161469459534,0.08003564924001694,0.05585220828652382,0.05585220828652382
559,559,0.02838529646396637,,,,,,,,,
560,560,,,0.9724553227424622,0.05345751345157623,0.9264801740646362,0.1689748764038086,0.9036914706230164,0.07967406511306763,0.055784959346055984,0.055784959346055984
560,560,0.028354737907648087,,,,,,,,,
561,561,,,0.9724239110946655,0.053393732756376266,0.9264628291130066,0.16853860020637512,0.9036674499511719,0.07931838929653168,0.055718909949064255,0.055718909949064255
561,561,0.028324421495199203,,,,,,,,,
562,562,,,0.9723923802375793,0.05333162471652031,0.9264481067657471,0.16810742020606995,0.9036440253257751,0.07896849513053894,0.05565403029322624,0.05565403029322624
562,562,0.028294343501329422,,,,,,,,,
563,563,,,0.9723600149154663,0.05327070504426956,0.926436185836792,0.1676814705133438,0.9036208391189575,0.07862450927495956,0.05559031665325165,0.05559031665325165
563,563,0.028264475986361504,,,,,,,,,
564,564,,,0.9723271727561951,0.053210508078336716,0.9264266490936279,0.16726082563400269,0.9035981297492981,0.07828640192747116,0.05552775785326958,0.05552775785326958
564,564,0.02823484316468239,,,,,,,,,
565,565,,,0.9722941517829895,0.053152330219745636,0.9264193773269653,0.16684512794017792,0.9035758972167969,0.07795398682355881,0.05546630173921585,0.05546630173921585
565,565,0.028205420821905136,,,,,,,,,
566,566,,,0.9722610712051392,0.05309530347585678,0.9264144897460938,0.16643449664115906,0.9035541415214539,0.07762724161148071,0.05540596693754196,0.05540596693754196
566,566,0.028176214545965195,,,,,,,,,
567,567,,,0.9722274541854858,0.05303945392370224,0.9264125823974609,0.16602882742881775,0.9035329818725586,0.07730607688426971,0.05534673109650612,0.05534673109650612
567,567,0.02814721316099167,,,,,,,,,
568,568,,,0.9721934795379639,0.05298442766070366,0.9264132380485535,0.16562817990779877,0.9035122394561768,0.07699050009250641,0.05528859421610832,0.05528859421610832
568,568,0.028118416666984558,,,,,,,,,
569,569,,,0.9721594452857971,0.05293070152401924,0.9264161586761475,0.16523241996765137,0.9034917950630188,0.07668039947748184,0.05523150414228439,0.05523150414228439
569,569,0.02808981202542782,,,,,,,,,
570,570,,,0.9721255302429199,0.05287811905145645,0.9264208674430847,0.16484153270721436,0.903471827507019,0.07637573033571243,0.05517543852329254,0.05517543852329254
570,570,0.028061412274837494,,,,,,,,,
571,571,,,0.9720913171768188,0.05282672494649887,0.9264279007911682,0.16445542871952057,0.9034521579742432,0.07607641816139221,0.05512039363384247,0.05512039363384247
571,571,0.028033189475536346,,,,,,,,,
572,572,,,0.9720566868782043,0.05277606472373009,0.9264373183250427,0.16407421231269836,0.9034326672554016,0.07578251510858536,0.055066369473934174,0.055066369473934174
572,572,0.028005165979266167,,,,,,,,,
573,573,,,0.9720219969749451,0.052726861089468,0.9264492988586426,0.16369761526584625,0.9034138321876526,0.07549375295639038,0.055013347417116165,0.055013347417116165
573,573,0.027977317571640015,,,,,,,,,
574,574,,,0.9719874262809753,0.05267903208732605,0.9264629483222961,0.16332563757896423,0.9033950567245483,0.07521016895771027,0.054961271584033966,0.054961271584033966
574,574,0.02794964797794819,,,,,,,,,
575,575,,,0.9719527959823608,0.05263201892375946,0.9264786839485168,0.16295836865901947,0.9033766388893127,0.07493183016777039,0.05491016432642937,0.05491016432642937
575,575,0.027922146022319794,,,,,,,,,
576,576,,,0.9719179272651672,0.052586041390895844,0.9264967441558838,0.16259561479091644,0.9033586382865906,0.07465841621160507,0.05485999584197998,0.05485999584197998
576,576,0.027894822880625725,,,,,,,,,
577,577,,,0.9718828797340393,0.05254063755273819,0.9265167117118835,0.16223740577697754,0.9033405780792236,0.07438994199037552,0.05481073632836342,0.05481073632836342
577,577,0.02786765620112419,,,,,,,,,
578,578,,,0.9718478918075562,0.0524960532784462,0.9265385270118713,0.1618836522102356,0.9033228754997253,0.07412636280059814,0.054762378334999084,0.054762378334999084
578,578,0.027840645983815193,,,,,,,,,
579,579,,,0.9718132615089417,0.05245257914066315,0.9265621304512024,0.16153429448604584,0.9033052921295166,0.07386764138936996,0.05471489951014519,0.05471489951014519
579,579,0.027813799679279327,,,,,,,,,
580,580,,,0.9717784523963928,0.052410464733839035,0.9265881180763245,0.16118930280208588,0.9032880663871765,0.07361377775669098,0.054668325930833817,0.054668325930833817
580,580,0.027787117287516594,,,,,,,,,
581,581,,,0.9717435240745544,0.052368998527526855,0.926615834236145,0.16084857285022736,0.9032708406448364,0.07336452603340149,0.0546225905418396,0.0546225905418396
581,581,0.027760565280914307,,,,,,,,,
582,582,,,0.9717091917991638,0.05232853442430496,0.9266449809074402,0.16051210463047028,0.9032536745071411,0.0731198713183403,0.054577670991420746,0.054577670991420746
582,582,0.027734175324440002,,,,,,,,,
583,583,,,0.9716743230819702,0.05228861793875694,0.9266760349273682,0.16017986834049225,0.9032365679740906,0.0728798434138298,0.05453357845544815,0.05453357845544815
583,583,0.02770792692899704,,,,,,,,,
584,584,,,0.97163987159729,0.052249468863010406,0.9267090559005737,0.15985174477100372,0.9032196402549744,0.0726442039012909,0.05449029803276062,0.05449029803276062
584,584,0.02768179215490818,,,,,,,,,
585,585,,,0.971605658531189,0.05221143737435341,0.9267435073852539,0.15952761471271515,0.9032027125358582,0.07241293042898178,0.05444778501987457,0.05444778501987457
585,585,0.02765580639243126,,,,,,,,,
586,586,,,0.9715710282325745,0.05217389389872551,0.9267798066139221,0.1592075377702713,0.9031857848167419,0.07218604534864426,0.054406050592660904,0.054406050592660904
586,586,0.027629945427179337,,,,,,,,,
587,587,,,0.9715365171432495,0.052136924117803574,0.9268178939819336,0.1588914692401886,0.9031688570976257,0.07196341454982758,0.05436508357524872,0.05436508357524872
587,587,0.02760421484708786,,,,,,,,,
588,588,,,0.971502423286438,0.05210103094577789,0.9268572330474854,0.15857923030853271,0.9031519889831543,0.07174491137266159,0.054324835538864136,0.054324835538864136
588,588,0.02757861278951168,,,,,,,,,
589,589,,,0.9714685678482056,0.05206586420536041,0.9268981218338013,0.15827083587646484,0.9031349420547485,0.0715305358171463,0.05428531393408775,0.05428531393408775
589,589,0.02755313739180565,,,,,,,,,
590,590,,,0.9714347720146179,0.0520312674343586,0.9269408583641052,0.15796628594398499,0.9031177163124084,0.07132024317979813,0.05424650385975838,0.05424650385975838
590,590,0.02752775140106678,,,,,,,,,
591,591,,,0.9714008569717407,0.05199744552373886,0.9269850254058838,0.15766547620296478,0.9031005501747131,0.07111389189958572,0.05420839786529541,0.05420839786529541
591,591,0.027502501383423805,,,,,,,,,
592,592,,,0.9713674187660217,0.0519644133746624,0.927030622959137,0.1573682576417923,0.9030832052230835,0.07091134786605835,0.05417095869779587,0.05417095869779587
592,592,0.02747735194861889,,,,,,,,,
593,593,,,0.971333920955658,0.05193174257874489,0.9270777702331543,0.15707466006278992,0.9030658602714539,0.070712611079216,0.05413418263196945,0.05413418263196945
593,593,0.027452312409877777,,,,,,,,,
594,594,,,0.971300482749939,0.05189930647611618,0.9271262884140015,0.15678474307060242,0.9030482172966003,0.07051776349544525,0.05409806966781616,0.05409806966781616
594,594,0.027427367866039276,,,,,,,,,
595,595,,,0.9712671637535095,0.05186759680509567,0.9271761178970337,0.1564982384443283,0.9030304551124573,0.07032646238803864,0.05406257137656212,0.05406257137656212
595,595,0.02740253321826458,,,,,,,,,
596,596,,,0.9712342023849487,0.05183672159910202,0.9272274374961853,0.15621508657932281,0.9030125141143799,0.07013864815235138,0.05402769520878792,0.05402769520878792
596,596,0.027377791702747345,,,,,,,,,
597,597,,,0.9712013006210327,0.051805946975946426,0.9272800087928772,0.1559354066848755,0.9029943346977234,0.06995442509651184,0.05399342253804207,0.05399342253804207
597,597,0.02735314704477787,,,,,,,,,
598,598,,,0.9711685180664062,0.05177561566233635,0.9273335933685303,0.15565919876098633,0.902975857257843,0.06977380812168121,0.05395974963903427,0.05395974963903427
598,598,0.02732858993113041,,,,,,,,,
599,599,,0.027304114773869514,,,,,,,,
599,599,,,0.9711363911628723,0.05174626410007477,0.9273884892463684,0.1553860753774643,0.9029573798179626,0.06959641724824905,0.053926654160022736,0.053926654160022736
599,599,0.027304114773869514,,,,,,,,,
600,600,,,0.9711043238639832,0.05171762406826019,0.9274448752403259,0.15511617064476013,0.9029387831687927,0.06942234188318253,0.05389413237571716,0.05389413237571716
600,600,0.02727973461151123,,,,,,,,,
601,601,,,0.9710718393325806,0.051688872277736664,0.9275030493736267,0.15484948456287384,0.9029199481010437,0.06925150752067566,0.05386219173669815,0.05386219173669815
601,601,0.027255425229668617,,,,,,,,,
602,602,,,0.9710400104522705,0.05166074261069298,0.9275619387626648,0.15458598732948303,0.9029008746147156,0.06908396631479263,0.05383078753948212,0.05383078753948212
602,602,0.027231207117438316,,,,,,,,,
603,603,,,0.9710085988044739,0.05163276940584183,0.9276217222213745,0.1543254554271698,0.9028816223144531,0.06891939789056778,0.05379989743232727,0.05379989743232727
603,603,0.02720705047249794,,,,,,,,,
604,604,,,0.9709768891334534,0.05160512402653694,0.9276827573776245,0.15406787395477295,0.9028620719909668,0.06875776499509811,0.053769513964653015,0.053769513964653015
604,604,0.027182983234524727,,,,,,,,,
605,605,,,0.970945417881012,0.05157775804400444,0.9277451634407043,0.15381324291229248,0.9028423428535461,0.068599171936512,0.053739648312330246,0.053739648312330246
605,605,0.027158968150615692,,,,,,,,,
606,606,,,0.970913827419281,0.051550883799791336,0.9278085231781006,0.15356162190437317,0.9028221964836121,0.06844362616539001,0.05371028184890747,0.05371028184890747
606,606,0.027135036885738373,,,,,,,,,
607,607,,,0.9708831906318665,0.05152467265725136,0.9278725981712341,0.1533127725124359,0.9028018712997437,0.0682908296585083,0.0536813884973526,0.0536813884973526
607,607,0.02711116522550583,,,,,,,,,
608,608,,,0.9708527326583862,0.05149909108877182,0.9279378056526184,0.15306662023067474,0.9027813673019409,0.0681406706571579,0.05365295708179474,0.05365295708179474
608,608,0.027087362483143806,,,,,,,,,
609,609,,,0.9708219766616821,0.051472924649715424,0.9280046224594116,0.15282335877418518,0.9027606248855591,0.0679934173822403,0.05362503230571747,0.05362503230571747
609,609,0.027063602581620216,,,,,,,,,
610,610,,,0.9707913994789124,0.05144718289375305,0.9280727505683899,0.15258271992206573,0.9027395844459534,0.06784872710704803,0.05359755456447601,0.05359755456447601
610,610,0.027039920911192894,,,,,,,,,
611,611,,,0.970761239528656,0.051422130316495895,0.928141176700592,0.15234458446502686,0.9027183055877686,0.06770650297403336,0.05357047915458679,0.05357047915458679
611,611,0.027016276493668556,,,,,,,,,
612,612,,,0.970731258392334,0.05139702931046486,0.9282102584838867,0.1521090865135193,0.9026966094970703,0.0675668716430664,0.053543820977211,0.053543820977211
612,612,0.02699270099401474,,,,,,,,,
613,613,,,0.9707013964653015,0.051372092217206955,0.9282806515693665,0.15187619626522064,0.902674674987793,0.06742981821298599,0.05351761728525162,0.05351761728525162
613,613,0.02696915902197361,,,,,,,,,
614,614,,,0.9706718921661377,0.05134722217917442,0.9283522367477417,0.15164567530155182,0.902652382850647,0.0672949030995369,0.053491801023483276,0.053491801023483276
614,614,0.026945674791932106,,,,,,,,,
615,615,,,0.970642626285553,0.051323018968105316,0.9284247159957886,0.151417538523674,0.9026300311088562,0.06716234236955643,0.05346639081835747,0.05346639081835747
615,615,0.026922235265374184,,,,,,,,,
616,616,,,0.9706136584281921,0.051299016922712326,0.9284977912902832,0.15119189023971558,0.9026072025299072,0.06703224033117294,0.053441375494003296,0.053441375494003296
616,616,0.026898832991719246,,,,,,,,,
617,617,,,0.9705849289894104,0.05127515271306038,0.9285715222358704,0.15096858143806458,0.9025840759277344,0.06690443307161331,0.05341672897338867,0.05341672897338867
617,617,0.02687547542154789,,,,,,,,,
618,618,,,0.9705563187599182,0.051251668483018875,0.9286466240882874,0.1507474035024643,0.9025606513023376,0.06677859276533127,0.053392454981803894,0.053392454981803894
618,618,0.026852162554860115,,,,,,,,,
619,619,,,0.9705275297164917,0.05122832581400871,0.9287227988243103,0.15052838623523712,0.9025369882583618,0.0666547641158104,0.05336853489279747,0.05336853489279747
619,619,0.026828879490494728,,,,,,,,,
620,620,,,0.9704993367195129,0.05120424926280975,0.9287993907928467,0.1503116488456726,0.9025129079818726,0.06653302162885666,0.0533449649810791,0.0533449649810791
620,620,0.026805633679032326,,,,,,,,,
621,621,,,0.9704715013504028,0.051180168986320496,0.9288762211799622,0.15009719133377075,0.9024885892868042,0.06641348451375961,0.053321730345487595,0.053321730345487595
621,621,0.02678242139518261,,,,,,,,,
622,622,,,0.9704439640045166,0.0511573888361454,0.9289544820785522,0.14988461136817932,0.9024639129638672,0.06629570573568344,0.053298838436603546,0.053298838436603546
622,622,0.026759233325719833,,,,,,,,,
623,623,,,0.9704163074493408,0.051134467124938965,0.929033637046814,0.14967407286167145,0.9024388790130615,0.06617975234985352,0.05327626317739487,0.05327626317739487
623,623,0.026736071333289146,,,,,,,,,
624,624,,,0.9703892469406128,0.051112253218889236,0.9291136264801025,0.14946556091308594,0.9024136662483215,0.06606576591730118,0.053254030644893646,0.053254030644893646
624,624,0.026712948456406593,,,,,,,,,
625,625,,,0.9703621864318848,0.05109023675322533,0.9291942119598389,0.14925895631313324,0.9023880958557129,0.06595362722873688,0.0532320961356163,0.0532320961356163
625,625,0.026689838618040085,,,,,,,,,
626,626,,,0.9703357219696045,0.05106765776872635,0.929275393486023,0.14905427396297455,0.9023622274398804,0.06584315001964569,0.053210459649562836,0.053210459649562836
626,626,0.02666674181818962,,,,,,,,,
627,627,,,0.970309317111969,0.051044631749391556,0.9293572306632996,0.1488513946533203,0.9023358821868896,0.06573417037725449,0.05318908393383026,0.05318908393383026
627,627,0.026643680408596992,,,,,,,,,
628,628,,,0.9702829122543335,0.05102164298295975,0.9294400215148926,0.14865031838417053,0.902309238910675,0.06562682241201401,0.053168002516031265,0.053168002516031265
628,628,0.02662063203752041,,,,,,,,,
629,629,,,0.9702568054199219,0.05099915713071823,0.9295233488082886,0.148451030254364,0.9022822976112366,0.06552113592624664,0.053147196769714355,0.053147196769714355
629,629,0.026597600430250168,,,,,,,,,
630,630,,,0.970231294631958,0.05097750946879387,0.9296072125434875,0.14825348556041718,0.902255117893219,0.06541711837053299,0.05312667414546013,0.05312667414546013
630,630,0.026574596762657166,,,,,,,,,
631,631,,,0.9702060222625732,0.05095627158880234,0.9296920299530029,0.14805760979652405,0.9022275805473328,0.0653146505355835,0.05310642719268799,0.05310642719268799
631,631,0.026551585644483566,,,,,,,,,
632,632,,,0.9701806306838989,0.05093523859977722,0.9297780394554138,0.1478632390499115,0.9021998047828674,0.0652134120464325,0.05308643728494644,0.05308643728494644
632,632,0.026528596878051758,,,,,,,,,
633,633,,,0.9701559543609619,0.05091354623436928,0.9298644065856934,0.14767050743103027,0.9021715521812439,0.06511353701353073,0.0530666746199131,0.0530666746199131
633,633,0.026505613699555397,,,,,,,,,
634,634,,,0.970131516456604,0.05089154839515686,0.9299507141113281,0.14747945964336395,0.9021430015563965,0.06501521170139313,0.05304715037345886,0.05304715037345886
634,634,0.02648264169692993,,,,,,,,,
635,635,,,0.97010737657547,0.05086950585246086,0.9300376176834106,0.14728985726833344,0.9021140336990356,0.06491809338331223,0.053027838468551636,0.053027838468551636
635,635,0.026459665969014168,,,,,,,,,
636,636,,,0.9700834155082703,0.05084839090704918,0.930125892162323,0.14710158109664917,0.9020849466323853,0.06482206284999847,0.053008776158094406,0.053008776158094406
636,636,0.02643669955432415,,,,,,,,,
637,637,,,0.9700595140457153,0.05082762986421585,0.9302149415016174,0.1469147801399231,0.9020555019378662,0.06472741812467575,0.05298995599150658,0.05298995599150658
637,637,0.026413746178150177,,,,,,,,,
638,638,,,0.9700360894203186,0.050806861370801926,0.9303046464920044,0.1467294842004776,0.9020257592201233,0.06463410705327988,0.05297136306762695,0.05297136306762695
638,638,0.02639077790081501,,,,,,,,,
639,639,,,0.9700131416320801,0.05078696087002754,0.9303942322731018,0.1465454399585724,0.9019956588745117,0.06454182416200638,0.05295294523239136,0.05295294523239136
639,639,0.02636781707406044,,,,,,,,,
640,640,,,0.9699903130531311,0.050766680389642715,0.9304844737052917,0.14636269211769104,0.9019652009010315,0.06445062160491943,0.05293472483754158,0.05293472483754158
640,640,0.026344845071434975,,,,,,,,,
641,641,,,0.9699675440788269,0.05074610561132431,0.9305756092071533,0.14618124067783356,0.9019343256950378,0.06436041742563248,0.05291670188307762,0.05291670188307762
641,641,0.02632187493145466,,,,,,,,,
642,642,,,0.9699450135231018,0.050725627690553665,0.9306672215461731,0.14600101113319397,0.9019030928611755,0.06427124887704849,0.05289886146783829,0.05289886146783829
642,642,0.026298904791474342,,,,,,,,,
643,643,,,0.9699233770370483,0.050705619156360626,0.9307593703269958,0.1458219289779663,0.9018716812133789,0.0641830712556839,0.05288121849298477,0.05288121849298477
643,643,0.02627592347562313,,,,,,,,,
644,644,,,0.9699020981788635,0.050685398280620575,0.9308522343635559,0.14564405381679535,0.9018401503562927,0.06409585475921631,0.052863769233226776,0.052863769233226776
644,644,0.026252927258610725,,,,,,,,,
645,645,,,0.9698807001113892,0.05066591128706932,0.9309456944465637,0.1454673558473587,0.9018081426620483,0.0640096515417099,0.05284649878740311,0.05284649878740311
645,645,0.02622993476688862,,,,,,,,,
646,646,,,0.9698593616485596,0.050646957010030746,0.9310400485992432,0.14529164135456085,0.9017757177352905,0.06392417103052139,0.05282938480377197,0.05282938480377197
646,646,0.026206914335489273,,,,,,,,,
647,647,,,0.9698384404182434,0.050628334283828735,0.9311347603797913,0.145116925239563,0.9017431139945984,0.06383949518203735,0.05281243473291397,0.05281243473291397
647,647,0.026183895766735077,,,,,,,,,
648,648,,,0.9698182940483093,0.050609517842531204,0.9312293529510498,0.14494332671165466,0.9017100930213928,0.06375578045845032,0.05279562622308731,0.05279562622308731
648,648,0.026160862296819687,,,,,,,,,
649,649,,0.02613779902458191,,,,,,,,
649,649,,,0.9697982668876648,0.05059051141142845,0.9313242435455322,0.1447707712650299,0.9016767144203186,0.06367284804582596,0.05277896299958229,0.05277896299958229
649,649,0.02613779902458191,,,,,,,,,
650,650,,,0.9697780609130859,0.050571758300065994,0.9314204454421997,0.1445990651845932,0.9016430974006653,0.06359048932790756,0.0527624636888504,0.0527624636888504
650,650,0.026114724576473236,,,,,,,,,
651,651,,,0.9697585701942444,0.050553448498249054,0.9315176010131836,0.14442820847034454,0.9016092419624329,0.06350873410701752,0.05274611711502075,0.05274611711502075
651,651,0.026091640815138817,,,,,,,,,
652,652,,,0.9697396159172058,0.0505361407995224,0.9316146373748779,0.14425833523273468,0.9015751481056213,0.0634278953075409,0.05272991582751274,0.05272991582751274
652,652,0.026068519800901413,,,,,,,,,
653,653,,,0.9697209000587463,0.05051916465163231,0.9317120909690857,0.14408932626247406,0.9015406966209412,0.06334774196147919,0.052713844925165176,0.052713844925165176
653,653,0.026045385748147964,,,,,,,,,
654,654,,,0.9697022438049316,0.05050191655755043,0.9318102598190308,0.14392107725143433,0.9015060067176819,0.0632680281996727,0.052697889506816864,0.052697889506816864
654,654,0.026022231206297874,,,,,,,,,
655,655,,,0.9696835279464722,0.05048484727740288,0.9319092035293579,0.14375363290309906,0.9014708399772644,0.06318887323141098,0.052682064473629,0.052682064473629
655,655,0.025999054312705994,,,,,,,,,
656,656,,,0.9696654677391052,0.05046818032860756,0.9320081472396851,0.14358685910701752,0.901435375213623,0.06311021000146866,0.05266634374856949,0.05266634374856949
656,656,0.025975847616791725,,,,,,,,,
657,657,,,0.9696478247642517,0.05045163631439209,0.9321074485778809,0.14342094957828522,0.9013996720314026,0.06303219497203827,0.05265074223279953,0.05265074223279953
657,657,0.025952618569135666,,,,,,,,,
658,658,,,0.9696303606033325,0.050435811281204224,0.932207465171814,0.14325566589832306,0.901363730430603,0.0629546046257019,0.05263525992631912,0.05263525992631912
658,658,0.02592935599386692,,,,,,,,,
659,659,,,0.9696131348609924,0.05042063072323799,0.9323084950447083,0.14309094846248627,0.9013275504112244,0.0628773495554924,0.052619896829128265,0.052619896829128265
659,659,0.025906076654791832,,,,,,,,,
660,660,,,0.9695959687232971,0.05040578171610832,0.9324095249176025,0.14292699098587036,0.9012909531593323,0.06280076503753662,0.05260463058948517,0.05260463058948517
660,660,0.025882743299007416,,,,,,,,,
661,661,,,0.9695797562599182,0.050391074270009995,0.9325107932090759,0.14276358485221863,0.9012541174888611,0.06272441148757935,0.052589450031518936,0.052589450031518936
661,661,0.025859395042061806,,,,,,,,,
662,662,,,0.9695636034011841,0.05037647858262062,0.9326125383377075,0.14260071516036987,0.9012169241905212,0.06264836341142654,0.05257435142993927,0.05257435142993927
662,662,0.025836020708084106,,,,,,,,,
663,663,,,0.9695473909378052,0.05036206170916557,0.9327149987220764,0.14243847131729126,0.9011794328689575,0.06257271021604538,0.05255936086177826,0.05255936086177826
663,663,0.025812601670622826,,,,,,,,,
664,664,,,0.9695314764976501,0.050348587334156036,0.9328178763389587,0.14227665960788727,0.9011417031288147,0.06249725818634033,0.05254444107413292,0.05254444107413292
664,664,0.02578914724290371,,,,,,,,,
665,665,,,0.9695162773132324,0.050336264073848724,0.9329209327697754,0.1421152502298355,0.9011038541793823,0.06242210417985916,0.05252961069345474,0.05252961069345474
665,665,0.025765661150217056,,,,,,,,,
666,666,,,0.9695008397102356,0.05032382532954216,0.9330247640609741,0.1419544816017151,0.9010655879974365,0.062347400933504105,0.052514880895614624,0.052514880895614624
666,666,0.02574213407933712,,,,,,,,,
667,667,,,0.9694857001304626,0.05031176283955574,0.9331291317939758,0.1417941451072693,0.9010270237922668,0.06227293238043785,0.052500225603580475,0.052500225603580475
667,667,0.02571856789290905,,,,,,,,,
668,668,,,0.9694711565971375,0.050300564616918564,0.9332336187362671,0.14163394272327423,0.9009882807731628,0.06219827011227608,0.05248560756444931,0.05248560756444931
668,668,0.025694960728287697,,,,,,,,,
669,669,,,0.9694569110870361,0.050289127975702286,0.9333381652832031,0.14147432148456573,0.9009491801261902,0.062124017626047134,0.05247105285525322,0.05247105285525322
669,669,0.02567131444811821,,,,,,,,,
670,670,,,0.9694426655769348,0.050277743488550186,0.9334436655044556,0.14131513237953186,0.9009097814559937,0.0620499812066555,0.05245659500360489,0.05245659500360489
670,670,0.02564762905240059,,,,,,,,,
671,671,,,0.969429075717926,0.050267718732357025,0.9335497617721558,0.14115610718727112,0.900870144367218,0.06197591871023178,0.052442193031311035,0.052442193031311035
671,671,0.02562388777732849,,,,,,,,,
672,672,,,0.9694156646728516,0.05025900527834892,0.9336555600166321,0.14099735021591187,0.9008303284645081,0.06190193444490433,0.05242782086133957,0.05242782086133957
672,672,0.025600118562579155,,,,,,,,,
673,673,,,0.9694023728370667,0.050250548869371414,0.9337620735168457,0.14083895087242126,0.9007902145385742,0.06182808801531792,0.05241352319717407,0.05241352319717407
673,673,0.025576291605830193,,,,,,,,,
674,674,,,0.9693889021873474,0.05024198442697525,0.9338693022727966,0.14068090915679932,0.9007497429847717,0.06175448000431061,0.05239929258823395,0.05239929258823395
674,674,0.0255524180829525,,,,,,,,,
675,675,,,0.9693760871887207,0.050234775990247726,0.9339764714241028,0.14052283763885498,0.9007090330123901,0.06168053671717644,0.05238506570458412,0.05238506570458412
675,675,0.02552851103246212,,,,,,,,,
676,676,,,0.9693635702133179,0.05022793263196945,0.9340839982032776,0.14036497473716736,0.9006681442260742,0.06160657852888107,0.05237088352441788,0.05237088352441788
676,676,0.025504538789391518,,,,,,,,,
677,677,,,0.9693509340286255,0.050221145153045654,0.9341922998428345,0.140207439661026,0.9006268382072449,0.06153280287981033,0.0523567721247673,0.0523567721247673
677,677,0.025480523705482483,,,,,,,,,
678,678,,,0.9693388342857361,0.05021484196186066,0.9343008995056152,0.14005009829998016,0.9005854725837708,0.06145898252725601,0.052342697978019714,0.052342697978019714
678,678,0.025456465780735016,,,,,,,,,
679,679,,,0.9693272113800049,0.050210077315568924,0.9344092011451721,0.13989269733428955,0.9005438089370728,0.06138491630554199,0.052328623831272125,0.052328623831272125
679,679,0.025432340800762177,,,,,,,,,
680,680,,,0.969315767288208,0.050206273794174194,0.9345182180404663,0.1397353559732437,0.9005019068717957,0.06131068244576454,0.05231458321213722,0.05231458321213722
680,680,0.025408172979950905,,,,,,,,,
681,681,,,0.9693037271499634,0.05020240694284439,0.9346279501914978,0.13957831263542175,0.9004594683647156,0.06123662739992142,0.052300598472356796,0.052300598472356796
681,681,0.02538393996655941,,,,,,,,,
682,682,,,0.9692925214767456,0.050199661403894424,0.9347378611564636,0.1394212543964386,0.9004170894622803,0.061162322759628296,0.05228663980960846,0.05228663980960846
682,682,0.025359660387039185,,,,,,,,,
683,683,,,0.969281792640686,0.050198107957839966,0.9348476529121399,0.13926401734352112,0.9003745913505554,0.061087578535079956,0.05227266252040863,0.05227266252040863
683,683,0.02533533051609993,,,,,,,,,
684,684,,,0.9692708253860474,0.05019660294055939,0.9349580407142639,0.13910694420337677,0.9003315567970276,0.06101283058524132,0.052258722484111786,0.052258722484111786
684,684,0.025310935452580452,,,,,,,,,
685,685,,,0.9692599773406982,0.050195664167404175,0.9350690841674805,0.1389499306678772,0.9002883434295654,0.06093796342611313,0.052244819700717926,0.052244819700717926
685,685,0.025286482647061348,,,,,,,,,
686,686,,,0.9692493677139282,0.05019586160778999,0.9351803660392761,0.13879279792308807,0.900244951248169,0.06086275726556778,0.052230920642614365,0.052230920642614365
686,686,0.025261983275413513,,,,,,,,,
687,687,,,0.9692397713661194,0.05019731447100639,0.935291051864624,0.13863544166088104,0.9002014398574829,0.06078705936670303,0.05221698433160782,0.05221698433160782
687,687,0.02523740381002426,,,,,,,,,
688,688,,,0.9692295789718628,0.050199151039123535,0.9354024529457092,0.13847821950912476,0.9001574516296387,0.06071140989661217,0.05220308527350426,0.05220308527350426
688,688,0.025212766602635384,,,,,,,,,
689,689,,,0.9692193865776062,0.05020184814929962,0.9355149269104004,0.1383209526538849,0.9001132845878601,0.060635533183813095,0.05218923091888428,0.05218923091888428
689,689,0.025188086554408073,,,,,,,,,
690,690,,,0.9692098498344421,0.050206176936626434,0.9356269836425781,0.13816328346729279,0.9000690579414368,0.06055893376469612,0.05217532068490982,0.05217532068490982
690,690,0.025163322687149048,,,,,,,,,
691,691,,,0.969200611114502,0.050210852175951004,0.9357392191886902,0.1380055546760559,0.9000245928764343,0.06048208847641945,0.05216141790151596,0.05216141790151596
691,691,0.02513851225376129,,,,,,,,,
692,692,,,0.9691910147666931,0.05021572485566139,0.9358521103858948,0.13784781098365784,0.899979829788208,0.06040506809949875,0.05214753746986389,0.05214753746986389
692,692,0.025113627314567566,,,,,,,,,
693,693,,,0.9691818952560425,0.05022234097123146,0.9359652996063232,0.13768966495990753,0.8999347686767578,0.060327425599098206,0.052133627235889435,0.052133627235889435
693,693,0.025088690221309662,,,,,,,,,
694,694,,,0.9691727161407471,0.05023006722331047,0.9360785484313965,0.1375313252210617,0.8998897075653076,0.06024940684437752,0.05211970955133438,0.05211970955133438
694,694,0.025063669309020042,,,,,,,,,
695,695,,,0.9691637754440308,0.05023818835616112,0.9361916780471802,0.1373729407787323,0.8998441696166992,0.06017124280333519,0.05210578069090843,0.05210578069090843
695,695,0.0250385832041502,,,,,,,,,
696,696,,,0.9691553711891174,0.050247710198163986,0.9363049864768982,0.13721418380737305,0.899798572063446,0.06009238213300705,0.052091825753450394,0.052091825753450394
696,696,0.025013430044054985,,,,,,,,,
697,697,,,0.9691469073295593,0.050258517265319824,0.9364190101623535,0.13705500960350037,0.8997527360916138,0.060012850910425186,0.05207785218954086,0.05207785218954086
697,697,0.024988219141960144,,,,,,,,,
698,698,,,0.9691383242607117,0.050269655883312225,0.9365333914756775,0.13689573109149933,0.8997066617012024,0.05993305519223213,0.05206388235092163,0.05206388235092163
698,698,0.024962935596704483,,,,,,,,,
699,699,,0.024937575682997704,,,,,,,,
699,699,,,0.9691300392150879,0.050282105803489685,0.9366477131843567,0.13673613965511322,0.8996604681015015,0.05985284596681595,0.052049897611141205,0.052049897611141205
699,699,0.024937575682997704,,,,,,,,,
700,700,,,0.9691219925880432,0.05029606446623802,0.936762273311615,0.1365760862827301,0.899614155292511,0.05977186560630798,0.0520358644425869,0.0520358644425869
700,700,0.024912137538194656,,,,,,,,,
701,701,,,0.9691138863563538,0.05031066760420799,0.9368770718574524,0.1364157497882843,0.8995675444602966,0.059690456837415695,0.0520218163728714,0.0520218163728714
701,701,0.02488664537668228,,,,,,,,,
702,702,,,0.9691055417060852,0.05032628774642944,0.9369922280311584,0.13625513017177582,0.8995206952095032,0.059608593583106995,0.05200774967670441,0.05200774967670441
702,702,0.02486106939613819,,,,,,,,,
703,703,,,0.9690980911254883,0.050343576818704605,0.937106728553772,0.13609394431114197,0.8994736671447754,0.05952585116028786,0.05199359729886055,0.05199359729886055
703,703,0.024835428223013878,,,,,,,,,
704,704,,,0.9690908193588257,0.05036184936761856,0.9372214674949646,0.1359323412179947,0.8994264602661133,0.05944249406456947,0.051979418843984604,0.051979418843984604
704,704,0.024809716269373894,,,,,,,,,
705,705,,,0.9690830707550049,0.0503811277449131,0.9373369812965393,0.1357705146074295,0.8993789553642273,0.059358857572078705,0.05196525156497955,0.05196525156497955
705,705,0.024783920496702194,,,,,,,,,
706,706,,,0.9690754413604736,0.050401508808135986,0.937453031539917,0.13560813665390015,0.8993313908576965,0.05927438288927078,0.05195104330778122,0.05195104330778122
706,706,0.02475804090499878,,,,,,,,,
707,707,,,0.9690684676170349,0.05042373016476631,0.9375689625740051,0.13544511795043945,0.8992839455604553,0.05918899551033974,0.051936786621809006,0.051936786621809006
707,707,0.02473210170865059,,,,,,,,,
708,708,,,0.9690610766410828,0.05044630914926529,0.9376845955848694,0.13528186082839966,0.8992360234260559,0.05910322815179825,0.05192248150706291,0.05192248150706291
708,708,0.024706078693270683,,,,,,,,,
709,709,,,0.9690536260604858,0.05047052726149559,0.9378007650375366,0.1351180076599121,0.8991879224777222,0.05901665985584259,0.05190813168883324,0.05190813168883324
709,709,0.024679984897375107,,,,,,,,,
710,710,,,0.9690464735031128,0.050496429204940796,0.9379167556762695,0.134953573346138,0.8991396427154541,0.05892926827073097,0.05189371854066849,0.05189371854066849
710,710,0.024653805419802666,,,,,,,,,
711,711,,,0.9690395593643188,0.050523512065410614,0.9380326867103577,0.1347886472940445,0.8990912437438965,0.05884119123220444,0.051879264414310455,0.051879264414310455
711,711,0.024627545848488808,,,,,,,,,
712,712,,,0.9690327048301697,0.05055152252316475,0.9381488561630249,0.1346232146024704,0.8990426659584045,0.05875241756439209,0.05186476185917854,0.05186476185917854
712,712,0.024601217359304428,,,,,,,,,
713,713,,,0.9690259695053101,0.050580818206071854,0.938265323638916,0.13445721566677094,0.8989939093589783,0.058662865310907364,0.051850222051143646,0.051850222051143646
713,713,0.024574805051088333,,,,,,,,,
714,714,,,0.9690194725990295,0.050611913204193115,0.9383819103240967,0.13429053127765656,0.898945152759552,0.058572400361299515,0.051835618913173676,0.051835618913173676
714,714,0.024548308923840523,,,,,,,,,
715,715,,,0.9690126180648804,0.050644174218177795,0.9384986758232117,0.13412323594093323,0.8988961577415466,0.0584811195731163,0.051820963621139526,0.051820963621139526
715,715,0.024521734565496445,,,,,,,,,
716,716,,,0.9690059423446655,0.050677597522735596,0.9386153817176819,0.1339554339647293,0.8988469839096069,0.05838915333151817,0.0518062524497509,0.0518062524497509
716,716,0.0244950819760561,,,,,,,,,
717,717,,,0.9689992666244507,0.05071264132857323,0.9387320876121521,0.1337869018316269,0.8987976312637329,0.05829619616270065,0.051791466772556305,0.051791466772556305
717,717,0.024468330666422844,,,,,,,,,
718,718,,,0.9689926505088806,0.05074922740459442,0.938848614692688,0.13361765444278717,0.8987482786178589,0.05820228159427643,0.05177661031484604,0.05177661031484604
718,718,0.024441517889499664,,,,,,,,,
719,719,,,0.9689862728118896,0.05078732594847679,0.9389651417732239,0.13344788551330566,0.8986987471580505,0.05810775235295296,0.05176170915365219,0.05176170915365219
719,719,0.024414613842964172,,,,,,,,,
720,720,,,0.96897953748703,0.05082667991518974,0.9390820264816284,0.13327744603157043,0.8986490368843079,0.05801231414079666,0.05174675211310387,0.05174675211310387
720,720,0.02438763901591301,,,,,,,,,
721,721,,,0.9689731597900391,0.05086803436279297,0.9391990303993225,0.13310606777668,0.8985992670059204,0.05791560932993889,0.051731713116168976,0.051731713116168976
721,721,0.024360565468668938,,,,,,,,,
722,722,,,0.9689669609069824,0.05091049522161484,0.9393160939216614,0.1329340934753418,0.898549497127533,0.057818152010440826,0.05171661823987961,0.05171661823987961
722,722,0.024333415552973747,,,,,,,,,
723,723,,,0.9689605236053467,0.050954241305589676,0.9394328594207764,0.13276155292987823,0.8984994888305664,0.05771993100643158,0.05170145630836487,0.05170145630836487
723,723,0.02430618926882744,,,,,,,,,
724,724,,,0.9689543843269348,0.05099986121058464,0.9395496249198914,0.13258807361125946,0.8984494209289551,0.05762052163481712,0.05168621242046356,0.05168621242046356
724,724,0.02427886612713337,,,,,,,,,
725,725,,,0.9689481854438782,0.05104728788137436,0.9396664500236511,0.1324138045310974,0.898399293422699,0.057520147413015366,0.05167089402675629,0.05167089402675629
725,725,0.024251466616988182,,,,,,,,,
726,726,,,0.9689417481422424,0.0510956346988678,0.9397836923599243,0.13223892450332642,0.898348867893219,0.05741889774799347,0.05165552347898483,0.05165552347898483
726,726,0.024223970249295235,,,,,,,,,
727,727,,,0.968935489654541,0.051145944744348526,0.9399005770683289,0.13206322491168976,0.8982983827590942,0.05731666460633278,0.05164007097482681,0.05164007097482681
727,727,0.02419639751315117,,,,,,,,,
728,728,,,0.9689295887947083,0.05119822174310684,0.94001704454422,0.1318865418434143,0.8982480764389038,0.05721314251422882,0.051624514162540436,0.051624514162540436
728,728,0.024168742820620537,,,,,,,,,
729,729,,,0.9689235091209412,0.05125156044960022,0.9401336312294006,0.13170914351940155,0.8981975317001343,0.05710872635245323,0.051608894020318985,0.051608894020318985
729,729,0.024140996858477592,,,,,,,,,
730,730,,,0.9689167141914368,0.051306646317243576,0.9402510523796082,0.13153107464313507,0.8981467485427856,0.05700349062681198,0.05159323662519455,0.05159323662519455
730,730,0.024113178253173828,,,,,,,,,
731,731,,,0.9689107537269592,0.05136384442448616,0.9403676390647888,0.13135194778442383,0.8980960845947266,0.056896861642599106,0.051577456295490265,0.051577456295490265
731,731,0.024085255339741707,,,,,,,,,
732,732,,,0.968904972076416,0.05142289027571678,0.940484344959259,0.13117188215255737,0.8980454206466675,0.056789036840200424,0.05156160145998001,0.05156160145998001
732,732,0.024057261645793915,,,,,,,,,
733,733,,,0.968898355960846,0.05148282274603844,0.940601110458374,0.13099125027656555,0.8979944586753845,0.056680552661418915,0.05154568701982498,0.05154568701982498
733,733,0.024029169231653214,,,,,,,,,
734,734,,,0.968891978263855,0.05154486373066902,0.9407175183296204,0.13080964982509613,0.8979435563087463,0.05657085403800011,0.05152967572212219,0.05152967572212219
734,734,0.024000992998480797,,,,,,,,,
735,735,,,0.9688861966133118,0.05160948261618614,0.940833568572998,0.1306268572807312,0.8978927135467529,0.05645959824323654,0.05151354521512985,0.05151354521512985
735,735,0.023972738534212112,,,,,,,,,
736,736,,,0.9688798189163208,0.051674794405698776,0.9409502148628235,0.13044345378875732,0.89784175157547,0.05634757876396179,0.051497384905815125,0.051497384905815125
736,736,0.023944392800331116,,,,,,,,,
737,737,,,0.9688733816146851,0.051741257309913635,0.9410667419433594,0.13025923073291779,0.8977906107902527,0.05623457953333855,0.05148114264011383,0.05148114264011383
737,737,0.023915965110063553,,,,,,,,,
738,738,,,0.9688674211502075,0.05181049555540085,0.9411830902099609,0.13007384538650513,0.8977397084236145,0.05612010136246681,0.05146480351686478,0.05146480351686478
738,738,0.023887448012828827,,,,,,,,,
739,739,,,0.96886146068573,0.05188163369894028,0.941299319267273,0.12988752126693726,0.8976887464523315,0.05600444972515106,0.05144837498664856,0.05144837498664856
739,739,0.023858852684497833,,,,,,,,,
740,740,,,0.9688551425933838,0.05195470526814461,0.9414153099060059,0.12970039248466492,0.8976375460624695,0.05588779225945473,0.05143185704946518,0.05143185704946518
740,740,0.023830166086554527,,,,,,,,,
741,741,,,0.9688488245010376,0.05202917382121086,0.9415311813354492,0.12951231002807617,0.8975864052772522,0.05576997995376587,0.05141526088118553,0.05141526088118553
741,741,0.023801403120160103,,,,,,,,,
742,742,,,0.9688427448272705,0.05210551619529724,0.9416466951370239,0.12932316958904266,0.8975352644920349,0.05565076693892479,0.05139855295419693,0.05139855295419693
742,742,0.023772547021508217,,,,,,,,,
743,743,,,0.9688363075256348,0.05218370631337166,0.941762387752533,0.1291329711675644,0.8974842429161072,0.05553028732538223,0.05138176679611206,0.05138176679611206
743,743,0.023743605241179466,,,,,,,,,
744,744,,,0.9688297510147095,0.052263300865888596,0.9418781995773315,0.12894193828105927,0.8974329829216003,0.0554087795317173,0.05136491358280182,0.05136491358280182
744,744,0.023714588955044746,,,,,,,,,
745,745,,,0.9688234329223633,0.052345044910907745,0.9419937133789062,0.12874996662139893,0.8973819017410278,0.05528615787625313,0.05134797841310501,0.05134797841310501
745,745,0.023685479536652565,,,,,,,,,
746,746,,,0.968817412853241,0.052429016679525375,0.9421085715293884,0.12855684757232666,0.8973309397697449,0.055162034928798676,0.05133092775940895,0.05133092775940895
746,746,0.023656286299228668,,,,,,,,,
747,747,,,0.9688113331794739,0.05251513049006462,0.9422237873077393,0.12836268544197083,0.8972799181938171,0.055036671459674835,0.05131379887461662,0.05131379887461662
747,747,0.023627018555998802,,,,,,,,,
748,748,,,0.9688045382499695,0.052602335810661316,0.9423390626907349,0.12816770374774933,0.8972287774085999,0.05491023138165474,0.051296599209308624,0.051296599209308624
748,748,0.023597659543156624,,,,,,,,,
749,749,,0.02356821857392788,,,,,,,,
749,749,,,0.9687981605529785,0.05269192159175873,0.9424538016319275,0.12797152996063232,0.8971779346466064,0.05478233844041824,0.05127929151058197,0.05127929151058197
749,749,0.02356821857392788,,,,,,,,,
750,750,,,0.9687917828559875,0.052783381193876266,0.9425679445266724,0.12777435779571533,0.8971271514892578,0.054653264582157135,0.051261886954307556,0.051261886954307556
750,750,0.023538710549473763,,,,,,,,,
751,751,,,0.968785285949707,0.05287652462720871,0.9426826238632202,0.12757624685764313,0.8970761895179749,0.0545230433344841,0.051244430243968964,0.051244430243968964
751,751,0.023509101942181587,,,,,,,,,
752,752,,,0.968778669834137,0.0529714934527874,0.9427971243858337,0.12737706303596497,0.8970252871513367,0.054391440004110336,0.051226869225502014,0.051226869225502014
752,752,0.023479433730244637,,,,,,,,,
753,753,,,0.9687724709510803,0.05306873098015785,0.9429110288619995,0.12717673182487488,0.8969746232032776,0.05425846576690674,0.051209211349487305,0.051209211349487305
753,753,0.023449670523405075,,,,,,,,,
754,754,,,0.9687657952308655,0.05316752940416336,0.9430248141288757,0.12697547674179077,0.8969238996505737,0.05412428453564644,0.05119146779179573,0.05119146779179573
754,754,0.023419830948114395,,,,,,,,,
755,755,,,0.9687593579292297,0.05326829478144646,0.9431383609771729,0.1267731487751007,0.8968732953071594,0.05398878827691078,0.05117364227771759,0.05117364227771759
755,755,0.0233899038285017,,,,,,,,,
756,756,,,0.9687526822090149,0.053371675312519073,0.9432519674301147,0.1265697032213211,0.8968227505683899,0.05385197326540947,0.051155734807252884,0.051155734807252884
756,756,0.02335991896688938,,,,,,,,,
757,757,,,0.9687455892562866,0.05347636342048645,0.9433655142784119,0.12636524438858032,0.8967722654342651,0.05371387302875519,0.05113774165511131,0.05113774165511131
757,757,0.023329848423600197,,,,,,,,,
758,758,,,0.9687391519546509,0.05358331277966499,0.9434787631034851,0.12615972757339478,0.8967219591140747,0.053574495017528534,0.05111967772245407,0.05111967772245407
758,758,0.023299694061279297,,,,,,,,,
759,759,,,0.9687326550483704,0.05369195714592934,0.9435915946960449,0.12595318257808685,0.8966717720031738,0.05343388393521309,0.05110152065753937,0.05110152065753937
759,759,0.023269474506378174,,,,,,,,,
760,760,,,0.9687260389328003,0.0538022555410862,0.9437043070793152,0.12574554979801178,0.896621584892273,0.05329188331961632,0.0510832741856575,0.0510832741856575
760,760,0.02323918789625168,,,,,,,,,
761,761,,,0.9687196016311646,0.05391450226306915,0.9438167810440063,0.12553684413433075,0.8965715169906616,0.05314858630299568,0.05106494948267937,0.05106494948267937
761,761,0.02320881187915802,,,,,,,,,
762,762,,,0.9687128663063049,0.05402896925806999,0.9439287185668945,0.12532703578472137,0.8965216875076294,0.053003884851932526,0.05104652792215347,0.05104652792215347
762,762,0.02317836880683899,,,,,,,,,
763,763,,,0.9687058329582214,0.05414554104208946,0.9440408945083618,0.12511621415615082,0.8964718580245972,0.05285802483558655,0.0510280467569828,0.0510280467569828
763,763,0.023147860541939735,,,,,,,,,
764,764,,,0.9686988592147827,0.054264117032289505,0.9441529512405396,0.12490431219339371,0.896422266960144,0.05271080508828163,0.05100949481129646,0.05100949481129646
764,764,0.023117277771234512,,,,,,,,,
765,765,,,0.9686921238899231,0.05438452586531639,0.9442648887634277,0.12469135224819183,0.8963728547096252,0.05256228893995285,0.05099087208509445,0.05099087208509445
765,765,0.023086627945303917,,,,,,,,,
766,766,,,0.9686856269836426,0.0545065738260746,0.9443761706352234,0.12447735667228699,0.8963234424591064,0.05241246894001961,0.05097215250134468,0.05097215250134468
766,766,0.02305590733885765,,,,,,,,,
767,767,,,0.9686788320541382,0.05463051423430443,0.9444872140884399,0.12426234036684036,0.896274209022522,0.052261434495449066,0.05095335841178894,0.05095335841178894
767,767,0.023025115951895714,,,,,,,,,
768,768,,,0.9686721563339233,0.05475649982690811,0.9445978999137878,0.12404610216617584,0.8962253332138062,0.052108898758888245,0.050934482365846634,0.050934482365846634
768,768,0.022994279861450195,,,,,,,,,
769,769,,,0.9686653017997742,0.05488414317369461,0.9447083473205566,0.12382902950048447,0.8961764574050903,0.05195536091923714,0.05091555416584015,0.05091555416584015
769,769,0.02296336740255356,,,,,,,,,
770,770,,,0.968658447265625,0.05501357465982437,0.9448190331459045,0.12361087650060654,0.8961277604103088,0.05180046707391739,0.05089656263589859,0.05089656263589859
770,770,0.022932397201657295,,,,,,,,,
771,771,,,0.9686519503593445,0.05514567717909813,0.9449295401573181,0.12339156121015549,0.8960793018341064,0.05164416506886482,0.05087750405073166,0.05087750405073166
771,771,0.022901352494955063,,,,,,,,,
772,772,,,0.968645453453064,0.055279441177845,0.9450399279594421,0.12317129969596863,0.8960310220718384,0.05148670822381973,0.050858400762081146,0.050858400762081146
772,772,0.0228702612221241,,,,,,,,,
773,773,,,0.9686384201049805,0.05541464313864708,0.9451496005058289,0.12295012176036835,0.8959830403327942,0.051328144967556,0.05083921551704407,0.05083921551704407
773,773,0.02283911593258381,,,,,,,,,
774,774,,,0.9686316847801208,0.05555174872279167,0.9452587962150574,0.12272781133651733,0.8959349989891052,0.051168158650398254,0.05081993341445923,0.05081993341445923
774,774,0.022807897999882698,,,,,,,,,
775,775,,,0.9686248302459717,0.05569057539105415,0.9453678727149963,0.12250448763370514,0.8958873152732849,0.051006972789764404,0.05080060660839081,0.05080060660839081
775,775,0.0227766502648592,,,,,,,,,
776,776,,,0.9686180949211121,0.05583132803440094,0.9454765915870667,0.12228023260831833,0.8958398699760437,0.05084463208913803,0.05078123137354851,0.05078123137354851
776,776,0.022745324298739433,,,,,,,,,
777,777,,,0.9686115384101868,0.0559738352894783,0.9455853700637817,0.12205498665571213,0.8957927227020264,0.05068107321858406,0.050761811435222626,0.050761811435222626
777,777,0.02271396294236183,,,,,,,,,
778,778,,,0.9686052203178406,0.056118253618478775,0.9456944465637207,0.12182872742414474,0.8957456946372986,0.050516314804553986,0.05074235796928406,0.05074235796928406
778,778,0.022682547569274902,,,,,,,,,
779,779,,,0.9685988426208496,0.05626464635133743,0.9458029270172119,0.12160146981477737,0.8956989645957947,0.050350356847047806,0.05072283744812012,0.05072283744812012
779,779,0.022651083767414093,,,,,,,,,
780,780,,,0.9685924053192139,0.05641225725412369,0.9459108710289001,0.12137339264154434,0.8956524133682251,0.05018337070941925,0.050703264772892,0.050703264772892
780,780,0.02261957712471485,,,,,,,,,
781,781,,,0.9685859084129333,0.05656193941831589,0.9460180997848511,0.12114430963993073,0.8956061601638794,0.0500151552259922,0.050683632493019104,0.050683632493019104
781,781,0.02258801832795143,,,,,,,,,
782,782,,,0.9685796499252319,0.056713834404945374,0.9461252093315125,0.12091419100761414,0.8955602645874023,0.04984564706683159,0.05066394805908203,0.05066394805908203
782,782,0.022556426003575325,,,,,,,,,
783,783,,,0.9685733318328857,0.05686638876795769,0.9462329745292664,0.12068334221839905,0.8955143690109253,0.049675341695547104,0.050644271075725555,0.050644271075725555
783,783,0.022524794563651085,,,,,,,,,
784,784,,,0.9685671329498291,0.05702097341418266,0.9463399052619934,0.12045164406299591,0.8954688906669617,0.04950399324297905,0.0506245493888855,0.0506245493888855
784,784,0.02249312959611416,,,,,,,,,
785,785,,,0.9685615301132202,0.05717788264155388,0.9464467167854309,0.12021886557340622,0.8954238891601562,0.049331359565258026,0.050604790449142456,0.050604790449142456
785,785,0.0224614180624485,,,,,,,,,
786,786,,,0.9685555696487427,0.05733543261885643,0.9465535283088684,0.11998528242111206,0.8953788876533508,0.049157749861478806,0.05058499425649643,0.05058499425649643
786,786,0.022429678589105606,,,,,,,,,
787,787,,,0.9685494303703308,0.057494498789310455,0.9466599225997925,0.1197509691119194,0.8953341841697693,0.04898322373628616,0.05056517943739891,0.05056517943739891
787,787,0.022397911176085472,,,,,,,,,
788,788,,,0.9685436487197876,0.0576554574072361,0.9467653632164001,0.1195158138871193,0.8952898979187012,0.04880769923329353,0.05054531618952751,0.05054531618952751
788,788,0.022366104647517204,,,,,,,,,
789,789,,,0.9685384035110474,0.05781879648566246,0.9468706846237183,0.11927971243858337,0.8952459096908569,0.048631101846694946,0.05052543431520462,0.05052543431520462
789,789,0.022334279492497444,,,,,,,,,
790,790,,,0.9685326218605042,0.057982876896858215,0.9469761848449707,0.11904293298721313,0.895202100276947,0.0484536774456501,0.05050554871559143,0.05050554871559143
790,790,0.022302433848381042,,,,,,,,,
791,791,,,0.9685271978378296,0.058148209005594254,0.9470819234848022,0.11880546808242798,0.895158588886261,0.0482754148542881,0.05048567056655884,0.05048567056655884
791,791,0.022270558401942253,,,,,,,,,
792,792,,,0.9685225486755371,0.05831542983651161,0.9471864104270935,0.11856713891029358,0.8951156735420227,0.048096150159835815,0.05046575516462326,0.05046575516462326
792,792,0.022238658741116524,,,,,,,,,
793,793,,,0.9685181975364685,0.058484259992837906,0.9472908973693848,0.1183280423283577,0.8950731158256531,0.04791603237390518,0.05044583976268768,0.05044583976268768
793,793,0.022206753492355347,,,,,,,,,
794,794,,,0.9685127139091492,0.058653879910707474,0.9473958015441895,0.11808843910694122,0.8950304985046387,0.04773527756333351,0.0504259392619133,0.0504259392619133
794,794,0.022174833342432976,,,,,,,,,
795,795,,,0.9685078859329224,0.058824796229600906,0.9475002288818359,0.11784818023443222,0.8949882388114929,0.047553759068250656,0.05040603131055832,0.05040603131055832
795,795,0.022142885252833366,,,,,,,,,
796,796,,,0.9685042500495911,0.05899825319647789,0.9476032257080078,0.1176069900393486,0.894946813583374,0.04737124964594841,0.05038609355688095,0.05038609355688095
796,796,0.022110946476459503,,,,,,,,,
797,797,,,0.9685002565383911,0.05917211249470711,0.9477066993713379,0.11736534535884857,0.8949053287506104,0.04718811810016632,0.050366178154945374,0.050366178154945374
797,797,0.022078987210989,,,,,,,,,
798,798,,,0.9684956669807434,0.05934658646583557,0.9478103518486023,0.11712329089641571,0.8948640823364258,0.04700454697012901,0.05034630000591278,0.05034630000591278
798,798,0.022047031670808792,,,,,,,,,
799,799,,0.02201506868004799,,,,,,,,
799,799,,,0.9684925079345703,0.059523120522499084,0.9479132890701294,0.11688035726547241,0.8948234915733337,0.04682007059454918,0.05032641440629959,0.05032641440629959
799,799,0.02201506868004799,,,,,,,,,
800,800,,,0.9684892296791077,0.05970102176070213,0.9480156898498535,0.1166369765996933,0.8947834372520447,0.04663513973355293,0.05030655115842819,0.05030655115842819
800,800,0.021983113139867783,,,,,,,,,
801,801,,,0.9684858918190002,0.05987949296832085,0.9481186270713806,0.11639327555894852,0.8947434425354004,0.046449851244688034,0.05028674378991127,0.05028674378991127
801,801,0.021951166912913322,,,,,,,,,
802,802,,,0.9684829711914062,0.0600593201816082,0.9482215046882629,0.11614897847175598,0.89470374584198,0.04626384750008583,0.05026695877313614,0.05026695877313614
802,802,0.021919218823313713,,,,,,,,,
803,803,,,0.9684809446334839,0.06024071201682091,0.9483229517936707,0.1159040555357933,0.8946646451950073,0.0460771881043911,0.050247155129909515,0.050247155129909515
803,803,0.02188728377223015,,,,,,,,,
804,804,,,0.9684786796569824,0.06042267754673958,0.9484241008758545,0.11565888673067093,0.8946259617805481,0.045890387147665024,0.05022740364074707,0.05022740364074707
804,804,0.021855367347598076,,,,,,,,,
805,805,,,0.9684766530990601,0.06060531362891197,0.9485253691673279,0.11541344225406647,0.8945874571800232,0.045703332871198654,0.050207704305648804,0.050207704305648804
805,805,0.021823449060320854,,,,,,,,,
806,806,,,0.9684756398200989,0.060789890587329865,0.9486265778541565,0.11516739428043365,0.894549548625946,0.045515675097703934,0.05018804967403412,0.05018804967403412
806,806,0.02179156057536602,,,,,,,,,
807,807,,,0.9684745669364929,0.060975123196840286,0.9487278461456299,0.11492110043764114,0.8945119976997375,0.045327771455049515,0.050168462097644806,0.050168462097644806
807,807,0.021759694442152977,,,,,,,,,
808,808,,,0.9684739708900452,0.06116034835577011,0.9488285183906555,0.1146746501326561,0.8944748044013977,0.045139849185943604,0.05014892667531967,0.05014892667531967
808,808,0.021727845072746277,,,,,,,,,
809,809,,,0.9684736728668213,0.06134695187211037,0.9489288926124573,0.11442781239748001,0.8944382071495056,0.04495154321193695,0.05012943595647812,0.05012943595647812
809,809,0.021696031093597412,,,,,,,,,
810,810,,,0.9684737920761108,0.06153465807437897,0.9490289092063904,0.11418069899082184,0.8944018483161926,0.044763196259737015,0.050109993666410446,0.050109993666410446
810,810,0.021664245054125786,,,,,,,,,
811,811,,,0.9684740900993347,0.06172265484929085,0.9491286277770996,0.11393354088068008,0.8943657279014587,0.04457489028573036,0.050090622156858444,0.050090622156858444
811,811,0.021632494404911995,,,,,,,,,
812,812,,,0.9684752821922302,0.061911750584840775,0.949227511882782,0.11368615180253983,0.8943303823471069,0.04438638314604759,0.05007130280137062,0.05007130280137062
812,812,0.02160077542066574,,,,,,,,,
813,813,,,0.9684772491455078,0.062101639807224274,0.9493263363838196,0.11343863606452942,0.8942954540252686,0.044197939336299896,0.05005207657814026,0.05005207657814026
813,813,0.02156909741461277,,,,,,,,,
814,814,,,0.9684791564941406,0.06229204684495926,0.949425995349884,0.11319105327129364,0.894260823726654,0.04400963336229324,0.05003295838832855,0.05003295838832855
814,814,0.02153746597468853,,,,,,,,,
815,815,,,0.9684811234474182,0.06248278170824051,0.9495252966880798,0.11294343322515488,0.894226610660553,0.04382149130105972,0.050013914704322815,0.050013914704322815
815,815,0.02150588668882847,,,,,,,,,
816,816,,,0.9684842824935913,0.0626738965511322,0.949623167514801,0.1126958429813385,0.8941930532455444,0.0436335951089859,0.04999493062496185,0.04999493062496185
816,816,0.021474337205290794,,,,,,,,,
817,817,,,0.9684885144233704,0.06286609917879105,0.949720561504364,0.11244817823171616,0.8941599130630493,0.04344585910439491,0.04997602850198746,0.04997602850198746
817,817,0.021442851051688194,,,,,,,,,
818,818,,,0.9684924483299255,0.0630582720041275,0.94981849193573,0.11220066994428635,0.8941270112991333,0.043258488178253174,0.04995724558830261,0.04995724558830261
818,818,0.02141142450273037,,,,,,,,,
819,819,,,0.9684969186782837,0.06325100362300873,0.9499161243438721,0.11195322871208191,0.8940946459770203,0.043071430176496506,0.04993855208158493,0.04993855208158493
819,819,0.021380050107836723,,,,,,,,,
820,820,,,0.9685025811195374,0.06344456970691681,0.9500129818916321,0.11170586943626404,0.8940630555152893,0.04288486763834953,0.0499199703335762,0.0499199703335762
820,820,0.02134873904287815,,,,,,,,,
821,821,,,0.968508780002594,0.06363824754953384,0.9501100182533264,0.11145877093076706,0.8940317034721375,0.04269885644316673,0.049901507794857025,0.049901507794857025
821,821,0.0213174968957901,,,,,,,,,
822,822,,,0.9685152173042297,0.06383191794157028,0.9502068161964417,0.11121194809675217,0.8940008282661438,0.042513493448495865,0.0498831570148468,0.0498831570148468
822,822,0.021286318078637123,,,,,,,,,
823,823,,,0.9685224890708923,0.06402574479579926,0.9503033757209778,0.11096521466970444,0.8939703702926636,0.04232851043343544,0.049864910542964935,0.049864910542964935
823,823,0.021255211904644966,,,,,,,,,
824,824,,,0.9685308933258057,0.06422015279531479,0.9503987431526184,0.11071879416704178,0.8939406275749207,0.04214425012469292,0.049846768379211426,0.049846768379211426
824,824,0.021224185824394226,,,,,,,,,
825,825,,,0.9685394167900085,0.06441417336463928,0.9504939913749695,0.11047285795211792,0.8939112424850464,0.04196091368794441,0.04982875660061836,0.04982875660061836
825,825,0.02119322493672371,,,,,,,,,
826,826,,,0.9685485363006592,0.06460867077112198,0.9505897760391235,0.11022722721099854,0.8938822746276855,0.0417783260345459,0.049810901284217834,0.049810901284217834
826,826,0.021162351593375206,,,,,,,,,
827,827,,,0.968559205532074,0.06480395048856735,0.9506851434707642,0.10998190194368362,0.8938539624214172,0.04159652441740036,0.04979318380355835,0.04979318380355835
827,827,0.02113156020641327,,,,,,,,,
828,828,,,0.9685705304145813,0.06499884277582169,0.9507800340652466,0.1097370982170105,0.8938261270523071,0.04141572117805481,0.04977559298276901,0.04977559298276901
828,828,0.021100861951708794,,,,,,,,,
829,829,,,0.9685817956924438,0.0651928260922432,0.9508746266365051,0.10949292778968811,0.8937986493110657,0.0412360318005085,0.04975814372301102,0.04975814372301102
829,829,0.021070251241326332,,,,,,,,,
830,830,,,0.968593955039978,0.06538712978363037,0.9509685635566711,0.10924909263849258,0.8937717080116272,0.04105721786618233,0.049740806221961975,0.049740806221961975
830,830,0.02103974111378193,,,,,,,,,
831,831,,,0.9686077833175659,0.06558145582675934,0.9510617256164551,0.10900577902793884,0.893745481967926,0.04087953642010689,0.049723610281944275,0.049723610281944275
831,831,0.021009307354688644,,,,,,,,,
832,832,,,0.9686217904090881,0.06577562540769577,0.9511553049087524,0.10876325517892838,0.8937195539474487,0.04070321097970009,0.0497066006064415,0.0497066006064415
832,832,0.020978989079594612,,,,,,,,,
833,833,,,0.968636691570282,0.06596963852643967,0.9512488842010498,0.10852129757404327,0.8936941623687744,0.040528152137994766,0.04968975484371185,0.04968975484371185
833,833,0.02094876579940319,,,,,,,,,
834,834,,,0.9686526656150818,0.06616361439228058,0.951341986656189,0.10827995836734772,0.8936694860458374,0.0403544083237648,0.04967307299375534,0.04967307299375534
834,834,0.020918643102049828,,,,,,,,,
835,835,,,0.9686694741249084,0.06635706126689911,0.9514347314834595,0.10803931951522827,0.8936452269554138,0.04018188640475273,0.04965653270483017,0.04965653270483017
835,835,0.020888637751340866,,,,,,,,,
836,836,,,0.968686580657959,0.06654984503984451,0.9515271186828613,0.10779954493045807,0.8936214447021484,0.04001082479953766,0.04964015632867813,0.04964015632867813
836,836,0.02085874043405056,,,,,,,,,
837,837,,,0.9687055349349976,0.06674269586801529,0.9516186118125916,0.1075604259967804,0.8935982584953308,0.03984130173921585,0.04962393641471863,0.04962393641471863
837,837,0.020828956738114357,,,,,,,,,
838,838,,,0.9687252640724182,0.0669357031583786,0.9517095685005188,0.10732218623161316,0.8935757279396057,0.03967353329062462,0.04960788041353226,0.04960788041353226
838,838,0.020799288526177406,,,,,,,,,
839,839,,,0.9687454700469971,0.06712749600410461,0.9518010020256042,0.10708493739366531,0.8935534358024597,0.039507485926151276,0.0495920330286026,0.0495920330286026
839,839,0.020769737660884857,,,,,,,,,
840,840,,,0.9687669277191162,0.0673188716173172,0.9518924951553345,0.10684844851493835,0.8935317993164062,0.03934289515018463,0.049576371908187866,0.049576371908187866
840,840,0.020740313455462456,,,,,,,,,
841,841,,,0.9687896370887756,0.06750945001840591,0.9519831538200378,0.10661284625530243,0.8935108184814453,0.03917998820543289,0.04956086724996567,0.04956086724996567
841,841,0.020711004734039307,,,,,,,,,
842,842,,,0.9688132405281067,0.06769944727420807,0.9520732760429382,0.10637824237346649,0.8934904336929321,0.03901892527937889,0.049545541405677795,0.049545541405677795
842,842,0.02068183571100235,,,,,,,,,
843,843,,,0.9688372015953064,0.0678887888789177,0.9521631598472595,0.1061447337269783,0.8934703469276428,0.03885987028479576,0.049530401825904846,0.049530401825904846
843,843,0.020652782171964645,,,,,,,,,
844,844,,,0.9688622951507568,0.06807859987020493,0.9522526860237122,0.10591208934783936,0.8934509754180908,0.03870275989174843,0.04951545596122742,0.04951545596122742
844,844,0.02062387578189373,,,,,,,,,
845,845,,,0.9688888788223267,0.06826760619878769,0.9523420333862305,0.10568053275346756,0.893432080745697,0.038547664880752563,0.04950070008635521,0.04950070008635521
845,845,0.02059510163962841,,,,,,,,,
846,846,,,0.9689162373542786,0.0684547871351242,0.9524307250976562,0.10545019060373306,0.8934137225151062,0.038394488394260406,0.04948612302541733,0.04948612302541733
846,846,0.020566457882523537,,,,,,,,,
847,847,,,0.9689452052116394,0.06864127516746521,0.9525189399719238,0.10522083193063736,0.8933961391448975,0.03824331983923912,0.049471743404865265,0.049471743404865265
847,847,0.020537950098514557,,,,,,,,,
848,848,,,0.968974769115448,0.06882715225219727,0.9526076316833496,0.10499264299869537,0.8933789134025574,0.038094412535429,0.04945758357644081,0.04945758357644081
848,848,0.020509587600827217,,,,,,,,,
849,849,,0.02048136480152607,,,,,,,,
849,849,,,0.9690048098564148,0.06901206821203232,0.9526956081390381,0.10476569086313248,0.8933622241020203,0.03794768825173378,0.049443602561950684,0.049443602561950684
849,849,0.02048136480152607,,,,,,,,,
850,850,,,0.9690364003181458,0.06919664144515991,0.9527833461761475,0.10453998297452927,0.8933461308479309,0.03780333325266838,0.04942983761429787,0.04942983761429787
850,850,0.02045329287648201,,,,,,,,,
851,851,,,0.96906977891922,0.06938067823648453,0.95287024974823,0.10431541502475739,0.8933307528495789,0.03766117990016937,0.04941626265645027,0.04941626265645027
851,851,0.02042536623775959,,,,,,,,,
852,852,,,0.969103991985321,0.06956331431865692,0.9529566764831543,0.10409220308065414,0.8933157324790955,0.03752128407359123,0.0494028776884079,0.0494028776884079
852,852,0.020397592335939407,,,,,,,,,
853,853,,,0.9691384434700012,0.06974484771490097,0.9530432224273682,0.10387028753757477,0.8933013081550598,0.037383779883384705,0.04938970506191254,0.04938970506191254
853,853,0.020369959995150566,,,,,,,,,
854,854,,,0.9691744446754456,0.06992591172456741,0.9531294107437134,0.10364958643913269,0.8932874798774719,0.037248801440000534,0.049376752227544785,0.049376752227544785
854,854,0.02034248225390911,,,,,,,,,
855,855,,,0.969211220741272,0.07010553032159805,0.9532154202461243,0.10343031585216522,0.8932742476463318,0.03711628168821335,0.049364008009433746,0.049364008009433746
855,855,0.02031516283750534,,,,,,,,,
856,856,,,0.9692496657371521,0.07028379291296005,0.9533005356788635,0.10321245342493057,0.8932614922523499,0.036986202001571655,0.04935145378112793,0.04935145378112793
856,856,0.020288001745939255,,,,,,,,,
857,857,,,0.9692894220352173,0.07046108692884445,0.953385591506958,0.10299592465162277,0.8932493329048157,0.036858584731817245,0.04933911934494972,0.04933911934494972
857,857,0.020260993391275406,,,,,,,,,
858,858,,,0.9693297147750854,0.07063789665699005,0.9534701108932495,0.102780781686306,0.8932376503944397,0.03673374652862549,0.04932698607444763,0.04932698607444763
858,858,0.020234141498804092,,,,,,,,,
859,859,,,0.9693707227706909,0.07081305980682373,0.9535546898841858,0.10256707668304443,0.8932265043258667,0.03661150112748146,0.049315065145492554,0.049315065145492554
859,859,0.02020745351910591,,,,,,,,,
860,860,,,0.9694132208824158,0.07098695635795593,0.9536380171775818,0.10235495120286942,0.893216073513031,0.036491759121418,0.049303341656923294,0.049303341656923294
860,860,0.02018093131482601,,,,,,,,,
861,861,,,0.9694578051567078,0.07116028666496277,0.9537211656570435,0.10214415192604065,0.8932062983512878,0.03637462854385376,0.04929184168577194,0.04929184168577194
861,861,0.020154569298028946,,,,,,,,,
862,862,,,0.9695022702217102,0.07133237272500992,0.9538050889968872,0.10193480551242828,0.8931967616081238,0.03626026585698128,0.049280568957328796,0.049280568957328796
862,862,0.020128367468714714,,,,,,,,,
863,863,,,0.9695472717285156,0.0715029239654541,0.9538885951042175,0.10172709822654724,0.8931877613067627,0.03614870086312294,0.04926950857043266,0.04926950857043266
863,863,0.020102333277463913,,,,,,,,,
864,864,,,0.9695942401885986,0.07167258858680725,0.9539704918861389,0.10152090340852737,0.8931795358657837,0.03603989630937576,0.04925863444805145,0.04925863444805145
864,864,0.020076462998986244,,,,,,,,,
865,865,,,0.9696431159973145,0.07184077054262161,0.954051673412323,0.10131625831127167,0.8931720852851868,0.0359337255358696,0.049247972667217255,0.049247972667217255
865,865,0.020050758495926857,,,,,,,,,
866,866,,,0.969691812992096,0.07200717180967331,0.9541337490081787,0.10111314803361893,0.8931647539138794,0.035830266773700714,0.049237530678510666,0.049237530678510666
866,866,0.020025214180350304,,,,,,,,,
867,867,,,0.9697414040565491,0.07217280566692352,0.9542155265808105,0.10091158002614975,0.893157958984375,0.035729698836803436,0.04922730475664139,0.04922730475664139
867,867,0.019999850541353226,,,,,,,,,
868,868,,,0.9697927236557007,0.07233759760856628,0.9542959332466125,0.10071162134408951,0.8931520581245422,0.035631969571113586,0.04921728000044823,0.04921728000044823
868,868,0.019974660128355026,,,,,,,,,
869,869,,,0.969845175743103,0.07250072807073593,0.9543760418891907,0.10051339119672775,0.8931466341018677,0.03553706407546997,0.04920747131109238,0.04920747131109238
869,869,0.019949616864323616,,,,,,,,,
870,870,,,0.9698982238769531,0.07266244292259216,0.9544566869735718,0.10031665861606598,0.8931415677070618,0.0354449488222599,0.049197886139154434,0.049197886139154434
870,870,0.01992475613951683,,,,,,,,,
871,871,,,0.9699524641036987,0.07282273471355438,0.9545366764068604,0.10012157261371613,0.8931369185447693,0.035355571657419205,0.04918849468231201,0.04918849468231201
871,871,0.019900066778063774,,,,,,,,,
872,872,,,0.9700078368186951,0.07298173755407333,0.9546155333518982,0.09992820024490356,0.8931331038475037,0.03526907041668892,0.04917930066585541,0.04917930066585541
872,872,0.019875548779964447,,,,,,,,,
873,873,,,0.9700637459754944,0.07313960045576096,0.9546942114830017,0.09973647445440292,0.8931297659873962,0.03518551215529442,0.049170322716236115,0.049170322716236115
873,873,0.0198511965572834,,,,,,,,,
874,874,,,0.9701206684112549,0.07329590618610382,0.9547728896141052,0.0995464101433754,0.8931268453598022,0.035104747861623764,0.04916156083345413,0.04916156083345413
874,874,0.019827011972665787,,,,,,,,,
875,875,,,0.9701786637306213,0.07345099747180939,0.9548514485359192,0.09935805946588516,0.8931244611740112,0.03502677381038666,0.04915301501750946,0.04915301501750946
875,875,0.0198029987514019,,,,,,,,,
876,876,,,0.970237672328949,0.07360443472862244,0.9549290537834167,0.09917141497135162,0.893122673034668,0.03495157137513161,0.04914465546607971,0.04914465546607971
876,876,0.019779162481427193,,,,,,,,,
877,877,,,0.9702979326248169,0.07375680655241013,0.9550056457519531,0.09898640960454941,0.893121600151062,0.034879282116889954,0.04913649335503578,0.04913649335503578
877,877,0.019755488261580467,,,,,,,,,
878,878,,,0.9703581929206848,0.07390758395195007,0.9550830721855164,0.09880314767360687,0.8931206464767456,0.034809764474630356,0.04912855103611946,0.04912855103611946
878,878,0.01973198913037777,,,,,,,,,
879,879,,,0.9704195261001587,0.07405678927898407,0.9551600813865662,0.098621666431427,0.893120288848877,0.03474302589893341,0.049120813608169556,0.049120813608169556
879,879,0.019708653911948204,,,,,,,,,
880,880,,,0.9704822897911072,0.07420533150434494,0.9552360773086548,0.09844180941581726,0.8931206464767456,0.03467920795083046,0.04911327362060547,0.04911327362060547
880,880,0.019685493782162666,,,,,,,,,
881,881,,,0.9705458283424377,0.07435192167758942,0.9553117156028748,0.09826371818780899,0.8931214809417725,0.03461802005767822,0.0491059273481369,0.0491059273481369
881,881,0.01966249570250511,,,,,,,,,
882,882,,,0.9706096053123474,0.07449666410684586,0.9553875923156738,0.09808740019798279,0.8931224942207336,0.034559547901153564,0.04909878224134445,0.04909878224134445
882,882,0.019639674574136734,,,,,,,,,
883,883,,,0.970674455165863,0.07464025169610977,0.9554622173309326,0.0979127436876297,0.8931243419647217,0.034503910690546036,0.04909181594848633,0.04909181594848633
883,883,0.01961700990796089,,,,,,,,,
884,884,,,0.9707401394844055,0.0747828409075737,0.9555367231369019,0.09773989021778107,0.8931266665458679,0.034451037645339966,0.04908505827188492,0.04908505827188492
884,884,0.019594520330429077,,,,,,,,,
885,885,,,0.9708058834075928,0.07492350786924362,0.9556111693382263,0.09756883233785629,0.8931291699409485,0.034400708973407745,0.04907849431037903,0.04907849431037903
885,885,0.019572198390960693,,,,,,,,,
886,886,,,0.9708734154701233,0.07506322860717773,0.955685019493103,0.09739948064088821,0.8931323885917664,0.034353144466876984,0.04907212406396866,0.04907212406396866
886,886,0.019550031051039696,,,,,,,,,
887,887,,,0.970941424369812,0.07520129531621933,0.9557582139968872,0.09723186492919922,0.8931361436843872,0.034308213740587234,0.049065932631492615,0.049065932631492615
887,887,0.019528042525053024,,,,,,,,,
888,888,,,0.9710096716880798,0.0753377303481102,0.9558311104774475,0.09706609696149826,0.8931401968002319,0.034265924245119095,0.04905993118882179,0.04905993118882179
888,888,0.019506212323904037,,,,,,,,,
889,889,,,0.9710782766342163,0.07547292113304138,0.9559037685394287,0.09690205007791519,0.8931447863578796,0.03422616794705391,0.049054116010665894,0.049054116010665894
889,889,0.019484536722302437,,,,,,,,,
890,890,,,0.9711483120918274,0.07560685276985168,0.9559760093688965,0.0967397391796112,0.8931498527526855,0.034188978374004364,0.049048490822315216,0.049048490822315216
890,890,0.019463036209344864,,,,,,,,,
891,891,,,0.9712185859680176,0.07573921978473663,0.9560477137565613,0.09657919406890869,0.8931553959846497,0.03415432199835777,0.049043040722608566,0.049043040722608566
891,891,0.019441692158579826,,,,,,,,,
892,892,,,0.9712890982627869,0.07587014138698578,0.9561190009117126,0.09642046689987183,0.8931612968444824,0.03412208706140518,0.049037761986255646,0.049037761986255646
892,892,0.019420498982071877,,,,,,,,,
893,893,,,0.9713603258132935,0.07599975168704987,0.956189751625061,0.09626349061727524,0.8931676149368286,0.034092456102371216,0.04903266206383705,0.04903266206383705
893,893,0.01939946971833706,,,,,,,,,
894,894,,,0.9714320302009583,0.07612783461809158,0.9562604427337646,0.09610830247402191,0.893174409866333,0.03406522423028946,0.04902775213122368,0.04902775213122368
894,894,0.019378600642085075,,,,,,,,,
895,895,,,0.9715040922164917,0.07625459134578705,0.9563309550285339,0.09595488756895065,0.8931816220283508,0.03404027968645096,0.049023017287254333,0.049023017287254333
895,895,0.019357893615961075,,,,,,,,,
896,896,,,0.9715768098831177,0.07637974619865417,0.9564008116722107,0.09580323100090027,0.8931891918182373,0.0340176485478878,0.04901845008134842,0.04901845008134842
896,896,0.019337330013513565,,,,,,,,,
897,897,,,0.9716501832008362,0.07650365680456161,0.956470251083374,0.09565335512161255,0.8931972980499268,0.03399744629859924,0.049014054238796234,0.049014054238796234
897,897,0.01931692473590374,,,,,,,,,
898,898,,,0.9717234969139099,0.07662606239318848,0.9565390348434448,0.09550526738166809,0.8932056427001953,0.03397944197058678,0.04900980368256569,0.04900980368256569
898,898,0.01929667964577675,,,,,,,,,
899,899,,0.019276577979326248,,,,,,,,
899,899,,,0.9717972278594971,0.0767471119761467,0.9566074013710022,0.0953589379787445,0.8932144641876221,0.03396367281675339,0.04900572448968887,0.04900572448968887
899,899,0.019276577979326248,,,,,,,,,
900,900,,,0.971871554851532,0.07686731219291687,0.9566754102706909,0.0952143520116806,0.893223762512207,0.03395022079348564,0.049001820385456085,0.049001820385456085
900,900,0.019256623461842537,,,,,,,,,
901,901,,,0.9719458222389221,0.07698570936918259,0.9567435383796692,0.09507155418395996,0.8932332396507263,0.03393879905343056,0.048998087644577026,0.048998087644577026
901,901,0.019236819818615913,,,,,,,,,
902,902,,,0.9720202088356018,0.0771021693944931,0.9568116068840027,0.09493053704500198,0.893243134021759,0.03392936289310455,0.048994507640600204,0.048994507640600204
902,902,0.019217176362872124,,,,,,,,,
903,903,,,0.9720954895019531,0.07721783220767975,0.9568787217140198,0.0947912260890007,0.8932534456253052,0.03392218053340912,0.04899108409881592,0.04899108409881592
903,903,0.019197655841708183,,,,,,,,,
904,904,,,0.9721705317497253,0.07733223587274551,0.9569447636604309,0.09465373307466507,0.8932642340660095,0.0339168943464756,0.04898778349161148,0.04898778349161148
904,904,0.019178297370672226,,,,,,,,,
905,905,,,0.9722455739974976,0.07744523137807846,0.9570110440254211,0.09451795369386673,0.8932752013206482,0.033913590013980865,0.04898465797305107,0.04898465797305107
905,905,0.019159067422151566,,,,,,,,,
906,906,,,0.9723214507102966,0.07755692303180695,0.9570773243904114,0.09438388049602509,0.893286406993866,0.03391241654753685,0.048981696367263794,0.048981696367263794
906,906,0.019139988347887993,,,,,,,,,
907,907,,,0.9723976254463196,0.07766709476709366,0.95714271068573,0.09425156563520432,0.8932980895042419,0.033912889659404755,0.04897886514663696,0.04897886514663696
907,907,0.019121048972010612,,,,,,,,,
908,908,,,0.9724734425544739,0.07777535915374756,0.9572076797485352,0.09412103146314621,0.8933100700378418,0.03391510620713234,0.04897616431117058,0.04897616431117058
908,908,0.019102245569229126,,,,,,,,,
909,909,,,0.9725494384765625,0.07788302004337311,0.9572721719741821,0.09399215131998062,0.8933224081993103,0.03391942381858826,0.04897361993789673,0.04897361993789673
909,909,0.019083580002188683,,,,,,,,,
910,910,,,0.9726247191429138,0.0779891386628151,0.9573370814323425,0.09386501461267471,0.8933349847793579,0.03392525762319565,0.04897122085094452,0.04897122085094452
910,910,0.019065042957663536,,,,,,,,,
911,911,,,0.9727006554603577,0.07809379696846008,0.9574013948440552,0.0937395989894867,0.8933477997779846,0.033932823687791824,0.04896896332502365,0.04896896332502365
911,911,0.019046641886234283,,,,,,,,,
912,912,,,0.9727770090103149,0.07819802314043045,0.9574646353721619,0.09361587464809418,0.8933610320091248,0.03394206985831261,0.048966825008392334,0.048966825008392334
912,912,0.01902836747467518,,,,,,,,,
913,913,,,0.9728535413742065,0.0783005878329277,0.957527756690979,0.09349386394023895,0.893374502658844,0.03395300358533859,0.04896482825279236,0.04896482825279236
913,913,0.019010238349437714,,,,,,,,,
914,914,,,0.9729290008544922,0.0784011110663414,0.9575912356376648,0.09337354451417923,0.893388032913208,0.0339653342962265,0.04896296560764313,0.04896296560764313
914,914,0.01899222657084465,,,,,,,,,
915,915,,,0.9730051159858704,0.07850035279989243,0.9576536417007446,0.09325487911701202,0.8934019804000854,0.033979274332523346,0.04896121472120285,0.04896121472120285
915,915,0.018974341452121735,,,,,,,,,
916,916,,,0.9730814099311829,0.07859889417886734,0.9577156901359558,0.09313786774873734,0.8934162855148315,0.03399476408958435,0.048959605395793915,0.048959605395793915
916,916,0.018956579267978668,,,,,,,,,
917,917,,,0.9731569290161133,0.07869561016559601,0.957777738571167,0.09302253276109695,0.8934306502342224,0.034011438488960266,0.04895810782909393,0.04895810782909393
917,917,0.018938951194286346,,,,,,,,,
918,918,,,0.9732326865196228,0.07879116386175156,0.95783931016922,0.09290891885757446,0.8934451937675476,0.03402949497103691,0.0489567294716835,0.0489567294716835
918,918,0.018921436741948128,,,,,,,,,
919,919,,,0.9733088612556458,0.07888630777597427,0.957899808883667,0.09279683232307434,0.893460214138031,0.034049298614263535,0.048955466598272324,0.048955466598272324
919,919,0.018904050812125206,,,,,,,,,
920,920,,,0.9733840227127075,0.07897955179214478,0.9579603672027588,0.09268645942211151,0.8934754133224487,0.03407010808587074,0.048954322934150696,0.048954322934150696
920,920,0.018886782228946686,,,,,,,,,
921,921,,,0.9734582901000977,0.07907126843929291,0.9580217003822327,0.09257769584655762,0.8934904932975769,0.03409204259514809,0.048953309655189514,0.048953309655189514
921,921,0.018869617953896523,,,,,,,,,
922,922,,,0.9735342264175415,0.07916238903999329,0.9580817222595215,0.09247047454118729,0.8935061097145081,0.03411545604467392,0.048952408134937286,0.048952408134937286
922,922,0.018852584064006805,,,,,,,,,
923,923,,,0.973609447479248,0.0792512521147728,0.9581413269042969,0.09236492961645126,0.8935218453407288,0.03413981944322586,0.04895159602165222,0.04895159602165222
923,923,0.01883566379547119,,,,,,,,,
924,924,,,0.9736839532852173,0.07933886349201202,0.9582008123397827,0.09226097166538239,0.893537700176239,0.03416525572538376,0.04895089566707611,0.04895089566707611
924,924,0.01881885528564453,,,,,,,,,
925,925,,,0.9737584590911865,0.07942570000886917,0.9582595229148865,0.09215859323740005,0.8935537338256836,0.03419189900159836,0.04895029217004776,0.04895029217004776
925,925,0.018802151083946228,,,,,,,,,
926,926,,,0.9738328456878662,0.07951157540082932,0.9583179354667664,0.09205770492553711,0.8935700058937073,0.034219689667224884,0.04894978553056717,0.04894978553056717
926,926,0.018785566091537476,,,,,,,,,
927,927,,,0.9739065766334534,0.07959598302841187,0.9583765864372253,0.09195839613676071,0.8935862183570862,0.034248270094394684,0.04894939064979553,0.04894939064979553
927,927,0.018769079819321632,,,,,,,,,
928,928,,,0.9739800095558167,0.0796789675951004,0.9584352374076843,0.09186063706874847,0.8936026096343994,0.034277722239494324,0.04894910752773285,0.04894910752773285
928,928,0.018752703443169594,,,,,,,,,
929,929,,,0.9740538001060486,0.07976117730140686,0.9584926962852478,0.09176436066627502,0.8936193585395813,0.034308332949876785,0.04894890636205673,0.04894890636205673
929,929,0.018736444413661957,,,,,,,,,
930,930,,,0.9741265177726746,0.07984136790037155,0.9585502743721008,0.09166961908340454,0.8936360478401184,0.0343395434319973,0.04894878715276718,0.04894878715276718
930,930,0.018720274791121483,,,,,,,,,
931,931,,,0.9741992950439453,0.07992058247327805,0.9586074352264404,0.09157639741897583,0.8936527967453003,0.03437183052301407,0.04894876480102539,0.04894876480102539
931,931,0.018704209476709366,,,,,,,,,
932,932,,,0.9742720723152161,0.07999858260154724,0.9586642384529114,0.09148460626602173,0.8936697840690613,0.03440495580434799,0.04894883930683136,0.04894876480102539
932,932,0.018688244745135307,,,,,,,,,
933,933,,,0.9743442535400391,0.08007469773292542,0.9587203860282898,0.0913943201303482,0.8936869502067566,0.03443850949406624,0.048948973417282104,0.04894876480102539
933,933,0.018672382459044456,,,,,,,,,
934,934,,,0.9744161367416382,0.08014992624521255,0.9587764739990234,0.09130552411079407,0.8937041163444519,0.03447292372584343,0.04894920438528061,0.04894876480102539
934,934,0.018656624481081963,,,,,,,,,
935,935,,,0.9744872450828552,0.08022452890872955,0.958832859992981,0.09121808409690857,0.8937211632728577,0.03450826182961464,0.04894953593611717,0.04894876480102539
935,935,0.01864096336066723,,,,,,,,,
936,936,,,0.9745585322380066,0.08029795438051224,0.9588885307312012,0.09113209694623947,0.8937384486198425,0.03454403579235077,0.048949938267469406,0.04894876480102539
936,936,0.018625393509864807,,,,,,,,,
937,937,,,0.9746295213699341,0.08036980777978897,0.9589436650276184,0.09104752540588379,0.8937558531761169,0.03458040952682495,0.04895040765404701,0.04894876480102539
937,937,0.018609918653964996,,,,,,,,,
938,938,,,0.9746996164321899,0.08044011890888214,0.9589980840682983,0.09096438437700272,0.8937733173370361,0.034617409110069275,0.048950932919979095,0.04894876480102539
938,938,0.01859453320503235,,,,,,,,,
939,939,,,0.974768877029419,0.08050919324159622,0.9590526819229126,0.09088259935379028,0.8937907814979553,0.03465507552027702,0.04895154386758804,0.04894876480102539
939,939,0.01857924461364746,,,,,,,,,
940,940,,,0.9748386144638062,0.08057685196399689,0.9591071009635925,0.09080218523740768,0.8938083052635193,0.03469327837228775,0.04895223677158356,0.04894876480102539
940,940,0.01856403611600399,,,,,,,,,
941,941,,,0.9749079942703247,0.08064325898885727,0.9591612815856934,0.09072308987379074,0.8938259482383728,0.03473162651062012,0.04895300045609474,0.04894876480102539
941,941,0.018548933789134026,,,,,,,,,
942,942,,,0.9749771952629089,0.08070894330739975,0.9592151045799255,0.09064535051584244,0.8938435316085815,0.03477087244391441,0.048953838646411896,0.04894876480102539
942,942,0.018533913418650627,,,,,,,,,
943,943,,,0.975044846534729,0.08077254891395569,0.9592686295509338,0.0905689150094986,0.8938610553741455,0.03481036797165871,0.048954710364341736,0.04894876480102539
943,943,0.018518973141908646,,,,,,,,,
944,944,,,0.9751123785972595,0.08083505928516388,0.9593214988708496,0.09049377590417862,0.8938787579536438,0.034850090742111206,0.04895564168691635,0.04894876480102539
944,944,0.018504124134778976,,,,,,,,,
945,945,,,0.9751802682876587,0.08089672029018402,0.9593737721443176,0.09041991829872131,0.8938965797424316,0.03489035740494728,0.04895663633942604,0.04894876480102539
945,945,0.01848936267197132,,,,,,,,,
946,946,,,0.9752472639083862,0.08095701038837433,0.9594264030456543,0.09034734219312668,0.8939141631126404,0.03493094816803932,0.0489576980471611,0.04894876480102539
946,946,0.018474679440259933,,,,,,,,,
947,947,,,0.975313663482666,0.08101584762334824,0.9594794511795044,0.09027601778507233,0.8939316868782043,0.03497185930609703,0.04895884543657303,0.04894876480102539
947,947,0.018460078164935112,,,,,,,,,
948,948,,,0.9753799438476562,0.08107347041368484,0.9595317244529724,0.09020592272281647,0.8939492702484131,0.03501309081912041,0.048960037529468536,0.04894876480102539
948,948,0.018445564433932304,,,,,,,,,
949,949,,0.018431128934025764,,,,,,,,
949,949,,,0.9754459857940674,0.08112989366054535,0.9595828056335449,0.09013702720403671,0.8939670920372009,0.035054657608270645,0.04896124452352524,0.04894876480102539
949,949,0.018431128934025764,,,,,,,,,
950,950,,,0.9755105972290039,0.08118406683206558,0.9596342444419861,0.09006942063570023,0.8939846158027649,0.035096168518066406,0.048962511122226715,0.04894876480102539
950,950,0.018416771665215492,,,,,,,,,
951,951,,,0.97557532787323,0.08123738318681717,0.9596851468086243,0.09000296145677567,0.8940021991729736,0.03513818234205246,0.04896382614970207,0.04894876480102539
951,951,0.018402492627501488,,,,,,,,,
952,952,,,0.9756399989128113,0.08128973841667175,0.9597357511520386,0.0899377092719078,0.8940197825431824,0.03518049046397209,0.048965200781822205,0.04894876480102539
952,952,0.018388284370303154,,,,,,,,,
953,953,,,0.975703775882721,0.08134059607982635,0.9597867727279663,0.08987361192703247,0.8940371870994568,0.03522271662950516,0.048966627568006516,0.04894876480102539
953,953,0.018374167382717133,,,,,,,,,
954,954,,,0.9757667183876038,0.08139021694660187,0.9598373770713806,0.08981063961982727,0.8940545916557312,0.03526518493890762,0.04896809160709381,0.04894876480102539
954,954,0.018360115587711334,,,,,,,,,
955,955,,,0.9758302569389343,0.0814388319849968,0.9598877429962158,0.08974876999855042,0.8940719962120056,0.03530799597501755,0.04896961897611618,0.04894876480102539
955,955,0.018346145749092102,,,,,,,,,
956,956,,,0.9758924841880798,0.08148560672998428,0.9599372744560242,0.08968806266784668,0.8940893411636353,0.03535044565796852,0.04897114634513855,0.04894876480102539
956,956,0.018332241103053093,,,,,,,,,
957,957,,,0.9759546518325806,0.08153089880943298,0.9599863290786743,0.0896284356713295,0.8941066861152649,0.035393256694078445,0.04897270351648331,0.04894876480102539
957,957,0.01831841468811035,,,,,,,,,
958,958,,,0.9760163426399231,0.08157499134540558,0.9600353837013245,0.08956985175609589,0.894123911857605,0.0354364775121212,0.04897432401776314,0.04894876480102539
958,958,0.01830466091632843,,,,,,,,,
959,959,,,0.9760768413543701,0.08161719143390656,0.9600846171379089,0.08951235562562943,0.8941410183906555,0.03547946363687515,0.048975974321365356,0.04894876480102539
959,959,0.018290983512997627,,,,,,,,,
960,960,,,0.9761377573013306,0.0816582590341568,0.9601337313652039,0.08945592492818832,0.894158124923706,0.03552225977182388,0.04897766932845116,0.04894876480102539
960,960,0.01827736385166645,,,,,,,,,
961,961,,,0.9761984348297119,0.08169839531183243,0.960181713104248,0.08940044790506363,0.8941752910614014,0.03556516394019127,0.048979371786117554,0.04894876480102539
961,961,0.01826382800936699,,,,,,,,,
962,962,,,0.9762580990791321,0.08173730969429016,0.96023029088974,0.08934605866670609,0.894192099571228,0.03560849279165268,0.04898114129900932,0.04894876480102539
962,962,0.018250348046422005,,,,,,,,,
963,963,,,0.976316511631012,0.08177421987056732,0.9602789282798767,0.08929270505905151,0.8942087888717651,0.035651687532663345,0.04898293316364288,0.04894876480102539
963,963,0.018236951902508736,,,,,,,,,
964,964,,,0.9763752818107605,0.08180970698595047,0.9603261351585388,0.08924029767513275,0.894225537776947,0.03569438308477402,0.04898470640182495,0.04894876480102539
964,964,0.01822361722588539,,,,,,,,,
965,965,,,0.976434588432312,0.08184409141540527,0.9603725075721741,0.08918887376785278,0.8942424654960632,0.03573736920952797,0.04898650944232941,0.04894876480102539
965,965,0.018210338428616524,,,,,,,,,
966,966,,,0.9764919877052307,0.08187638223171234,0.9604203104972839,0.089138463139534,0.8942588567733765,0.035780392587184906,0.048988379538059235,0.04894876480102539
966,966,0.018197135999798775,,,,,,,,,
967,967,,,0.9765488505363464,0.08190716803073883,0.9604682922363281,0.08908899128437042,0.8942750692367554,0.03582319617271423,0.04899027943611145,0.04894876480102539
967,967,0.018183991312980652,,,,,,,,,
968,968,,,0.9766064882278442,0.08193767070770264,0.9605146050453186,0.08904040604829788,0.8942915797233582,0.03586610034108162,0.048992183059453964,0.04894876480102539
968,968,0.018170922994613647,,,,,,,,,
969,969,,,0.9766630530357361,0.08196669816970825,0.9605605602264404,0.08899267762899399,0.8943079113960266,0.035908740013837814,0.04899408668279648,0.04894876480102539
969,969,0.018157916143536568,,,,,,,,,
970,970,,,0.9767182469367981,0.08199334144592285,0.9606074094772339,0.08894594758749008,0.8943238854408264,0.03595123440027237,0.048996031284332275,0.04894876480102539
970,970,0.018144968897104263,,,,,,,,,
971,971,,,0.976773738861084,0.08201881498098373,0.9606534242630005,0.08890008926391602,0.8943397998809814,0.035993896424770355,0.048997990787029266,0.04894876480102539
971,971,0.018132086843252182,,,,,,,,,
972,972,,,0.9768289923667908,0.08204277604818344,0.9606987833976746,0.0888550654053688,0.894355833530426,0.036036327481269836,0.04899995028972626,0.04894876480102539
972,972,0.018119271844625473,,,,,,,,,
973,973,,,0.9768838286399841,0.08206458389759064,0.9607444405555725,0.08881093561649323,0.894371509552002,0.03607810288667679,0.04900193214416504,0.04894876480102539
973,973,0.01810651272535324,,,,,,,,,
974,974,,,0.9769381284713745,0.08208580315113068,0.9607901573181152,0.0887676402926445,0.8943870663642883,0.03612050041556358,0.0490039587020874,0.04894876480102539
974,974,0.018093816936016083,,,,,,,,,
975,975,,,0.976992130279541,0.08210571110248566,0.9608355164527893,0.08872518688440323,0.8944025635719299,0.03616280108690262,0.04900600388646126,0.04894876480102539
975,975,0.018081184476614,,,,,,,,,
976,976,,,0.977044403553009,0.08212334662675858,0.96088045835495,0.08868351578712463,0.8944178819656372,0.03620396926999092,0.04900800436735153,0.04894876480102539
976,976,0.01806861162185669,,,,,,,,,
977,977,,,0.9770974516868591,0.08214039355516434,0.9609242081642151,0.08864263445138931,0.8944332003593445,0.036245670169591904,0.0490100234746933,0.04894876480102539
977,977,0.018056100234389305,,,,,,,,,
978,978,,,0.9771497249603271,0.082155741751194,0.960969090461731,0.08860259503126144,0.8944483399391174,0.03628729283809662,0.04901209846138954,0.04894876480102539
978,978,0.018043648451566696,,,,,,,,,
979,979,,,0.9772012233734131,0.08216876536607742,0.9610141515731812,0.08856336027383804,0.8944630026817322,0.03632837161421776,0.049014173448085785,0.04894876480102539
979,979,0.018031248822808266,,,,,,,,,
980,980,,,0.9772530794143677,0.0821804478764534,0.9610578417778015,0.08852485567331314,0.894477903842926,0.03636929765343666,0.049016233533620834,0.04894876480102539
980,980,0.01801891252398491,,,,,,,,,
981,981,,,0.9773044586181641,0.08219098299741745,0.9611011743545532,0.08848706632852554,0.8944926857948303,0.03641027584671974,0.04901830106973648,0.04894876480102539
981,981,0.018006641417741776,,,,,,,,,
982,982,,,0.9773538708686829,0.08219962567090988,0.9611451029777527,0.08845007419586182,0.894507110118866,0.03645065799355507,0.04902037978172302,0.04894876480102539
982,982,0.017994416877627373,,,,,,,,,
983,983,,,0.9774039387702942,0.08220719546079636,0.9611888527870178,0.0884137749671936,0.8945214748382568,0.03649112209677696,0.049022480845451355,0.04894876480102539
983,983,0.017982257530093193,,,,,,,,,
984,984,,,0.9774540066719055,0.08221320807933807,0.9612321257591248,0.0883781835436821,0.8945356607437134,0.03653142228722572,0.049024589359760284,0.04894876480102539
984,984,0.01797015406191349,,,,,,,,,
985,985,,,0.9775031805038452,0.0822177529335022,0.9612746834754944,0.08834327757358551,0.8945498466491699,0.03657121956348419,0.049026668071746826,0.04894876480102539
985,985,0.01795809343457222,,,,,,,,,
986,986,,,0.9775510430335999,0.08222014456987381,0.9613174796104431,0.08830910176038742,0.8945638537406921,0.03661070019006729,0.049028754234313965,0.04894876480102539
986,986,0.01794610731303692,,,,,,,,,
987,987,,,0.9775996804237366,0.08222151547670364,0.9613605737686157,0.08827559649944305,0.8945775628089905,0.03665044531226158,0.049030885100364685,0.04894876480102539
987,987,0.0179341658949852,,,,,,,,,
988,988,,,0.9776474833488464,0.08222101628780365,0.9614035487174988,0.0882427841424942,0.8945910930633545,0.03668951988220215,0.04903300479054451,0.04894876480102539
988,988,0.017922285944223404,,,,,,,,,
989,989,,,0.9776949882507324,0.08221898972988129,0.9614454507827759,0.08821059763431549,0.8946046829223633,0.03672821819782257,0.04903509467840195,0.04894876480102539
989,989,0.017910463735461235,,,,,,,,,
990,990,,,0.9777416586875916,0.08221585303544998,0.9614867568016052,0.0881790891289711,0.8946181535720825,0.036767154932022095,0.049037180840969086,0.04894876480102539
990,990,0.017898689955472946,,,,,,,,,
991,991,,,0.9777871966362,0.08221041411161423,0.9615289568901062,0.08814817667007446,0.8946312069892883,0.03680545836687088,0.04903928190469742,0.04894876480102539
991,991,0.017886972054839134,,,,,,,,,
992,992,,,0.9778333902359009,0.08220375329256058,0.9615713953971863,0.08811789005994797,0.8946441411972046,0.03684355691075325,0.04904140532016754,0.04894876480102539
992,992,0.017875315621495247,,,,,,,,,
993,993,,,0.977879524230957,0.08219610899686813,0.9616127610206604,0.08808817714452744,0.8946570754051208,0.03688135743141174,0.04904351383447647,0.04894876480102539
993,993,0.01786370389163494,,,,,,,,,
994,994,,,0.977924644947052,0.0821864902973175,0.961654007434845,0.08805916458368301,0.8946698904037476,0.03691912814974785,0.0490456186234951,0.04894876480102539
994,994,0.017852148041129112,,,,,,,,,
995,995,,,0.9779682755470276,0.08217472583055496,0.9616955518722534,0.08803065866231918,0.8946823477745056,0.03695611655712128,0.04904770478606224,0.04894876480102539
995,995,0.017840642482042313,,,,,,,,,
996,996,,,0.9780125021934509,0.08216208219528198,0.961736261844635,0.0880027562379837,0.8946948647499084,0.036993298679590225,0.04904979094862938,0.04894876480102539
996,996,0.01782919652760029,,,,,,,,,
997,997,,,0.9780563712120056,0.08214781433343887,0.9617767333984375,0.08797543495893478,0.894707202911377,0.03703000023961067,0.04905187338590622,0.04894876480102539
997,997,0.017817791551351547,,,,,,,,,
998,998,,,0.9780995845794678,0.0821317806839943,0.9618178606033325,0.08794865757226944,0.8947192430496216,0.037066277116537094,0.04905395954847336,0.04894876480102539
998,998,0.017806455492973328,,,,,,,,,
999,999,,0.01779516413807869,,,,,,,,
999,999,,,0.9781425595283508,0.08211459219455719,0.9618587493896484,0.08792242407798767,0.8947311639785767,0.0371025949716568,0.04905606061220169,0.04894876480102539
999,999,0.01779516413807869,,,,,,,,,
1000,1000,,,0.9781847596168518,0.0820954218506813,0.9618989825248718,0.08789674192667007,0.894743025302887,0.03713836520910263,0.04905812442302704,0.04894876480102539
1000,1000,0.017783915624022484,,,,,,,,,
1001,1001,,,0.9782261848449707,0.08207469433546066,0.96193927526474,0.08787156641483307,0.8947547674179077,0.03717372193932533,0.049060188233852386,0.04894876480102539
1001,1001,0.0177727360278368,,,,,,,,,
1002,1002,,,0.9782676100730896,0.08205239474773407,0.9619796276092529,0.08784694969654083,0.8947661519050598,0.03720908984541893,0.04906225949525833,0.04894876480102539
1002,1002,0.017761588096618652,,,,,,,,,
1003,1003,,,0.9783087968826294,0.08202864229679108,0.9620193839073181,0.0878228172659874,0.8947775363922119,0.03724394366145134,0.04906430095434189,0.04894876480102539
1003,1003,0.01775050349533558,,,,,,,,,
1004,1004,,,0.9783493280410767,0.08200366050004959,0.9620585441589355,0.08779919147491455,0.894788920879364,0.037278514355421066,0.04906632751226425,0.04894876480102539
1004,1004,0.017739465460181236,,,,,,,,,
1005,1005,,,0.9783890247344971,0.08197710663080215,0.9620984196662903,0.0877760499715805,0.8947999477386475,0.03731285408139229,0.04906837269663811,0.04894876480102539
1005,1005,0.01772848516702652,,,,,,,,,
1006,1006,,,0.9784287214279175,0.08194876462221146,0.9621387124061584,0.08775339275598526,0.8948108553886414,0.03734680637717247,0.04907043278217316,0.04894876480102539
1006,1006,0.017717545852065086,,,,,,,,,
1007,1007,,,0.9784682989120483,0.08191897720098495,0.9621779322624207,0.08773119747638702,0.8948215842247009,0.03738050162792206,0.049072444438934326,0.04894876480102539
1007,1007,0.01770666427910328,,,,,,,,,
1008,1008,,,0.9785063862800598,0.08188741654157639,0.9622167348861694,0.0877094566822052,0.8948323130607605,0.03741365298628807,0.049074430018663406,0.04894876480102539
1008,1008,0.017695821821689606,,,,,,,,,
1009,1009,,,0.9785445332527161,0.081854909658432,0.962255597114563,0.08768816292285919,0.8948429226875305,0.037446923553943634,0.04907643049955368,0.04894876480102539
1009,1009,0.01768503710627556,,,,,,,,,
1010,1010,,,0.9785820245742798,0.08182060718536377,0.96229487657547,0.0876673236489296,0.8948531746864319,0.03747954219579697,0.04907842352986336,0.04894876480102539
1010,1010,0.017674293369054794,,,,,,,,,
1011,1011,,,0.9786196351051331,0.08178476989269257,0.962334156036377,0.08764693140983582,0.8948634266853333,0.037512023001909256,0.04908043146133423,0.04894876480102539
1011,1011,0.017663609236478806,,,,,,,,,
1012,1012,,,0.978657066822052,0.08174709230661392,0.9623724222183228,0.08762697875499725,0.8948736190795898,0.037543993443250656,0.04908239096403122,0.04894876480102539
1012,1012,0.0176529698073864,,,,,,,,,
1013,1013,,,0.9786929488182068,0.0817079022526741,0.9624111652374268,0.08760744333267212,0.8948835730552673,0.03757541999220848,0.049084343016147614,0.04894876480102539
1013,1013,0.01764237880706787,,,,,,,,,
1014,1014,,,0.9787289500236511,0.0816679298877716,0.962449312210083,0.0875883623957634,0.8948934674263,0.037607140839099884,0.04908628761768341,0.04894876480102539
1014,1014,0.017631836235523224,,,,,,,,,
1015,1015,,,0.9787643551826477,0.08162622153759003,0.9624876379966736,0.08756966888904572,0.8949031233787537,0.0376383475959301,0.04908823221921921,0.04894876480102539
1015,1015,0.017621345818042755,,,,,,,,,
1016,1016,,,0.9787991046905518,0.08158233761787415,0.9625257253646851,0.08755137771368027,0.8949127793312073,0.03766880929470062,0.04909014701843262,0.04894876480102539
1016,1016,0.017610890790820122,,,,,,,,,
1017,1017,,,0.9788336753845215,0.08153758943080902,0.9625639915466309,0.08753343671560287,0.8949222564697266,0.03769930079579353,0.049092069268226624,0.04894876480102539
1017,1017,0.017600491642951965,,,,,,,,,
1018,1018,,,0.9788677096366882,0.08149146288633347,0.9626021385192871,0.0875159278512001,0.8949316143989563,0.03772956505417824,0.04909398779273033,0.04894876480102539
1018,1018,0.017590142786502838,,,,,,,,,
1019,1019,,,0.9789013266563416,0.08144362270832062,0.9626399874687195,0.08749878406524658,0.8949407935142517,0.03775910660624504,0.049095869064331055,0.04894876480102539
1019,1019,0.017579838633537292,,,,,,,,,
1020,1020,,,0.9789345264434814,0.08139454573392868,0.9626774787902832,0.08748199790716171,0.8949499130249023,0.03778846189379692,0.04909774288535118,0.04894876480102539
1020,1020,0.01756957173347473,,,,,,,,,
1021,1021,,,0.9789674282073975,0.0813441276550293,0.9627150297164917,0.08746561408042908,0.8949589133262634,0.037817955017089844,0.049099624156951904,0.04894876480102539
1021,1021,0.017559368163347244,,,,,,,,,
1022,1022,,,0.9789991974830627,0.0812920406460762,0.9627525806427002,0.0874495655298233,0.8949678540229797,0.03784665837883949,0.04910147190093994,0.04894876480102539
1022,1022,0.017549198120832443,,,,,,,,,
1023,1023,,,0.9790306687355042,0.08123830705881119,0.9627898335456848,0.0874338448047638,0.8949766755104065,0.03787490352988243,0.049103304743766785,0.04894876480102539
1023,1023,0.01753908209502697,,,,,,,,,
1024,1024,,,0.979062557220459,0.08118356019258499,0.9628269672393799,0.08741846680641174,0.8949853777885437,0.03790326789021492,0.049105145037174225,0.04894876480102539
1024,1024,0.017529010772705078,,,,,,,,,
1025,1025,,,0.9790931344032288,0.0811270922422409,0.9628644585609436,0.08740341663360596,0.8949940204620361,0.03793109953403473,0.04910697042942047,0.04894876480102539
1025,1025,0.017518986016511917,,,,,,,,,
1026,1026,,,0.9791227579116821,0.08106917887926102,0.9629019498825073,0.08738870918750763,0.8950023651123047,0.037958282977342606,0.04910877346992493,0.04894876480102539
1026,1026,0.01750900410115719,,,,,,,,,
1027,1027,,,0.979154109954834,0.08101050555706024,0.9629380702972412,0.08737432211637497,0.8950108885765076,0.03798576444387436,0.04911056160926819,0.04894876480102539
1027,1027,0.01749906688928604,,,,,,,,,
1028,1028,,,0.9791831374168396,0.08095003664493561,0.9629749059677124,0.08736028522253036,0.8950191736221313,0.03801250457763672,0.049112334847450256,0.04894876480102539
1028,1028,0.017489179968833923,,,,,,,,,
1029,1029,,,0.9792110919952393,0.08088795840740204,0.9630116820335388,0.08734655380249023,0.8950273394584656,0.038038745522499084,0.04911408573389053,0.04894876480102539
1029,1029,0.017479322850704193,,,,,,,,,
1030,1030,,,0.9792399406433105,0.08082539588212967,0.9630480408668518,0.08733311295509338,0.8950355052947998,0.038065288215875626,0.049115847796201706,0.04894876480102539
1030,1030,0.017469534650444984,,,,,,,,,
1031,1031,,,0.9792684316635132,0.0807608887553215,0.9630846977233887,0.08731997013092041,0.8950435519218445,0.03809107840061188,0.04911760240793228,0.04894876480102539
1031,1031,0.017459774389863014,,,,,,,,,
1032,1032,,,0.9792953729629517,0.08069442212581635,0.9631218314170837,0.08730711042881012,0.8950514197349548,0.03811619430780411,0.04911932721734047,0.04894876480102539
1032,1032,0.017450062558054924,,,,,,,,,
1033,1033,,,0.9793226718902588,0.08062770962715149,0.9631573557853699,0.08729454129934311,0.8950594067573547,0.03814190253615379,0.04912103712558746,0.04894876480102539
1033,1033,0.01744040660560131,,,,,,,,,
1034,1034,,,0.9793486595153809,0.08055908977985382,0.9631932377815247,0.08728223294019699,0.8950672745704651,0.03816644474864006,0.049122706055641174,0.04894876480102539
1034,1034,0.017430780455470085,,,,,,,,,
1035,1035,,,0.9793748259544373,0.08048900216817856,0.9632298946380615,0.08727020025253296,0.8950748443603516,0.03819075599312782,0.049124401062726974,0.04894876480102539
1035,1035,0.017421197146177292,,,,,,,,,
1036,1036,,,0.979401171207428,0.08041828870773315,0.963266134262085,0.0872584879398346,0.8950824737548828,0.03821536526083946,0.04912609979510307,0.04894876480102539
1036,1036,0.017411669716238976,,,,,,,,,
1037,1037,,,0.9794259667396545,0.08034630864858627,0.9633020162582397,0.08724699169397354,0.8950901031494141,0.03823913633823395,0.04912775754928589,0.04894876480102539
1037,1037,0.017402175813913345,,,,,,,,,
1038,1038,,,0.9794499278068542,0.08027252554893494,0.9633373022079468,0.08723574876785278,0.8950976729393005,0.03826232999563217,0.04912935942411423,0.04894876480102539
1038,1038,0.017392732203006744,,,,,,,,,
1039,1039,,,0.9794745445251465,0.08019811660051346,0.9633729457855225,0.08722478896379471,0.8951051235198975,0.0382860042154789,0.04913100600242615,0.04894876480102539
1039,1039,0.01738332211971283,,,,,,,,,
1040,1040,,,0.9794983863830566,0.08012189716100693,0.9634091258049011,0.08721408247947693,0.8951124548912048,0.03830892592668533,0.04913264513015747,0.04894876480102539
1040,1040,0.017373958602547646,,,,,,,,,
1041,1041,,,0.9795213937759399,0.0800442323088646,0.9634444713592529,0.08720361441373825,0.8951197862625122,0.038331180810928345,0.04913422837853432,0.04894876480102539
1041,1041,0.01736464351415634,,,,,,,,,
1042,1042,,,0.979544460773468,0.07996632903814316,0.9634793400764465,0.08719336986541748,0.8951272368431091,0.038353707641363144,0.04913581535220146,0.04894876480102539
1042,1042,0.017355365678668022,,,,,,,,,
1043,1043,,,0.9795666933059692,0.07988680154085159,0.9635152220726013,0.0871834084391594,0.8951343894004822,0.03837580606341362,0.0491374172270298,0.04894876480102539
1043,1043,0.017346125096082687,,,,,,,,,
1044,1044,,,0.9795876145362854,0.07980524748563766,0.9635512232780457,0.08717368543148041,0.8951414227485657,0.038397256284952164,0.04913899302482605,0.04894876480102539
1044,1044,0.01733694039285183,,,,,,,,,
1045,1045,,,0.9796099066734314,0.07972365617752075,0.9635854959487915,0.08716411143541336,0.8951488137245178,0.03841867297887802,0.049140527844429016,0.04894876480102539
1045,1045,0.017327789217233658,,,,,,,,,
1046,1046,,,0.9796311855316162,0.07964052259922028,0.9636200666427612,0.08715473860502243,0.8951560854911804,0.038439612835645676,0.049142055213451385,0.04894876480102539
1046,1046,0.01731868088245392,,,,,,,,,
1047,1047,,,0.9796499609947205,0.07955565303564072,0.9636563062667847,0.08714564144611359,0.8951628804206848,0.03846021741628647,0.04914359748363495,0.04894876480102539
1047,1047,0.017309613525867462,,,,,,,,,
1048,1048,,,0.9796704053878784,0.07947077602148056,0.9636913537979126,0.08713676035404205,0.8951699137687683,0.03848106414079666,0.04914513975381851,0.04894876480102539
1048,1048,0.01730058714747429,,,,,,,,,
1049,1049,,0.01729159988462925,,,,,,,,
1049,1049,,,0.979690432548523,0.07938427478075027,0.9637253880500793,0.08712797611951828,0.8951770663261414,0.03850072622299194,0.04914660006761551,0.04894876480102539
1049,1049,0.01729159988462925,,,,,,,,,
1050,1050,,,0.9797088503837585,0.07929657399654388,0.9637600183486938,0.0871194526553154,0.8951840996742249,0.03852032497525215,0.0491480678319931,0.04894876480102539
1050,1050,0.017282655462622643,,,,,,,,,
1051,1051,,,0.9797269701957703,0.07920794934034348,0.9637953639030457,0.08711119741201401,0.895190954208374,0.03854016587138176,0.04914958029985428,0.04894876480102539
1051,1051,0.017273757606744766,,,,,,,,,
1052,1052,,,0.9797451496124268,0.07911796122789383,0.9638300538063049,0.08710312098264694,0.8951978087425232,0.038559332489967346,0.049151040613651276,0.04894876480102539
1052,1052,0.017264893278479576,,,,,,,,,
1053,1053,,,0.9797631502151489,0.0790269523859024,0.9638640880584717,0.08709520846605301,0.8952049016952515,0.03857768326997757,0.04915246739983559,0.04894876480102539
1053,1053,0.01725607179105282,,,,,,,,,
1054,1054,,,0.9797800183296204,0.0789351612329483,0.9638981223106384,0.08708751946687698,0.8952118158340454,0.03859656676650047,0.049153901636600494,0.04894876480102539
1054,1054,0.017247285693883896,,,,,,,,,
1055,1055,,,0.9797958731651306,0.07884207367897034,0.9639336466789246,0.08708004653453827,0.8952186107635498,0.03861511871218681,0.04915537312626839,0.04894876480102539
1055,1055,0.017238544300198555,,,,,,,,,
1056,1056,,,0.9798118472099304,0.07874784618616104,0.9639677405357361,0.08707258850336075,0.8952255845069885,0.03863241523504257,0.049156755208969116,0.04894876480102539
1056,1056,0.017229843884706497,,,,,,,,,
1057,1057,,,0.9798286557197571,0.07865340262651443,0.9640009999275208,0.08706534653902054,0.8952324986457825,0.038650352507829666,0.049158141016960144,0.04894876480102539
1057,1057,0.017221180722117424,,,,,,,,,
1058,1058,,,0.9798430800437927,0.07855735719203949,0.9640357494354248,0.08705833554267883,0.8952392935752869,0.03866780176758766,0.04915954917669296,0.04894876480102539
1058,1058,0.017212554812431335,,,,,,,,,
1059,1059,,,0.9798570275306702,0.07846004515886307,0.9640697240829468,0.08705151081085205,0.895246148109436,0.03868462145328522,0.0491609051823616,0.04894876480102539
1059,1059,0.01720396988093853,,,,,,,,,
1060,1060,,,0.979871928691864,0.07836265116930008,0.964103102684021,0.08704473078250885,0.8952531218528748,0.038701463490724564,0.04916226118803024,0.04894876480102539
1060,1060,0.017195427790284157,,,,,,,,,
1061,1061,,,0.9798859357833862,0.07826356589794159,0.9641373753547668,0.08703817427158356,0.8952599763870239,0.03871772438287735,0.04916362464427948,0.04894876480102539
1061,1061,0.01718691922724247,,,,,,,,,
1062,1062,,,0.9798988103866577,0.07816338539123535,0.9641719460487366,0.08703175187110901,0.8952668309211731,0.038733821362257004,0.04916498437523842,0.04894876480102539
1062,1062,0.017178447917103767,,,,,,,,,
1063,1063,,,0.9799115061759949,0.07806318253278732,0.9642052054405212,0.0870254710316658,0.895273745059967,0.03874996677041054,0.049166299402713776,0.04894876480102539
1063,1063,0.01717001013457775,,,,,,,,,
1064,1064,,,0.979923665523529,0.0779614970088005,0.9642388224601746,0.08701936155557632,0.8952805995941162,0.03876539319753647,0.049167610704898834,0.04894876480102539
1064,1064,0.017161617055535316,,,,,,,,,
1065,1065,,,0.9799361228942871,0.07785893976688385,0.9642720818519592,0.087013378739357,0.8952875733375549,0.03878045082092285,0.0491688996553421,0.04894876480102539
1065,1065,0.017153264954686165,,,,,,,,,
1066,1066,,,0.9799473285675049,0.07775542885065079,0.964306116104126,0.08700758963823318,0.8952944278717041,0.0387955904006958,0.04917021468281746,0.04894876480102539
1066,1066,0.0171449426561594,,,,,,,,,
1067,1067,,,0.9799578189849854,0.07765078544616699,0.9643399119377136,0.08700195699930191,0.8953012824058533,0.03881057724356651,0.04917151480913162,0.04894876480102539
1067,1067,0.01713666319847107,,,,,,,,,
1068,1068,,,0.9799680709838867,0.07754552364349365,0.9643728137016296,0.08699637651443481,0.8953083157539368,0.03882452845573425,0.04917275160551071,0.04894876480102539
1068,1068,0.01712842285633087,,,,,,,,,
1069,1069,,,0.9799791574478149,0.07744022458791733,0.9644058346748352,0.08699095994234085,0.895315408706665,0.03883892670273781,0.04917402192950249,0.04894876480102539
1069,1069,0.01712021417915821,,,,,,,,,
1070,1070,,,0.9799878597259521,0.07733310759067535,0.9644399285316467,0.0869857594370842,0.8953222036361694,0.03885267674922943,0.04917529225349426,0.04894876480102539
1070,1070,0.017112037166953087,,,,,,,,,
1071,1071,,,0.9799965620040894,0.07722582668066025,0.9644733667373657,0.08698059618473053,0.8953293561935425,0.038866277784109116,0.049176543951034546,0.04894876480102539
1071,1071,0.017103910446166992,,,,,,,,,
1072,1072,,,0.9800059795379639,0.07711798697710037,0.9645060300827026,0.08697549253702164,0.8953364491462708,0.038879480212926865,0.049177758395671844,0.04894876480102539
1072,1072,0.017095813527703285,,,,,,,,,
1073,1073,,,0.9800142049789429,0.07700846344232559,0.9645391702651978,0.08697059750556946,0.8953434824943542,0.038892604410648346,0.04917898029088974,0.04894876480102539
1073,1073,0.017087750136852264,,,,,,,,,
1074,1074,,,0.9800208806991577,0.07689794898033142,0.9645723104476929,0.08696583658456802,0.8953505754470825,0.03890521824359894,0.049180179834365845,0.04894876480102539
1074,1074,0.017079723998904228,,,,,,,,,
1075,1075,,,0.9800286889076233,0.07678769528865814,0.9646041393280029,0.08696112036705017,0.8953580260276794,0.03891775757074356,0.04918135702610016,0.04894876480102539
1075,1075,0.01707172952592373,,,,,,,,,
1076,1076,,,0.980035662651062,0.07667616009712219,0.9646376967430115,0.08695652335882187,0.8953651189804077,0.03892985358834267,0.04918256402015686,0.04894876480102539
1076,1076,0.017063770443201065,,,,,,,,,
1077,1077,,,0.9800423383712769,0.07656388729810715,0.9646715521812439,0.08695205301046371,0.895372211933136,0.03894175589084625,0.049183785915374756,0.04894876480102539
1077,1077,0.017055854201316833,,,,,,,,,
1078,1078,,,0.9800478219985962,0.07645107060670853,0.9647042751312256,0.08694765716791153,0.8953794836997986,0.038953378796577454,0.049184948205947876,0.04894876480102539
1078,1078,0.017047973349690437,,,,,,,,,
1079,1079,,,0.9800536632537842,0.07633808255195618,0.9647359848022461,0.0869433805346489,0.8953869938850403,0.038964953273534775,0.04918608441948891,0.04894876480102539
1079,1079,0.017040124163031578,,,,,,,,,
1080,1080,,,0.9800581932067871,0.07622333616018295,0.9647685289382935,0.08693920075893402,0.8953943252563477,0.03897567838430405,0.04918721318244934,0.04894876480102539
1080,1080,0.017032301053404808,,,,,,,,,
1081,1081,,,0.9800631999969482,0.076108418405056,0.9648016095161438,0.08693516254425049,0.8954017162322998,0.038986846804618835,0.049188386648893356,0.04894876480102539
1081,1081,0.017024515196681023,,,,,,,,,
1082,1082,,,0.9800677299499512,0.07599310576915741,0.9648339748382568,0.08693118393421173,0.8954092264175415,0.03899753466248512,0.04918952286243439,0.04894876480102539
1082,1082,0.01701677404344082,,,,,,,,,
1083,1083,,,0.9800708889961243,0.0758766457438469,0.9648669362068176,0.08692728728055954,0.8954166769981384,0.039007335901260376,0.049190644174814224,0.04894876480102539
1083,1083,0.017009053379297256,,,,,,,,,
1084,1084,,,0.9800751805305481,0.075760617852211,0.9648990631103516,0.08692348748445511,0.8954244256019592,0.03901804983615875,0.049191784113645554,0.04894876480102539
1084,1084,0.017001375555992126,,,,,,,,,
1085,1085,,,0.9800773859024048,0.07564254105091095,0.9649316668510437,0.08691982924938202,0.8954318761825562,0.03902750834822655,0.049192875623703,0.04894876480102539
1085,1085,0.016993729397654533,,,,,,,,,
1086,1086,,,0.9800795912742615,0.07552466541528702,0.9649636745452881,0.08691618591547012,0.895439624786377,0.03903702646493912,0.049193963408470154,0.04894876480102539
1086,1086,0.016986116766929626,,,,,,,,,
1087,1087,,,0.980082094669342,0.07540662586688995,0.9649956226348877,0.0869125947356224,0.8954474329948425,0.039046499878168106,0.0491950586438179,0.04894876480102539
1087,1087,0.016978537663817406,,,,,,,,,
1088,1088,,,0.9800837635993958,0.07528719305992126,0.9650285243988037,0.08690913766622543,0.8954551219940186,0.039055485278367996,0.049196161329746246,0.04894876480102539
1088,1088,0.016970982775092125,,,,,,,,,
1089,1089,,,0.9800851941108704,0.07516727596521378,0.9650606513023376,0.08690579235553741,0.8954629898071289,0.03906423971056938,0.0491972416639328,0.04894876480102539
1089,1089,0.016963468864560127,,,,,,,,,
1090,1090,,,0.9800863862037659,0.0750470906496048,0.9650923609733582,0.0869024470448494,0.895470917224884,0.03907271847128868,0.04919828847050667,0.04894876480102539
1090,1090,0.016955982893705368,,,,,,,,,
1091,1091,,,0.9800859689712524,0.0749264508485794,0.9651243090629578,0.08689922094345093,0.8954789638519287,0.03908122330904007,0.04919935017824173,0.04894876480102539
1091,1091,0.016948530450463295,,,,,,,,,
1092,1092,,,0.9800857305526733,0.07480497658252716,0.9651566743850708,0.08689603209495544,0.8954869508743286,0.039089202880859375,0.04920040816068649,0.04894876480102539
1092,1092,0.016941111534833908,,,,,,,,,
1093,1093,,,0.9800860285758972,0.07468309253454208,0.9651885628700256,0.08689290285110474,0.8954951763153076,0.03909672424197197,0.04920145124197006,0.04894876480102539
1093,1093,0.01693371869623661,,,,,,,,,
1094,1094,,,0.9800857901573181,0.07456152886152267,0.9652203321456909,0.08688986301422119,0.8955034017562866,0.03910461813211441,0.04920250177383423,0.04894876480102539
1094,1094,0.016926361247897148,,,,,,,,,
1095,1095,,,0.980083703994751,0.07443867623806,0.9652525186538696,0.08688691258430481,0.8955116271972656,0.03911188244819641,0.0492035374045372,0.04894876480102539
1095,1095,0.016919046640396118,,,,,,,,,
1096,1096,,,0.980082094669342,0.07431482523679733,0.9652844071388245,0.0868840143084526,0.8955198526382446,0.039118826389312744,0.04920455068349838,0.04894876480102539
1096,1096,0.016911746934056282,,,,,,,,,
1097,1097,,,0.9800813794136047,0.07419130206108093,0.9653155207633972,0.08688117563724518,0.8955284357070923,0.039125848561525345,0.04920557141304016,0.04894876480102539
1097,1097,0.01690448261797428,,,,,,,,,
1098,1098,,,0.9800782799720764,0.07406716793775558,0.9653473496437073,0.08687837421894073,0.8955368399620056,0.039132289588451385,0.04920656979084015,0.04894876480102539
1098,1098,0.01689724624156952,,,,,,,,,
1099,1099,,0.01689004711806774,,,,,,,,
1099,1099,,,0.9800751805305481,0.07394299656152725,0.965378999710083,0.08687563985586166,0.8955453634262085,0.0391387902200222,0.049207575619220734,0.04894876480102539
1099,1099,0.01689004711806774,,,,,,,,,
1100,1100,,,0.9800726771354675,0.07381830364465714,0.9654107093811035,0.08687291294336319,0.8955540060997009,0.03914501145482063,0.04920858517289162,0.04894876480102539
1100,1100,0.016882872208952904,,,,,,,,,
1101,1101,,,0.9800695776939392,0.07369261980056763,0.965442419052124,0.08687030524015427,0.8955627083778381,0.03915083035826683,0.049209579825401306,0.04894876480102539
1101,1101,0.016875728964805603,,,,,,,,,
1102,1102,,,0.9800655245780945,0.07356658577919006,0.9654737710952759,0.08686768263578415,0.8955714702606201,0.03915632888674736,0.049210548400878906,0.04894876480102539
1102,1102,0.01686861552298069,,,,,,,,,
1103,1103,,,0.9800612330436707,0.0734407976269722,0.9655051231384277,0.08686520159244537,0.8955803513526917,0.039162151515483856,0.0492115318775177,0.04894876480102539
1103,1103,0.016861528158187866,,,,,,,,,
1104,1104,,,0.9800564050674438,0.07331401109695435,0.965536892414093,0.08686274290084839,0.8955892324447632,0.039167165756225586,0.049212515354156494,0.04894876480102539
1104,1104,0.01685447059571743,,,,,,,,,
1105,1105,,,0.9800518751144409,0.0731872171163559,0.965567946434021,0.086860291659832,0.895598292350769,0.039172109216451645,0.0492134690284729,0.04894876480102539
1105,1105,0.01684744469821453,,,,,,,,,
1106,1106,,,0.9800468683242798,0.07306069135665894,0.9655994772911072,0.0868578851222992,0.8956073522567749,0.03917717933654785,0.049214452505111694,0.04894876480102539
1106,1106,0.01684044674038887,,,,,,,,,
1107,1107,,,0.980040431022644,0.07293278723955154,0.9656311273574829,0.08685556799173355,0.8956164717674255,0.039181556552648544,0.0492154099047184,0.04894876480102539
1107,1107,0.016833482310175896,,,,,,,,,
1108,1108,,,0.9800353050231934,0.0728050246834755,0.9656620621681213,0.08685330301523209,0.8956257700920105,0.03918589651584625,0.04921635985374451,0.04894876480102539
1108,1108,0.016826534643769264,,,,,,,,,
1109,1109,,,0.9800291061401367,0.07267700880765915,0.9656928777694702,0.08685104548931122,0.895635187625885,0.03919012472033501,0.04921729862689972,0.04894876480102539
1109,1109,0.01681961864233017,,,,,,,,,
1110,1110,,,0.9800221920013428,0.07254849374294281,0.9657244086265564,0.08684879541397095,0.8956446051597595,0.0391940176486969,0.04921824857592583,0.04894876480102539
1110,1110,0.016812732443213463,,,,,,,,,
1111,1111,,,0.980014979839325,0.07241956889629364,0.9657559990882874,0.08684661984443665,0.895654022693634,0.03919767588376999,0.049219194799661636,0.04894876480102539
1111,1111,0.016805876046419144,,,,,,,,,
1112,1112,,,0.9800081849098206,0.07229091227054596,0.9657864570617676,0.08684442192316055,0.8956637382507324,0.039201147854328156,0.049220114946365356,0.04894876480102539
1112,1112,0.01679905503988266,,,,,,,,,
1113,1113,,,0.9800004363059998,0.07216164469718933,0.9658175110816956,0.08684241771697998,0.8956734538078308,0.039204612374305725,0.04922104626893997,0.04894876480102539
1113,1113,0.016792237758636475,,,,,,,,,
1114,1114,,,0.979992151260376,0.07203195244073868,0.9658487439155579,0.08684037625789642,0.8956831097602844,0.03920748457312584,0.04922197014093399,0.04894876480102539
1114,1114,0.01678546331822872,,,,,,,,,
1115,1115,,,0.9799845814704895,0.07190273702144623,0.9658790230751038,0.08683832734823227,0.8956930637359619,0.03921029344201088,0.04922287166118622,0.04894876480102539
1115,1115,0.016778716817498207,,,,,,,,,
1116,1116,,,0.9799760580062866,0.07177305221557617,0.9659101963043213,0.08683635294437408,0.8957030177116394,0.03921317309141159,0.04922381043434143,0.04894876480102539
1116,1116,0.01677200011909008,,,,,,,,,
1117,1117,,,0.9799659848213196,0.07164234668016434,0.9659421443939209,0.08683440834283829,0.8957128524780273,0.039215438067913055,0.04922473803162575,0.04894876480102539
1117,1117,0.016765296459197998,,,,,,,,,
1118,1118,,,0.9799580574035645,0.07151230424642563,0.9659722447395325,0.0868324339389801,0.8957231640815735,0.0392177514731884,0.04922563582658768,0.04894876480102539
1118,1118,0.016758626326918602,,,,,,,,,
1119,1119,,,0.9799484014511108,0.0713815689086914,0.9660027027130127,0.08683047443628311,0.8957332968711853,0.03921971470117569,0.049226514995098114,0.04894876480102539
1119,1119,0.016751985996961594,,,,,,,,,
1120,1120,,,0.9799379110336304,0.07125040143728256,0.9660339951515198,0.08682862669229507,0.8957435488700867,0.03922148048877716,0.04922742396593094,0.04894876480102539
1120,1120,0.016745366156101227,,,,,,,,,
1121,1121,,,0.9799284934997559,0.07111974060535431,0.9660645127296448,0.08682677149772644,0.8957539796829224,0.039223480969667435,0.04922833293676376,0.04894876480102539
1121,1121,0.0167387668043375,,,,,,,,,
1122,1122,,,0.979918360710144,0.07098826766014099,0.9660951495170593,0.08682487905025482,0.8957644701004028,0.03922450914978981,0.0492292121052742,0.04894876480102539
1122,1122,0.01673220656812191,,,,,,,,,
1123,1123,,,0.9799072742462158,0.07085737586021423,0.9661259055137634,0.08682303875684738,0.8957750797271729,0.03922569006681442,0.049230098724365234,0.04894876480102539
1123,1123,0.016725659370422363,,,,,,,,,
1124,1124,,,0.9798958897590637,0.07072675973176956,0.9661568999290466,0.08682126551866531,0.8957857489585876,0.03922710195183754,0.04923101142048836,0.04894876480102539
1124,1124,0.016719141975045204,,,,,,,,,
1125,1125,,,0.979884922504425,0.07059486955404282,0.9661874771118164,0.08681949973106384,0.8957964777946472,0.03922770917415619,0.049231886863708496,0.04894876480102539
1125,1125,0.016712652519345284,,,,,,,,,
1126,1126,,,0.9798741936683655,0.0704631581902504,0.9662175178527832,0.08681774139404297,0.8958073258399963,0.0392284132540226,0.049232758581638336,0.04894876480102539
1126,1126,0.016706177964806557,,,,,,,,,
1127,1127,,,0.9798620343208313,0.07033125311136246,0.9662478566169739,0.08681602030992508,0.8958183526992798,0.03922892361879349,0.04923362284898758,0.04894876480102539
1127,1127,0.01669972576200962,,,,,,,,,
1128,1128,,,0.9798490405082703,0.07019907981157303,0.9662786722183228,0.08681438863277435,0.8958293199539185,0.03922922909259796,0.049234505742788315,0.04894876480102539
1128,1128,0.01669331267476082,,,,,,,,,
1129,1129,,,0.9798377752304077,0.07006732374429703,0.9663090109825134,0.08681263774633408,0.8958404660224915,0.03922935947775841,0.04923538118600845,0.04894876480102539
1129,1129,0.01668691448867321,,,,,,,,,
1130,1130,,,0.9798259735107422,0.06993536651134491,0.966339647769928,0.08681093901395798,0.8958516716957092,0.0392291322350502,0.04923626035451889,0.04894876480102539
1130,1130,0.01668054424226284,,,,,,,,,
1131,1131,,,0.9798117280006409,0.0698029026389122,0.9663704633712769,0.08680930733680725,0.8958629369735718,0.03922885283827782,0.04923713207244873,0.04894876480102539
1131,1131,0.016674192622303963,,,,,,,,,
1132,1132,,,0.9797989130020142,0.06967129558324814,0.9664002656936646,0.08680762350559235,0.8958744406700134,0.03922869265079498,0.04923798888921738,0.04894876480102539
1132,1132,0.016667861491441727,,,,,,,,,
1133,1133,,,0.9797860980033875,0.0695388913154602,0.9664303064346313,0.08680593222379684,0.8958859443664551,0.0392276868224144,0.04923883080482483,0.04894876480102539
1133,1133,0.016661565750837326,,,,,,,,,
1134,1134,,,0.9797729253768921,0.06940662860870361,0.9664608240127563,0.08680427074432373,0.8958974480628967,0.03922690078616142,0.04923970252275467,0.04894876480102539
1134,1134,0.016655277460813522,,,,,,,,,
1135,1135,,,0.9797589182853699,0.0692739337682724,0.9664915800094604,0.0868026614189148,0.8959091305732727,0.03922591730952263,0.04924057424068451,0.04894876480102539
1135,1135,0.016649022698402405,,,,,,,,,
1136,1136,,,0.9797448515892029,0.069141685962677,0.9665212631225586,0.08680104464292526,0.895920991897583,0.03922495245933533,0.04924141988158226,0.04894876480102539
1136,1136,0.01664278656244278,,,,,,,,,
1137,1137,,,0.9797307252883911,0.06900864094495773,0.9665513038635254,0.08679947257041931,0.8959329128265381,0.03922335430979729,0.049242258071899414,0.04894876480102539
1137,1137,0.016636576503515244,,,,,,,,,
1138,1138,,,0.9797160029411316,0.06887608766555786,0.9665820002555847,0.08679790794849396,0.8959447741508484,0.03922177478671074,0.049243129789829254,0.04894876480102539
1138,1138,0.016630377620458603,,,,,,,,,
1139,1139,,,0.9797019362449646,0.06874458491802216,0.966611385345459,0.08679629862308502,0.8959570527076721,0.039220478385686874,0.0492439791560173,0.04894876480102539
1139,1139,0.0166242066770792,,,,,,,,,
1140,1140,,,0.979686439037323,0.0686119869351387,0.966641902923584,0.08679477125406265,0.8959692120552063,0.0392182432115078,0.04924482852220535,0.04894876480102539
1140,1140,0.01661805622279644,,,,,,,,,
1141,1141,,,0.9796718955039978,0.06847938150167465,0.966672420501709,0.08679325133562088,0.8959814310073853,0.039216410368680954,0.04924570396542549,0.04894876480102539
1141,1141,0.016611933708190918,,,,,,,,,
1142,1142,,,0.9796572923660278,0.06834692507982254,0.9667021036148071,0.08679172396659851,0.8959937691688538,0.039214253425598145,0.049246545881032944,0.04894876480102539
1142,1142,0.016605820506811142,,,,,,,,,
1143,1143,,,0.9796406030654907,0.0682140439748764,0.9667317867279053,0.08679012954235077,0.8960063457489014,0.039211541414260864,0.04924735799431801,0.04894876480102539
1143,1143,0.01659974455833435,,,,,,,,,
1144,1144,,,0.9796249866485596,0.06808177381753922,0.9667620062828064,0.08678855001926422,0.8960188627243042,0.03920922428369522,0.04924821853637695,0.04894876480102539
1144,1144,0.016593674197793007,,,,,,,,,
1145,1145,,,0.9796093702316284,0.0679493397474289,0.9667924642562866,0.08678702265024185,0.8960314393043518,0.039206624031066895,0.049249086529016495,0.04894876480102539
1145,1145,0.0165876355022192,,,,,,,,,
1146,1146,,,0.9795933961868286,0.06781673431396484,0.9668218493461609,0.08678549528121948,0.8960442543029785,0.03920329362154007,0.04924989491701126,0.04894876480102539
1146,1146,0.016581615433096886,,,,,,,,,
1147,1147,,,0.9795777201652527,0.06768505275249481,0.9668514728546143,0.08678394556045532,0.8960571885108948,0.039200495928525925,0.04925074428319931,0.04894876480102539
1147,1147,0.016575610265135765,,,,,,,,,
1148,1148,,,0.9795604348182678,0.06755230575799942,0.966882050037384,0.08678247779607773,0.8960700035095215,0.03919721394777298,0.04925160109996796,0.04894876480102539
1148,1148,0.016569629311561584,,,,,,,,,
1149,1149,,0.016563666984438896,,,,,,,,
1149,1149,,,0.9795443415641785,0.06742019951343536,0.9669115543365479,0.08678093552589417,0.8960831165313721,0.03919391334056854,0.04925243556499481,0.04894876480102539
1149,1149,0.016563666984438896,,,,,,,,,
1150,1150,,,0.9795275926589966,0.06728795170783997,0.9669412970542908,0.08677943050861359,0.8960962891578674,0.0391903892159462,0.049253277480602264,0.04894876480102539
1150,1150,0.0165577232837677,,,,,,,,,
1151,1151,,,0.9795100688934326,0.06715559214353561,0.9669713377952576,0.0867779552936554,0.8961094617843628,0.039186593145132065,0.04925411939620972,0.04894876480102539
1151,1151,0.016551801934838295,,,,,,,,,
1152,1152,,,0.979493260383606,0.06702366471290588,0.9670006632804871,0.0867764949798584,0.8961228728294373,0.03918283060193062,0.04925495386123657,0.04894876480102539
1152,1152,0.016545899212360382,,,,,,,,,
1153,1153,,,0.9794763922691345,0.0668918639421463,0.9670301675796509,0.0867750272154808,0.8961362838745117,0.03917882964015007,0.04925578832626343,0.04894876480102539
1153,1153,0.01654001697897911,,,,,,,,,
1154,1154,,,0.9794585108757019,0.06676021963357925,0.9670600891113281,0.08677354454994202,0.8961498141288757,0.03917451575398445,0.04925663024187088,0.04894876480102539
1154,1154,0.016534142196178436,,,,,,,,,
1155,1155,,,0.9794420003890991,0.06662895530462265,0.9670899510383606,0.08677203208208084,0.8961635231971741,0.039170682430267334,0.04925750195980072,0.04894876480102539
1155,1155,0.01652829349040985,,,,,,,,,
1156,1156,,,0.9794232845306396,0.06649617105722427,0.9671196937561035,0.08677057176828384,0.8961772322654724,0.03916563466191292,0.04925832152366638,0.04894876480102539
1156,1156,0.016522476449608803,,,,,,,,,
1157,1157,,,0.9794055223464966,0.06636446714401245,0.9671489000320435,0.08676908165216446,0.8961910605430603,0.039161186665296555,0.04925914853811264,0.04894876480102539
1157,1157,0.016516653820872307,,,,,,,,,
1158,1158,,,0.9793879389762878,0.06623329967260361,0.9671783447265625,0.08676759898662567,0.8962050080299377,0.03915666043758392,0.04925999790430069,0.04894876480102539
1158,1158,0.016510866582393646,,,,,,,,,
1159,1159,,,0.9793691039085388,0.06610220670700073,0.9672082662582397,0.0867660716176033,0.89621901512146,0.039151158183813095,0.049260832369327545,0.04894876480102539
1159,1159,0.01650509238243103,,,,,,,,,
1160,1160,,,0.9793520569801331,0.06597200036048889,0.9672375321388245,0.08676453679800034,0.8962332010269165,0.03914666920900345,0.04926169663667679,0.04894876480102539
1160,1160,0.01649932935833931,,,,,,,,,
1161,1161,,,0.9793329238891602,0.0658402368426323,0.9672673344612122,0.08676308393478394,0.8962474465370178,0.03914111852645874,0.049262531101703644,0.04894876480102539
1161,1161,0.016493597999215126,,,,,,,,,
1162,1162,,,0.9793145060539246,0.06570877879858017,0.9672964215278625,0.08676164597272873,0.8962618112564087,0.0391356460750103,0.0492633581161499,0.04894876480102539
1162,1162,0.016487877815961838,,,,,,,,,
1163,1163,,,0.9792965650558472,0.0655779093503952,0.9673251509666443,0.08676014840602875,0.8962763547897339,0.03913053125143051,0.04926419258117676,0.04894876480102539
1163,1163,0.016482174396514893,,,,,,,,,
1164,1164,,,0.9792764782905579,0.06544636934995651,0.9673554301261902,0.08675868064165115,0.89629065990448,0.03912423923611641,0.04926503449678421,0.04894876480102539
1164,1164,0.016476493328809738,,,,,,,,,
1165,1165,,,0.9792591333389282,0.06531685590744019,0.9673846960067749,0.08675715327262878,0.8963053822517395,0.039119113236665726,0.04926591366529465,0.04894876480102539
1165,1165,0.016470815986394882,,,,,,,,,
1166,1166,,,0.9792398810386658,0.065186507999897,0.9674140810966492,0.08675571531057358,0.896320104598999,0.0391128733754158,0.0492667555809021,0.04894876480102539
1166,1166,0.016465160995721817,,,,,,,,,
1167,1167,,,0.9792198538780212,0.0650562196969986,0.9674433469772339,0.08675424009561539,0.8963348865509033,0.03910623863339424,0.04926757514476776,0.04894876480102539
1167,1167,0.01645953394472599,,,,,,,,,
1168,1168,,,0.9792017936706543,0.06492733210325241,0.9674719572067261,0.086752749979496,0.8963499069213867,0.03910127654671669,0.0492684468626976,0.04894876480102539
1168,1168,0.016453910619020462,,,,,,,,,
1169,1169,,,0.9791809320449829,0.06479585915803909,0.9675019979476929,0.08675132691860199,0.8963648080825806,0.03909369930624962,0.04926927015185356,0.04894876480102539
1169,1169,0.016448305919766426,,,,,,,,,
1170,1170,,,0.979163408279419,0.0646667331457138,0.9675304889678955,0.08674981445074081,0.8963800668716431,0.039087872952222824,0.049270130693912506,0.04894876480102539
1170,1170,0.016442716121673584,,,,,,,,,
1171,1171,,,0.9791434407234192,0.06453682482242584,0.9675602316856384,0.08674834668636322,0.896395206451416,0.03908122703433037,0.049271002411842346,0.04894876480102539
1171,1171,0.016437143087387085,,,,,,,,,
1172,1172,,,0.9791232347488403,0.06440657377243042,0.9675900936126709,0.08674686402082443,0.8964104652404785,0.03907378390431404,0.0492718480527401,0.04894876480102539
1172,1172,0.016431597992777824,,,,,,,,,
1173,1173,,,0.9791058301925659,0.0642787292599678,0.967617928981781,0.08674531430006027,0.8964260816574097,0.039067842066287994,0.04927270859479904,0.04894876480102539
1173,1173,0.016426054760813713,,,,,,,,,
1174,1174,,,0.9790838956832886,0.06414859741926193,0.9676474928855896,0.08674386143684387,0.8964414596557617,0.03905995935201645,0.0492735281586647,0.04894876480102539
1174,1174,0.016420532017946243,,,,,,,,,
1175,1175,,,0.9790642857551575,0.06402090191841125,0.9676764011383057,0.08674225211143494,0.8964570760726929,0.03905335068702698,0.04927439987659454,0.04894876480102539
1175,1175,0.016415026038885117,,,,,,,,,
1176,1176,,,0.9790454506874084,0.0638924166560173,0.9677054286003113,0.08674070984125137,0.8964729309082031,0.03904588520526886,0.04927526414394379,0.04894876480102539
1176,1176,0.016409531235694885,,,,,,,,,
1177,1177,,,0.9790250658988953,0.06376312673091888,0.9677354097366333,0.08673926442861557,0.8964885473251343,0.039038121700286865,0.049276143312454224,0.04894876480102539
1177,1177,0.016404055058956146,,,,,,,,,
1178,1178,,,0.9790053963661194,0.0636349767446518,0.9677636623382568,0.0867377519607544,0.8965045809745789,0.03903093561530113,0.04927699267864227,0.04894876480102539
1178,1178,0.016398590058088303,,,,,,,,,
1179,1179,,,0.9789852499961853,0.06350648403167725,0.9677920341491699,0.08673623949289322,0.896520733833313,0.03902295604348183,0.04927781969308853,0.04894876480102539
1179,1179,0.016393141821026802,,,,,,,,,
1180,1180,,,0.9789652228355408,0.06337865442037582,0.9678211212158203,0.08673477172851562,0.8965368270874023,0.039015043526887894,0.04927869886159897,0.04894876480102539
1180,1180,0.016387706622481346,,,,,,,,,
1181,1181,,,0.9789453148841858,0.06325181573629379,0.9678503274917603,0.08673326671123505,0.8965529799461365,0.03900773450732231,0.049279600381851196,0.04894876480102539
1181,1181,0.016382280737161636,,,,,,,,,
1182,1182,,,0.9789238572120667,0.06312373280525208,0.9678792953491211,0.08673179149627686,0.8965693712234497,0.03899862617254257,0.04928043484687805,0.04894876480102539
1182,1182,0.016376879066228867,,,,,,,,,
1183,1183,,,0.9789060950279236,0.06299793720245361,0.9679073691368103,0.0867302343249321,0.8965859413146973,0.03899141401052475,0.04928133636713028,0.04894876480102539
1183,1183,0.01637149229645729,,,,,,,,,
1184,1184,,,0.9788838028907776,0.0628695860505104,0.9679375290870667,0.08672879636287689,0.896602213382721,0.03898228332400322,0.04928221181035042,0.04894876480102539
1184,1184,0.01636611297726631,,,,,,,,,
1185,1185,,,0.9788641333580017,0.06274302303791046,0.9679654836654663,0.08672728389501572,0.8966189622879028,0.038974229246377945,0.04928307607769966,0.04894876480102539
1185,1185,0.016360748559236526,,,,,,,,,
1186,1186,,,0.9788447618484497,0.06261656433343887,0.9679934978485107,0.08672568202018738,0.8966357707977295,0.038965776562690735,0.049283936619758606,0.04894876480102539
1186,1186,0.016355397179722786,,,,,,,,,
1187,1187,,,0.9788224101066589,0.062488894909620285,0.9680233001708984,0.08672422170639038,0.8966524004936218,0.03895610570907593,0.049284808337688446,0.04894876480102539
1187,1187,0.01635006256401539,,,,,,,,,
1188,1188,,,0.9788041710853577,0.06236466392874718,0.9680516719818115,0.08672262728214264,0.896669328212738,0.03894868865609169,0.04928574711084366,0.04894876480102539
1188,1188,0.016344735398888588,,,,,,,,,
1189,1189,,,0.9787824153900146,0.06223791465163231,0.9680809378623962,0.08672114461660385,0.896686315536499,0.03893866017460823,0.0492866113781929,0.04894876480102539
1189,1189,0.01633942872285843,,,,,,,,,
1190,1190,,,0.978762149810791,0.06211257725954056,0.9681087136268616,0.08671960234642029,0.8967036008834839,0.038929764181375504,0.04928747937083244,0.04894876480102539
1190,1190,0.016334127634763718,,,,,,,,,
1191,1191,,,0.9787421226501465,0.06198732554912567,0.9681370854377747,0.08671808242797852,0.896720826625824,0.038920968770980835,0.049288373440504074,0.04894876480102539
1191,1191,0.01632884331047535,,,,,,,,,
1192,1192,,,0.978720486164093,0.06186150759458542,0.9681666493415833,0.08671659231185913,0.8967379927635193,0.03891120105981827,0.0492892786860466,0.04894876480102539
1192,1192,0.01632358320057392,,,,,,,,,
1193,1193,,,0.9787014126777649,0.061737433075904846,0.9681943655014038,0.08671499043703079,0.896755576133728,0.038902170956134796,0.04929017275571823,0.04894876480102539
1193,1193,0.016318313777446747,,,,,,,,,
1194,1194,,,0.9786803722381592,0.06161230802536011,0.9682230949401855,0.08671348541975021,0.8967731595039368,0.03889212757349014,0.04929106682538986,0.04894876480102539
1194,1194,0.01631307043135166,,,,,,,,,
1195,1195,,,0.9786596298217773,0.061487600207328796,0.9682518839836121,0.08671200275421143,0.8967908024787903,0.03888280317187309,0.04929199069738388,0.04894876480102539
1195,1195,0.01630784198641777,,,,,,,,,
1196,1196,,,0.978639543056488,0.0613638199865818,0.9682800769805908,0.08671047538518906,0.8968085646629333,0.038873251527547836,0.049292899668216705,0.04894876480102539
1196,1196,0.01630261167883873,,,,,,,,,
1197,1197,,,0.9786187410354614,0.06123952195048332,0.9683080911636353,0.0867089107632637,0.896826446056366,0.03886263445019722,0.04929376393556595,0.04894876480102539
1197,1197,0.01629740372300148,,,,,,,,,
1198,1198,,,0.9785987138748169,0.06111692637205124,0.9683362245559692,0.08670738339424133,0.8968444466590881,0.038853418081998825,0.04929470270872116,0.04894876480102539
1198,1198,0.016292205080389977,,,,,,,,,
1199,1199,,0.01628701202571392,,,,,,,,
1199,1199,,,0.9785770773887634,0.060992661863565445,0.9683655500411987,0.08670596033334732,0.8968623876571655,0.0388428159058094,0.049295634031295776,0.04894876480102539
1199,1199,0.01628701202571392,,,,,,,,,
1200,1200,,,0.9785579442977905,0.06087000295519829,0.9683932065963745,0.08670435845851898,0.8968806266784668,0.03883261978626251,0.0492965392768383,0.04894876480102539
1200,1200,0.016281839460134506,,,,,,,,,
1201,1201,,,0.9785371422767639,0.06074725091457367,0.9684211611747742,0.08670283854007721,0.8968989253044128,0.03882252052426338,0.04929745942354202,0.04894876480102539
1201,1201,0.016276685521006584,,,,,,,,,
1202,1202,,,0.9785153865814209,0.06062375754117966,0.9684506058692932,0.08670135587453842,0.8969171643257141,0.03881169110536575,0.049298398196697235,0.04894876480102539
1202,1202,0.016271525993943214,,,,,,,,,
1203,1203,,,0.978496789932251,0.06050194427371025,0.9684779047966003,0.08669982105493546,0.896935760974884,0.03880159184336662,0.04929932951927185,0.04894876480102539
1203,1203,0.016266388818621635,,,,,,,,,
1204,1204,,,0.9784750938415527,0.060379285365343094,0.9685060977935791,0.08669830113649368,0.896954357624054,0.03879028931260109,0.04930023476481438,0.04894876480102539
1204,1204,0.016261260956525803,,,,,,,,,
1205,1205,,,0.9784546494483948,0.06025822088122368,0.9685340523719788,0.08669672906398773,0.8969730734825134,0.038780152797698975,0.049301184713840485,0.04894876480102539
1205,1205,0.016256142407655716,,,,,,,,,
1206,1206,,,0.978434145450592,0.06013669818639755,0.968562662601471,0.08669520914554596,0.8969918489456177,0.03876901790499687,0.049302130937576294,0.04894876480102539
1206,1206,0.016251033172011375,,,,,,,,,
1207,1207,,,0.9784142374992371,0.0600152388215065,0.968591034412384,0.08669369667768478,0.8970106840133667,0.03875776752829552,0.0493030920624733,0.04894876480102539
1207,1207,0.016245931386947632,,,,,,,,,
1208,1208,,,0.9783948063850403,0.05989449471235275,0.9686183929443359,0.0866921991109848,0.8970298171043396,0.03874725475907326,0.049304038286209106,0.04894876480102539
1208,1208,0.016240855678915977,,,,,,,,,
1209,1209,,,0.9783721566200256,0.05977249518036842,0.9686468243598938,0.08669068664312363,0.897048830986023,0.03873518481850624,0.04930495470762253,0.04894876480102539
1209,1209,0.016235772520303726,,,,,,,,,
1210,1210,,,0.9783537983894348,0.05965346097946167,0.968673586845398,0.08668915182352066,0.8970682621002197,0.038724835962057114,0.04930591583251953,0.04894876480102539
1210,1210,0.01623070240020752,,,,,,,,,
1211,1211,,,0.9783326983451843,0.059532344341278076,0.9687027335166931,0.08668768405914307,0.8970874547958374,0.03871265426278114,0.04930689185857773,0.04894876480102539
1211,1211,0.016225650906562805,,,,,,,,,
1212,1212,,,0.9783121347427368,0.05941307172179222,0.9687305688858032,0.0866861417889595,0.8971068859100342,0.03870160132646561,0.04930786043405533,0.04894876480102539
1212,1212,0.016220606863498688,,,,,,,,,
1213,1213,,,0.9782924056053162,0.05929373577237129,0.9687579274177551,0.08668462187051773,0.8971264958381653,0.03868994861841202,0.049308814108371735,0.04894876480102539
1213,1213,0.016215570271015167,,,,,,,,,
1214,1214,,,0.9782718420028687,0.059173502027988434,0.9687861204147339,0.08668319135904312,0.8971461057662964,0.0386776439845562,0.04930977523326874,0.04894876480102539
1214,1214,0.016210541129112244,,,,,,,,,
1215,1215,,,0.9782530069351196,0.05905516445636749,0.968813955783844,0.08668167144060135,0.8971658945083618,0.03866692632436752,0.04931080341339111,0.04894876480102539
1215,1215,0.016205525025725365,,,,,,,,,
1216,1216,,,0.9782308340072632,0.05893535912036896,0.9688420295715332,0.08668018132448196,0.8971856832504272,0.03865402564406395,0.049311742186546326,0.04894876480102539
1216,1216,0.016200514510273933,,,,,,,,,
1217,1217,,,0.978212296962738,0.05881786346435547,0.9688683748245239,0.0866786316037178,0.8972058892250061,0.038642387837171555,0.04931270331144333,0.04894876480102539
1217,1217,0.016195518895983696,,,,,,,,,
1218,1218,,,0.9781924486160278,0.0586996003985405,0.9688971042633057,0.0866771936416626,0.8972259163856506,0.038630444556474686,0.0493137389421463,0.04894876480102539
1218,1218,0.016190528869628906,,,,,,,,,
1219,1219,,,0.9781707525253296,0.05858110636472702,0.9689257144927979,0.08667576313018799,0.8972460031509399,0.038617681711912155,0.04931474104523659,0.04894876480102539
1219,1219,0.016185548156499863,,,,,,,,,
1220,1220,,,0.9781531691551208,0.05846498906612396,0.9689515233039856,0.08667412400245667,0.8972666263580322,0.038606323301792145,0.04931572452187538,0.04894876480102539
1220,1220,0.016180582344532013,,,,,,,,,
1221,1221,,,0.9781311750411987,0.05834541097283363,0.9689801931381226,0.08667277544736862,0.8972868323326111,0.038592420518398285,0.04931669682264328,0.04894876480102539
1221,1221,0.01617562212049961,,,,,,,,,
1222,1222,,,0.9781134724617004,0.05822950601577759,0.9690073132514954,0.08667130768299103,0.8973075151443481,0.03858155757188797,0.04931776225566864,0.04894876480102539
1222,1222,0.016170667484402657,,,,,,,,,
1223,1223,,,0.9780924916267395,0.058111824095249176,0.9690349698066711,0.08666988462209702,0.8973280787467957,0.038567882031202316,0.04931873828172684,0.04894876480102539
1223,1223,0.016165724024176598,,,,,,,,,
1224,1224,,,0.9780727624893188,0.05799578130245209,0.9690618515014648,0.08666836470365524,0.897348940372467,0.038555171340703964,0.04931972920894623,0.04894876480102539
1224,1224,0.016160791739821434,,,,,,,,,
1225,1225,,,0.9780546426773071,0.05788092315196991,0.9690895080566406,0.08666683733463287,0.8973698616027832,0.038543447852134705,0.04932080954313278,0.04894876480102539
1225,1225,0.016155866906046867,,,,,,,,,
1226,1226,,,0.9780323505401611,0.05776306986808777,0.9691185355186462,0.08666554093360901,0.897390604019165,0.038528937846422195,0.049321819096803665,0.04894876480102539
1226,1226,0.01615094393491745,,,,,,,,,
1227,1227,,,0.9780160188674927,0.057649917900562286,0.9691435694694519,0.08666396886110306,0.8974120616912842,0.03851773589849472,0.04932285100221634,0.04894876480102539
1227,1227,0.01614602841436863,,,,,,,,,
1228,1228,,,0.9779939651489258,0.0575324222445488,0.969171941280365,0.08666263520717621,0.8974331617355347,0.038503263145685196,0.04932386055588722,0.04894876480102539
1228,1228,0.01614113710820675,,,,,,,,,
1229,1229,,,0.9779757857322693,0.057417694479227066,0.9691994786262512,0.08666122704744339,0.8974544405937195,0.03849088028073311,0.049324944615364075,0.04894876480102539
1229,1229,0.016136234626173973,,,,,,,,,
1230,1230,,,0.977958083152771,0.05730365589261055,0.9692261219024658,0.0866597592830658,0.897476077079773,0.03847780451178551,0.04932599514722824,0.04894876480102539
1230,1230,0.016131345182657242,,,,,,,,,
1231,1231,,,0.9779363870620728,0.05718815326690674,0.9692540764808655,0.08665839582681656,0.8974975347518921,0.03846330940723419,0.04932701587677002,0.04894876480102539
1231,1231,0.016126472502946854,,,,,,,,,
1232,1232,,,0.977919340133667,0.05707605555653572,0.969280481338501,0.08665693551301956,0.8975194692611694,0.03845186159014702,0.04932812601327896,0.04894876480102539
1232,1232,0.016121597960591316,,,,,,,,,
1233,1233,,,0.9778976440429688,0.056960005313158035,0.9693091511726379,0.08665566891431808,0.8975409865379333,0.038436178117990494,0.049329157918691635,0.04894876480102539
1233,1233,0.016116736456751823,,,,,,,,,
1234,1234,,,0.9778822660446167,0.056848809123039246,0.9693341255187988,0.08665413409471512,0.8975633382797241,0.038424283266067505,0.04933023825287819,0.04894876480102539
1234,1234,0.01611187867820263,,,,,,,,,
1235,1235,,,0.9778606295585632,0.05673385038971901,0.9693624377250671,0.08665291965007782,0.8975851535797119,0.038409437984228134,0.04933130368590355,0.04894876480102539
1235,1235,0.01610703207552433,,,,,,,,,
1236,1236,,,0.9778424501419067,0.056621551513671875,0.969389021396637,0.0866515189409256,0.8976073861122131,0.03839651495218277,0.049332395195961,0.04894876480102539
1236,1236,0.016102192923426628,,,,,,,,,
1237,1237,,,0.9778245091438293,0.056508585810661316,0.9694157242774963,0.08665020018815994,0.8976297378540039,0.03838234022259712,0.04933347553014755,0.04894876480102539
1237,1237,0.016097353771328926,,,,,,,,,
1238,1238,,,0.9778054356575012,0.05639565363526344,0.9694435596466064,0.0866488665342331,0.8976520299911499,0.03836790472269058,0.0493345782160759,0.04894876480102539
1238,1238,0.016092533245682716,,,,,,,,,
1239,1239,,,0.9777879118919373,0.0562848299741745,0.969470202922821,0.08664750307798386,0.8976746797561646,0.03835521638393402,0.04933571815490723,0.04894876480102539
1239,1239,0.016087708994746208,,,,,,,,,
1240,1240,,,0.9777672290802002,0.056171633303165436,0.9694973230361938,0.08664630353450775,0.8976972699165344,0.038339514285326004,0.049336764961481094,0.04894876480102539
1240,1240,0.016082894057035446,,,,,,,,,
1241,1241,,,0.9777520895004272,0.056062184274196625,0.9695225358009338,0.08664482831954956,0.897720217704773,0.03832678869366646,0.04933788254857063,0.04894876480102539
1241,1241,0.01607808656990528,,,,,,,,,
1242,1242,,,0.9777308106422424,0.055949144065380096,0.9695512652397156,0.08664371818304062,0.8977428674697876,0.03831131383776665,0.049339015036821365,0.04894876480102539
1242,1242,0.016073286533355713,,,,,,,,,
1243,1243,,,0.9777143597602844,0.05583975464105606,0.9695770144462585,0.08664233237504959,0.89776611328125,0.038298025727272034,0.049340151250362396,0.04894876480102539
1243,1243,0.01606849581003189,,,,,,,,,
1244,1244,,,0.977695882320404,0.055728644132614136,0.9696038365364075,0.08664111793041229,0.8977892398834229,0.03828265517950058,0.04934125393629074,0.04894876480102539
1244,1244,0.01606370136141777,,,,,,,,,
1245,1245,,,0.9776780605316162,0.05561834201216698,0.9696308374404907,0.086639903485775,0.89781254529953,0.038268689066171646,0.04934242367744446,0.04894876480102539
1245,1245,0.016058923676609993,,,,,,,,,
1246,1246,,,0.9776594638824463,0.0555083304643631,0.9696576595306396,0.0866386666893959,0.897835910320282,0.03825431689620018,0.049343571066856384,0.04894876480102539
1246,1246,0.016054147854447365,,,,,,,,,
1247,1247,,,0.9776417016983032,0.05539824441075325,0.9696837067604065,0.086637482047081,0.897859513759613,0.03823872283101082,0.04934467375278473,0.04894876480102539
1247,1247,0.016049373894929886,,,,,,,,,
1248,1248,,,0.977626383304596,0.0552905835211277,0.9697100520133972,0.08663611859083176,0.8978832364082336,0.038225460797548294,0.04934588447213173,0.04894876480102539
1248,1248,0.01604461297392845,,,,,,,,,
1249,1249,,0.016039855778217316,,,,,,,,
1249,1249,,,0.9776052832603455,0.055179011076688766,0.9697385430335999,0.08663509041070938,0.8979067802429199,0.038208700716495514,0.049347035586833954,0.04894876480102539
1249,1249,0.016039855778217316,,,,,,,,,
1250,1250,,,0.9775918126106262,0.05507337674498558,0.9697624444961548,0.08663373440504074,0.8979310989379883,0.03819629177451134,0.049348220229148865,0.04894876480102539
1250,1250,0.016035107895731926,,,,,,,,,
1251,1251,,,0.9775700569152832,0.05496169999241829,0.9697907567024231,0.08663282543420792,0.8979548215866089,0.03817841038107872,0.0493493378162384,0.04894876480102539
1251,1251,0.016030356287956238,,,,,,,,,
1252,1252,,,0.9775573015213013,0.05485711619257927,0.9698154926300049,0.08663137257099152,0.8979793190956116,0.038166433572769165,0.049350589513778687,0.04894876480102539
1252,1252,0.016025619581341743,,,,,,,,,
1253,1253,,,0.9775353670120239,0.054746147245168686,0.9698440432548523,0.08663040399551392,0.898003339767456,0.03814844787120819,0.04935173690319061,0.04894876480102539
1253,1253,0.016020886600017548,,,,,,,,,
1254,1254,,,0.9775230884552002,0.05464157089591026,0.9698681235313416,0.08662904053926468,0.8980280756950378,0.03813588619232178,0.049352966248989105,0.04894876480102539
1254,1254,0.016016153618693352,,,,,,,,,
1255,1255,,,0.9775026440620422,0.05453156679868698,0.9698960781097412,0.08662813901901245,0.898052453994751,0.03811855614185333,0.04935414344072342,0.04894876480102539
1255,1255,0.016011426225304604,,,,,,,,,
1256,1256,,,0.977488100528717,0.054426439106464386,0.9699209928512573,0.08662693202495575,0.8980773687362671,0.03810464218258858,0.049355365335941315,0.04894876480102539
1256,1256,0.01600671000778675,,,,,,,,,
1257,1257,,,0.9774700403213501,0.0543193481862545,0.9699478149414062,0.08662582188844681,0.8981021642684937,0.038088466972112656,0.049356572329998016,0.04894876480102539
1257,1257,0.016001993790268898,,,,,,,,,
1258,1258,,,0.977453887462616,0.05421321839094162,0.9699743390083313,0.08662479370832443,0.8981270790100098,0.038073163479566574,0.0493578240275383,0.04894876480102539
1258,1258,0.015997277572751045,,,,,,,,,
1259,1259,,,0.9774383306503296,0.054107893258333206,0.9700002074241638,0.08662376552820206,0.898152232170105,0.0380580835044384,0.049359068274497986,0.04894876480102539
1259,1259,0.015992578119039536,,,,,,,,,
1260,1260,,,0.9774197936058044,0.054001323878765106,0.9700263738632202,0.08662285655736923,0.898177444934845,0.03804142028093338,0.04936026781797409,0.04894876480102539
1260,1260,0.015987876802682877,,,,,,,,,
1261,1261,,,0.9774060845375061,0.05389765277504921,0.970051109790802,0.08662170171737671,0.8982029557228088,0.03802711144089699,0.04936152696609497,0.04894876480102539
1261,1261,0.015983186662197113,,,,,,,,,
1262,1262,,,0.9773874878883362,0.053790364414453506,0.970079243183136,0.08662082254886627,0.8982282280921936,0.03800995275378227,0.04936279356479645,0.04894876480102539
1262,1262,0.01597849279642105,,,,,,,,,
1263,1263,,,0.9773740172386169,0.05368718504905701,0.9701040387153625,0.08661971241235733,0.8982540965080261,0.03799537569284439,0.04936407133936882,0.04894876480102539
1263,1263,0.015973811969161034,,,,,,,,,
1264,1264,,,0.9773554801940918,0.05358133837580681,0.9701303839683533,0.0866188332438469,0.8982798457145691,0.03797848895192146,0.04936530441045761,0.04894876480102539
1264,1264,0.015969134867191315,,,,,,,,,
1265,1265,,,0.9773408770561218,0.05347822606563568,0.9701562523841858,0.0866178348660469,0.8983057737350464,0.037963248789310455,0.04936661571264267,0.04894876480102539
1265,1265,0.015964455902576447,,,,,,,,,
1266,1266,,,0.9773258566856384,0.053374335169792175,0.9701816439628601,0.08661697804927826,0.8983319401741028,0.03794699162244797,0.049367889761924744,0.04894876480102539
1266,1266,0.015959784388542175,,,,,,,,,
1267,1267,,,0.9773095846176147,0.053270407021045685,0.970207929611206,0.08661609143018723,0.8983581066131592,0.0379306934773922,0.04936918616294861,0.04894876480102539
1267,1267,0.015955112874507904,,,,,,,,,
1268,1268,,,0.9772947430610657,0.053168196231126785,0.9702325463294983,0.08661510050296783,0.8983846306800842,0.037915270775556564,0.049370475113391876,0.04894876480102539
1268,1268,0.01595045067369938,,,,,,,,,
1269,1269,,,0.9772782921791077,0.053064290434122086,0.970259428024292,0.08661435544490814,0.8984110951423645,0.03789807856082916,0.04937179386615753,0.04894876480102539
1269,1269,0.015945790335536003,,,,,,,,,
1270,1270,,,0.9772651195526123,0.05296258255839348,0.9702850580215454,0.08661351352930069,0.8984377980232239,0.03788292407989502,0.04937315732240677,0.04894876480102539
1270,1270,0.015941135585308075,,,,,,,,,
1271,1271,,,0.9772483706474304,0.05285926163196564,0.9703109264373779,0.08661280572414398,0.898464560508728,0.03786545619368553,0.049374453723430634,0.04894876480102539
1271,1271,0.015936484560370445,,,,,,,,,
1272,1272,,,0.9772347807884216,0.05275846645236015,0.9703351259231567,0.08661189675331116,0.898491621017456,0.03785010799765587,0.04937577247619629,0.04894876480102539
1272,1272,0.015931833535432816,,,,,,,,,
1273,1273,,,0.9772182703018188,0.05265551432967186,0.9703620672225952,0.08661123365163803,0.8985185623168945,0.037832994014024734,0.049377135932445526,0.04894876480102539
1273,1273,0.015927189961075783,,,,,,,,,
1274,1274,,,0.9772052764892578,0.05255482345819473,0.9703868627548218,0.08661045879125595,0.8985459804534912,0.03781677037477493,0.049378491938114166,0.04894876480102539
1274,1274,0.0159225445240736,,,,,,,,,
1275,1275,,,0.9771903157234192,0.05245426297187805,0.9704119563102722,0.08660973608493805,0.8985733389854431,0.03780002146959305,0.049379825592041016,0.04894876480102539
1275,1275,0.015917906537652016,,,,,,,,,
1276,1276,,,0.9771745800971985,0.05235309153795242,0.9704383611679077,0.08660908043384552,0.8986008167266846,0.037783343344926834,0.04938121885061264,0.04894876480102539
1276,1276,0.01591327413916588,,,,,,,,,
1277,1277,,,0.9771617650985718,0.05225319042801857,0.9704632759094238,0.08660831302404404,0.8986286520957947,0.03776725009083748,0.049382612109184265,0.04894876480102539
1277,1277,0.01590864174067974,,,,,,,,,
1278,1278,,,0.977146327495575,0.052151765674352646,0.9704889059066772,0.08660773932933807,0.8986563682556152,0.037749335169792175,0.04938396066427231,0.04894876480102539
1278,1278,0.01590401865541935,,,,,,,,,
1279,1279,,,0.9771345853805542,0.0520535446703434,0.9705134630203247,0.0866069346666336,0.898684561252594,0.03773435205221176,0.04938540235161781,0.04894876480102539
1279,1279,0.01589939370751381,,,,,,,,,
1280,1280,,,0.9771170020103455,0.051951274275779724,0.970539927482605,0.08660659939050674,0.8987123966217041,0.03771519660949707,0.049386754631996155,0.04894876480102539
1280,1280,0.015894772484898567,,,,,,,,,
1281,1281,,,0.9771086573600769,0.051856208592653275,0.9705628156661987,0.08660569787025452,0.8987411856651306,0.03770117834210396,0.04938821494579315,0.04894876480102539
1281,1281,0.015890149399638176,,,,,,,,,
1282,1282,,,0.9770881533622742,0.051753077656030655,0.9705918431282043,0.08660551905632019,0.8987691402435303,0.03768056258559227,0.04938961938023567,0.04894876480102539
1282,1282,0.01588553935289383,,,,,,,,,
1283,1283,,,0.9770818948745728,0.051659949123859406,0.9706130027770996,0.08660444617271423,0.8987982869148254,0.03766808286309242,0.049391090869903564,0.04894876480102539
1283,1283,0.015880919992923737,,,,,,,,,
1284,1284,,,0.9770603179931641,0.05155492573976517,0.9706418514251709,0.08660455048084259,0.898826539516449,0.037645600736141205,0.0493924543261528,0.04894876480102539
1284,1284,0.01587630994617939,,,,,,,,,
1285,1285,,,0.9770569801330566,0.05146383121609688,0.9706622362136841,0.08660337328910828,0.8988561630249023,0.03763458505272865,0.04939398169517517,0.04894876480102539
1285,1285,0.01587170921266079,,,,,,,,,
1286,1286,,,0.9770321249961853,0.05135783553123474,0.9706932902336121,0.08660371601581573,0.8988843560218811,0.03761062026023865,0.049395378679037094,0.04894876480102539
1286,1286,0.01586710661649704,,,,,,,,,
1287,1287,,,0.9770330786705017,0.05127023905515671,0.9707115888595581,0.08660241216421127,0.8989146947860718,0.037601079791784286,0.04939693957567215,0.04894876480102539
1287,1287,0.015862494707107544,,,,,,,,,
1288,1288,,,0.9770045876502991,0.05116239935159683,0.9707435369491577,0.08660309761762619,0.8989429473876953,0.03757477179169655,0.04939829558134079,0.04894876480102539
1288,1288,0.01585790142416954,,,,,,,,,
1289,1289,,,0.9770086407661438,0.05107856169342995,0.97076016664505,0.08660142868757248,0.898973822593689,0.03756801411509514,0.049399904906749725,0.04894876480102539
1289,1289,0.01585330441594124,,,,,,,,,
1290,1290,,,0.9769765734672546,0.05096736550331116,0.9707945585250854,0.08660246431827545,0.8990020751953125,0.03753840923309326,0.049401260912418365,0.04894876480102539
1290,1290,0.015848709270358086,,,,,,,,,
1291,1291,,,0.9769888520240784,0.05088880658149719,0.9708083868026733,0.08660050481557846,0.8990337252616882,0.037535231560468674,0.04940296709537506,0.04894876480102539
1291,1291,0.01584412157535553,,,,,,,,,
1292,1292,,,0.9769467711448669,0.05077192187309265,0.9708470106124878,0.08660231530666351,0.8990617394447327,0.037500593811273575,0.04940427839756012,0.04894876480102539
1292,1292,0.015839526429772377,,,,,,,,,
1293,1293,,,0.9769691228866577,0.05070171505212784,0.9708545207977295,0.08659949898719788,0.8990947604179382,0.03750419244170189,0.049406036734580994,0.04894876480102539
1293,1293,0.01583493873476982,,,,,,,,,
1294,1294,,,0.9769147038459778,0.050575245171785355,0.9708995223045349,0.08660228550434113,0.8991219401359558,0.03746073320508003,0.04940726235508919,0.04894876480102539
1294,1294,0.015830352902412415,,,,,,,,,
1295,1295,,,0.9769557118415833,0.05051819980144501,0.9708999395370483,0.08659832179546356,0.8991564512252808,0.03747500479221344,0.049409233033657074,0.04894876480102539
1295,1295,0.015825767070055008,,,,,,,,,
1296,1296,,,0.9768778681755066,0.05037606135010719,0.9709551334381104,0.08660302311182022,0.8991823196411133,0.03741764277219772,0.04941029101610184,0.04894876480102539
1296,1296,0.015821188688278198,,,,,,,,,
1297,1297,,,0.9769493937492371,0.050343047827482224,0.970939576625824,0.08659670501947403,0.8992196917533875,0.03745002672076225,0.04941244423389435,0.04894876480102539
1297,1297,0.015816612169146538,,,,,,,,,
1298,1298,,,0.9768319725990295,0.05017171427607536,0.9710156321525574,0.0866045355796814,0.8992425203323364,0.0373685285449028,0.04941330850124359,0.04894876480102539
1298,1298,0.01581203192472458,,,,,,,,,
1299,1299,,0.01580745540559292,,,,,,,,
1299,1299,,,0.9769572615623474,0.05017697438597679,0.9709755182266235,0.08659422397613525,0.8992841839790344,0.037432558834552765,0.04941587895154953,0.04894876480102539
1299,1299,0.01580745540559292,,,,,,,,,
1300,1300,,,0.9767693877220154,0.04995574802160263,0.971082866191864,0.0866074189543724,0.8993021845817566,0.03730900585651398,0.0494161918759346,0.04894876480102539
1300,1300,0.015802880749106407,,,,,,,,,
1301,1301,,,0.9769874811172485,0.05002891644835472,0.9709983468055725,0.08659011125564575,0.899351179599762,0.0374288484454155,0.049419425427913666,0.04894876480102539
1301,1301,0.015798324719071388,,,,,,,,,
1302,1302,,,0.9766770005226135,0.04971754550933838,0.9711663722991943,0.0866132527589798,0.8993598222732544,0.03723040595650673,0.04941898211836815,0.04894876480102539
1302,1302,0.015793755650520325,,,,,,,,,
1303,1303,,,0.9770632386207581,0.049914270639419556,0.9710012674331665,0.08658286184072495,0.8994219303131104,0.037451501935720444,0.049423374235630035,0.04894876480102539
1303,1303,0.015789199620485306,,,,,,,,,
1304,1304,,,0.9765227437019348,0.04943728819489479,0.9712771773338318,0.08662429451942444,0.8994131684303284,0.037115514278411865,0.049421343952417374,0.04894876480102539
1304,1304,0.01578466221690178,,,,,,,,,
1305,1305,,,0.9772242307662964,0.049862783402204514,0.9709632992744446,0.0865696519613266,0.8994989991188049,0.037525635212659836,0.04942794889211655,0.04894876480102539
1305,1305,0.015780149027705193,,,,,,,,,
1306,1306,,,0.976253867149353,0.04907148703932762,0.9714457988739014,0.08664669841527939,0.8994560241699219,0.036930765956640244,0.04942309856414795,0.04894876480102539
1306,1306,0.015775687992572784,,,,,,,,,
1307,1307,,,0.9775558710098267,0.04993489384651184,0.9708447456359863,0.08654561638832092,0.8995857238769531,0.03770212456583977,0.049433715641498566,0.04894876480102539
1307,1307,0.01577131822705269,,,,,,,,,
1308,1308,,,0.9757538437843323,0.048538289964199066,0.9717255234718323,0.08669338375329971,0.8994743824005127,0.03660983592271805,0.049423493444919586,0.04894876480102539
1308,1308,0.01576712355017662,,,,,,,,,
1309,1309,,,0.9782316088676453,0.05025520920753479,0.9705683588981628,0.08650391548871994,0.8996838331222534,0.03808917850255966,0.0494421049952507,0.04894876480102539
1309,1309,0.015763266012072563,,,,,,,,,
1310,1310,,,0.9747973084449768,0.047665175050497055,0.9722346663475037,0.0867995172739029,0.8994295001029968,0.036022868007421494,0.049421705305576324,0.04894876480102539
1310,1310,0.015760071575641632,,,,,,,,,
1311,1311,,,0.9796270728111267,0.05108676478266716,0.9699656367301941,0.08644461631774902,0.8997756838798523,0.03892361745238304,0.04945617914199829,0.04894876480102539
1311,1311,0.015758221969008446,,,,,,,,,
1312,1312,,,0.9729380011558533,0.046106480062007904,0.9732133746147156,0.08706634491682053,0.8992050290107727,0.034933142364025116,0.04941703379154205,0.04894876480102539
1312,1312,0.01575903221964836,,,,,,,,,
1313,1313,,,0.9825820922851562,0.05299365147948265,0.9686960577964783,0.0864267572760582,0.8997454643249512,0.04074769467115402,0.049485210329294205,0.04894876480102539
1313,1313,0.015765199437737465,,,,,,,,,
1314,1314,,,0.9693930149078369,0.043213408440351486,0.97516268491745,0.08781997859477997,0.8984289765357971,0.03301893174648285,0.04941505193710327,0.04894876480102539
1314,1314,0.01578233204782009,,,,,,,,,
1315,1315,,,0.9889436364173889,0.0571325346827507,0.9661002159118652,0.08681856840848923,0.8991039991378784,0.04478607326745987,0.049561165273189545,0.04894876480102539
1315,1315,0.01582130417227745,,,,,,,,,
1316,1316,,,0.9633315801620483,0.03814185410737991,0.9789561033248901,0.09008262306451797,0.8961204886436462,0.03051847033202648,0.0494614876806736,0.04894876480102539
1316,1316,0.01590403914451599,,,,,,,,,
1317,1317,,,1.0018483400344849,0.06514856964349747,0.9613674283027649,0.08902353793382645,0.8963806629180908,0.053084712475538254,0.049787502735853195,0.04894876480102539
1317,1317,0.016066137701272964,,,,,,,,,
1318,1318,,,0.9562901854515076,0.03184552118182182,0.9849700331687927,0.09561608731746674,0.8910709619522095,0.03048952855169773,0.04970628023147583,0.04894876480102539
1318,1318,0.016362372785806656,,,,,,,,,
1319,1319,,,1.0184483528137207,0.07487879693508148,0.9560329914093018,0.09398974478244781,0.8911222219467163,0.0638870969414711,0.05023344233632088,0.04894876480102539
1319,1319,0.016801344230771065,,,,,,,,,
1320,1320,,,0.9545947313308716,0.02958742342889309,0.9880279302597046,0.09937294572591782,0.8879069685935974,0.0323307029902935,0.04992743954062462,0.04894876480102539
1320,1320,0.0172754917293787,,,,,,,,,
1321,1321,,,1.0093774795532227,0.07052867114543915,0.9589122533798218,0.09164205193519592,0.8937181234359741,0.05952974036335945,0.0500493198633194,0.04894876480102539
1321,1321,0.01735711470246315,,,,,,,,,
1322,1322,,,0.9656293988227844,0.039087582379579544,0.9780066013336182,0.08924698829650879,0.896965503692627,0.030706167221069336,0.04944399744272232,0.04894876480102539
1322,1322,0.01681113801896572,,,,,,,,,
1323,1323,,,0.9742817282676697,0.04657928645610809,0.9730072021484375,0.0864717960357666,0.8997972011566162,0.03572043776512146,0.04943867772817612,0.04894876480102539
1323,1323,0.015984347090125084,,,,,,,,,
1324,1324,,,0.9950658679008484,0.06157330423593521,0.963786244392395,0.08781147748231888,0.8978673815727234,0.050285931676626205,0.049714162945747375,0.04894876480102539
1324,1324,0.015706509351730347,,,,,,,,,
1325,1325,,,0.9593434929847717,0.03336697816848755,0.9825510382652283,0.09318624436855316,0.8932031989097595,0.029667284339666367,0.049580302089452744,0.04894876480102539
1325,1325,0.01610521413385868,,,,,,,,,
1326,1326,,,1.000460147857666,0.06495355069637299,0.9619652628898621,0.08911240845918655,0.8966087102890015,0.05403613671660423,0.04984874278306961,0.04894876480102539
1326,1326,0.016501739621162415,,,,,,,,,
1327,1327,,,0.9678478240966797,0.04145202785730362,0.9764032363891602,0.08789622783660889,0.8982080817222595,0.03201860189437866,0.04941895231604576,0.04894876480102539
1327,1327,0.016331544145941734,,,,,,,,,
1328,1328,,,0.972882091999054,0.04598304256796837,0.973158061504364,0.08655057847499847,0.899864137172699,0.03509032726287842,0.0494220033288002,0.04894876480102539
1328,1328,0.015830878168344498,,,,,,,,,
1329,1329,,,0.9925197958946228,0.060024652630090714,0.9646610617637634,0.08730050921440125,0.8986908197402954,0.04860454425215721,0.04967499524354935,0.04894876480102539
1329,1329,0.01569640263915062,,,,,,,,,
1330,1330,,,0.9625426530838013,0.036003828048706055,0.9804103374481201,0.09078534692525864,0.8954490423202515,0.029765337705612183,0.04950089380145073,0.04894876480102539
1330,1330,0.01599235273897648,,,,,,,,,
1331,1331,,,0.9904477000236511,0.058338720351457596,0.9656741619110107,0.08702410757541656,0.899198055267334,0.047442637383937836,0.04966177046298981,0.04894876480102539
1331,1331,0.01615629717707634,,,,,,,,,
1332,1332,,,0.9739274382591248,0.04600754752755165,0.9726512432098389,0.08646374195814133,0.9001994729042053,0.03553374111652374,0.04943244904279709,0.04894876480102539
1332,1332,0.015925223007798195,,,,,,,,,
1333,1333,,,0.9694926738739014,0.04226641729474068,0.9753549098968506,0.0874595120549202,0.8991059064865112,0.032867733389139175,0.04943080246448517,0.04894876480102539
1333,1333,0.015670035034418106,,,,,,,,,
1334,1334,,,0.9909754395484924,0.05861157178878784,0.9655855894088745,0.08717557042837143,0.8991769552230835,0.047906674444675446,0.04968632012605667,0.04894876480102539
1334,1334,0.015746742486953735,,,,,,,,,
1335,1335,,,0.965910017490387,0.03896242380142212,0.9775876998901367,0.08892497420310974,0.8977202773094177,0.03089587390422821,0.049451008439064026,0.04894876480102539
1335,1335,0.015938516706228256,,,,,,,,,
1336,1336,,,0.9818775653839111,0.052058685570955276,0.9690501093864441,0.08611934632062912,0.9006043672561646,0.04129349812865257,0.049530044198036194,0.04894876480102539
1336,1336,0.015889866277575493,,,,,,,,,
1337,1337,,,0.9793360829353333,0.049797188490629196,0.9702802300453186,0.08614134788513184,0.9007568955421448,0.03943122178316116,0.04950631409883499,0.04894876480102539
1337,1337,0.01569122076034546,,,,,,,,,
1338,1338,,,0.9680196046829224,0.04020419716835022,0.9762095808982849,0.08820060640573502,0.8987420797348022,0.03189389035105705,0.04944711923599243,0.04894876480102539
1338,1338,0.015652786940336227,,,,,,,,,
1339,1339,,,0.9876924157142639,0.05563843250274658,0.9666609764099121,0.08668249100446701,0.8999447226524353,0.04533204808831215,0.04961615055799484,0.04894876480102539
1339,1339,0.015778476372361183,,,,,,,,,
1340,1340,,,0.9701959490776062,0.042143262922763824,0.9750802516937256,0.08748001605272293,0.899590253829956,0.03314806893467903,0.04945572465658188,0.04894876480102539
1340,1340,0.0158145260065794,,,,,,,,,
1341,1341,,,0.9761541485786438,0.0469403937458992,0.971976101398468,0.08641842752695084,0.9007538557052612,0.036920998245477676,0.04948638379573822,0.04894876480102539
1341,1341,0.01569601334631443,,,,,,,,,
1342,1342,,,0.9827185273170471,0.05193605273962021,0.9687570929527283,0.08627583086490631,0.9007691144943237,0.0415281243622303,0.04954764246940613,0.04894876480102539
1342,1342,0.015619697980582714,,,,,,,,,
1343,1343,,,0.9684905409812927,0.040508344769477844,0.9759207367897034,0.08818714320659637,0.8991407752037048,0.03212087228894234,0.0494634211063385,0.04894876480102539
1343,1343,0.015678631141781807,,,,,,,,,
1344,1344,,,0.9831616878509521,0.052117519080638885,0.9687860012054443,0.08633404225111008,0.9007394313812256,0.04193653538823128,0.04956699162721634,0.04894876480102539
1344,1344,0.015734590590000153,,,,,,,,,
1345,1345,,,0.9747663736343384,0.04522942751646042,0.9728719592094421,0.08672759681940079,0.9006887674331665,0.03569713234901428,0.0494878888130188,0.04894876480102539
1345,1345,0.015682263299822807,,,,,,,,,
1346,1346,,,0.9731175303459167,0.04380282014608383,0.9737040400505066,0.08703269064426422,0.9004575610160828,0.03468117490410805,0.049483370035886765,0.04894876480102539
1346,1346,0.015607967972755432,,,,,,,,,
1347,1347,,,0.9830244183540344,0.051578693091869354,0.9688936471939087,0.0863703042268753,0.9008241295814514,0.04175605997443199,0.04956880956888199,0.04894876480102539
1347,1347,0.015618368051946163,,,,,,,,,
1348,1348,,,0.9706752300262451,0.04161202535033226,0.9750024080276489,0.08768153190612793,0.8999561667442322,0.03312470391392708,0.04948265105485916,0.04894876480102539
1348,1348,0.015666572377085686,,,,,,,,,
1349,1349,,0.01565549336373806,,,,,,,,
1349,1349,,,0.979526698589325,0.04870200902223587,0.9707257151603699,0.08633114397525787,0.901118814945221,0.03898318111896515,0.04953782260417938,0.04894876480102539
1349,1349,0.01565549336373806,,,,,,,,,
1350,1350,,,0.9776389002799988,0.04726143926382065,0.9716865420341492,0.08642599731683731,0.9011213779449463,0.037713423371315,0.04952726885676384,0.04894876480102539
1350,1350,0.015600833110511303,,,,,,,,,
1351,1351,,,0.9721344709396362,0.04269517585635185,0.9743903875350952,0.08729493618011475,0.9004631638526917,0.03397989645600319,0.04949721693992615,0.04894876480102539
1351,1351,0.015583672560751438,,,,,,,,,
1352,1352,,,0.9820481538772583,0.050348374992609024,0.9695892930030823,0.08632001280784607,0.9010921716690063,0.04074425250291824,0.049565818160772324,0.04894876480102539
1352,1352,0.015611897222697735,,,,,,,,,
1353,1353,,,0.973017156124115,0.04309440404176712,0.9740698337554932,0.08712923526763916,0.9007002115249634,0.03444848582148552,0.04950670152902603,0.04894876480102539
1353,1353,0.015622022561728954,,,,,,,,,
1354,1354,,,0.9768565893173218,0.04619356989860535,0.9721295833587646,0.08650793880224228,0.9012444615364075,0.03702540695667267,0.049527402967214584,0.04894876480102539
1354,1354,0.015590857714414597,,,,,,,,,
1355,1355,,,0.9791817665100098,0.04794251173734665,0.9710074067115784,0.0863417387008667,0.9013500213623047,0.038590606302022934,0.049544841051101685,0.04894876480102539
1355,1355,0.015563872642815113,,,,,,,,,
1356,1356,,,0.9724720120429993,0.042452797293663025,0.9744349718093872,0.08727774024009705,0.9007230997085571,0.03402028977870941,0.04951387271285057,0.04894876480102539
1356,1356,0.01557154767215252,,,,,,,,,
1357,1357,,,0.9802631735801697,0.048624638468027115,0.9706055521965027,0.08632756024599075,0.9013917446136475,0.03937307000160217,0.04956260323524475,0.04894876480102539
1357,1357,0.015586037188768387,,,,,,,,,
1358,1358,,,0.9748783111572266,0.04430548474192619,0.9731478095054626,0.08679766207933426,0.9012221097946167,0.035536717623472214,0.049522608518600464,0.04894876480102539
1358,1358,0.015574962832033634,,,,,,,,,
1359,1359,,,0.9754871129989624,0.044699862599372864,0.9729127883911133,0.0867062509059906,0.9013248085975647,0.03592558205127716,0.0495293065905571,0.04894876480102539
1359,1359,0.015550770796835423,,,,,,,,,
1360,1360,,,0.9794458746910095,0.04771087318658829,0.9711053371429443,0.08635397255420685,0.9015284776687622,0.03868013992905617,0.04956210404634476,0.04894876480102539
1360,1360,0.015543537214398384,,,,,,,,,
1361,1361,,,0.9732943773269653,0.042708829045295715,0.9741232395172119,0.0871339738368988,0.9010825753211975,0.034391965717077255,0.04952743649482727,0.04894876480102539
1361,1361,0.015552380122244358,,,,,,,,,
1362,1362,,,0.9788084626197815,0.04713940620422363,0.9713585376739502,0.08638156950473785,0.9016191959381104,0.03817247226834297,0.049557194113731384,0.04894876480102539
1362,1362,0.015552991069853306,,,,,,,,,
1363,1363,,,0.9760743975639343,0.04493878781795502,0.9727619290351868,0.08663228899240494,0.9015359878540039,0.03626662865281105,0.04954386502504349,0.04894876480102539
1363,1363,0.01553809642791748,,,,,,,,,
1364,1364,,,0.9749676585197449,0.043938200920820236,0.9733635783195496,0.08680450171232224,0.9014526605606079,0.035456832498311996,0.04954076558351517,0.04894876480102539
1364,1364,0.01552454475313425,,,,,,,,,
1365,1365,,,0.9791095852851868,0.047166697680950165,0.9713042378425598,0.0863608866930008,0.9017399549484253,0.03832218796014786,0.049566417932510376,0.04894876480102539
1365,1365,0.015524150803685188,,,,,,,,,
1366,1366,,,0.9740201234817505,0.04305596277117729,0.9738149046897888,0.08697213232517242,0.9014159440994263,0.034823570400476456,0.04953991621732712,0.04894876480102539
1366,1366,0.0155275734141469,,,,,,,,,
1367,1367,,,0.9777178764343262,0.04593898355960846,0.9720144867897034,0.08645935356616974,0.9018010497093201,0.037324417382478714,0.04956129938364029,0.04894876480102539
1367,1367,0.015521908178925514,,,,,,,,,
1368,1368,,,0.9767161011695862,0.04505490884184837,0.9725186228752136,0.0865674838423729,0.9017910957336426,0.03656088933348656,0.04955606162548065,0.04894876480102539
1368,1368,0.01550981029868126,,,,,,,,,
1369,1369,,,0.9748378396034241,0.04353669658303261,0.9734440445899963,0.08683622628450394,0.9016547203063965,0.03529583662748337,0.04954902082681656,0.04894876480102539
1369,1369,0.015502529218792915,,,,,,,,,
1370,1370,,,0.9784892201423645,0.046433959156274796,0.9716373085975647,0.08640726655721664,0.9019573926925659,0.03783568739891052,0.04957219958305359,0.04894876480102539
1370,1370,0.015502465888857841,,,,,,,,,
1371,1371,,,0.9747098684310913,0.043307457119226456,0.9735285043716431,0.08688949793577194,0.901728093624115,0.0351351723074913,0.04955307021737099,0.04894876480102539
1371,1371,0.015501610934734344,,,,,,,,,
1372,1372,,,0.9771162271499634,0.04518129304051399,0.9723609685897827,0.08655067533254623,0.9020012617111206,0.036765627562999725,0.04956786707043648,0.04894876480102539
1372,1372,0.01549464650452137,,,,,,,,,
1373,1373,,,0.9768514037132263,0.04492969438433647,0.9724884629249573,0.08658115565776825,0.902033805847168,0.036594536155462265,0.0495687760412693,0.04894876480102539
1373,1373,0.015485716983675957,,,,,,,,,
1374,1374,,,0.9750070571899414,0.043355267494916916,0.9733917117118835,0.08685936033725739,0.9019105434417725,0.03529161214828491,0.04956110566854477,0.04894876480102539
1374,1374,0.015480843372642994,,,,,,,,,
1375,1375,,,0.9780483245849609,0.04570889472961426,0.9719045758247375,0.08648284524679184,0.9021867513656616,0.03736897557973862,0.04957970976829529,0.04894876480102539
1375,1375,0.015479478985071182,,,,,,,,,
1376,1376,,,0.9751189947128296,0.04332586005330086,0.9733808636665344,0.08685707300901413,0.9020145535469055,0.035337895154953,0.049567557871341705,0.04894876480102539
1376,1376,0.015476521104574203,,,,,,,,,
1377,1377,,,0.976756751537323,0.044617682695388794,0.9725576639175415,0.08661685138940811,0.902219295501709,0.03644633665680885,0.0495767705142498,0.04894876480102539
1377,1377,0.015470029786229134,,,,,,,,,
1378,1378,,,0.9768381118774414,0.044619135558605194,0.9725277423858643,0.08661151677370071,0.9022732973098755,0.03647206723690033,0.04957921430468559,0.04894876480102539
1378,1378,0.015463083051145077,,,,,,,,,
1379,1379,,,0.9752246141433716,0.04325120523571968,0.973362147808075,0.08685050159692764,0.9021716117858887,0.03535729646682739,0.049575138837099075,0.04894876480102539
1379,1379,0.015458784066140652,,,,,,,,,
1380,1380,,,0.977610170841217,0.04511047899723053,0.9721761345863342,0.08653247356414795,0.9024134278297424,0.036996785551309586,0.04958898574113846,0.04894876480102539
1380,1380,0.015456234104931355,,,,,,,,,
1381,1381,,,0.9753892421722412,0.04325799643993378,0.9732919335365295,0.08682870119810104,0.9022929072380066,0.03542306274175644,0.049579963088035583,0.04894876480102539
1381,1381,0.015452506020665169,,,,,,,,,
1382,1382,,,0.9766451120376587,0.04420149698853493,0.9727160334587097,0.08664744347333908,0.9024525880813599,0.03626818582415581,0.049589335918426514,0.04894876480102539
1382,1382,0.01544674951583147,,,,,,,,,
1383,1383,,,0.9767058491706848,0.044188469648361206,0.9727084040641785,0.0866449698805809,0.9025047421455383,0.03629039600491524,0.04959245026111603,0.04894876480102539
1383,1383,0.015440848655998707,,,,,,,,,
1384,1384,,,0.9754815697669983,0.04315444454550743,0.9733032584190369,0.08682938665151596,0.902446985244751,0.03542526438832283,0.04958841949701309,0.04894876480102539
1384,1384,0.015436488203704357,,,,,,,,,
1385,1385,,,0.9773219227790833,0.04459153860807419,0.9724030494689941,0.086576908826828,0.9026433825492859,0.03668979927897453,0.04959969222545624,0.04894876480102539
1385,1385,0.015433159656822681,,,,,,,,,
1386,1386,,,0.9755599498748779,0.043104421347379684,0.9733336567878723,0.08682463318109512,0.9025475382804871,0.03544527664780617,0.049595318734645844,0.04894876480102539
1386,1386,0.015429194085299969,,,,,,,,,
1387,1387,,,0.976656973361969,0.0439147874712944,0.972806453704834,0.08666672557592392,0.9026946425437927,0.03616417199373245,0.049602314829826355,0.04894876480102539
1387,1387,0.015424040146172047,,,,,,,,,
1388,1388,,,0.9765497446060181,0.04376986250281334,0.97286456823349,0.0866825059056282,0.9027376770973206,0.0360759012401104,0.049603987485170364,0.04894876480102539
1388,1388,0.015418666414916515,,,,,,,,,
1389,1389,,,0.9757221341133118,0.04303751513361931,0.9733014106750488,0.08680841326713562,0.9027132987976074,0.035494718700647354,0.049603525549173355,0.04894876480102539
1389,1389,0.015414128080010414,,,,,,,,,
1390,1390,,,0.9771228432655334,0.0440896637737751,0.9726327657699585,0.08661346137523651,0.9028744697570801,0.03642915561795235,0.049612294882535934,0.04894876480102539
1390,1390,0.015410291962325573,,,,,,,,,
1391,1391,,,0.97569739818573,0.04288696497678757,0.9733747839927673,0.08681675791740417,0.902808666229248,0.03542136773467064,0.04960912838578224,0.04894876480102539
1391,1391,0.015406246297061443,,,,,,,,,
1392,1392,,,0.9766853451728821,0.04364171624183655,0.972903311252594,0.08666624873876572,0.9029454588890076,0.036095038056373596,0.04961603134870529,0.04894876480102539
1392,1392,0.015401512384414673,,,,,,,,,
1393,1393,,,0.9763898849487305,0.043334607034921646,0.9730718731880188,0.08671186864376068,0.9029729962348938,0.03586262837052345,0.04961737245321274,0.04894876480102539
1393,1393,0.015396478585898876,,,,,,,,,
1394,1394,,,0.9759781956672668,0.04292653873562813,0.973300576210022,0.08677925914525986,0.9029868841171265,0.035551100969314575,0.049618445336818695,0.04894876480102539
1394,1394,0.01539180614054203,,,,,,,,,
1395,1395,,,0.9769179821014404,0.0436248779296875,0.9728537797927856,0.08664276450872421,0.9031122326850891,0.03619077056646347,0.04962516576051712,0.04894876480102539
1395,1395,0.015387611463665962,,,,,,,,,
1396,1396,,,0.9757921695709229,0.04265128821134567,0.9734435677528381,0.08681220561265945,0.9030702114105225,0.03539205342531204,0.04962372034788132,0.04894876480102539
1396,1396,0.015383472666144371,,,,,,,,,
1397,1397,,,0.976750910282135,0.043348949402570724,0.9729884266853333,0.08667397499084473,0.9032022356987,0.03602084890007973,0.04963013529777527,0.04894876480102539
1397,1397,0.015378996729850769,,,,,,,,,
1398,1398,,,0.9762510061264038,0.04288451373577118,0.9732630252838135,0.08675164729356766,0.9032147526741028,0.035659100860357285,0.049631353467702866,0.04894876480102539
1398,1398,0.015374221839010715,,,,,,,,,
1399,1399,,0.015369496308267117,,,,,,,,
1399,1399,,,0.9761883020401001,0.04277787357568741,0.9733087420463562,0.08676423877477646,0.9032628536224365,0.03560022637248039,0.049633875489234924,0.04894876480102539
1399,1399,0.015369496308267117,,,,,,,,,
1400,1400,,,0.9767379760742188,0.043152231723070145,0.973053514957428,0.08668722957372665,0.9033591747283936,0.03595208376646042,0.04963862523436546,0.04894876480102539
1400,1400,0.015365051105618477,,,,,,,,,
1401,1401,,,0.9759273529052734,0.04242657124996185,0.9734938144683838,0.08681655675172806,0.9033430814743042,0.03537081927061081,0.049639150500297546,0.04894876480102539
1401,1401,0.015360777266323566,,,,,,,,,
1402,1402,,,0.9767609238624573,0.04303426295518875,0.9730932712554932,0.08669266104698181,0.9034663438796997,0.03592614829540253,0.04964490979909897,0.04894876480102539
1402,1402,0.015356415882706642,,,,,,,,,
1403,1403,,,0.9761475324630737,0.04247570037841797,0.9734121561050415,0.08678942173719406,0.9034725427627563,0.03547888249158859,0.04964530095458031,0.04894876480102539
1403,1403,0.015351844020187855,,,,,,,,,
1404,1404,,,0.9763972163200378,0.04261171817779541,0.9733099341392517,0.08675365149974823,0.9035477042198181,0.035629887133836746,0.04964914172887802,0.04894876480102539
1404,1404,0.015347178094089031,,,,,,,,,
1405,1405,,,0.9765498042106628,0.042670298367738724,0.9732593297958374,0.08673344552516937,0.9036136865615845,0.03571593016386032,0.049652814865112305,0.04894876480102539
1405,1405,0.0153425894677639,,,,,,,,,
1406,1406,,,0.9760820865631104,0.04223039001226425,0.973508358001709,0.08681058883666992,0.903629720211029,0.03537207469344139,0.04965401440858841,0.04894876480102539
1406,1406,0.015338151715695858,,,,,,,,,
1407,1407,,,0.976716160774231,0.0426793172955513,0.9732025265693665,0.08671510219573975,0.9037377834320068,0.03578939288854599,0.049658775329589844,0.04894876480102539
1407,1407,0.015333768911659718,,,,,,,,,
1408,1408,,,0.9761018753051758,0.04211544990539551,0.973538875579834,0.08681537955999374,0.9037417769432068,0.03534644469618797,0.04966011643409729,0.04894876480102539
1408,1408,0.015329317189753056,,,,,,,,,
1409,1409,,,0.9765489101409912,0.042407117784023285,0.9733335971832275,0.08674797415733337,0.903835117816925,0.03562908247113228,0.049664340913295746,0.04894876480102539
1409,1409,0.015324756503105164,,,,,,,,,
1410,1410,,,0.9763779044151306,0.042206667363643646,0.9734359383583069,0.08677762001752853,0.9038775563240051,0.03549110144376755,0.04966665804386139,0.04894876480102539
1410,1410,0.015320152044296265,,,,,,,,,
1411,1411,,,0.9762619137763977,0.04205242916941643,0.9735140204429626,0.08679994940757751,0.9039236903190613,0.03539386764168739,0.04966941103339195,0.04894876480102539
1411,1411,0.015315596014261246,,,,,,,,,
1412,1412,,,0.9766132831573486,0.04227028787136078,0.9733576774597168,0.08674930781126022,0.9040085077285767,0.035611268132925034,0.04967346042394638,0.04894876480102539
1412,1412,0.015311120077967644,,,,,,,,,
1413,1413,,,0.9761504530906677,0.04183366894721985,0.9736131429672241,0.08682816475629807,0.9040261507034302,0.03526979684829712,0.04967525601387024,0.04894876480102539
1413,1413,0.015306663699448109,,,,,,,,,
1414,1414,,,0.9766155481338501,0.04215038940310478,0.9733971357345581,0.08675498515367508,0.9041222333908081,0.03557252138853073,0.04967956990003586,0.04894876480102539
1414,1414,0.015302170999348164,,,,,,,,,
1415,1415,,,0.9762585759162903,0.04179665818810463,0.9735987186431885,0.08681656420230865,0.9041497707366943,0.03530571982264519,0.04968171566724777,0.04894876480102539
1415,1415,0.015297625213861465,,,,,,,,,
1416,1416,,,0.976442813873291,0.041876934468746185,0.9735234379768372,0.08679115772247314,0.9042229652404785,0.03540806472301483,0.04968515411019325,0.04894876480102539
1416,1416,0.015293050557374954,,,,,,,,,
1417,1417,,,0.9764666557312012,0.04183429107069969,0.9735307097434998,0.08679039031267166,0.9042826890945435,0.03540627658367157,0.04968833178281784,0.04894876480102539
1417,1417,0.015288491733372211,,,,,,,,,
1418,1418,,,0.9762656092643738,0.041610997170209885,0.9736536741256714,0.08682682365179062,0.9043235778808594,0.035248398780822754,0.049691006541252136,0.04894876480102539
1418,1418,0.015283973887562752,,,,,,,,,
1419,1419,,,0.9765911102294922,0.04180970415472984,0.9735099077224731,0.08677724748849869,0.9044087529182434,0.03544783592224121,0.04969489574432373,0.04894876480102539
1419,1419,0.015279472805559635,,,,,,,,,
1420,1420,,,0.9762362241744995,0.041463229805231094,0.9737113118171692,0.08683989942073822,0.9044376015663147,0.03518567234277725,0.04969733953475952,0.04894876480102539
1420,1420,0.015274959616363049,,,,,,,,,
1421,1421,,,0.9765496253967285,0.041657742112874985,0.973568320274353,0.08679082244634628,0.9045234322547913,0.03538231551647186,0.04970111697912216,0.04894876480102539
1421,1421,0.015270423144102097,,,,,,,,,
1422,1422,,,0.9763432145118713,0.04142763838171959,0.9736931920051575,0.08682956546545029,0.9045655131340027,0.0352177694439888,0.049703825265169144,0.04894876480102539
1422,1422,0.015265846624970436,,,,,,,,,
1423,1423,,,0.9764249324798584,0.04142875596880913,0.973676860332489,0.08682011067867279,0.9046311974525452,0.035252075642347336,0.049707379192113876,0.04894876480102539
1423,1423,0.015261280350387096,,,,,,,,,
1424,1424,,,0.976487934589386,0.041416894644498825,0.9736664295196533,0.08681370317935944,0.9046958684921265,0.035274896770715714,0.04971080645918846,0.04894876480102539
1424,1424,0.015256725251674652,,,,,,,,,
1425,1425,,,0.9763185977935791,0.04121910035610199,0.9737695455551147,0.08684708923101425,0.9047418832778931,0.03513817861676216,0.049713633954524994,0.04894876480102539
1425,1425,0.015252177603542805,,,,,,,,,
1426,1426,,,0.9765627384185791,0.04135475680232048,0.973665714263916,0.08681038022041321,0.9048223495483398,0.035285115242004395,0.04971741512417793,0.04894876480102539
1426,1426,0.015247637405991554,,,,,,,,,
1427,1427,,,0.9763080477714539,0.04108832776546478,0.973819375038147,0.08685892820358276,0.9048606753349304,0.03509017080068588,0.049720399081707,0.04894876480102539
1427,1427,0.015243088826537132,,,,,,,,,
1428,1428,,,0.9765397906303406,0.04121546074748039,0.9737201929092407,0.08682353794574738,0.9049412608146667,0.035227056592702866,0.04972406476736069,0.04894876480102539
1428,1428,0.015238527208566666,,,,,,,,,
1429,1429,,,0.9763839244842529,0.041029658168554306,0.9738204479217529,0.08685525506734848,0.9049891829490662,0.03510010987520218,0.0497271791100502,0.04894876480102539
1429,1429,0.015233943238854408,,,,,,,,,
1430,1430,,,0.9764583110809326,0.04102757200598717,0.9738039374351501,0.08684780448675156,0.9050566554069519,0.035130321979522705,0.04973074048757553,0.04894876480102539
1430,1430,0.015229367651045322,,,,,,,,,
1431,1431,,,0.976485550403595,0.04098789766430855,0.9738101363182068,0.08684846013784409,0.9051206111907959,0.03512682765722275,0.04973415285348892,0.04894876480102539
1431,1431,0.015224788337945938,,,,,,,,,
1432,1432,,,0.9763878583908081,0.04085085168480873,0.9738807678222656,0.08687019348144531,0.9051742553710938,0.0350404754281044,0.04973744601011276,0.04894876480102539
1432,1432,0.015220210887491703,,,,,,,,,
1433,1433,,,0.976547360420227,0.04092028737068176,0.9738206267356873,0.08684728294610977,0.9052500128746033,0.035128895193338394,0.04974116012454033,0.04894876480102539
1433,1433,0.015215637162327766,,,,,,,,,
1434,1434,,,0.9763733744621277,0.040718890726566315,0.9739322066307068,0.08688392490148544,0.9052972793579102,0.03498773276805878,0.049744442105293274,0.04894876480102539
1434,1434,0.01521106343716383,,,,,,,,,
1435,1435,,,0.9765529036521912,0.04080542176961899,0.9738587737083435,0.08685736358165741,0.9053757786750793,0.035090137273073196,0.04974810406565666,0.04894876480102539
1435,1435,0.0152064748108387,,,,,,,,,
1436,1436,,,0.9764103889465332,0.04063241183757782,0.9739524722099304,0.08688770234584808,0.9054267406463623,0.034972935914993286,0.04975143074989319,0.04894876480102539
1436,1436,0.015201879665255547,,,,,,,,,
1437,1437,,,0.9765142798423767,0.040655430406332016,0.9739217758178711,0.08687485754489899,0.9054986834526062,0.03502180799841881,0.04975512623786926,0.04894876480102539
1437,1437,0.015197287313640118,,,,,,,,,
1438,1438,,,0.9764790534973145,0.04056720808148384,0.9739614725112915,0.08688700199127197,0.9055591821670532,0.03497620299458504,0.049758657813072205,0.04894876480102539
1438,1438,0.015192684717476368,,,,,,,,,
1439,1439,,,0.9764665961265564,0.040499430149793625,0.9739874005317688,0.08689489215612411,0.9056223034858704,0.034947339445352554,0.04976218193769455,0.04894876480102539
1439,1439,0.01518807653337717,,,,,,,,,
1440,1440,,,0.9765377044677734,0.040498778223991394,0.9739716053009033,0.0868879109621048,0.9056926369667053,0.034974612295627594,0.04976584017276764,0.04894876480102539
1440,1440,0.015183474868535995,,,,,,,,,
1441,1441,,,0.9764418601989746,0.0403626374900341,0.9740439653396606,0.08691136538982391,0.9057486653327942,0.03488706797361374,0.04976942390203476,0.04894876480102539
1441,1441,0.015178872272372246,,,,,,,,,
1442,1442,,,0.9765690565109253,0.04040875658392906,0.9739994406700134,0.08689383417367935,0.9058244824409485,0.03495292365550995,0.04977315664291382,0.04894876480102539
1442,1442,0.015174261294305325,,,,,,,,,
1443,1443,,,0.9764474034309387,0.0402543768286705,0.9740824699401855,0.086921826004982,0.9058792591094971,0.034849587827920914,0.049776699393987656,0.04894876480102539
1443,1443,0.015169651247560978,,,,,,,,,
1444,1444,,,0.976567804813385,0.040293458849191666,0.9740413427352905,0.0869060829281807,0.9059550166130066,0.03490973636507988,0.04978045076131821,0.04894876480102539
1444,1444,0.015165025368332863,,,,,,,,,
1445,1445,,,0.9764830470085144,0.040166936814785004,0.9741078019142151,0.08692797273397446,0.9060131907463074,0.03483001887798309,0.04978412762284279,0.04894876480102539
1445,1445,0.015160410664975643,,,,,,,,,
1446,1446,,,0.9765483736991882,0.04016409069299698,0.9740952253341675,0.08692143857479095,0.9060847759246826,0.03485393896698952,0.049787864089012146,0.04894876480102539
1446,1446,0.015155778266489506,,,,,,,,,
1447,1447,,,0.9765274524688721,0.040090326219797134,0.974126935005188,0.08693153411149979,0.90614914894104,0.03481776639819145,0.049791544675827026,0.04894876480102539
1447,1447,0.015151145868003368,,,,,,,,,
1448,1448,,,0.9765278697013855,0.04003371670842171,0.974148154258728,0.08693797141313553,0.9062156081199646,0.03479640930891037,0.049795299768447876,0.04894876480102539
1448,1448,0.015146508812904358,,,,,,,,,
1449,1449,,0.01514187641441822,,,,,,,,
1449,1449,,,0.9765681028366089,0.040010519325733185,0.9741493463516235,0.08693661540746689,0.9062857031822205,0.03480282425880432,0.049799107015132904,0.04894876480102539
1449,1449,0.01514187641441822,,,,,,,,,
1450,1450,,,0.9765161871910095,0.03991376608610153,0.9741969108581543,0.08695241808891296,0.9063483476638794,0.03474603593349457,0.049802832305431366,0.04894876480102539
1450,1450,0.015137236565351486,,,,,,,,,
1451,1451,,,0.9765961170196533,0.03992217779159546,0.9741779565811157,0.08694373816251755,0.9064224362373352,0.0347784124314785,0.04980667680501938,0.04894876480102539
1451,1451,0.01513258833438158,,,,,,,,,
1452,1452,,,0.9765219688415527,0.03980596363544464,0.9742395877838135,0.08696460723876953,0.9064833521842957,0.03470616042613983,0.04981054738163948,0.04894876480102539
1452,1452,0.015127938240766525,,,,,,,,,
1453,1453,,,0.9766106009483337,0.03982250392436981,0.974213182926178,0.08695434778928757,0.90655916929245,0.034744370728731155,0.04981432110071182,0.04894876480102539
1453,1453,0.01512329000979662,,,,,,,,,
1454,1454,,,0.9765392541885376,0.03971102833747864,0.9742711186408997,0.08697427809238434,0.9066212177276611,0.03467505797743797,0.04981815814971924,0.04894876480102539
1454,1454,0.015118638053536415,,,,,,,,,
1455,1455,,,0.9766128063201904,0.03971492126584053,0.9742563366889954,0.08696699142456055,0.9066959619522095,0.034703124314546585,0.04982210695743561,0.04894876480102539
1455,1455,0.015113982371985912,,,,,,,,,
1456,1456,,,0.9765674471855164,0.03962334245443344,0.9743022918701172,0.0869826227426529,0.9067607522010803,0.034649964421987534,0.04982602968811989,0.04894876480102539
1456,1456,0.01510931458324194,,,,,,,,,
1457,1457,,,0.9766108393669128,0.03960496932268143,0.9742999076843262,0.08698083460330963,0.9068339467048645,0.03465813770890236,0.04982989653944969,0.04894876480102539
1457,1457,0.015104640275239944,,,,,,,,,
1458,1458,,,0.9765966534614563,0.03953924402594566,0.9743293523788452,0.0869906097650528,0.906902015209198,0.034626755863428116,0.049833860248327255,0.04894876480102539
1458,1458,0.01509997621178627,,,,,,,,,
1459,1459,,,0.9766101241111755,0.039495814591646194,0.9743449687957764,0.08699500560760498,0.9069728851318359,0.03461376577615738,0.04983785003423691,0.04894876480102539
1459,1459,0.015095309354364872,,,,,,,,,
1460,1460,,,0.9766251444816589,0.039454348385334015,0.9743590950965881,0.08699900656938553,0.9070442318916321,0.03460220992565155,0.04984183609485626,0.04894876480102539
1460,1460,0.015090622007846832,,,,,,,,,
1461,1461,,,0.976611316204071,0.03939045965671539,0.9743881821632385,0.0870085209608078,0.9071133732795715,0.03457159921526909,0.04984584450721741,0.04894876480102539
1461,1461,0.015085950493812561,,,,,,,,,
1462,1462,,,0.9766504168510437,0.039367541670799255,0.9743908643722534,0.08700820058584213,0.907187283039093,0.03457542881369591,0.04984989017248154,0.04894876480102539
1462,1462,0.015081262215971947,,,,,,,,,
1463,1463,,,0.97661954164505,0.039289623498916626,0.9744293689727783,0.08702138811349869,0.9072555303573608,0.03453248366713524,0.04985395818948746,0.04894876480102539
1463,1463,0.015076571144163609,,,,,,,,,
1464,1464,,,0.9766707420349121,0.039278656244277954,0.9744239449501038,0.08701831847429276,0.9073314070701599,0.03454568609595299,0.0498579777777195,0.04894876480102539
1464,1464,0.015071878209710121,,,,,,,,,
1465,1465,,,0.9766302704811096,0.039193831384181976,0.9744676947593689,0.08703351765871048,0.9073993563652039,0.03449676185846329,0.04986211657524109,0.04894876480102539
1465,1465,0.015067175962030888,,,,,,,,,
1466,1466,,,0.9766881465911865,0.03918788954615593,0.9744600653648376,0.08702933043241501,0.9074763059616089,0.03451361134648323,0.049866195768117905,0.04894876480102539
1466,1466,0.015062481164932251,,,,,,,,,
1467,1467,,,0.9766460657119751,0.039101872593164444,0.9745047688484192,0.08704525977373123,0.9075446128845215,0.034463196992874146,0.04987037554383278,0.04894876480102539
1467,1467,0.015057775191962719,,,,,,,,,
1468,1468,,,0.9767031669616699,0.03909577801823616,0.9744968414306641,0.08704113960266113,0.9076221585273743,0.03448005020618439,0.04987447336316109,0.04894876480102539
1468,1468,0.015053067356348038,,,,,,,,,
1469,1469,,,0.9766631126403809,0.03901136294007301,0.9745404720306396,0.08705686032772064,0.907691240310669,0.03443074971437454,0.04987868666648865,0.04894876480102539
1469,1469,0.015048358589410782,,,,,,,,,
1470,1470,,,0.9767187833786011,0.03900451213121414,0.9745336174964905,0.08705324679613113,0.9077692627906799,0.03444615751504898,0.04988282546401024,0.04894876480102539
1470,1470,0.015043643303215504,,,,,,,,,
1471,1471,,,0.9766804575920105,0.03892282396554947,0.9745768904685974,0.08706864714622498,0.9078391194343567,0.03439859673380852,0.04988711327314377,0.04894876480102539
1471,1471,0.015038926154375076,,,,,,,,,
1472,1472,,,0.9767343401908875,0.038915447890758514,0.9745708703994751,0.08706533163785934,0.9079175591468811,0.03441275656223297,0.04989127814769745,0.04894876480102539
1472,1472,0.0150342071428895,,,,,,,,,
1473,1473,,,0.976697564125061,0.03883517533540726,0.9746131300926208,0.08708062767982483,0.9079881906509399,0.03436597064137459,0.04989559203386307,0.04894876480102539
1473,1473,0.015029482543468475,,,,,,,,,
1474,1474,,,0.9767516851425171,0.038827527314424515,0.9746080040931702,0.08707741647958755,0.9080671668052673,0.03438030183315277,0.04989983141422272,0.04894876480102539
1474,1474,0.015024745836853981,,,,,,,,,
1475,1475,,,0.9767138957977295,0.03874613717198372,0.9746502637863159,0.08709315210580826,0.9081384539604187,0.03433283418416977,0.049904175102710724,0.04894876480102539
1475,1475,0.015020017512142658,,,,,,,,,
1476,1476,,,0.9767704010009766,0.038741156458854675,0.9746423959732056,0.08708935976028442,0.908218502998352,0.03434886038303375,0.049908388406038284,0.04894876480102539
1476,1476,0.015015275217592716,,,,,,,,,
1477,1477,,,0.9767287373542786,0.03865741565823555,0.9746888875961304,0.0871061459183693,0.9082898497581482,0.034298766404390335,0.049912869930267334,0.04894876480102539
1477,1477,0.01501054223626852,,,,,,,,,
1478,1478,,,0.9767922759056091,0.03865870460867882,0.9746778607368469,0.0871010422706604,0.9083711504936218,0.034318957477808,0.04991712421178818,0.04894876480102539
1478,1478,0.015005792491137981,,,,,,,,,
1479,1479,,,0.9767420291900635,0.03856915235519409,0.9747270941734314,0.08711973577737808,0.908442497253418,0.034263305366039276,0.04992159456014633,0.04894876480102539
1479,1479,0.015001047402620316,,,,,,,,,
1480,1480,,,0.9768161773681641,0.03857943043112755,0.9747101664543152,0.08711233735084534,0.9085255265235901,0.03429116681218147,0.04992586746811867,0.04894876480102539
1480,1480,0.014996296726167202,,,,,,,,,
1481,1481,,,0.9767522215843201,0.038477823138237,0.9747681617736816,0.08713429421186447,0.9085960984230042,0.03422579914331436,0.049930453300476074,0.04894876480102539
1481,1481,0.014991539530456066,,,,,,,,,
1482,1482,,,0.9768460392951965,0.03850402683019638,0.9747406244277954,0.08712275326251984,0.9086815118789673,0.03426622971892357,0.04993470013141632,0.04894876480102539
1482,1482,0.014986777678132057,,,,,,,,,
1483,1483,,,0.9767571091651917,0.03838358819484711,0.9748120903968811,0.08714998513460159,0.9087505340576172,0.034184928983449936,0.04993940144777298,0.04894876480102539
1483,1483,0.014982014894485474,,,,,,,,,
1484,1484,,,0.9768820405006409,0.03843502700328827,0.9747679829597473,0.08713197708129883,0.9088394045829773,0.03424610570073128,0.04994362220168114,0.04894876480102539
1484,1484,0.014977258630096912,,,,,,,,,
1485,1485,,,0.9767547845840454,0.03828388452529907,0.9748597145080566,0.08716784417629242,0.9089055061340332,0.03413863107562065,0.04994843900203705,0.04894876480102539
1485,1485,0.014972483739256859,,,,,,,,,
1486,1486,,,0.9769289493560791,0.03837590292096138,0.9747893214225769,0.08713896572589874,0.9089995622634888,0.034233178943395615,0.04995257779955864,0.04894876480102539
1486,1486,0.014967712573707104,,,,,,,,,
1487,1487,,,0.976738452911377,0.0381745882332325,0.9749155044555664,0.08718878030776978,0.9090601801872253,0.03408355638384819,0.04995761439204216,0.04894876480102539
1487,1487,0.014962943270802498,,,,,,,,,
1488,1488,,,0.9769954085350037,0.03833243250846863,0.9748002886772156,0.08714216947555542,0.9091625213623047,0.03423244133591652,0.049961552023887634,0.04894876480102539
1488,1488,0.014958171173930168,,,,,,,,,
1489,1489,,,0.9766995310783386,0.03804705664515495,0.9749844074249268,0.08721527457237244,0.9092137813568115,0.03401318937540054,0.0499669685959816,0.04894876480102539
1489,1489,0.01495339721441269,,,,,,,,,
1490,1490,,,0.9770923852920532,0.03831445053219795,0.9747949242591858,0.08713896572589874,0.9093294143676758,0.03425266593694687,0.049970533698797226,0.04894876480102539
1490,1490,0.014948626980185509,,,,,,,,,
1491,1491,,,0.9766202569007874,0.037888072431087494,0.975074827671051,0.08725111931562424,0.9093647003173828,0.03391645848751068,0.04997652769088745,0.04894876480102539
1491,1491,0.014943873509764671,,,,,,,,,
1492,1492,,,0.9772443771362305,0.03834095969796181,0.974760115146637,0.08712437003850937,0.9095020890235901,0.034309688955545425,0.04997945576906204,0.04894876480102539
1492,1492,0.014939121901988983,,,,,,,,,
1493,1493,,,0.976469874382019,0.03767227381467819,0.9752057194709778,0.0873047262430191,0.9095088243484497,0.03377309814095497,0.04998651519417763,0.04894876480102539
1493,1493,0.014934421516954899,,,,,,,,,
1494,1494,,,0.9774965047836304,0.0384482778608799,0.9746708273887634,0.08708985149860382,0.9096832275390625,0.0344342403113842,0.049988195300102234,0.04894876480102539
1494,1494,0.01492977049201727,,,,,,,,,
1495,1495,,,0.9761888384819031,0.03735273331403732,0.9754094481468201,0.08739153295755386,0.909637987613678,0.033545952290296555,0.049997203052043915,0.04894876480102539
1495,1495,0.014925229363143444,,,,,,,,,
1496,1496,,,0.9779343605041504,0.038703802973032,0.9744825959205627,0.08702033758163452,0.9098761081695557,0.034685488790273666,0.04999665543437004,0.04894876480102539
1496,1496,0.014920883812010288,,,,,,,,,
1497,1497,,,0.9756690859794617,0.03683962672948837,0.9757496118545532,0.08754508942365646,0.9097333550453186,0.03316868841648102,0.05000944435596466,0.04894876480102539
1497,1497,0.014916876330971718,,,,,,,,,
1498,1498,,,0.978725790977478,0.03923925384879112,0.9741078019142151,0.08689340204000473,0.9100795388221741,0.035184506326913834,0.05000484362244606,0.04894876480102539
1498,1498,0.014913509599864483,,,,,,,,,
1499,1499,,0.014911292120814323,,,,,,,,
1499,1499,,,0.9747058749198914,0.03596607595682144,0.9763482809066772,0.08784091472625732,0.9097460508346558,0.032526895403862,0.05002531409263611,0.04894876480102539
1499,1499,0.014911292120814323,,,,,,,,,
1500,1500,,,0.9802164435386658,0.040319863706827164,0.9733760356903076,0.08668502420186996,0.9102640748023987,0.03618746995925903,0.05001353472471237,0.04894876480102539
1500,1500,0.01491123903542757,,,,,,,,,
1501,1501,,,0.9729291200637817,0.0344233401119709,0.977449893951416,0.08846492320299149,0.9095411896705627,0.031456440687179565,0.05005131661891937,0.04894876480102539
1501,1501,0.014915243722498417,,,,,,,,,
1502,1502,,,0.9831265211105347,0.04248230904340744,0.9719550013542175,0.08642785996198654,0.9102452993392944,0.038263630121946335,0.05002598464488983,0.04894876480102539
1502,1502,0.014926799573004246,,,,,,,,,
1503,1503,,,0.9697437286376953,0.03170432522892952,0.9795200228691101,0.08991221338510513,0.9087125658988953,0.029889097437262535,0.05010797828435898,0.04894876480102539
1503,1503,0.014952907338738441,,,,,,,,,
1504,1504,,,0.988980770111084,0.04677749052643776,0.9692485928535461,0.0864824503660202,0.9093771576881409,0.04266589879989624,0.05006405711174011,0.04894876480102539
1504,1504,0.015005897730588913,,,,,,,,,
1505,1505,,,0.9645575881004333,0.027380729094147682,0.9833487272262573,0.09347162395715714,0.9061810970306396,0.02875327505171299,0.050265759229660034,0.04894876480102539
1505,1505,0.01511022262275219,,,,,,,,,
1506,1506,,,1.0004899501800537,0.05480462685227394,0.9644785523414612,0.08837512880563736,0.9060459136962891,0.05158117786049843,0.05023002251982689,0.04894876480102539
1506,1506,0.015302933752536774,,,,,,,,,
1507,1507,,,0.9583266973495483,0.023216545581817627,0.9894990921020508,0.10131441056728363,0.9004921317100525,0.031886663287878036,0.05071680620312691,0.04894876480102539
1507,1507,0.01564847119152546,,,,,,,,,
1508,1508,,,1.0177149772644043,0.06598116457462311,0.9584086537361145,0.09436097741127014,0.8990525603294373,0.06490720808506012,0.050718359649181366,0.04894876480102539
1508,1508,0.0161784328520298,,,,,,,,,
1509,1509,,,0.9555009007453918,0.023344991728663445,0.9944707751274109,0.10962997376918793,0.8947262763977051,0.03820566460490227,0.05131079629063606,0.04894876480102539
1509,1509,0.016870960593223572,,,,,,,,,
1510,1510,,,1.019222617149353,0.06777232140302658,0.9583280086517334,0.09574230760335922,0.8981010913848877,0.06743182241916656,0.05088679865002632,0.04894876480102539
1510,1510,0.017315804958343506,,,,,,,,,
1511,1511,,,0.9605904817581177,0.0239071287214756,0.9874600768089294,0.09914831072092056,0.902366042137146,0.03060982935130596,0.050582610070705414,0.04894876480102539
1511,1511,0.017084190621972084,,,,,,,,,
1512,1512,,,0.9856045246124268,0.0454174280166626,0.971441388130188,0.08587832748889923,0.9105954170227051,0.041494179517030716,0.05011405050754547,0.04894876480102539
1512,1512,0.01597950980067253,,,,,,,,,
1513,1513,,,0.9857152104377747,0.04507649689912796,0.9709857702255249,0.08573802560567856,0.9107093214988708,0.040832243859767914,0.050074223428964615,0.04894876480102539
1513,1513,0.014986407943069935,,,,,,,,,
1514,1514,,,0.9624538421630859,0.02528301812708378,0.9854602813720703,0.09585840255022049,0.9046206474304199,0.02907920442521572,0.05040017515420914,0.04894876480102539
1514,1514,0.014961007051169872,,,,,,,,,
1515,1515,,,1.005052089691162,0.05953298509120941,0.9633951783180237,0.0905713215470314,0.9045203328132629,0.05817357823252678,0.05054138973355293,0.04894876480102539
1515,1515,0.015642443671822548,,,,,,,,,
1516,1516,,,0.962510883808136,0.02589946985244751,0.9846581220626831,0.09515537321567535,0.9051597118377686,0.028826389461755753,0.05034797638654709,0.04894876480102539
1516,1516,0.01602775976061821,,,,,,,,,
1517,1517,,,0.9841592311859131,0.04470258951187134,0.9714431166648865,0.0857132151722908,0.911399781703949,0.040280237793922424,0.050094544887542725,0.04894876480102539
1517,1517,0.01556328497827053,,,,,,,,,
1518,1518,,,0.9837483167648315,0.044192083179950714,0.9721639752388,0.08579637855291367,0.9115699529647827,0.04001447558403015,0.050124697387218475,0.04894876480102539
1518,1518,0.014919864945113659,,,,,,,,,
1519,1519,,,0.964475691318512,0.027215149253606796,0.9835384488105774,0.0934436097741127,0.9067968130111694,0.02849009446799755,0.050295714288949966,0.04894876480102539
1519,1519,0.014905224554240704,,,,,,,,,
1520,1520,,,0.9969496726989746,0.053848106414079666,0.9660689234733582,0.08790329098701477,0.9080537557601929,0.05133255198597908,0.05032217502593994,0.04894876480102539
1520,1520,0.015347198583185673,,,,,,,,,
1521,1521,,,0.9671026468276978,0.02946721389889717,0.9813245534896851,0.09103736281394958,0.9087802767753601,0.02882109023630619,0.05019853264093399,0.04894876480102539
1521,1521,0.015477179549634457,,,,,,,,,
1522,1522,,,0.9777430891990662,0.03896414488554001,0.9748951196670532,0.08648252487182617,0.9121291637420654,0.03527509793639183,0.050108231604099274,0.04894876480102539
1522,1522,0.015089968219399452,,,,,,,,,
1523,1523,,,0.9862801432609558,0.04594253748655319,0.9706063270568848,0.0861077606678009,0.9114511013031006,0.04215448722243309,0.05015907436609268,0.04894876480102539
1523,1523,0.014799121767282486,,,,,,,,,
1524,1524,,,0.9654348492622375,0.028052231296896935,0.9826756715774536,0.09270326793193817,0.9079587459564209,0.028613481670618057,0.05028628557920456,0.04894876480102539
1524,1524,0.014964613132178783,,,,,,,,,
1525,1525,,,0.9892866611480713,0.04819268733263016,0.969504714012146,0.08659940212965012,0.9108938574790955,0.04523349180817604,0.05023955553770065,0.04894876480102539
1525,1525,0.015201532281935215,,,,,,,,,
1526,1526,,,0.9725342988967896,0.03388582915067673,0.9774600267410278,0.0883973017334938,0.9115579128265381,0.03128620982170105,0.05013693869113922,0.04894876480102539
1526,1526,0.015096385031938553,,,,,,,,,
1527,1527,,,0.9729573726654053,0.03430711850523949,0.9773648977279663,0.08816984295845032,0.9117935299873352,0.0317934975028038,0.05014818161725998,0.04894876480102539
1527,1527,0.014828622341156006,,,,,,,,,
1528,1528,,,0.9870540499687195,0.045821044594049454,0.9705694913864136,0.08642493188381195,0.9116395115852356,0.042921677231788635,0.05021219700574875,0.04894876480102539
1528,1528,0.014807268977165222,,,,,,,,,
1529,1529,,,0.9681735634803772,0.029521655291318893,0.9808149933815002,0.09144315868616104,0.9098790287971497,0.029069073498249054,0.05026698112487793,0.04894876480102539
1529,1529,0.014984413050115108,,,,,,,,,
1530,1530,,,0.9831636548042297,0.042890001088380814,0.9723045229911804,0.08633027970790863,0.9125862121582031,0.039498720318078995,0.050183579325675964,0.04894876480102539
1530,1530,0.015014556236565113,,,,,,,,,
1531,1531,,,0.9771406054496765,0.037861425429582596,0.9750947952270508,0.0871477723121643,0.9128149747848511,0.03449399024248123,0.050157174468040466,0.04894876480102539
1531,1531,0.014850611798465252,,,,,,,,,
1532,1532,,,0.9714784026145935,0.03250860795378685,0.9784762859344482,0.08953079581260681,0.9115992784500122,0.030437691137194633,0.050211742520332336,0.04894876480102539
1532,1532,0.014755887910723686,,,,,,,,,
1533,1533,,,0.986072838306427,0.04475823789834976,0.9713100790977478,0.08644038438796997,0.9122582077980042,0.04160318151116371,0.05022326856851578,0.04894876480102539
1533,1533,0.014840837568044662,,,,,,,,,
1534,1534,,,0.9711855053901672,0.031870875507593155,0.979219913482666,0.08974303305149078,0.9115700721740723,0.030234863981604576,0.05024498701095581,0.04894876480102539
1534,1534,0.014916613698005676,,,,,,,,,
1535,1535,,,0.9790779948234558,0.03851036727428436,0.9745612144470215,0.08692879974842072,0.9131897687911987,0.03543538972735405,0.05018364638090134,0.04894876480102539
1535,1535,0.014844146557152271,,,,,,,,,
1536,1536,,,0.9805800318717957,0.03969520702958107,0.9738692045211792,0.08670245856046677,0.9132662415504456,0.036715105175971985,0.05019531771540642,0.04894876480102539
1536,1536,0.014744743704795837,,,,,,,,,
1537,1537,,,0.971453845500946,0.03181454911828041,0.9791132807731628,0.08971869200468063,0.9119061231613159,0.030298519879579544,0.050259046256542206,0.04894876480102539
1537,1537,0.014758643694221973,,,,,,,,,
1538,1538,,,0.9838807582855225,0.042470213025808334,0.9725212454795837,0.08636736124753952,0.9130526781082153,0.03924240916967392,0.0502157062292099,0.04894876480102539
1538,1538,0.014825069345533848,,,,,,,,,
1539,1539,,,0.9744576215744019,0.03442932665348053,0.9775968790054321,0.08831541985273361,0.912936806678772,0.031872719526290894,0.05023716762661934,0.04894876480102539
1539,1539,0.014815185219049454,,,,,,,,,
1540,1540,,,0.9763960838317871,0.03605829179286957,0.9764384627342224,0.08762174099683762,0.9133845567703247,0.033242836594581604,0.05022577941417694,0.04894876480102539
1540,1540,0.01474240142852068,,,,,,,,,
1541,1541,,,0.9818766713142395,0.040562547743320465,0.9733943939208984,0.08652612566947937,0.913602352142334,0.03743764013051987,0.05021542310714722,0.04894876480102539
1541,1541,0.01471623033285141,,,,,,,,,
1542,1542,,,0.9725797772407532,0.0324552021920681,0.9786548018455505,0.08926113694906235,0.9127265214920044,0.03065526857972145,0.050274040549993515,0.04894876480102539
1542,1542,0.014753897674381733,,,,,,,,,
1543,1543,,,0.98138427734375,0.03994232043623924,0.9740727543830872,0.08659091591835022,0.9137861728668213,0.036932580173015594,0.050237126648426056,0.04894876480102539
1543,1543,0.014772300608456135,,,,,,,,,
1544,1544,,,0.976921021938324,0.03606455400586128,0.976350724697113,0.087595634162426,0.9137829542160034,0.03329487517476082,0.05024607479572296,0.04894876480102539
1544,1544,0.014734662137925625,,,,,,,,,
1545,1545,,,0.975271463394165,0.03468770533800125,0.9771773815155029,0.08816525340080261,0.9136353135108948,0.03220425546169281,0.050260692834854126,0.04894876480102539
1545,1545,0.014696262776851654,,,,,,,,,
1546,1546,,,0.9816427230834961,0.04011835530400276,0.9738545417785645,0.08661824464797974,0.9140288233757019,0.03711147606372833,0.05024855583906174,0.04894876480102539
1546,1546,0.01470378041267395,,,,,,,,,
1547,1547,,,0.9740452170372009,0.033453088253736496,0.9780906438827515,0.08875530958175659,0.9134830832481384,0.03128787502646446,0.05028910934925079,0.04894876480102539
1547,1547,0.014726229943335056,,,,,,,,,
1548,1548,,,0.979555070400238,0.03819732367992401,0.9750823974609375,0.0869859904050827,0.9142720699310303,0.03519177809357643,0.050258949398994446,0.04894876480102539
1548,1548,0.014716507866978645,,,,,,,,,
1549,1549,,0.014685023576021194,,,,,,,,
1549,1549,,,0.9782211184501648,0.03706275299191475,0.9758309721946716,0.08730456978082657,0.9143077731132507,0.03420326113700867,0.050270020961761475,0.04894876480102539
1549,1549,0.014685023576021194,,,,,,,,,
1550,1550,,,0.9751219153404236,0.034282393753528595,0.9775287508964539,0.08837588876485825,0.913992702960968,0.031898535788059235,0.050295036286115646,0.04894876480102539
1550,1550,0.01467245351523161,,,,,,,,,
1551,1551,,,0.9810279607772827,0.03936496004462242,0.9743136167526245,0.08676474541425705,0.9145243167877197,0.03632751479744911,0.050272006541490555,0.04894876480102539
1551,1551,0.01468418538570404,,,,,,,,,
1552,1552,,,0.975167989730835,0.03438013046979904,0.9775658845901489,0.0883214995265007,0.9141811728477478,0.031967680901288986,0.05030507594347,0.04894876480102539
1552,1552,0.014689299277961254,,,,,,,,,
1553,1553,,,0.9783375263214111,0.03704100102186203,0.975748598575592,0.08734839409589767,0.9147022366523743,0.03412823751568794,0.05028725787997246,0.04894876480102539
1553,1553,0.014672591350972652,,,,,,,,,
1554,1554,,,0.9789151549339294,0.03747175633907318,0.9754600524902344,0.08724057674407959,0.9148260951042175,0.03454165905714035,0.05029166862368584,0.04894876480102539
1554,1554,0.014653649181127548,,,,,,,,,
1555,1555,,,0.9752509593963623,0.03431587666273117,0.9775291681289673,0.08838944137096405,0.9144738912582397,0.03194328024983406,0.05032140761613846,0.04894876480102539
1555,1555,0.014651558361947536,,,,,,,,,
1556,1556,,,0.9801730513572693,0.03852734714746475,0.9747266173362732,0.08698088675737381,0.9150480628013611,0.03552033379673958,0.050295956432819366,0.04894876480102539
1556,1556,0.014657837338745594,,,,,,,,,
1557,1557,,,0.9761714935302734,0.03504638746380806,0.9769749641418457,0.08810491114854813,0.914835512638092,0.032472893595695496,0.05032243952155113,0.04894876480102539
1557,1557,0.014653973281383514,,,,,,,,,
1558,1558,,,0.977679431438446,0.03635385259985924,0.9761673808097839,0.0876384750008583,0.9151312708854675,0.03355126455426216,0.05031976103782654,0.04894876480102539
1558,1558,0.014639396220445633,,,,,,,,,
1559,1559,,,0.979042112827301,0.03750091418623924,0.9753935933113098,0.08730096369981766,0.9153361916542053,0.03451841324567795,0.05031753331422806,0.04894876480102539
1559,1559,0.014628786593675613,,,,,,,,,
1560,1560,,,0.9757381677627563,0.034606222063302994,0.9772969484329224,0.08834033459424973,0.9150502681732178,0.03210243210196495,0.05034570023417473,0.04894876480102539
1560,1560,0.014628521166741848,,,,,,,,,
1561,1561,,,0.9795128107070923,0.03784176707267761,0.9752004146575928,0.08720187097787857,0.9155533313751221,0.03488631546497345,0.05032879114151001,0.04894876480102539
1561,1561,0.014629585668444633,,,,,,,,,
1562,1562,,,0.976776659488678,0.03542185202240944,0.976688027381897,0.08799616247415543,0.915429413318634,0.032790835946798325,0.05034707486629486,0.04894876480102539
1562,1562,0.014623013325035572,,,,,,,,,
1563,1563,,,0.9774708151817322,0.035995934158563614,0.9763017892837524,0.08778621256351471,0.9156214594841003,0.0332639254629612,0.05034760385751724,0.04894876480102539
1563,1563,0.014611982740461826,,,,,,,,,
1564,1564,,,0.9789057374000549,0.037224411964416504,0.9755856394767761,0.0873832032084465,0.9158329367637634,0.03433423116803169,0.05034777149558067,0.04894876480102539
1564,1564,0.014605156145989895,,,,,,,,,
1565,1565,,,0.9761647582054138,0.03482683002948761,0.9771552681922913,0.08825019747018814,0.915620744228363,0.03229514881968498,0.05037141218781471,0.04894876480102539
1565,1565,0.01460392028093338,,,,,,,,,
1566,1566,,,0.9790776968002319,0.03736235946416855,0.9754582643508911,0.08735354244709015,0.9160548448562622,0.034416042268276215,0.050355516374111176,0.04894876480102539
1566,1566,0.014602040871977806,,,,,,,,,
1567,1567,,,0.9770863056182861,0.035627443343400955,0.9766250848770142,0.08793795108795166,0.9159740209579468,0.03294270113110542,0.05037466809153557,0.04894876480102539
1567,1567,0.014595401473343372,,,,,,,,,
1568,1568,,,0.977500855922699,0.035901911556720734,0.9764465093612671,0.08783815801143646,0.9161209464073181,0.03315795958042145,0.05037842318415642,0.04894876480102539
1568,1568,0.01458692830055952,,,,,,,,,
1569,1569,,,0.9787951707839966,0.0369693748652935,0.975772500038147,0.08747145533561707,0.9163333773612976,0.03407346084713936,0.050376854836940765,0.04894876480102539
1569,1569,0.01458139531314373,,,,,,,,,
1570,1570,,,0.976557731628418,0.03501177579164505,0.9770903587341309,0.08817606419324875,0.9161785840988159,0.03245674818754196,0.05039958655834198,0.04894876480102539
1570,1570,0.014578892849385738,,,,,,,,,
1571,1571,,,0.9788762927055359,0.03697051852941513,0.9757422804832458,0.08747915178537369,0.9165414571762085,0.03409038856625557,0.05038725584745407,0.04894876480102539
1571,1571,0.014575673267245293,,,,,,,,,
1572,1572,,,0.9773804545402527,0.03565152361989021,0.9766377806663513,0.08794030547142029,0.9164973497390747,0.032962098717689514,0.05040404573082924,0.04894876480102539
1572,1572,0.014569660648703575,,,,,,,,,
1573,1573,,,0.9776473045349121,0.03587569668889046,0.9765501618385315,0.08785507827997208,0.9166246652603149,0.03313898667693138,0.05040910840034485,0.04894876480102539
1573,1573,0.014562692493200302,,,,,,,,,
1574,1574,,,0.978651225566864,0.036691468209028244,0.9760075211524963,0.08757302910089493,0.9168213605880737,0.03381801024079323,0.05040790140628815,0.04894876480102539
1574,1574,0.01455745566636324,,,,,,,,,
1575,1575,,,0.9769731760025024,0.0351809561252594,0.9770062565803528,0.08812286704778671,0.9167345762252808,0.03257961571216583,0.050427310168743134,0.04894876480102539
1575,1575,0.014553994871675968,,,,,,,,,
1576,1576,,,0.9787623286247253,0.03669651597738266,0.9759781956672668,0.08756302297115326,0.9170398712158203,0.0338667631149292,0.05041894316673279,0.04894876480102539
1576,1576,0.014550206251442432,,,,,,,,,
1577,1577,,,0.9775323867797852,0.035584814846515656,0.976714551448822,0.08794891834259033,0.9170247912406921,0.03292454779148102,0.05043383687734604,0.04894876480102539
1577,1577,0.014544812962412834,,,,,,,,,
1578,1578,,,0.9779123067855835,0.0358695462346077,0.9765563607215881,0.08783736079931259,0.9171699285507202,0.033155642449855804,0.05043782293796539,0.04894876480102539
1578,1578,0.014538716524839401,,,,,,,,,
1579,1579,,,0.9785234928131104,0.036369819194078445,0.9762486815452576,0.08765988796949387,0.9173319935798645,0.033582065254449844,0.050440073013305664,0.04894876480102539
1579,1579,0.014533485285937786,,,,,,,,,
1580,1580,,,0.9773066639900208,0.03528095409274101,0.9769531488418579,0.0880662277340889,0.917304515838623,0.032675061374902725,0.05045530945062637,0.04894876480102539
1580,1580,0.01452937163412571,,,,,,,,,
1581,1581,,,0.9787390232086182,0.03648453578352928,0.9761295914649963,0.08762116730213165,0.9175663590431213,0.03368363156914711,0.05044905096292496,0.04894876480102539
1581,1581,0.014525291509926319,,,,,,,,,
1582,1582,,,0.9776363372802734,0.03548334538936615,0.9768348932266235,0.0879734680056572,0.9175539612770081,0.0328613743185997,0.05046531558036804,0.04894876480102539
1582,1582,0.014520361088216305,,,,,,,,,
1583,1583,,,0.9781565070152283,0.035872023552656174,0.9765569567680359,0.08782435208559036,0.9177205562591553,0.033183012157678604,0.05046689510345459,0.04894876480102539
1583,1583,0.014514822512865067,,,,,,,,,
1584,1584,,,0.9784215092658997,0.03605491295456886,0.9764267802238464,0.08775629103183746,0.9178539514541626,0.03334997221827507,0.05047103390097618,0.04894876480102539
1584,1584,0.014509572647511959,,,,,,,,,
1585,1585,,,0.9776121973991394,0.03531177341938019,0.9769368767738342,0.08803161978721619,0.9178677201271057,0.0327516533434391,0.05048486962914467,0.04894876480102539
1585,1585,0.014505024999380112,,,,,,,,,
1586,1586,,,0.978733241558075,0.03623667359352112,0.9762895107269287,0.08768773823976517,0.9180981516838074,0.03351437300443649,0.05048064887523651,0.04894876480102539
1586,1586,0.01450071856379509,,,,,,,,,
1587,1587,,,0.9777516722679138,0.03536335378885269,0.9769039154052734,0.08800652623176575,0.9181011319160461,0.03278971090912819,0.05049581080675125,0.04894876480102539
1587,1587,0.014496049843728542,,,,,,,,,
1588,1588,,,0.9783666729927063,0.03586096316576004,0.9765715599060059,0.08781812340021133,0.9182792901992798,0.03320220485329628,0.05049678683280945,0.04894876480102539
1588,1588,0.014490916393697262,,,,,,,,,
1589,1589,,,0.9783344864845276,0.035782139748334885,0.9766155481338501,0.08784697204828262,0.9183841347694397,0.03313934803009033,0.050503358244895935,0.04894876480102539
1589,1589,0.014485743828117847,,,,,,,,,
1590,1590,,,0.9779084920883179,0.03537816181778908,0.9768953919410706,0.08799375593662262,0.9184429049491882,0.0328192263841629,0.050513606518507004,0.04894876480102539
1590,1590,0.014480912126600742,,,,,,,,,
1591,1591,,,0.9786743521690369,0.03600388765335083,0.9764602184295654,0.08775384724140167,0.9186344146728516,0.033346645534038544,0.05051252990961075,0.04894876480102539
1591,1591,0.014476379379630089,,,,,,,,,
1592,1592,,,0.9778751134872437,0.03526248037815094,0.9769668579101562,0.0880313366651535,0.9186541438102722,0.032741378992795944,0.05052656680345535,0.04894876480102539
1592,1592,0.01447179913520813,,,,,,,,,
1593,1593,,,0.978546679019928,0.03580445796251297,0.9765966534614563,0.08782476931810379,0.918838620185852,0.033194348216056824,0.05052683874964714,0.04894876480102539
1593,1593,0.014466948807239532,,,,,,,,,
1594,1594,,,0.9782413244247437,0.03550809621810913,0.9768110513687134,0.08793415129184723,0.9189143180847168,0.032955948263406754,0.050536394119262695,0.04894876480102539
1594,1594,0.014461927115917206,,,,,,,,,
1595,1595,,,0.97818523645401,0.03541624918580055,0.9768685102462769,0.08796781301498413,0.91901695728302,0.03288416191935539,0.05054324120283127,0.04894876480102539
1595,1595,0.014456983655691147,,,,,,,,,
1596,1596,,,0.9786131978034973,0.035745780915021896,0.9766392111778259,0.0878414735198021,0.9191723465919495,0.033167436718940735,0.050545670092105865,0.04894876480102539
1596,1596,0.014452241361141205,,,,,,,,,
1597,1597,,,0.9780241847038269,0.035197727382183075,0.9770203828811646,0.08805137872695923,0.9192150235176086,0.03272867947816849,0.050558216869831085,0.04894876480102539
1597,1597,0.014447616413235664,,,,,,,,,
1598,1598,,,0.9786636829376221,0.03570570424199104,0.9766562581062317,0.08785755187273026,0.919398307800293,0.03314698487520218,0.0505581796169281,0.04894876480102539
1598,1598,0.014442919753491879,,,,,,,,,
1599,1599,,0.014438063837587833,,,,,,,,
1599,1599,,,0.9782168865203857,0.03528345748782158,0.9769669771194458,0.08801582455635071,0.9194579124450684,0.03281010314822197,0.050569768995046616,0.04894876480102539
1599,1599,0.014438063837587833,,,,,,,,,
1600,1600,,,0.9784307479858398,0.035430993884801865,0.9768585562705994,0.08795661479234695,0.9195947051048279,0.032937902957201004,0.05057397112250328,0.04894876480102539
1600,1600,0.014433152973651886,,,,,,,,,
1601,1601,,,0.9785338640213013,0.0354793481528759,0.9768093824386597,0.08793731778860092,0.9197194576263428,0.03298575431108475,0.05057911574840546,0.04894876480102539
1601,1601,0.014428302645683289,,,,,,,,,
1602,1602,,,0.9782271981239319,0.03517443314194679,0.9770276546478271,0.08805323392152786,0.9197946190834045,0.03275065869092941,0.05058924853801727,0.04894876480102539
1602,1602,0.014423554763197899,,,,,,,,,
1603,1603,,,0.9787040948867798,0.03553998842835426,0.9767687320709229,0.08790870755910873,0.9199596047401428,0.033057112246751785,0.05059096962213516,0.04894876480102539
1603,1603,0.014418858103454113,,,,,,,,,
1604,1604,,,0.9782623648643494,0.035117823630571365,0.9770676493644714,0.08806872367858887,0.9200209975242615,0.03272099047899246,0.05060234293341637,0.04894876480102539
1604,1604,0.014414112083613873,,,,,,,,,
1605,1605,,,0.9786316752433777,0.03539925441145897,0.9768642783164978,0.08795607835054398,0.9201765060424805,0.03296034038066864,0.05060489848256111,0.04894876480102539
1605,1605,0.01440930925309658,,,,,,,,,
1606,1606,,,0.9784730076789856,0.03522276133298874,0.9769872426986694,0.08802331984043121,0.9202707409858704,0.03282531350851059,0.05061330646276474,0.04894876480102539
1606,1606,0.014404461719095707,,,,,,,,,
1607,1607,,,0.9784707427024841,0.035180479288101196,0.9770179390907288,0.08803845196962357,0.9203822612762451,0.03279631584882736,0.050620079040527344,0.04894876480102539
1607,1607,0.014399639330804348,,,,,,,,,
1608,1608,,,0.9786922931671143,0.03533270210027695,0.9769162535667419,0.08797628432512283,0.920518696308136,0.032927628606557846,0.050624556839466095,0.04894876480102539
1608,1608,0.014394878409802914,,,,,,,,,
1609,1609,,,0.9783981442451477,0.03503609076142311,0.9771292209625244,0.08809056133031845,0.9205960631370544,0.03269640728831291,0.050634726881980896,0.04894876480102539
1609,1609,0.014390138909220695,,,,,,,,,
1610,1610,,,0.978767454624176,0.035310231149196625,0.9769221544265747,0.0879804939031601,0.9207524657249451,0.03292839229106903,0.05063711851835251,0.04894876480102539
1610,1610,0.014385402202606201,,,,,,,,,
1611,1611,,,0.978482186794281,0.03502557799220085,0.9771286249160767,0.08808942884206772,0.9208319783210754,0.03270898014307022,0.05064721405506134,0.04894876480102539
1611,1611,0.01438063196837902,,,,,,,,,
1612,1612,,,0.9786978960037231,0.03516931086778641,0.9770241975784302,0.088030144572258,0.92097008228302,0.03283079341053963,0.05065150931477547,0.04894876480102539
1612,1612,0.014375823549926281,,,,,,,,,
1613,1613,,,0.9786672592163086,0.03510195389389992,0.9770777821540833,0.08805503696203232,0.9210786819458008,0.03278259560465813,0.05065887048840523,0.04894876480102539
1613,1613,0.014371022582054138,,,,,,,,,
1614,1614,,,0.9786021113395691,0.03500938415527344,0.977146327495575,0.08809071779251099,0.9211841821670532,0.03271567076444626,0.05066648870706558,0.04894876480102539
1614,1614,0.014366249553859234,,,,,,,,,
1615,1615,,,0.9788110852241516,0.03515062481164932,0.9770385026931763,0.08803384751081467,0.9213228225708008,0.032835979014635086,0.05067069083452225,0.04894876480102539
1615,1615,0.014361495152115822,,,,,,,,,
1616,1616,,,0.9785847663879395,0.03491571545600891,0.9772139191627502,0.08812543004751205,0.9214089512825012,0.032654836773872375,0.050680432468652725,0.04894876480102539
1616,1616,0.014356756582856178,,,,,,,,,
1617,1617,,,0.9788559079170227,0.03510817885398865,0.9770762920379639,0.0880463719367981,0.9215541481971741,0.032817292958498,0.05068416893482208,0.04894876480102539
1617,1617,0.014352001249790192,,,,,,,,,
1618,1618,,,0.9786737561225891,0.0349089652299881,0.9772220849990845,0.08812472224235535,0.9216463565826416,0.03266478702425957,0.05069339647889137,0.04894876480102539
1618,1618,0.014347230084240437,,,,,,,,,
1619,1619,,,0.9788188934326172,0.03499269858002663,0.9771590828895569,0.08809002488851547,0.921777606010437,0.03274095430970192,0.05069857835769653,0.04894876480102539
1619,1619,0.014342457056045532,,,,,,,,,
1620,1620,,,0.9788086414337158,0.0349445715546608,0.9771955609321594,0.08810831606388092,0.9218902587890625,0.032710254192352295,0.05070570856332779,0.04894876480102539
1620,1620,0.014337688684463501,,,,,,,,,
1621,1621,,,0.9787677526473999,0.0348704569041729,0.9772515892982483,0.08813763409852982,0.9219992160797119,0.03265680745244026,0.05071321129798889,0.04894876480102539
1621,1621,0.014332927763462067,,,,,,,,,
1622,1622,,,0.9789219498634338,0.03496449440717697,0.977185070514679,0.08809986710548401,0.9221314191818237,0.032738372683525085,0.050718359649181366,0.04894876480102539
1622,1622,0.014328173361718655,,,,,,,,,
1623,1623,,,0.9787693023681641,0.034792717546224594,0.9773153066635132,0.08816947042942047,0.9222269654273987,0.03260832279920578,0.0507274866104126,0.04894876480102539
1623,1623,0.01432343665510416,,,,,,,,,
1624,1624,,,0.9789742231369019,0.03492782637476921,0.9772120118141174,0.08811427652835846,0.9223663806915283,0.03272262215614319,0.05073181539773941,0.04894876480102539
1624,1624,0.01431869063526392,,,,,,,,,
1625,1625,,,0.978834867477417,0.034769218415021896,0.9773322939872742,0.08817736804485321,0.9224643111228943,0.03260381519794464,0.05074070766568184,0.04894876480102539
1625,1625,0.014313940890133381,,,,,,,,,
1626,1626,,,0.9789683818817139,0.03484272211790085,0.9772771000862122,0.08814695477485657,0.9225952625274658,0.03266901150345802,0.05074605345726013,0.04894876480102539
1626,1626,0.014309191145002842,,,,,,,,,
1627,1627,,,0.9789418578147888,0.03477977588772774,0.9773265719413757,0.08817283809185028,0.922706663608551,0.03262505680322647,0.050753600895404816,0.04894876480102539
1627,1627,0.014304437674582005,,,,,,,,,
1628,1628,,,0.9789498448371887,0.03474816307425499,0.9773529767990112,0.08818551152944565,0.9228224754333496,0.03260607644915581,0.05076063796877861,0.04894876480102539
1628,1628,0.014299692586064339,,,,,,,,,
1629,1629,,,0.9790403842926025,0.03478590026497841,0.977325975894928,0.08816961199045181,0.9229481816291809,0.032642193138599396,0.050766557455062866,0.04894876480102539
1629,1629,0.014294956810772419,,,,,,,,,
1630,1630,,,0.9789547324180603,0.034673262387514114,0.9774125218391418,0.08821527659893036,0.9230527877807617,0.032559528946876526,0.05077484995126724,0.04894876480102539
1630,1630,0.014290218241512775,,,,,,,,,
1631,1631,,,0.979103684425354,0.03476104885339737,0.9773467183113098,0.08817864209413528,0.9231859445571899,0.03263578191399574,0.05077996104955673,0.04894876480102539
1631,1631,0.014285481534898281,,,,,,,,,
1632,1632,,,0.979000449180603,0.03463122993707657,0.9774486422538757,0.08823149651288986,0.9232882261276245,0.03254001587629318,0.050788674503564835,0.04894876480102539
1632,1632,0.014280757866799831,,,,,,,,,
1633,1633,,,0.9791330099105835,0.03470418602228165,0.9773954153060913,0.08820058405399323,0.9234194755554199,0.03260374814271927,0.05079405754804611,0.04894876480102539
1633,1633,0.014276026748120785,,,,,,,,,
1634,1634,,,0.9790762066841125,0.03461676090955734,0.9774653911590576,0.08823573589324951,0.9235279560089111,0.03254133090376854,0.050802066922187805,0.04894876480102539
1634,1634,0.014271295629441738,,,,,,,,,
1635,1635,,,0.9791384935379028,0.03463040664792061,0.9774548411369324,0.088229700922966,0.9236515164375305,0.0325581394135952,0.05080835148692131,0.04894876480102539
1635,1635,0.014266563579440117,,,,,,,,,
1636,1636,,,0.9791622757911682,0.034610502421855927,0.9774726629257202,0.08823753148317337,0.9237698316574097,0.03254885971546173,0.05081529542803764,0.04894876480102539
1636,1636,0.014261839911341667,,,,,,,,,
1637,1637,,,0.9791491031646729,0.03455968573689461,0.9775161743164062,0.08825800567865372,0.9238834381103516,0.032514773309230804,0.05082279443740845,0.04894876480102539
1637,1637,0.014257119037210941,,,,,,,,,
1638,1638,,,0.9792364239692688,0.0345943458378315,0.9774914979934692,0.08824265748262405,0.9240097999572754,0.03254794701933861,0.05082877725362778,0.04894876480102539
1638,1638,0.014252407476305962,,,,,,,,,
1639,1639,,,0.9791772365570068,0.034503672271966934,0.9775635600090027,0.08827974647283554,0.9241182208061218,0.03248405456542969,0.050836920738220215,0.04894876480102539
1639,1639,0.014247694984078407,,,,,,,,,
1640,1640,,,0.9792881608009338,0.034558072686195374,0.9775217771530151,0.08825627714395523,0.9242479801177979,0.03253350034356117,0.050842538475990295,0.04894876480102539
1640,1640,0.014242983423173428,,,,,,,,,
1641,1641,,,0.9792280793190002,0.0344664491713047,0.9775958061218262,0.08829377591609955,0.9243563413619995,0.03246781975030899,0.05085074529051781,0.04894876480102539
1641,1641,0.014238269068300724,,,,,,,,,
1642,1642,,,0.979322612285614,0.03450752794742584,0.9775681495666504,0.08827550709247589,0.9244837760925293,0.03250611945986748,0.05085669457912445,0.04894876480102539
1642,1642,0.01423356868326664,,,,,,,,,
1643,1643,,,0.9792934656143188,0.03444205969572067,0.9776225090026855,0.08830229938030243,0.9245960712432861,0.032461460679769516,0.050864510238170624,0.04894876480102539
1643,1643,0.01422886736690998,,,,,,,,,
1644,1644,,,0.9793489575386047,0.0344490222632885,0.9776177406311035,0.08829870820045471,0.9247193336486816,0.03247334063053131,0.05087096989154816,0.04894876480102539
1644,1644,0.014224160462617874,,,,,,,,,
1645,1645,,,0.9793615937232971,0.03442048653960228,0.9776430726051331,0.08830966800451279,0.9248372316360474,0.03245794028043747,0.050878122448921204,0.04894876480102539
1645,1645,0.01421947032213211,,,,,,,,,
1646,1646,,,0.9793758988380432,0.03439096733927727,0.9776686429977417,0.08832120150327682,0.9249551296234131,0.032440971583127975,0.05088529363274574,0.04894876480102539
1646,1646,0.014214773662388325,,,,,,,,,
1647,1647,,,0.9794288873672485,0.034396085888147354,0.9776682257652283,0.08831847459077835,0.9250779151916504,0.03245130553841591,0.050891902297735214,0.04894876480102539
1647,1647,0.014210081659257412,,,,,,,,,
1648,1648,,,0.9794098138809204,0.03434015437960625,0.9777146577835083,0.08834172785282135,0.92519211769104,0.032414235174655914,0.05089958384633064,0.04894876480102539
1648,1648,0.014205400831997395,,,,,,,,,
1649,1649,,0.014200713485479355,,,,,,,,
1649,1649,,,0.9794852137565613,0.03436426445841789,0.97769695520401,0.08833090215921402,0.9253182411193848,0.03243901580572128,0.05090576410293579,0.04894876480102539
1649,1649,0.014200713485479355,,,,,,,,,
1650,1650,,,0.9794543981552124,0.03429734334349632,0.9777541756629944,0.08835854381322861,0.9254307746887207,0.03239366039633751,0.0509137362241745,0.04894876480102539
1650,1650,0.014196035452187061,,,,,,,,,
1651,1651,,,0.9795343279838562,0.03432448208332062,0.9777344465255737,0.08834642916917801,0.9255573153495789,0.03242078423500061,0.05091989040374756,0.04894876480102539
1651,1651,0.014191363006830215,,,,,,,,,
1652,1652,,,0.9795076847076416,0.03426147624850273,0.9777869582176208,0.08837266266345978,0.9256706237792969,0.03237861767411232,0.050927747040987015,0.04894876480102539
1652,1652,0.014186691492795944,,,,,,,,,
1653,1653,,,0.9795758724212646,0.03427853807806969,0.9777759313583374,0.08836449682712555,0.9257957935333252,0.03239822760224342,0.05093410983681679,0.04894876480102539
1653,1653,0.014182017184793949,,,,,,,,,
1654,1654,,,0.9795665144920349,0.034229859709739685,0.977817952632904,0.08838458359241486,0.9259111285209656,0.03236702084541321,0.05094173550605774,0.04894876480102539
1654,1654,0.014177360571920872,,,,,,,,,
1655,1655,,,0.9796149730682373,0.03423058241605759,0.9778199195861816,0.08838362246751785,0.9260339736938477,0.03237377479672432,0.05094841122627258,0.04894876480102539
1655,1655,0.01417269092053175,,,,,,,,,
1656,1656,,,0.9796269536018372,0.0342002771794796,0.9778474569320679,0.0883960947394371,0.9261521100997925,0.03235642611980438,0.05095570534467697,0.04894876480102539
1656,1656,0.01416802778840065,,,,,,,,,
1657,1657,,,0.9796546101570129,0.03418271988630295,0.9778645038604736,0.08840267360210419,0.9262722134590149,0.03234952315688133,0.05096274986863136,0.04894876480102539
1657,1657,0.014163373969495296,,,,,,,,,
1658,1658,,,0.9796867966651917,0.03416864201426506,0.9778779149055481,0.0884079709649086,0.9263930320739746,0.032345131039619446,0.05096971616148949,0.04894876480102539
1658,1658,0.014158730395138264,,,,,,,,,
1659,1659,,,0.9796958565711975,0.03413610905408859,0.9779072999954224,0.08842121809720993,0.9265109896659851,0.03232671320438385,0.05097706615924835,0.04894876480102539
1659,1659,0.014154084026813507,,,,,,,,,
1660,1660,,,0.9797438383102417,0.034135397523641586,0.9779105186462402,0.08842074126005173,0.9266338348388672,0.03233257308602333,0.05098380148410797,0.04894876480102539
1660,1660,0.0141494395211339,,,,,,,,,
1661,1661,,,0.9797415733337402,0.03409179672598839,0.9779489636421204,0.08843892812728882,0.9267503023147583,0.03230532631278038,0.050991401076316833,0.04894876480102539
1661,1661,0.014144804328680038,,,,,,,,,
1662,1662,,,0.9797996282577515,0.03410075977444649,0.977944552898407,0.0884341225028038,0.9268744587898254,0.032318584620952606,0.05099793151021004,0.04894876480102539
1662,1662,0.014140167273581028,,,,,,,,,
1663,1663,,,0.9797884225845337,0.03404967486858368,0.9779890775680542,0.08845560997724533,0.9269898533821106,0.03228561952710152,0.051005683839321136,0.04894876480102539
1663,1663,0.014135535806417465,,,,,,,,,
1664,1664,,,0.9798536896705627,0.034064389765262604,0.9779803156852722,0.08844822645187378,0.9271148443222046,0.03230338543653488,0.05101211369037628,0.04894876480102539
1664,1664,0.01413090992718935,,,,,,,,,
1665,1665,,,0.9798373579978943,0.03400850296020508,0.9780286550521851,0.0884716734290123,0.9272295236587524,0.0322672463953495,0.051019974052906036,0.04894876480102539
1665,1665,0.014126294292509556,,,,,,,,,
1666,1666,,,0.9799072742462158,0.034026097506284714,0.97801673412323,0.0884629338979721,0.9273551106452942,0.03228713944554329,0.051026325672864914,0.04894876480102539
1666,1666,0.014121669344604015,,,,,,,,,
1667,1667,,,0.9798887372016907,0.03396837040781975,0.9780679941177368,0.08848705887794495,0.9274693727493286,0.0322500541806221,0.05103427916765213,0.04894876480102539
1667,1667,0.014117056503891945,,,,,,,,,
1668,1668,,,0.9799601435661316,0.033987242728471756,0.978053629398346,0.08847779035568237,0.9275951981544495,0.032270293682813644,0.051040537655353546,0.04894876480102539
1668,1668,0.014112447388470173,,,,,,,,,
1669,1669,,,0.9799412488937378,0.03392947092652321,0.9781050682067871,0.08850208669900894,0.9277094006538391,0.03223312646150589,0.05104850232601166,0.04894876480102539
1669,1669,0.014107846654951572,,,,,,,,,
1670,1670,,,0.9800116419792175,0.03394849970936775,0.9780926704406738,0.08849265426397324,0.9278348684310913,0.03225383535027504,0.05105481669306755,0.04894876480102539
1670,1670,0.014103242196142673,,,,,,,,,
1671,1671,,,0.9799942970275879,0.03389044106006622,0.978143572807312,0.08851704746484756,0.9279491305351257,0.03221631422638893,0.051062777638435364,0.04894876480102539
1671,1671,0.014098646119236946,,,,,,,,,
1672,1672,,,0.9800657033920288,0.033909305930137634,0.9781303405761719,0.08850736916065216,0.9280746579170227,0.032237228006124496,0.05106905847787857,0.04894876480102539
1672,1672,0.014094053767621517,,,,,,,,,
1673,1673,,,0.9800457954406738,0.03385000675916672,0.9781822562217712,0.0885322168469429,0.928188681602478,0.03219940885901451,0.05107704550027847,0.04894876480102539
1673,1673,0.01408946793526411,,,,,,,,,
1674,1674,,,0.9801203608512878,0.03387133404612541,0.9781659245491028,0.08852170407772064,0.9283146262168884,0.03222135454416275,0.05108323693275452,0.04894876480102539
1674,1674,0.014084886759519577,,,,,,,,,
1675,1675,,,0.9800974130630493,0.03380965441465378,0.9782230854034424,0.08854776620864868,0.9284277558326721,0.03218166157603264,0.05109138786792755,0.04894876480102539
1675,1675,0.014080312103033066,,,,,,,,,
1676,1676,,,0.9801770448684692,0.03383496031165123,0.9782046675682068,0.08853515237569809,0.928554117679596,0.03220696747303009,0.051097527146339417,0.04894876480102539
1676,1676,0.014075730927288532,,,,,,,,,
1677,1677,,,0.9801477789878845,0.03376682102680206,0.9782631993293762,0.08856423944234848,0.9286668300628662,0.032162461429834366,0.05110570788383484,0.04894876480102539
1677,1677,0.014071167446672916,,,,,,,,,
1678,1678,,,0.9802361726760864,0.03379959613084793,0.9782379865646362,0.08854781091213226,0.9287941455841064,0.032194409519433975,0.05111164599657059,0.04894876480102539
1678,1678,0.014066601172089577,,,,,,,,,
1679,1679,,,0.980194628238678,0.03372054174542427,0.978307843208313,0.08858174085617065,0.9289048910140991,0.03214157745242119,0.05112014338374138,0.04894876480102539
1679,1679,0.014062045142054558,,,,,,,,,
1680,1680,,,0.9803009629249573,0.033768877387046814,0.9782692790031433,0.08855865895748138,0.929034411907196,0.03218375891447067,0.05112570524215698,0.04894876480102539
1680,1680,0.014057490043342113,,,,,,,,,
1681,1681,,,0.9802364706993103,0.033671602606773376,0.9783569574356079,0.08860082179307938,0.9291419386863708,0.03211809694766998,0.05113469809293747,0.04894876480102539
1681,1681,0.014052942395210266,,,,,,,,,
1682,1682,,,0.9803704619407654,0.0337422713637352,0.9782968163490295,0.08856748789548874,0.9292749166488647,0.03217713162302971,0.051139652729034424,0.04894876480102539
1682,1682,0.014048395678400993,,,,,,,,,
1683,1683,,,0.9802732467651367,0.033615592867136,0.9784089922904968,0.08862254023551941,0.9293781518936157,0.032090164721012115,0.05114931985735893,0.04894876480102539
1683,1683,0.014043857343494892,,,,,,,,,
1684,1684,,,0.980448305606842,0.03372218832373619,0.97831791639328,0.08857275545597076,0.929516077041626,0.03217587247490883,0.051153384149074554,0.04894876480102539
1684,1684,0.014039327390491962,,,,,,,,,
1685,1685,,,0.980299711227417,0.03355057165026665,0.9784705638885498,0.08864845335483551,0.9296123385429382,0.03205573186278343,0.05116421356797218,0.04894876480102539
1685,1685,0.014034807682037354,,,,,,,,,
1686,1686,,,0.980542004108429,0.033714327961206436,0.9783291220664978,0.08857280761003494,0.9297584295272827,0.032183654606342316,0.05116685852408409,0.04894876480102539
1686,1686,0.014030292630195618,,,,,,,,,
1687,1687,,,0.9803071618080139,0.03347058221697807,0.9785452485084534,0.08868133276700974,0.9298434853553772,0.03201057016849518,0.051179438829422,0.04894876480102539
1687,1687,0.014025778509676456,,,,,,,,,
1688,1688,,,0.9806585907936096,0.03372678533196449,0.9783215522766113,0.08856382220983505,0.9300028681755066,0.032205980271101,0.05117974430322647,0.04894876480102539
1688,1688,0.014021280221641064,,,,,,,,,
1689,1689,,,0.9802871346473694,0.03336513042449951,0.9786441326141357,0.08872617781162262,0.9300697445869446,0.031947117298841476,0.051195379346609116,0.04894876480102539
1689,1689,0.014016803354024887,,,,,,,,,
1690,1690,,,0.9808142781257629,0.03377283737063408,0.9782854914665222,0.08853978663682938,0.9302502870559692,0.03225381672382355,0.051191773265600204,0.04894876480102539
1690,1690,0.014012346975505352,,,,,,,,,
1691,1691,,,0.9802148342132568,0.03321484476327896,0.9787821173667908,0.08879218995571136,0.9302873015403748,0.03185219690203667,0.051212407648563385,0.04894876480102539
1691,1691,0.01400792133063078,,,,,,,,,
1692,1692,,,0.9810415506362915,0.033877432346343994,0.97819584608078,0.08848962932825089,0.930502712726593,0.0323469303548336,0.051202207803726196,0.04894876480102539
1692,1692,0.014003538526594639,,,,,,,,,
1693,1693,,,0.980052649974823,0.03298560902476311,0.9789921045303345,0.08889683336019516,0.9304872751235962,0.03170320764183998,0.0512315109372139,0.04894876480102539
1693,1693,0.01399925909936428,,,,,,,,,
1694,1694,,,0.9813951253890991,0.034091100096702576,0.9780086278915405,0.08839467167854309,0.9307602643966675,0.032522182911634445,0.05120965093374252,0.04894876480102539
1694,1694,0.013995099812746048,,,,,,,,,
1695,1695,,,0.9797287583351135,0.03261886164546013,0.979333221912384,0.0890732854604721,0.9306495189666748,0.03146182373166084,0.05125437676906586,0.04894876480102539
1695,1695,0.013991187326610088,,,,,,,,,
1696,1696,,,0.9819821119308472,0.034501444548368454,0.977648138999939,0.08822309970855713,0.9310135841369629,0.03285307064652443,0.05121166631579399,0.04894876480102539
1696,1696,0.013987683691084385,,,,,,,,,
1697,1697,,,0.9791167378425598,0.03200181573629379,0.9799109101295471,0.08939032256603241,0.9307239055633545,0.031064461916685104,0.051284000277519226,0.04894876480102539
1697,1697,0.013984905555844307,,,,,,,,,
1698,1698,,,0.9830088019371033,0.03528222441673279,0.9769651889801025,0.08792547136545181,0.9312146902084351,0.03349154442548752,0.0512029305100441,0.04894876480102539
1698,1698,0.013983413577079773,,,,,,,,,
1699,1699,,0.013984257355332375,,,,,,,,
1699,1699,,,0.9779901504516602,0.030936261638998985,0.9809347987174988,0.08999727666378021,0.9305715560913086,0.030424363911151886,0.0513264499604702,0.04894876480102539
1699,1699,0.013984257355332375,,,,,,,,,
1700,1700,,,0.9848958849906921,0.03677855059504509,0.9756785035133362,0.08744698762893677,0.9311705827713013,0.03477092087268829,0.05117245018482208,0.04894876480102539
1700,1700,0.013989288359880447,,,,,,,,,
1701,1701,,,0.9759691953659058,0.029093410819768906,0.9828007817268372,0.09124180674552917,0.929801881313324,0.029504816979169846,0.051394253969192505,0.04894876480102539
1701,1701,0.014002116397023201,,,,,,,,,
1702,1702,,,0.9885241985321045,0.03967563807964325,0.9732644557952881,0.08682647347450256,0.9302920699119568,0.037446051836013794,0.0511026494204998,0.04894876480102539
1702,1702,0.01402901392430067,,,,,,,,,
1703,1703,,,0.9725520014762878,0.026089640334248543,0.9862357974052429,0.09396511316299438,0.927405059337616,0.028727879747748375,0.051521673798561096,0.04894876480102539
1703,1703,0.014082376845180988,,,,,,,,,
1704,1704,,,0.9956950545310974,0.045241981744766235,0.9688582420349121,0.08664071559906006,0.9271091222763062,0.0431329719722271,0.05099216476082802,0.04894876480102539
1704,1704,0.01418251171708107,,,,,,,,,
1705,1705,,,0.9676461219787598,0.022426974028348923,0.9923037886619568,0.10001189261674881,0.9214687943458557,0.03032452054321766,0.051824964582920074,0.04894876480102539
1705,1705,0.014369003474712372,,,,,,,,,
1706,1706,,,1.0091354846954346,0.05499288812279701,0.9617120623588562,0.08910677582025528,0.9190598726272583,0.05414339527487755,0.050959646701812744,0.04894876480102539
1706,1706,0.014691432006657124,,,,,,,,,
1707,1707,,,0.9633014798164368,0.02231254242360592,1.000941514968872,0.11105145514011383,0.9110753536224365,0.03797399252653122,0.05253428965806961,0.04894876480102539
1707,1707,0.015230689197778702,,,,,,,,,
1708,1708,,,1.0257320404052734,0.06631063669919968,0.9544975161552429,0.09583251178264618,0.9080207943916321,0.06798704713582993,0.05128920450806618,0.04894876480102539
1708,1708,0.015958577394485474,,,,,,,,,
1709,1709,,,0.9627378582954407,0.024613384157419205,1.0047056674957275,0.11783900111913681,0.9055954813957214,0.043757982552051544,0.05306275561451912,0.04894876480102539
1709,1709,0.016747677698731422,,,,,,,,,
1710,1710,,,1.0181466341018677,0.06291007250547409,0.9586933851242065,0.09366212040185928,0.913018524646759,0.06450603157281876,0.05133354663848877,0.04894876480102539
1710,1710,0.016931286081671715,,,,,,,,,
1711,1711,,,0.969082772731781,0.022774163633584976,0.9903934001922607,0.09941957890987396,0.9231469035148621,0.03024880960583687,0.05180130898952484,0.04894876480102539
1711,1711,0.016181446611881256,,,,,,,,,
1712,1712,,,0.9824914932250977,0.036109596490859985,0.9788037538528442,0.08665895462036133,0.9327559471130371,0.03459852188825607,0.05131431668996811,0.04894876480102539
1712,1712,0.014741035178303719,,,,,,,,,
1713,1713,,,0.9953671097755432,0.04617391526699066,0.9694086909294128,0.08585536479949951,0.9279611110687256,0.04404351860284805,0.051044002175331116,0.04894876480102539
1713,1713,0.013929040171205997,,,,,,,,,
1714,1714,,,0.9667315483093262,0.021803895011544228,0.9938939809799194,0.10248072445392609,0.9192761182785034,0.032062236219644547,0.0519646480679512,0.04894876480102539
1714,1714,0.014308365993201733,,,,,,,,,
1715,1715,,,1.006234884262085,0.056032005697488785,0.9644775986671448,0.08982667326927185,0.921329915523529,0.05706261098384857,0.051313139498233795,0.04894876480102539
1715,1715,0.015116965398192406,,,,,,,,,
1716,1716,,,0.969924807548523,0.02407817170023918,0.9877752661705017,0.09686435014009476,0.9257340431213379,0.029161494225263596,0.05165255814790726,0.04894876480102539
1716,1716,0.015256907790899277,,,,,,,,,
1717,1717,,,0.9831777811050415,0.037125345319509506,0.9775192141532898,0.0865623727440834,0.9334872364997864,0.03511955216526985,0.05131250619888306,0.04894876480102539
1717,1717,0.014514878392219543,,,,,,,,,
1718,1718,,,0.9905458092689514,0.04324597865343094,0.9728820323944092,0.08598615974187851,0.9311699271202087,0.04144106060266495,0.051224470138549805,0.04894876480102539
1718,1718,0.01391668152064085,,,,,,,,,
1719,1719,,,0.9691072702407837,0.02318282425403595,0.9894787669181824,0.0985393300652504,0.924541175365448,0.02971743419766426,0.05176788568496704,0.04894876480102539
1719,1719,0.014129114337265491,,,,,,,,,
1720,1720,,,0.9975206851959229,0.04927586391568184,0.9688295722007751,0.08746350556612015,0.9272004961967468,0.049379754811525345,0.05126827955245972,0.04894876480102539
1720,1720,0.01462500263005495,,,,,,,,,
1721,1721,,,0.9734498262405396,0.02714204229414463,0.9848992228507996,0.09270018339157104,0.9298812747001648,0.028774017468094826,0.05152673274278641,0.04894876480102539
1721,1721,0.014597265049815178,,,,,,,,,
1722,1722,,,0.9794170260429382,0.0330575630068779,0.9797055721282959,0.08862478286027908,0.9337210059165955,0.03175583854317665,0.0514029785990715,0.04894876480102539
1722,1722,0.014096049591898918,,,,,,,,,
1723,1723,,,0.9904777407646179,0.043486688286066055,0.9730806946754456,0.08653585612773895,0.9314517378807068,0.0423160046339035,0.05130058526992798,0.04894876480102539
1723,1723,0.013881415128707886,,,,,,,,,
1724,1724,,,0.9706931114196777,0.024261418730020523,0.988063633441925,0.09668654203414917,0.9268243908882141,0.02904468961060047,0.05171339958906174,0.04894876480102539
1724,1724,0.014153975993394852,,,,,,,,,
1725,1725,,,0.9911094903945923,0.04334690421819687,0.9718020558357239,0.08661849051713943,0.9312447905540466,0.04237397387623787,0.05124756693840027,0.04894876480102539
1725,1725,0.014361774548888206,,,,,,,,,
1726,1726,,,0.9777752757072449,0.030920516699552536,0.9811881184577942,0.08973661810159683,0.9335014820098877,0.030885975807905197,0.05147586762905121,0.04894876480102539
1726,1726,0.014162431471049786,,,,,,,,,
1727,1727,,,0.9768507480621338,0.02937198430299759,0.9821028709411621,0.09101156145334244,0.9329695701599121,0.029825769364833832,0.05152377486228943,0.04894876480102539
1727,1727,0.01388319581747055,,,,,,,,,
1728,1728,,,0.9912813901901245,0.04288195073604584,0.9723494648933411,0.08667706698179245,0.9315185546875,0.041756339371204376,0.05126967281103134,0.04894876480102539
1728,1728,0.013926578685641289,,,,,,,,,
1729,1729,,,0.9732053279876709,0.026058875024318695,0.9858277440071106,0.09430184215307236,0.9299483299255371,0.028846077620983124,0.05165699124336243,0.04894876480102539
1729,1729,0.014129038900136948,,,,,,,,,
1730,1730,,,0.9861030578613281,0.0383852981030941,0.9751547574996948,0.0870908722281456,0.9340311288833618,0.03673386573791504,0.05133719742298126,0.04894876480102539
1730,1730,0.014114255085587502,,,,,,,,,
1731,1731,,,0.9825290441513062,0.03481576219201088,0.978009045124054,0.08811909705400467,0.934833288192749,0.033570047467947006,0.05143306404352188,0.04894876480102539
1731,1731,0.01391649805009365,,,,,,,,,
1732,1732,,,0.9758421182632446,0.027946477755904198,0.9839405417442322,0.09223821014165878,0.9322625994682312,0.029280494898557663,0.05161160230636597,0.04894876480102539
1732,1732,0.013844252564013004,,,,,,,,,
1733,1733,,,0.9900557398796082,0.040820177644491196,0.9735711216926575,0.08667727559804916,0.9325811266899109,0.03970124199986458,0.051298584789037704,0.04894876480102539
1733,1733,0.013959495350718498,,,,,,,,,
1734,1734,,,0.9767104387283325,0.028113791719079018,0.9834461212158203,0.09179756790399551,0.9329420924186707,0.029428865760564804,0.0516110435128212,0.04894876480102539
1734,1734,0.014025727286934853,,,,,,,,,
1735,1735,,,0.9823766350746155,0.03377613052725792,0.9786804914474487,0.08823235332965851,0.9350889921188354,0.03314445912837982,0.05146647244691849,0.04894876480102539
1735,1735,0.013926025480031967,,,,,,,,,
1736,1736,,,0.9854255318641663,0.036470964550971985,0.9765282273292542,0.08735160529613495,0.9346703290939331,0.035264067351818085,0.05139290541410446,0.04894876480102539
1736,1736,0.013825680129230022,,,,,,,,,
1737,1737,,,0.9764965772628784,0.02790302038192749,0.9841533303260803,0.09214048087596893,0.93294757604599,0.02926207333803177,0.05165485292673111,0.04894876480102539
1737,1737,0.013859439641237259,,,,,,,,,
1738,1738,,,0.9873844981193542,0.0384460911154747,0.9756848216056824,0.08688681572675705,0.9340798854827881,0.03710853308439255,0.05137312412261963,0.04894876480102539
1738,1738,0.013931719586253166,,,,,,,,,
1739,1739,,,0.979641318321228,0.030772443860769272,0.9810477495193481,0.0899549275636673,0.9350001811981201,0.030649889260530472,0.051568105816841125,0.04894876480102539
1739,1739,0.013908011838793755,,,,,,,,,
1740,1740,,,0.9804121851921082,0.031480636447668076,0.9807172417640686,0.0893809124827385,0.9352564811706543,0.03133804723620415,0.0515591986477375,0.04894876480102539
1740,1740,0.01382632739841938,,,,,,,,,
1741,1741,,,0.9861603379249573,0.036677565425634384,0.9765390157699585,0.08725554496049881,0.9348182678222656,0.035699814558029175,0.05141369253396988,0.04894876480102539
1741,1741,0.013808219693601131,,,,,,,,,
1742,1742,,,0.9778125882148743,0.028438827022910118,0.9832155704498291,0.09154879301786423,0.9341955780982971,0.02954413741827011,0.051662884652614594,0.04894876480102539
1742,1742,0.013855301775038242,,,,,,,,,
1743,1743,,,0.9851456880569458,0.035657916218042374,0.9776473045349121,0.08758837729692459,0.9353281855583191,0.03481651097536087,0.0514700748026371,0.04894876480102539
1743,1743,0.013870380818843842,,,,,,,,,
1744,1744,,,0.9817588925361633,0.0323171429336071,0.9798853397369385,0.08903728425502777,0.9357966184616089,0.03188047558069229,0.05155840516090393,0.04894876480102539
1744,1744,0.013824602589011192,,,,,,,,,
1745,1745,,,0.979812741279602,0.030463092029094696,0.9814711809158325,0.09013474732637405,0.9354344010353088,0.030603714287281036,0.051617421209812164,0.04894876480102539
1745,1745,0.013786569237709045,,,,,,,,,
1746,1746,,,0.9858035445213318,0.03625471889972687,0.9771596789360046,0.08746429532766342,0.9354379773139954,0.03527718037366867,0.05146709829568863,0.04894876480102539
1746,1746,0.013801086694002151,,,,,,,,,
1747,1747,,,0.9792278409004211,0.029574306681752205,0.9822344779968262,0.0907774344086647,0.9353060126304626,0.030068054795265198,0.05166007578372955,0.04894876480102539
1747,1747,0.01382600236684084,,,,,,,,,
1748,1748,,,0.9836361408233643,0.03396480903029442,0.9785929322242737,0.0882781594991684,0.9361522197723389,0.03321518003940582,0.05153190344572067,0.04894876480102539
1748,1748,0.013811950571835041,,,,,,,,,
1749,1749,,0.013777690008282661,,,,,,,,
1749,1749,,,0.9828743934631348,0.03324027359485626,0.9791703820228577,0.08857685327529907,0.9363282322883606,0.03267836570739746,0.05156008154153824,0.04894876480102539
1749,1749,0.013777690008282661,,,,,,,,,
1750,1750,,,0.9799305200576782,0.03018108382821083,0.9814468622207642,0.09034711122512817,0.9359527230262756,0.030428314581513405,0.051650453358888626,0.04894876480102539
1750,1750,0.01376837957650423,,,,,,,,,
1751,1751,,,0.985183835029602,0.035426896065473557,0.9774597883224487,0.08777044713497162,0.9361660480499268,0.03447828069329262,0.05150505155324936,0.04894876480102539
1751,1751,0.01378415897488594,,,,,,,,,
1752,1752,,,0.9802754521369934,0.030528506264090538,0.9814581871032715,0.09013973921537399,0.9362074732780457,0.030673407018184662,0.051661498844623566,0.04894876480102539
1752,1752,0.013788740150630474,,,,,,,,,
1753,1753,,,0.9827921986579895,0.03289739042520523,0.9792342185974121,0.08884113281965256,0.9367610812187195,0.032278697937726974,0.05158792808651924,0.04894876480102539
1753,1753,0.01376929972320795,,,,,,,,,
1754,1754,,,0.9833868145942688,0.033626485615968704,0.9789016842842102,0.08846122026443481,0.9368113875389099,0.03298676759004593,0.05157921463251114,0.04894876480102539
1754,1754,0.013750690035521984,,,,,,,,,
1755,1755,,,0.9801627993583679,0.03028111532330513,0.9815363883972168,0.09030146151781082,0.9364562034606934,0.03053484670817852,0.05168146640062332,0.04894876480102539
1755,1755,0.013751846738159657,,,,,,,,,
1756,1756,,,0.9846107363700867,0.03459024801850319,0.977980375289917,0.08812345564365387,0.936851441860199,0.03368743881583214,0.05155394226312637,0.04894876480102539
1756,1756,0.013759911060333252,,,,,,,,,
1757,1757,,,0.9810672998428345,0.031201552599668503,0.9810788631439209,0.08972262591123581,0.9368926882743835,0.031152548268437386,0.05167591571807861,0.04894876480102539
1757,1757,0.0137549489736557,,,,,,,,,
1758,1758,,,0.9822666645050049,0.032270271331071854,0.9798344969749451,0.08917485922574997,0.937237024307251,0.031802933663129807,0.05163821578025818,0.04894876480102539
1758,1758,0.013739383779466152,,,,,,,,,
1759,1759,,,0.9836385846138,0.0336572602391243,0.9788195490837097,0.08848405629396439,0.9372996091842651,0.0329490564763546,0.051602818071842194,0.04894876480102539
1759,1759,0.0137303052470088,,,,,,,,,
1760,1760,,,0.9805301427841187,0.030535588040947914,0.9815319776535034,0.090110644698143,0.9370332956314087,0.030734678730368614,0.05170784890651703,0.04894876480102539
1760,1760,0.01373250037431717,,,,,,,,,
1761,1761,,,0.9840697050094604,0.03389386460185051,0.978458046913147,0.08839112520217896,0.9374383687973022,0.03307073563337326,0.051596760749816895,0.04894876480102539
1761,1761,0.013734270818531513,,,,,,,,,
1762,1762,,,0.9816809892654419,0.03160679340362549,0.9807069301605225,0.08945569396018982,0.9375093579292297,0.03143411874771118,0.051689062267541885,0.04894876480102539
1762,1762,0.013726918958127499,,,,,,,,,
1763,1763,,,0.9820593595504761,0.03191586583852768,0.9802780151367188,0.08930931985378265,0.9376824498176575,0.03160076215863228,0.05167936533689499,0.04894876480102539
1763,1763,0.013715991750359535,,,,,,,,,
1764,1764,,,0.9836812615394592,0.03348427265882492,0.9788942933082581,0.08855222910642624,0.9377843141555786,0.03275404870510101,0.05162934958934784,0.04894876480102539
1764,1764,0.013710945844650269,,,,,,,,,
1765,1765,,,0.9810258746147156,0.030844060704112053,0.9814325571060181,0.08989251405000687,0.9376206994056702,0.030923640355467796,0.05173037201166153,0.04894876480102539
1765,1765,0.013711507432162762,,,,,,,,,
1766,1766,,,0.9837682843208313,0.03339509665966034,0.9790207743644714,0.08858226239681244,0.9379722476005554,0.0326659269630909,0.051644325256347656,0.04894876480102539
1766,1766,0.013709967955946922,,,,,,,,,
1767,1767,,,0.9822139739990234,0.03183823078870773,0.9804698824882507,0.0893113911151886,0.9380545616149902,0.03157136216759682,0.05170682817697525,0.04894876480102539
1767,1767,0.01370302028954029,,,,,,,,,
1768,1768,,,0.982193648815155,0.031758662313222885,0.980519711971283,0.08933030813932419,0.9381461143493652,0.031546272337436676,0.05171361193060875,0.04894876480102539
1768,1768,0.013695187866687775,,,,,,,,,
1769,1769,,,0.983726441860199,0.03316398337483406,0.9791350364685059,0.08863814175128937,0.9382750391960144,0.03253713250160217,0.05166340246796608,0.04894876480102539
1769,1769,0.013691356405615807,,,,,,,,,
1770,1770,,,0.9815725684165955,0.03104875050485134,0.9811851382255554,0.08969788253307343,0.9382115602493286,0.031070444732904434,0.051747411489486694,0.04894876480102539
1770,1770,0.013690262101590633,,,,,,,,,
1771,1771,,,0.9836161732673645,0.03299008682370186,0.9793786406517029,0.08869083225727081,0.9384763240814209,0.032402198761701584,0.05168217420578003,0.04894876480102539
1771,1771,0.013687369413673878,,,,,,,,,
1772,1772,,,0.9825750589370728,0.03189321234822273,0.9803251624107361,0.08922112733125687,0.9385724663734436,0.03160656616091728,0.051725875586271286,0.04894876480102539
1772,1772,0.013681411743164062,,,,,,,,,
1773,1773,,,0.9824340343475342,0.03174383565783501,0.9805096983909607,0.08926501870155334,0.93864905834198,0.031538791954517365,0.05173678696155548,0.04894876480102539
1773,1773,0.013675294816493988,,,,,,,,,
1774,1774,,,0.983671247959137,0.03285793587565422,0.9794144630432129,0.08870040625333786,0.9387653470039368,0.03232084959745407,0.05169700086116791,0.04894876480102539
1774,1774,0.013671604916453362,,,,,,,,,
1775,1775,,,0.9820539951324463,0.031190084293484688,0.9810017347335815,0.08954017609357834,0.9387646913528442,0.03116777539253235,0.05176553875207901,0.04894876480102539
1775,1775,0.013669390231370926,,,,,,,,,
1776,1776,,,0.9835919737815857,0.03267713636159897,0.9796693325042725,0.08875786513090134,0.9389505386352539,0.032211530953645706,0.05171656981110573,0.04894876480102539
1776,1776,0.013666065409779549,,,,,,,,,
1777,1777,,,0.9827781319618225,0.031805381178855896,0.9804233312606812,0.0891931802034378,0.939039409160614,0.03157424181699753,0.051752835512161255,0.04894876480102539
1777,1777,0.013660965487360954,,,,,,,,,
1778,1778,,,0.9827368855476379,0.03174462541937828,0.9805295467376709,0.08920786529779434,0.9391222596168518,0.03154942765831947,0.05176123231649399,0.04894876480102539
1778,1778,0.013655741699039936,,,,,,,,,
1779,1779,,,0.9836043119430542,0.032551996409893036,0.9797773361206055,0.0887925997376442,0.9392294883728027,0.03212219476699829,0.051734790205955505,0.04894876480102539
1779,1779,0.013651902787387371,,,,,,,,,
1780,1780,,,0.9824088215827942,0.031277358531951904,0.9809399247169495,0.08944312483072281,0.9392566084861755,0.03123614564538002,0.05178719013929367,0.04894876480102539
1780,1780,0.013648997992277145,,,,,,,,,
1781,1781,,,0.9836402535438538,0.032448746263980865,0.9798764586448669,0.08881354331970215,0.9394094944000244,0.032066620886325836,0.05174797773361206,0.04894876480102539
1781,1781,0.013645567931234837,,,,,,,,,
1782,1782,,,0.9829071760177612,0.03166161850094795,0.9805700182914734,0.08919717371463776,0.9394915699958801,0.03151361644268036,0.05178142338991165,0.04894876480102539
1782,1782,0.01364107709378004,,,,,,,,,
1783,1783,,,0.9830350279808044,0.03173977881669998,0.9804673790931702,0.08914487063884735,0.9395926594734192,0.03156663849949837,0.05178181082010269,0.04894876480102539
1783,1783,0.013636359013617039,,,,,,,,,
1784,1784,,,0.9835839867591858,0.03225112333893776,0.9800306558609009,0.08887118101119995,0.9396877288818359,0.03193794935941696,0.05176769569516182,0.04894876480102539
1784,1784,0.013632371090352535,,,,,,,,,
1785,1785,,,0.9827126860618591,0.03131697326898575,0.9808843731880188,0.08935219049453735,0.9397362470626831,0.03128521144390106,0.051807843148708344,0.04894876480102539
1785,1785,0.013629038818180561,,,,,,,,,
1786,1786,,,0.9837104082107544,0.03226550668478012,0.9799889922142029,0.08884415775537491,0.9398645162582397,0.031947001814842224,0.05177471041679382,0.04894876480102539
1786,1786,0.01362556591629982,,,,,,,,,
1787,1787,,,0.983006477355957,0.031513750553131104,0.9807091951370239,0.0892067700624466,0.939937174320221,0.031449902802705765,0.05180932581424713,0.04894876480102539
1787,1787,0.013621482066810131,,,,,,,,,
1788,1788,,,0.9832976460456848,0.03172213211655617,0.9804365038871765,0.0890897661447525,0.9400449395179749,0.03159141540527344,0.05180305615067482,0.04894876480102539
1788,1788,0.013617116026580334,,,,,,,,,
1789,1789,,,0.983567476272583,0.03194842487573624,0.9802672863006592,0.08895508944988251,0.9401305913925171,0.031773459166288376,0.05179990828037262,0.04894876480102539
1789,1789,0.013613034039735794,,,,,,,,,
1790,1790,,,0.9829846024513245,0.03129708766937256,0.9808806777000427,0.08928825706243515,0.9401870369911194,0.03132937103509903,0.05183018743991852,0.04894876480102539
1790,1790,0.01360941119492054,,,,,,,,,
1791,1791,,,0.9837914705276489,0.032047346234321594,0.9801279902458191,0.08889350295066833,0.940301239490509,0.03184107691049576,0.051802992820739746,0.04894876480102539
1791,1791,0.01360587403178215,,,,,,,,,
1792,1792,,,0.9831244945526123,0.031356342136859894,0.9808331727981567,0.08923163264989853,0.9403661489486694,0.03139282763004303,0.05183687433600426,0.04894876480102539
1792,1792,0.013602044433355331,,,,,,,,,
1793,1793,,,0.9835357666015625,0.0316888764500618,0.9804391264915466,0.08905342221260071,0.9404749274253845,0.03160906210541725,0.05182521790266037,0.04894876480102539
1793,1793,0.013597939163446426,,,,,,,,,
1794,1794,,,0.983573317527771,0.03168215602636337,0.9804763197898865,0.08903683722019196,0.9405548572540283,0.03162549436092377,0.051830604672431946,0.04894876480102539
1794,1794,0.013593876734375954,,,,,,,,,
1795,1795,,,0.983238935470581,0.03128626197576523,0.9808536171913147,0.0892283171415329,0.9406195282936096,0.031370893120765686,0.05185065418481827,0.04894876480102539
1795,1795,0.01359007228165865,,,,,,,,,
1796,1796,,,0.9838452339172363,0.03181854635477066,0.9802767634391785,0.0889425203204155,0.9407193660736084,0.031735554337501526,0.05183050036430359,0.04894876480102539
1796,1796,0.013586431741714478,,,,,,,,,
1797,1797,,,0.9832661747932434,0.031209535896778107,0.9809188842773438,0.0892358347773552,0.940779447555542,0.03135136142373085,0.051861487329006195,0.04894876480102539
1797,1797,0.013582720421254635,,,,,,,,,
1798,1798,,,0.9837362170219421,0.031607914716005325,0.9804752469062805,0.08902066946029663,0.9408813118934631,0.031613100320100784,0.05184707045555115,0.04894876480102539
1798,1798,0.013578822836279869,,,,,,,,,
1799,1799,,0.013574836775660515,,,,,,,,
1799,1799,,,0.983601450920105,0.03142309561371803,0.9806833863258362,0.08910008519887924,0.940955400466919,0.03150331601500511,0.05185984447598457,0.04894876480102539
1799,1799,0.013574836775660515,,,,,,,,,
1800,1800,,,0.983503520488739,0.031272854655981064,0.9808379411697388,0.0891631618142128,0.9410272240638733,0.03141653537750244,0.051870279014110565,0.04894876480102539
1800,1800,0.013570946641266346,,,,,,,,,
1801,1801,,,0.9838869571685791,0.03158697485923767,0.9804784655570984,0.08898919820785522,0.9411154985427856,0.031630247831344604,0.05185895785689354,0.04894876480102539
1801,1801,0.013567207381129265,,,,,,,,,
1802,1802,,,0.9834528565406799,0.03111131303012371,0.9809873104095459,0.08921504765748978,0.9411749839782715,0.03133467957377434,0.05188421159982681,0.04894876480102539
1802,1802,0.01356349978595972,,,,,,,,,
1803,1803,,,0.9839100241661072,0.031500477343797684,0.9805569052696228,0.08900207281112671,0.9412686824798584,0.031595468521118164,0.05186990648508072,0.04894876480102539
1803,1803,0.013559729792177677,,,,,,,,,
1804,1804,,,0.9836637377738953,0.031200099736452103,0.9808669686317444,0.08914338797330856,0.9413378834724426,0.03140551596879959,0.05188706889748573,0.04894876480102539
1804,1804,0.013555865734815598,,,,,,,,,
1805,1805,,,0.9837659597396851,0.031249556690454483,0.9808176159858704,0.08910217136144638,0.941415548324585,0.03145020455121994,0.05188866704702377,0.04894876480102539
1805,1805,0.013551984913647175,,,,,,,,,
1806,1806,,,0.9839260578155518,0.03134607523679733,0.9806844592094421,0.08904030174016953,0.9414945244789124,0.03151887655258179,0.051886819303035736,0.04894876480102539
1806,1806,0.01354817021638155,,,,,,,,,
1807,1807,,,0.9836753606796265,0.031045882031321526,0.981000542640686,0.08917909115552902,0.9415575265884399,0.03133707866072655,0.051903948187828064,0.04894876480102539
1807,1807,0.013544419780373573,,,,,,,,,
1808,1808,,,0.984047532081604,0.03135133534669876,0.9806634783744812,0.08900782465934753,0.9416407942771912,0.03154657408595085,0.051893241703510284,0.04894876480102539
1808,1808,0.013540688902139664,,,,,,,,,
1809,1809,,,0.983772873878479,0.03101867251098156,0.9810048937797546,0.08916644006967545,0.9417047500610352,0.03133687004446983,0.05191165953874588,0.04894876480102539
1809,1809,0.013536911457777023,,,,,,,,,
1810,1810,,,0.9840009212493896,0.031195268034934998,0.9808170199394226,0.0890599712729454,0.9417831301689148,0.03146359324455261,0.05190711468458176,0.04894876480102539
1810,1810,0.013533104211091995,,,,,,,,,
1811,1811,,,0.9839709997177124,0.031107109040021896,0.9808952212333679,0.0890941321849823,0.9418531656265259,0.031413398683071136,0.05191422253847122,0.04894876480102539
1811,1811,0.01352927926927805,,,,,,,,,
1812,1812,,,0.9839173555374146,0.031000569462776184,0.9810033440589905,0.089137502014637,0.9419199228286743,0.03135361894965172,0.05192247033119202,0.04894876480102539
1812,1812,0.013525490649044514,,,,,,,,,
1813,1813,,,0.9841377139091492,0.031163441017270088,0.9808269143104553,0.08904040604829788,0.9419937133789062,0.03147038444876671,0.05191837251186371,0.04894876480102539
1813,1813,0.013521737419068813,,,,,,,,,
1814,1814,,,0.9839284420013428,0.0308921467512846,0.9811031818389893,0.08916910737752914,0.9420546889305115,0.03130197152495384,0.05193391442298889,0.04894876480102539
1814,1814,0.013517993502318859,,,,,,,,,
1815,1815,,,0.9841891527175903,0.03109670802950859,0.9808733463287354,0.08904831856489182,0.9421301484107971,0.03144756704568863,0.051927439868450165,0.04894876480102539
1815,1815,0.013514251448214054,,,,,,,,,
1816,1816,,,0.984042227268219,0.030893931165337563,0.9810790419578552,0.08914007991552353,0.9421929717063904,0.03132660314440727,0.051939841359853745,0.04894876480102539
1816,1816,0.013510465621948242,,,,,,,,,
1817,1817,,,0.9841554760932922,0.030946388840675354,0.9810068011283875,0.08910133689641953,0.942263126373291,0.03136735036969185,0.05194024369120598,0.04894876480102539
1817,1817,0.01350667979568243,,,,,,,,,
1818,1818,,,0.9842054843902588,0.03094598278403282,0.981012225151062,0.08908801525831223,0.9423289895057678,0.031377557665109634,0.051943741738796234,0.04894876480102539
1818,1818,0.013502915389835835,,,,,,,,,
1819,1819,,,0.9841267466545105,0.030808456242084503,0.9811453223228455,0.08914855122566223,0.9423911571502686,0.03129446879029274,0.051952943205833435,0.04894876480102539
1819,1819,0.013499164953827858,,,,,,,,,
1820,1820,,,0.9843217134475708,0.030947474762797356,0.9809860587120056,0.08906164020299911,0.9424607753753662,0.03139547258615494,0.05194928124547005,0.04894876480102539
1820,1820,0.0134954284876585,,,,,,,,,
1821,1821,,,0.9841675758361816,0.030737340450286865,0.9812081456184387,0.08915546536445618,0.9425188899040222,0.03127153590321541,0.05196211859583855,0.04894876480102539
1821,1821,0.013491685502231121,,,,,,,,,
1822,1822,,,0.9843582510948181,0.0308640506118536,0.9810485243797302,0.08907562494277954,0.9425884485244751,0.03136016055941582,0.05195847153663635,0.04894876480102539
1822,1822,0.01348793227225542,,,,,,,,,
1823,1823,,,0.9842842817306519,0.030735837295651436,0.9811952710151672,0.08912526071071625,0.942647397518158,0.031291745603084564,0.05196789652109146,0.04894876480102539
1823,1823,0.013484181836247444,,,,,,,,,
1824,1824,,,0.9843471050262451,0.03073756769299507,0.981170117855072,0.08911143988370895,0.9427118301391602,0.03129897639155388,0.05197005718946457,0.04894876480102539
1824,1824,0.013480431400239468,,,,,,,,,
1825,1825,,,0.9844134449958801,0.03075173869729042,0.9811503291130066,0.08908849209547043,0.9427744746208191,0.03131929412484169,0.05197220668196678,0.04894876480102539
1825,1825,0.013476692140102386,,,,,,,,,
1826,1826,,,0.9843469262123108,0.030629415065050125,0.981279730796814,0.08913757652044296,0.9428320527076721,0.031250499188899994,0.051980867981910706,0.04894876480102539
1826,1826,0.013472951017320156,,,,,,,,,
1827,1827,,,0.9845073223114014,0.030730431899428368,0.9811484217643738,0.08907186985015869,0.9428974986076355,0.03132114186882973,0.051978256553411484,0.04894876480102539
1827,1827,0.013469225727021694,,,,,,,,,
1828,1828,,,0.9844028353691101,0.030573366209864616,0.9813299775123596,0.08913706243038177,0.9429517388343811,0.03123442269861698,0.051989033818244934,0.04894876480102539
1828,1828,0.013465497642755508,,,,,,,,,
1829,1829,,,0.9845453500747681,0.03065333515405655,0.981214165687561,0.08908244967460632,0.9430162906646729,0.03129112347960472,0.051987115293741226,0.04894876480102539
1829,1829,0.013461768627166748,,,,,,,,,
1830,1830,,,0.9845026731491089,0.030558615922927856,0.9813205599784851,0.08911526203155518,0.9430720210075378,0.03124379739165306,0.05199458450078964,0.04894876480102539
1830,1830,0.013458026573061943,,,,,,,,,
1831,1831,,,0.9845511317253113,0.03054940328001976,0.9813180565834045,0.08910594880580902,0.943131148815155,0.031246459111571312,0.05199742317199707,0.04894876480102539
1831,1831,0.013454302214086056,,,,,,,,,
1832,1832,,,0.9846125245094299,0.030552366748452187,0.9813023209571838,0.08909057825803757,0.9431899189949036,0.03125673532485962,0.05199967324733734,0.04894876480102539
1832,1832,0.013450567610561848,,,,,,,,,
1833,1833,,,0.9845710396766663,0.030458062887191772,0.9814096093177795,0.08912389725446701,0.9432434439659119,0.031209168955683708,0.052007101476192474,0.04894876480102539
1833,1833,0.01344685722142458,,,,,,,,,
1834,1834,,,0.9846925735473633,0.030519938096404076,0.9813165068626404,0.08907834440469742,0.9433042407035828,0.03125515207648277,0.05200599133968353,0.04894876480102539
1834,1834,0.013443135656416416,,,,,,,,,
1835,1835,,,0.9846241474151611,0.030398720875382423,0.9814544320106506,0.08912581950426102,0.9433556795120239,0.031191013753414154,0.05201471596956253,0.04894876480102539
1835,1835,0.013439418748021126,,,,,,,,,
1836,1836,,,0.9847365617752075,0.030454354360699654,0.9813746809959412,0.08908302336931229,0.9434149265289307,0.031233958899974823,0.052014075219631195,0.04894876480102539
1836,1836,0.01343570090830326,,,,,,,,,
1837,1837,,,0.9847080111503601,0.030369583517313004,0.9814648628234863,0.08911283314228058,0.9434672594070435,0.031190073117613792,0.05202075093984604,0.04894876480102539
1837,1837,0.013431988656520844,,,,,,,,,
1838,1838,,,0.9847637414932251,0.030370455235242844,0.9814547300338745,0.08909769356250763,0.9435227513313293,0.031200552359223366,0.052023034542798996,0.04894876480102539
1838,1838,0.013428270816802979,,,,,,,,,
1839,1839,,,0.9847971796989441,0.03034789301455021,0.9814660549163818,0.08909536898136139,0.943576991558075,0.031195174902677536,0.052026256918907166,0.04894876480102539
1839,1839,0.013424561358988285,,,,,,,,,
1840,1840,,,0.9847927689552307,0.03028881549835205,0.9815268516540527,0.08911168575286865,0.9436285495758057,0.03116852417588234,0.052031565457582474,0.04894876480102539
1840,1840,0.01342085376381874,,,,,,,,,
1841,1841,,,0.984874427318573,0.030314741656184196,0.9814850091934204,0.08908402919769287,0.9436835050582886,0.03119366616010666,0.052032407373189926,0.04894876480102539
1841,1841,0.013417139649391174,,,,,,,,,
1842,1842,,,0.9848409295082092,0.030225059017539024,0.9815812706947327,0.08911608159542084,0.9437323808670044,0.031147141009569168,0.05203917995095253,0.04894876480102539
1842,1842,0.01341343391686678,,,,,,,,,
1843,1843,,,0.984932541847229,0.030261557549238205,0.9815254211425781,0.0890825018286705,0.9437870383262634,0.031179331243038177,0.052039358764886856,0.04894876480102539
1843,1843,0.013409735634922981,,,,,,,,,
1844,1844,,,0.9849052429199219,0.03017956204712391,0.9816121459007263,0.0891106128692627,0.9438353180885315,0.031138217076659203,0.05204567313194275,0.04894876480102539
1844,1844,0.013406031765043736,,,,,,,,,
1845,1845,,,0.9849746823310852,0.0301936324685812,0.9815829992294312,0.08908902108669281,0.9438878893852234,0.0311555415391922,0.05204695463180542,0.04894876480102539
1845,1845,0.013402329757809639,,,,,,,,,
1846,1846,,,0.9849810600280762,0.03014587238430977,0.9816327691078186,0.08909885585308075,0.9439364075660706,0.031135497614741325,0.052051566541194916,0.04894876480102539
1846,1846,0.013398629613220692,,,,,,,,,
1847,1847,,,0.985012412071228,0.03012065961956978,0.981648325920105,0.0890975296497345,0.9439861178398132,0.031128566712141037,0.05205473676323891,0.04894876480102539
1847,1847,0.01339492853730917,,,,,,,,,
1848,1848,,,0.9850557446479797,0.030110199004411697,0.9816507697105408,0.08908786624670029,0.9440356492996216,0.031132366508245468,0.05205726996064186,0.04894876480102539
1848,1848,0.013391233049333096,,,,,,,,,
1849,1849,,0.01338753942400217,,,,,,,,
1849,1849,,,0.9850529432296753,0.030052635818719864,0.9817079305648804,0.08910321444272995,0.9440823197364807,0.03110571764409542,0.05206214636564255,0.04894876480102539
1849,1849,0.01338753942400217,,,,,,,,,
1850,1850,,,0.9851216673851013,0.030066974461078644,0.9816792011260986,0.08908095955848694,0.9441323280334473,0.031122958287596703,0.05206327885389328,0.04894876480102539
1850,1850,0.013383851386606693,,,,,,,,,
1851,1851,,,0.9851058125495911,0.0299959946423769,0.9817571043968201,0.08910279721021652,0.9441768527030945,0.031089773401618004,0.05206899344921112,0.04894876480102539
1851,1851,0.013380156829953194,,,,,,,,,
1852,1852,,,0.9851764440536499,0.030011413618922234,0.9817209839820862,0.08908043801784515,0.9442263841629028,0.031107209622859955,0.052069805562496185,0.04894876480102539
1852,1852,0.013376464135944843,,,,,,,,,
1853,1853,,,0.9851670861244202,0.02994883991777897,0.9817910194396973,0.08909709006547928,0.944270133972168,0.03107963129878044,0.052075065672397614,0.04894876480102539
1853,1853,0.013372775167226791,,,,,,,,,
1854,1854,,,0.9852228164672852,0.029948236420750618,0.9817753434181213,0.08908310532569885,0.9443178176879883,0.031087033450603485,0.052076712250709534,0.04894876480102539
1854,1854,0.013369088992476463,,,,,,,,,
1855,1855,,,0.9852357506752014,0.029907550662755966,0.9818175435066223,0.0890890508890152,0.9443618655204773,0.031072240322828293,0.05208075791597366,0.04894876480102539
1855,1855,0.013365400023758411,,,,,,,,,
1856,1856,,,0.9852671027183533,0.029883669689297676,0.9818328619003296,0.08908668905496597,0.9444069266319275,0.03106626123189926,0.052083663642406464,0.04894876480102539
1856,1856,0.013361713849008083,,,,,,,,,
1857,1857,,,0.9853028655052185,0.029865119606256485,0.9818432331085205,0.08908089250326157,0.9444518089294434,0.031064165756106377,0.05208628624677658,0.04894876480102539
1857,1857,0.013358033262193203,,,,,,,,,
1858,1858,,,0.9853127598762512,0.029820848256349564,0.9818867444992065,0.08908845484256744,0.944494366645813,0.031046880409121513,0.05209031328558922,0.04894876480102539
1858,1858,0.013354352675378323,,,,,,,,,
1859,1859,,,0.9853655099868774,0.029818078503012657,0.9818750023841858,0.08907504379749298,0.9445394277572632,0.031053928658366203,0.052091993391513824,0.04894876480102539
1859,1859,0.01335066556930542,,,,,,,,,
1860,1860,,,0.9853647351264954,0.029763247817754745,0.9819338917732239,0.0890880599617958,0.9445801973342896,0.03103063814342022,0.05209662765264511,0.04894876480102539
1860,1860,0.013346988707780838,,,,,,,,,
1861,1861,,,0.9854220747947693,0.02976621687412262,0.9819148778915405,0.08907144516706467,0.9446247816085815,0.031040562316775322,0.05209791660308838,0.04894876480102539
1861,1861,0.013343299739062786,,,,,,,,,
1862,1862,,,0.9854221343994141,0.029711009934544563,0.9819732904434204,0.08908461779356003,0.9446646571159363,0.031016867607831955,0.05210248380899429,0.04894876480102539
1862,1862,0.013339618220925331,,,,,,,,,
1863,1863,,,0.9854742288589478,0.029709579423069954,0.9819607734680176,0.08907030522823334,0.944707989692688,0.031025012955069542,0.05210401862859726,0.04894876480102539
1863,1863,0.01333595346659422,,,,,,,,,
1864,1864,,,0.9854816794395447,0.029662594199180603,0.9820080399513245,0.08907971531152725,0.9447475075721741,0.031005850061774254,0.05210808292031288,0.04894876480102539
1864,1864,0.013332271948456764,,,,,,,,,
1865,1865,,,0.98552405834198,0.029650937765836716,0.9820106029510498,0.08907050639390945,0.9447891712188721,0.03100765123963356,0.05211019888520241,0.04894876480102539
1865,1865,0.013328596949577332,,,,,,,,,
1866,1866,,,0.9855427145957947,0.02961583435535431,0.9820418953895569,0.08907344937324524,0.9448287487030029,0.03099571354687214,0.05211351811885834,0.04894876480102539
1866,1866,0.013324916362762451,,,,,,,,,
1867,1867,,,0.9855726957321167,0.029590904712677002,0.9820588231086731,0.08907105773687363,0.9448687434196472,0.03099004179239273,0.05211623013019562,0.04894876480102539
1867,1867,0.013321246951818466,,,,,,,,,
1868,1868,,,0.9856038093566895,0.029567686840891838,0.9820765852928162,0.08906757086515427,0.9449082016944885,0.030985478311777115,0.052118927240371704,0.04894876480102539
1868,1868,0.013317571952939034,,,,,,,,,
1869,1869,,,0.9856225252151489,0.02953275851905346,0.9821080565452576,0.08907048404216766,0.9449464678764343,0.030973028391599655,0.05212217569351196,0.04894876480102539
1869,1869,0.013313891366124153,,,,,,,,,
1870,1870,,,0.9856616854667664,0.02951880916953087,0.9821131825447083,0.08906213939189911,0.9449859261512756,0.03097406215965748,0.05212428420782089,0.04894876480102539
1870,1870,0.013310223817825317,,,,,,,,,
1871,1871,,,0.9856734871864319,0.029476046562194824,0.982153594493866,0.08906900137662888,0.9450228810310364,0.030957775190472603,0.052127905189991,0.04894876480102539
1871,1871,0.013306553475558758,,,,,,,,,
1872,1872,,,0.9857189059257507,0.029467402026057243,0.9821498990058899,0.08905791491270065,0.9450621008872986,0.030961375683546066,0.052129603922367096,0.04894876480102539
1872,1872,0.013302884995937347,,,,,,,,,
1873,1873,,,0.9857273697853088,0.02942190133035183,0.9821975231170654,0.08906588703393936,0.9450977444648743,0.030943438410758972,0.052133455872535706,0.04894876480102539
1873,1873,0.013299213722348213,,,,,,,,,
1874,1874,,,0.9857738614082336,0.029414603486657143,0.9821908473968506,0.08905433863401413,0.9451364874839783,0.030947789549827576,0.052135005593299866,0.04894876480102539
1874,1874,0.013295542448759079,,,,,,,,,
1875,1875,,,0.9857807755470276,0.029368842020630836,0.9822382926940918,0.08906228095293045,0.9451712965965271,0.030930407345294952,0.052138801664114,0.04894876480102539
1875,1875,0.013291877694427967,,,,,,,,,
1876,1876,,,0.9858256578445435,0.029359832406044006,0.9822343587875366,0.08905128389596939,0.9452090859413147,0.030933573842048645,0.052140407264232635,0.04894876480102539
1876,1876,0.013288207352161407,,,,,,,,,
1877,1877,,,0.9858371615409851,0.029317181557416916,0.9822775721549988,0.08905762434005737,0.9452434778213501,0.03091750293970108,0.052143990993499756,0.04894876480102539
1877,1877,0.013284540735185146,,,,,,,,,
1878,1878,,,0.9858784079551697,0.029304655268788338,0.9822788834571838,0.08904850482940674,0.9452802538871765,0.030918892472982407,0.05214579403400421,0.04894876480102539
1878,1878,0.013280871324241161,,,,,,,,,
1879,1879,,,0.9858930110931396,0.02926599606871605,0.982316255569458,0.08905281871557236,0.9453142285346985,0.03090526908636093,0.05214909091591835,0.04894876480102539
1879,1879,0.013277199119329453,,,,,,,,,
1880,1880,,,0.9859288334846497,0.029249053448438644,0.9823232889175415,0.08904566615819931,0.9453498721122742,0.030904250219464302,0.05215107649564743,0.04894876480102539
1880,1880,0.013273538090288639,,,,,,,,,
1881,1881,,,0.9859476685523987,0.029214194044470787,0.9823547005653381,0.08904780447483063,0.945383608341217,0.030892912298440933,0.05215408280491829,0.04894876480102539
1881,1881,0.013269874267280102,,,,,,,,,
1882,1882,,,0.9859805107116699,0.029193419963121414,0.982367217540741,0.08904259651899338,0.9454181790351868,0.03088967688381672,0.052156269550323486,0.04894876480102539
1882,1882,0.013266205787658691,,,,,,,,,
1883,1883,,,0.9860036373138428,0.029162799939513206,0.9823933243751526,0.08904266357421875,0.9454516172409058,0.0308805163949728,0.05215902253985405,0.04894876480102539
1883,1883,0.013262540102005005,,,,,,,,,
1884,1884,,,0.9860318899154663,0.02913852408528328,0.9824107885360718,0.08903928101062775,0.9454851746559143,0.03087535686790943,0.05216137319803238,0.04894876480102539
1884,1884,0.013258874416351318,,,,,,,,,
1885,1885,,,0.986056923866272,0.029110847041010857,0.98243248462677,0.08903774619102478,0.9455181360244751,0.03086812049150467,0.05216389521956444,0.04894876480102539
1885,1885,0.013255213387310505,,,,,,,,,
1886,1886,,,0.9860835075378418,0.029083777219057083,0.9824544787406921,0.08903560787439346,0.9455507397651672,0.030861325562000275,0.0521664097905159,0.04894876480102539
1886,1886,0.013251551426947117,,,,,,,,,
1887,1887,,,0.9861112236976624,0.029057955369353294,0.9824731945991516,0.08903305232524872,0.9455833435058594,0.030855072662234306,0.05216877907514572,0.04894876480102539
1887,1887,0.013247891329228878,,,,,,,,,
1888,1888,,,0.9861353039741516,0.029029864817857742,0.9824970960617065,0.08903128653764725,0.9456151723861694,0.03084784746170044,0.052171312272548676,0.04894876480102539
1888,1888,0.013244224712252617,,,,,,,,,
1889,1889,,,0.986164391040802,0.02900511771440506,0.9825138449668884,0.08902820199728012,0.9456473588943481,0.030841989442706108,0.05217356979846954,0.04894876480102539
1889,1889,0.013240566477179527,,,,,,,,,
1890,1890,,,0.9861865639686584,0.028975840657949448,0.9825394749641418,0.08902700245380402,0.9456784129142761,0.030834536999464035,0.05217614769935608,0.04894876480102539
1890,1890,0.013236898928880692,,,,,,,,,
1891,1891,,,0.9862164855003357,0.02895175851881504,0.98255455493927,0.08902344107627869,0.9457099437713623,0.03082895092666149,0.05217830091714859,0.04894876480102539
1891,1891,0.013233239762485027,,,,,,,,,
1892,1892,,,0.9862397313117981,0.02892197109758854,0.9825815558433533,0.08902213722467422,0.9457404017448425,0.03082110360264778,0.052180901169776917,0.04894876480102539
1892,1892,0.013229571282863617,,,,,,,,,
1893,1893,,,0.9862686395645142,0.028898131102323532,0.9825954437255859,0.08901865035295486,0.9457715153694153,0.030815763399004936,0.05218297243118286,0.04894876480102539
1893,1893,0.01322590745985508,,,,,,,,,
1894,1894,,,0.9862915277481079,0.028868447989225388,0.9826222062110901,0.08901739865541458,0.9458013772964478,0.03080815263092518,0.0521855391561985,0.04894876480102539
1894,1894,0.013222245499491692,,,,,,,,,
1895,1895,,,0.9863199591636658,0.028844719752669334,0.9826370477676392,0.08901379257440567,0.945831835269928,0.030802546069025993,0.052187610417604446,0.04894876480102539
1895,1895,0.013218583539128304,,,,,,,,,
1896,1896,,,0.9863430261611938,0.02881593443453312,0.9826635718345642,0.08901222050189972,0.9458610415458679,0.030795112252235413,0.05219012498855591,0.04894876480102539
1896,1896,0.013214925304055214,,,,,,,,,
1897,1897,,,0.9863729476928711,0.028790948912501335,0.9826800227165222,0.08900905400514603,0.9458908438682556,0.03078935295343399,0.05219225585460663,0.04894876480102539
1897,1897,0.013211256824433804,,,,,,,,,
1898,1898,,,0.9863945245742798,0.02876223437488079,0.982704222202301,0.08900704979896545,0.9459196329116821,0.030782220885157585,0.05219462141394615,0.04894876480102539
1898,1898,0.013207602314651012,,,,,,,,,
1899,1899,,0.013203942216932774,,,,,,,,
1899,1899,,,0.9864228367805481,0.02873653918504715,0.9827216863632202,0.08900390565395355,0.9459488391876221,0.03077606111764908,0.052196744829416275,0.04894876480102539
1899,1899,0.013203942216932774,,,,,,,,,
1900,1900,,,0.9864468574523926,0.028708606958389282,0.9827460646629333,0.08900187164545059,0.9459771513938904,0.03076927177608013,0.052199121564626694,0.04894876480102539
1900,1900,0.013200270012021065,,,,,,,,,
1901,1901,,,0.9864735007286072,0.028683537617325783,0.982763409614563,0.08899865299463272,0.9460058808326721,0.03076331503689289,0.052201204001903534,0.04894876480102539
1901,1901,0.013196609914302826,,,,,,,,,
1902,1902,,,0.9864987134933472,0.028655368834733963,0.9827871322631836,0.08899661898612976,0.9460337162017822,0.030756181105971336,0.05220353603363037,0.04894876480102539
1902,1902,0.01319294422864914,,,,,,,,,
1903,1903,,,0.9865245223045349,0.028629858046770096,0.9828051924705505,0.08899309486150742,0.9460617899894714,0.030750375241041183,0.05220559239387512,0.04894876480102539
1903,1903,0.013189286924898624,,,,,,,,,
1904,1904,,,0.9865487813949585,0.028601352125406265,0.98282790184021,0.08899130672216415,0.9460892677307129,0.030743028968572617,0.05220785737037659,0.04894876480102539
1904,1904,0.013185621239244938,,,,,,,,,
1905,1905,,,0.9865761995315552,0.028576111420989037,0.982847273349762,0.08898772299289703,0.9461166858673096,0.030737806111574173,0.052209965884685516,0.04894876480102539
1905,1905,0.013181961141526699,,,,,,,,,
1906,1906,,,0.9865992069244385,0.028547530993819237,0.9828696846961975,0.08898589015007019,0.9461436867713928,0.030729712918400764,0.05221216380596161,0.04894876480102539
1906,1906,0.013178292661905289,,,,,,,,,
1907,1907,,,0.9866266846656799,0.028523357585072517,0.9828882217407227,0.08898147195577621,0.9461707472801208,0.030725248157978058,0.05221419036388397,0.04894876480102539
1907,1907,0.013174627907574177,,,,,,,,,
1908,1908,,,0.9866495132446289,0.028493298217654228,0.9829115271568298,0.08898091316223145,0.9461972117424011,0.03071637637913227,0.05221645161509514,0.04894876480102539
1908,1908,0.013170969672501087,,,,,,,,,
1909,1909,,,0.9866775274276733,0.028471069410443306,0.9829286932945251,0.08897509425878525,0.9462238550186157,0.030713316053152084,0.05221836268901825,0.04894876480102539
1909,1909,0.013167306780815125,,,,,,,,,
1910,1910,,,0.9866987466812134,0.028438173234462738,0.9829556345939636,0.08897565305233002,0.9462496042251587,0.03070264309644699,0.05222074314951897,0.04894876480102539
1910,1910,0.013163643889129162,,,,,,,,,
1911,1911,,,0.9867298603057861,0.028419142588973045,0.9829666018486023,0.08896808326244354,0.9462763071060181,0.03070143610239029,0.052222371101379395,0.04894876480102539
1911,1911,0.013159981928765774,,,,,,,,,
1912,1912,,,0.9867459535598755,0.028381725773215294,0.9830013513565063,0.08897091448307037,0.9463009834289551,0.03068890981376171,0.052225057035684586,0.04894876480102539
1912,1912,0.013156317174434662,,,,,,,,,
1913,1913,,,0.9867836236953735,0.02836904302239418,0.9830013513565063,0.08896070718765259,0.9463281631469727,0.030690109357237816,0.0522262305021286,0.04894876480102539
1913,1913,0.01315265242010355,,,,,,,,,
1914,1914,,,0.9867909550666809,0.028324520215392113,0.9830532670021057,0.08896638453006744,0.9463508725166321,0.030674219131469727,0.05222953110933304,0.04894876480102539
1914,1914,0.013148979283869267,,,,,,,,,
1915,1915,,,0.9868391752243042,0.02832137607038021,0.9830306172370911,0.08895201981067657,0.9463796615600586,0.030679894611239433,0.052229806780815125,0.04894876480102539
1915,1915,0.01314531546086073,,,,,,,,,
1916,1916,,,0.986832320690155,0.028262494131922722,0.9831092357635498,0.08896415680646896,0.946399450302124,0.030658379197120667,0.05223417282104492,0.04894876480102539
1916,1916,0.013141646981239319,,,,,,,,,
1917,1917,,,0.986899733543396,0.028277842327952385,0.98305344581604,0.08894084393978119,0.9464308619499207,0.03067203052341938,0.05223306268453598,0.04894876480102539
1917,1917,0.013137979432940483,,,,,,,,,
1918,1918,,,0.9868687987327576,0.02819555252790451,0.9831752181053162,0.08896418660879135,0.9464463591575623,0.030638888478279114,0.05223914608359337,0.04894876480102539
1918,1918,0.013134312815964222,,,,,,,,,
1919,1919,,,0.9869666695594788,0.02824208326637745,0.9830640554428101,0.088925801217556,0.9464821219444275,0.030668726190924644,0.05223577097058296,0.04894876480102539
1919,1919,0.01313064619898796,,,,,,,,,
1920,1920,,,0.9868940114974976,0.028117993846535683,0.9832572937011719,0.08897001296281815,0.9464908838272095,0.030614063143730164,0.05224476009607315,0.04894876480102539
1920,1920,0.013126981444656849,,,,,,,,,
1921,1921,,,0.9870474338531494,0.028222817927598953,0.9830483794212341,0.08890265226364136,0.9465346932411194,0.03067324310541153,0.05223730951547623,0.04894876480102539
1921,1921,0.013123316690325737,,,,,,,,,
1922,1922,,,0.9868999719619751,0.02801920473575592,0.9833788275718689,0.08898615837097168,0.9465303421020508,0.030578555539250374,0.0522519126534462,0.04894876480102539
1922,1922,0.013119657523930073,,,,,,,,,
1923,1923,,,0.9871580600738525,0.028231974691152573,0.9829795956611633,0.08886557817459106,0.9465897679328918,0.030692875385284424,0.05223661661148071,0.04894876480102539
1923,1923,0.013115998357534409,,,,,,,,,
1924,1924,,,0.9868640899658203,0.027877366170287132,0.9835748672485352,0.08902282267808914,0.9465595483779907,0.030522774904966354,0.05226194113492966,0.04894876480102539
1924,1924,0.013112361542880535,,,,,,,,,
1925,1925,,,0.9873254299163818,0.028300153091549873,0.9828054904937744,0.08879980444908142,0.9466484785079956,0.030742371454834938,0.05223134905099869,0.04894876480102539
1925,1925,0.013108743354678154,,,,,,,,,
1926,1926,,,0.9867509007453918,0.02765476144850254,0.9839199781417847,0.0891008973121643,0.9465644359588623,0.03042788989841938,0.05227765440940857,0.04894876480102539
1926,1926,0.013105170801281929,,,,,,,,,
1927,1927,,,0.9876101016998291,0.028489109128713608,0.9824194312095642,0.08867897838354111,0.9467057585716248,0.03085325099527836,0.052216656506061554,0.04894876480102539
1927,1927,0.013101690448820591,,,,,,,,,
1928,1928,,,0.9864833950996399,0.02726895734667778,0.9845688939094543,0.08926412463188171,0.946502149105072,0.030257677659392357,0.05230426415801048,0.04894876480102539
1928,1928,0.013098396360874176,,,,,,,,,
1929,1929,,,0.9881361126899719,0.02892187610268593,0.9816007614135742,0.08844969421625137,0.9467223882675171,0.031093597412109375,0.05218121036887169,0.04894876480102539
1929,1929,0.013095471076667309,,,,,,,,,
1930,1930,,,0.9859147667884827,0.026554742828011513,0.9858441948890686,0.0896088108420372,0.9462277293205261,0.02994697540998459,0.05235058814287186,0.04894876480102539
1930,1930,0.013093271292746067,,,,,,,,,
1931,1931,,,0.9891908764839172,0.02986997552216053,0.9798879027366638,0.08801484107971191,0.9464959502220154,0.0316237136721611,0.052096933126449585,0.04894876480102539
1931,1931,0.013092556037008762,,,,,,,,,
1932,1932,,,0.9847807288169861,0.025195809081196785,0.9884400963783264,0.09035958349704742,0.9452075958251953,0.029402803629636765,0.05242732912302017,0.04894876480102539
1932,1932,0.013094869442284107,,,,,,,,,
1933,1933,,,0.991460919380188,0.03193795680999756,0.9763076901435852,0.08721927553415298,0.9452053308486938,0.0328495055437088,0.051890820264816284,0.04894876480102539
1933,1933,0.013103320263326168,,,,,,,,,
1934,1934,,,0.9827162623405457,0.022662552073597908,0.9938334226608276,0.09208571910858154,0.9414587616920471,0.028629504144191742,0.052527979016304016,0.04894876480102539
1934,1934,0.013124535791575909,,,,,,,,,
1935,1935,,,0.9967647790908813,0.03647954389452934,0.9688927531242371,0.08598390221595764,0.9401799440383911,0.03587283939123154,0.05139360576868057,0.04894876480102539
1935,1935,0.013171891681849957,,,,,,,,,
1936,1936,,,0.9798334240913391,0.018852513283491135,1.0050556659698486,0.09630047529935837,0.9302911162376404,0.02854851633310318,0.052666228264570236,0.04894876480102539
1936,1936,0.013273632153868675,,,,,,,,,
1937,1937,,,1.0099878311157227,0.0462157242000103,0.9543536305427551,0.08524972945451736,0.9251686334609985,0.04348234832286835,0.05036652088165283,0.04894876480102539
1937,1937,0.013483724556863308,,,,,,,,,
1938,1938,,,0.9794449210166931,0.019449351355433464,1.0264497995376587,0.10649710148572922,0.9072996377944946,0.03360928222537041,0.05321911722421646,0.04894876480102539
1938,1938,0.01390829961746931,,,,,,,,,
1939,1939,,,1.0390682220458984,0.06351587176322937,0.9321862459182739,0.08982597291469574,0.8944587111473083,0.05963720381259918,0.04913896322250366,0.04894876480102539
1939,1939,0.014692249707877636,,,,,,,,,
1940,1940,,,0.987048327922821,0.03144339099526405,1.0506494045257568,0.12358664721250534,0.8811637163162231,0.04732813686132431,0.054732002317905426,0.04894876480102539
1940,1940,0.015986662358045578,,,,,,,,,
1941,1941,,,1.0565413236618042,0.07497170567512512,0.9257804155349731,0.0996401384472847,0.881553590297699,0.07531730830669403,0.04978994280099869,0.04894876480102539
1941,1941,0.017446182668209076,,,,,,,,,
1942,1942,,,0.9786509275436401,0.02510063350200653,1.0250290632247925,0.12138742208480835,0.9039427638053894,0.04639585688710213,0.05436750501394272,0.04894876480102539
1942,1942,0.018116053193807602,,,,,,,,,
1943,1943,,,0.9984844326972961,0.045757342129945755,0.9809314608573914,0.08897924423217773,0.9416751265525818,0.055314451456069946,0.052789654582738876,0.04894876480102539
1943,1943,0.016611715778708458,,,,,,,,,
1944,1944,,,1.0044893026351929,0.03542797267436981,0.9486649036407471,0.08720158040523529,0.9257569313049316,0.028436832129955292,0.049803707748651505,0.04894876480102539
1944,1944,0.014286410063505173,,,,,,,,,
1945,1945,,,0.9815008044242859,0.018765412271022797,1.0453360080718994,0.09499675035476685,0.8936323523521423,0.02855500392615795,0.05263178423047066,0.04894876480102539
1945,1945,0.013542849570512772,,,,,,,,,
1946,1946,,,1.033618450164795,0.059334754943847656,0.9347341060638428,0.08575308322906494,0.8997519016265869,0.05345465615391731,0.04896686226129532,0.04894876480102539
1946,1946,0.014580987393856049,,,,,,,,,
1947,1947,,,0.977050244808197,0.01785789243876934,1.0005689859390259,0.10127068310976028,0.9315392374992371,0.03139043599367142,0.05285816639661789,0.04894876480102539
1947,1947,0.015107293613255024,,,,,,,,,
1948,1948,,,0.982212245464325,0.03037998266518116,1.0100886821746826,0.08621655404567719,0.9309909343719482,0.04300081357359886,0.05276542901992798,0.04894876480102539
1948,1948,0.0141583988443017,,,,,,,,,
1949,1949,,0.013577049598097801,,,,,,,,
1949,1949,,,1.0218570232391357,0.04463953897356987,0.9303661584854126,0.08388989418745041,0.9026138186454773,0.031108686700463295,0.04801037907600403,0.04801037907600403
1949,1949,0.013577049598097801,,,,,,,,,
1950,1950,,,0.9796660542488098,0.018415329977869987,1.0386706590652466,0.09278678894042969,0.900623619556427,0.028410032391548157,0.052516646683216095,0.04801037907600403
1950,1950,0.014116309583187103,,,,,,,,,
1951,1951,,,0.9992371797561646,0.04137646406888962,0.9665706753730774,0.08452105522155762,0.9380925297737122,0.04181845858693123,0.051312629133462906,0.04801037907600403
1951,1951,0.01417240034788847,,,,,,,,,
1952,1952,,,0.9951461553573608,0.0300140343606472,0.9571970105171204,0.09026221930980682,0.9364166259765625,0.027949687093496323,0.05073678493499756,0.04801037907600403
1952,1952,0.013435639441013336,,,,,,,,,
1953,1953,,,0.9795075058937073,0.01995060220360756,1.0394976139068604,0.08865423500537872,0.9026380181312561,0.034342363476753235,0.05255269259214401,0.04801037907600403
1953,1953,0.013404830358922482,,,,,,,,,
1954,1954,,,1.0107755661010742,0.04156646504998207,0.9419216513633728,0.08478186279535294,0.9165826439857483,0.03226268291473389,0.04910976439714432,0.04801037907600403
1954,1954,0.013962926343083382,,,,,,,,,
1955,1955,,,0.9835208654403687,0.024817300960421562,0.991999089717865,0.0893622413277626,0.9438523054122925,0.029806628823280334,0.052454669028520584,0.04801037907600403
1955,1955,0.013691156171262264,,,,,,,,,
1956,1956,,,0.9796083569526672,0.02323027513921261,1.015238881111145,0.08830394595861435,0.9248613715171814,0.034584835171699524,0.05253808572888374,0.04801037907600403
1956,1956,0.013056857511401176,,,,,,,,,
1957,1957,,,1.0096454620361328,0.038195133209228516,0.9384766221046448,0.08709415048360825,0.9147579669952393,0.02950938791036606,0.04891977459192276,0.04801037907600403
1957,1957,0.013354196213185787,,,,,,,,,
1958,1958,,,0.981364905834198,0.023139098659157753,1.0135767459869385,0.0881599709391594,0.9266865849494934,0.03339257836341858,0.05253521725535393,0.04801037907600403
1958,1958,0.013742998242378235,,,,,,,,,
1959,1959,,,0.9830117225646973,0.025464531034231186,0.9889430403709412,0.08915134519338608,0.9459948539733887,0.030430909246206284,0.0524282306432724,0.04801037907600403
1959,1959,0.013287017121911049,,,,,,,,,
1960,1960,,,1.0039215087890625,0.036615051329135895,0.9507599472999573,0.08681729435920715,0.927537202835083,0.03146858140826225,0.05001794546842575,0.04801037907600403
1960,1960,0.013019159436225891,,,,,,,,,
1961,1961,,,0.9819424748420715,0.021997690200805664,1.0189228057861328,0.08872592449188232,0.9217296242713928,0.03314753249287605,0.05255671590566635,0.04801037907600403
1961,1961,0.01336597464978695,,,,,,,,,
1962,1962,,,0.9872691035270691,0.027809804305434227,0.9723418951034546,0.08969375491142273,0.9459416270256042,0.028702570125460625,0.051754724234342575,0.04801037907600403
1962,1962,0.013372362591326237,,,,,,,,,
1963,1963,,,0.9968180060386658,0.034869104623794556,0.9673484563827515,0.08623811602592468,0.9407584071159363,0.03480725362896919,0.051340699195861816,0.04801037907600403
1963,1963,0.013065878301858902,,,,,,,,,
1964,1964,,,0.9820659756660461,0.020327219739556313,1.0132938623428345,0.09078069031238556,0.9261364340782166,0.030319076031446457,0.05257170647382736,0.04801037907600403
1964,1964,0.013136523775756359,,,,,,,,,
1965,1965,,,0.9924129247665405,0.03058447875082493,0.9664247035980225,0.08808358758687973,0.941420316696167,0.02973295748233795,0.0512671135365963,0.04801037907600403
1965,1965,0.013262190856039524,,,,,,,,,
1966,1966,,,0.9916736483573914,0.03135823458433151,0.9799287915229797,0.08643000572919846,0.9468284249305725,0.034720003604888916,0.05212925374507904,0.04801037907600403
1966,1966,0.01308128610253334,,,,,,,,,
1967,1967,,,0.9817211031913757,0.019938286393880844,1.0039989948272705,0.09242691844701767,0.9340661764144897,0.028951751068234444,0.05261394381523132,0.04801037907600403
1967,1967,0.01304148230701685,,,,,,,,,
1968,1968,,,0.9950575232505798,0.033613696694374084,0.9660084247589111,0.08649194240570068,0.9397882223129272,0.03292716667056084,0.05118538811802864,0.04801037907600403
1968,1968,0.013185844756662846,,,,,,,,,
1969,1969,,,0.9881733059883118,0.027506805956363678,0.986893355846405,0.08779000490903854,0.9472233653068542,0.03150586038827896,0.05240456759929657,0.04801037907600403
1969,1969,0.013096414506435394,,,,,,,,,
1970,1970,,,0.9826915264129639,0.021618520841002464,0.9977273941040039,0.09127917140722275,0.940349280834198,0.028914863243699074,0.05260062962770462,0.04801037907600403
1970,1970,0.012965913861989975,,,,,,,,,
1971,1971,,,0.9952824711799622,0.0339323990046978,0.9673610329627991,0.0862453430891037,0.9405038952827454,0.03455605357885361,0.051305823028087616,0.04801037907600403
1971,1971,0.013070212677121162,,,,,,,,,
1972,1972,,,0.985852062702179,0.02344563975930214,0.9903527498245239,0.09020674973726273,0.9458567500114441,0.029392460361123085,0.05254059284925461,0.04801037907600403
1972,1972,0.013111702166497707,,,,,,,,,
1973,1973,,,0.9846310615539551,0.024197841063141823,0.9936029314994812,0.08904048055410385,0.9441065192222595,0.03042389079928398,0.05254144221544266,0.04801037907600403
1973,1973,0.012983019463717937,,,,,,,,,
1974,1974,,,0.9942817091941833,0.032097816467285156,0.9689591526985168,0.08684322983026505,0.9420053362846375,0.03272726759314537,0.05142326280474663,0.04801037907600403
1974,1974,0.01297436747699976,,,,,,,,,
1975,1975,,,0.9853458404541016,0.022182399407029152,0.9938322305679321,0.09110825508832932,0.9436450600624084,0.029243765398859978,0.05261934548616409,0.04801037907600403
1975,1975,0.013048483990132809,,,,,,,,,
1976,1976,,,0.9865962266921997,0.026809271425008774,0.9881724715232849,0.08794696629047394,0.9469603896141052,0.03211475908756256,0.05245163291692734,0.04801037907600403
1976,1976,0.013002370484173298,,,,,,,,,
1977,1977,,,0.9918316006660461,0.029613088816404343,0.9704723954200745,0.08810541778802872,0.9439861178398132,0.03034115396440029,0.05157238245010376,0.04801037907600403
1977,1977,0.012953132390975952,,,,,,,,,
1978,1978,,,0.9854328632354736,0.022710045799613,0.9970445036888123,0.09010925889015198,0.9417654275894165,0.030095819383859634,0.052629172801971436,0.04801037907600403
1978,1978,0.012993738055229187,,,,,,,,,
1979,1979,,,0.9884229302406311,0.027753500267863274,0.981782853603363,0.0880613625049591,0.9479525089263916,0.03177787363529205,0.05224499851465225,0.04801037907600403
1979,1979,0.012986510060727596,,,,,,,,,
1980,1980,,,0.9898649454116821,0.02749812789261341,0.974564254283905,0.08900817483663559,0.9463777542114258,0.029677702113986015,0.05187724530696869,0.04801037907600403
1980,1980,0.012936171144247055,,,,,,,,,
1981,1981,,,0.9855825901031494,0.023534180596470833,0.9978790879249573,0.0891580656170845,0.9414882659912109,0.031086016446352005,0.05262386426329613,0.04801037907600403
1981,1981,0.012954529374837875,,,,,,,,,
1982,1982,,,0.989319384098053,0.027750438079237938,0.9764724373817444,0.08871957659721375,0.947039008140564,0.03048243559896946,0.051988184452056885,0.04801037907600403
1982,1982,0.012975799851119518,,,,,,,,,
1983,1983,,,0.988672137260437,0.026764197275042534,0.9811586141586304,0.0889241173863411,0.9480839371681213,0.03046860732138157,0.05224326252937317,0.04801037907600403
1983,1983,0.012933623977005482,,,,,,,,,
1984,1984,,,0.9859622120857239,0.024116648361086845,0.9954037070274353,0.08912711590528488,0.943479597568512,0.030917804688215256,0.052615415304899216,0.04801037907600403
1984,1984,0.01291597355157137,,,,,,,,,
1985,1985,,,0.9896367192268372,0.027843670919537544,0.9744263887405396,0.08888093382120132,0.9463796615600586,0.02994321659207344,0.05186867713928223,0.04801037907600403
1985,1985,0.012944234535098076,,,,,,,,,
1986,1986,,,0.9876326322555542,0.026088323444128036,0.9868541359901428,0.08863958716392517,0.9476853609085083,0.03131197392940521,0.0524589978158474,0.04801037907600403
1986,1986,0.012936954386532307,,,,,,,,,
1987,1987,,,0.986375093460083,0.02418334409594536,0.9902997016906738,0.08964923024177551,0.9464787244796753,0.030071768909692764,0.05255945771932602,0.04801037907600403
1987,1987,0.01290691364556551,,,,,,,,,
1988,1988,,,0.9898841977119446,0.028332265093922615,0.975770890712738,0.08832374960184097,0.9467254877090454,0.03050670586526394,0.0519285649061203,0.04801037907600403
1988,1988,0.012911740690469742,,,,,,,,,
1989,1989,,,0.9870081543922424,0.025259509682655334,0.9899097681045532,0.08881913125514984,0.9467709064483643,0.030983230099081993,0.052539750933647156,0.04801037907600403
1989,1989,0.012919651344418526,,,,,,,,,
1990,1990,,,0.9870520234107971,0.024770626798272133,0.9856804609298706,0.08971009403467178,0.9480351209640503,0.029779385775327682,0.05244354158639908,0.04801037907600403
1990,1990,0.012901458889245987,,,,,,,,,
1991,1991,,,0.9896202087402344,0.028354890644550323,0.9784435629844666,0.08792272955179214,0.9475483298301697,0.03133421391248703,0.05207761377096176,0.04801037907600403
1991,1991,0.012894361279904842,,,,,,,,,
1992,1992,,,0.9866429567337036,0.0242836344987154,0.9903926253318787,0.08940844237804413,0.9466275572776794,0.030048450455069542,0.05256020277738571,0.04801037907600403
1992,1992,0.012902537360787392,,,,,,,,,
1993,1993,,,0.9880909323692322,0.02602970600128174,0.9833533763885498,0.08893296867609024,0.94833904504776,0.030279245227575302,0.05233967676758766,0.04801037907600403
1993,1993,0.012893350794911385,,,,,,,,,
1994,1994,,,0.9890512228012085,0.027527032420039177,0.9809741377830505,0.08814062178134918,0.9481491446495056,0.031214898452162743,0.05221780017018318,0.04801037907600403
1994,1994,0.012878768146038055,,,,,,,,,
1995,1995,,,0.986611545085907,0.023981783539056778,0.989766001701355,0.0896896943449974,0.9469363689422607,0.029701372608542442,0.05255588889122009,0.04801037907600403
1995,1995,0.012882595881819725,,,,,,,,,
1996,1996,,,0.988862156867981,0.02724635973572731,0.9820839166641235,0.08816778659820557,0.9482935667037964,0.03100038692355156,0.052267082035541534,0.04801037907600403
1996,1996,0.012885041534900665,,,,,,,,,
1997,1997,,,0.988385796546936,0.026304863393306732,0.9829425811767578,0.08873482793569565,0.9484040141105652,0.030397871509194374,0.052320536226034164,0.04801037907600403
1997,1997,0.01287235226482153,,,,,,,,,
1998,1998,,,0.9871522188186646,0.02452986128628254,0.9890998005867004,0.08926509320735931,0.9472977519035339,0.030117874965071678,0.05253707617521286,0.04801037907600403
1998,1998,0.012865060940384865,,,,,,,,,
1999,1999,,0.012868131510913372,,,,,,,,
1999,1999,,,0.989186704158783,0.02740636095404625,0.9808974266052246,0.08804725110530853,0.9482256770133972,0.03098883293569088,0.05220963433384895,0.04801037907600403
1999,1999,0.012868131510913372,,,,,,,,,
2000,2000,,,0.989186704158783,0.02740636095404625,0.9808974266052246,0.08804725110530853,0.9482256770133972,0.03098883293569088,0.05220963433384895,0.04801037907600403
